Year,country_name,cn,Regime,Regime Type,Phi0,Phi1,current_phi,Country,adv,emg,lid,g7,g20,adv_g20,emg_g20,ea,emg_mi_asia,emg_mi_europe,emg_mi_lam,emg_mi_n_africa,emg_mi_africa,lidc_asis,lidc_lam,lidc_sub_africa,lidc,lidc_oil,oil
2015,albania,914,0,Unit root,-0.597529046,-0.503453094,-0.597529046,Albania,0,0,1,0,0,1,0,0,0,0,0,0,0,0,0,0,0,0,0
2016,albania,914,1,Unit root,-0.597529046,-0.503453094,-0.503453094,Albania,0,0,1,0,0,1,0,0,0,0,0,0,0,0,0,0,0,0,0
2017,albania,914,0,Unit root,-0.597529046,-0.503453094,-0.597529046,Albania,0,0,1,0,0,1,0,0,0,0,0,0,0,0,0,0,0,0,0
2018,albania,914,1,Unit root,-0.597529046,-0.503453094,-0.503453094,Albania,0,0,1,0,0,1,0,0,0,0,0,0,0,0,0,0,0,0,0
2019,albania,914,0,Unit root,-0.597529046,-0.503453094,-0.597529046,Albania,0,0,1,0,0,1,0,0,0,0,0,0,0,0,0,0,0,0,0
2020,albania,914,1,Unit root,-0.597529046,-0.503453094,-0.503453094,Albania,0,0,1,0,0,1,0,0,0,0,0,0,0,0,0,0,0,0,0
2021,albania,914,0,Unit root,-0.597529046,-0.503453094,-0.597529046,Albania,0,0,1,0,0,1,0,0,0,0,0,0,0,0,0,0,0,0,0
2022,albania,914,1,Unit root,-0.597529046,-0.503453094,-0.503453094,Albania,0,0,1,0,0,1,0,0,0,0,0,0,0,0,0,0,0,0,0
2023,albania,914,0,Unit root,-0.597529046,-0.503453094,-0.597529046,Albania,0,0,1,0,0,1,0,0,0,0,0,0,0,0,0,0,0,0,0
2024,albania,914,0,Unit root,-0.597529046,-0.503453094,-0.597529046,Albania,0,0,1,0,0,1,0,0,0,0,0,0,0,0,0,0,0,0,0
1985,argentina,213,1,Unit root,-0.387064184,-0.06880437,-0.06880437,Argentina,0,0,1,0,0,0,1,0,1,0,1,0,0,0,0,0,0,0,0
1986,argentina,213,1,Unit root,-0.387064184,-0.06880437,-0.06880437,Argentina,0,0,1,0,0,0,1,0,1,0,1,0,0,0,0,0,0,0,0
1987,argentina,213,1,Unit root,-0.387064184,-0.06880437,-0.06880437,Argentina,0,0,1,0,0,0,1,0,1,0,1,0,0,0,0,0,0,0,0
1988,argentina,213,1,Unit root,-0.387064184,-0.06880437,-0.06880437,Argentina,0,0,1,0,0,0,1,0,1,0,1,0,0,0,0,0,0,0,0
1989,argentina,213,1,Unit root,-0.387064184,-0.06880437,-0.06880437,Argentina,0,0,1,0,0,0,1,0,1,0,1,0,0,0,0,0,0,0,0
1990,argentina,213,1,Unit root,-0.387064184,-0.06880437,-0.06880437,Argentina,0,0,1,0,0,0,1,0,1,0,1,0,0,0,0,0,0,0,0
1991,argentina,213,0,Stationary,-0.387064184,-0.06880437,-0.387064184,Argentina,0,0,1,0,0,0,1,0,1,0,1,0,0,0,0,0,0,0,0
1992,argentina,213,0,Stationary,-0.387064184,-0.06880437,-0.387064184,Argentina,0,0,1,0,0,0,1,0,1,0,1,0,0,0,0,0,0,0,0
1993,argentina,213,0,Stationary,-0.387064184,-0.06880437,-0.387064184,Argentina,0,0,1,0,0,0,1,0,1,0,1,0,0,0,0,0,0,0,0
1994,argentina,213,0,Stationary,-0.387064184,-0.06880437,-0.387064184,Argentina,0,0,1,0,0,0,1,0,1,0,1,0,0,0,0,0,0,0,0
1995,argentina,213,0,Stationary,-0.387064184,-0.06880437,-0.387064184,Argentina,0,0,1,0,0,0,1,0,1,0,1,0,0,0,0,0,0,0,0
1996,argentina,213,0,Stationary,-0.387064184,-0.06880437,-0.387064184,Argentina,0,0,1,0,0,0,1,0,1,0,1,0,0,0,0,0,0,0,0
1997,argentina,213,0,Stationary,-0.387064184,-0.06880437,-0.387064184,Argentina,0,0,1,0,0,0,1,0,1,0,1,0,0,0,0,0,0,0,0
1998,argentina,213,0,Stationary,-0.387064184,-0.06880437,-0.387064184,Argentina,0,0,1,0,0,0,1,0,1,0,1,0,0,0,0,0,0,0,0
1999,argentina,213,0,Stationary,-0.387064184,-0.06880437,-0.387064184,Argentina,0,0,1,0,0,0,1,0,1,0,1,0,0,0,0,0,0,0,0
2000,argentina,213,0,Stationary,-0.387064184,-0.06880437,-0.387064184,Argentina,0,0,1,0,0,0,1,0,1,0,1,0,0,0,0,0,0,0,0
2001,argentina,213,0,Stationary,-0.387064184,-0.06880437,-0.387064184,Argentina,0,0,1,0,0,0,1,0,1,0,1,0,0,0,0,0,0,0,0
2002,argentina,213,1,Unit root,-0.387064184,-0.06880437,-0.06880437,Argentina,0,0,1,0,0,0,1,0,1,0,1,0,0,0,0,0,0,0,0
2003,argentina,213,1,Unit root,-0.387064184,-0.06880437,-0.06880437,Argentina,0,0,1,0,0,0,1,0,1,0,1,0,0,0,0,0,0,0,0
2004,argentina,213,0,Stationary,-0.387064184,-0.06880437,-0.387064184,Argentina,0,0,1,0,0,0,1,0,1,0,1,0,0,0,0,0,0,0,0
2005,argentina,213,0,Stationary,-0.387064184,-0.06880437,-0.387064184,Argentina,0,0,1,0,0,0,1,0,1,0,1,0,0,0,0,0,0,0,0
2006,argentina,213,0,Stationary,-0.387064184,-0.06880437,-0.387064184,Argentina,0,0,1,0,0,0,1,0,1,0,1,0,0,0,0,0,0,0,0
2007,argentina,213,1,Unit root,-0.387064184,-0.06880437,-0.06880437,Argentina,0,0,1,0,0,0,1,0,1,0,1,0,0,0,0,0,0,0,0
2008,argentina,213,1,Unit root,-0.387064184,-0.06880437,-0.06880437,Argentina,0,0,1,0,0,0,1,0,1,0,1,0,0,0,0,0,0,0,0
2009,argentina,213,1,Unit root,-0.387064184,-0.06880437,-0.06880437,Argentina,0,0,1,0,0,0,1,0,1,0,1,0,0,0,0,0,0,0,0
2010,argentina,213,1,Unit root,-0.387064184,-0.06880437,-0.06880437,Argentina,0,0,1,0,0,0,1,0,1,0,1,0,0,0,0,0,0,0,0
2011,argentina,213,1,Unit root,-0.387064184,-0.06880437,-0.06880437,Argentina,0,0,1,0,0,0,1,0,1,0,1,0,0,0,0,0,0,0,0
2012,argentina,213,1,Unit root,-0.387064184,-0.06880437,-0.06880437,Argentina,0,0,1,0,0,0,1,0,1,0,1,0,0,0,0,0,0,0,0
2013,argentina,213,0,Stationary,-0.387064184,-0.06880437,-0.387064184,Argentina,0,0,1,0,0,0,1,0,1,0,1,0,0,0,0,0,0,0,0
2014,argentina,213,0,Stationary,-0.387064184,-0.06880437,-0.387064184,Argentina,0,0,1,0,0,0,1,0,1,0,1,0,0,0,0,0,0,0,0
2015,argentina,213,0,Stationary,-0.387064184,-0.06880437,-0.387064184,Argentina,0,0,1,0,0,0,1,0,1,0,1,0,0,0,0,0,0,0,0
2016,argentina,213,0,Stationary,-0.387064184,-0.06880437,-0.387064184,Argentina,0,0,1,0,0,0,1,0,1,0,1,0,0,0,0,0,0,0,0
2017,argentina,213,1,Unit root,-0.387064184,-0.06880437,-0.06880437,Argentina,0,0,1,0,0,0,1,0,1,0,1,0,0,0,0,0,0,0,0
2018,argentina,213,1,Unit root,-0.387064184,-0.06880437,-0.06880437,Argentina,0,0,1,0,0,0,1,0,1,0,1,0,0,0,0,0,0,0,0
2019,argentina,213,1,Unit root,-0.387064184,-0.06880437,-0.06880437,Argentina,0,0,1,0,0,0,1,0,1,0,1,0,0,0,0,0,0,0,0
2020,argentina,213,1,Unit root,-0.387064184,-0.06880437,-0.06880437,Argentina,0,0,1,0,0,0,1,0,1,0,1,0,0,0,0,0,0,0,0
2021,argentina,213,1,Unit root,-0.387064184,-0.06880437,-0.06880437,Argentina,0,0,1,0,0,0,1,0,1,0,1,0,0,0,0,0,0,0,0
2022,argentina,213,1,Unit root,-0.387064184,-0.06880437,-0.06880437,Argentina,0,0,1,0,0,0,1,0,1,0,1,0,0,0,0,0,0,0,0
2023,argentina,213,1,Unit root,-0.387064184,-0.06880437,-0.06880437,Argentina,0,0,1,0,0,0,1,0,1,0,1,0,0,0,0,0,0,0,0
2024,argentina,213,0,Stationary,-0.387064184,-0.06880437,-0.387064184,Argentina,0,0,1,0,0,0,1,0,1,0,1,0,0,0,0,0,0,0,0
1994,armenia,911,1,Explosive,-0.234206246,0.032718292,0.032718292,Armenia,0,0,1,0,0,0,0,0,0,0,0,0,0,0,0,0,0,0,0
1995,armenia,911,0,Stationary,-0.234206246,0.032718292,-0.234206246,Armenia,0,0,1,0,0,0,0,0,0,0,0,0,0,0,0,0,0,0,0
1996,armenia,911,1,Explosive,-0.234206246,0.032718292,0.032718292,Armenia,0,0,1,0,0,0,0,0,0,0,0,0,0,0,0,0,0,0,0
1997,armenia,911,1,Explosive,-0.234206246,0.032718292,0.032718292,Armenia,0,0,1,0,0,0,0,0,0,0,0,0,0,0,0,0,0,0,0
1998,armenia,911,0,Stationary,-0.234206246,0.032718292,-0.234206246,Armenia,0,0,1,0,0,0,0,0,0,0,0,0,0,0,0,0,0,0,0
1999,armenia,911,1,Explosive,-0.234206246,0.032718292,0.032718292,Armenia,0,0,1,0,0,0,0,0,0,0,0,0,0,0,0,0,0,0,0
2000,armenia,911,1,Explosive,-0.234206246,0.032718292,0.032718292,Armenia,0,0,1,0,0,0,0,0,0,0,0,0,0,0,0,0,0,0,0
2001,armenia,911,1,Explosive,-0.234206246,0.032718292,0.032718292,Armenia,0,0,1,0,0,0,0,0,0,0,0,0,0,0,0,0,0,0,0
2002,armenia,911,1,Explosive,-0.234206246,0.032718292,0.032718292,Armenia,0,0,1,0,0,0,0,0,0,0,0,0,0,0,0,0,0,0,0
2003,armenia,911,1,Explosive,-0.234206246,0.032718292,0.032718292,Armenia,0,0,1,0,0,0,0,0,0,0,0,0,0,0,0,0,0,0,0
2004,armenia,911,1,Explosive,-0.234206246,0.032718292,0.032718292,Armenia,0,0,1,0,0,0,0,0,0,0,0,0,0,0,0,0,0,0,0
2005,armenia,911,0,Stationary,-0.234206246,0.032718292,-0.234206246,Armenia,0,0,1,0,0,0,0,0,0,0,0,0,0,0,0,0,0,0,0
2006,armenia,911,0,Stationary,-0.234206246,0.032718292,-0.234206246,Armenia,0,0,1,0,0,0,0,0,0,0,0,0,0,0,0,0,0,0,0
2007,armenia,911,1,Explosive,-0.234206246,0.032718292,0.032718292,Armenia,0,0,1,0,0,0,0,0,0,0,0,0,0,0,0,0,0,0,0
2008,armenia,911,0,Stationary,-0.234206246,0.032718292,-0.234206246,Armenia,0,0,1,0,0,0,0,0,0,0,0,0,0,0,0,0,0,0,0
2009,armenia,911,1,Explosive,-0.234206246,0.032718292,0.032718292,Armenia,0,0,1,0,0,0,0,0,0,0,0,0,0,0,0,0,0,0,0
2010,armenia,911,1,Explosive,-0.234206246,0.032718292,0.032718292,Armenia,0,0,1,0,0,0,0,0,0,0,0,0,0,0,0,0,0,0,0
2011,armenia,911,0,Stationary,-0.234206246,0.032718292,-0.234206246,Armenia,0,0,1,0,0,0,0,0,0,0,0,0,0,0,0,0,0,0,0
2012,armenia,911,0,Stationary,-0.234206246,0.032718292,-0.234206246,Armenia,0,0,1,0,0,0,0,0,0,0,0,0,0,0,0,0,0,0,0
2013,armenia,911,1,Explosive,-0.234206246,0.032718292,0.032718292,Armenia,0,0,1,0,0,0,0,0,0,0,0,0,0,0,0,0,0,0,0
2014,armenia,911,0,Stationary,-0.234206246,0.032718292,-0.234206246,Armenia,0,0,1,0,0,0,0,0,0,0,0,0,0,0,0,0,0,0,0
2015,armenia,911,0,Stationary,-0.234206246,0.032718292,-0.234206246,Armenia,0,0,1,0,0,0,0,0,0,0,0,0,0,0,0,0,0,0,0
2016,armenia,911,0,Stationary,-0.234206246,0.032718292,-0.234206246,Armenia,0,0,1,0,0,0,0,0,0,0,0,0,0,0,0,0,0,0,0
2017,armenia,911,0,Stationary,-0.234206246,0.032718292,-0.234206246,Armenia,0,0,1,0,0,0,0,0,0,0,0,0,0,0,0,0,0,0,0
2018,armenia,911,0,Stationary,-0.234206246,0.032718292,-0.234206246,Armenia,0,0,1,0,0,0,0,0,0,0,0,0,0,0,0,0,0,0,0
2019,armenia,911,0,Stationary,-0.234206246,0.032718292,-0.234206246,Armenia,0,0,1,0,0,0,0,0,0,0,0,0,0,0,0,0,0,0,0
2020,armenia,911,0,Stationary,-0.234206246,0.032718292,-0.234206246,Armenia,0,0,1,0,0,0,0,0,0,0,0,0,0,0,0,0,0,0,0
1960,australia,193,1,Stationary,-0.322707032,-0.205916781,-0.205916781,Australia,1,1,0,0,0,0,0,0,0,0,1,0,0,0,0,0,0,0,0
1961,australia,193,1,Stationary,-0.322707032,-0.205916781,-0.205916781,Australia,1,1,0,0,0,0,0,0,0,0,1,0,0,0,0,0,0,0,0
1962,australia,193,0,Stationary,-0.322707032,-0.205916781,-0.322707032,Australia,1,1,0,0,0,0,0,0,0,0,1,0,0,0,0,0,0,0,0
1963,australia,193,0,Stationary,-0.322707032,-0.205916781,-0.322707032,Australia,1,1,0,0,0,0,0,0,0,0,1,0,0,0,0,0,0,0,0
1964,australia,193,0,Stationary,-0.322707032,-0.205916781,-0.322707032,Australia,1,1,0,0,0,0,0,0,0,0,1,0,0,0,0,0,0,0,0
1965,australia,193,0,Stationary,-0.322707032,-0.205916781,-0.322707032,Australia,1,1,0,0,0,0,0,0,0,0,1,0,0,0,0,0,0,0,0
1966,australia,193,0,Stationary,-0.322707032,-0.205916781,-0.322707032,Australia,1,1,0,0,0,0,0,0,0,0,1,0,0,0,0,0,0,0,0
1967,australia,193,1,Stationary,-0.322707032,-0.205916781,-0.205916781,Australia,1,1,0,0,0,0,0,0,0,0,1,0,0,0,0,0,0,0,0
1968,australia,193,0,Stationary,-0.322707032,-0.205916781,-0.322707032,Australia,1,1,0,0,0,0,0,0,0,0,1,0,0,0,0,0,0,0,0
1969,australia,193,0,Stationary,-0.322707032,-0.205916781,-0.322707032,Australia,1,1,0,0,0,0,0,0,0,0,1,0,0,0,0,0,0,0,0
1970,australia,193,0,Stationary,-0.322707032,-0.205916781,-0.322707032,Australia,1,1,0,0,0,0,0,0,0,0,1,0,0,0,0,0,0,0,0
1971,australia,193,0,Stationary,-0.322707032,-0.205916781,-0.322707032,Australia,1,1,0,0,0,0,0,0,0,0,1,0,0,0,0,0,0,0,0
1972,australia,193,0,Stationary,-0.322707032,-0.205916781,-0.322707032,Australia,1,1,0,0,0,0,0,0,0,0,1,0,0,0,0,0,0,0,0
1973,australia,193,0,Stationary,-0.322707032,-0.205916781,-0.322707032,Australia,1,1,0,0,0,0,0,0,0,0,1,0,0,0,0,0,0,0,0
1974,australia,193,1,Stationary,-0.322707032,-0.205916781,-0.205916781,Australia,1,1,0,0,0,0,0,0,0,0,1,0,0,0,0,0,0,0,0
1975,australia,193,0,Stationary,-0.322707032,-0.205916781,-0.322707032,Australia,1,1,0,0,0,0,0,0,0,0,1,0,0,0,0,0,0,0,0
1976,australia,193,0,Stationary,-0.322707032,-0.205916781,-0.322707032,Australia,1,1,0,0,0,0,0,0,0,0,1,0,0,0,0,0,0,0,0
1977,australia,193,0,Stationary,-0.322707032,-0.205916781,-0.322707032,Australia,1,1,0,0,0,0,0,0,0,0,1,0,0,0,0,0,0,0,0
1978,australia,193,1,Stationary,-0.322707032,-0.205916781,-0.205916781,Australia,1,1,0,0,0,0,0,0,0,0,1,0,0,0,0,0,0,0,0
1979,australia,193,0,Stationary,-0.322707032,-0.205916781,-0.322707032,Australia,1,1,0,0,0,0,0,0,0,0,1,0,0,0,0,0,0,0,0
1980,australia,193,0,Stationary,-0.322707032,-0.205916781,-0.322707032,Australia,1,1,0,0,0,0,0,0,0,0,1,0,0,0,0,0,0,0,0
1981,australia,193,0,Stationary,-0.322707032,-0.205916781,-0.322707032,Australia,1,1,0,0,0,0,0,0,0,0,1,0,0,0,0,0,0,0,0
1982,australia,193,0,Stationary,-0.322707032,-0.205916781,-0.322707032,Australia,1,1,0,0,0,0,0,0,0,0,1,0,0,0,0,0,0,0,0
1983,australia,193,0,Stationary,-0.322707032,-0.205916781,-0.322707032,Australia,1,1,0,0,0,0,0,0,0,0,1,0,0,0,0,0,0,0,0
1984,australia,193,0,Stationary,-0.322707032,-0.205916781,-0.322707032,Australia,1,1,0,0,0,0,0,0,0,0,1,0,0,0,0,0,0,0,0
1985,australia,193,0,Stationary,-0.322707032,-0.205916781,-0.322707032,Australia,1,1,0,0,0,0,0,0,0,0,1,0,0,0,0,0,0,0,0
1986,australia,193,0,Stationary,-0.322707032,-0.205916781,-0.322707032,Australia,1,1,0,0,0,0,0,0,0,0,1,0,0,0,0,0,0,0,0
1987,australia,193,0,Stationary,-0.322707032,-0.205916781,-0.322707032,Australia,1,1,0,0,0,0,0,0,0,0,1,0,0,0,0,0,0,0,0
1988,australia,193,0,Stationary,-0.322707032,-0.205916781,-0.322707032,Australia,1,1,0,0,0,0,0,0,0,0,1,0,0,0,0,0,0,0,0
1989,australia,193,0,Stationary,-0.322707032,-0.205916781,-0.322707032,Australia,1,1,0,0,0,0,0,0,0,0,1,0,0,0,0,0,0,0,0
1990,australia,193,0,Stationary,-0.322707032,-0.205916781,-0.322707032,Australia,1,1,0,0,0,0,0,0,0,0,1,0,0,0,0,0,0,0,0
1991,australia,193,0,Stationary,-0.322707032,-0.205916781,-0.322707032,Australia,1,1,0,0,0,0,0,0,0,0,1,0,0,0,0,0,0,0,0
1992,australia,193,0,Stationary,-0.322707032,-0.205916781,-0.322707032,Australia,1,1,0,0,0,0,0,0,0,0,1,0,0,0,0,0,0,0,0
1993,australia,193,0,Stationary,-0.322707032,-0.205916781,-0.322707032,Australia,1,1,0,0,0,0,0,0,0,0,1,0,0,0,0,0,0,0,0
1994,australia,193,0,Stationary,-0.322707032,-0.205916781,-0.322707032,Australia,1,1,0,0,0,0,0,0,0,0,1,0,0,0,0,0,0,0,0
1995,australia,193,0,Stationary,-0.322707032,-0.205916781,-0.322707032,Australia,1,1,0,0,0,0,0,0,0,0,1,0,0,0,0,0,0,0,0
1996,australia,193,0,Stationary,-0.322707032,-0.205916781,-0.322707032,Australia,1,1,0,0,0,0,0,0,0,0,1,0,0,0,0,0,0,0,0
1997,australia,193,0,Stationary,-0.322707032,-0.205916781,-0.322707032,Australia,1,1,0,0,0,0,0,0,0,0,1,0,0,0,0,0,0,0,0
1998,australia,193,0,Stationary,-0.322707032,-0.205916781,-0.322707032,Australia,1,1,0,0,0,0,0,0,0,0,1,0,0,0,0,0,0,0,0
1999,australia,193,0,Stationary,-0.322707032,-0.205916781,-0.322707032,Australia,1,1,0,0,0,0,0,0,0,0,1,0,0,0,0,0,0,0,0
2000,australia,193,0,Stationary,-0.322707032,-0.205916781,-0.322707032,Australia,1,1,0,0,0,0,0,0,0,0,1,0,0,0,0,0,0,0,0
2001,australia,193,0,Stationary,-0.322707032,-0.205916781,-0.322707032,Australia,1,1,0,0,0,0,0,0,0,0,1,0,0,0,0,0,0,0,0
2002,australia,193,0,Stationary,-0.322707032,-0.205916781,-0.322707032,Australia,1,1,0,0,0,0,0,0,0,0,1,0,0,0,0,0,0,0,0
2003,australia,193,0,Stationary,-0.322707032,-0.205916781,-0.322707032,Australia,1,1,0,0,0,0,0,0,0,0,1,0,0,0,0,0,0,0,0
2004,australia,193,0,Stationary,-0.322707032,-0.205916781,-0.322707032,Australia,1,1,0,0,0,0,0,0,0,0,1,0,0,0,0,0,0,0,0
2005,australia,193,0,Stationary,-0.322707032,-0.205916781,-0.322707032,Australia,1,1,0,0,0,0,0,0,0,0,1,0,0,0,0,0,0,0,0
2006,australia,193,0,Stationary,-0.322707032,-0.205916781,-0.322707032,Australia,1,1,0,0,0,0,0,0,0,0,1,0,0,0,0,0,0,0,0
2007,australia,193,0,Stationary,-0.322707032,-0.205916781,-0.322707032,Australia,1,1,0,0,0,0,0,0,0,0,1,0,0,0,0,0,0,0,0
2008,australia,193,1,Stationary,-0.322707032,-0.205916781,-0.205916781,Australia,1,1,0,0,0,0,0,0,0,0,1,0,0,0,0,0,0,0,0
2009,australia,193,1,Stationary,-0.322707032,-0.205916781,-0.205916781,Australia,1,1,0,0,0,0,0,0,0,0,1,0,0,0,0,0,0,0,0
2010,australia,193,0,Stationary,-0.322707032,-0.205916781,-0.322707032,Australia,1,1,0,0,0,0,0,0,0,0,1,0,0,0,0,0,0,0,0
2011,australia,193,0,Stationary,-0.322707032,-0.205916781,-0.322707032,Australia,1,1,0,0,0,0,0,0,0,0,1,0,0,0,0,0,0,0,0
2012,australia,193,0,Stationary,-0.322707032,-0.205916781,-0.322707032,Australia,1,1,0,0,0,0,0,0,0,0,1,0,0,0,0,0,0,0,0
2013,australia,193,0,Stationary,-0.322707032,-0.205916781,-0.322707032,Australia,1,1,0,0,0,0,0,0,0,0,1,0,0,0,0,0,0,0,0
2014,australia,193,0,Stationary,-0.322707032,-0.205916781,-0.322707032,Australia,1,1,0,0,0,0,0,0,0,0,1,0,0,0,0,0,0,0,0
2015,australia,193,0,Stationary,-0.322707032,-0.205916781,-0.322707032,Australia,1,1,0,0,0,0,0,0,0,0,1,0,0,0,0,0,0,0,0
2016,australia,193,0,Stationary,-0.322707032,-0.205916781,-0.322707032,Australia,1,1,0,0,0,0,0,0,0,0,1,0,0,0,0,0,0,0,0
2017,australia,193,0,Stationary,-0.322707032,-0.205916781,-0.322707032,Australia,1,1,0,0,0,0,0,0,0,0,1,0,0,0,0,0,0,0,0
2018,australia,193,0,Stationary,-0.322707032,-0.205916781,-0.322707032,Australia,1,1,0,0,0,0,0,0,0,0,1,0,0,0,0,0,0,0,0
2019,australia,193,0,Stationary,-0.322707032,-0.205916781,-0.322707032,Australia,1,1,0,0,0,0,0,0,0,0,1,0,0,0,0,0,0,0,0
2020,australia,193,1,Stationary,-0.322707032,-0.205916781,-0.205916781,Australia,1,1,0,0,0,0,0,0,0,0,1,0,0,0,0,0,0,0,0
2021,australia,193,0,Stationary,-0.322707032,-0.205916781,-0.322707032,Australia,1,1,0,0,0,0,0,0,0,0,1,0,0,0,0,0,0,0,0
2022,australia,193,0,Stationary,-0.322707032,-0.205916781,-0.322707032,Australia,1,1,0,0,0,0,0,0,0,0,1,0,0,0,0,0,0,0,0
2023,australia,193,0,Stationary,-0.322707032,-0.205916781,-0.322707032,Australia,1,1,0,0,0,0,0,0,0,0,1,0,0,0,0,0,0,0,0
2024,australia,193,0,Stationary,-0.322707032,-0.205916781,-0.322707032,Australia,1,1,0,0,0,0,0,0,0,0,1,0,0,0,0,0,0,0,0
1970,austria,122,0,Unit root,-0.011138482,-0.141345736,-0.011138482,Austria,1,0,0,0,0,0,0,0,0,1,0,0,0,0,0,0,0,0,0
1971,austria,122,0,Unit root,-0.011138482,-0.141345736,-0.011138482,Austria,1,0,0,0,0,0,0,0,0,1,0,0,0,0,0,0,0,0,0
1972,austria,122,0,Unit root,-0.011138482,-0.141345736,-0.011138482,Austria,1,0,0,0,0,0,0,0,0,1,0,0,0,0,0,0,0,0,0
1973,austria,122,0,Unit root,-0.011138482,-0.141345736,-0.011138482,Austria,1,0,0,0,0,0,0,0,0,1,0,0,0,0,0,0,0,0,0
1974,austria,122,0,Unit root,-0.011138482,-0.141345736,-0.011138482,Austria,1,0,0,0,0,0,0,0,0,1,0,0,0,0,0,0,0,0,0
1975,austria,122,1,Unit root,-0.011138482,-0.141345736,-0.141345736,Austria,1,0,0,0,0,0,0,0,0,1,0,0,0,0,0,0,0,0,0
1976,austria,122,1,Unit root,-0.011138482,-0.141345736,-0.141345736,Austria,1,0,0,0,0,0,0,0,0,1,0,0,0,0,0,0,0,0,0
1977,austria,122,1,Unit root,-0.011138482,-0.141345736,-0.141345736,Austria,1,0,0,0,0,0,0,0,0,1,0,0,0,0,0,0,0,0,0
1978,austria,122,1,Unit root,-0.011138482,-0.141345736,-0.141345736,Austria,1,0,0,0,0,0,0,0,0,1,0,0,0,0,0,0,0,0,0
1979,austria,122,1,Unit root,-0.011138482,-0.141345736,-0.141345736,Austria,1,0,0,0,0,0,0,0,0,1,0,0,0,0,0,0,0,0,0
1980,austria,122,1,Unit root,-0.011138482,-0.141345736,-0.141345736,Austria,1,0,0,0,0,0,0,0,0,1,0,0,0,0,0,0,0,0,0
1981,austria,122,1,Unit root,-0.011138482,-0.141345736,-0.141345736,Austria,1,0,0,0,0,0,0,0,0,1,0,0,0,0,0,0,0,0,0
1982,austria,122,1,Unit root,-0.011138482,-0.141345736,-0.141345736,Austria,1,0,0,0,0,0,0,0,0,1,0,0,0,0,0,0,0,0,0
1983,austria,122,1,Unit root,-0.011138482,-0.141345736,-0.141345736,Austria,1,0,0,0,0,0,0,0,0,1,0,0,0,0,0,0,0,0,0
1984,austria,122,1,Unit root,-0.011138482,-0.141345736,-0.141345736,Austria,1,0,0,0,0,0,0,0,0,1,0,0,0,0,0,0,0,0,0
1985,austria,122,0,Unit root,-0.011138482,-0.141345736,-0.011138482,Austria,1,0,0,0,0,0,0,0,0,1,0,0,0,0,0,0,0,0,0
1986,austria,122,0,Unit root,-0.011138482,-0.141345736,-0.011138482,Austria,1,0,0,0,0,0,0,0,0,1,0,0,0,0,0,0,0,0,0
1987,austria,122,0,Unit root,-0.011138482,-0.141345736,-0.011138482,Austria,1,0,0,0,0,0,0,0,0,1,0,0,0,0,0,0,0,0,0
1988,austria,122,0,Unit root,-0.011138482,-0.141345736,-0.011138482,Austria,1,0,0,0,0,0,0,0,0,1,0,0,0,0,0,0,0,0,0
1989,austria,122,0,Unit root,-0.011138482,-0.141345736,-0.011138482,Austria,1,0,0,0,0,0,0,0,0,1,0,0,0,0,0,0,0,0,0
1990,austria,122,0,Unit root,-0.011138482,-0.141345736,-0.011138482,Austria,1,0,0,0,0,0,0,0,0,1,0,0,0,0,0,0,0,0,0
1991,austria,122,0,Unit root,-0.011138482,-0.141345736,-0.011138482,Austria,1,0,0,0,0,0,0,0,0,1,0,0,0,0,0,0,0,0,0
1992,austria,122,0,Unit root,-0.011138482,-0.141345736,-0.011138482,Austria,1,0,0,0,0,0,0,0,0,1,0,0,0,0,0,0,0,0,0
1993,austria,122,0,Unit root,-0.011138482,-0.141345736,-0.011138482,Austria,1,0,0,0,0,0,0,0,0,1,0,0,0,0,0,0,0,0,0
1994,austria,122,1,Unit root,-0.011138482,-0.141345736,-0.141345736,Austria,1,0,0,0,0,0,0,0,0,1,0,0,0,0,0,0,0,0,0
1995,austria,122,1,Unit root,-0.011138482,-0.141345736,-0.141345736,Austria,1,0,0,0,0,0,0,0,0,1,0,0,0,0,0,0,0,0,0
1996,austria,122,1,Unit root,-0.011138482,-0.141345736,-0.141345736,Austria,1,0,0,0,0,0,0,0,0,1,0,0,0,0,0,0,0,0,0
1997,austria,122,0,Unit root,-0.011138482,-0.141345736,-0.011138482,Austria,1,0,0,0,0,0,0,0,0,1,0,0,0,0,0,0,0,0,0
1998,austria,122,0,Unit root,-0.011138482,-0.141345736,-0.011138482,Austria,1,0,0,0,0,0,0,0,0,1,0,0,0,0,0,0,0,0,0
1999,austria,122,0,Unit root,-0.011138482,-0.141345736,-0.011138482,Austria,1,0,0,0,0,0,0,0,0,1,0,0,0,0,0,0,0,0,0
2000,austria,122,0,Unit root,-0.011138482,-0.141345736,-0.011138482,Austria,1,0,0,0,0,0,0,0,0,1,0,0,0,0,0,0,0,0,0
2001,austria,122,1,Unit root,-0.011138482,-0.141345736,-0.141345736,Austria,1,0,0,0,0,0,0,0,0,1,0,0,0,0,0,0,0,0,0
2002,austria,122,1,Unit root,-0.011138482,-0.141345736,-0.141345736,Austria,1,0,0,0,0,0,0,0,0,1,0,0,0,0,0,0,0,0,0
2003,austria,122,1,Unit root,-0.011138482,-0.141345736,-0.141345736,Austria,1,0,0,0,0,0,0,0,0,1,0,0,0,0,0,0,0,0,0
2004,austria,122,1,Unit root,-0.011138482,-0.141345736,-0.141345736,Austria,1,0,0,0,0,0,0,0,0,1,0,0,0,0,0,0,0,0,0
2005,austria,122,1,Unit root,-0.011138482,-0.141345736,-0.141345736,Austria,1,0,0,0,0,0,0,0,0,1,0,0,0,0,0,0,0,0,0
2006,austria,122,1,Unit root,-0.011138482,-0.141345736,-0.141345736,Austria,1,0,0,0,0,0,0,0,0,1,0,0,0,0,0,0,0,0,0
2007,austria,122,0,Unit root,-0.011138482,-0.141345736,-0.011138482,Austria,1,0,0,0,0,0,0,0,0,1,0,0,0,0,0,0,0,0,0
2008,austria,122,0,Unit root,-0.011138482,-0.141345736,-0.011138482,Austria,1,0,0,0,0,0,0,0,0,1,0,0,0,0,0,0,0,0,0
2009,austria,122,0,Unit root,-0.011138482,-0.141345736,-0.011138482,Austria,1,0,0,0,0,0,0,0,0,1,0,0,0,0,0,0,0,0,0
2010,austria,122,0,Unit root,-0.011138482,-0.141345736,-0.011138482,Austria,1,0,0,0,0,0,0,0,0,1,0,0,0,0,0,0,0,0,0
2011,austria,122,0,Unit root,-0.011138482,-0.141345736,-0.011138482,Austria,1,0,0,0,0,0,0,0,0,1,0,0,0,0,0,0,0,0,0
2012,austria,122,0,Unit root,-0.011138482,-0.141345736,-0.011138482,Austria,1,0,0,0,0,0,0,0,0,1,0,0,0,0,0,0,0,0,0
2013,austria,122,0,Unit root,-0.011138482,-0.141345736,-0.011138482,Austria,1,0,0,0,0,0,0,0,0,1,0,0,0,0,0,0,0,0,0
2014,austria,122,0,Unit root,-0.011138482,-0.141345736,-0.011138482,Austria,1,0,0,0,0,0,0,0,0,1,0,0,0,0,0,0,0,0,0
2015,austria,122,0,Unit root,-0.011138482,-0.141345736,-0.011138482,Austria,1,0,0,0,0,0,0,0,0,1,0,0,0,0,0,0,0,0,0
2016,austria,122,0,Unit root,-0.011138482,-0.141345736,-0.011138482,Austria,1,0,0,0,0,0,0,0,0,1,0,0,0,0,0,0,0,0,0
2017,austria,122,0,Unit root,-0.011138482,-0.141345736,-0.011138482,Austria,1,0,0,0,0,0,0,0,0,1,0,0,0,0,0,0,0,0,0
2018,austria,122,0,Unit root,-0.011138482,-0.141345736,-0.011138482,Austria,1,0,0,0,0,0,0,0,0,1,0,0,0,0,0,0,0,0,0
2019,austria,122,0,Unit root,-0.011138482,-0.141345736,-0.011138482,Austria,1,0,0,0,0,0,0,0,0,1,0,0,0,0,0,0,0,0,0
2020,austria,122,0,Unit root,-0.011138482,-0.141345736,-0.011138482,Austria,1,0,0,0,0,0,0,0,0,1,0,0,0,0,0,0,0,0,0
2021,austria,122,0,Unit root,-0.011138482,-0.141345736,-0.011138482,Austria,1,0,0,0,0,0,0,0,0,1,0,0,0,0,0,0,0,0,0
2022,austria,122,1,Unit root,-0.011138482,-0.141345736,-0.141345736,Austria,1,0,0,0,0,0,0,0,0,1,0,0,0,0,0,0,0,0,0
2023,austria,122,0,Unit root,-0.011138482,-0.141345736,-0.011138482,Austria,1,0,0,0,0,0,0,0,0,1,0,0,0,0,0,0,0,0,0
2024,austria,122,0,Unit root,-0.011138482,-0.141345736,-0.011138482,Austria,1,0,0,0,0,0,0,0,0,1,0,0,0,0,0,0,0,0,0
1996,belarus,913,1,Unit root,-0.703185602,0.067309502,0.067309502,Belarus,0,0,1,0,0,1,0,0,0,0,0,0,0,0,0,0,0,0,0
1997,belarus,913,1,Unit root,-0.703185602,0.067309502,0.067309502,Belarus,0,0,1,0,0,1,0,0,0,0,0,0,0,0,0,0,0,0,0
1998,belarus,913,1,Unit root,-0.703185602,0.067309502,0.067309502,Belarus,0,0,1,0,0,1,0,0,0,0,0,0,0,0,0,0,0,0,0
1999,belarus,913,1,Unit root,-0.703185602,0.067309502,0.067309502,Belarus,0,0,1,0,0,1,0,0,0,0,0,0,0,0,0,0,0,0,0
2000,belarus,913,1,Unit root,-0.703185602,0.067309502,0.067309502,Belarus,0,0,1,0,0,1,0,0,0,0,0,0,0,0,0,0,0,0,0
2001,belarus,913,1,Unit root,-0.703185602,0.067309502,0.067309502,Belarus,0,0,1,0,0,1,0,0,0,0,0,0,0,0,0,0,0,0,0
2002,belarus,913,1,Unit root,-0.703185602,0.067309502,0.067309502,Belarus,0,0,1,0,0,1,0,0,0,0,0,0,0,0,0,0,0,0,0
2003,belarus,913,1,Unit root,-0.703185602,0.067309502,0.067309502,Belarus,0,0,1,0,0,1,0,0,0,0,0,0,0,0,0,0,0,0,0
2004,belarus,913,1,Unit root,-0.703185602,0.067309502,0.067309502,Belarus,0,0,1,0,0,1,0,0,0,0,0,0,0,0,0,0,0,0,0
2005,belarus,913,1,Unit root,-0.703185602,0.067309502,0.067309502,Belarus,0,0,1,0,0,1,0,0,0,0,0,0,0,0,0,0,0,0,0
2006,belarus,913,1,Unit root,-0.703185602,0.067309502,0.067309502,Belarus,0,0,1,0,0,1,0,0,0,0,0,0,0,0,0,0,0,0,0
2007,belarus,913,0,Stationary,-0.703185602,0.067309502,-0.703185602,Belarus,0,0,1,0,0,1,0,0,0,0,0,0,0,0,0,0,0,0,0
2008,belarus,913,0,Stationary,-0.703185602,0.067309502,-0.703185602,Belarus,0,0,1,0,0,1,0,0,0,0,0,0,0,0,0,0,0,0,0
2009,belarus,913,0,Stationary,-0.703185602,0.067309502,-0.703185602,Belarus,0,0,1,0,0,1,0,0,0,0,0,0,0,0,0,0,0,0,0
2010,belarus,913,1,Unit root,-0.703185602,0.067309502,0.067309502,Belarus,0,0,1,0,0,1,0,0,0,0,0,0,0,0,0,0,0,0,0
2011,belarus,913,1,Unit root,-0.703185602,0.067309502,0.067309502,Belarus,0,0,1,0,0,1,0,0,0,0,0,0,0,0,0,0,0,0,0
2012,belarus,913,0,Stationary,-0.703185602,0.067309502,-0.703185602,Belarus,0,0,1,0,0,1,0,0,0,0,0,0,0,0,0,0,0,0,0
2013,belarus,913,1,Unit root,-0.703185602,0.067309502,0.067309502,Belarus,0,0,1,0,0,1,0,0,0,0,0,0,0,0,0,0,0,0,0
2014,belarus,913,1,Unit root,-0.703185602,0.067309502,0.067309502,Belarus,0,0,1,0,0,1,0,0,0,0,0,0,0,0,0,0,0,0,0
2015,belarus,913,1,Unit root,-0.703185602,0.067309502,0.067309502,Belarus,0,0,1,0,0,1,0,0,0,0,0,0,0,0,0,0,0,0,0
2016,belarus,913,1,Unit root,-0.703185602,0.067309502,0.067309502,Belarus,0,0,1,0,0,1,0,0,0,0,0,0,0,0,0,0,0,0,0
2017,belarus,913,1,Unit root,-0.703185602,0.067309502,0.067309502,Belarus,0,0,1,0,0,1,0,0,0,0,0,0,0,0,0,0,0,0,0
2018,belarus,913,1,Unit root,-0.703185602,0.067309502,0.067309502,Belarus,0,0,1,0,0,1,0,0,0,0,0,0,0,0,0,0,0,0,0
2019,belarus,913,0,Stationary,-0.703185602,0.067309502,-0.703185602,Belarus,0,0,1,0,0,1,0,0,0,0,0,0,0,0,0,0,0,0,0
2020,belarus,913,0,Stationary,-0.703185602,0.067309502,-0.703185602,Belarus,0,0,1,0,0,1,0,0,0,0,0,0,0,0,0,0,0,0,0
1995,belgium,124,0,Stationary,-1.587132782,-0.150121895,-1.587132782,Belgium,1,0,0,0,0,0,0,0,0,1,0,0,0,0,0,0,0,0,0
1996,belgium,124,0,Stationary,-1.587132782,-0.150121895,-1.587132782,Belgium,1,0,0,0,0,0,0,0,0,1,0,0,0,0,0,0,0,0,0
1997,belgium,124,0,Stationary,-1.587132782,-0.150121895,-1.587132782,Belgium,1,0,0,0,0,0,0,0,0,1,0,0,0,0,0,0,0,0,0
1998,belgium,124,0,Stationary,-1.587132782,-0.150121895,-1.587132782,Belgium,1,0,0,0,0,0,0,0,0,1,0,0,0,0,0,0,0,0,0
1999,belgium,124,0,Stationary,-1.587132782,-0.150121895,-1.587132782,Belgium,1,0,0,0,0,0,0,0,0,1,0,0,0,0,0,0,0,0,0
2000,belgium,124,0,Stationary,-1.587132782,-0.150121895,-1.587132782,Belgium,1,0,0,0,0,0,0,0,0,1,0,0,0,0,0,0,0,0,0
2001,belgium,124,0,Stationary,-1.587132782,-0.150121895,-1.587132782,Belgium,1,0,0,0,0,0,0,0,0,1,0,0,0,0,0,0,0,0,0
2002,belgium,124,0,Stationary,-1.587132782,-0.150121895,-1.587132782,Belgium,1,0,0,0,0,0,0,0,0,1,0,0,0,0,0,0,0,0,0
2003,belgium,124,0,Stationary,-1.587132782,-0.150121895,-1.587132782,Belgium,1,0,0,0,0,0,0,0,0,1,0,0,0,0,0,0,0,0,0
2004,belgium,124,0,Stationary,-1.587132782,-0.150121895,-1.587132782,Belgium,1,0,0,0,0,0,0,0,0,1,0,0,0,0,0,0,0,0,0
2005,belgium,124,0,Stationary,-1.587132782,-0.150121895,-1.587132782,Belgium,1,0,0,0,0,0,0,0,0,1,0,0,0,0,0,0,0,0,0
2006,belgium,124,0,Stationary,-1.587132782,-0.150121895,-1.587132782,Belgium,1,0,0,0,0,0,0,0,0,1,0,0,0,0,0,0,0,0,0
2007,belgium,124,1,Stationary,-1.587132782,-0.150121895,-0.150121895,Belgium,1,0,0,0,0,0,0,0,0,1,0,0,0,0,0,0,0,0,0
2008,belgium,124,1,Stationary,-1.587132782,-0.150121895,-0.150121895,Belgium,1,0,0,0,0,0,0,0,0,1,0,0,0,0,0,0,0,0,0
2009,belgium,124,1,Stationary,-1.587132782,-0.150121895,-0.150121895,Belgium,1,0,0,0,0,0,0,0,0,1,0,0,0,0,0,0,0,0,0
2010,belgium,124,1,Stationary,-1.587132782,-0.150121895,-0.150121895,Belgium,1,0,0,0,0,0,0,0,0,1,0,0,0,0,0,0,0,0,0
2011,belgium,124,1,Stationary,-1.587132782,-0.150121895,-0.150121895,Belgium,1,0,0,0,0,0,0,0,0,1,0,0,0,0,0,0,0,0,0
2012,belgium,124,1,Stationary,-1.587132782,-0.150121895,-0.150121895,Belgium,1,0,0,0,0,0,0,0,0,1,0,0,0,0,0,0,0,0,0
2013,belgium,124,1,Stationary,-1.587132782,-0.150121895,-0.150121895,Belgium,1,0,0,0,0,0,0,0,0,1,0,0,0,0,0,0,0,0,0
2014,belgium,124,0,Stationary,-1.587132782,-0.150121895,-1.587132782,Belgium,1,0,0,0,0,0,0,0,0,1,0,0,0,0,0,0,0,0,0
2015,belgium,124,1,Stationary,-1.587132782,-0.150121895,-0.150121895,Belgium,1,0,0,0,0,0,0,0,0,1,0,0,0,0,0,0,0,0,0
2016,belgium,124,1,Stationary,-1.587132782,-0.150121895,-0.150121895,Belgium,1,0,0,0,0,0,0,0,0,1,0,0,0,0,0,0,0,0,0
2017,belgium,124,1,Stationary,-1.587132782,-0.150121895,-0.150121895,Belgium,1,0,0,0,0,0,0,0,0,1,0,0,0,0,0,0,0,0,0
2018,belgium,124,1,Stationary,-1.587132782,-0.150121895,-0.150121895,Belgium,1,0,0,0,0,0,0,0,0,1,0,0,0,0,0,0,0,0,0
2019,belgium,124,1,Stationary,-1.587132782,-0.150121895,-0.150121895,Belgium,1,0,0,0,0,0,0,0,0,1,0,0,0,0,0,0,0,0,0
2020,belgium,124,1,Stationary,-1.587132782,-0.150121895,-0.150121895,Belgium,1,0,0,0,0,0,0,0,0,1,0,0,0,0,0,0,0,0,0
2021,belgium,124,1,Stationary,-1.587132782,-0.150121895,-0.150121895,Belgium,1,0,0,0,0,0,0,0,0,1,0,0,0,0,0,0,0,0,0
2022,belgium,124,1,Stationary,-1.587132782,-0.150121895,-0.150121895,Belgium,1,0,0,0,0,0,0,0,0,1,0,0,0,0,0,0,0,0,0
2023,belgium,124,1,Stationary,-1.587132782,-0.150121895,-0.150121895,Belgium,1,0,0,0,0,0,0,0,0,1,0,0,0,0,0,0,0,0,0
2024,belgium,124,0,Stationary,-1.587132782,-0.150121895,-1.587132782,Belgium,1,0,0,0,0,0,0,0,0,1,0,0,0,0,0,0,0,0,0
1985,bolivia,218,1,Stationary,-0.224751115,-0.241234361,-0.241234361,Bolivia,0,0,1,0,0,0,1,0,0,0,0,0,0,0,0,0,0,0,0
1986,bolivia,218,1,Stationary,-0.224751115,-0.241234361,-0.241234361,Bolivia,0,0,1,0,0,0,1,0,0,0,0,0,0,0,0,0,0,0,0
1987,bolivia,218,1,Stationary,-0.224751115,-0.241234361,-0.241234361,Bolivia,0,0,1,0,0,0,1,0,0,0,0,0,0,0,0,0,0,0,0
1988,bolivia,218,1,Stationary,-0.224751115,-0.241234361,-0.241234361,Bolivia,0,0,1,0,0,0,1,0,0,0,0,0,0,0,0,0,0,0,0
1989,bolivia,218,1,Stationary,-0.224751115,-0.241234361,-0.241234361,Bolivia,0,0,1,0,0,0,1,0,0,0,0,0,0,0,0,0,0,0,0
1990,bolivia,218,1,Stationary,-0.224751115,-0.241234361,-0.241234361,Bolivia,0,0,1,0,0,0,1,0,0,0,0,0,0,0,0,0,0,0,0
1991,bolivia,218,1,Stationary,-0.224751115,-0.241234361,-0.241234361,Bolivia,0,0,1,0,0,0,1,0,0,0,0,0,0,0,0,0,0,0,0
1992,bolivia,218,1,Stationary,-0.224751115,-0.241234361,-0.241234361,Bolivia,0,0,1,0,0,0,1,0,0,0,0,0,0,0,0,0,0,0,0
1993,bolivia,218,1,Stationary,-0.224751115,-0.241234361,-0.241234361,Bolivia,0,0,1,0,0,0,1,0,0,0,0,0,0,0,0,0,0,0,0
1994,bolivia,218,0,Unit root,-0.224751115,-0.241234361,-0.224751115,Bolivia,0,0,1,0,0,0,1,0,0,0,0,0,0,0,0,0,0,0,0
1995,bolivia,218,0,Unit root,-0.224751115,-0.241234361,-0.224751115,Bolivia,0,0,1,0,0,0,1,0,0,0,0,0,0,0,0,0,0,0,0
1996,bolivia,218,0,Unit root,-0.224751115,-0.241234361,-0.224751115,Bolivia,0,0,1,0,0,0,1,0,0,0,0,0,0,0,0,0,0,0,0
1997,bolivia,218,0,Unit root,-0.224751115,-0.241234361,-0.224751115,Bolivia,0,0,1,0,0,0,1,0,0,0,0,0,0,0,0,0,0,0,0
1998,bolivia,218,0,Unit root,-0.224751115,-0.241234361,-0.224751115,Bolivia,0,0,1,0,0,0,1,0,0,0,0,0,0,0,0,0,0,0,0
1999,bolivia,218,0,Unit root,-0.224751115,-0.241234361,-0.224751115,Bolivia,0,0,1,0,0,0,1,0,0,0,0,0,0,0,0,0,0,0,0
2000,bolivia,218,0,Unit root,-0.224751115,-0.241234361,-0.224751115,Bolivia,0,0,1,0,0,0,1,0,0,0,0,0,0,0,0,0,0,0,0
2001,bolivia,218,0,Unit root,-0.224751115,-0.241234361,-0.224751115,Bolivia,0,0,1,0,0,0,1,0,0,0,0,0,0,0,0,0,0,0,0
2002,bolivia,218,0,Unit root,-0.224751115,-0.241234361,-0.224751115,Bolivia,0,0,1,0,0,0,1,0,0,0,0,0,0,0,0,0,0,0,0
2003,bolivia,218,0,Unit root,-0.224751115,-0.241234361,-0.224751115,Bolivia,0,0,1,0,0,0,1,0,0,0,0,0,0,0,0,0,0,0,0
2004,bolivia,218,0,Unit root,-0.224751115,-0.241234361,-0.224751115,Bolivia,0,0,1,0,0,0,1,0,0,0,0,0,0,0,0,0,0,0,0
2005,bolivia,218,0,Unit root,-0.224751115,-0.241234361,-0.224751115,Bolivia,0,0,1,0,0,0,1,0,0,0,0,0,0,0,0,0,0,0,0
2006,bolivia,218,0,Unit root,-0.224751115,-0.241234361,-0.224751115,Bolivia,0,0,1,0,0,0,1,0,0,0,0,0,0,0,0,0,0,0,0
2007,bolivia,218,0,Unit root,-0.224751115,-0.241234361,-0.224751115,Bolivia,0,0,1,0,0,0,1,0,0,0,0,0,0,0,0,0,0,0,0
2008,bolivia,218,0,Unit root,-0.224751115,-0.241234361,-0.224751115,Bolivia,0,0,1,0,0,0,1,0,0,0,0,0,0,0,0,0,0,0,0
2009,bolivia,218,0,Unit root,-0.224751115,-0.241234361,-0.224751115,Bolivia,0,0,1,0,0,0,1,0,0,0,0,0,0,0,0,0,0,0,0
2010,bolivia,218,0,Unit root,-0.224751115,-0.241234361,-0.224751115,Bolivia,0,0,1,0,0,0,1,0,0,0,0,0,0,0,0,0,0,0,0
2011,bolivia,218,0,Unit root,-0.224751115,-0.241234361,-0.224751115,Bolivia,0,0,1,0,0,0,1,0,0,0,0,0,0,0,0,0,0,0,0
2012,bolivia,218,0,Unit root,-0.224751115,-0.241234361,-0.224751115,Bolivia,0,0,1,0,0,0,1,0,0,0,0,0,0,0,0,0,0,0,0
2013,bolivia,218,0,Unit root,-0.224751115,-0.241234361,-0.224751115,Bolivia,0,0,1,0,0,0,1,0,0,0,0,0,0,0,0,0,0,0,0
2014,bolivia,218,0,Unit root,-0.224751115,-0.241234361,-0.224751115,Bolivia,0,0,1,0,0,0,1,0,0,0,0,0,0,0,0,0,0,0,0
2015,bolivia,218,0,Unit root,-0.224751115,-0.241234361,-0.224751115,Bolivia,0,0,1,0,0,0,1,0,0,0,0,0,0,0,0,0,0,0,0
2016,bolivia,218,0,Unit root,-0.224751115,-0.241234361,-0.224751115,Bolivia,0,0,1,0,0,0,1,0,0,0,0,0,0,0,0,0,0,0,0
2017,bolivia,218,0,Unit root,-0.224751115,-0.241234361,-0.224751115,Bolivia,0,0,1,0,0,0,1,0,0,0,0,0,0,0,0,0,0,0,0
2018,bolivia,218,0,Unit root,-0.224751115,-0.241234361,-0.224751115,Bolivia,0,0,1,0,0,0,1,0,0,0,0,0,0,0,0,0,0,0,0
2019,bolivia,218,0,Unit root,-0.224751115,-0.241234361,-0.224751115,Bolivia,0,0,1,0,0,0,1,0,0,0,0,0,0,0,0,0,0,0,0
2010,bosnia and herzegovina,963,1,Unit root,-0.232713292,-0.486825762,-0.486825762,Bosnia and Herzegovina,0,0,1,0,0,1,0,0,0,0,0,0,0,0,0,0,0,0,0
2011,bosnia and herzegovina,963,1,Unit root,-0.232713292,-0.486825762,-0.486825762,Bosnia and Herzegovina,0,0,1,0,0,1,0,0,0,0,0,0,0,0,0,0,0,0,0
2012,bosnia and herzegovina,963,1,Unit root,-0.232713292,-0.486825762,-0.486825762,Bosnia and Herzegovina,0,0,1,0,0,1,0,0,0,0,0,0,0,0,0,0,0,0,0
2013,bosnia and herzegovina,963,1,Unit root,-0.232713292,-0.486825762,-0.486825762,Bosnia and Herzegovina,0,0,1,0,0,1,0,0,0,0,0,0,0,0,0,0,0,0,0
2014,bosnia and herzegovina,963,1,Unit root,-0.232713292,-0.486825762,-0.486825762,Bosnia and Herzegovina,0,0,1,0,0,1,0,0,0,0,0,0,0,0,0,0,0,0,0
2015,bosnia and herzegovina,963,0,Unit root,-0.232713292,-0.486825762,-0.232713292,Bosnia and Herzegovina,0,0,1,0,0,1,0,0,0,0,0,0,0,0,0,0,0,0,0
2016,bosnia and herzegovina,963,0,Unit root,-0.232713292,-0.486825762,-0.232713292,Bosnia and Herzegovina,0,0,1,0,0,1,0,0,0,0,0,0,0,0,0,0,0,0,0
2017,bosnia and herzegovina,963,0,Unit root,-0.232713292,-0.486825762,-0.232713292,Bosnia and Herzegovina,0,0,1,0,0,1,0,0,0,0,0,0,0,0,0,0,0,0,0
2018,bosnia and herzegovina,963,0,Unit root,-0.232713292,-0.486825762,-0.232713292,Bosnia and Herzegovina,0,0,1,0,0,1,0,0,0,0,0,0,0,0,0,0,0,0,0
2019,bosnia and herzegovina,963,0,Unit root,-0.232713292,-0.486825762,-0.232713292,Bosnia and Herzegovina,0,0,1,0,0,1,0,0,0,0,0,0,0,0,0,0,0,0,0
2020,bosnia and herzegovina,963,0,Unit root,-0.232713292,-0.486825762,-0.232713292,Bosnia and Herzegovina,0,0,1,0,0,1,0,0,0,0,0,0,0,0,0,0,0,0,0
2021,bosnia and herzegovina,963,0,Unit root,-0.232713292,-0.486825762,-0.232713292,Bosnia and Herzegovina,0,0,1,0,0,1,0,0,0,0,0,0,0,0,0,0,0,0,0
2022,bosnia and herzegovina,963,0,Unit root,-0.232713292,-0.486825762,-0.232713292,Bosnia and Herzegovina,0,0,1,0,0,1,0,0,0,0,0,0,0,0,0,0,0,0,0
2023,bosnia and herzegovina,963,0,Unit root,-0.232713292,-0.486825762,-0.232713292,Bosnia and Herzegovina,0,0,1,0,0,1,0,0,0,0,0,0,0,0,0,0,0,0,0
2024,bosnia and herzegovina,963,0,Unit root,-0.232713292,-0.486825762,-0.232713292,Bosnia and Herzegovina,0,0,1,0,0,1,0,0,0,0,0,0,0,0,0,0,0,0,0
1978,brazil,223,1,Stationary,-0.202731167,-0.439101501,-0.439101501,Brazil,0,0,1,0,0,0,1,0,1,0,1,0,0,0,0,0,0,0,0
1979,brazil,223,1,Stationary,-0.202731167,-0.439101501,-0.439101501,Brazil,0,0,1,0,0,0,1,0,1,0,1,0,0,0,0,0,0,0,0
1980,brazil,223,1,Stationary,-0.202731167,-0.439101501,-0.439101501,Brazil,0,0,1,0,0,0,1,0,1,0,1,0,0,0,0,0,0,0,0
1981,brazil,223,1,Stationary,-0.202731167,-0.439101501,-0.439101501,Brazil,0,0,1,0,0,0,1,0,1,0,1,0,0,0,0,0,0,0,0
1982,brazil,223,1,Stationary,-0.202731167,-0.439101501,-0.439101501,Brazil,0,0,1,0,0,0,1,0,1,0,1,0,0,0,0,0,0,0,0
1983,brazil,223,1,Stationary,-0.202731167,-0.439101501,-0.439101501,Brazil,0,0,1,0,0,0,1,0,1,0,1,0,0,0,0,0,0,0,0
1984,brazil,223,1,Stationary,-0.202731167,-0.439101501,-0.439101501,Brazil,0,0,1,0,0,0,1,0,1,0,1,0,0,0,0,0,0,0,0
1985,brazil,223,1,Stationary,-0.202731167,-0.439101501,-0.439101501,Brazil,0,0,1,0,0,0,1,0,1,0,1,0,0,0,0,0,0,0,0
1986,brazil,223,1,Stationary,-0.202731167,-0.439101501,-0.439101501,Brazil,0,0,1,0,0,0,1,0,1,0,1,0,0,0,0,0,0,0,0
1987,brazil,223,1,Stationary,-0.202731167,-0.439101501,-0.439101501,Brazil,0,0,1,0,0,0,1,0,1,0,1,0,0,0,0,0,0,0,0
1988,brazil,223,1,Stationary,-0.202731167,-0.439101501,-0.439101501,Brazil,0,0,1,0,0,0,1,0,1,0,1,0,0,0,0,0,0,0,0
1989,brazil,223,1,Stationary,-0.202731167,-0.439101501,-0.439101501,Brazil,0,0,1,0,0,0,1,0,1,0,1,0,0,0,0,0,0,0,0
1990,brazil,223,0,Stationary,-0.202731167,-0.439101501,-0.202731167,Brazil,0,0,1,0,0,0,1,0,1,0,1,0,0,0,0,0,0,0,0
1991,brazil,223,1,Stationary,-0.202731167,-0.439101501,-0.439101501,Brazil,0,0,1,0,0,0,1,0,1,0,1,0,0,0,0,0,0,0,0
1992,brazil,223,1,Stationary,-0.202731167,-0.439101501,-0.439101501,Brazil,0,0,1,0,0,0,1,0,1,0,1,0,0,0,0,0,0,0,0
1993,brazil,223,1,Stationary,-0.202731167,-0.439101501,-0.439101501,Brazil,0,0,1,0,0,0,1,0,1,0,1,0,0,0,0,0,0,0,0
1994,brazil,223,1,Stationary,-0.202731167,-0.439101501,-0.439101501,Brazil,0,0,1,0,0,0,1,0,1,0,1,0,0,0,0,0,0,0,0
1995,brazil,223,1,Stationary,-0.202731167,-0.439101501,-0.439101501,Brazil,0,0,1,0,0,0,1,0,1,0,1,0,0,0,0,0,0,0,0
1996,brazil,223,1,Stationary,-0.202731167,-0.439101501,-0.439101501,Brazil,0,0,1,0,0,0,1,0,1,0,1,0,0,0,0,0,0,0,0
1997,brazil,223,1,Stationary,-0.202731167,-0.439101501,-0.439101501,Brazil,0,0,1,0,0,0,1,0,1,0,1,0,0,0,0,0,0,0,0
1998,brazil,223,1,Stationary,-0.202731167,-0.439101501,-0.439101501,Brazil,0,0,1,0,0,0,1,0,1,0,1,0,0,0,0,0,0,0,0
1999,brazil,223,1,Stationary,-0.202731167,-0.439101501,-0.439101501,Brazil,0,0,1,0,0,0,1,0,1,0,1,0,0,0,0,0,0,0,0
2000,brazil,223,1,Stationary,-0.202731167,-0.439101501,-0.439101501,Brazil,0,0,1,0,0,0,1,0,1,0,1,0,0,0,0,0,0,0,0
2001,brazil,223,0,Stationary,-0.202731167,-0.439101501,-0.202731167,Brazil,0,0,1,0,0,0,1,0,1,0,1,0,0,0,0,0,0,0,0
2002,brazil,223,0,Stationary,-0.202731167,-0.439101501,-0.202731167,Brazil,0,0,1,0,0,0,1,0,1,0,1,0,0,0,0,0,0,0,0
2003,brazil,223,0,Stationary,-0.202731167,-0.439101501,-0.202731167,Brazil,0,0,1,0,0,0,1,0,1,0,1,0,0,0,0,0,0,0,0
2004,brazil,223,1,Stationary,-0.202731167,-0.439101501,-0.439101501,Brazil,0,0,1,0,0,0,1,0,1,0,1,0,0,0,0,0,0,0,0
2005,brazil,223,1,Stationary,-0.202731167,-0.439101501,-0.439101501,Brazil,0,0,1,0,0,0,1,0,1,0,1,0,0,0,0,0,0,0,0
2006,brazil,223,1,Stationary,-0.202731167,-0.439101501,-0.439101501,Brazil,0,0,1,0,0,0,1,0,1,0,1,0,0,0,0,0,0,0,0
2007,brazil,223,1,Stationary,-0.202731167,-0.439101501,-0.439101501,Brazil,0,0,1,0,0,0,1,0,1,0,1,0,0,0,0,0,0,0,0
2008,brazil,223,1,Stationary,-0.202731167,-0.439101501,-0.439101501,Brazil,0,0,1,0,0,0,1,0,1,0,1,0,0,0,0,0,0,0,0
2009,brazil,223,1,Stationary,-0.202731167,-0.439101501,-0.439101501,Brazil,0,0,1,0,0,0,1,0,1,0,1,0,0,0,0,0,0,0,0
2010,brazil,223,1,Stationary,-0.202731167,-0.439101501,-0.439101501,Brazil,0,0,1,0,0,0,1,0,1,0,1,0,0,0,0,0,0,0,0
2011,brazil,223,1,Stationary,-0.202731167,-0.439101501,-0.439101501,Brazil,0,0,1,0,0,0,1,0,1,0,1,0,0,0,0,0,0,0,0
2012,brazil,223,1,Stationary,-0.202731167,-0.439101501,-0.439101501,Brazil,0,0,1,0,0,0,1,0,1,0,1,0,0,0,0,0,0,0,0
2013,brazil,223,1,Stationary,-0.202731167,-0.439101501,-0.439101501,Brazil,0,0,1,0,0,0,1,0,1,0,1,0,0,0,0,0,0,0,0
2014,brazil,223,1,Stationary,-0.202731167,-0.439101501,-0.439101501,Brazil,0,0,1,0,0,0,1,0,1,0,1,0,0,0,0,0,0,0,0
2015,brazil,223,1,Stationary,-0.202731167,-0.439101501,-0.439101501,Brazil,0,0,1,0,0,0,1,0,1,0,1,0,0,0,0,0,0,0,0
2016,brazil,223,0,Stationary,-0.202731167,-0.439101501,-0.202731167,Brazil,0,0,1,0,0,0,1,0,1,0,1,0,0,0,0,0,0,0,0
2017,brazil,223,0,Stationary,-0.202731167,-0.439101501,-0.202731167,Brazil,0,0,1,0,0,0,1,0,1,0,1,0,0,0,0,0,0,0,0
2018,brazil,223,0,Stationary,-0.202731167,-0.439101501,-0.202731167,Brazil,0,0,1,0,0,0,1,0,1,0,1,0,0,0,0,0,0,0,0
2019,brazil,223,0,Stationary,-0.202731167,-0.439101501,-0.202731167,Brazil,0,0,1,0,0,0,1,0,1,0,1,0,0,0,0,0,0,0,0
2020,brazil,223,0,Stationary,-0.202731167,-0.439101501,-0.202731167,Brazil,0,0,1,0,0,0,1,0,1,0,1,0,0,0,0,0,0,0,0
2021,brazil,223,0,Stationary,-0.202731167,-0.439101501,-0.202731167,Brazil,0,0,1,0,0,0,1,0,1,0,1,0,0,0,0,0,0,0,0
2022,brazil,223,0,Stationary,-0.202731167,-0.439101501,-0.202731167,Brazil,0,0,1,0,0,0,1,0,1,0,1,0,0,0,0,0,0,0,0
2023,brazil,223,1,Stationary,-0.202731167,-0.439101501,-0.439101501,Brazil,0,0,1,0,0,0,1,0,1,0,1,0,0,0,0,0,0,0,0
2024,brazil,223,0,Stationary,-0.202731167,-0.439101501,-0.202731167,Brazil,0,0,1,0,0,0,1,0,1,0,1,0,0,0,0,0,0,0,0
1994,bulgaria,918,0,Unit root,0.013049961,-0.498284396,0.013049961,Bulgaria,0,0,1,0,0,1,0,0,0,0,0,0,0,0,0,0,0,0,0
1995,bulgaria,918,0,Unit root,0.013049961,-0.498284396,0.013049961,Bulgaria,0,0,1,0,0,1,0,0,0,0,0,0,0,0,0,0,0,0,0
1996,bulgaria,918,0,Unit root,0.013049961,-0.498284396,0.013049961,Bulgaria,0,0,1,0,0,1,0,0,0,0,0,0,0,0,0,0,0,0,0
1997,bulgaria,918,0,Unit root,0.013049961,-0.498284396,0.013049961,Bulgaria,0,0,1,0,0,1,0,0,0,0,0,0,0,0,0,0,0,0,0
1998,bulgaria,918,1,Stationary,0.013049961,-0.498284396,-0.498284396,Bulgaria,0,0,1,0,0,1,0,0,0,0,0,0,0,0,0,0,0,0,0
1999,bulgaria,918,1,Stationary,0.013049961,-0.498284396,-0.498284396,Bulgaria,0,0,1,0,0,1,0,0,0,0,0,0,0,0,0,0,0,0,0
2000,bulgaria,918,1,Stationary,0.013049961,-0.498284396,-0.498284396,Bulgaria,0,0,1,0,0,1,0,0,0,0,0,0,0,0,0,0,0,0,0
2001,bulgaria,918,0,Unit root,0.013049961,-0.498284396,0.013049961,Bulgaria,0,0,1,0,0,1,0,0,0,0,0,0,0,0,0,0,0,0,0
2002,bulgaria,918,1,Stationary,0.013049961,-0.498284396,-0.498284396,Bulgaria,0,0,1,0,0,1,0,0,0,0,0,0,0,0,0,0,0,0,0
2003,bulgaria,918,1,Stationary,0.013049961,-0.498284396,-0.498284396,Bulgaria,0,0,1,0,0,1,0,0,0,0,0,0,0,0,0,0,0,0,0
2004,bulgaria,918,1,Stationary,0.013049961,-0.498284396,-0.498284396,Bulgaria,0,0,1,0,0,1,0,0,0,0,0,0,0,0,0,0,0,0,0
2005,bulgaria,918,1,Stationary,0.013049961,-0.498284396,-0.498284396,Bulgaria,0,0,1,0,0,1,0,0,0,0,0,0,0,0,0,0,0,0,0
2006,bulgaria,918,1,Stationary,0.013049961,-0.498284396,-0.498284396,Bulgaria,0,0,1,0,0,1,0,0,0,0,0,0,0,0,0,0,0,0,0
2007,bulgaria,918,1,Stationary,0.013049961,-0.498284396,-0.498284396,Bulgaria,0,0,1,0,0,1,0,0,0,0,0,0,0,0,0,0,0,0,0
2008,bulgaria,918,0,Unit root,0.013049961,-0.498284396,0.013049961,Bulgaria,0,0,1,0,0,1,0,0,0,0,0,0,0,0,0,0,0,0,0
2009,bulgaria,918,0,Unit root,0.013049961,-0.498284396,0.013049961,Bulgaria,0,0,1,0,0,1,0,0,0,0,0,0,0,0,0,0,0,0,0
2010,bulgaria,918,0,Unit root,0.013049961,-0.498284396,0.013049961,Bulgaria,0,0,1,0,0,1,0,0,0,0,0,0,0,0,0,0,0,0,0
2011,bulgaria,918,0,Unit root,0.013049961,-0.498284396,0.013049961,Bulgaria,0,0,1,0,0,1,0,0,0,0,0,0,0,0,0,0,0,0,0
2012,bulgaria,918,0,Unit root,0.013049961,-0.498284396,0.013049961,Bulgaria,0,0,1,0,0,1,0,0,0,0,0,0,0,0,0,0,0,0,0
2013,bulgaria,918,0,Unit root,0.013049961,-0.498284396,0.013049961,Bulgaria,0,0,1,0,0,1,0,0,0,0,0,0,0,0,0,0,0,0,0
2014,bulgaria,918,0,Unit root,0.013049961,-0.498284396,0.013049961,Bulgaria,0,0,1,0,0,1,0,0,0,0,0,0,0,0,0,0,0,0,0
2015,bulgaria,918,0,Unit root,0.013049961,-0.498284396,0.013049961,Bulgaria,0,0,1,0,0,1,0,0,0,0,0,0,0,0,0,0,0,0,0
2016,bulgaria,918,0,Unit root,0.013049961,-0.498284396,0.013049961,Bulgaria,0,0,1,0,0,1,0,0,0,0,0,0,0,0,0,0,0,0,0
2017,bulgaria,918,0,Unit root,0.013049961,-0.498284396,0.013049961,Bulgaria,0,0,1,0,0,1,0,0,0,0,0,0,0,0,0,0,0,0,0
2018,bulgaria,918,0,Unit root,0.013049961,-0.498284396,0.013049961,Bulgaria,0,0,1,0,0,1,0,0,0,0,0,0,0,0,0,0,0,0,0
2019,bulgaria,918,0,Unit root,0.013049961,-0.498284396,0.013049961,Bulgaria,0,0,1,0,0,1,0,0,0,0,0,0,0,0,0,0,0,0,0
2020,bulgaria,918,0,Unit root,0.013049961,-0.498284396,0.013049961,Bulgaria,0,0,1,0,0,1,0,0,0,0,0,0,0,0,0,0,0,0,0
2021,bulgaria,918,0,Unit root,0.013049961,-0.498284396,0.013049961,Bulgaria,0,0,1,0,0,1,0,0,0,0,0,0,0,0,0,0,0,0,0
2022,bulgaria,918,0,Unit root,0.013049961,-0.498284396,0.013049961,Bulgaria,0,0,1,0,0,1,0,0,0,0,0,0,0,0,0,0,0,0,0
2023,bulgaria,918,0,Unit root,0.013049961,-0.498284396,0.013049961,Bulgaria,0,0,1,0,0,1,0,0,0,0,0,0,0,0,0,0,0,0,0
2024,bulgaria,918,0,Unit root,0.013049961,-0.498284396,0.013049961,Bulgaria,0,0,1,0,0,1,0,0,0,0,0,0,0,0,0,0,0,0,0
1994,cambodia,522,0,Unit root,-0.024154266,-0.159574571,-0.024154266,Cambodia,0,0,0,0,0,0,0,0,0,0,0,0,0,1,1,0,0,0,0
1995,cambodia,522,0,Unit root,-0.024154266,-0.159574571,-0.024154266,Cambodia,0,0,0,0,0,0,0,0,0,0,0,0,0,1,1,0,0,0,0
1996,cambodia,522,0,Unit root,-0.024154266,-0.159574571,-0.024154266,Cambodia,0,0,0,0,0,0,0,0,0,0,0,0,0,1,1,0,0,0,0
1997,cambodia,522,0,Unit root,-0.024154266,-0.159574571,-0.024154266,Cambodia,0,0,0,0,0,0,0,0,0,0,0,0,0,1,1,0,0,0,0
1998,cambodia,522,0,Unit root,-0.024154266,-0.159574571,-0.024154266,Cambodia,0,0,0,0,0,0,0,0,0,0,0,0,0,1,1,0,0,0,0
1999,cambodia,522,0,Unit root,-0.024154266,-0.159574571,-0.024154266,Cambodia,0,0,0,0,0,0,0,0,0,0,0,0,0,1,1,0,0,0,0
2000,cambodia,522,1,Unit root,-0.024154266,-0.159574571,-0.159574571,Cambodia,0,0,0,0,0,0,0,0,0,0,0,0,0,1,1,0,0,0,0
2001,cambodia,522,0,Unit root,-0.024154266,-0.159574571,-0.024154266,Cambodia,0,0,0,0,0,0,0,0,0,0,0,0,0,1,1,0,0,0,0
2002,cambodia,522,0,Unit root,-0.024154266,-0.159574571,-0.024154266,Cambodia,0,0,0,0,0,0,0,0,0,0,0,0,0,1,1,0,0,0,0
2003,cambodia,522,0,Unit root,-0.024154266,-0.159574571,-0.024154266,Cambodia,0,0,0,0,0,0,0,0,0,0,0,0,0,1,1,0,0,0,0
2004,cambodia,522,0,Unit root,-0.024154266,-0.159574571,-0.024154266,Cambodia,0,0,0,0,0,0,0,0,0,0,0,0,0,1,1,0,0,0,0
2005,cambodia,522,0,Unit root,-0.024154266,-0.159574571,-0.024154266,Cambodia,0,0,0,0,0,0,0,0,0,0,0,0,0,1,1,0,0,0,0
2006,cambodia,522,1,Unit root,-0.024154266,-0.159574571,-0.159574571,Cambodia,0,0,0,0,0,0,0,0,0,0,0,0,0,1,1,0,0,0,0
2007,cambodia,522,1,Unit root,-0.024154266,-0.159574571,-0.159574571,Cambodia,0,0,0,0,0,0,0,0,0,0,0,0,0,1,1,0,0,0,0
2008,cambodia,522,1,Unit root,-0.024154266,-0.159574571,-0.159574571,Cambodia,0,0,0,0,0,0,0,0,0,0,0,0,0,1,1,0,0,0,0
2009,cambodia,522,0,Unit root,-0.024154266,-0.159574571,-0.024154266,Cambodia,0,0,0,0,0,0,0,0,0,0,0,0,0,1,1,0,0,0,0
2010,cambodia,522,0,Unit root,-0.024154266,-0.159574571,-0.024154266,Cambodia,0,0,0,0,0,0,0,0,0,0,0,0,0,1,1,0,0,0,0
2011,cambodia,522,0,Unit root,-0.024154266,-0.159574571,-0.024154266,Cambodia,0,0,0,0,0,0,0,0,0,0,0,0,0,1,1,0,0,0,0
2012,cambodia,522,0,Unit root,-0.024154266,-0.159574571,-0.024154266,Cambodia,0,0,0,0,0,0,0,0,0,0,0,0,0,1,1,0,0,0,0
2013,cambodia,522,0,Unit root,-0.024154266,-0.159574571,-0.024154266,Cambodia,0,0,0,0,0,0,0,0,0,0,0,0,0,1,1,0,0,0,0
2014,cambodia,522,0,Unit root,-0.024154266,-0.159574571,-0.024154266,Cambodia,0,0,0,0,0,0,0,0,0,0,0,0,0,1,1,0,0,0,0
2015,cambodia,522,0,Unit root,-0.024154266,-0.159574571,-0.024154266,Cambodia,0,0,0,0,0,0,0,0,0,0,0,0,0,1,1,0,0,0,0
2016,cambodia,522,0,Unit root,-0.024154266,-0.159574571,-0.024154266,Cambodia,0,0,0,0,0,0,0,0,0,0,0,0,0,1,1,0,0,0,0
2017,cambodia,522,1,Unit root,-0.024154266,-0.159574571,-0.159574571,Cambodia,0,0,0,0,0,0,0,0,0,0,0,0,0,1,1,0,0,0,0
2018,cambodia,522,1,Unit root,-0.024154266,-0.159574571,-0.159574571,Cambodia,0,0,0,0,0,0,0,0,0,0,0,0,0,1,1,0,0,0,0
2019,cambodia,522,1,Unit root,-0.024154266,-0.159574571,-0.159574571,Cambodia,0,0,0,0,0,0,0,0,0,0,0,0,0,1,1,0,0,0,0
2020,cambodia,522,1,Unit root,-0.024154266,-0.159574571,-0.159574571,Cambodia,0,0,0,0,0,0,0,0,0,0,0,0,0,1,1,0,0,0,0
2021,cambodia,522,0,Unit root,-0.024154266,-0.159574571,-0.024154266,Cambodia,0,0,0,0,0,0,0,0,0,0,0,0,0,1,1,0,0,0,0
1961,canada,156,1,Unit root,-0.07103427,-0.016479956,-0.016479956,Canada,1,1,0,0,0,0,0,0,0,0,1,1,0,0,0,0,0,0,1
1962,canada,156,1,Unit root,-0.07103427,-0.016479956,-0.016479956,Canada,1,1,0,0,0,0,0,0,0,0,1,1,0,0,0,0,0,0,1
1963,canada,156,1,Unit root,-0.07103427,-0.016479956,-0.016479956,Canada,1,1,0,0,0,0,0,0,0,0,1,1,0,0,0,0,0,0,1
1964,canada,156,1,Unit root,-0.07103427,-0.016479956,-0.016479956,Canada,1,1,0,0,0,0,0,0,0,0,1,1,0,0,0,0,0,0,1
1965,canada,156,1,Unit root,-0.07103427,-0.016479956,-0.016479956,Canada,1,1,0,0,0,0,0,0,0,0,1,1,0,0,0,0,0,0,1
1966,canada,156,1,Unit root,-0.07103427,-0.016479956,-0.016479956,Canada,1,1,0,0,0,0,0,0,0,0,1,1,0,0,0,0,0,0,1
1967,canada,156,1,Unit root,-0.07103427,-0.016479956,-0.016479956,Canada,1,1,0,0,0,0,0,0,0,0,1,1,0,0,0,0,0,0,1
1968,canada,156,1,Unit root,-0.07103427,-0.016479956,-0.016479956,Canada,1,1,0,0,0,0,0,0,0,0,1,1,0,0,0,0,0,0,1
1969,canada,156,1,Unit root,-0.07103427,-0.016479956,-0.016479956,Canada,1,1,0,0,0,0,0,0,0,0,1,1,0,0,0,0,0,0,1
1970,canada,156,1,Unit root,-0.07103427,-0.016479956,-0.016479956,Canada,1,1,0,0,0,0,0,0,0,0,1,1,0,0,0,0,0,0,1
1971,canada,156,1,Unit root,-0.07103427,-0.016479956,-0.016479956,Canada,1,1,0,0,0,0,0,0,0,0,1,1,0,0,0,0,0,0,1
1972,canada,156,1,Unit root,-0.07103427,-0.016479956,-0.016479956,Canada,1,1,0,0,0,0,0,0,0,0,1,1,0,0,0,0,0,0,1
1973,canada,156,1,Unit root,-0.07103427,-0.016479956,-0.016479956,Canada,1,1,0,0,0,0,0,0,0,0,1,1,0,0,0,0,0,0,1
1974,canada,156,1,Unit root,-0.07103427,-0.016479956,-0.016479956,Canada,1,1,0,0,0,0,0,0,0,0,1,1,0,0,0,0,0,0,1
1975,canada,156,1,Unit root,-0.07103427,-0.016479956,-0.016479956,Canada,1,1,0,0,0,0,0,0,0,0,1,1,0,0,0,0,0,0,1
1976,canada,156,1,Unit root,-0.07103427,-0.016479956,-0.016479956,Canada,1,1,0,0,0,0,0,0,0,0,1,1,0,0,0,0,0,0,1
1977,canada,156,1,Unit root,-0.07103427,-0.016479956,-0.016479956,Canada,1,1,0,0,0,0,0,0,0,0,1,1,0,0,0,0,0,0,1
1978,canada,156,1,Unit root,-0.07103427,-0.016479956,-0.016479956,Canada,1,1,0,0,0,0,0,0,0,0,1,1,0,0,0,0,0,0,1
1979,canada,156,1,Unit root,-0.07103427,-0.016479956,-0.016479956,Canada,1,1,0,0,0,0,0,0,0,0,1,1,0,0,0,0,0,0,1
1980,canada,156,0,Unit root,-0.07103427,-0.016479956,-0.07103427,Canada,1,1,0,0,0,0,0,0,0,0,1,1,0,0,0,0,0,0,1
1981,canada,156,1,Unit root,-0.07103427,-0.016479956,-0.016479956,Canada,1,1,0,0,0,0,0,0,0,0,1,1,0,0,0,0,0,0,1
1982,canada,156,1,Unit root,-0.07103427,-0.016479956,-0.016479956,Canada,1,1,0,0,0,0,0,0,0,0,1,1,0,0,0,0,0,0,1
1983,canada,156,1,Unit root,-0.07103427,-0.016479956,-0.016479956,Canada,1,1,0,0,0,0,0,0,0,0,1,1,0,0,0,0,0,0,1
1984,canada,156,1,Unit root,-0.07103427,-0.016479956,-0.016479956,Canada,1,1,0,0,0,0,0,0,0,0,1,1,0,0,0,0,0,0,1
1985,canada,156,1,Unit root,-0.07103427,-0.016479956,-0.016479956,Canada,1,1,0,0,0,0,0,0,0,0,1,1,0,0,0,0,0,0,1
1986,canada,156,1,Unit root,-0.07103427,-0.016479956,-0.016479956,Canada,1,1,0,0,0,0,0,0,0,0,1,1,0,0,0,0,0,0,1
1987,canada,156,1,Unit root,-0.07103427,-0.016479956,-0.016479956,Canada,1,1,0,0,0,0,0,0,0,0,1,1,0,0,0,0,0,0,1
1988,canada,156,1,Unit root,-0.07103427,-0.016479956,-0.016479956,Canada,1,1,0,0,0,0,0,0,0,0,1,1,0,0,0,0,0,0,1
1989,canada,156,1,Unit root,-0.07103427,-0.016479956,-0.016479956,Canada,1,1,0,0,0,0,0,0,0,0,1,1,0,0,0,0,0,0,1
1990,canada,156,1,Unit root,-0.07103427,-0.016479956,-0.016479956,Canada,1,1,0,0,0,0,0,0,0,0,1,1,0,0,0,0,0,0,1
1991,canada,156,1,Unit root,-0.07103427,-0.016479956,-0.016479956,Canada,1,1,0,0,0,0,0,0,0,0,1,1,0,0,0,0,0,0,1
1992,canada,156,1,Unit root,-0.07103427,-0.016479956,-0.016479956,Canada,1,1,0,0,0,0,0,0,0,0,1,1,0,0,0,0,0,0,1
1993,canada,156,1,Unit root,-0.07103427,-0.016479956,-0.016479956,Canada,1,1,0,0,0,0,0,0,0,0,1,1,0,0,0,0,0,0,1
1994,canada,156,1,Unit root,-0.07103427,-0.016479956,-0.016479956,Canada,1,1,0,0,0,0,0,0,0,0,1,1,0,0,0,0,0,0,1
1995,canada,156,1,Unit root,-0.07103427,-0.016479956,-0.016479956,Canada,1,1,0,0,0,0,0,0,0,0,1,1,0,0,0,0,0,0,1
1996,canada,156,1,Unit root,-0.07103427,-0.016479956,-0.016479956,Canada,1,1,0,0,0,0,0,0,0,0,1,1,0,0,0,0,0,0,1
1997,canada,156,1,Unit root,-0.07103427,-0.016479956,-0.016479956,Canada,1,1,0,0,0,0,0,0,0,0,1,1,0,0,0,0,0,0,1
1998,canada,156,1,Unit root,-0.07103427,-0.016479956,-0.016479956,Canada,1,1,0,0,0,0,0,0,0,0,1,1,0,0,0,0,0,0,1
1999,canada,156,1,Unit root,-0.07103427,-0.016479956,-0.016479956,Canada,1,1,0,0,0,0,0,0,0,0,1,1,0,0,0,0,0,0,1
2000,canada,156,1,Unit root,-0.07103427,-0.016479956,-0.016479956,Canada,1,1,0,0,0,0,0,0,0,0,1,1,0,0,0,0,0,0,1
2001,canada,156,1,Unit root,-0.07103427,-0.016479956,-0.016479956,Canada,1,1,0,0,0,0,0,0,0,0,1,1,0,0,0,0,0,0,1
2002,canada,156,1,Unit root,-0.07103427,-0.016479956,-0.016479956,Canada,1,1,0,0,0,0,0,0,0,0,1,1,0,0,0,0,0,0,1
2003,canada,156,1,Unit root,-0.07103427,-0.016479956,-0.016479956,Canada,1,1,0,0,0,0,0,0,0,0,1,1,0,0,0,0,0,0,1
2004,canada,156,1,Unit root,-0.07103427,-0.016479956,-0.016479956,Canada,1,1,0,0,0,0,0,0,0,0,1,1,0,0,0,0,0,0,1
2005,canada,156,1,Unit root,-0.07103427,-0.016479956,-0.016479956,Canada,1,1,0,0,0,0,0,0,0,0,1,1,0,0,0,0,0,0,1
2006,canada,156,1,Unit root,-0.07103427,-0.016479956,-0.016479956,Canada,1,1,0,0,0,0,0,0,0,0,1,1,0,0,0,0,0,0,1
2007,canada,156,1,Unit root,-0.07103427,-0.016479956,-0.016479956,Canada,1,1,0,0,0,0,0,0,0,0,1,1,0,0,0,0,0,0,1
2008,canada,156,1,Unit root,-0.07103427,-0.016479956,-0.016479956,Canada,1,1,0,0,0,0,0,0,0,0,1,1,0,0,0,0,0,0,1
2009,canada,156,1,Unit root,-0.07103427,-0.016479956,-0.016479956,Canada,1,1,0,0,0,0,0,0,0,0,1,1,0,0,0,0,0,0,1
2010,canada,156,1,Unit root,-0.07103427,-0.016479956,-0.016479956,Canada,1,1,0,0,0,0,0,0,0,0,1,1,0,0,0,0,0,0,1
2011,canada,156,1,Unit root,-0.07103427,-0.016479956,-0.016479956,Canada,1,1,0,0,0,0,0,0,0,0,1,1,0,0,0,0,0,0,1
2012,canada,156,1,Unit root,-0.07103427,-0.016479956,-0.016479956,Canada,1,1,0,0,0,0,0,0,0,0,1,1,0,0,0,0,0,0,1
2013,canada,156,1,Unit root,-0.07103427,-0.016479956,-0.016479956,Canada,1,1,0,0,0,0,0,0,0,0,1,1,0,0,0,0,0,0,1
2014,canada,156,1,Unit root,-0.07103427,-0.016479956,-0.016479956,Canada,1,1,0,0,0,0,0,0,0,0,1,1,0,0,0,0,0,0,1
2015,canada,156,1,Unit root,-0.07103427,-0.016479956,-0.016479956,Canada,1,1,0,0,0,0,0,0,0,0,1,1,0,0,0,0,0,0,1
2016,canada,156,1,Unit root,-0.07103427,-0.016479956,-0.016479956,Canada,1,1,0,0,0,0,0,0,0,0,1,1,0,0,0,0,0,0,1
2017,canada,156,1,Unit root,-0.07103427,-0.016479956,-0.016479956,Canada,1,1,0,0,0,0,0,0,0,0,1,1,0,0,0,0,0,0,1
2018,canada,156,1,Unit root,-0.07103427,-0.016479956,-0.016479956,Canada,1,1,0,0,0,0,0,0,0,0,1,1,0,0,0,0,0,0,1
2019,canada,156,1,Unit root,-0.07103427,-0.016479956,-0.016479956,Canada,1,1,0,0,0,0,0,0,0,0,1,1,0,0,0,0,0,0,1
2020,canada,156,1,Unit root,-0.07103427,-0.016479956,-0.016479956,Canada,1,1,0,0,0,0,0,0,0,0,1,1,0,0,0,0,0,0,1
2021,canada,156,1,Unit root,-0.07103427,-0.016479956,-0.016479956,Canada,1,1,0,0,0,0,0,0,0,0,1,1,0,0,0,0,0,0,1
2022,canada,156,1,Unit root,-0.07103427,-0.016479956,-0.016479956,Canada,1,1,0,0,0,0,0,0,0,0,1,1,0,0,0,0,0,0,1
2023,canada,156,1,Unit root,-0.07103427,-0.016479956,-0.016479956,Canada,1,1,0,0,0,0,0,0,0,0,1,1,0,0,0,0,0,0,1
2024,canada,156,0,Unit root,-0.07103427,-0.016479956,-0.07103427,Canada,1,1,0,0,0,0,0,0,0,0,1,1,0,0,0,0,0,0,1
1991,chile,228,0,Stationary,-1.057275044,-0.403793648,-1.057275044,Chile,0,0,1,0,0,0,1,0,0,0,0,0,0,0,0,0,0,0,0
1992,chile,228,0,Stationary,-1.057275044,-0.403793648,-1.057275044,Chile,0,0,1,0,0,0,1,0,0,0,0,0,0,0,0,0,0,0,0
1993,chile,228,0,Stationary,-1.057275044,-0.403793648,-1.057275044,Chile,0,0,1,0,0,0,1,0,0,0,0,0,0,0,0,0,0,0,0
1994,chile,228,0,Stationary,-1.057275044,-0.403793648,-1.057275044,Chile,0,0,1,0,0,0,1,0,0,0,0,0,0,0,0,0,0,0,0
1995,chile,228,0,Stationary,-1.057275044,-0.403793648,-1.057275044,Chile,0,0,1,0,0,0,1,0,0,0,0,0,0,0,0,0,0,0,0
1996,chile,228,0,Stationary,-1.057275044,-0.403793648,-1.057275044,Chile,0,0,1,0,0,0,1,0,0,0,0,0,0,0,0,0,0,0,0
1997,chile,228,0,Stationary,-1.057275044,-0.403793648,-1.057275044,Chile,0,0,1,0,0,0,1,0,0,0,0,0,0,0,0,0,0,0,0
1998,chile,228,0,Stationary,-1.057275044,-0.403793648,-1.057275044,Chile,0,0,1,0,0,0,1,0,0,0,0,0,0,0,0,0,0,0,0
1999,chile,228,1,Stationary,-1.057275044,-0.403793648,-0.403793648,Chile,0,0,1,0,0,0,1,0,0,0,0,0,0,0,0,0,0,0,0
2000,chile,228,0,Stationary,-1.057275044,-0.403793648,-1.057275044,Chile,0,0,1,0,0,0,1,0,0,0,0,0,0,0,0,0,0,0,0
2001,chile,228,1,Stationary,-1.057275044,-0.403793648,-0.403793648,Chile,0,0,1,0,0,0,1,0,0,0,0,0,0,0,0,0,0,0,0
2002,chile,228,0,Stationary,-1.057275044,-0.403793648,-1.057275044,Chile,0,0,1,0,0,0,1,0,0,0,0,0,0,0,0,0,0,0,0
2003,chile,228,0,Stationary,-1.057275044,-0.403793648,-1.057275044,Chile,0,0,1,0,0,0,1,0,0,0,0,0,0,0,0,0,0,0,0
2004,chile,228,0,Stationary,-1.057275044,-0.403793648,-1.057275044,Chile,0,0,1,0,0,0,1,0,0,0,0,0,0,0,0,0,0,0,0
2005,chile,228,0,Stationary,-1.057275044,-0.403793648,-1.057275044,Chile,0,0,1,0,0,0,1,0,0,0,0,0,0,0,0,0,0,0,0
2006,chile,228,0,Stationary,-1.057275044,-0.403793648,-1.057275044,Chile,0,0,1,0,0,0,1,0,0,0,0,0,0,0,0,0,0,0,0
2007,chile,228,0,Stationary,-1.057275044,-0.403793648,-1.057275044,Chile,0,0,1,0,0,0,1,0,0,0,0,0,0,0,0,0,0,0,0
2008,chile,228,0,Stationary,-1.057275044,-0.403793648,-1.057275044,Chile,0,0,1,0,0,0,1,0,0,0,0,0,0,0,0,0,0,0,0
2009,chile,228,1,Stationary,-1.057275044,-0.403793648,-0.403793648,Chile,0,0,1,0,0,0,1,0,0,0,0,0,0,0,0,0,0,0,0
2010,chile,228,0,Stationary,-1.057275044,-0.403793648,-1.057275044,Chile,0,0,1,0,0,0,1,0,0,0,0,0,0,0,0,0,0,0,0
2011,chile,228,0,Stationary,-1.057275044,-0.403793648,-1.057275044,Chile,0,0,1,0,0,0,1,0,0,0,0,0,0,0,0,0,0,0,0
2012,chile,228,0,Stationary,-1.057275044,-0.403793648,-1.057275044,Chile,0,0,1,0,0,0,1,0,0,0,0,0,0,0,0,0,0,0,0
2013,chile,228,0,Stationary,-1.057275044,-0.403793648,-1.057275044,Chile,0,0,1,0,0,0,1,0,0,0,0,0,0,0,0,0,0,0,0
2014,chile,228,0,Stationary,-1.057275044,-0.403793648,-1.057275044,Chile,0,0,1,0,0,0,1,0,0,0,0,0,0,0,0,0,0,0,0
2015,chile,228,0,Stationary,-1.057275044,-0.403793648,-1.057275044,Chile,0,0,1,0,0,0,1,0,0,0,0,0,0,0,0,0,0,0,0
2016,chile,228,0,Stationary,-1.057275044,-0.403793648,-1.057275044,Chile,0,0,1,0,0,0,1,0,0,0,0,0,0,0,0,0,0,0,0
2017,chile,228,0,Stationary,-1.057275044,-0.403793648,-1.057275044,Chile,0,0,1,0,0,0,1,0,0,0,0,0,0,0,0,0,0,0,0
2018,chile,228,0,Stationary,-1.057275044,-0.403793648,-1.057275044,Chile,0,0,1,0,0,0,1,0,0,0,0,0,0,0,0,0,0,0,0
2019,chile,228,1,Stationary,-1.057275044,-0.403793648,-0.403793648,Chile,0,0,1,0,0,0,1,0,0,0,0,0,0,0,0,0,0,0,0
2020,chile,228,0,Stationary,-1.057275044,-0.403793648,-1.057275044,Chile,0,0,1,0,0,0,1,0,0,0,0,0,0,0,0,0,0,0,0
2021,chile,228,0,Stationary,-1.057275044,-0.403793648,-1.057275044,Chile,0,0,1,0,0,0,1,0,0,0,0,0,0,0,0,0,0,0,0
2022,chile,228,1,Stationary,-1.057275044,-0.403793648,-0.403793648,Chile,0,0,1,0,0,0,1,0,0,0,0,0,0,0,0,0,0,0,0
2023,chile,228,0,Stationary,-1.057275044,-0.403793648,-1.057275044,Chile,0,0,1,0,0,0,1,0,0,0,0,0,0,0,0,0,0,0,0
2024,chile,228,0,Stationary,-1.057275044,-0.403793648,-1.057275044,Chile,0,0,1,0,0,0,1,0,0,0,0,0,0,0,0,0,0,0,0
1991,china,924,1,Unit root,-0.511762994,-0.134773653,-0.134773653,China,0,0,1,0,1,0,0,0,1,0,1,0,0,0,0,0,0,0,0
1992,china,924,0,Stationary,-0.511762994,-0.134773653,-0.511762994,China,0,0,1,0,1,0,0,0,1,0,1,0,0,0,0,0,0,0,0
1993,china,924,0,Stationary,-0.511762994,-0.134773653,-0.511762994,China,0,0,1,0,1,0,0,0,1,0,1,0,0,0,0,0,0,0,0
1994,china,924,1,Unit root,-0.511762994,-0.134773653,-0.134773653,China,0,0,1,0,1,0,0,0,1,0,1,0,0,0,0,0,0,0,0
1995,china,924,1,Unit root,-0.511762994,-0.134773653,-0.134773653,China,0,0,1,0,1,0,0,0,1,0,1,0,0,0,0,0,0,0,0
1996,china,924,0,Stationary,-0.511762994,-0.134773653,-0.511762994,China,0,0,1,0,1,0,0,0,1,0,1,0,0,0,0,0,0,0,0
1997,china,924,1,Unit root,-0.511762994,-0.134773653,-0.134773653,China,0,0,1,0,1,0,0,0,1,0,1,0,0,0,0,0,0,0,0
1998,china,924,1,Unit root,-0.511762994,-0.134773653,-0.134773653,China,0,0,1,0,1,0,0,0,1,0,1,0,0,0,0,0,0,0,0
1999,china,924,1,Unit root,-0.511762994,-0.134773653,-0.134773653,China,0,0,1,0,1,0,0,0,1,0,1,0,0,0,0,0,0,0,0
2000,china,924,1,Unit root,-0.511762994,-0.134773653,-0.134773653,China,0,0,1,0,1,0,0,0,1,0,1,0,0,0,0,0,0,0,0
2001,china,924,1,Unit root,-0.511762994,-0.134773653,-0.134773653,China,0,0,1,0,1,0,0,0,1,0,1,0,0,0,0,0,0,0,0
2002,china,924,1,Unit root,-0.511762994,-0.134773653,-0.134773653,China,0,0,1,0,1,0,0,0,1,0,1,0,0,0,0,0,0,0,0
2003,china,924,1,Unit root,-0.511762994,-0.134773653,-0.134773653,China,0,0,1,0,1,0,0,0,1,0,1,0,0,0,0,0,0,0,0
2004,china,924,0,Stationary,-0.511762994,-0.134773653,-0.511762994,China,0,0,1,0,1,0,0,0,1,0,1,0,0,0,0,0,0,0,0
2005,china,924,0,Stationary,-0.511762994,-0.134773653,-0.511762994,China,0,0,1,0,1,0,0,0,1,0,1,0,0,0,0,0,0,0,0
2006,china,924,0,Stationary,-0.511762994,-0.134773653,-0.511762994,China,0,0,1,0,1,0,0,0,1,0,1,0,0,0,0,0,0,0,0
2007,china,924,0,Stationary,-0.511762994,-0.134773653,-0.511762994,China,0,0,1,0,1,0,0,0,1,0,1,0,0,0,0,0,0,0,0
2008,china,924,1,Unit root,-0.511762994,-0.134773653,-0.134773653,China,0,0,1,0,1,0,0,0,1,0,1,0,0,0,0,0,0,0,0
2009,china,924,1,Unit root,-0.511762994,-0.134773653,-0.134773653,China,0,0,1,0,1,0,0,0,1,0,1,0,0,0,0,0,0,0,0
2010,china,924,1,Unit root,-0.511762994,-0.134773653,-0.134773653,China,0,0,1,0,1,0,0,0,1,0,1,0,0,0,0,0,0,0,0
2011,china,924,1,Unit root,-0.511762994,-0.134773653,-0.134773653,China,0,0,1,0,1,0,0,0,1,0,1,0,0,0,0,0,0,0,0
2012,china,924,1,Unit root,-0.511762994,-0.134773653,-0.134773653,China,0,0,1,0,1,0,0,0,1,0,1,0,0,0,0,0,0,0,0
2013,china,924,1,Unit root,-0.511762994,-0.134773653,-0.134773653,China,0,0,1,0,1,0,0,0,1,0,1,0,0,0,0,0,0,0,0
2014,china,924,1,Unit root,-0.511762994,-0.134773653,-0.134773653,China,0,0,1,0,1,0,0,0,1,0,1,0,0,0,0,0,0,0,0
2015,china,924,1,Unit root,-0.511762994,-0.134773653,-0.134773653,China,0,0,1,0,1,0,0,0,1,0,1,0,0,0,0,0,0,0,0
2016,china,924,1,Unit root,-0.511762994,-0.134773653,-0.134773653,China,0,0,1,0,1,0,0,0,1,0,1,0,0,0,0,0,0,0,0
2017,china,924,1,Unit root,-0.511762994,-0.134773653,-0.134773653,China,0,0,1,0,1,0,0,0,1,0,1,0,0,0,0,0,0,0,0
2018,china,924,1,Unit root,-0.511762994,-0.134773653,-0.134773653,China,0,0,1,0,1,0,0,0,1,0,1,0,0,0,0,0,0,0,0
2019,china,924,1,Unit root,-0.511762994,-0.134773653,-0.134773653,China,0,0,1,0,1,0,0,0,1,0,1,0,0,0,0,0,0,0,0
2020,china,924,1,Unit root,-0.511762994,-0.134773653,-0.134773653,China,0,0,1,0,1,0,0,0,1,0,1,0,0,0,0,0,0,0,0
2021,china,924,1,Unit root,-0.511762994,-0.134773653,-0.134773653,China,0,0,1,0,1,0,0,0,1,0,1,0,0,0,0,0,0,0,0
2022,china,924,1,Unit root,-0.511762994,-0.134773653,-0.134773653,China,0,0,1,0,1,0,0,0,1,0,1,0,0,0,0,0,0,0,0
2023,china,924,1,Unit root,-0.511762994,-0.134773653,-0.134773653,China,0,0,1,0,1,0,0,0,1,0,1,0,0,0,0,0,0,0,0
2024,china,924,0,Stationary,-0.511762994,-0.134773653,-0.511762994,China,0,0,1,0,1,0,0,0,1,0,1,0,0,0,0,0,0,0,0
1996,colombia,233,1,Unit root,-0.122024368,-0.707659481,-0.707659481,Colombia,0,0,1,0,0,0,1,0,0,0,0,0,0,0,0,0,0,0,0
1997,colombia,233,1,Unit root,-0.122024368,-0.707659481,-0.707659481,Colombia,0,0,1,0,0,0,1,0,0,0,0,0,0,0,0,0,0,0,0
1998,colombia,233,0,Unit root,-0.122024368,-0.707659481,-0.122024368,Colombia,0,0,1,0,0,0,1,0,0,0,0,0,0,0,0,0,0,0,0
1999,colombia,233,1,Unit root,-0.122024368,-0.707659481,-0.707659481,Colombia,0,0,1,0,0,0,1,0,0,0,0,0,0,0,0,0,0,0,0
2000,colombia,233,1,Unit root,-0.122024368,-0.707659481,-0.707659481,Colombia,0,0,1,0,0,0,1,0,0,0,0,0,0,0,0,0,0,0,0
2001,colombia,233,1,Unit root,-0.122024368,-0.707659481,-0.707659481,Colombia,0,0,1,0,0,0,1,0,0,0,0,0,0,0,0,0,0,0,0
2002,colombia,233,1,Unit root,-0.122024368,-0.707659481,-0.707659481,Colombia,0,0,1,0,0,0,1,0,0,0,0,0,0,0,0,0,0,0,0
2003,colombia,233,1,Unit root,-0.122024368,-0.707659481,-0.707659481,Colombia,0,0,1,0,0,0,1,0,0,0,0,0,0,0,0,0,0,0,0
2004,colombia,233,1,Unit root,-0.122024368,-0.707659481,-0.707659481,Colombia,0,0,1,0,0,0,1,0,0,0,0,0,0,0,0,0,0,0,0
2005,colombia,233,1,Unit root,-0.122024368,-0.707659481,-0.707659481,Colombia,0,0,1,0,0,0,1,0,0,0,0,0,0,0,0,0,0,0,0
2006,colombia,233,1,Unit root,-0.122024368,-0.707659481,-0.707659481,Colombia,0,0,1,0,0,0,1,0,0,0,0,0,0,0,0,0,0,0,0
2007,colombia,233,1,Unit root,-0.122024368,-0.707659481,-0.707659481,Colombia,0,0,1,0,0,0,1,0,0,0,0,0,0,0,0,0,0,0,0
2008,colombia,233,1,Unit root,-0.122024368,-0.707659481,-0.707659481,Colombia,0,0,1,0,0,0,1,0,0,0,0,0,0,0,0,0,0,0,0
2009,colombia,233,1,Unit root,-0.122024368,-0.707659481,-0.707659481,Colombia,0,0,1,0,0,0,1,0,0,0,0,0,0,0,0,0,0,0,0
2010,colombia,233,1,Unit root,-0.122024368,-0.707659481,-0.707659481,Colombia,0,0,1,0,0,0,1,0,0,0,0,0,0,0,0,0,0,0,0
2011,colombia,233,1,Unit root,-0.122024368,-0.707659481,-0.707659481,Colombia,0,0,1,0,0,0,1,0,0,0,0,0,0,0,0,0,0,0,0
2012,colombia,233,1,Unit root,-0.122024368,-0.707659481,-0.707659481,Colombia,0,0,1,0,0,0,1,0,0,0,0,0,0,0,0,0,0,0,0
2013,colombia,233,1,Unit root,-0.122024368,-0.707659481,-0.707659481,Colombia,0,0,1,0,0,0,1,0,0,0,0,0,0,0,0,0,0,0,0
2014,colombia,233,1,Unit root,-0.122024368,-0.707659481,-0.707659481,Colombia,0,0,1,0,0,0,1,0,0,0,0,0,0,0,0,0,0,0,0
2015,colombia,233,1,Unit root,-0.122024368,-0.707659481,-0.707659481,Colombia,0,0,1,0,0,0,1,0,0,0,0,0,0,0,0,0,0,0,0
2016,colombia,233,1,Unit root,-0.122024368,-0.707659481,-0.707659481,Colombia,0,0,1,0,0,0,1,0,0,0,0,0,0,0,0,0,0,0,0
2017,colombia,233,1,Unit root,-0.122024368,-0.707659481,-0.707659481,Colombia,0,0,1,0,0,0,1,0,0,0,0,0,0,0,0,0,0,0,0
2018,colombia,233,1,Unit root,-0.122024368,-0.707659481,-0.707659481,Colombia,0,0,1,0,0,0,1,0,0,0,0,0,0,0,0,0,0,0,0
2019,colombia,233,1,Unit root,-0.122024368,-0.707659481,-0.707659481,Colombia,0,0,1,0,0,0,1,0,0,0,0,0,0,0,0,0,0,0,0
2020,colombia,233,1,Unit root,-0.122024368,-0.707659481,-0.707659481,Colombia,0,0,1,0,0,0,1,0,0,0,0,0,0,0,0,0,0,0,0
2021,colombia,233,1,Unit root,-0.122024368,-0.707659481,-0.707659481,Colombia,0,0,1,0,0,0,1,0,0,0,0,0,0,0,0,0,0,0,0
2022,colombia,233,1,Unit root,-0.122024368,-0.707659481,-0.707659481,Colombia,0,0,1,0,0,0,1,0,0,0,0,0,0,0,0,0,0,0,0
2023,colombia,233,1,Unit root,-0.122024368,-0.707659481,-0.707659481,Colombia,0,0,1,0,0,0,1,0,0,0,0,0,0,0,0,0,0,0,0
2024,colombia,233,0,Unit root,-0.122024368,-0.707659481,-0.122024368,Colombia,0,0,1,0,0,0,1,0,0,0,0,0,0,0,0,0,0,0,0
1999,costa rica,238,1,Stationary,-0.350693446,-0.836840916,-0.836840916,Costa Rica,0,0,1,0,0,0,1,0,0,0,0,0,0,0,0,0,0,0,0
2000,costa rica,238,1,Stationary,-0.350693446,-0.836840916,-0.836840916,Costa Rica,0,0,1,0,0,0,1,0,0,0,0,0,0,0,0,0,0,0,0
2001,costa rica,238,1,Stationary,-0.350693446,-0.836840916,-0.836840916,Costa Rica,0,0,1,0,0,0,1,0,0,0,0,0,0,0,0,0,0,0,0
2002,costa rica,238,1,Stationary,-0.350693446,-0.836840916,-0.836840916,Costa Rica,0,0,1,0,0,0,1,0,0,0,0,0,0,0,0,0,0,0,0
2003,costa rica,238,1,Stationary,-0.350693446,-0.836840916,-0.836840916,Costa Rica,0,0,1,0,0,0,1,0,0,0,0,0,0,0,0,0,0,0,0
2004,costa rica,238,1,Stationary,-0.350693446,-0.836840916,-0.836840916,Costa Rica,0,0,1,0,0,0,1,0,0,0,0,0,0,0,0,0,0,0,0
2005,costa rica,238,1,Stationary,-0.350693446,-0.836840916,-0.836840916,Costa Rica,0,0,1,0,0,0,1,0,0,0,0,0,0,0,0,0,0,0,0
2006,costa rica,238,1,Stationary,-0.350693446,-0.836840916,-0.836840916,Costa Rica,0,0,1,0,0,0,1,0,0,0,0,0,0,0,0,0,0,0,0
2007,costa rica,238,1,Stationary,-0.350693446,-0.836840916,-0.836840916,Costa Rica,0,0,1,0,0,0,1,0,0,0,0,0,0,0,0,0,0,0,0
2008,costa rica,238,0,Stationary,-0.350693446,-0.836840916,-0.350693446,Costa Rica,0,0,1,0,0,0,1,0,0,0,0,0,0,0,0,0,0,0,0
2009,costa rica,238,1,Stationary,-0.350693446,-0.836840916,-0.836840916,Costa Rica,0,0,1,0,0,0,1,0,0,0,0,0,0,0,0,0,0,0,0
2010,costa rica,238,1,Stationary,-0.350693446,-0.836840916,-0.836840916,Costa Rica,0,0,1,0,0,0,1,0,0,0,0,0,0,0,0,0,0,0,0
2011,costa rica,238,1,Stationary,-0.350693446,-0.836840916,-0.836840916,Costa Rica,0,0,1,0,0,0,1,0,0,0,0,0,0,0,0,0,0,0,0
2012,costa rica,238,1,Stationary,-0.350693446,-0.836840916,-0.836840916,Costa Rica,0,0,1,0,0,0,1,0,0,0,0,0,0,0,0,0,0,0,0
2013,costa rica,238,1,Stationary,-0.350693446,-0.836840916,-0.836840916,Costa Rica,0,0,1,0,0,0,1,0,0,0,0,0,0,0,0,0,0,0,0
2014,costa rica,238,1,Stationary,-0.350693446,-0.836840916,-0.836840916,Costa Rica,0,0,1,0,0,0,1,0,0,0,0,0,0,0,0,0,0,0,0
2015,costa rica,238,1,Stationary,-0.350693446,-0.836840916,-0.836840916,Costa Rica,0,0,1,0,0,0,1,0,0,0,0,0,0,0,0,0,0,0,0
2016,costa rica,238,1,Stationary,-0.350693446,-0.836840916,-0.836840916,Costa Rica,0,0,1,0,0,0,1,0,0,0,0,0,0,0,0,0,0,0,0
2017,costa rica,238,0,Stationary,-0.350693446,-0.836840916,-0.350693446,Costa Rica,0,0,1,0,0,0,1,0,0,0,0,0,0,0,0,0,0,0,0
2018,costa rica,238,0,Stationary,-0.350693446,-0.836840916,-0.350693446,Costa Rica,0,0,1,0,0,0,1,0,0,0,0,0,0,0,0,0,0,0,0
2019,costa rica,238,0,Stationary,-0.350693446,-0.836840916,-0.350693446,Costa Rica,0,0,1,0,0,0,1,0,0,0,0,0,0,0,0,0,0,0,0
2020,costa rica,238,1,Stationary,-0.350693446,-0.836840916,-0.836840916,Costa Rica,0,0,1,0,0,0,1,0,0,0,0,0,0,0,0,0,0,0,0
2021,costa rica,238,0,Stationary,-0.350693446,-0.836840916,-0.350693446,Costa Rica,0,0,1,0,0,0,1,0,0,0,0,0,0,0,0,0,0,0,0
2022,costa rica,238,0,Stationary,-0.350693446,-0.836840916,-0.350693446,Costa Rica,0,0,1,0,0,0,1,0,0,0,0,0,0,0,0,0,0,0,0
2023,costa rica,238,0,Stationary,-0.350693446,-0.836840916,-0.350693446,Costa Rica,0,0,1,0,0,0,1,0,0,0,0,0,0,0,0,0,0,0,0
2024,costa rica,238,0,Stationary,-0.350693446,-0.836840916,-0.350693446,Costa Rica,0,0,1,0,0,0,1,0,0,0,0,0,0,0,0,0,0,0,0
1994,croatia,960,1,Stationary,-0.042036287,-0.357925697,-0.357925697,Croatia,1,0,0,0,0,0,0,0,0,1,0,0,0,0,0,0,0,0,0
1995,croatia,960,1,Stationary,-0.042036287,-0.357925697,-0.357925697,Croatia,1,0,0,0,0,0,0,0,0,1,0,0,0,0,0,0,0,0,0
1996,croatia,960,1,Stationary,-0.042036287,-0.357925697,-0.357925697,Croatia,1,0,0,0,0,0,0,0,0,1,0,0,0,0,0,0,0,0,0
1997,croatia,960,0,Unit root,-0.042036287,-0.357925697,-0.042036287,Croatia,1,0,0,0,0,0,0,0,0,1,0,0,0,0,0,0,0,0,0
1998,croatia,960,1,Stationary,-0.042036287,-0.357925697,-0.357925697,Croatia,1,0,0,0,0,0,0,0,0,1,0,0,0,0,0,0,0,0,0
1999,croatia,960,1,Stationary,-0.042036287,-0.357925697,-0.357925697,Croatia,1,0,0,0,0,0,0,0,0,1,0,0,0,0,0,0,0,0,0
2000,croatia,960,1,Stationary,-0.042036287,-0.357925697,-0.357925697,Croatia,1,0,0,0,0,0,0,0,0,1,0,0,0,0,0,0,0,0,0
2001,croatia,960,1,Stationary,-0.042036287,-0.357925697,-0.357925697,Croatia,1,0,0,0,0,0,0,0,0,1,0,0,0,0,0,0,0,0,0
2002,croatia,960,1,Stationary,-0.042036287,-0.357925697,-0.357925697,Croatia,1,0,0,0,0,0,0,0,0,1,0,0,0,0,0,0,0,0,0
2003,croatia,960,1,Stationary,-0.042036287,-0.357925697,-0.357925697,Croatia,1,0,0,0,0,0,0,0,0,1,0,0,0,0,0,0,0,0,0
2004,croatia,960,1,Stationary,-0.042036287,-0.357925697,-0.357925697,Croatia,1,0,0,0,0,0,0,0,0,1,0,0,0,0,0,0,0,0,0
2005,croatia,960,1,Stationary,-0.042036287,-0.357925697,-0.357925697,Croatia,1,0,0,0,0,0,0,0,0,1,0,0,0,0,0,0,0,0,0
2006,croatia,960,1,Stationary,-0.042036287,-0.357925697,-0.357925697,Croatia,1,0,0,0,0,0,0,0,0,1,0,0,0,0,0,0,0,0,0
2007,croatia,960,1,Stationary,-0.042036287,-0.357925697,-0.357925697,Croatia,1,0,0,0,0,0,0,0,0,1,0,0,0,0,0,0,0,0,0
2008,croatia,960,1,Stationary,-0.042036287,-0.357925697,-0.357925697,Croatia,1,0,0,0,0,0,0,0,0,1,0,0,0,0,0,0,0,0,0
2009,croatia,960,0,Unit root,-0.042036287,-0.357925697,-0.042036287,Croatia,1,0,0,0,0,0,0,0,0,1,0,0,0,0,0,0,0,0,0
2010,croatia,960,0,Unit root,-0.042036287,-0.357925697,-0.042036287,Croatia,1,0,0,0,0,0,0,0,0,1,0,0,0,0,0,0,0,0,0
2011,croatia,960,0,Unit root,-0.042036287,-0.357925697,-0.042036287,Croatia,1,0,0,0,0,0,0,0,0,1,0,0,0,0,0,0,0,0,0
2012,croatia,960,1,Stationary,-0.042036287,-0.357925697,-0.357925697,Croatia,1,0,0,0,0,0,0,0,0,1,0,0,0,0,0,0,0,0,0
2013,croatia,960,1,Stationary,-0.042036287,-0.357925697,-0.357925697,Croatia,1,0,0,0,0,0,0,0,0,1,0,0,0,0,0,0,0,0,0
2014,croatia,960,1,Stationary,-0.042036287,-0.357925697,-0.357925697,Croatia,1,0,0,0,0,0,0,0,0,1,0,0,0,0,0,0,0,0,0
2015,croatia,960,1,Stationary,-0.042036287,-0.357925697,-0.357925697,Croatia,1,0,0,0,0,0,0,0,0,1,0,0,0,0,0,0,0,0,0
2016,croatia,960,1,Stationary,-0.042036287,-0.357925697,-0.357925697,Croatia,1,0,0,0,0,0,0,0,0,1,0,0,0,0,0,0,0,0,0
2017,croatia,960,1,Stationary,-0.042036287,-0.357925697,-0.357925697,Croatia,1,0,0,0,0,0,0,0,0,1,0,0,0,0,0,0,0,0,0
2018,croatia,960,1,Stationary,-0.042036287,-0.357925697,-0.357925697,Croatia,1,0,0,0,0,0,0,0,0,1,0,0,0,0,0,0,0,0,0
2019,croatia,960,1,Stationary,-0.042036287,-0.357925697,-0.357925697,Croatia,1,0,0,0,0,0,0,0,0,1,0,0,0,0,0,0,0,0,0
2020,croatia,960,1,Stationary,-0.042036287,-0.357925697,-0.357925697,Croatia,1,0,0,0,0,0,0,0,0,1,0,0,0,0,0,0,0,0,0
2021,croatia,960,1,Stationary,-0.042036287,-0.357925697,-0.357925697,Croatia,1,0,0,0,0,0,0,0,0,1,0,0,0,0,0,0,0,0,0
2022,croatia,960,1,Stationary,-0.042036287,-0.357925697,-0.357925697,Croatia,1,0,0,0,0,0,0,0,0,1,0,0,0,0,0,0,0,0,0
2023,croatia,960,1,Stationary,-0.042036287,-0.357925697,-0.357925697,Croatia,1,0,0,0,0,0,0,0,0,1,0,0,0,0,0,0,0,0,0
2024,croatia,960,0,Unit root,-0.042036287,-0.357925697,-0.042036287,Croatia,1,0,0,0,0,0,0,0,0,1,0,0,0,0,0,0,0,0,0
2004,cyprus,423,0,Unit root,-0.097759429,-0.186103802,-0.097759429,Cyprus,1,0,0,0,0,0,0,0,0,1,0,0,0,0,0,0,0,0,0
2005,cyprus,423,0,Unit root,-0.097759429,-0.186103802,-0.097759429,Cyprus,1,0,0,0,0,0,0,0,0,1,0,0,0,0,0,0,0,0,0
2006,cyprus,423,1,Unit root,-0.097759429,-0.186103802,-0.186103802,Cyprus,1,0,0,0,0,0,0,0,0,1,0,0,0,0,0,0,0,0,0
2007,cyprus,423,1,Unit root,-0.097759429,-0.186103802,-0.186103802,Cyprus,1,0,0,0,0,0,0,0,0,1,0,0,0,0,0,0,0,0,0
2008,cyprus,423,1,Unit root,-0.097759429,-0.186103802,-0.186103802,Cyprus,1,0,0,0,0,0,0,0,0,1,0,0,0,0,0,0,0,0,0
2009,cyprus,423,1,Unit root,-0.097759429,-0.186103802,-0.186103802,Cyprus,1,0,0,0,0,0,0,0,0,1,0,0,0,0,0,0,0,0,0
2010,cyprus,423,0,Unit root,-0.097759429,-0.186103802,-0.097759429,Cyprus,1,0,0,0,0,0,0,0,0,1,0,0,0,0,0,0,0,0,0
2011,cyprus,423,0,Unit root,-0.097759429,-0.186103802,-0.097759429,Cyprus,1,0,0,0,0,0,0,0,0,1,0,0,0,0,0,0,0,0,0
2012,cyprus,423,0,Unit root,-0.097759429,-0.186103802,-0.097759429,Cyprus,1,0,0,0,0,0,0,0,0,1,0,0,0,0,0,0,0,0,0
2013,cyprus,423,0,Unit root,-0.097759429,-0.186103802,-0.097759429,Cyprus,1,0,0,0,0,0,0,0,0,1,0,0,0,0,0,0,0,0,0
2014,cyprus,423,0,Unit root,-0.097759429,-0.186103802,-0.097759429,Cyprus,1,0,0,0,0,0,0,0,0,1,0,0,0,0,0,0,0,0,0
2015,cyprus,423,0,Unit root,-0.097759429,-0.186103802,-0.097759429,Cyprus,1,0,0,0,0,0,0,0,0,1,0,0,0,0,0,0,0,0,0
2016,cyprus,423,0,Unit root,-0.097759429,-0.186103802,-0.097759429,Cyprus,1,0,0,0,0,0,0,0,0,1,0,0,0,0,0,0,0,0,0
2017,cyprus,423,0,Unit root,-0.097759429,-0.186103802,-0.097759429,Cyprus,1,0,0,0,0,0,0,0,0,1,0,0,0,0,0,0,0,0,0
2018,cyprus,423,0,Unit root,-0.097759429,-0.186103802,-0.097759429,Cyprus,1,0,0,0,0,0,0,0,0,1,0,0,0,0,0,0,0,0,0
2019,cyprus,423,0,Unit root,-0.097759429,-0.186103802,-0.097759429,Cyprus,1,0,0,0,0,0,0,0,0,1,0,0,0,0,0,0,0,0,0
2020,cyprus,423,0,Unit root,-0.097759429,-0.186103802,-0.097759429,Cyprus,1,0,0,0,0,0,0,0,0,1,0,0,0,0,0,0,0,0,0
2021,cyprus,423,0,Unit root,-0.097759429,-0.186103802,-0.097759429,Cyprus,1,0,0,0,0,0,0,0,0,1,0,0,0,0,0,0,0,0,0
2022,cyprus,423,0,Unit root,-0.097759429,-0.186103802,-0.097759429,Cyprus,1,0,0,0,0,0,0,0,0,1,0,0,0,0,0,0,0,0,0
2023,cyprus,423,0,Unit root,-0.097759429,-0.186103802,-0.097759429,Cyprus,1,0,0,0,0,0,0,0,0,1,0,0,0,0,0,0,0,0,0
2024,cyprus,423,0,Unit root,-0.097759429,-0.186103802,-0.097759429,Cyprus,1,0,0,0,0,0,0,0,0,1,0,0,0,0,0,0,0,0,0
1993,czech republic,935,0,Unit root,-0.287518486,-0.121551344,-0.287518486,Czech Republic,1,0,0,0,0,0,0,0,0,0,0,0,0,0,0,0,0,0,0
1994,czech republic,935,0,Unit root,-0.287518486,-0.121551344,-0.287518486,Czech Republic,1,0,0,0,0,0,0,0,0,0,0,0,0,0,0,0,0,0,0
1995,czech republic,935,0,Unit root,-0.287518486,-0.121551344,-0.287518486,Czech Republic,1,0,0,0,0,0,0,0,0,0,0,0,0,0,0,0,0,0,0
1996,czech republic,935,0,Unit root,-0.287518486,-0.121551344,-0.287518486,Czech Republic,1,0,0,0,0,0,0,0,0,0,0,0,0,0,0,0,0,0,0
1997,czech republic,935,0,Unit root,-0.287518486,-0.121551344,-0.287518486,Czech Republic,1,0,0,0,0,0,0,0,0,0,0,0,0,0,0,0,0,0,0
1998,czech republic,935,0,Unit root,-0.287518486,-0.121551344,-0.287518486,Czech Republic,1,0,0,0,0,0,0,0,0,0,0,0,0,0,0,0,0,0,0
1999,czech republic,935,0,Unit root,-0.287518486,-0.121551344,-0.287518486,Czech Republic,1,0,0,0,0,0,0,0,0,0,0,0,0,0,0,0,0,0,0
2000,czech republic,935,0,Unit root,-0.287518486,-0.121551344,-0.287518486,Czech Republic,1,0,0,0,0,0,0,0,0,0,0,0,0,0,0,0,0,0,0
2001,czech republic,935,0,Unit root,-0.287518486,-0.121551344,-0.287518486,Czech Republic,1,0,0,0,0,0,0,0,0,0,0,0,0,0,0,0,0,0,0
2002,czech republic,935,0,Unit root,-0.287518486,-0.121551344,-0.287518486,Czech Republic,1,0,0,0,0,0,0,0,0,0,0,0,0,0,0,0,0,0,0
2003,czech republic,935,0,Unit root,-0.287518486,-0.121551344,-0.287518486,Czech Republic,1,0,0,0,0,0,0,0,0,0,0,0,0,0,0,0,0,0,0
2004,czech republic,935,0,Unit root,-0.287518486,-0.121551344,-0.287518486,Czech Republic,1,0,0,0,0,0,0,0,0,0,0,0,0,0,0,0,0,0,0
2005,czech republic,935,0,Unit root,-0.287518486,-0.121551344,-0.287518486,Czech Republic,1,0,0,0,0,0,0,0,0,0,0,0,0,0,0,0,0,0,0
2006,czech republic,935,0,Unit root,-0.287518486,-0.121551344,-0.287518486,Czech Republic,1,0,0,0,0,0,0,0,0,0,0,0,0,0,0,0,0,0,0
2007,czech republic,935,1,Unit root,-0.287518486,-0.121551344,-0.121551344,Czech Republic,1,0,0,0,0,0,0,0,0,0,0,0,0,0,0,0,0,0,0
2008,czech republic,935,1,Unit root,-0.287518486,-0.121551344,-0.121551344,Czech Republic,1,0,0,0,0,0,0,0,0,0,0,0,0,0,0,0,0,0,0
2009,czech republic,935,1,Unit root,-0.287518486,-0.121551344,-0.121551344,Czech Republic,1,0,0,0,0,0,0,0,0,0,0,0,0,0,0,0,0,0,0
2010,czech republic,935,1,Unit root,-0.287518486,-0.121551344,-0.121551344,Czech Republic,1,0,0,0,0,0,0,0,0,0,0,0,0,0,0,0,0,0,0
2011,czech republic,935,1,Unit root,-0.287518486,-0.121551344,-0.121551344,Czech Republic,1,0,0,0,0,0,0,0,0,0,0,0,0,0,0,0,0,0,0
2012,czech republic,935,1,Unit root,-0.287518486,-0.121551344,-0.121551344,Czech Republic,1,0,0,0,0,0,0,0,0,0,0,0,0,0,0,0,0,0,0
2013,czech republic,935,1,Unit root,-0.287518486,-0.121551344,-0.121551344,Czech Republic,1,0,0,0,0,0,0,0,0,0,0,0,0,0,0,0,0,0,0
2014,czech republic,935,1,Unit root,-0.287518486,-0.121551344,-0.121551344,Czech Republic,1,0,0,0,0,0,0,0,0,0,0,0,0,0,0,0,0,0,0
2015,czech republic,935,1,Unit root,-0.287518486,-0.121551344,-0.121551344,Czech Republic,1,0,0,0,0,0,0,0,0,0,0,0,0,0,0,0,0,0,0
2016,czech republic,935,1,Unit root,-0.287518486,-0.121551344,-0.121551344,Czech Republic,1,0,0,0,0,0,0,0,0,0,0,0,0,0,0,0,0,0,0
2017,czech republic,935,1,Unit root,-0.287518486,-0.121551344,-0.121551344,Czech Republic,1,0,0,0,0,0,0,0,0,0,0,0,0,0,0,0,0,0,0
2018,czech republic,935,1,Unit root,-0.287518486,-0.121551344,-0.121551344,Czech Republic,1,0,0,0,0,0,0,0,0,0,0,0,0,0,0,0,0,0,0
2019,czech republic,935,1,Unit root,-0.287518486,-0.121551344,-0.121551344,Czech Republic,1,0,0,0,0,0,0,0,0,0,0,0,0,0,0,0,0,0,0
2020,czech republic,935,1,Unit root,-0.287518486,-0.121551344,-0.121551344,Czech Republic,1,0,0,0,0,0,0,0,0,0,0,0,0,0,0,0,0,0,0
2021,czech republic,935,0,Unit root,-0.287518486,-0.121551344,-0.287518486,Czech Republic,1,0,0,0,0,0,0,0,0,0,0,0,0,0,0,0,0,0,0
2022,czech republic,935,0,Unit root,-0.287518486,-0.121551344,-0.287518486,Czech Republic,1,0,0,0,0,0,0,0,0,0,0,0,0,0,0,0,0,0,0
2023,czech republic,935,0,Unit root,-0.287518486,-0.121551344,-0.287518486,Czech Republic,1,0,0,0,0,0,0,0,0,0,0,0,0,0,0,0,0,0,0
2024,czech republic,935,0,Unit root,-0.287518486,-0.121551344,-0.287518486,Czech Republic,1,0,0,0,0,0,0,0,0,0,0,0,0,0,0,0,0,0,0
1977,denmark,128,0,Stationary,-0.137433932,0.022919522,-0.137433932,Denmark,1,0,0,0,0,0,0,0,0,0,0,0,0,0,0,0,0,0,0
1978,denmark,128,1,Unit root,-0.137433932,0.022919522,0.022919522,Denmark,1,0,0,0,0,0,0,0,0,0,0,0,0,0,0,0,0,0,0
1979,denmark,128,1,Unit root,-0.137433932,0.022919522,0.022919522,Denmark,1,0,0,0,0,0,0,0,0,0,0,0,0,0,0,0,0,0,0
1980,denmark,128,0,Stationary,-0.137433932,0.022919522,-0.137433932,Denmark,1,0,0,0,0,0,0,0,0,0,0,0,0,0,0,0,0,0,0
1981,denmark,128,0,Stationary,-0.137433932,0.022919522,-0.137433932,Denmark,1,0,0,0,0,0,0,0,0,0,0,0,0,0,0,0,0,0,0
1982,denmark,128,0,Stationary,-0.137433932,0.022919522,-0.137433932,Denmark,1,0,0,0,0,0,0,0,0,0,0,0,0,0,0,0,0,0,0
1983,denmark,128,0,Stationary,-0.137433932,0.022919522,-0.137433932,Denmark,1,0,0,0,0,0,0,0,0,0,0,0,0,0,0,0,0,0,0
1984,denmark,128,0,Stationary,-0.137433932,0.022919522,-0.137433932,Denmark,1,0,0,0,0,0,0,0,0,0,0,0,0,0,0,0,0,0,0
1985,denmark,128,1,Unit root,-0.137433932,0.022919522,0.022919522,Denmark,1,0,0,0,0,0,0,0,0,0,0,0,0,0,0,0,0,0,0
1986,denmark,128,0,Stationary,-0.137433932,0.022919522,-0.137433932,Denmark,1,0,0,0,0,0,0,0,0,0,0,0,0,0,0,0,0,0,0
1987,denmark,128,0,Stationary,-0.137433932,0.022919522,-0.137433932,Denmark,1,0,0,0,0,0,0,0,0,0,0,0,0,0,0,0,0,0,0
1988,denmark,128,0,Stationary,-0.137433932,0.022919522,-0.137433932,Denmark,1,0,0,0,0,0,0,0,0,0,0,0,0,0,0,0,0,0,0
1989,denmark,128,1,Unit root,-0.137433932,0.022919522,0.022919522,Denmark,1,0,0,0,0,0,0,0,0,0,0,0,0,0,0,0,0,0,0
1990,denmark,128,0,Stationary,-0.137433932,0.022919522,-0.137433932,Denmark,1,0,0,0,0,0,0,0,0,0,0,0,0,0,0,0,0,0,0
1991,denmark,128,0,Stationary,-0.137433932,0.022919522,-0.137433932,Denmark,1,0,0,0,0,0,0,0,0,0,0,0,0,0,0,0,0,0,0
1992,denmark,128,0,Stationary,-0.137433932,0.022919522,-0.137433932,Denmark,1,0,0,0,0,0,0,0,0,0,0,0,0,0,0,0,0,0,0
1993,denmark,128,0,Stationary,-0.137433932,0.022919522,-0.137433932,Denmark,1,0,0,0,0,0,0,0,0,0,0,0,0,0,0,0,0,0,0
1994,denmark,128,0,Stationary,-0.137433932,0.022919522,-0.137433932,Denmark,1,0,0,0,0,0,0,0,0,0,0,0,0,0,0,0,0,0,0
1995,denmark,128,0,Stationary,-0.137433932,0.022919522,-0.137433932,Denmark,1,0,0,0,0,0,0,0,0,0,0,0,0,0,0,0,0,0,0
1996,denmark,128,0,Stationary,-0.137433932,0.022919522,-0.137433932,Denmark,1,0,0,0,0,0,0,0,0,0,0,0,0,0,0,0,0,0,0
1997,denmark,128,0,Stationary,-0.137433932,0.022919522,-0.137433932,Denmark,1,0,0,0,0,0,0,0,0,0,0,0,0,0,0,0,0,0,0
1998,denmark,128,1,Unit root,-0.137433932,0.022919522,0.022919522,Denmark,1,0,0,0,0,0,0,0,0,0,0,0,0,0,0,0,0,0,0
1999,denmark,128,0,Stationary,-0.137433932,0.022919522,-0.137433932,Denmark,1,0,0,0,0,0,0,0,0,0,0,0,0,0,0,0,0,0,0
2000,denmark,128,0,Stationary,-0.137433932,0.022919522,-0.137433932,Denmark,1,0,0,0,0,0,0,0,0,0,0,0,0,0,0,0,0,0,0
2001,denmark,128,0,Stationary,-0.137433932,0.022919522,-0.137433932,Denmark,1,0,0,0,0,0,0,0,0,0,0,0,0,0,0,0,0,0,0
2002,denmark,128,0,Stationary,-0.137433932,0.022919522,-0.137433932,Denmark,1,0,0,0,0,0,0,0,0,0,0,0,0,0,0,0,0,0,0
2003,denmark,128,0,Stationary,-0.137433932,0.022919522,-0.137433932,Denmark,1,0,0,0,0,0,0,0,0,0,0,0,0,0,0,0,0,0,0
2004,denmark,128,0,Stationary,-0.137433932,0.022919522,-0.137433932,Denmark,1,0,0,0,0,0,0,0,0,0,0,0,0,0,0,0,0,0,0
2005,denmark,128,1,Unit root,-0.137433932,0.022919522,0.022919522,Denmark,1,0,0,0,0,0,0,0,0,0,0,0,0,0,0,0,0,0,0
2006,denmark,128,0,Stationary,-0.137433932,0.022919522,-0.137433932,Denmark,1,0,0,0,0,0,0,0,0,0,0,0,0,0,0,0,0,0,0
2007,denmark,128,1,Unit root,-0.137433932,0.022919522,0.022919522,Denmark,1,0,0,0,0,0,0,0,0,0,0,0,0,0,0,0,0,0,0
2008,denmark,128,1,Unit root,-0.137433932,0.022919522,0.022919522,Denmark,1,0,0,0,0,0,0,0,0,0,0,0,0,0,0,0,0,0,0
2009,denmark,128,0,Stationary,-0.137433932,0.022919522,-0.137433932,Denmark,1,0,0,0,0,0,0,0,0,0,0,0,0,0,0,0,0,0,0
2010,denmark,128,0,Stationary,-0.137433932,0.022919522,-0.137433932,Denmark,1,0,0,0,0,0,0,0,0,0,0,0,0,0,0,0,0,0,0
2011,denmark,128,0,Stationary,-0.137433932,0.022919522,-0.137433932,Denmark,1,0,0,0,0,0,0,0,0,0,0,0,0,0,0,0,0,0,0
2012,denmark,128,0,Stationary,-0.137433932,0.022919522,-0.137433932,Denmark,1,0,0,0,0,0,0,0,0,0,0,0,0,0,0,0,0,0,0
2013,denmark,128,0,Stationary,-0.137433932,0.022919522,-0.137433932,Denmark,1,0,0,0,0,0,0,0,0,0,0,0,0,0,0,0,0,0,0
2014,denmark,128,0,Stationary,-0.137433932,0.022919522,-0.137433932,Denmark,1,0,0,0,0,0,0,0,0,0,0,0,0,0,0,0,0,0,0
2015,denmark,128,0,Stationary,-0.137433932,0.022919522,-0.137433932,Denmark,1,0,0,0,0,0,0,0,0,0,0,0,0,0,0,0,0,0,0
2016,denmark,128,0,Stationary,-0.137433932,0.022919522,-0.137433932,Denmark,1,0,0,0,0,0,0,0,0,0,0,0,0,0,0,0,0,0,0
2017,denmark,128,1,Unit root,-0.137433932,0.022919522,0.022919522,Denmark,1,0,0,0,0,0,0,0,0,0,0,0,0,0,0,0,0,0,0
2018,denmark,128,1,Unit root,-0.137433932,0.022919522,0.022919522,Denmark,1,0,0,0,0,0,0,0,0,0,0,0,0,0,0,0,0,0,0
2019,denmark,128,0,Stationary,-0.137433932,0.022919522,-0.137433932,Denmark,1,0,0,0,0,0,0,0,0,0,0,0,0,0,0,0,0,0,0
2020,denmark,128,0,Stationary,-0.137433932,0.022919522,-0.137433932,Denmark,1,0,0,0,0,0,0,0,0,0,0,0,0,0,0,0,0,0,0
2021,denmark,128,0,Stationary,-0.137433932,0.022919522,-0.137433932,Denmark,1,0,0,0,0,0,0,0,0,0,0,0,0,0,0,0,0,0,0
2022,denmark,128,0,Stationary,-0.137433932,0.022919522,-0.137433932,Denmark,1,0,0,0,0,0,0,0,0,0,0,0,0,0,0,0,0,0,0
2023,denmark,128,0,Stationary,-0.137433932,0.022919522,-0.137433932,Denmark,1,0,0,0,0,0,0,0,0,0,0,0,0,0,0,0,0,0,0
2024,denmark,128,0,Stationary,-0.137433932,0.022919522,-0.137433932,Denmark,1,0,0,0,0,0,0,0,0,0,0,0,0,0,0,0,0,0,0
2025,denmark,128,0,Stationary,-0.137433932,0.022919522,-0.137433932,Denmark,1,0,0,0,0,0,0,0,0,0,0,0,0,0,0,0,0,0,0
1999,el salvador,253,1,Unit root,-0.148932696,-0.227360043,-0.227360043,El Salvador,0,0,1,0,0,0,1,0,0,0,0,0,0,0,0,0,0,0,0
2000,el salvador,253,1,Unit root,-0.148932696,-0.227360043,-0.227360043,El Salvador,0,0,1,0,0,0,1,0,0,0,0,0,0,0,0,0,0,0,0
2001,el salvador,253,1,Unit root,-0.148932696,-0.227360043,-0.227360043,El Salvador,0,0,1,0,0,0,1,0,0,0,0,0,0,0,0,0,0,0,0
2002,el salvador,253,1,Unit root,-0.148932696,-0.227360043,-0.227360043,El Salvador,0,0,1,0,0,0,1,0,0,0,0,0,0,0,0,0,0,0,0
2003,el salvador,253,1,Unit root,-0.148932696,-0.227360043,-0.227360043,El Salvador,0,0,1,0,0,0,1,0,0,0,0,0,0,0,0,0,0,0,0
2004,el salvador,253,1,Unit root,-0.148932696,-0.227360043,-0.227360043,El Salvador,0,0,1,0,0,0,1,0,0,0,0,0,0,0,0,0,0,0,0
2005,el salvador,253,1,Unit root,-0.148932696,-0.227360043,-0.227360043,El Salvador,0,0,1,0,0,0,1,0,0,0,0,0,0,0,0,0,0,0,0
2006,el salvador,253,1,Unit root,-0.148932696,-0.227360043,-0.227360043,El Salvador,0,0,1,0,0,0,1,0,0,0,0,0,0,0,0,0,0,0,0
2007,el salvador,253,1,Unit root,-0.148932696,-0.227360043,-0.227360043,El Salvador,0,0,1,0,0,0,1,0,0,0,0,0,0,0,0,0,0,0,0
2008,el salvador,253,1,Unit root,-0.148932696,-0.227360043,-0.227360043,El Salvador,0,0,1,0,0,0,1,0,0,0,0,0,0,0,0,0,0,0,0
2009,el salvador,253,1,Unit root,-0.148932696,-0.227360043,-0.227360043,El Salvador,0,0,1,0,0,0,1,0,0,0,0,0,0,0,0,0,0,0,0
2010,el salvador,253,1,Unit root,-0.148932696,-0.227360043,-0.227360043,El Salvador,0,0,1,0,0,0,1,0,0,0,0,0,0,0,0,0,0,0,0
2011,el salvador,253,1,Unit root,-0.148932696,-0.227360043,-0.227360043,El Salvador,0,0,1,0,0,0,1,0,0,0,0,0,0,0,0,0,0,0,0
2012,el salvador,253,1,Unit root,-0.148932696,-0.227360043,-0.227360043,El Salvador,0,0,1,0,0,0,1,0,0,0,0,0,0,0,0,0,0,0,0
2013,el salvador,253,0,Unit root,-0.148932696,-0.227360043,-0.148932696,El Salvador,0,0,1,0,0,0,1,0,0,0,0,0,0,0,0,0,0,0,0
2014,el salvador,253,1,Unit root,-0.148932696,-0.227360043,-0.227360043,El Salvador,0,0,1,0,0,0,1,0,0,0,0,0,0,0,0,0,0,0,0
2015,el salvador,253,1,Unit root,-0.148932696,-0.227360043,-0.227360043,El Salvador,0,0,1,0,0,0,1,0,0,0,0,0,0,0,0,0,0,0,0
2016,el salvador,253,1,Unit root,-0.148932696,-0.227360043,-0.227360043,El Salvador,0,0,1,0,0,0,1,0,0,0,0,0,0,0,0,0,0,0,0
2017,el salvador,253,1,Unit root,-0.148932696,-0.227360043,-0.227360043,El Salvador,0,0,1,0,0,0,1,0,0,0,0,0,0,0,0,0,0,0,0
2018,el salvador,253,1,Unit root,-0.148932696,-0.227360043,-0.227360043,El Salvador,0,0,1,0,0,0,1,0,0,0,0,0,0,0,0,0,0,0,0
2019,el salvador,253,0,Unit root,-0.148932696,-0.227360043,-0.148932696,El Salvador,0,0,1,0,0,0,1,0,0,0,0,0,0,0,0,0,0,0,0
2020,el salvador,253,0,Unit root,-0.148932696,-0.227360043,-0.148932696,El Salvador,0,0,1,0,0,0,1,0,0,0,0,0,0,0,0,0,0,0,0
1993,estonia,939,0,Stationary,-0.978177291,-0.170599431,-0.978177291,Estonia,1,0,0,0,0,0,0,0,0,1,0,0,0,0,0,0,0,0,0
1994,estonia,939,0,Stationary,-0.978177291,-0.170599431,-0.978177291,Estonia,1,0,0,0,0,0,0,0,0,1,0,0,0,0,0,0,0,0,0
1995,estonia,939,0,Stationary,-0.978177291,-0.170599431,-0.978177291,Estonia,1,0,0,0,0,0,0,0,0,1,0,0,0,0,0,0,0,0,0
1996,estonia,939,0,Stationary,-0.978177291,-0.170599431,-0.978177291,Estonia,1,0,0,0,0,0,0,0,0,1,0,0,0,0,0,0,0,0,0
1997,estonia,939,0,Stationary,-0.978177291,-0.170599431,-0.978177291,Estonia,1,0,0,0,0,0,0,0,0,1,0,0,0,0,0,0,0,0,0
1998,estonia,939,0,Stationary,-0.978177291,-0.170599431,-0.978177291,Estonia,1,0,0,0,0,0,0,0,0,1,0,0,0,0,0,0,0,0,0
1999,estonia,939,0,Stationary,-0.978177291,-0.170599431,-0.978177291,Estonia,1,0,0,0,0,0,0,0,0,1,0,0,0,0,0,0,0,0,0
2000,estonia,939,0,Stationary,-0.978177291,-0.170599431,-0.978177291,Estonia,1,0,0,0,0,0,0,0,0,1,0,0,0,0,0,0,0,0,0
2001,estonia,939,0,Stationary,-0.978177291,-0.170599431,-0.978177291,Estonia,1,0,0,0,0,0,0,0,0,1,0,0,0,0,0,0,0,0,0
2002,estonia,939,0,Stationary,-0.978177291,-0.170599431,-0.978177291,Estonia,1,0,0,0,0,0,0,0,0,1,0,0,0,0,0,0,0,0,0
2003,estonia,939,0,Stationary,-0.978177291,-0.170599431,-0.978177291,Estonia,1,0,0,0,0,0,0,0,0,1,0,0,0,0,0,0,0,0,0
2004,estonia,939,0,Stationary,-0.978177291,-0.170599431,-0.978177291,Estonia,1,0,0,0,0,0,0,0,0,1,0,0,0,0,0,0,0,0,0
2005,estonia,939,0,Stationary,-0.978177291,-0.170599431,-0.978177291,Estonia,1,0,0,0,0,0,0,0,0,1,0,0,0,0,0,0,0,0,0
2006,estonia,939,0,Stationary,-0.978177291,-0.170599431,-0.978177291,Estonia,1,0,0,0,0,0,0,0,0,1,0,0,0,0,0,0,0,0,0
2007,estonia,939,0,Stationary,-0.978177291,-0.170599431,-0.978177291,Estonia,1,0,0,0,0,0,0,0,0,1,0,0,0,0,0,0,0,0,0
2008,estonia,939,0,Stationary,-0.978177291,-0.170599431,-0.978177291,Estonia,1,0,0,0,0,0,0,0,0,1,0,0,0,0,0,0,0,0,0
2009,estonia,939,0,Stationary,-0.978177291,-0.170599431,-0.978177291,Estonia,1,0,0,0,0,0,0,0,0,1,0,0,0,0,0,0,0,0,0
2010,estonia,939,0,Stationary,-0.978177291,-0.170599431,-0.978177291,Estonia,1,0,0,0,0,0,0,0,0,1,0,0,0,0,0,0,0,0,0
2011,estonia,939,0,Stationary,-0.978177291,-0.170599431,-0.978177291,Estonia,1,0,0,0,0,0,0,0,0,1,0,0,0,0,0,0,0,0,0
2012,estonia,939,0,Stationary,-0.978177291,-0.170599431,-0.978177291,Estonia,1,0,0,0,0,0,0,0,0,1,0,0,0,0,0,0,0,0,0
2013,estonia,939,0,Stationary,-0.978177291,-0.170599431,-0.978177291,Estonia,1,0,0,0,0,0,0,0,0,1,0,0,0,0,0,0,0,0,0
2014,estonia,939,0,Stationary,-0.978177291,-0.170599431,-0.978177291,Estonia,1,0,0,0,0,0,0,0,0,1,0,0,0,0,0,0,0,0,0
2015,estonia,939,0,Stationary,-0.978177291,-0.170599431,-0.978177291,Estonia,1,0,0,0,0,0,0,0,0,1,0,0,0,0,0,0,0,0,0
2016,estonia,939,0,Stationary,-0.978177291,-0.170599431,-0.978177291,Estonia,1,0,0,0,0,0,0,0,0,1,0,0,0,0,0,0,0,0,0
2017,estonia,939,0,Stationary,-0.978177291,-0.170599431,-0.978177291,Estonia,1,0,0,0,0,0,0,0,0,1,0,0,0,0,0,0,0,0,0
2018,estonia,939,0,Stationary,-0.978177291,-0.170599431,-0.978177291,Estonia,1,0,0,0,0,0,0,0,0,1,0,0,0,0,0,0,0,0,0
2019,estonia,939,0,Stationary,-0.978177291,-0.170599431,-0.978177291,Estonia,1,0,0,0,0,0,0,0,0,1,0,0,0,0,0,0,0,0,0
2020,estonia,939,1,Stationary,-0.978177291,-0.170599431,-0.170599431,Estonia,1,0,0,0,0,0,0,0,0,1,0,0,0,0,0,0,0,0,0
2021,estonia,939,0,Stationary,-0.978177291,-0.170599431,-0.978177291,Estonia,1,0,0,0,0,0,0,0,0,1,0,0,0,0,0,0,0,0,0
2022,estonia,939,0,Stationary,-0.978177291,-0.170599431,-0.978177291,Estonia,1,0,0,0,0,0,0,0,0,1,0,0,0,0,0,0,0,0,0
2023,estonia,939,0,Stationary,-0.978177291,-0.170599431,-0.978177291,Estonia,1,0,0,0,0,0,0,0,0,1,0,0,0,0,0,0,0,0,0
2024,estonia,939,0,Stationary,-0.978177291,-0.170599431,-0.978177291,Estonia,1,0,0,0,0,0,0,0,0,1,0,0,0,0,0,0,0,0,0
1975,finland,172,1,Unit root,-0.059064566,-0.06224548,-0.06224548,Finland,1,0,0,0,0,0,0,0,0,1,0,0,0,0,0,0,0,0,0
1976,finland,172,1,Unit root,-0.059064566,-0.06224548,-0.06224548,Finland,1,0,0,0,0,0,0,0,0,1,0,0,0,0,0,0,0,0,0
1977,finland,172,1,Unit root,-0.059064566,-0.06224548,-0.06224548,Finland,1,0,0,0,0,0,0,0,0,1,0,0,0,0,0,0,0,0,0
1978,finland,172,1,Unit root,-0.059064566,-0.06224548,-0.06224548,Finland,1,0,0,0,0,0,0,0,0,1,0,0,0,0,0,0,0,0,0
1979,finland,172,1,Unit root,-0.059064566,-0.06224548,-0.06224548,Finland,1,0,0,0,0,0,0,0,0,1,0,0,0,0,0,0,0,0,0
1980,finland,172,1,Unit root,-0.059064566,-0.06224548,-0.06224548,Finland,1,0,0,0,0,0,0,0,0,1,0,0,0,0,0,0,0,0,0
1981,finland,172,1,Unit root,-0.059064566,-0.06224548,-0.06224548,Finland,1,0,0,0,0,0,0,0,0,1,0,0,0,0,0,0,0,0,0
1982,finland,172,1,Unit root,-0.059064566,-0.06224548,-0.06224548,Finland,1,0,0,0,0,0,0,0,0,1,0,0,0,0,0,0,0,0,0
1983,finland,172,1,Unit root,-0.059064566,-0.06224548,-0.06224548,Finland,1,0,0,0,0,0,0,0,0,1,0,0,0,0,0,0,0,0,0
1984,finland,172,1,Unit root,-0.059064566,-0.06224548,-0.06224548,Finland,1,0,0,0,0,0,0,0,0,1,0,0,0,0,0,0,0,0,0
1985,finland,172,1,Unit root,-0.059064566,-0.06224548,-0.06224548,Finland,1,0,0,0,0,0,0,0,0,1,0,0,0,0,0,0,0,0,0
1986,finland,172,1,Unit root,-0.059064566,-0.06224548,-0.06224548,Finland,1,0,0,0,0,0,0,0,0,1,0,0,0,0,0,0,0,0,0
1987,finland,172,1,Unit root,-0.059064566,-0.06224548,-0.06224548,Finland,1,0,0,0,0,0,0,0,0,1,0,0,0,0,0,0,0,0,0
1988,finland,172,1,Unit root,-0.059064566,-0.06224548,-0.06224548,Finland,1,0,0,0,0,0,0,0,0,1,0,0,0,0,0,0,0,0,0
1989,finland,172,1,Unit root,-0.059064566,-0.06224548,-0.06224548,Finland,1,0,0,0,0,0,0,0,0,1,0,0,0,0,0,0,0,0,0
1990,finland,172,1,Unit root,-0.059064566,-0.06224548,-0.06224548,Finland,1,0,0,0,0,0,0,0,0,1,0,0,0,0,0,0,0,0,0
1991,finland,172,1,Unit root,-0.059064566,-0.06224548,-0.06224548,Finland,1,0,0,0,0,0,0,0,0,1,0,0,0,0,0,0,0,0,0
1992,finland,172,1,Unit root,-0.059064566,-0.06224548,-0.06224548,Finland,1,0,0,0,0,0,0,0,0,1,0,0,0,0,0,0,0,0,0
1993,finland,172,1,Unit root,-0.059064566,-0.06224548,-0.06224548,Finland,1,0,0,0,0,0,0,0,0,1,0,0,0,0,0,0,0,0,0
1994,finland,172,1,Unit root,-0.059064566,-0.06224548,-0.06224548,Finland,1,0,0,0,0,0,0,0,0,1,0,0,0,0,0,0,0,0,0
1995,finland,172,1,Unit root,-0.059064566,-0.06224548,-0.06224548,Finland,1,0,0,0,0,0,0,0,0,1,0,0,0,0,0,0,0,0,0
1996,finland,172,1,Unit root,-0.059064566,-0.06224548,-0.06224548,Finland,1,0,0,0,0,0,0,0,0,1,0,0,0,0,0,0,0,0,0
1997,finland,172,1,Unit root,-0.059064566,-0.06224548,-0.06224548,Finland,1,0,0,0,0,0,0,0,0,1,0,0,0,0,0,0,0,0,0
1998,finland,172,1,Unit root,-0.059064566,-0.06224548,-0.06224548,Finland,1,0,0,0,0,0,0,0,0,1,0,0,0,0,0,0,0,0,0
1999,finland,172,1,Unit root,-0.059064566,-0.06224548,-0.06224548,Finland,1,0,0,0,0,0,0,0,0,1,0,0,0,0,0,0,0,0,0
2000,finland,172,1,Unit root,-0.059064566,-0.06224548,-0.06224548,Finland,1,0,0,0,0,0,0,0,0,1,0,0,0,0,0,0,0,0,0
2001,finland,172,1,Unit root,-0.059064566,-0.06224548,-0.06224548,Finland,1,0,0,0,0,0,0,0,0,1,0,0,0,0,0,0,0,0,0
2002,finland,172,1,Unit root,-0.059064566,-0.06224548,-0.06224548,Finland,1,0,0,0,0,0,0,0,0,1,0,0,0,0,0,0,0,0,0
2003,finland,172,1,Unit root,-0.059064566,-0.06224548,-0.06224548,Finland,1,0,0,0,0,0,0,0,0,1,0,0,0,0,0,0,0,0,0
2004,finland,172,1,Unit root,-0.059064566,-0.06224548,-0.06224548,Finland,1,0,0,0,0,0,0,0,0,1,0,0,0,0,0,0,0,0,0
2005,finland,172,1,Unit root,-0.059064566,-0.06224548,-0.06224548,Finland,1,0,0,0,0,0,0,0,0,1,0,0,0,0,0,0,0,0,0
2006,finland,172,1,Unit root,-0.059064566,-0.06224548,-0.06224548,Finland,1,0,0,0,0,0,0,0,0,1,0,0,0,0,0,0,0,0,0
2007,finland,172,1,Unit root,-0.059064566,-0.06224548,-0.06224548,Finland,1,0,0,0,0,0,0,0,0,1,0,0,0,0,0,0,0,0,0
2008,finland,172,1,Unit root,-0.059064566,-0.06224548,-0.06224548,Finland,1,0,0,0,0,0,0,0,0,1,0,0,0,0,0,0,0,0,0
2009,finland,172,1,Unit root,-0.059064566,-0.06224548,-0.06224548,Finland,1,0,0,0,0,0,0,0,0,1,0,0,0,0,0,0,0,0,0
2010,finland,172,1,Unit root,-0.059064566,-0.06224548,-0.06224548,Finland,1,0,0,0,0,0,0,0,0,1,0,0,0,0,0,0,0,0,0
2011,finland,172,1,Unit root,-0.059064566,-0.06224548,-0.06224548,Finland,1,0,0,0,0,0,0,0,0,1,0,0,0,0,0,0,0,0,0
2012,finland,172,1,Unit root,-0.059064566,-0.06224548,-0.06224548,Finland,1,0,0,0,0,0,0,0,0,1,0,0,0,0,0,0,0,0,0
2013,finland,172,1,Unit root,-0.059064566,-0.06224548,-0.06224548,Finland,1,0,0,0,0,0,0,0,0,1,0,0,0,0,0,0,0,0,0
2014,finland,172,1,Unit root,-0.059064566,-0.06224548,-0.06224548,Finland,1,0,0,0,0,0,0,0,0,1,0,0,0,0,0,0,0,0,0
2015,finland,172,1,Unit root,-0.059064566,-0.06224548,-0.06224548,Finland,1,0,0,0,0,0,0,0,0,1,0,0,0,0,0,0,0,0,0
2016,finland,172,1,Unit root,-0.059064566,-0.06224548,-0.06224548,Finland,1,0,0,0,0,0,0,0,0,1,0,0,0,0,0,0,0,0,0
2017,finland,172,1,Unit root,-0.059064566,-0.06224548,-0.06224548,Finland,1,0,0,0,0,0,0,0,0,1,0,0,0,0,0,0,0,0,0
2018,finland,172,1,Unit root,-0.059064566,-0.06224548,-0.06224548,Finland,1,0,0,0,0,0,0,0,0,1,0,0,0,0,0,0,0,0,0
2019,finland,172,1,Unit root,-0.059064566,-0.06224548,-0.06224548,Finland,1,0,0,0,0,0,0,0,0,1,0,0,0,0,0,0,0,0,0
2020,finland,172,1,Unit root,-0.059064566,-0.06224548,-0.06224548,Finland,1,0,0,0,0,0,0,0,0,1,0,0,0,0,0,0,0,0,0
2021,finland,172,1,Unit root,-0.059064566,-0.06224548,-0.06224548,Finland,1,0,0,0,0,0,0,0,0,1,0,0,0,0,0,0,0,0,0
2022,finland,172,1,Unit root,-0.059064566,-0.06224548,-0.06224548,Finland,1,0,0,0,0,0,0,0,0,1,0,0,0,0,0,0,0,0,0
2023,finland,172,1,Unit root,-0.059064566,-0.06224548,-0.06224548,Finland,1,0,0,0,0,0,0,0,0,1,0,0,0,0,0,0,0,0,0
2024,finland,172,0,Unit root,-0.059064566,-0.06224548,-0.059064566,Finland,1,0,0,0,0,0,0,0,0,1,0,0,0,0,0,0,0,0,0
1975,france,132,1,Stationary,-0.114772859,-0.594049302,-0.594049302,France,1,1,0,0,0,0,0,0,0,1,1,1,0,0,0,0,0,0,0
1976,france,132,1,Stationary,-0.114772859,-0.594049302,-0.594049302,France,1,1,0,0,0,0,0,0,0,1,1,1,0,0,0,0,0,0,0
1977,france,132,1,Stationary,-0.114772859,-0.594049302,-0.594049302,France,1,1,0,0,0,0,0,0,0,1,1,1,0,0,0,0,0,0,0
1978,france,132,0,Unit root,-0.114772859,-0.594049302,-0.114772859,France,1,1,0,0,0,0,0,0,0,1,1,1,0,0,0,0,0,0,0
1979,france,132,1,Stationary,-0.114772859,-0.594049302,-0.594049302,France,1,1,0,0,0,0,0,0,0,1,1,1,0,0,0,0,0,0,0
1980,france,132,1,Stationary,-0.114772859,-0.594049302,-0.594049302,France,1,1,0,0,0,0,0,0,0,1,1,1,0,0,0,0,0,0,0
1981,france,132,1,Stationary,-0.114772859,-0.594049302,-0.594049302,France,1,1,0,0,0,0,0,0,0,1,1,1,0,0,0,0,0,0,0
1982,france,132,0,Unit root,-0.114772859,-0.594049302,-0.114772859,France,1,1,0,0,0,0,0,0,0,1,1,1,0,0,0,0,0,0,0
1983,france,132,1,Stationary,-0.114772859,-0.594049302,-0.594049302,France,1,1,0,0,0,0,0,0,0,1,1,1,0,0,0,0,0,0,0
1984,france,132,1,Stationary,-0.114772859,-0.594049302,-0.594049302,France,1,1,0,0,0,0,0,0,0,1,1,1,0,0,0,0,0,0,0
1985,france,132,1,Stationary,-0.114772859,-0.594049302,-0.594049302,France,1,1,0,0,0,0,0,0,0,1,1,1,0,0,0,0,0,0,0
1986,france,132,1,Stationary,-0.114772859,-0.594049302,-0.594049302,France,1,1,0,0,0,0,0,0,0,1,1,1,0,0,0,0,0,0,0
1987,france,132,0,Unit root,-0.114772859,-0.594049302,-0.114772859,France,1,1,0,0,0,0,0,0,0,1,1,1,0,0,0,0,0,0,0
1988,france,132,0,Unit root,-0.114772859,-0.594049302,-0.114772859,France,1,1,0,0,0,0,0,0,0,1,1,1,0,0,0,0,0,0,0
1989,france,132,1,Stationary,-0.114772859,-0.594049302,-0.594049302,France,1,1,0,0,0,0,0,0,0,1,1,1,0,0,0,0,0,0,0
1990,france,132,0,Unit root,-0.114772859,-0.594049302,-0.114772859,France,1,1,0,0,0,0,0,0,0,1,1,1,0,0,0,0,0,0,0
1991,france,132,0,Unit root,-0.114772859,-0.594049302,-0.114772859,France,1,1,0,0,0,0,0,0,0,1,1,1,0,0,0,0,0,0,0
1992,france,132,1,Stationary,-0.114772859,-0.594049302,-0.594049302,France,1,1,0,0,0,0,0,0,0,1,1,1,0,0,0,0,0,0,0
1993,france,132,0,Unit root,-0.114772859,-0.594049302,-0.114772859,France,1,1,0,0,0,0,0,0,0,1,1,1,0,0,0,0,0,0,0
1994,france,132,1,Stationary,-0.114772859,-0.594049302,-0.594049302,France,1,1,0,0,0,0,0,0,0,1,1,1,0,0,0,0,0,0,0
1995,france,132,1,Stationary,-0.114772859,-0.594049302,-0.594049302,France,1,1,0,0,0,0,0,0,0,1,1,1,0,0,0,0,0,0,0
1996,france,132,1,Stationary,-0.114772859,-0.594049302,-0.594049302,France,1,1,0,0,0,0,0,0,0,1,1,1,0,0,0,0,0,0,0
1997,france,132,1,Stationary,-0.114772859,-0.594049302,-0.594049302,France,1,1,0,0,0,0,0,0,0,1,1,1,0,0,0,0,0,0,0
1998,france,132,1,Stationary,-0.114772859,-0.594049302,-0.594049302,France,1,1,0,0,0,0,0,0,0,1,1,1,0,0,0,0,0,0,0
1999,france,132,0,Unit root,-0.114772859,-0.594049302,-0.114772859,France,1,1,0,0,0,0,0,0,0,1,1,1,0,0,0,0,0,0,0
2000,france,132,1,Stationary,-0.114772859,-0.594049302,-0.594049302,France,1,1,0,0,0,0,0,0,0,1,1,1,0,0,0,0,0,0,0
2001,france,132,0,Unit root,-0.114772859,-0.594049302,-0.114772859,France,1,1,0,0,0,0,0,0,0,1,1,1,0,0,0,0,0,0,0
2002,france,132,1,Stationary,-0.114772859,-0.594049302,-0.594049302,France,1,1,0,0,0,0,0,0,0,1,1,1,0,0,0,0,0,0,0
2003,france,132,0,Unit root,-0.114772859,-0.594049302,-0.114772859,France,1,1,0,0,0,0,0,0,0,1,1,1,0,0,0,0,0,0,0
2004,france,132,0,Unit root,-0.114772859,-0.594049302,-0.114772859,France,1,1,0,0,0,0,0,0,0,1,1,1,0,0,0,0,0,0,0
2005,france,132,1,Stationary,-0.114772859,-0.594049302,-0.594049302,France,1,1,0,0,0,0,0,0,0,1,1,1,0,0,0,0,0,0,0
2006,france,132,1,Stationary,-0.114772859,-0.594049302,-0.594049302,France,1,1,0,0,0,0,0,0,0,1,1,1,0,0,0,0,0,0,0
2007,france,132,1,Stationary,-0.114772859,-0.594049302,-0.594049302,France,1,1,0,0,0,0,0,0,0,1,1,1,0,0,0,0,0,0,0
2008,france,132,1,Stationary,-0.114772859,-0.594049302,-0.594049302,France,1,1,0,0,0,0,0,0,0,1,1,1,0,0,0,0,0,0,0
2009,france,132,1,Stationary,-0.114772859,-0.594049302,-0.594049302,France,1,1,0,0,0,0,0,0,0,1,1,1,0,0,0,0,0,0,0
2010,france,132,0,Unit root,-0.114772859,-0.594049302,-0.114772859,France,1,1,0,0,0,0,0,0,0,1,1,1,0,0,0,0,0,0,0
2011,france,132,1,Stationary,-0.114772859,-0.594049302,-0.594049302,France,1,1,0,0,0,0,0,0,0,1,1,1,0,0,0,0,0,0,0
2012,france,132,0,Unit root,-0.114772859,-0.594049302,-0.114772859,France,1,1,0,0,0,0,0,0,0,1,1,1,0,0,0,0,0,0,0
2013,france,132,1,Stationary,-0.114772859,-0.594049302,-0.594049302,France,1,1,0,0,0,0,0,0,0,1,1,1,0,0,0,0,0,0,0
2014,france,132,1,Stationary,-0.114772859,-0.594049302,-0.594049302,France,1,1,0,0,0,0,0,0,0,1,1,1,0,0,0,0,0,0,0
2015,france,132,0,Unit root,-0.114772859,-0.594049302,-0.114772859,France,1,1,0,0,0,0,0,0,0,1,1,1,0,0,0,0,0,0,0
2016,france,132,1,Stationary,-0.114772859,-0.594049302,-0.594049302,France,1,1,0,0,0,0,0,0,0,1,1,1,0,0,0,0,0,0,0
2017,france,132,0,Unit root,-0.114772859,-0.594049302,-0.114772859,France,1,1,0,0,0,0,0,0,0,1,1,1,0,0,0,0,0,0,0
2018,france,132,1,Stationary,-0.114772859,-0.594049302,-0.594049302,France,1,1,0,0,0,0,0,0,0,1,1,1,0,0,0,0,0,0,0
2019,france,132,1,Stationary,-0.114772859,-0.594049302,-0.594049302,France,1,1,0,0,0,0,0,0,0,1,1,1,0,0,0,0,0,0,0
2020,france,132,0,Unit root,-0.114772859,-0.594049302,-0.114772859,France,1,1,0,0,0,0,0,0,0,1,1,1,0,0,0,0,0,0,0
2021,france,132,0,Unit root,-0.114772859,-0.594049302,-0.114772859,France,1,1,0,0,0,0,0,0,0,1,1,1,0,0,0,0,0,0,0
2022,france,132,1,Stationary,-0.114772859,-0.594049302,-0.594049302,France,1,1,0,0,0,0,0,0,0,1,1,1,0,0,0,0,0,0,0
2023,france,132,1,Stationary,-0.114772859,-0.594049302,-0.594049302,France,1,1,0,0,0,0,0,0,0,1,1,1,0,0,0,0,0,0,0
2024,france,132,0,Unit root,-0.114772859,-0.594049302,-0.114772859,France,1,1,0,0,0,0,0,0,0,1,1,1,0,0,0,0,0,0,0
1997,georgia,915,1,Unit root,-0.203302466,-0.120417656,-0.120417656,Georgia,0,0,1,0,0,0,0,0,0,0,0,0,0,0,0,0,0,0,0
1998,georgia,915,1,Unit root,-0.203302466,-0.120417656,-0.120417656,Georgia,0,0,1,0,0,0,0,0,0,0,0,0,0,0,0,0,0,0,0
1999,georgia,915,1,Unit root,-0.203302466,-0.120417656,-0.120417656,Georgia,0,0,1,0,0,0,0,0,0,0,0,0,0,0,0,0,0,0,0
2000,georgia,915,1,Unit root,-0.203302466,-0.120417656,-0.120417656,Georgia,0,0,1,0,0,0,0,0,0,0,0,0,0,0,0,0,0,0,0
2001,georgia,915,0,Stationary,-0.203302466,-0.120417656,-0.203302466,Georgia,0,0,1,0,0,0,0,0,0,0,0,0,0,0,0,0,0,0,0
2002,georgia,915,1,Unit root,-0.203302466,-0.120417656,-0.120417656,Georgia,0,0,1,0,0,0,0,0,0,0,0,0,0,0,0,0,0,0,0
2003,georgia,915,0,Stationary,-0.203302466,-0.120417656,-0.203302466,Georgia,0,0,1,0,0,0,0,0,0,0,0,0,0,0,0,0,0,0,0
2004,georgia,915,0,Stationary,-0.203302466,-0.120417656,-0.203302466,Georgia,0,0,1,0,0,0,0,0,0,0,0,0,0,0,0,0,0,0,0
2005,georgia,915,0,Stationary,-0.203302466,-0.120417656,-0.203302466,Georgia,0,0,1,0,0,0,0,0,0,0,0,0,0,0,0,0,0,0,0
2006,georgia,915,0,Stationary,-0.203302466,-0.120417656,-0.203302466,Georgia,0,0,1,0,0,0,0,0,0,0,0,0,0,0,0,0,0,0,0
2007,georgia,915,1,Unit root,-0.203302466,-0.120417656,-0.120417656,Georgia,0,0,1,0,0,0,0,0,0,0,0,0,0,0,0,0,0,0,0
2008,georgia,915,1,Unit root,-0.203302466,-0.120417656,-0.120417656,Georgia,0,0,1,0,0,0,0,0,0,0,0,0,0,0,0,0,0,0,0
2009,georgia,915,0,Stationary,-0.203302466,-0.120417656,-0.203302466,Georgia,0,0,1,0,0,0,0,0,0,0,0,0,0,0,0,0,0,0,0
2010,georgia,915,0,Stationary,-0.203302466,-0.120417656,-0.203302466,Georgia,0,0,1,0,0,0,0,0,0,0,0,0,0,0,0,0,0,0,0
2011,georgia,915,0,Stationary,-0.203302466,-0.120417656,-0.203302466,Georgia,0,0,1,0,0,0,0,0,0,0,0,0,0,0,0,0,0,0,0
2012,georgia,915,1,Unit root,-0.203302466,-0.120417656,-0.120417656,Georgia,0,0,1,0,0,0,0,0,0,0,0,0,0,0,0,0,0,0,0
2013,georgia,915,1,Unit root,-0.203302466,-0.120417656,-0.120417656,Georgia,0,0,1,0,0,0,0,0,0,0,0,0,0,0,0,0,0,0,0
2014,georgia,915,0,Stationary,-0.203302466,-0.120417656,-0.203302466,Georgia,0,0,1,0,0,0,0,0,0,0,0,0,0,0,0,0,0,0,0
2015,georgia,915,0,Stationary,-0.203302466,-0.120417656,-0.203302466,Georgia,0,0,1,0,0,0,0,0,0,0,0,0,0,0,0,0,0,0,0
2016,georgia,915,1,Unit root,-0.203302466,-0.120417656,-0.120417656,Georgia,0,0,1,0,0,0,0,0,0,0,0,0,0,0,0,0,0,0,0
2017,georgia,915,1,Unit root,-0.203302466,-0.120417656,-0.120417656,Georgia,0,0,1,0,0,0,0,0,0,0,0,0,0,0,0,0,0,0,0
2018,georgia,915,1,Unit root,-0.203302466,-0.120417656,-0.120417656,Georgia,0,0,1,0,0,0,0,0,0,0,0,0,0,0,0,0,0,0,0
2019,georgia,915,0,Stationary,-0.203302466,-0.120417656,-0.203302466,Georgia,0,0,1,0,0,0,0,0,0,0,0,0,0,0,0,0,0,0,0
2020,georgia,915,0,Stationary,-0.203302466,-0.120417656,-0.203302466,Georgia,0,0,1,0,0,0,0,0,0,0,0,0,0,0,0,0,0,0,0
1971,germany,134,0,Stationary,-0.12162034,0.038166334,-0.12162034,Germany,1,1,0,0,0,0,0,0,0,1,1,1,0,0,0,0,0,0,0
1972,germany,134,0,Stationary,-0.12162034,0.038166334,-0.12162034,Germany,1,1,0,0,0,0,0,0,0,1,1,1,0,0,0,0,0,0,0
1973,germany,134,0,Stationary,-0.12162034,0.038166334,-0.12162034,Germany,1,1,0,0,0,0,0,0,0,1,1,1,0,0,0,0,0,0,0
1974,germany,134,1,Explosive,-0.12162034,0.038166334,0.038166334,Germany,1,1,0,0,0,0,0,0,0,1,1,1,0,0,0,0,0,0,0
1975,germany,134,0,Stationary,-0.12162034,0.038166334,-0.12162034,Germany,1,1,0,0,0,0,0,0,0,1,1,1,0,0,0,0,0,0,0
1976,germany,134,0,Stationary,-0.12162034,0.038166334,-0.12162034,Germany,1,1,0,0,0,0,0,0,0,1,1,1,0,0,0,0,0,0,0
1977,germany,134,0,Stationary,-0.12162034,0.038166334,-0.12162034,Germany,1,1,0,0,0,0,0,0,0,1,1,1,0,0,0,0,0,0,0
1978,germany,134,1,Explosive,-0.12162034,0.038166334,0.038166334,Germany,1,1,0,0,0,0,0,0,0,1,1,1,0,0,0,0,0,0,0
1979,germany,134,0,Stationary,-0.12162034,0.038166334,-0.12162034,Germany,1,1,0,0,0,0,0,0,0,1,1,1,0,0,0,0,0,0,0
1980,germany,134,1,Explosive,-0.12162034,0.038166334,0.038166334,Germany,1,1,0,0,0,0,0,0,0,1,1,1,0,0,0,0,0,0,0
1981,germany,134,0,Stationary,-0.12162034,0.038166334,-0.12162034,Germany,1,1,0,0,0,0,0,0,0,1,1,1,0,0,0,0,0,0,0
1982,germany,134,0,Stationary,-0.12162034,0.038166334,-0.12162034,Germany,1,1,0,0,0,0,0,0,0,1,1,1,0,0,0,0,0,0,0
1983,germany,134,0,Stationary,-0.12162034,0.038166334,-0.12162034,Germany,1,1,0,0,0,0,0,0,0,1,1,1,0,0,0,0,0,0,0
1984,germany,134,0,Stationary,-0.12162034,0.038166334,-0.12162034,Germany,1,1,0,0,0,0,0,0,0,1,1,1,0,0,0,0,0,0,0
1985,germany,134,0,Stationary,-0.12162034,0.038166334,-0.12162034,Germany,1,1,0,0,0,0,0,0,0,1,1,1,0,0,0,0,0,0,0
1986,germany,134,1,Explosive,-0.12162034,0.038166334,0.038166334,Germany,1,1,0,0,0,0,0,0,0,1,1,1,0,0,0,0,0,0,0
1987,germany,134,0,Stationary,-0.12162034,0.038166334,-0.12162034,Germany,1,1,0,0,0,0,0,0,0,1,1,1,0,0,0,0,0,0,0
1988,germany,134,1,Explosive,-0.12162034,0.038166334,0.038166334,Germany,1,1,0,0,0,0,0,0,0,1,1,1,0,0,0,0,0,0,0
1989,germany,134,1,Explosive,-0.12162034,0.038166334,0.038166334,Germany,1,1,0,0,0,0,0,0,0,1,1,1,0,0,0,0,0,0,0
1990,germany,134,0,Stationary,-0.12162034,0.038166334,-0.12162034,Germany,1,1,0,0,0,0,0,0,0,1,1,1,0,0,0,0,0,0,0
1991,germany,134,0,Stationary,-0.12162034,0.038166334,-0.12162034,Germany,1,1,0,0,0,0,0,0,0,1,1,1,0,0,0,0,0,0,0
1992,germany,134,0,Stationary,-0.12162034,0.038166334,-0.12162034,Germany,1,1,0,0,0,0,0,0,0,1,1,1,0,0,0,0,0,0,0
1993,germany,134,0,Stationary,-0.12162034,0.038166334,-0.12162034,Germany,1,1,0,0,0,0,0,0,0,1,1,1,0,0,0,0,0,0,0
1994,germany,134,0,Stationary,-0.12162034,0.038166334,-0.12162034,Germany,1,1,0,0,0,0,0,0,0,1,1,1,0,0,0,0,0,0,0
1995,germany,134,0,Stationary,-0.12162034,0.038166334,-0.12162034,Germany,1,1,0,0,0,0,0,0,0,1,1,1,0,0,0,0,0,0,0
1996,germany,134,0,Stationary,-0.12162034,0.038166334,-0.12162034,Germany,1,1,0,0,0,0,0,0,0,1,1,1,0,0,0,0,0,0,0
1997,germany,134,0,Stationary,-0.12162034,0.038166334,-0.12162034,Germany,1,1,0,0,0,0,0,0,0,1,1,1,0,0,0,0,0,0,0
1998,germany,134,0,Stationary,-0.12162034,0.038166334,-0.12162034,Germany,1,1,0,0,0,0,0,0,0,1,1,1,0,0,0,0,0,0,0
1999,germany,134,0,Stationary,-0.12162034,0.038166334,-0.12162034,Germany,1,1,0,0,0,0,0,0,0,1,1,1,0,0,0,0,0,0,0
2000,germany,134,1,Explosive,-0.12162034,0.038166334,0.038166334,Germany,1,1,0,0,0,0,0,0,0,1,1,1,0,0,0,0,0,0,0
2001,germany,134,1,Explosive,-0.12162034,0.038166334,0.038166334,Germany,1,1,0,0,0,0,0,0,0,1,1,1,0,0,0,0,0,0,0
2002,germany,134,0,Stationary,-0.12162034,0.038166334,-0.12162034,Germany,1,1,0,0,0,0,0,0,0,1,1,1,0,0,0,0,0,0,0
2003,germany,134,0,Stationary,-0.12162034,0.038166334,-0.12162034,Germany,1,1,0,0,0,0,0,0,0,1,1,1,0,0,0,0,0,0,0
2004,germany,134,0,Stationary,-0.12162034,0.038166334,-0.12162034,Germany,1,1,0,0,0,0,0,0,0,1,1,1,0,0,0,0,0,0,0
2005,germany,134,0,Stationary,-0.12162034,0.038166334,-0.12162034,Germany,1,1,0,0,0,0,0,0,0,1,1,1,0,0,0,0,0,0,0
2006,germany,134,0,Stationary,-0.12162034,0.038166334,-0.12162034,Germany,1,1,0,0,0,0,0,0,0,1,1,1,0,0,0,0,0,0,0
2007,germany,134,1,Explosive,-0.12162034,0.038166334,0.038166334,Germany,1,1,0,0,0,0,0,0,0,1,1,1,0,0,0,0,0,0,0
2008,germany,134,0,Stationary,-0.12162034,0.038166334,-0.12162034,Germany,1,1,0,0,0,0,0,0,0,1,1,1,0,0,0,0,0,0,0
2009,germany,134,0,Stationary,-0.12162034,0.038166334,-0.12162034,Germany,1,1,0,0,0,0,0,0,0,1,1,1,0,0,0,0,0,0,0
2010,germany,134,0,Stationary,-0.12162034,0.038166334,-0.12162034,Germany,1,1,0,0,0,0,0,0,0,1,1,1,0,0,0,0,0,0,0
2011,germany,134,1,Explosive,-0.12162034,0.038166334,0.038166334,Germany,1,1,0,0,0,0,0,0,0,1,1,1,0,0,0,0,0,0,0
2012,germany,134,0,Stationary,-0.12162034,0.038166334,-0.12162034,Germany,1,1,0,0,0,0,0,0,0,1,1,1,0,0,0,0,0,0,0
2013,germany,134,0,Stationary,-0.12162034,0.038166334,-0.12162034,Germany,1,1,0,0,0,0,0,0,0,1,1,1,0,0,0,0,0,0,0
2014,germany,134,0,Stationary,-0.12162034,0.038166334,-0.12162034,Germany,1,1,0,0,0,0,0,0,0,1,1,1,0,0,0,0,0,0,0
2015,germany,134,1,Explosive,-0.12162034,0.038166334,0.038166334,Germany,1,1,0,0,0,0,0,0,0,1,1,1,0,0,0,0,0,0,0
2016,germany,134,0,Stationary,-0.12162034,0.038166334,-0.12162034,Germany,1,1,0,0,0,0,0,0,0,1,1,1,0,0,0,0,0,0,0
2017,germany,134,1,Explosive,-0.12162034,0.038166334,0.038166334,Germany,1,1,0,0,0,0,0,0,0,1,1,1,0,0,0,0,0,0,0
2018,germany,134,1,Explosive,-0.12162034,0.038166334,0.038166334,Germany,1,1,0,0,0,0,0,0,0,1,1,1,0,0,0,0,0,0,0
2019,germany,134,0,Stationary,-0.12162034,0.038166334,-0.12162034,Germany,1,1,0,0,0,0,0,0,0,1,1,1,0,0,0,0,0,0,0
2020,germany,134,1,Explosive,-0.12162034,0.038166334,0.038166334,Germany,1,1,0,0,0,0,0,0,0,1,1,1,0,0,0,0,0,0,0
2021,germany,134,0,Stationary,-0.12162034,0.038166334,-0.12162034,Germany,1,1,0,0,0,0,0,0,0,1,1,1,0,0,0,0,0,0,0
2022,germany,134,0,Stationary,-0.12162034,0.038166334,-0.12162034,Germany,1,1,0,0,0,0,0,0,0,1,1,1,0,0,0,0,0,0,0
2023,germany,134,1,Explosive,-0.12162034,0.038166334,0.038166334,Germany,1,1,0,0,0,0,0,0,0,1,1,1,0,0,0,0,0,0,0
2024,germany,134,0,Stationary,-0.12162034,0.038166334,-0.12162034,Germany,1,1,0,0,0,0,0,0,0,1,1,1,0,0,0,0,0,0,0
1976,greece,174,0,Stationary,-0.585703695,-0.072454517,-0.585703695,Greece,1,0,0,0,0,0,0,0,0,1,0,0,0,0,0,0,0,0,0
1977,greece,174,0,Stationary,-0.585703695,-0.072454517,-0.585703695,Greece,1,0,0,0,0,0,0,0,0,1,0,0,0,0,0,0,0,0,0
1978,greece,174,0,Stationary,-0.585703695,-0.072454517,-0.585703695,Greece,1,0,0,0,0,0,0,0,0,1,0,0,0,0,0,0,0,0,0
1979,greece,174,0,Stationary,-0.585703695,-0.072454517,-0.585703695,Greece,1,0,0,0,0,0,0,0,0,1,0,0,0,0,0,0,0,0,0
1980,greece,174,0,Stationary,-0.585703695,-0.072454517,-0.585703695,Greece,1,0,0,0,0,0,0,0,0,1,0,0,0,0,0,0,0,0,0
1981,greece,174,0,Stationary,-0.585703695,-0.072454517,-0.585703695,Greece,1,0,0,0,0,0,0,0,0,1,0,0,0,0,0,0,0,0,0
1982,greece,174,0,Stationary,-0.585703695,-0.072454517,-0.585703695,Greece,1,0,0,0,0,0,0,0,0,1,0,0,0,0,0,0,0,0,0
1983,greece,174,0,Stationary,-0.585703695,-0.072454517,-0.585703695,Greece,1,0,0,0,0,0,0,0,0,1,0,0,0,0,0,0,0,0,0
1984,greece,174,0,Stationary,-0.585703695,-0.072454517,-0.585703695,Greece,1,0,0,0,0,0,0,0,0,1,0,0,0,0,0,0,0,0,0
1985,greece,174,0,Stationary,-0.585703695,-0.072454517,-0.585703695,Greece,1,0,0,0,0,0,0,0,0,1,0,0,0,0,0,0,0,0,0
1986,greece,174,0,Stationary,-0.585703695,-0.072454517,-0.585703695,Greece,1,0,0,0,0,0,0,0,0,1,0,0,0,0,0,0,0,0,0
1987,greece,174,0,Stationary,-0.585703695,-0.072454517,-0.585703695,Greece,1,0,0,0,0,0,0,0,0,1,0,0,0,0,0,0,0,0,0
1988,greece,174,0,Stationary,-0.585703695,-0.072454517,-0.585703695,Greece,1,0,0,0,0,0,0,0,0,1,0,0,0,0,0,0,0,0,0
1989,greece,174,0,Stationary,-0.585703695,-0.072454517,-0.585703695,Greece,1,0,0,0,0,0,0,0,0,1,0,0,0,0,0,0,0,0,0
1990,greece,174,1,Unit root,-0.585703695,-0.072454517,-0.072454517,Greece,1,0,0,0,0,0,0,0,0,1,0,0,0,0,0,0,0,0,0
1991,greece,174,0,Stationary,-0.585703695,-0.072454517,-0.585703695,Greece,1,0,0,0,0,0,0,0,0,1,0,0,0,0,0,0,0,0,0
1992,greece,174,0,Stationary,-0.585703695,-0.072454517,-0.585703695,Greece,1,0,0,0,0,0,0,0,0,1,0,0,0,0,0,0,0,0,0
1993,greece,174,0,Stationary,-0.585703695,-0.072454517,-0.585703695,Greece,1,0,0,0,0,0,0,0,0,1,0,0,0,0,0,0,0,0,0
1994,greece,174,0,Stationary,-0.585703695,-0.072454517,-0.585703695,Greece,1,0,0,0,0,0,0,0,0,1,0,0,0,0,0,0,0,0,0
1995,greece,174,0,Stationary,-0.585703695,-0.072454517,-0.585703695,Greece,1,0,0,0,0,0,0,0,0,1,0,0,0,0,0,0,0,0,0
1996,greece,174,0,Stationary,-0.585703695,-0.072454517,-0.585703695,Greece,1,0,0,0,0,0,0,0,0,1,0,0,0,0,0,0,0,0,0
1997,greece,174,0,Stationary,-0.585703695,-0.072454517,-0.585703695,Greece,1,0,0,0,0,0,0,0,0,1,0,0,0,0,0,0,0,0,0
1998,greece,174,0,Stationary,-0.585703695,-0.072454517,-0.585703695,Greece,1,0,0,0,0,0,0,0,0,1,0,0,0,0,0,0,0,0,0
1999,greece,174,0,Stationary,-0.585703695,-0.072454517,-0.585703695,Greece,1,0,0,0,0,0,0,0,0,1,0,0,0,0,0,0,0,0,0
2000,greece,174,0,Stationary,-0.585703695,-0.072454517,-0.585703695,Greece,1,0,0,0,0,0,0,0,0,1,0,0,0,0,0,0,0,0,0
2001,greece,174,0,Stationary,-0.585703695,-0.072454517,-0.585703695,Greece,1,0,0,0,0,0,0,0,0,1,0,0,0,0,0,0,0,0,0
2002,greece,174,0,Stationary,-0.585703695,-0.072454517,-0.585703695,Greece,1,0,0,0,0,0,0,0,0,1,0,0,0,0,0,0,0,0,0
2003,greece,174,0,Stationary,-0.585703695,-0.072454517,-0.585703695,Greece,1,0,0,0,0,0,0,0,0,1,0,0,0,0,0,0,0,0,0
2004,greece,174,0,Stationary,-0.585703695,-0.072454517,-0.585703695,Greece,1,0,0,0,0,0,0,0,0,1,0,0,0,0,0,0,0,0,0
2005,greece,174,0,Stationary,-0.585703695,-0.072454517,-0.585703695,Greece,1,0,0,0,0,0,0,0,0,1,0,0,0,0,0,0,0,0,0
2006,greece,174,0,Stationary,-0.585703695,-0.072454517,-0.585703695,Greece,1,0,0,0,0,0,0,0,0,1,0,0,0,0,0,0,0,0,0
2007,greece,174,0,Stationary,-0.585703695,-0.072454517,-0.585703695,Greece,1,0,0,0,0,0,0,0,0,1,0,0,0,0,0,0,0,0,0
2008,greece,174,0,Stationary,-0.585703695,-0.072454517,-0.585703695,Greece,1,0,0,0,0,0,0,0,0,1,0,0,0,0,0,0,0,0,0
2009,greece,174,0,Stationary,-0.585703695,-0.072454517,-0.585703695,Greece,1,0,0,0,0,0,0,0,0,1,0,0,0,0,0,0,0,0,0
2010,greece,174,0,Stationary,-0.585703695,-0.072454517,-0.585703695,Greece,1,0,0,0,0,0,0,0,0,1,0,0,0,0,0,0,0,0,0
2011,greece,174,1,Unit root,-0.585703695,-0.072454517,-0.072454517,Greece,1,0,0,0,0,0,0,0,0,1,0,0,0,0,0,0,0,0,0
2012,greece,174,1,Unit root,-0.585703695,-0.072454517,-0.072454517,Greece,1,0,0,0,0,0,0,0,0,1,0,0,0,0,0,0,0,0,0
2013,greece,174,0,Stationary,-0.585703695,-0.072454517,-0.585703695,Greece,1,0,0,0,0,0,0,0,0,1,0,0,0,0,0,0,0,0,0
2014,greece,174,1,Unit root,-0.585703695,-0.072454517,-0.072454517,Greece,1,0,0,0,0,0,0,0,0,1,0,0,0,0,0,0,0,0,0
2015,greece,174,0,Stationary,-0.585703695,-0.072454517,-0.585703695,Greece,1,0,0,0,0,0,0,0,0,1,0,0,0,0,0,0,0,0,0
2016,greece,174,0,Stationary,-0.585703695,-0.072454517,-0.585703695,Greece,1,0,0,0,0,0,0,0,0,1,0,0,0,0,0,0,0,0,0
2017,greece,174,0,Stationary,-0.585703695,-0.072454517,-0.585703695,Greece,1,0,0,0,0,0,0,0,0,1,0,0,0,0,0,0,0,0,0
2018,greece,174,0,Stationary,-0.585703695,-0.072454517,-0.585703695,Greece,1,0,0,0,0,0,0,0,0,1,0,0,0,0,0,0,0,0,0
2019,greece,174,0,Stationary,-0.585703695,-0.072454517,-0.585703695,Greece,1,0,0,0,0,0,0,0,0,1,0,0,0,0,0,0,0,0,0
2020,greece,174,0,Stationary,-0.585703695,-0.072454517,-0.585703695,Greece,1,0,0,0,0,0,0,0,0,1,0,0,0,0,0,0,0,0,0
2021,greece,174,0,Stationary,-0.585703695,-0.072454517,-0.585703695,Greece,1,0,0,0,0,0,0,0,0,1,0,0,0,0,0,0,0,0,0
2022,greece,174,0,Stationary,-0.585703695,-0.072454517,-0.585703695,Greece,1,0,0,0,0,0,0,0,0,1,0,0,0,0,0,0,0,0,0
2023,greece,174,0,Stationary,-0.585703695,-0.072454517,-0.585703695,Greece,1,0,0,0,0,0,0,0,0,1,0,0,0,0,0,0,0,0,0
2024,greece,174,0,Stationary,-0.585703695,-0.072454517,-0.585703695,Greece,1,0,0,0,0,0,0,0,0,1,0,0,0,0,0,0,0,0,0
1977,guatemala,258,0,Unit root,0.045798507,-0.082309558,0.045798507,Guatemala,0,0,1,0,0,0,1,0,0,0,0,0,0,0,0,0,0,0,0
1978,guatemala,258,0,Unit root,0.045798507,-0.082309558,0.045798507,Guatemala,0,0,1,0,0,0,1,0,0,0,0,0,0,0,0,0,0,0,0
1979,guatemala,258,0,Unit root,0.045798507,-0.082309558,0.045798507,Guatemala,0,0,1,0,0,0,1,0,0,0,0,0,0,0,0,0,0,0,0
1980,guatemala,258,0,Unit root,0.045798507,-0.082309558,0.045798507,Guatemala,0,0,1,0,0,0,1,0,0,0,0,0,0,0,0,0,0,0,0
1981,guatemala,258,0,Unit root,0.045798507,-0.082309558,0.045798507,Guatemala,0,0,1,0,0,0,1,0,0,0,0,0,0,0,0,0,0,0,0
1982,guatemala,258,0,Unit root,0.045798507,-0.082309558,0.045798507,Guatemala,0,0,1,0,0,0,1,0,0,0,0,0,0,0,0,0,0,0,0
1983,guatemala,258,0,Unit root,0.045798507,-0.082309558,0.045798507,Guatemala,0,0,1,0,0,0,1,0,0,0,0,0,0,0,0,0,0,0,0
1984,guatemala,258,0,Unit root,0.045798507,-0.082309558,0.045798507,Guatemala,0,0,1,0,0,0,1,0,0,0,0,0,0,0,0,0,0,0,0
1985,guatemala,258,0,Unit root,0.045798507,-0.082309558,0.045798507,Guatemala,0,0,1,0,0,0,1,0,0,0,0,0,0,0,0,0,0,0,0
1986,guatemala,258,1,Unit root,0.045798507,-0.082309558,-0.082309558,Guatemala,0,0,1,0,0,0,1,0,0,0,0,0,0,0,0,0,0,0,0
1987,guatemala,258,0,Unit root,0.045798507,-0.082309558,0.045798507,Guatemala,0,0,1,0,0,0,1,0,0,0,0,0,0,0,0,0,0,0,0
1988,guatemala,258,0,Unit root,0.045798507,-0.082309558,0.045798507,Guatemala,0,0,1,0,0,0,1,0,0,0,0,0,0,0,0,0,0,0,0
1989,guatemala,258,0,Unit root,0.045798507,-0.082309558,0.045798507,Guatemala,0,0,1,0,0,0,1,0,0,0,0,0,0,0,0,0,0,0,0
1990,guatemala,258,0,Unit root,0.045798507,-0.082309558,0.045798507,Guatemala,0,0,1,0,0,0,1,0,0,0,0,0,0,0,0,0,0,0,0
1991,guatemala,258,1,Unit root,0.045798507,-0.082309558,-0.082309558,Guatemala,0,0,1,0,0,0,1,0,0,0,0,0,0,0,0,0,0,0,0
1992,guatemala,258,0,Unit root,0.045798507,-0.082309558,0.045798507,Guatemala,0,0,1,0,0,0,1,0,0,0,0,0,0,0,0,0,0,0,0
1993,guatemala,258,0,Unit root,0.045798507,-0.082309558,0.045798507,Guatemala,0,0,1,0,0,0,1,0,0,0,0,0,0,0,0,0,0,0,0
1994,guatemala,258,0,Unit root,0.045798507,-0.082309558,0.045798507,Guatemala,0,0,1,0,0,0,1,0,0,0,0,0,0,0,0,0,0,0,0
1995,guatemala,258,0,Unit root,0.045798507,-0.082309558,0.045798507,Guatemala,0,0,1,0,0,0,1,0,0,0,0,0,0,0,0,0,0,0,0
1996,guatemala,258,0,Unit root,0.045798507,-0.082309558,0.045798507,Guatemala,0,0,1,0,0,0,1,0,0,0,0,0,0,0,0,0,0,0,0
1997,guatemala,258,0,Unit root,0.045798507,-0.082309558,0.045798507,Guatemala,0,0,1,0,0,0,1,0,0,0,0,0,0,0,0,0,0,0,0
1998,guatemala,258,0,Unit root,0.045798507,-0.082309558,0.045798507,Guatemala,0,0,1,0,0,0,1,0,0,0,0,0,0,0,0,0,0,0,0
1999,guatemala,258,0,Unit root,0.045798507,-0.082309558,0.045798507,Guatemala,0,0,1,0,0,0,1,0,0,0,0,0,0,0,0,0,0,0,0
2000,guatemala,258,0,Unit root,0.045798507,-0.082309558,0.045798507,Guatemala,0,0,1,0,0,0,1,0,0,0,0,0,0,0,0,0,0,0,0
2001,guatemala,258,0,Unit root,0.045798507,-0.082309558,0.045798507,Guatemala,0,0,1,0,0,0,1,0,0,0,0,0,0,0,0,0,0,0,0
2002,guatemala,258,0,Unit root,0.045798507,-0.082309558,0.045798507,Guatemala,0,0,1,0,0,0,1,0,0,0,0,0,0,0,0,0,0,0,0
2003,guatemala,258,0,Unit root,0.045798507,-0.082309558,0.045798507,Guatemala,0,0,1,0,0,0,1,0,0,0,0,0,0,0,0,0,0,0,0
2004,guatemala,258,0,Unit root,0.045798507,-0.082309558,0.045798507,Guatemala,0,0,1,0,0,0,1,0,0,0,0,0,0,0,0,0,0,0,0
2005,guatemala,258,0,Unit root,0.045798507,-0.082309558,0.045798507,Guatemala,0,0,1,0,0,0,1,0,0,0,0,0,0,0,0,0,0,0,0
2006,guatemala,258,0,Unit root,0.045798507,-0.082309558,0.045798507,Guatemala,0,0,1,0,0,0,1,0,0,0,0,0,0,0,0,0,0,0,0
2007,guatemala,258,1,Unit root,0.045798507,-0.082309558,-0.082309558,Guatemala,0,0,1,0,0,0,1,0,0,0,0,0,0,0,0,0,0,0,0
2008,guatemala,258,0,Unit root,0.045798507,-0.082309558,0.045798507,Guatemala,0,0,1,0,0,0,1,0,0,0,0,0,0,0,0,0,0,0,0
2009,guatemala,258,0,Unit root,0.045798507,-0.082309558,0.045798507,Guatemala,0,0,1,0,0,0,1,0,0,0,0,0,0,0,0,0,0,0,0
2010,guatemala,258,0,Unit root,0.045798507,-0.082309558,0.045798507,Guatemala,0,0,1,0,0,0,1,0,0,0,0,0,0,0,0,0,0,0,0
2011,guatemala,258,0,Unit root,0.045798507,-0.082309558,0.045798507,Guatemala,0,0,1,0,0,0,1,0,0,0,0,0,0,0,0,0,0,0,0
2012,guatemala,258,0,Unit root,0.045798507,-0.082309558,0.045798507,Guatemala,0,0,1,0,0,0,1,0,0,0,0,0,0,0,0,0,0,0,0
2013,guatemala,258,0,Unit root,0.045798507,-0.082309558,0.045798507,Guatemala,0,0,1,0,0,0,1,0,0,0,0,0,0,0,0,0,0,0,0
2014,guatemala,258,0,Unit root,0.045798507,-0.082309558,0.045798507,Guatemala,0,0,1,0,0,0,1,0,0,0,0,0,0,0,0,0,0,0,0
2015,guatemala,258,0,Unit root,0.045798507,-0.082309558,0.045798507,Guatemala,0,0,1,0,0,0,1,0,0,0,0,0,0,0,0,0,0,0,0
2016,guatemala,258,0,Unit root,0.045798507,-0.082309558,0.045798507,Guatemala,0,0,1,0,0,0,1,0,0,0,0,0,0,0,0,0,0,0,0
2017,guatemala,258,0,Unit root,0.045798507,-0.082309558,0.045798507,Guatemala,0,0,1,0,0,0,1,0,0,0,0,0,0,0,0,0,0,0,0
2018,guatemala,258,0,Unit root,0.045798507,-0.082309558,0.045798507,Guatemala,0,0,1,0,0,0,1,0,0,0,0,0,0,0,0,0,0,0,0
2019,guatemala,258,0,Unit root,0.045798507,-0.082309558,0.045798507,Guatemala,0,0,1,0,0,0,1,0,0,0,0,0,0,0,0,0,0,0,0
2020,guatemala,258,0,Unit root,0.045798507,-0.082309558,0.045798507,Guatemala,0,0,1,0,0,0,1,0,0,0,0,0,0,0,0,0,0,0,0
1999,hong kong  china,532,1,Unit root,0.322037052,-0.264983811,-0.264983811,Hong Kong  China,1,0,0,0,0,0,0,0,0,0,0,0,0,0,0,0,0,0,0
2000,hong kong  china,532,1,Unit root,0.322037052,-0.264983811,-0.264983811,Hong Kong  China,1,0,0,0,0,0,0,0,0,0,0,0,0,0,0,0,0,0,0
2001,hong kong  china,532,1,Unit root,0.322037052,-0.264983811,-0.264983811,Hong Kong  China,1,0,0,0,0,0,0,0,0,0,0,0,0,0,0,0,0,0,0
2002,hong kong  china,532,0,Explosive,0.322037052,-0.264983811,0.322037052,Hong Kong  China,1,0,0,0,0,0,0,0,0,0,0,0,0,0,0,0,0,0,0
2003,hong kong  china,532,1,Unit root,0.322037052,-0.264983811,-0.264983811,Hong Kong  China,1,0,0,0,0,0,0,0,0,0,0,0,0,0,0,0,0,0,0
2004,hong kong  china,532,1,Unit root,0.322037052,-0.264983811,-0.264983811,Hong Kong  China,1,0,0,0,0,0,0,0,0,0,0,0,0,0,0,0,0,0,0
2005,hong kong  china,532,1,Unit root,0.322037052,-0.264983811,-0.264983811,Hong Kong  China,1,0,0,0,0,0,0,0,0,0,0,0,0,0,0,0,0,0,0
2006,hong kong  china,532,1,Unit root,0.322037052,-0.264983811,-0.264983811,Hong Kong  China,1,0,0,0,0,0,0,0,0,0,0,0,0,0,0,0,0,0,0
2007,hong kong  china,532,1,Unit root,0.322037052,-0.264983811,-0.264983811,Hong Kong  China,1,0,0,0,0,0,0,0,0,0,0,0,0,0,0,0,0,0,0
2008,hong kong  china,532,1,Unit root,0.322037052,-0.264983811,-0.264983811,Hong Kong  China,1,0,0,0,0,0,0,0,0,0,0,0,0,0,0,0,0,0,0
2009,hong kong  china,532,1,Unit root,0.322037052,-0.264983811,-0.264983811,Hong Kong  China,1,0,0,0,0,0,0,0,0,0,0,0,0,0,0,0,0,0,0
2010,hong kong  china,532,0,Explosive,0.322037052,-0.264983811,0.322037052,Hong Kong  China,1,0,0,0,0,0,0,0,0,0,0,0,0,0,0,0,0,0,0
2011,hong kong  china,532,1,Unit root,0.322037052,-0.264983811,-0.264983811,Hong Kong  China,1,0,0,0,0,0,0,0,0,0,0,0,0,0,0,0,0,0,0
2012,hong kong  china,532,1,Unit root,0.322037052,-0.264983811,-0.264983811,Hong Kong  China,1,0,0,0,0,0,0,0,0,0,0,0,0,0,0,0,0,0,0
2013,hong kong  china,532,1,Unit root,0.322037052,-0.264983811,-0.264983811,Hong Kong  China,1,0,0,0,0,0,0,0,0,0,0,0,0,0,0,0,0,0,0
2014,hong kong  china,532,1,Unit root,0.322037052,-0.264983811,-0.264983811,Hong Kong  China,1,0,0,0,0,0,0,0,0,0,0,0,0,0,0,0,0,0,0
2015,hong kong  china,532,0,Explosive,0.322037052,-0.264983811,0.322037052,Hong Kong  China,1,0,0,0,0,0,0,0,0,0,0,0,0,0,0,0,0,0,0
2016,hong kong  china,532,0,Explosive,0.322037052,-0.264983811,0.322037052,Hong Kong  China,1,0,0,0,0,0,0,0,0,0,0,0,0,0,0,0,0,0,0
2017,hong kong  china,532,0,Explosive,0.322037052,-0.264983811,0.322037052,Hong Kong  China,1,0,0,0,0,0,0,0,0,0,0,0,0,0,0,0,0,0,0
2018,hong kong  china,532,1,Unit root,0.322037052,-0.264983811,-0.264983811,Hong Kong  China,1,0,0,0,0,0,0,0,0,0,0,0,0,0,0,0,0,0,0
2019,hong kong  china,532,0,Explosive,0.322037052,-0.264983811,0.322037052,Hong Kong  China,1,0,0,0,0,0,0,0,0,0,0,0,0,0,0,0,0,0,0
2020,hong kong  china,532,0,Explosive,0.322037052,-0.264983811,0.322037052,Hong Kong  China,1,0,0,0,0,0,0,0,0,0,0,0,0,0,0,0,0,0,0
1989,hungary,944,1,Stationary,0.086489761,-0.269401006,-0.269401006,Hungary,0,0,1,0,0,1,0,0,0,0,0,0,0,0,0,0,0,0,0
1990,hungary,944,1,Stationary,0.086489761,-0.269401006,-0.269401006,Hungary,0,0,1,0,0,1,0,0,0,0,0,0,0,0,0,0,0,0,0
1991,hungary,944,0,Explosive,0.086489761,-0.269401006,0.086489761,Hungary,0,0,1,0,0,1,0,0,0,0,0,0,0,0,0,0,0,0,0
1992,hungary,944,0,Explosive,0.086489761,-0.269401006,0.086489761,Hungary,0,0,1,0,0,1,0,0,0,0,0,0,0,0,0,0,0,0,0
1993,hungary,944,1,Stationary,0.086489761,-0.269401006,-0.269401006,Hungary,0,0,1,0,0,1,0,0,0,0,0,0,0,0,0,0,0,0,0
1994,hungary,944,0,Explosive,0.086489761,-0.269401006,0.086489761,Hungary,0,0,1,0,0,1,0,0,0,0,0,0,0,0,0,0,0,0,0
1995,hungary,944,0,Explosive,0.086489761,-0.269401006,0.086489761,Hungary,0,0,1,0,0,1,0,0,0,0,0,0,0,0,0,0,0,0,0
1996,hungary,944,0,Explosive,0.086489761,-0.269401006,0.086489761,Hungary,0,0,1,0,0,1,0,0,0,0,0,0,0,0,0,0,0,0,0
1997,hungary,944,0,Explosive,0.086489761,-0.269401006,0.086489761,Hungary,0,0,1,0,0,1,0,0,0,0,0,0,0,0,0,0,0,0,0
1998,hungary,944,0,Explosive,0.086489761,-0.269401006,0.086489761,Hungary,0,0,1,0,0,1,0,0,0,0,0,0,0,0,0,0,0,0,0
1999,hungary,944,1,Stationary,0.086489761,-0.269401006,-0.269401006,Hungary,0,0,1,0,0,1,0,0,0,0,0,0,0,0,0,0,0,0,0
2000,hungary,944,0,Explosive,0.086489761,-0.269401006,0.086489761,Hungary,0,0,1,0,0,1,0,0,0,0,0,0,0,0,0,0,0,0,0
2001,hungary,944,0,Explosive,0.086489761,-0.269401006,0.086489761,Hungary,0,0,1,0,0,1,0,0,0,0,0,0,0,0,0,0,0,0,0
2002,hungary,944,1,Stationary,0.086489761,-0.269401006,-0.269401006,Hungary,0,0,1,0,0,1,0,0,0,0,0,0,0,0,0,0,0,0,0
2003,hungary,944,0,Explosive,0.086489761,-0.269401006,0.086489761,Hungary,0,0,1,0,0,1,0,0,0,0,0,0,0,0,0,0,0,0,0
2004,hungary,944,0,Explosive,0.086489761,-0.269401006,0.086489761,Hungary,0,0,1,0,0,1,0,0,0,0,0,0,0,0,0,0,0,0,0
2005,hungary,944,1,Stationary,0.086489761,-0.269401006,-0.269401006,Hungary,0,0,1,0,0,1,0,0,0,0,0,0,0,0,0,0,0,0,0
2006,hungary,944,1,Stationary,0.086489761,-0.269401006,-0.269401006,Hungary,0,0,1,0,0,1,0,0,0,0,0,0,0,0,0,0,0,0,0
2007,hungary,944,1,Stationary,0.086489761,-0.269401006,-0.269401006,Hungary,0,0,1,0,0,1,0,0,0,0,0,0,0,0,0,0,0,0,0
2008,hungary,944,0,Explosive,0.086489761,-0.269401006,0.086489761,Hungary,0,0,1,0,0,1,0,0,0,0,0,0,0,0,0,0,0,0,0
2009,hungary,944,0,Explosive,0.086489761,-0.269401006,0.086489761,Hungary,0,0,1,0,0,1,0,0,0,0,0,0,0,0,0,0,0,0,0
2010,hungary,944,0,Explosive,0.086489761,-0.269401006,0.086489761,Hungary,0,0,1,0,0,1,0,0,0,0,0,0,0,0,0,0,0,0,0
2011,hungary,944,1,Stationary,0.086489761,-0.269401006,-0.269401006,Hungary,0,0,1,0,0,1,0,0,0,0,0,0,0,0,0,0,0,0,0
2012,hungary,944,1,Stationary,0.086489761,-0.269401006,-0.269401006,Hungary,0,0,1,0,0,1,0,0,0,0,0,0,0,0,0,0,0,0,0
2013,hungary,944,1,Stationary,0.086489761,-0.269401006,-0.269401006,Hungary,0,0,1,0,0,1,0,0,0,0,0,0,0,0,0,0,0,0,0
2014,hungary,944,1,Stationary,0.086489761,-0.269401006,-0.269401006,Hungary,0,0,1,0,0,1,0,0,0,0,0,0,0,0,0,0,0,0,0
2015,hungary,944,0,Explosive,0.086489761,-0.269401006,0.086489761,Hungary,0,0,1,0,0,1,0,0,0,0,0,0,0,0,0,0,0,0,0
2016,hungary,944,1,Stationary,0.086489761,-0.269401006,-0.269401006,Hungary,0,0,1,0,0,1,0,0,0,0,0,0,0,0,0,0,0,0,0
2017,hungary,944,1,Stationary,0.086489761,-0.269401006,-0.269401006,Hungary,0,0,1,0,0,1,0,0,0,0,0,0,0,0,0,0,0,0,0
2018,hungary,944,1,Stationary,0.086489761,-0.269401006,-0.269401006,Hungary,0,0,1,0,0,1,0,0,0,0,0,0,0,0,0,0,0,0,0
2019,hungary,944,1,Stationary,0.086489761,-0.269401006,-0.269401006,Hungary,0,0,1,0,0,1,0,0,0,0,0,0,0,0,0,0,0,0,0
2020,hungary,944,0,Explosive,0.086489761,-0.269401006,0.086489761,Hungary,0,0,1,0,0,1,0,0,0,0,0,0,0,0,0,0,0,0,0
2021,hungary,944,0,Explosive,0.086489761,-0.269401006,0.086489761,Hungary,0,0,1,0,0,1,0,0,0,0,0,0,0,0,0,0,0,0,0
2022,hungary,944,0,Explosive,0.086489761,-0.269401006,0.086489761,Hungary,0,0,1,0,0,1,0,0,0,0,0,0,0,0,0,0,0,0,0
2023,hungary,944,0,Explosive,0.086489761,-0.269401006,0.086489761,Hungary,0,0,1,0,0,1,0,0,0,0,0,0,0,0,0,0,0,0,0
2024,hungary,944,0,Explosive,0.086489761,-0.269401006,0.086489761,Hungary,0,0,1,0,0,1,0,0,0,0,0,0,0,0,0,0,0,0,0
1976,iceland,176,1,Unit root,-0.244021724,0.056541491,0.056541491,Iceland,1,0,0,0,0,0,0,0,0,0,0,0,0,0,0,0,0,0,0
1977,iceland,176,1,Unit root,-0.244021724,0.056541491,0.056541491,Iceland,1,0,0,0,0,0,0,0,0,0,0,0,0,0,0,0,0,0,0
1978,iceland,176,1,Unit root,-0.244021724,0.056541491,0.056541491,Iceland,1,0,0,0,0,0,0,0,0,0,0,0,0,0,0,0,0,0,0
1979,iceland,176,0,Unit root,-0.244021724,0.056541491,-0.244021724,Iceland,1,0,0,0,0,0,0,0,0,0,0,0,0,0,0,0,0,0,0
1980,iceland,176,0,Unit root,-0.244021724,0.056541491,-0.244021724,Iceland,1,0,0,0,0,0,0,0,0,0,0,0,0,0,0,0,0,0,0
1981,iceland,176,1,Unit root,-0.244021724,0.056541491,0.056541491,Iceland,1,0,0,0,0,0,0,0,0,0,0,0,0,0,0,0,0,0,0
1982,iceland,176,1,Unit root,-0.244021724,0.056541491,0.056541491,Iceland,1,0,0,0,0,0,0,0,0,0,0,0,0,0,0,0,0,0,0
1983,iceland,176,1,Unit root,-0.244021724,0.056541491,0.056541491,Iceland,1,0,0,0,0,0,0,0,0,0,0,0,0,0,0,0,0,0,0
1984,iceland,176,1,Unit root,-0.244021724,0.056541491,0.056541491,Iceland,1,0,0,0,0,0,0,0,0,0,0,0,0,0,0,0,0,0,0
1985,iceland,176,0,Unit root,-0.244021724,0.056541491,-0.244021724,Iceland,1,0,0,0,0,0,0,0,0,0,0,0,0,0,0,0,0,0,0
1986,iceland,176,0,Unit root,-0.244021724,0.056541491,-0.244021724,Iceland,1,0,0,0,0,0,0,0,0,0,0,0,0,0,0,0,0,0,0
1987,iceland,176,1,Unit root,-0.244021724,0.056541491,0.056541491,Iceland,1,0,0,0,0,0,0,0,0,0,0,0,0,0,0,0,0,0,0
1988,iceland,176,1,Unit root,-0.244021724,0.056541491,0.056541491,Iceland,1,0,0,0,0,0,0,0,0,0,0,0,0,0,0,0,0,0,0
1989,iceland,176,1,Unit root,-0.244021724,0.056541491,0.056541491,Iceland,1,0,0,0,0,0,0,0,0,0,0,0,0,0,0,0,0,0,0
1990,iceland,176,1,Unit root,-0.244021724,0.056541491,0.056541491,Iceland,1,0,0,0,0,0,0,0,0,0,0,0,0,0,0,0,0,0,0
1991,iceland,176,1,Unit root,-0.244021724,0.056541491,0.056541491,Iceland,1,0,0,0,0,0,0,0,0,0,0,0,0,0,0,0,0,0,0
1992,iceland,176,1,Unit root,-0.244021724,0.056541491,0.056541491,Iceland,1,0,0,0,0,0,0,0,0,0,0,0,0,0,0,0,0,0,0
1993,iceland,176,1,Unit root,-0.244021724,0.056541491,0.056541491,Iceland,1,0,0,0,0,0,0,0,0,0,0,0,0,0,0,0,0,0,0
1994,iceland,176,1,Unit root,-0.244021724,0.056541491,0.056541491,Iceland,1,0,0,0,0,0,0,0,0,0,0,0,0,0,0,0,0,0,0
1995,iceland,176,1,Unit root,-0.244021724,0.056541491,0.056541491,Iceland,1,0,0,0,0,0,0,0,0,0,0,0,0,0,0,0,0,0,0
1996,iceland,176,1,Unit root,-0.244021724,0.056541491,0.056541491,Iceland,1,0,0,0,0,0,0,0,0,0,0,0,0,0,0,0,0,0,0
1997,iceland,176,1,Unit root,-0.244021724,0.056541491,0.056541491,Iceland,1,0,0,0,0,0,0,0,0,0,0,0,0,0,0,0,0,0,0
1998,iceland,176,1,Unit root,-0.244021724,0.056541491,0.056541491,Iceland,1,0,0,0,0,0,0,0,0,0,0,0,0,0,0,0,0,0,0
1999,iceland,176,0,Unit root,-0.244021724,0.056541491,-0.244021724,Iceland,1,0,0,0,0,0,0,0,0,0,0,0,0,0,0,0,0,0,0
2000,iceland,176,1,Unit root,-0.244021724,0.056541491,0.056541491,Iceland,1,0,0,0,0,0,0,0,0,0,0,0,0,0,0,0,0,0,0
2001,iceland,176,1,Unit root,-0.244021724,0.056541491,0.056541491,Iceland,1,0,0,0,0,0,0,0,0,0,0,0,0,0,0,0,0,0,0
2002,iceland,176,1,Unit root,-0.244021724,0.056541491,0.056541491,Iceland,1,0,0,0,0,0,0,0,0,0,0,0,0,0,0,0,0,0,0
2003,iceland,176,1,Unit root,-0.244021724,0.056541491,0.056541491,Iceland,1,0,0,0,0,0,0,0,0,0,0,0,0,0,0,0,0,0,0
2004,iceland,176,0,Unit root,-0.244021724,0.056541491,-0.244021724,Iceland,1,0,0,0,0,0,0,0,0,0,0,0,0,0,0,0,0,0,0
2005,iceland,176,0,Unit root,-0.244021724,0.056541491,-0.244021724,Iceland,1,0,0,0,0,0,0,0,0,0,0,0,0,0,0,0,0,0,0
2006,iceland,176,1,Unit root,-0.244021724,0.056541491,0.056541491,Iceland,1,0,0,0,0,0,0,0,0,0,0,0,0,0,0,0,0,0,0
2007,iceland,176,1,Unit root,-0.244021724,0.056541491,0.056541491,Iceland,1,0,0,0,0,0,0,0,0,0,0,0,0,0,0,0,0,0,0
2008,iceland,176,1,Unit root,-0.244021724,0.056541491,0.056541491,Iceland,1,0,0,0,0,0,0,0,0,0,0,0,0,0,0,0,0,0,0
2009,iceland,176,0,Unit root,-0.244021724,0.056541491,-0.244021724,Iceland,1,0,0,0,0,0,0,0,0,0,0,0,0,0,0,0,0,0,0
2010,iceland,176,1,Unit root,-0.244021724,0.056541491,0.056541491,Iceland,1,0,0,0,0,0,0,0,0,0,0,0,0,0,0,0,0,0,0
2011,iceland,176,1,Unit root,-0.244021724,0.056541491,0.056541491,Iceland,1,0,0,0,0,0,0,0,0,0,0,0,0,0,0,0,0,0,0
2012,iceland,176,1,Unit root,-0.244021724,0.056541491,0.056541491,Iceland,1,0,0,0,0,0,0,0,0,0,0,0,0,0,0,0,0,0,0
2013,iceland,176,1,Unit root,-0.244021724,0.056541491,0.056541491,Iceland,1,0,0,0,0,0,0,0,0,0,0,0,0,0,0,0,0,0,0
2014,iceland,176,1,Unit root,-0.244021724,0.056541491,0.056541491,Iceland,1,0,0,0,0,0,0,0,0,0,0,0,0,0,0,0,0,0,0
2015,iceland,176,1,Unit root,-0.244021724,0.056541491,0.056541491,Iceland,1,0,0,0,0,0,0,0,0,0,0,0,0,0,0,0,0,0,0
2016,iceland,176,1,Unit root,-0.244021724,0.056541491,0.056541491,Iceland,1,0,0,0,0,0,0,0,0,0,0,0,0,0,0,0,0,0,0
2017,iceland,176,1,Unit root,-0.244021724,0.056541491,0.056541491,Iceland,1,0,0,0,0,0,0,0,0,0,0,0,0,0,0,0,0,0,0
2018,iceland,176,1,Unit root,-0.244021724,0.056541491,0.056541491,Iceland,1,0,0,0,0,0,0,0,0,0,0,0,0,0,0,0,0,0,0
2019,iceland,176,1,Unit root,-0.244021724,0.056541491,0.056541491,Iceland,1,0,0,0,0,0,0,0,0,0,0,0,0,0,0,0,0,0,0
2020,iceland,176,1,Unit root,-0.244021724,0.056541491,0.056541491,Iceland,1,0,0,0,0,0,0,0,0,0,0,0,0,0,0,0,0,0,0
2021,iceland,176,1,Unit root,-0.244021724,0.056541491,0.056541491,Iceland,1,0,0,0,0,0,0,0,0,0,0,0,0,0,0,0,0,0,0
2022,iceland,176,1,Unit root,-0.244021724,0.056541491,0.056541491,Iceland,1,0,0,0,0,0,0,0,0,0,0,0,0,0,0,0,0,0,0
2023,iceland,176,1,Unit root,-0.244021724,0.056541491,0.056541491,Iceland,1,0,0,0,0,0,0,0,0,0,0,0,0,0,0,0,0,0,0
2024,iceland,176,0,Unit root,-0.244021724,0.056541491,-0.244021724,Iceland,1,0,0,0,0,0,0,0,0,0,0,0,0,0,0,0,0,0,0
1960,india,534,1,Stationary,-0.164076098,-0.521044056,-0.521044056,India,0,0,1,0,1,0,0,0,1,0,1,0,0,0,0,0,0,0,0
1961,india,534,1,Stationary,-0.164076098,-0.521044056,-0.521044056,India,0,0,1,0,1,0,0,0,1,0,1,0,0,0,0,0,0,0,0
1962,india,534,1,Stationary,-0.164076098,-0.521044056,-0.521044056,India,0,0,1,0,1,0,0,0,1,0,1,0,0,0,0,0,0,0,0
1963,india,534,1,Stationary,-0.164076098,-0.521044056,-0.521044056,India,0,0,1,0,1,0,0,0,1,0,1,0,0,0,0,0,0,0,0
1964,india,534,1,Stationary,-0.164076098,-0.521044056,-0.521044056,India,0,0,1,0,1,0,0,0,1,0,1,0,0,0,0,0,0,0,0
1965,india,534,1,Stationary,-0.164076098,-0.521044056,-0.521044056,India,0,0,1,0,1,0,0,0,1,0,1,0,0,0,0,0,0,0,0
1966,india,534,1,Stationary,-0.164076098,-0.521044056,-0.521044056,India,0,0,1,0,1,0,0,0,1,0,1,0,0,0,0,0,0,0,0
1967,india,534,1,Stationary,-0.164076098,-0.521044056,-0.521044056,India,0,0,1,0,1,0,0,0,1,0,1,0,0,0,0,0,0,0,0
1968,india,534,1,Stationary,-0.164076098,-0.521044056,-0.521044056,India,0,0,1,0,1,0,0,0,1,0,1,0,0,0,0,0,0,0,0
1969,india,534,1,Stationary,-0.164076098,-0.521044056,-0.521044056,India,0,0,1,0,1,0,0,0,1,0,1,0,0,0,0,0,0,0,0
1970,india,534,1,Stationary,-0.164076098,-0.521044056,-0.521044056,India,0,0,1,0,1,0,0,0,1,0,1,0,0,0,0,0,0,0,0
1971,india,534,1,Stationary,-0.164076098,-0.521044056,-0.521044056,India,0,0,1,0,1,0,0,0,1,0,1,0,0,0,0,0,0,0,0
1972,india,534,1,Stationary,-0.164076098,-0.521044056,-0.521044056,India,0,0,1,0,1,0,0,0,1,0,1,0,0,0,0,0,0,0,0
1973,india,534,1,Stationary,-0.164076098,-0.521044056,-0.521044056,India,0,0,1,0,1,0,0,0,1,0,1,0,0,0,0,0,0,0,0
1974,india,534,1,Stationary,-0.164076098,-0.521044056,-0.521044056,India,0,0,1,0,1,0,0,0,1,0,1,0,0,0,0,0,0,0,0
1975,india,534,1,Stationary,-0.164076098,-0.521044056,-0.521044056,India,0,0,1,0,1,0,0,0,1,0,1,0,0,0,0,0,0,0,0
1976,india,534,1,Stationary,-0.164076098,-0.521044056,-0.521044056,India,0,0,1,0,1,0,0,0,1,0,1,0,0,0,0,0,0,0,0
1977,india,534,1,Stationary,-0.164076098,-0.521044056,-0.521044056,India,0,0,1,0,1,0,0,0,1,0,1,0,0,0,0,0,0,0,0
1978,india,534,1,Stationary,-0.164076098,-0.521044056,-0.521044056,India,0,0,1,0,1,0,0,0,1,0,1,0,0,0,0,0,0,0,0
1979,india,534,1,Stationary,-0.164076098,-0.521044056,-0.521044056,India,0,0,1,0,1,0,0,0,1,0,1,0,0,0,0,0,0,0,0
1980,india,534,1,Stationary,-0.164076098,-0.521044056,-0.521044056,India,0,0,1,0,1,0,0,0,1,0,1,0,0,0,0,0,0,0,0
1981,india,534,1,Stationary,-0.164076098,-0.521044056,-0.521044056,India,0,0,1,0,1,0,0,0,1,0,1,0,0,0,0,0,0,0,0
1982,india,534,1,Stationary,-0.164076098,-0.521044056,-0.521044056,India,0,0,1,0,1,0,0,0,1,0,1,0,0,0,0,0,0,0,0
1983,india,534,1,Stationary,-0.164076098,-0.521044056,-0.521044056,India,0,0,1,0,1,0,0,0,1,0,1,0,0,0,0,0,0,0,0
1984,india,534,1,Stationary,-0.164076098,-0.521044056,-0.521044056,India,0,0,1,0,1,0,0,0,1,0,1,0,0,0,0,0,0,0,0
1985,india,534,1,Stationary,-0.164076098,-0.521044056,-0.521044056,India,0,0,1,0,1,0,0,0,1,0,1,0,0,0,0,0,0,0,0
1986,india,534,1,Stationary,-0.164076098,-0.521044056,-0.521044056,India,0,0,1,0,1,0,0,0,1,0,1,0,0,0,0,0,0,0,0
1987,india,534,1,Stationary,-0.164076098,-0.521044056,-0.521044056,India,0,0,1,0,1,0,0,0,1,0,1,0,0,0,0,0,0,0,0
1988,india,534,1,Stationary,-0.164076098,-0.521044056,-0.521044056,India,0,0,1,0,1,0,0,0,1,0,1,0,0,0,0,0,0,0,0
1989,india,534,1,Stationary,-0.164076098,-0.521044056,-0.521044056,India,0,0,1,0,1,0,0,0,1,0,1,0,0,0,0,0,0,0,0
1990,india,534,1,Stationary,-0.164076098,-0.521044056,-0.521044056,India,0,0,1,0,1,0,0,0,1,0,1,0,0,0,0,0,0,0,0
1991,india,534,1,Stationary,-0.164076098,-0.521044056,-0.521044056,India,0,0,1,0,1,0,0,0,1,0,1,0,0,0,0,0,0,0,0
1992,india,534,1,Stationary,-0.164076098,-0.521044056,-0.521044056,India,0,0,1,0,1,0,0,0,1,0,1,0,0,0,0,0,0,0,0
1993,india,534,1,Stationary,-0.164076098,-0.521044056,-0.521044056,India,0,0,1,0,1,0,0,0,1,0,1,0,0,0,0,0,0,0,0
1994,india,534,1,Stationary,-0.164076098,-0.521044056,-0.521044056,India,0,0,1,0,1,0,0,0,1,0,1,0,0,0,0,0,0,0,0
1995,india,534,1,Stationary,-0.164076098,-0.521044056,-0.521044056,India,0,0,1,0,1,0,0,0,1,0,1,0,0,0,0,0,0,0,0
1996,india,534,1,Stationary,-0.164076098,-0.521044056,-0.521044056,India,0,0,1,0,1,0,0,0,1,0,1,0,0,0,0,0,0,0,0
1997,india,534,1,Stationary,-0.164076098,-0.521044056,-0.521044056,India,0,0,1,0,1,0,0,0,1,0,1,0,0,0,0,0,0,0,0
1998,india,534,1,Stationary,-0.164076098,-0.521044056,-0.521044056,India,0,0,1,0,1,0,0,0,1,0,1,0,0,0,0,0,0,0,0
1999,india,534,1,Stationary,-0.164076098,-0.521044056,-0.521044056,India,0,0,1,0,1,0,0,0,1,0,1,0,0,0,0,0,0,0,0
2000,india,534,1,Stationary,-0.164076098,-0.521044056,-0.521044056,India,0,0,1,0,1,0,0,0,1,0,1,0,0,0,0,0,0,0,0
2001,india,534,1,Stationary,-0.164076098,-0.521044056,-0.521044056,India,0,0,1,0,1,0,0,0,1,0,1,0,0,0,0,0,0,0,0
2002,india,534,1,Stationary,-0.164076098,-0.521044056,-0.521044056,India,0,0,1,0,1,0,0,0,1,0,1,0,0,0,0,0,0,0,0
2003,india,534,1,Stationary,-0.164076098,-0.521044056,-0.521044056,India,0,0,1,0,1,0,0,0,1,0,1,0,0,0,0,0,0,0,0
2004,india,534,1,Stationary,-0.164076098,-0.521044056,-0.521044056,India,0,0,1,0,1,0,0,0,1,0,1,0,0,0,0,0,0,0,0
2005,india,534,1,Stationary,-0.164076098,-0.521044056,-0.521044056,India,0,0,1,0,1,0,0,0,1,0,1,0,0,0,0,0,0,0,0
2006,india,534,1,Stationary,-0.164076098,-0.521044056,-0.521044056,India,0,0,1,0,1,0,0,0,1,0,1,0,0,0,0,0,0,0,0
2007,india,534,1,Stationary,-0.164076098,-0.521044056,-0.521044056,India,0,0,1,0,1,0,0,0,1,0,1,0,0,0,0,0,0,0,0
2008,india,534,1,Stationary,-0.164076098,-0.521044056,-0.521044056,India,0,0,1,0,1,0,0,0,1,0,1,0,0,0,0,0,0,0,0
2009,india,534,1,Stationary,-0.164076098,-0.521044056,-0.521044056,India,0,0,1,0,1,0,0,0,1,0,1,0,0,0,0,0,0,0,0
2010,india,534,1,Stationary,-0.164076098,-0.521044056,-0.521044056,India,0,0,1,0,1,0,0,0,1,0,1,0,0,0,0,0,0,0,0
2011,india,534,1,Stationary,-0.164076098,-0.521044056,-0.521044056,India,0,0,1,0,1,0,0,0,1,0,1,0,0,0,0,0,0,0,0
2012,india,534,1,Stationary,-0.164076098,-0.521044056,-0.521044056,India,0,0,1,0,1,0,0,0,1,0,1,0,0,0,0,0,0,0,0
2013,india,534,1,Stationary,-0.164076098,-0.521044056,-0.521044056,India,0,0,1,0,1,0,0,0,1,0,1,0,0,0,0,0,0,0,0
2014,india,534,1,Stationary,-0.164076098,-0.521044056,-0.521044056,India,0,0,1,0,1,0,0,0,1,0,1,0,0,0,0,0,0,0,0
2015,india,534,1,Stationary,-0.164076098,-0.521044056,-0.521044056,India,0,0,1,0,1,0,0,0,1,0,1,0,0,0,0,0,0,0,0
2016,india,534,1,Stationary,-0.164076098,-0.521044056,-0.521044056,India,0,0,1,0,1,0,0,0,1,0,1,0,0,0,0,0,0,0,0
2017,india,534,1,Stationary,-0.164076098,-0.521044056,-0.521044056,India,0,0,1,0,1,0,0,0,1,0,1,0,0,0,0,0,0,0,0
2018,india,534,1,Stationary,-0.164076098,-0.521044056,-0.521044056,India,0,0,1,0,1,0,0,0,1,0,1,0,0,0,0,0,0,0,0
2019,india,534,1,Stationary,-0.164076098,-0.521044056,-0.521044056,India,0,0,1,0,1,0,0,0,1,0,1,0,0,0,0,0,0,0,0
2020,india,534,1,Stationary,-0.164076098,-0.521044056,-0.521044056,India,0,0,1,0,1,0,0,0,1,0,1,0,0,0,0,0,0,0,0
2021,india,534,1,Stationary,-0.164076098,-0.521044056,-0.521044056,India,0,0,1,0,1,0,0,0,1,0,1,0,0,0,0,0,0,0,0
2022,india,534,1,Stationary,-0.164076098,-0.521044056,-0.521044056,India,0,0,1,0,1,0,0,0,1,0,1,0,0,0,0,0,0,0,0
2023,india,534,1,Stationary,-0.164076098,-0.521044056,-0.521044056,India,0,0,1,0,1,0,0,0,1,0,1,0,0,0,0,0,0,0,0
2024,india,534,0,Stationary,-0.164076098,-0.521044056,-0.164076098,India,0,0,1,0,1,0,0,0,1,0,1,0,0,0,0,0,0,0,0
1981,indonesia,536,1,Stationary,-0.085230997,-0.127078083,-0.127078083,Indonesia,0,0,1,0,1,0,0,0,1,0,1,0,0,0,0,0,0,0,0
1982,indonesia,536,1,Stationary,-0.085230997,-0.127078083,-0.127078083,Indonesia,0,0,1,0,1,0,0,0,1,0,1,0,0,0,0,0,0,0,0
1983,indonesia,536,0,Unit root,-0.085230997,-0.127078083,-0.085230997,Indonesia,0,0,1,0,1,0,0,0,1,0,1,0,0,0,0,0,0,0,0
1984,indonesia,536,0,Unit root,-0.085230997,-0.127078083,-0.085230997,Indonesia,0,0,1,0,1,0,0,0,1,0,1,0,0,0,0,0,0,0,0
1985,indonesia,536,0,Unit root,-0.085230997,-0.127078083,-0.085230997,Indonesia,0,0,1,0,1,0,0,0,1,0,1,0,0,0,0,0,0,0,0
1986,indonesia,536,1,Stationary,-0.085230997,-0.127078083,-0.127078083,Indonesia,0,0,1,0,1,0,0,0,1,0,1,0,0,0,0,0,0,0,0
1987,indonesia,536,0,Unit root,-0.085230997,-0.127078083,-0.085230997,Indonesia,0,0,1,0,1,0,0,0,1,0,1,0,0,0,0,0,0,0,0
1988,indonesia,536,0,Unit root,-0.085230997,-0.127078083,-0.085230997,Indonesia,0,0,1,0,1,0,0,0,1,0,1,0,0,0,0,0,0,0,0
1989,indonesia,536,1,Stationary,-0.085230997,-0.127078083,-0.127078083,Indonesia,0,0,1,0,1,0,0,0,1,0,1,0,0,0,0,0,0,0,0
1990,indonesia,536,1,Stationary,-0.085230997,-0.127078083,-0.127078083,Indonesia,0,0,1,0,1,0,0,0,1,0,1,0,0,0,0,0,0,0,0
1991,indonesia,536,0,Unit root,-0.085230997,-0.127078083,-0.085230997,Indonesia,0,0,1,0,1,0,0,0,1,0,1,0,0,0,0,0,0,0,0
1992,indonesia,536,0,Unit root,-0.085230997,-0.127078083,-0.085230997,Indonesia,0,0,1,0,1,0,0,0,1,0,1,0,0,0,0,0,0,0,0
1993,indonesia,536,0,Unit root,-0.085230997,-0.127078083,-0.085230997,Indonesia,0,0,1,0,1,0,0,0,1,0,1,0,0,0,0,0,0,0,0
1994,indonesia,536,0,Unit root,-0.085230997,-0.127078083,-0.085230997,Indonesia,0,0,1,0,1,0,0,0,1,0,1,0,0,0,0,0,0,0,0
1995,indonesia,536,0,Unit root,-0.085230997,-0.127078083,-0.085230997,Indonesia,0,0,1,0,1,0,0,0,1,0,1,0,0,0,0,0,0,0,0
1996,indonesia,536,0,Unit root,-0.085230997,-0.127078083,-0.085230997,Indonesia,0,0,1,0,1,0,0,0,1,0,1,0,0,0,0,0,0,0,0
1997,indonesia,536,1,Stationary,-0.085230997,-0.127078083,-0.127078083,Indonesia,0,0,1,0,1,0,0,0,1,0,1,0,0,0,0,0,0,0,0
1998,indonesia,536,0,Unit root,-0.085230997,-0.127078083,-0.085230997,Indonesia,0,0,1,0,1,0,0,0,1,0,1,0,0,0,0,0,0,0,0
1999,indonesia,536,1,Stationary,-0.085230997,-0.127078083,-0.127078083,Indonesia,0,0,1,0,1,0,0,0,1,0,1,0,0,0,0,0,0,0,0
2000,indonesia,536,1,Stationary,-0.085230997,-0.127078083,-0.127078083,Indonesia,0,0,1,0,1,0,0,0,1,0,1,0,0,0,0,0,0,0,0
2001,indonesia,536,0,Unit root,-0.085230997,-0.127078083,-0.085230997,Indonesia,0,0,1,0,1,0,0,0,1,0,1,0,0,0,0,0,0,0,0
2002,indonesia,536,0,Unit root,-0.085230997,-0.127078083,-0.085230997,Indonesia,0,0,1,0,1,0,0,0,1,0,1,0,0,0,0,0,0,0,0
2003,indonesia,536,0,Unit root,-0.085230997,-0.127078083,-0.085230997,Indonesia,0,0,1,0,1,0,0,0,1,0,1,0,0,0,0,0,0,0,0
2004,indonesia,536,0,Unit root,-0.085230997,-0.127078083,-0.085230997,Indonesia,0,0,1,0,1,0,0,0,1,0,1,0,0,0,0,0,0,0,0
2005,indonesia,536,0,Unit root,-0.085230997,-0.127078083,-0.085230997,Indonesia,0,0,1,0,1,0,0,0,1,0,1,0,0,0,0,0,0,0,0
2006,indonesia,536,0,Unit root,-0.085230997,-0.127078083,-0.085230997,Indonesia,0,0,1,0,1,0,0,0,1,0,1,0,0,0,0,0,0,0,0
2007,indonesia,536,0,Unit root,-0.085230997,-0.127078083,-0.085230997,Indonesia,0,0,1,0,1,0,0,0,1,0,1,0,0,0,0,0,0,0,0
2008,indonesia,536,0,Unit root,-0.085230997,-0.127078083,-0.085230997,Indonesia,0,0,1,0,1,0,0,0,1,0,1,0,0,0,0,0,0,0,0
2009,indonesia,536,0,Unit root,-0.085230997,-0.127078083,-0.085230997,Indonesia,0,0,1,0,1,0,0,0,1,0,1,0,0,0,0,0,0,0,0
2010,indonesia,536,0,Unit root,-0.085230997,-0.127078083,-0.085230997,Indonesia,0,0,1,0,1,0,0,0,1,0,1,0,0,0,0,0,0,0,0
2011,indonesia,536,0,Unit root,-0.085230997,-0.127078083,-0.085230997,Indonesia,0,0,1,0,1,0,0,0,1,0,1,0,0,0,0,0,0,0,0
2012,indonesia,536,0,Unit root,-0.085230997,-0.127078083,-0.085230997,Indonesia,0,0,1,0,1,0,0,0,1,0,1,0,0,0,0,0,0,0,0
2013,indonesia,536,0,Unit root,-0.085230997,-0.127078083,-0.085230997,Indonesia,0,0,1,0,1,0,0,0,1,0,1,0,0,0,0,0,0,0,0
2014,indonesia,536,0,Unit root,-0.085230997,-0.127078083,-0.085230997,Indonesia,0,0,1,0,1,0,0,0,1,0,1,0,0,0,0,0,0,0,0
2015,indonesia,536,1,Stationary,-0.085230997,-0.127078083,-0.127078083,Indonesia,0,0,1,0,1,0,0,0,1,0,1,0,0,0,0,0,0,0,0
2016,indonesia,536,0,Unit root,-0.085230997,-0.127078083,-0.085230997,Indonesia,0,0,1,0,1,0,0,0,1,0,1,0,0,0,0,0,0,0,0
2017,indonesia,536,0,Unit root,-0.085230997,-0.127078083,-0.085230997,Indonesia,0,0,1,0,1,0,0,0,1,0,1,0,0,0,0,0,0,0,0
2018,indonesia,536,0,Unit root,-0.085230997,-0.127078083,-0.085230997,Indonesia,0,0,1,0,1,0,0,0,1,0,1,0,0,0,0,0,0,0,0
2019,indonesia,536,1,Stationary,-0.085230997,-0.127078083,-0.127078083,Indonesia,0,0,1,0,1,0,0,0,1,0,1,0,0,0,0,0,0,0,0
2020,indonesia,536,0,Unit root,-0.085230997,-0.127078083,-0.085230997,Indonesia,0,0,1,0,1,0,0,0,1,0,1,0,0,0,0,0,0,0,0
2021,indonesia,536,0,Unit root,-0.085230997,-0.127078083,-0.085230997,Indonesia,0,0,1,0,1,0,0,0,1,0,1,0,0,0,0,0,0,0,0
2022,indonesia,536,0,Unit root,-0.085230997,-0.127078083,-0.085230997,Indonesia,0,0,1,0,1,0,0,0,1,0,1,0,0,0,0,0,0,0,0
2023,indonesia,536,0,Unit root,-0.085230997,-0.127078083,-0.085230997,Indonesia,0,0,1,0,1,0,0,0,1,0,1,0,0,0,0,0,0,0,0
2024,indonesia,536,0,Unit root,-0.085230997,-0.127078083,-0.085230997,Indonesia,0,0,1,0,1,0,0,0,1,0,1,0,0,0,0,0,0,0,0
1990,ireland,178,0,Stationary,-0.71442724,-0.215638874,-0.71442724,Ireland,1,0,0,0,0,0,0,0,0,1,0,0,0,0,0,0,0,0,0
1991,ireland,178,0,Stationary,-0.71442724,-0.215638874,-0.71442724,Ireland,1,0,0,0,0,0,0,0,0,1,0,0,0,0,0,0,0,0,0
1992,ireland,178,1,Stationary,-0.71442724,-0.215638874,-0.215638874,Ireland,1,0,0,0,0,0,0,0,0,1,0,0,0,0,0,0,0,0,0
1993,ireland,178,0,Stationary,-0.71442724,-0.215638874,-0.71442724,Ireland,1,0,0,0,0,0,0,0,0,1,0,0,0,0,0,0,0,0,0
1994,ireland,178,0,Stationary,-0.71442724,-0.215638874,-0.71442724,Ireland,1,0,0,0,0,0,0,0,0,1,0,0,0,0,0,0,0,0,0
1995,ireland,178,0,Stationary,-0.71442724,-0.215638874,-0.71442724,Ireland,1,0,0,0,0,0,0,0,0,1,0,0,0,0,0,0,0,0,0
1996,ireland,178,0,Stationary,-0.71442724,-0.215638874,-0.71442724,Ireland,1,0,0,0,0,0,0,0,0,1,0,0,0,0,0,0,0,0,0
1997,ireland,178,0,Stationary,-0.71442724,-0.215638874,-0.71442724,Ireland,1,0,0,0,0,0,0,0,0,1,0,0,0,0,0,0,0,0,0
1998,ireland,178,0,Stationary,-0.71442724,-0.215638874,-0.71442724,Ireland,1,0,0,0,0,0,0,0,0,1,0,0,0,0,0,0,0,0,0
1999,ireland,178,0,Stationary,-0.71442724,-0.215638874,-0.71442724,Ireland,1,0,0,0,0,0,0,0,0,1,0,0,0,0,0,0,0,0,0
2000,ireland,178,0,Stationary,-0.71442724,-0.215638874,-0.71442724,Ireland,1,0,0,0,0,0,0,0,0,1,0,0,0,0,0,0,0,0,0
2001,ireland,178,0,Stationary,-0.71442724,-0.215638874,-0.71442724,Ireland,1,0,0,0,0,0,0,0,0,1,0,0,0,0,0,0,0,0,0
2002,ireland,178,0,Stationary,-0.71442724,-0.215638874,-0.71442724,Ireland,1,0,0,0,0,0,0,0,0,1,0,0,0,0,0,0,0,0,0
2003,ireland,178,0,Stationary,-0.71442724,-0.215638874,-0.71442724,Ireland,1,0,0,0,0,0,0,0,0,1,0,0,0,0,0,0,0,0,0
2004,ireland,178,0,Stationary,-0.71442724,-0.215638874,-0.71442724,Ireland,1,0,0,0,0,0,0,0,0,1,0,0,0,0,0,0,0,0,0
2005,ireland,178,0,Stationary,-0.71442724,-0.215638874,-0.71442724,Ireland,1,0,0,0,0,0,0,0,0,1,0,0,0,0,0,0,0,0,0
2006,ireland,178,0,Stationary,-0.71442724,-0.215638874,-0.71442724,Ireland,1,0,0,0,0,0,0,0,0,1,0,0,0,0,0,0,0,0,0
2007,ireland,178,0,Stationary,-0.71442724,-0.215638874,-0.71442724,Ireland,1,0,0,0,0,0,0,0,0,1,0,0,0,0,0,0,0,0,0
2008,ireland,178,0,Stationary,-0.71442724,-0.215638874,-0.71442724,Ireland,1,0,0,0,0,0,0,0,0,1,0,0,0,0,0,0,0,0,0
2009,ireland,178,0,Stationary,-0.71442724,-0.215638874,-0.71442724,Ireland,1,0,0,0,0,0,0,0,0,1,0,0,0,0,0,0,0,0,0
2010,ireland,178,0,Stationary,-0.71442724,-0.215638874,-0.71442724,Ireland,1,0,0,0,0,0,0,0,0,1,0,0,0,0,0,0,0,0,0
2011,ireland,178,0,Stationary,-0.71442724,-0.215638874,-0.71442724,Ireland,1,0,0,0,0,0,0,0,0,1,0,0,0,0,0,0,0,0,0
2012,ireland,178,0,Stationary,-0.71442724,-0.215638874,-0.71442724,Ireland,1,0,0,0,0,0,0,0,0,1,0,0,0,0,0,0,0,0,0
2013,ireland,178,0,Stationary,-0.71442724,-0.215638874,-0.71442724,Ireland,1,0,0,0,0,0,0,0,0,1,0,0,0,0,0,0,0,0,0
2014,ireland,178,0,Stationary,-0.71442724,-0.215638874,-0.71442724,Ireland,1,0,0,0,0,0,0,0,0,1,0,0,0,0,0,0,0,0,0
2015,ireland,178,0,Stationary,-0.71442724,-0.215638874,-0.71442724,Ireland,1,0,0,0,0,0,0,0,0,1,0,0,0,0,0,0,0,0,0
2016,ireland,178,0,Stationary,-0.71442724,-0.215638874,-0.71442724,Ireland,1,0,0,0,0,0,0,0,0,1,0,0,0,0,0,0,0,0,0
2017,ireland,178,0,Stationary,-0.71442724,-0.215638874,-0.71442724,Ireland,1,0,0,0,0,0,0,0,0,1,0,0,0,0,0,0,0,0,0
2018,ireland,178,1,Stationary,-0.71442724,-0.215638874,-0.215638874,Ireland,1,0,0,0,0,0,0,0,0,1,0,0,0,0,0,0,0,0,0
2019,ireland,178,1,Stationary,-0.71442724,-0.215638874,-0.215638874,Ireland,1,0,0,0,0,0,0,0,0,1,0,0,0,0,0,0,0,0,0
2020,ireland,178,0,Stationary,-0.71442724,-0.215638874,-0.71442724,Ireland,1,0,0,0,0,0,0,0,0,1,0,0,0,0,0,0,0,0,0
2021,ireland,178,1,Stationary,-0.71442724,-0.215638874,-0.215638874,Ireland,1,0,0,0,0,0,0,0,0,1,0,0,0,0,0,0,0,0,0
2022,ireland,178,0,Stationary,-0.71442724,-0.215638874,-0.71442724,Ireland,1,0,0,0,0,0,0,0,0,1,0,0,0,0,0,0,0,0,0
2023,ireland,178,0,Stationary,-0.71442724,-0.215638874,-0.71442724,Ireland,1,0,0,0,0,0,0,0,0,1,0,0,0,0,0,0,0,0,0
2024,ireland,178,0,Stationary,-0.71442724,-0.215638874,-0.71442724,Ireland,1,0,0,0,0,0,0,0,0,1,0,0,0,0,0,0,0,0,0
1972,israel,436,0,Explosive,0.152377283,-0.075100208,0.152377283,Israel,1,0,0,0,0,0,0,0,0,0,0,0,0,0,0,0,0,0,0
1973,israel,436,0,Explosive,0.152377283,-0.075100208,0.152377283,Israel,1,0,0,0,0,0,0,0,0,0,0,0,0,0,0,0,0,0,0
1974,israel,436,0,Explosive,0.152377283,-0.075100208,0.152377283,Israel,1,0,0,0,0,0,0,0,0,0,0,0,0,0,0,0,0,0,0
1975,israel,436,0,Explosive,0.152377283,-0.075100208,0.152377283,Israel,1,0,0,0,0,0,0,0,0,0,0,0,0,0,0,0,0,0,0
1976,israel,436,0,Explosive,0.152377283,-0.075100208,0.152377283,Israel,1,0,0,0,0,0,0,0,0,0,0,0,0,0,0,0,0,0,0
1977,israel,436,0,Explosive,0.152377283,-0.075100208,0.152377283,Israel,1,0,0,0,0,0,0,0,0,0,0,0,0,0,0,0,0,0,0
1978,israel,436,1,Unit root,0.152377283,-0.075100208,-0.075100208,Israel,1,0,0,0,0,0,0,0,0,0,0,0,0,0,0,0,0,0,0
1979,israel,436,0,Explosive,0.152377283,-0.075100208,0.152377283,Israel,1,0,0,0,0,0,0,0,0,0,0,0,0,0,0,0,0,0,0
1980,israel,436,1,Unit root,0.152377283,-0.075100208,-0.075100208,Israel,1,0,0,0,0,0,0,0,0,0,0,0,0,0,0,0,0,0,0
1981,israel,436,1,Unit root,0.152377283,-0.075100208,-0.075100208,Israel,1,0,0,0,0,0,0,0,0,0,0,0,0,0,0,0,0,0,0
1982,israel,436,1,Unit root,0.152377283,-0.075100208,-0.075100208,Israel,1,0,0,0,0,0,0,0,0,0,0,0,0,0,0,0,0,0,0
1983,israel,436,0,Explosive,0.152377283,-0.075100208,0.152377283,Israel,1,0,0,0,0,0,0,0,0,0,0,0,0,0,0,0,0,0,0
1984,israel,436,0,Explosive,0.152377283,-0.075100208,0.152377283,Israel,1,0,0,0,0,0,0,0,0,0,0,0,0,0,0,0,0,0,0
1985,israel,436,0,Explosive,0.152377283,-0.075100208,0.152377283,Israel,1,0,0,0,0,0,0,0,0,0,0,0,0,0,0,0,0,0,0
1986,israel,436,0,Explosive,0.152377283,-0.075100208,0.152377283,Israel,1,0,0,0,0,0,0,0,0,0,0,0,0,0,0,0,0,0,0
1987,israel,436,0,Explosive,0.152377283,-0.075100208,0.152377283,Israel,1,0,0,0,0,0,0,0,0,0,0,0,0,0,0,0,0,0,0
1988,israel,436,0,Explosive,0.152377283,-0.075100208,0.152377283,Israel,1,0,0,0,0,0,0,0,0,0,0,0,0,0,0,0,0,0,0
1989,israel,436,0,Explosive,0.152377283,-0.075100208,0.152377283,Israel,1,0,0,0,0,0,0,0,0,0,0,0,0,0,0,0,0,0,0
1990,israel,436,0,Explosive,0.152377283,-0.075100208,0.152377283,Israel,1,0,0,0,0,0,0,0,0,0,0,0,0,0,0,0,0,0,0
1991,israel,436,0,Explosive,0.152377283,-0.075100208,0.152377283,Israel,1,0,0,0,0,0,0,0,0,0,0,0,0,0,0,0,0,0,0
1992,israel,436,0,Explosive,0.152377283,-0.075100208,0.152377283,Israel,1,0,0,0,0,0,0,0,0,0,0,0,0,0,0,0,0,0,0
1993,israel,436,0,Explosive,0.152377283,-0.075100208,0.152377283,Israel,1,0,0,0,0,0,0,0,0,0,0,0,0,0,0,0,0,0,0
1994,israel,436,0,Explosive,0.152377283,-0.075100208,0.152377283,Israel,1,0,0,0,0,0,0,0,0,0,0,0,0,0,0,0,0,0,0
1995,israel,436,0,Explosive,0.152377283,-0.075100208,0.152377283,Israel,1,0,0,0,0,0,0,0,0,0,0,0,0,0,0,0,0,0,0
1996,israel,436,0,Explosive,0.152377283,-0.075100208,0.152377283,Israel,1,0,0,0,0,0,0,0,0,0,0,0,0,0,0,0,0,0,0
1997,israel,436,0,Explosive,0.152377283,-0.075100208,0.152377283,Israel,1,0,0,0,0,0,0,0,0,0,0,0,0,0,0,0,0,0,0
1998,israel,436,0,Explosive,0.152377283,-0.075100208,0.152377283,Israel,1,0,0,0,0,0,0,0,0,0,0,0,0,0,0,0,0,0,0
1999,israel,436,0,Explosive,0.152377283,-0.075100208,0.152377283,Israel,1,0,0,0,0,0,0,0,0,0,0,0,0,0,0,0,0,0,0
2000,israel,436,0,Explosive,0.152377283,-0.075100208,0.152377283,Israel,1,0,0,0,0,0,0,0,0,0,0,0,0,0,0,0,0,0,0
2001,israel,436,0,Explosive,0.152377283,-0.075100208,0.152377283,Israel,1,0,0,0,0,0,0,0,0,0,0,0,0,0,0,0,0,0,0
2002,israel,436,0,Explosive,0.152377283,-0.075100208,0.152377283,Israel,1,0,0,0,0,0,0,0,0,0,0,0,0,0,0,0,0,0,0
2003,israel,436,0,Explosive,0.152377283,-0.075100208,0.152377283,Israel,1,0,0,0,0,0,0,0,0,0,0,0,0,0,0,0,0,0,0
2004,israel,436,0,Explosive,0.152377283,-0.075100208,0.152377283,Israel,1,0,0,0,0,0,0,0,0,0,0,0,0,0,0,0,0,0,0
2005,israel,436,0,Explosive,0.152377283,-0.075100208,0.152377283,Israel,1,0,0,0,0,0,0,0,0,0,0,0,0,0,0,0,0,0,0
2006,israel,436,1,Unit root,0.152377283,-0.075100208,-0.075100208,Israel,1,0,0,0,0,0,0,0,0,0,0,0,0,0,0,0,0,0,0
2007,israel,436,0,Explosive,0.152377283,-0.075100208,0.152377283,Israel,1,0,0,0,0,0,0,0,0,0,0,0,0,0,0,0,0,0,0
2008,israel,436,0,Explosive,0.152377283,-0.075100208,0.152377283,Israel,1,0,0,0,0,0,0,0,0,0,0,0,0,0,0,0,0,0,0
2009,israel,436,0,Explosive,0.152377283,-0.075100208,0.152377283,Israel,1,0,0,0,0,0,0,0,0,0,0,0,0,0,0,0,0,0,0
2010,israel,436,0,Explosive,0.152377283,-0.075100208,0.152377283,Israel,1,0,0,0,0,0,0,0,0,0,0,0,0,0,0,0,0,0,0
2011,israel,436,0,Explosive,0.152377283,-0.075100208,0.152377283,Israel,1,0,0,0,0,0,0,0,0,0,0,0,0,0,0,0,0,0,0
2012,israel,436,0,Explosive,0.152377283,-0.075100208,0.152377283,Israel,1,0,0,0,0,0,0,0,0,0,0,0,0,0,0,0,0,0,0
2013,israel,436,0,Explosive,0.152377283,-0.075100208,0.152377283,Israel,1,0,0,0,0,0,0,0,0,0,0,0,0,0,0,0,0,0,0
2014,israel,436,0,Explosive,0.152377283,-0.075100208,0.152377283,Israel,1,0,0,0,0,0,0,0,0,0,0,0,0,0,0,0,0,0,0
2015,israel,436,0,Explosive,0.152377283,-0.075100208,0.152377283,Israel,1,0,0,0,0,0,0,0,0,0,0,0,0,0,0,0,0,0,0
2016,israel,436,0,Explosive,0.152377283,-0.075100208,0.152377283,Israel,1,0,0,0,0,0,0,0,0,0,0,0,0,0,0,0,0,0,0
2017,israel,436,0,Explosive,0.152377283,-0.075100208,0.152377283,Israel,1,0,0,0,0,0,0,0,0,0,0,0,0,0,0,0,0,0,0
2018,israel,436,0,Explosive,0.152377283,-0.075100208,0.152377283,Israel,1,0,0,0,0,0,0,0,0,0,0,0,0,0,0,0,0,0,0
2019,israel,436,0,Explosive,0.152377283,-0.075100208,0.152377283,Israel,1,0,0,0,0,0,0,0,0,0,0,0,0,0,0,0,0,0,0
2020,israel,436,0,Explosive,0.152377283,-0.075100208,0.152377283,Israel,1,0,0,0,0,0,0,0,0,0,0,0,0,0,0,0,0,0,0
2021,israel,436,0,Explosive,0.152377283,-0.075100208,0.152377283,Israel,1,0,0,0,0,0,0,0,0,0,0,0,0,0,0,0,0,0,0
2022,israel,436,0,Explosive,0.152377283,-0.075100208,0.152377283,Israel,1,0,0,0,0,0,0,0,0,0,0,0,0,0,0,0,0,0,0
2023,israel,436,0,Explosive,0.152377283,-0.075100208,0.152377283,Israel,1,0,0,0,0,0,0,0,0,0,0,0,0,0,0,0,0,0,0
2024,israel,436,0,Explosive,0.152377283,-0.075100208,0.152377283,Israel,1,0,0,0,0,0,0,0,0,0,0,0,0,0,0,0,0,0,0
1970,italy,136,0,Unit root,-0.176142165,-0.148121993,-0.176142165,Italy,1,1,0,0,0,0,0,0,0,1,1,1,0,0,0,0,0,0,0
1971,italy,136,0,Unit root,-0.176142165,-0.148121993,-0.176142165,Italy,1,1,0,0,0,0,0,0,0,1,1,1,0,0,0,0,0,0,0
1972,italy,136,0,Unit root,-0.176142165,-0.148121993,-0.176142165,Italy,1,1,0,0,0,0,0,0,0,1,1,1,0,0,0,0,0,0,0
1973,italy,136,0,Unit root,-0.176142165,-0.148121993,-0.176142165,Italy,1,1,0,0,0,0,0,0,0,1,1,1,0,0,0,0,0,0,0
1974,italy,136,0,Unit root,-0.176142165,-0.148121993,-0.176142165,Italy,1,1,0,0,0,0,0,0,0,1,1,1,0,0,0,0,0,0,0
1975,italy,136,0,Unit root,-0.176142165,-0.148121993,-0.176142165,Italy,1,1,0,0,0,0,0,0,0,1,1,1,0,0,0,0,0,0,0
1976,italy,136,0,Unit root,-0.176142165,-0.148121993,-0.176142165,Italy,1,1,0,0,0,0,0,0,0,1,1,1,0,0,0,0,0,0,0
1977,italy,136,0,Unit root,-0.176142165,-0.148121993,-0.176142165,Italy,1,1,0,0,0,0,0,0,0,1,1,1,0,0,0,0,0,0,0
1978,italy,136,0,Unit root,-0.176142165,-0.148121993,-0.176142165,Italy,1,1,0,0,0,0,0,0,0,1,1,1,0,0,0,0,0,0,0
1979,italy,136,0,Unit root,-0.176142165,-0.148121993,-0.176142165,Italy,1,1,0,0,0,0,0,0,0,1,1,1,0,0,0,0,0,0,0
1980,italy,136,0,Unit root,-0.176142165,-0.148121993,-0.176142165,Italy,1,1,0,0,0,0,0,0,0,1,1,1,0,0,0,0,0,0,0
1981,italy,136,1,Unit root,-0.176142165,-0.148121993,-0.148121993,Italy,1,1,0,0,0,0,0,0,0,1,1,1,0,0,0,0,0,0,0
1982,italy,136,0,Unit root,-0.176142165,-0.148121993,-0.176142165,Italy,1,1,0,0,0,0,0,0,0,1,1,1,0,0,0,0,0,0,0
1983,italy,136,0,Unit root,-0.176142165,-0.148121993,-0.176142165,Italy,1,1,0,0,0,0,0,0,0,1,1,1,0,0,0,0,0,0,0
1984,italy,136,0,Unit root,-0.176142165,-0.148121993,-0.176142165,Italy,1,1,0,0,0,0,0,0,0,1,1,1,0,0,0,0,0,0,0
1985,italy,136,0,Unit root,-0.176142165,-0.148121993,-0.176142165,Italy,1,1,0,0,0,0,0,0,0,1,1,1,0,0,0,0,0,0,0
1986,italy,136,0,Unit root,-0.176142165,-0.148121993,-0.176142165,Italy,1,1,0,0,0,0,0,0,0,1,1,1,0,0,0,0,0,0,0
1987,italy,136,0,Unit root,-0.176142165,-0.148121993,-0.176142165,Italy,1,1,0,0,0,0,0,0,0,1,1,1,0,0,0,0,0,0,0
1988,italy,136,0,Unit root,-0.176142165,-0.148121993,-0.176142165,Italy,1,1,0,0,0,0,0,0,0,1,1,1,0,0,0,0,0,0,0
1989,italy,136,0,Unit root,-0.176142165,-0.148121993,-0.176142165,Italy,1,1,0,0,0,0,0,0,0,1,1,1,0,0,0,0,0,0,0
1990,italy,136,1,Unit root,-0.176142165,-0.148121993,-0.148121993,Italy,1,1,0,0,0,0,0,0,0,1,1,1,0,0,0,0,0,0,0
1991,italy,136,0,Unit root,-0.176142165,-0.148121993,-0.176142165,Italy,1,1,0,0,0,0,0,0,0,1,1,1,0,0,0,0,0,0,0
1992,italy,136,0,Unit root,-0.176142165,-0.148121993,-0.176142165,Italy,1,1,0,0,0,0,0,0,0,1,1,1,0,0,0,0,0,0,0
1993,italy,136,0,Unit root,-0.176142165,-0.148121993,-0.176142165,Italy,1,1,0,0,0,0,0,0,0,1,1,1,0,0,0,0,0,0,0
1994,italy,136,0,Unit root,-0.176142165,-0.148121993,-0.176142165,Italy,1,1,0,0,0,0,0,0,0,1,1,1,0,0,0,0,0,0,0
1995,italy,136,0,Unit root,-0.176142165,-0.148121993,-0.176142165,Italy,1,1,0,0,0,0,0,0,0,1,1,1,0,0,0,0,0,0,0
1996,italy,136,0,Unit root,-0.176142165,-0.148121993,-0.176142165,Italy,1,1,0,0,0,0,0,0,0,1,1,1,0,0,0,0,0,0,0
1997,italy,136,0,Unit root,-0.176142165,-0.148121993,-0.176142165,Italy,1,1,0,0,0,0,0,0,0,1,1,1,0,0,0,0,0,0,0
1998,italy,136,0,Unit root,-0.176142165,-0.148121993,-0.176142165,Italy,1,1,0,0,0,0,0,0,0,1,1,1,0,0,0,0,0,0,0
1999,italy,136,0,Unit root,-0.176142165,-0.148121993,-0.176142165,Italy,1,1,0,0,0,0,0,0,0,1,1,1,0,0,0,0,0,0,0
2000,italy,136,0,Unit root,-0.176142165,-0.148121993,-0.176142165,Italy,1,1,0,0,0,0,0,0,0,1,1,1,0,0,0,0,0,0,0
2001,italy,136,0,Unit root,-0.176142165,-0.148121993,-0.176142165,Italy,1,1,0,0,0,0,0,0,0,1,1,1,0,0,0,0,0,0,0
2002,italy,136,0,Unit root,-0.176142165,-0.148121993,-0.176142165,Italy,1,1,0,0,0,0,0,0,0,1,1,1,0,0,0,0,0,0,0
2003,italy,136,0,Unit root,-0.176142165,-0.148121993,-0.176142165,Italy,1,1,0,0,0,0,0,0,0,1,1,1,0,0,0,0,0,0,0
2004,italy,136,0,Unit root,-0.176142165,-0.148121993,-0.176142165,Italy,1,1,0,0,0,0,0,0,0,1,1,1,0,0,0,0,0,0,0
2005,italy,136,0,Unit root,-0.176142165,-0.148121993,-0.176142165,Italy,1,1,0,0,0,0,0,0,0,1,1,1,0,0,0,0,0,0,0
2006,italy,136,0,Unit root,-0.176142165,-0.148121993,-0.176142165,Italy,1,1,0,0,0,0,0,0,0,1,1,1,0,0,0,0,0,0,0
2007,italy,136,0,Unit root,-0.176142165,-0.148121993,-0.176142165,Italy,1,1,0,0,0,0,0,0,0,1,1,1,0,0,0,0,0,0,0
2008,italy,136,0,Unit root,-0.176142165,-0.148121993,-0.176142165,Italy,1,1,0,0,0,0,0,0,0,1,1,1,0,0,0,0,0,0,0
2009,italy,136,0,Unit root,-0.176142165,-0.148121993,-0.176142165,Italy,1,1,0,0,0,0,0,0,0,1,1,1,0,0,0,0,0,0,0
2010,italy,136,0,Unit root,-0.176142165,-0.148121993,-0.176142165,Italy,1,1,0,0,0,0,0,0,0,1,1,1,0,0,0,0,0,0,0
2011,italy,136,0,Unit root,-0.176142165,-0.148121993,-0.176142165,Italy,1,1,0,0,0,0,0,0,0,1,1,1,0,0,0,0,0,0,0
2012,italy,136,0,Unit root,-0.176142165,-0.148121993,-0.176142165,Italy,1,1,0,0,0,0,0,0,0,1,1,1,0,0,0,0,0,0,0
2013,italy,136,0,Unit root,-0.176142165,-0.148121993,-0.176142165,Italy,1,1,0,0,0,0,0,0,0,1,1,1,0,0,0,0,0,0,0
2014,italy,136,0,Unit root,-0.176142165,-0.148121993,-0.176142165,Italy,1,1,0,0,0,0,0,0,0,1,1,1,0,0,0,0,0,0,0
2015,italy,136,0,Unit root,-0.176142165,-0.148121993,-0.176142165,Italy,1,1,0,0,0,0,0,0,0,1,1,1,0,0,0,0,0,0,0
2016,italy,136,0,Unit root,-0.176142165,-0.148121993,-0.176142165,Italy,1,1,0,0,0,0,0,0,0,1,1,1,0,0,0,0,0,0,0
2017,italy,136,0,Unit root,-0.176142165,-0.148121993,-0.176142165,Italy,1,1,0,0,0,0,0,0,0,1,1,1,0,0,0,0,0,0,0
2018,italy,136,0,Unit root,-0.176142165,-0.148121993,-0.176142165,Italy,1,1,0,0,0,0,0,0,0,1,1,1,0,0,0,0,0,0,0
2019,italy,136,0,Unit root,-0.176142165,-0.148121993,-0.176142165,Italy,1,1,0,0,0,0,0,0,0,1,1,1,0,0,0,0,0,0,0
2020,italy,136,0,Unit root,-0.176142165,-0.148121993,-0.176142165,Italy,1,1,0,0,0,0,0,0,0,1,1,1,0,0,0,0,0,0,0
2021,italy,136,0,Unit root,-0.176142165,-0.148121993,-0.176142165,Italy,1,1,0,0,0,0,0,0,0,1,1,1,0,0,0,0,0,0,0
2022,italy,136,0,Unit root,-0.176142165,-0.148121993,-0.176142165,Italy,1,1,0,0,0,0,0,0,0,1,1,1,0,0,0,0,0,0,0
2023,italy,136,0,Unit root,-0.176142165,-0.148121993,-0.176142165,Italy,1,1,0,0,0,0,0,0,0,1,1,1,0,0,0,0,0,0,0
2024,italy,136,0,Unit root,-0.176142165,-0.148121993,-0.176142165,Italy,1,1,0,0,0,0,0,0,0,1,1,1,0,0,0,0,0,0,0
1977,japan,158,0,Unit root,-0.023911261,-0.126188679,-0.023911261,Japan,1,1,0,0,0,0,0,0,0,0,1,1,0,0,0,0,0,0,0
1978,japan,158,0,Unit root,-0.023911261,-0.126188679,-0.023911261,Japan,1,1,0,0,0,0,0,0,0,0,1,1,0,0,0,0,0,0,0
1979,japan,158,0,Unit root,-0.023911261,-0.126188679,-0.023911261,Japan,1,1,0,0,0,0,0,0,0,0,1,1,0,0,0,0,0,0,0
1980,japan,158,0,Unit root,-0.023911261,-0.126188679,-0.023911261,Japan,1,1,0,0,0,0,0,0,0,0,1,1,0,0,0,0,0,0,0
1981,japan,158,0,Unit root,-0.023911261,-0.126188679,-0.023911261,Japan,1,1,0,0,0,0,0,0,0,0,1,1,0,0,0,0,0,0,0
1982,japan,158,0,Unit root,-0.023911261,-0.126188679,-0.023911261,Japan,1,1,0,0,0,0,0,0,0,0,1,1,0,0,0,0,0,0,0
1983,japan,158,1,Stationary,-0.023911261,-0.126188679,-0.126188679,Japan,1,1,0,0,0,0,0,0,0,0,1,1,0,0,0,0,0,0,0
1984,japan,158,1,Stationary,-0.023911261,-0.126188679,-0.126188679,Japan,1,1,0,0,0,0,0,0,0,0,1,1,0,0,0,0,0,0,0
1985,japan,158,1,Stationary,-0.023911261,-0.126188679,-0.126188679,Japan,1,1,0,0,0,0,0,0,0,0,1,1,0,0,0,0,0,0,0
1986,japan,158,0,Unit root,-0.023911261,-0.126188679,-0.023911261,Japan,1,1,0,0,0,0,0,0,0,0,1,1,0,0,0,0,0,0,0
1987,japan,158,0,Unit root,-0.023911261,-0.126188679,-0.023911261,Japan,1,1,0,0,0,0,0,0,0,0,1,1,0,0,0,0,0,0,0
1988,japan,158,0,Unit root,-0.023911261,-0.126188679,-0.023911261,Japan,1,1,0,0,0,0,0,0,0,0,1,1,0,0,0,0,0,0,0
1989,japan,158,0,Unit root,-0.023911261,-0.126188679,-0.023911261,Japan,1,1,0,0,0,0,0,0,0,0,1,1,0,0,0,0,0,0,0
1990,japan,158,0,Unit root,-0.023911261,-0.126188679,-0.023911261,Japan,1,1,0,0,0,0,0,0,0,0,1,1,0,0,0,0,0,0,0
1991,japan,158,0,Unit root,-0.023911261,-0.126188679,-0.023911261,Japan,1,1,0,0,0,0,0,0,0,0,1,1,0,0,0,0,0,0,0
1992,japan,158,0,Unit root,-0.023911261,-0.126188679,-0.023911261,Japan,1,1,0,0,0,0,0,0,0,0,1,1,0,0,0,0,0,0,0
1993,japan,158,0,Unit root,-0.023911261,-0.126188679,-0.023911261,Japan,1,1,0,0,0,0,0,0,0,0,1,1,0,0,0,0,0,0,0
1994,japan,158,0,Unit root,-0.023911261,-0.126188679,-0.023911261,Japan,1,1,0,0,0,0,0,0,0,0,1,1,0,0,0,0,0,0,0
1995,japan,158,0,Unit root,-0.023911261,-0.126188679,-0.023911261,Japan,1,1,0,0,0,0,0,0,0,0,1,1,0,0,0,0,0,0,0
1996,japan,158,1,Stationary,-0.023911261,-0.126188679,-0.126188679,Japan,1,1,0,0,0,0,0,0,0,0,1,1,0,0,0,0,0,0,0
1997,japan,158,0,Unit root,-0.023911261,-0.126188679,-0.023911261,Japan,1,1,0,0,0,0,0,0,0,0,1,1,0,0,0,0,0,0,0
1998,japan,158,0,Unit root,-0.023911261,-0.126188679,-0.023911261,Japan,1,1,0,0,0,0,0,0,0,0,1,1,0,0,0,0,0,0,0
1999,japan,158,0,Unit root,-0.023911261,-0.126188679,-0.023911261,Japan,1,1,0,0,0,0,0,0,0,0,1,1,0,0,0,0,0,0,0
2000,japan,158,0,Unit root,-0.023911261,-0.126188679,-0.023911261,Japan,1,1,0,0,0,0,0,0,0,0,1,1,0,0,0,0,0,0,0
2001,japan,158,0,Unit root,-0.023911261,-0.126188679,-0.023911261,Japan,1,1,0,0,0,0,0,0,0,0,1,1,0,0,0,0,0,0,0
2002,japan,158,0,Unit root,-0.023911261,-0.126188679,-0.023911261,Japan,1,1,0,0,0,0,0,0,0,0,1,1,0,0,0,0,0,0,0
2003,japan,158,0,Unit root,-0.023911261,-0.126188679,-0.023911261,Japan,1,1,0,0,0,0,0,0,0,0,1,1,0,0,0,0,0,0,0
2004,japan,158,1,Stationary,-0.023911261,-0.126188679,-0.126188679,Japan,1,1,0,0,0,0,0,0,0,0,1,1,0,0,0,0,0,0,0
2005,japan,158,1,Stationary,-0.023911261,-0.126188679,-0.126188679,Japan,1,1,0,0,0,0,0,0,0,0,1,1,0,0,0,0,0,0,0
2006,japan,158,1,Stationary,-0.023911261,-0.126188679,-0.126188679,Japan,1,1,0,0,0,0,0,0,0,0,1,1,0,0,0,0,0,0,0
2007,japan,158,0,Unit root,-0.023911261,-0.126188679,-0.023911261,Japan,1,1,0,0,0,0,0,0,0,0,1,1,0,0,0,0,0,0,0
2008,japan,158,0,Unit root,-0.023911261,-0.126188679,-0.023911261,Japan,1,1,0,0,0,0,0,0,0,0,1,1,0,0,0,0,0,0,0
2009,japan,158,0,Unit root,-0.023911261,-0.126188679,-0.023911261,Japan,1,1,0,0,0,0,0,0,0,0,1,1,0,0,0,0,0,0,0
2010,japan,158,0,Unit root,-0.023911261,-0.126188679,-0.023911261,Japan,1,1,0,0,0,0,0,0,0,0,1,1,0,0,0,0,0,0,0
2011,japan,158,0,Unit root,-0.023911261,-0.126188679,-0.023911261,Japan,1,1,0,0,0,0,0,0,0,0,1,1,0,0,0,0,0,0,0
2012,japan,158,0,Unit root,-0.023911261,-0.126188679,-0.023911261,Japan,1,1,0,0,0,0,0,0,0,0,1,1,0,0,0,0,0,0,0
2013,japan,158,1,Stationary,-0.023911261,-0.126188679,-0.126188679,Japan,1,1,0,0,0,0,0,0,0,0,1,1,0,0,0,0,0,0,0
2014,japan,158,1,Stationary,-0.023911261,-0.126188679,-0.126188679,Japan,1,1,0,0,0,0,0,0,0,0,1,1,0,0,0,0,0,0,0
2015,japan,158,1,Stationary,-0.023911261,-0.126188679,-0.126188679,Japan,1,1,0,0,0,0,0,0,0,0,1,1,0,0,0,0,0,0,0
2016,japan,158,1,Stationary,-0.023911261,-0.126188679,-0.126188679,Japan,1,1,0,0,0,0,0,0,0,0,1,1,0,0,0,0,0,0,0
2017,japan,158,0,Unit root,-0.023911261,-0.126188679,-0.023911261,Japan,1,1,0,0,0,0,0,0,0,0,1,1,0,0,0,0,0,0,0
2018,japan,158,0,Unit root,-0.023911261,-0.126188679,-0.023911261,Japan,1,1,0,0,0,0,0,0,0,0,1,1,0,0,0,0,0,0,0
2019,japan,158,0,Unit root,-0.023911261,-0.126188679,-0.023911261,Japan,1,1,0,0,0,0,0,0,0,0,1,1,0,0,0,0,0,0,0
2020,japan,158,0,Unit root,-0.023911261,-0.126188679,-0.023911261,Japan,1,1,0,0,0,0,0,0,0,0,1,1,0,0,0,0,0,0,0
2021,japan,158,0,Unit root,-0.023911261,-0.126188679,-0.023911261,Japan,1,1,0,0,0,0,0,0,0,0,1,1,0,0,0,0,0,0,0
2022,japan,158,0,Unit root,-0.023911261,-0.126188679,-0.023911261,Japan,1,1,0,0,0,0,0,0,0,0,1,1,0,0,0,0,0,0,0
2023,japan,158,1,Stationary,-0.023911261,-0.126188679,-0.126188679,Japan,1,1,0,0,0,0,0,0,0,0,1,1,0,0,0,0,0,0,0
2024,japan,158,0,Unit root,-0.023911261,-0.126188679,-0.023911261,Japan,1,1,0,0,0,0,0,0,0,0,1,1,0,0,0,0,0,0,0
2025,japan,158,0,Unit root,-0.023911261,-0.126188679,-0.023911261,Japan,1,1,0,0,0,0,0,0,0,0,1,1,0,0,0,0,0,0,0
1995,kazakhstan,916,0,Unit root,-0.372254221,-0.462830481,-0.372254221,Kazakhstan,0,0,1,0,0,1,0,0,0,0,0,0,0,0,0,0,0,0,1
1996,kazakhstan,916,0,Unit root,-0.372254221,-0.462830481,-0.372254221,Kazakhstan,0,0,1,0,0,1,0,0,0,0,0,0,0,0,0,0,0,0,1
1997,kazakhstan,916,0,Unit root,-0.372254221,-0.462830481,-0.372254221,Kazakhstan,0,0,1,0,0,1,0,0,0,0,0,0,0,0,0,0,0,0,1
1998,kazakhstan,916,0,Unit root,-0.372254221,-0.462830481,-0.372254221,Kazakhstan,0,0,1,0,0,1,0,0,0,0,0,0,0,0,0,0,0,0,1
1999,kazakhstan,916,0,Unit root,-0.372254221,-0.462830481,-0.372254221,Kazakhstan,0,0,1,0,0,1,0,0,0,0,0,0,0,0,0,0,0,0,1
2000,kazakhstan,916,0,Unit root,-0.372254221,-0.462830481,-0.372254221,Kazakhstan,0,0,1,0,0,1,0,0,0,0,0,0,0,0,0,0,0,0,1
2001,kazakhstan,916,1,Unit root,-0.372254221,-0.462830481,-0.462830481,Kazakhstan,0,0,1,0,0,1,0,0,0,0,0,0,0,0,0,0,0,0,1
2002,kazakhstan,916,1,Unit root,-0.372254221,-0.462830481,-0.462830481,Kazakhstan,0,0,1,0,0,1,0,0,0,0,0,0,0,0,0,0,0,0,1
2003,kazakhstan,916,1,Unit root,-0.372254221,-0.462830481,-0.462830481,Kazakhstan,0,0,1,0,0,1,0,0,0,0,0,0,0,0,0,0,0,0,1
2004,kazakhstan,916,0,Unit root,-0.372254221,-0.462830481,-0.372254221,Kazakhstan,0,0,1,0,0,1,0,0,0,0,0,0,0,0,0,0,0,0,1
2005,kazakhstan,916,0,Unit root,-0.372254221,-0.462830481,-0.372254221,Kazakhstan,0,0,1,0,0,1,0,0,0,0,0,0,0,0,0,0,0,0,1
2006,kazakhstan,916,0,Unit root,-0.372254221,-0.462830481,-0.372254221,Kazakhstan,0,0,1,0,0,1,0,0,0,0,0,0,0,0,0,0,0,0,1
2007,kazakhstan,916,0,Unit root,-0.372254221,-0.462830481,-0.372254221,Kazakhstan,0,0,1,0,0,1,0,0,0,0,0,0,0,0,0,0,0,0,1
2008,kazakhstan,916,0,Unit root,-0.372254221,-0.462830481,-0.372254221,Kazakhstan,0,0,1,0,0,1,0,0,0,0,0,0,0,0,0,0,0,0,1
2009,kazakhstan,916,0,Unit root,-0.372254221,-0.462830481,-0.372254221,Kazakhstan,0,0,1,0,0,1,0,0,0,0,0,0,0,0,0,0,0,0,1
2010,kazakhstan,916,0,Unit root,-0.372254221,-0.462830481,-0.372254221,Kazakhstan,0,0,1,0,0,1,0,0,0,0,0,0,0,0,0,0,0,0,1
2011,kazakhstan,916,1,Unit root,-0.372254221,-0.462830481,-0.462830481,Kazakhstan,0,0,1,0,0,1,0,0,0,0,0,0,0,0,0,0,0,0,1
2012,kazakhstan,916,1,Unit root,-0.372254221,-0.462830481,-0.462830481,Kazakhstan,0,0,1,0,0,1,0,0,0,0,0,0,0,0,0,0,0,0,1
2013,kazakhstan,916,1,Unit root,-0.372254221,-0.462830481,-0.462830481,Kazakhstan,0,0,1,0,0,1,0,0,0,0,0,0,0,0,0,0,0,0,1
2014,kazakhstan,916,1,Unit root,-0.372254221,-0.462830481,-0.462830481,Kazakhstan,0,0,1,0,0,1,0,0,0,0,0,0,0,0,0,0,0,0,1
2015,kazakhstan,916,1,Unit root,-0.372254221,-0.462830481,-0.462830481,Kazakhstan,0,0,1,0,0,1,0,0,0,0,0,0,0,0,0,0,0,0,1
2016,kazakhstan,916,1,Unit root,-0.372254221,-0.462830481,-0.462830481,Kazakhstan,0,0,1,0,0,1,0,0,0,0,0,0,0,0,0,0,0,0,1
2017,kazakhstan,916,1,Unit root,-0.372254221,-0.462830481,-0.462830481,Kazakhstan,0,0,1,0,0,1,0,0,0,0,0,0,0,0,0,0,0,0,1
2018,kazakhstan,916,0,Unit root,-0.372254221,-0.462830481,-0.372254221,Kazakhstan,0,0,1,0,0,1,0,0,0,0,0,0,0,0,0,0,0,0,1
2019,kazakhstan,916,0,Unit root,-0.372254221,-0.462830481,-0.372254221,Kazakhstan,0,0,1,0,0,1,0,0,0,0,0,0,0,0,0,0,0,0,1
2020,kazakhstan,916,0,Unit root,-0.372254221,-0.462830481,-0.372254221,Kazakhstan,0,0,1,0,0,1,0,0,0,0,0,0,0,0,0,0,0,0,1
1976,korea  rep.,542,1,Unit root,-0.125510477,-0.240089481,-0.240089481,Korea  Rep.,1,1,0,0,0,0,0,0,0,0,1,0,0,0,0,0,0,0,0
1977,korea  rep.,542,1,Unit root,-0.125510477,-0.240089481,-0.240089481,Korea  Rep.,1,1,0,0,0,0,0,0,0,0,1,0,0,0,0,0,0,0,0
1978,korea  rep.,542,1,Unit root,-0.125510477,-0.240089481,-0.240089481,Korea  Rep.,1,1,0,0,0,0,0,0,0,0,1,0,0,0,0,0,0,0,0
1979,korea  rep.,542,1,Unit root,-0.125510477,-0.240089481,-0.240089481,Korea  Rep.,1,1,0,0,0,0,0,0,0,0,1,0,0,0,0,0,0,0,0
1980,korea  rep.,542,1,Unit root,-0.125510477,-0.240089481,-0.240089481,Korea  Rep.,1,1,0,0,0,0,0,0,0,0,1,0,0,0,0,0,0,0,0
1981,korea  rep.,542,1,Unit root,-0.125510477,-0.240089481,-0.240089481,Korea  Rep.,1,1,0,0,0,0,0,0,0,0,1,0,0,0,0,0,0,0,0
1982,korea  rep.,542,1,Unit root,-0.125510477,-0.240089481,-0.240089481,Korea  Rep.,1,1,0,0,0,0,0,0,0,0,1,0,0,0,0,0,0,0,0
1983,korea  rep.,542,1,Unit root,-0.125510477,-0.240089481,-0.240089481,Korea  Rep.,1,1,0,0,0,0,0,0,0,0,1,0,0,0,0,0,0,0,0
1984,korea  rep.,542,1,Unit root,-0.125510477,-0.240089481,-0.240089481,Korea  Rep.,1,1,0,0,0,0,0,0,0,0,1,0,0,0,0,0,0,0,0
1985,korea  rep.,542,1,Unit root,-0.125510477,-0.240089481,-0.240089481,Korea  Rep.,1,1,0,0,0,0,0,0,0,0,1,0,0,0,0,0,0,0,0
1986,korea  rep.,542,1,Unit root,-0.125510477,-0.240089481,-0.240089481,Korea  Rep.,1,1,0,0,0,0,0,0,0,0,1,0,0,0,0,0,0,0,0
1987,korea  rep.,542,1,Unit root,-0.125510477,-0.240089481,-0.240089481,Korea  Rep.,1,1,0,0,0,0,0,0,0,0,1,0,0,0,0,0,0,0,0
1988,korea  rep.,542,1,Unit root,-0.125510477,-0.240089481,-0.240089481,Korea  Rep.,1,1,0,0,0,0,0,0,0,0,1,0,0,0,0,0,0,0,0
1989,korea  rep.,542,1,Unit root,-0.125510477,-0.240089481,-0.240089481,Korea  Rep.,1,1,0,0,0,0,0,0,0,0,1,0,0,0,0,0,0,0,0
1990,korea  rep.,542,1,Unit root,-0.125510477,-0.240089481,-0.240089481,Korea  Rep.,1,1,0,0,0,0,0,0,0,0,1,0,0,0,0,0,0,0,0
1991,korea  rep.,542,1,Unit root,-0.125510477,-0.240089481,-0.240089481,Korea  Rep.,1,1,0,0,0,0,0,0,0,0,1,0,0,0,0,0,0,0,0
1992,korea  rep.,542,1,Unit root,-0.125510477,-0.240089481,-0.240089481,Korea  Rep.,1,1,0,0,0,0,0,0,0,0,1,0,0,0,0,0,0,0,0
1993,korea  rep.,542,1,Unit root,-0.125510477,-0.240089481,-0.240089481,Korea  Rep.,1,1,0,0,0,0,0,0,0,0,1,0,0,0,0,0,0,0,0
1994,korea  rep.,542,1,Unit root,-0.125510477,-0.240089481,-0.240089481,Korea  Rep.,1,1,0,0,0,0,0,0,0,0,1,0,0,0,0,0,0,0,0
1995,korea  rep.,542,1,Unit root,-0.125510477,-0.240089481,-0.240089481,Korea  Rep.,1,1,0,0,0,0,0,0,0,0,1,0,0,0,0,0,0,0,0
1996,korea  rep.,542,1,Unit root,-0.125510477,-0.240089481,-0.240089481,Korea  Rep.,1,1,0,0,0,0,0,0,0,0,1,0,0,0,0,0,0,0,0
1997,korea  rep.,542,1,Unit root,-0.125510477,-0.240089481,-0.240089481,Korea  Rep.,1,1,0,0,0,0,0,0,0,0,1,0,0,0,0,0,0,0,0
1998,korea  rep.,542,1,Unit root,-0.125510477,-0.240089481,-0.240089481,Korea  Rep.,1,1,0,0,0,0,0,0,0,0,1,0,0,0,0,0,0,0,0
1999,korea  rep.,542,1,Unit root,-0.125510477,-0.240089481,-0.240089481,Korea  Rep.,1,1,0,0,0,0,0,0,0,0,1,0,0,0,0,0,0,0,0
2000,korea  rep.,542,1,Unit root,-0.125510477,-0.240089481,-0.240089481,Korea  Rep.,1,1,0,0,0,0,0,0,0,0,1,0,0,0,0,0,0,0,0
2001,korea  rep.,542,1,Unit root,-0.125510477,-0.240089481,-0.240089481,Korea  Rep.,1,1,0,0,0,0,0,0,0,0,1,0,0,0,0,0,0,0,0
2002,korea  rep.,542,1,Unit root,-0.125510477,-0.240089481,-0.240089481,Korea  Rep.,1,1,0,0,0,0,0,0,0,0,1,0,0,0,0,0,0,0,0
2003,korea  rep.,542,1,Unit root,-0.125510477,-0.240089481,-0.240089481,Korea  Rep.,1,1,0,0,0,0,0,0,0,0,1,0,0,0,0,0,0,0,0
2004,korea  rep.,542,1,Unit root,-0.125510477,-0.240089481,-0.240089481,Korea  Rep.,1,1,0,0,0,0,0,0,0,0,1,0,0,0,0,0,0,0,0
2005,korea  rep.,542,1,Unit root,-0.125510477,-0.240089481,-0.240089481,Korea  Rep.,1,1,0,0,0,0,0,0,0,0,1,0,0,0,0,0,0,0,0
2006,korea  rep.,542,1,Unit root,-0.125510477,-0.240089481,-0.240089481,Korea  Rep.,1,1,0,0,0,0,0,0,0,0,1,0,0,0,0,0,0,0,0
2007,korea  rep.,542,1,Unit root,-0.125510477,-0.240089481,-0.240089481,Korea  Rep.,1,1,0,0,0,0,0,0,0,0,1,0,0,0,0,0,0,0,0
2008,korea  rep.,542,1,Unit root,-0.125510477,-0.240089481,-0.240089481,Korea  Rep.,1,1,0,0,0,0,0,0,0,0,1,0,0,0,0,0,0,0,0
2009,korea  rep.,542,1,Unit root,-0.125510477,-0.240089481,-0.240089481,Korea  Rep.,1,1,0,0,0,0,0,0,0,0,1,0,0,0,0,0,0,0,0
2010,korea  rep.,542,1,Unit root,-0.125510477,-0.240089481,-0.240089481,Korea  Rep.,1,1,0,0,0,0,0,0,0,0,1,0,0,0,0,0,0,0,0
2011,korea  rep.,542,1,Unit root,-0.125510477,-0.240089481,-0.240089481,Korea  Rep.,1,1,0,0,0,0,0,0,0,0,1,0,0,0,0,0,0,0,0
2012,korea  rep.,542,1,Unit root,-0.125510477,-0.240089481,-0.240089481,Korea  Rep.,1,1,0,0,0,0,0,0,0,0,1,0,0,0,0,0,0,0,0
2013,korea  rep.,542,1,Unit root,-0.125510477,-0.240089481,-0.240089481,Korea  Rep.,1,1,0,0,0,0,0,0,0,0,1,0,0,0,0,0,0,0,0
2014,korea  rep.,542,1,Unit root,-0.125510477,-0.240089481,-0.240089481,Korea  Rep.,1,1,0,0,0,0,0,0,0,0,1,0,0,0,0,0,0,0,0
2015,korea  rep.,542,1,Unit root,-0.125510477,-0.240089481,-0.240089481,Korea  Rep.,1,1,0,0,0,0,0,0,0,0,1,0,0,0,0,0,0,0,0
2016,korea  rep.,542,1,Unit root,-0.125510477,-0.240089481,-0.240089481,Korea  Rep.,1,1,0,0,0,0,0,0,0,0,1,0,0,0,0,0,0,0,0
2017,korea  rep.,542,1,Unit root,-0.125510477,-0.240089481,-0.240089481,Korea  Rep.,1,1,0,0,0,0,0,0,0,0,1,0,0,0,0,0,0,0,0
2018,korea  rep.,542,1,Unit root,-0.125510477,-0.240089481,-0.240089481,Korea  Rep.,1,1,0,0,0,0,0,0,0,0,1,0,0,0,0,0,0,0,0
2019,korea  rep.,542,1,Unit root,-0.125510477,-0.240089481,-0.240089481,Korea  Rep.,1,1,0,0,0,0,0,0,0,0,1,0,0,0,0,0,0,0,0
2020,korea  rep.,542,1,Unit root,-0.125510477,-0.240089481,-0.240089481,Korea  Rep.,1,1,0,0,0,0,0,0,0,0,1,0,0,0,0,0,0,0,0
2021,korea  rep.,542,1,Unit root,-0.125510477,-0.240089481,-0.240089481,Korea  Rep.,1,1,0,0,0,0,0,0,0,0,1,0,0,0,0,0,0,0,0
2022,korea  rep.,542,1,Unit root,-0.125510477,-0.240089481,-0.240089481,Korea  Rep.,1,1,0,0,0,0,0,0,0,0,1,0,0,0,0,0,0,0,0
2023,korea  rep.,542,1,Unit root,-0.125510477,-0.240089481,-0.240089481,Korea  Rep.,1,1,0,0,0,0,0,0,0,0,1,0,0,0,0,0,0,0,0
2024,korea  rep.,542,0,Unit root,-0.125510477,-0.240089481,-0.125510477,Korea  Rep.,1,1,0,0,0,0,0,0,0,0,1,0,0,0,0,0,0,0,0
1993,kyrgyz republic,917,1,Unit root,-0.395443393,-0.586164214,-0.586164214,Kyrgyz Republic,0,0,0,0,0,0,0,0,0,0,0,0,0,0,1,1,0,0,0
1994,kyrgyz republic,917,1,Unit root,-0.395443393,-0.586164214,-0.586164214,Kyrgyz Republic,0,0,0,0,0,0,0,0,0,0,0,0,0,0,1,1,0,0,0
1995,kyrgyz republic,917,1,Unit root,-0.395443393,-0.586164214,-0.586164214,Kyrgyz Republic,0,0,0,0,0,0,0,0,0,0,0,0,0,0,1,1,0,0,0
1996,kyrgyz republic,917,0,Unit root,-0.395443393,-0.586164214,-0.395443393,Kyrgyz Republic,0,0,0,0,0,0,0,0,0,0,0,0,0,0,1,1,0,0,0
1997,kyrgyz republic,917,1,Unit root,-0.395443393,-0.586164214,-0.586164214,Kyrgyz Republic,0,0,0,0,0,0,0,0,0,0,0,0,0,0,1,1,0,0,0
1998,kyrgyz republic,917,1,Unit root,-0.395443393,-0.586164214,-0.586164214,Kyrgyz Republic,0,0,0,0,0,0,0,0,0,0,0,0,0,0,1,1,0,0,0
1999,kyrgyz republic,917,1,Unit root,-0.395443393,-0.586164214,-0.586164214,Kyrgyz Republic,0,0,0,0,0,0,0,0,0,0,0,0,0,0,1,1,0,0,0
2000,kyrgyz republic,917,1,Unit root,-0.395443393,-0.586164214,-0.586164214,Kyrgyz Republic,0,0,0,0,0,0,0,0,0,0,0,0,0,0,1,1,0,0,0
2001,kyrgyz republic,917,1,Unit root,-0.395443393,-0.586164214,-0.586164214,Kyrgyz Republic,0,0,0,0,0,0,0,0,0,0,0,0,0,0,1,1,0,0,0
2002,kyrgyz republic,917,1,Unit root,-0.395443393,-0.586164214,-0.586164214,Kyrgyz Republic,0,0,0,0,0,0,0,0,0,0,0,0,0,0,1,1,0,0,0
2003,kyrgyz republic,917,1,Unit root,-0.395443393,-0.586164214,-0.586164214,Kyrgyz Republic,0,0,0,0,0,0,0,0,0,0,0,0,0,0,1,1,0,0,0
2004,kyrgyz republic,917,1,Unit root,-0.395443393,-0.586164214,-0.586164214,Kyrgyz Republic,0,0,0,0,0,0,0,0,0,0,0,0,0,0,1,1,0,0,0
2005,kyrgyz republic,917,1,Unit root,-0.395443393,-0.586164214,-0.586164214,Kyrgyz Republic,0,0,0,0,0,0,0,0,0,0,0,0,0,0,1,1,0,0,0
2006,kyrgyz republic,917,1,Unit root,-0.395443393,-0.586164214,-0.586164214,Kyrgyz Republic,0,0,0,0,0,0,0,0,0,0,0,0,0,0,1,1,0,0,0
2007,kyrgyz republic,917,1,Unit root,-0.395443393,-0.586164214,-0.586164214,Kyrgyz Republic,0,0,0,0,0,0,0,0,0,0,0,0,0,0,1,1,0,0,0
2008,kyrgyz republic,917,1,Unit root,-0.395443393,-0.586164214,-0.586164214,Kyrgyz Republic,0,0,0,0,0,0,0,0,0,0,0,0,0,0,1,1,0,0,0
2009,kyrgyz republic,917,1,Unit root,-0.395443393,-0.586164214,-0.586164214,Kyrgyz Republic,0,0,0,0,0,0,0,0,0,0,0,0,0,0,1,1,0,0,0
2010,kyrgyz republic,917,1,Unit root,-0.395443393,-0.586164214,-0.586164214,Kyrgyz Republic,0,0,0,0,0,0,0,0,0,0,0,0,0,0,1,1,0,0,0
2011,kyrgyz republic,917,1,Unit root,-0.395443393,-0.586164214,-0.586164214,Kyrgyz Republic,0,0,0,0,0,0,0,0,0,0,0,0,0,0,1,1,0,0,0
2012,kyrgyz republic,917,1,Unit root,-0.395443393,-0.586164214,-0.586164214,Kyrgyz Republic,0,0,0,0,0,0,0,0,0,0,0,0,0,0,1,1,0,0,0
2013,kyrgyz republic,917,1,Unit root,-0.395443393,-0.586164214,-0.586164214,Kyrgyz Republic,0,0,0,0,0,0,0,0,0,0,0,0,0,0,1,1,0,0,0
2014,kyrgyz republic,917,1,Unit root,-0.395443393,-0.586164214,-0.586164214,Kyrgyz Republic,0,0,0,0,0,0,0,0,0,0,0,0,0,0,1,1,0,0,0
2015,kyrgyz republic,917,1,Unit root,-0.395443393,-0.586164214,-0.586164214,Kyrgyz Republic,0,0,0,0,0,0,0,0,0,0,0,0,0,0,1,1,0,0,0
2016,kyrgyz republic,917,1,Unit root,-0.395443393,-0.586164214,-0.586164214,Kyrgyz Republic,0,0,0,0,0,0,0,0,0,0,0,0,0,0,1,1,0,0,0
2017,kyrgyz republic,917,1,Unit root,-0.395443393,-0.586164214,-0.586164214,Kyrgyz Republic,0,0,0,0,0,0,0,0,0,0,0,0,0,0,1,1,0,0,0
2018,kyrgyz republic,917,1,Unit root,-0.395443393,-0.586164214,-0.586164214,Kyrgyz Republic,0,0,0,0,0,0,0,0,0,0,0,0,0,0,1,1,0,0,0
2019,kyrgyz republic,917,1,Unit root,-0.395443393,-0.586164214,-0.586164214,Kyrgyz Republic,0,0,0,0,0,0,0,0,0,0,0,0,0,0,1,1,0,0,0
2020,kyrgyz republic,917,1,Unit root,-0.395443393,-0.586164214,-0.586164214,Kyrgyz Republic,0,0,0,0,0,0,0,0,0,0,0,0,0,0,1,1,0,0,0
2021,kyrgyz republic,917,0,Unit root,-0.395443393,-0.586164214,-0.395443393,Kyrgyz Republic,0,0,0,0,0,0,0,0,0,0,0,0,0,0,1,1,0,0,0
1993,latvia,941,1,Unit root,-0.179024674,-0.075001975,-0.075001975,Latvia,1,0,0,0,0,0,0,0,0,1,0,0,0,0,0,0,0,0,0
1994,latvia,941,1,Unit root,-0.179024674,-0.075001975,-0.075001975,Latvia,1,0,0,0,0,0,0,0,0,1,0,0,0,0,0,0,0,0,0
1995,latvia,941,1,Unit root,-0.179024674,-0.075001975,-0.075001975,Latvia,1,0,0,0,0,0,0,0,0,1,0,0,0,0,0,0,0,0,0
1996,latvia,941,1,Unit root,-0.179024674,-0.075001975,-0.075001975,Latvia,1,0,0,0,0,0,0,0,0,1,0,0,0,0,0,0,0,0,0
1997,latvia,941,1,Unit root,-0.179024674,-0.075001975,-0.075001975,Latvia,1,0,0,0,0,0,0,0,0,1,0,0,0,0,0,0,0,0,0
1998,latvia,941,1,Unit root,-0.179024674,-0.075001975,-0.075001975,Latvia,1,0,0,0,0,0,0,0,0,1,0,0,0,0,0,0,0,0,0
1999,latvia,941,1,Unit root,-0.179024674,-0.075001975,-0.075001975,Latvia,1,0,0,0,0,0,0,0,0,1,0,0,0,0,0,0,0,0,0
2000,latvia,941,1,Unit root,-0.179024674,-0.075001975,-0.075001975,Latvia,1,0,0,0,0,0,0,0,0,1,0,0,0,0,0,0,0,0,0
2001,latvia,941,1,Unit root,-0.179024674,-0.075001975,-0.075001975,Latvia,1,0,0,0,0,0,0,0,0,1,0,0,0,0,0,0,0,0,0
2002,latvia,941,1,Unit root,-0.179024674,-0.075001975,-0.075001975,Latvia,1,0,0,0,0,0,0,0,0,1,0,0,0,0,0,0,0,0,0
2003,latvia,941,1,Unit root,-0.179024674,-0.075001975,-0.075001975,Latvia,1,0,0,0,0,0,0,0,0,1,0,0,0,0,0,0,0,0,0
2004,latvia,941,1,Unit root,-0.179024674,-0.075001975,-0.075001975,Latvia,1,0,0,0,0,0,0,0,0,1,0,0,0,0,0,0,0,0,0
2005,latvia,941,0,Stationary,-0.179024674,-0.075001975,-0.179024674,Latvia,1,0,0,0,0,0,0,0,0,1,0,0,0,0,0,0,0,0,0
2006,latvia,941,1,Unit root,-0.179024674,-0.075001975,-0.075001975,Latvia,1,0,0,0,0,0,0,0,0,1,0,0,0,0,0,0,0,0,0
2007,latvia,941,1,Unit root,-0.179024674,-0.075001975,-0.075001975,Latvia,1,0,0,0,0,0,0,0,0,1,0,0,0,0,0,0,0,0,0
2008,latvia,941,1,Unit root,-0.179024674,-0.075001975,-0.075001975,Latvia,1,0,0,0,0,0,0,0,0,1,0,0,0,0,0,0,0,0,0
2009,latvia,941,1,Unit root,-0.179024674,-0.075001975,-0.075001975,Latvia,1,0,0,0,0,0,0,0,0,1,0,0,0,0,0,0,0,0,0
2010,latvia,941,1,Unit root,-0.179024674,-0.075001975,-0.075001975,Latvia,1,0,0,0,0,0,0,0,0,1,0,0,0,0,0,0,0,0,0
2011,latvia,941,1,Unit root,-0.179024674,-0.075001975,-0.075001975,Latvia,1,0,0,0,0,0,0,0,0,1,0,0,0,0,0,0,0,0,0
2012,latvia,941,1,Unit root,-0.179024674,-0.075001975,-0.075001975,Latvia,1,0,0,0,0,0,0,0,0,1,0,0,0,0,0,0,0,0,0
2013,latvia,941,1,Unit root,-0.179024674,-0.075001975,-0.075001975,Latvia,1,0,0,0,0,0,0,0,0,1,0,0,0,0,0,0,0,0,0
2014,latvia,941,1,Unit root,-0.179024674,-0.075001975,-0.075001975,Latvia,1,0,0,0,0,0,0,0,0,1,0,0,0,0,0,0,0,0,0
2015,latvia,941,1,Unit root,-0.179024674,-0.075001975,-0.075001975,Latvia,1,0,0,0,0,0,0,0,0,1,0,0,0,0,0,0,0,0,0
2016,latvia,941,1,Unit root,-0.179024674,-0.075001975,-0.075001975,Latvia,1,0,0,0,0,0,0,0,0,1,0,0,0,0,0,0,0,0,0
2017,latvia,941,1,Unit root,-0.179024674,-0.075001975,-0.075001975,Latvia,1,0,0,0,0,0,0,0,0,1,0,0,0,0,0,0,0,0,0
2018,latvia,941,1,Unit root,-0.179024674,-0.075001975,-0.075001975,Latvia,1,0,0,0,0,0,0,0,0,1,0,0,0,0,0,0,0,0,0
2019,latvia,941,1,Unit root,-0.179024674,-0.075001975,-0.075001975,Latvia,1,0,0,0,0,0,0,0,0,1,0,0,0,0,0,0,0,0,0
2020,latvia,941,1,Unit root,-0.179024674,-0.075001975,-0.075001975,Latvia,1,0,0,0,0,0,0,0,0,1,0,0,0,0,0,0,0,0,0
2021,latvia,941,1,Unit root,-0.179024674,-0.075001975,-0.075001975,Latvia,1,0,0,0,0,0,0,0,0,1,0,0,0,0,0,0,0,0,0
2022,latvia,941,1,Unit root,-0.179024674,-0.075001975,-0.075001975,Latvia,1,0,0,0,0,0,0,0,0,1,0,0,0,0,0,0,0,0,0
2023,latvia,941,1,Unit root,-0.179024674,-0.075001975,-0.075001975,Latvia,1,0,0,0,0,0,0,0,0,1,0,0,0,0,0,0,0,0,0
2024,latvia,941,0,Stationary,-0.179024674,-0.075001975,-0.179024674,Latvia,1,0,0,0,0,0,0,0,0,1,0,0,0,0,0,0,0,0,0
1993,lithuania,946,1,Unit root,0.082790492,-0.086230522,-0.086230522,Lithuania,1,0,0,0,0,0,0,0,0,1,0,0,0,0,0,0,0,0,0
1994,lithuania,946,1,Unit root,0.082790492,-0.086230522,-0.086230522,Lithuania,1,0,0,0,0,0,0,0,0,1,0,0,0,0,0,0,0,0,0
1995,lithuania,946,1,Unit root,0.082790492,-0.086230522,-0.086230522,Lithuania,1,0,0,0,0,0,0,0,0,1,0,0,0,0,0,0,0,0,0
1996,lithuania,946,1,Unit root,0.082790492,-0.086230522,-0.086230522,Lithuania,1,0,0,0,0,0,0,0,0,1,0,0,0,0,0,0,0,0,0
1997,lithuania,946,1,Unit root,0.082790492,-0.086230522,-0.086230522,Lithuania,1,0,0,0,0,0,0,0,0,1,0,0,0,0,0,0,0,0,0
1998,lithuania,946,0,Explosive,0.082790492,-0.086230522,0.082790492,Lithuania,1,0,0,0,0,0,0,0,0,1,0,0,0,0,0,0,0,0,0
1999,lithuania,946,0,Explosive,0.082790492,-0.086230522,0.082790492,Lithuania,1,0,0,0,0,0,0,0,0,1,0,0,0,0,0,0,0,0,0
2000,lithuania,946,0,Explosive,0.082790492,-0.086230522,0.082790492,Lithuania,1,0,0,0,0,0,0,0,0,1,0,0,0,0,0,0,0,0,0
2001,lithuania,946,1,Unit root,0.082790492,-0.086230522,-0.086230522,Lithuania,1,0,0,0,0,0,0,0,0,1,0,0,0,0,0,0,0,0,0
2002,lithuania,946,1,Unit root,0.082790492,-0.086230522,-0.086230522,Lithuania,1,0,0,0,0,0,0,0,0,1,0,0,0,0,0,0,0,0,0
2003,lithuania,946,1,Unit root,0.082790492,-0.086230522,-0.086230522,Lithuania,1,0,0,0,0,0,0,0,0,1,0,0,0,0,0,0,0,0,0
2004,lithuania,946,1,Unit root,0.082790492,-0.086230522,-0.086230522,Lithuania,1,0,0,0,0,0,0,0,0,1,0,0,0,0,0,0,0,0,0
2005,lithuania,946,1,Unit root,0.082790492,-0.086230522,-0.086230522,Lithuania,1,0,0,0,0,0,0,0,0,1,0,0,0,0,0,0,0,0,0
2006,lithuania,946,1,Unit root,0.082790492,-0.086230522,-0.086230522,Lithuania,1,0,0,0,0,0,0,0,0,1,0,0,0,0,0,0,0,0,0
2007,lithuania,946,1,Unit root,0.082790492,-0.086230522,-0.086230522,Lithuania,1,0,0,0,0,0,0,0,0,1,0,0,0,0,0,0,0,0,0
2008,lithuania,946,1,Unit root,0.082790492,-0.086230522,-0.086230522,Lithuania,1,0,0,0,0,0,0,0,0,1,0,0,0,0,0,0,0,0,0
2009,lithuania,946,1,Unit root,0.082790492,-0.086230522,-0.086230522,Lithuania,1,0,0,0,0,0,0,0,0,1,0,0,0,0,0,0,0,0,0
2010,lithuania,946,1,Unit root,0.082790492,-0.086230522,-0.086230522,Lithuania,1,0,0,0,0,0,0,0,0,1,0,0,0,0,0,0,0,0,0
2011,lithuania,946,1,Unit root,0.082790492,-0.086230522,-0.086230522,Lithuania,1,0,0,0,0,0,0,0,0,1,0,0,0,0,0,0,0,0,0
2012,lithuania,946,1,Unit root,0.082790492,-0.086230522,-0.086230522,Lithuania,1,0,0,0,0,0,0,0,0,1,0,0,0,0,0,0,0,0,0
2013,lithuania,946,1,Unit root,0.082790492,-0.086230522,-0.086230522,Lithuania,1,0,0,0,0,0,0,0,0,1,0,0,0,0,0,0,0,0,0
2014,lithuania,946,1,Unit root,0.082790492,-0.086230522,-0.086230522,Lithuania,1,0,0,0,0,0,0,0,0,1,0,0,0,0,0,0,0,0,0
2015,lithuania,946,1,Unit root,0.082790492,-0.086230522,-0.086230522,Lithuania,1,0,0,0,0,0,0,0,0,1,0,0,0,0,0,0,0,0,0
2016,lithuania,946,1,Unit root,0.082790492,-0.086230522,-0.086230522,Lithuania,1,0,0,0,0,0,0,0,0,1,0,0,0,0,0,0,0,0,0
2017,lithuania,946,1,Unit root,0.082790492,-0.086230522,-0.086230522,Lithuania,1,0,0,0,0,0,0,0,0,1,0,0,0,0,0,0,0,0,0
2018,lithuania,946,1,Unit root,0.082790492,-0.086230522,-0.086230522,Lithuania,1,0,0,0,0,0,0,0,0,1,0,0,0,0,0,0,0,0,0
2019,lithuania,946,1,Unit root,0.082790492,-0.086230522,-0.086230522,Lithuania,1,0,0,0,0,0,0,0,0,1,0,0,0,0,0,0,0,0,0
2020,lithuania,946,0,Explosive,0.082790492,-0.086230522,0.082790492,Lithuania,1,0,0,0,0,0,0,0,0,1,0,0,0,0,0,0,0,0,0
2021,lithuania,946,0,Explosive,0.082790492,-0.086230522,0.082790492,Lithuania,1,0,0,0,0,0,0,0,0,1,0,0,0,0,0,0,0,0,0
2022,lithuania,946,1,Unit root,0.082790492,-0.086230522,-0.086230522,Lithuania,1,0,0,0,0,0,0,0,0,1,0,0,0,0,0,0,0,0,0
2023,lithuania,946,1,Unit root,0.082790492,-0.086230522,-0.086230522,Lithuania,1,0,0,0,0,0,0,0,0,1,0,0,0,0,0,0,0,0,0
2024,lithuania,946,0,Explosive,0.082790492,-0.086230522,0.082790492,Lithuania,1,0,0,0,0,0,0,0,0,1,0,0,0,0,0,0,0,0,0
1995,luxembourg,137,1,Stationary,-2.036737739,-1.942572802,-1.942572802,Luxembourg,1,0,0,0,0,0,0,0,0,1,0,0,0,0,0,0,0,0,0
1996,luxembourg,137,1,Stationary,-2.036737739,-1.942572802,-1.942572802,Luxembourg,1,0,0,0,0,0,0,0,0,1,0,0,0,0,0,0,0,0,0
1997,luxembourg,137,1,Stationary,-2.036737739,-1.942572802,-1.942572802,Luxembourg,1,0,0,0,0,0,0,0,0,1,0,0,0,0,0,0,0,0,0
1998,luxembourg,137,1,Stationary,-2.036737739,-1.942572802,-1.942572802,Luxembourg,1,0,0,0,0,0,0,0,0,1,0,0,0,0,0,0,0,0,0
1999,luxembourg,137,1,Stationary,-2.036737739,-1.942572802,-1.942572802,Luxembourg,1,0,0,0,0,0,0,0,0,1,0,0,0,0,0,0,0,0,0
2000,luxembourg,137,1,Stationary,-2.036737739,-1.942572802,-1.942572802,Luxembourg,1,0,0,0,0,0,0,0,0,1,0,0,0,0,0,0,0,0,0
2001,luxembourg,137,1,Stationary,-2.036737739,-1.942572802,-1.942572802,Luxembourg,1,0,0,0,0,0,0,0,0,1,0,0,0,0,0,0,0,0,0
2002,luxembourg,137,1,Stationary,-2.036737739,-1.942572802,-1.942572802,Luxembourg,1,0,0,0,0,0,0,0,0,1,0,0,0,0,0,0,0,0,0
2003,luxembourg,137,1,Stationary,-2.036737739,-1.942572802,-1.942572802,Luxembourg,1,0,0,0,0,0,0,0,0,1,0,0,0,0,0,0,0,0,0
2004,luxembourg,137,1,Stationary,-2.036737739,-1.942572802,-1.942572802,Luxembourg,1,0,0,0,0,0,0,0,0,1,0,0,0,0,0,0,0,0,0
2005,luxembourg,137,1,Stationary,-2.036737739,-1.942572802,-1.942572802,Luxembourg,1,0,0,0,0,0,0,0,0,1,0,0,0,0,0,0,0,0,0
2006,luxembourg,137,1,Stationary,-2.036737739,-1.942572802,-1.942572802,Luxembourg,1,0,0,0,0,0,0,0,0,1,0,0,0,0,0,0,0,0,0
2007,luxembourg,137,1,Stationary,-2.036737739,-1.942572802,-1.942572802,Luxembourg,1,0,0,0,0,0,0,0,0,1,0,0,0,0,0,0,0,0,0
2008,luxembourg,137,1,Stationary,-2.036737739,-1.942572802,-1.942572802,Luxembourg,1,0,0,0,0,0,0,0,0,1,0,0,0,0,0,0,0,0,0
2009,luxembourg,137,1,Stationary,-2.036737739,-1.942572802,-1.942572802,Luxembourg,1,0,0,0,0,0,0,0,0,1,0,0,0,0,0,0,0,0,0
2010,luxembourg,137,1,Stationary,-2.036737739,-1.942572802,-1.942572802,Luxembourg,1,0,0,0,0,0,0,0,0,1,0,0,0,0,0,0,0,0,0
2011,luxembourg,137,1,Stationary,-2.036737739,-1.942572802,-1.942572802,Luxembourg,1,0,0,0,0,0,0,0,0,1,0,0,0,0,0,0,0,0,0
2012,luxembourg,137,1,Stationary,-2.036737739,-1.942572802,-1.942572802,Luxembourg,1,0,0,0,0,0,0,0,0,1,0,0,0,0,0,0,0,0,0
2013,luxembourg,137,1,Stationary,-2.036737739,-1.942572802,-1.942572802,Luxembourg,1,0,0,0,0,0,0,0,0,1,0,0,0,0,0,0,0,0,0
2014,luxembourg,137,1,Stationary,-2.036737739,-1.942572802,-1.942572802,Luxembourg,1,0,0,0,0,0,0,0,0,1,0,0,0,0,0,0,0,0,0
2015,luxembourg,137,1,Stationary,-2.036737739,-1.942572802,-1.942572802,Luxembourg,1,0,0,0,0,0,0,0,0,1,0,0,0,0,0,0,0,0,0
2016,luxembourg,137,1,Stationary,-2.036737739,-1.942572802,-1.942572802,Luxembourg,1,0,0,0,0,0,0,0,0,1,0,0,0,0,0,0,0,0,0
2017,luxembourg,137,1,Stationary,-2.036737739,-1.942572802,-1.942572802,Luxembourg,1,0,0,0,0,0,0,0,0,1,0,0,0,0,0,0,0,0,0
2018,luxembourg,137,1,Stationary,-2.036737739,-1.942572802,-1.942572802,Luxembourg,1,0,0,0,0,0,0,0,0,1,0,0,0,0,0,0,0,0,0
2019,luxembourg,137,0,Stationary,-2.036737739,-1.942572802,-2.036737739,Luxembourg,1,0,0,0,0,0,0,0,0,1,0,0,0,0,0,0,0,0,0
2020,luxembourg,137,1,Stationary,-2.036737739,-1.942572802,-1.942572802,Luxembourg,1,0,0,0,0,0,0,0,0,1,0,0,0,0,0,0,0,0,0
2021,luxembourg,137,1,Stationary,-2.036737739,-1.942572802,-1.942572802,Luxembourg,1,0,0,0,0,0,0,0,0,1,0,0,0,0,0,0,0,0,0
2022,luxembourg,137,1,Stationary,-2.036737739,-1.942572802,-1.942572802,Luxembourg,1,0,0,0,0,0,0,0,0,1,0,0,0,0,0,0,0,0,0
2023,luxembourg,137,1,Stationary,-2.036737739,-1.942572802,-1.942572802,Luxembourg,1,0,0,0,0,0,0,0,0,1,0,0,0,0,0,0,0,0,0
2024,luxembourg,137,0,Stationary,-2.036737739,-1.942572802,-2.036737739,Luxembourg,1,0,0,0,0,0,0,0,0,1,0,0,0,0,0,0,0,0,0
2011,macedonia  fyr,962,1,Unit root,-0.885473244,-1.581269028,-1.581269028,Macedonia  FYR,0,0,1,0,0,1,0,0,0,0,0,0,0,0,0,0,0,0,0
2012,macedonia  fyr,962,1,Unit root,-0.885473244,-1.581269028,-1.581269028,Macedonia  FYR,0,0,1,0,0,1,0,0,0,0,0,0,0,0,0,0,0,0,0
2013,macedonia  fyr,962,1,Unit root,-0.885473244,-1.581269028,-1.581269028,Macedonia  FYR,0,0,1,0,0,1,0,0,0,0,0,0,0,0,0,0,0,0,0
2014,macedonia  fyr,962,1,Unit root,-0.885473244,-1.581269028,-1.581269028,Macedonia  FYR,0,0,1,0,0,1,0,0,0,0,0,0,0,0,0,0,0,0,0
2015,macedonia  fyr,962,1,Unit root,-0.885473244,-1.581269028,-1.581269028,Macedonia  FYR,0,0,1,0,0,1,0,0,0,0,0,0,0,0,0,0,0,0,0
2016,macedonia  fyr,962,1,Unit root,-0.885473244,-1.581269028,-1.581269028,Macedonia  FYR,0,0,1,0,0,1,0,0,0,0,0,0,0,0,0,0,0,0,0
2017,macedonia  fyr,962,1,Unit root,-0.885473244,-1.581269028,-1.581269028,Macedonia  FYR,0,0,1,0,0,1,0,0,0,0,0,0,0,0,0,0,0,0,0
2018,macedonia  fyr,962,1,Unit root,-0.885473244,-1.581269028,-1.581269028,Macedonia  FYR,0,0,1,0,0,1,0,0,0,0,0,0,0,0,0,0,0,0,0
2019,macedonia  fyr,962,1,Unit root,-0.885473244,-1.581269028,-1.581269028,Macedonia  FYR,0,0,1,0,0,1,0,0,0,0,0,0,0,0,0,0,0,0,0
2020,macedonia  fyr,962,1,Unit root,-0.885473244,-1.581269028,-1.581269028,Macedonia  FYR,0,0,1,0,0,1,0,0,0,0,0,0,0,0,0,0,0,0,0
2021,macedonia  fyr,962,1,Unit root,-0.885473244,-1.581269028,-1.581269028,Macedonia  FYR,0,0,1,0,0,1,0,0,0,0,0,0,0,0,0,0,0,0,0
2022,macedonia  fyr,962,1,Unit root,-0.885473244,-1.581269028,-1.581269028,Macedonia  FYR,0,0,1,0,0,1,0,0,0,0,0,0,0,0,0,0,0,0,0
2023,macedonia  fyr,962,1,Unit root,-0.885473244,-1.581269028,-1.581269028,Macedonia  FYR,0,0,1,0,0,1,0,0,0,0,0,0,0,0,0,0,0,0,0
2024,macedonia  fyr,962,0,Unit root,-0.885473244,-1.581269028,-0.885473244,Macedonia  FYR,0,0,1,0,0,1,0,0,0,0,0,0,0,0,0,0,0,0,0
1999,malaysia,548,0,Explosive,0.130345845,-0.055510306,0.130345845,Malaysia,0,0,1,0,1,0,0,0,0,0,0,0,0,0,0,0,0,0,0
2000,malaysia,548,0,Explosive,0.130345845,-0.055510306,0.130345845,Malaysia,0,0,1,0,1,0,0,0,0,0,0,0,0,0,0,0,0,0,0
2001,malaysia,548,1,Unit root,0.130345845,-0.055510306,-0.055510306,Malaysia,0,0,1,0,1,0,0,0,0,0,0,0,0,0,0,0,0,0,0
2002,malaysia,548,0,Explosive,0.130345845,-0.055510306,0.130345845,Malaysia,0,0,1,0,1,0,0,0,0,0,0,0,0,0,0,0,0,0,0
2003,malaysia,548,1,Unit root,0.130345845,-0.055510306,-0.055510306,Malaysia,0,0,1,0,1,0,0,0,0,0,0,0,0,0,0,0,0,0,0
2004,malaysia,548,0,Explosive,0.130345845,-0.055510306,0.130345845,Malaysia,0,0,1,0,1,0,0,0,0,0,0,0,0,0,0,0,0,0,0
2005,malaysia,548,0,Explosive,0.130345845,-0.055510306,0.130345845,Malaysia,0,0,1,0,1,0,0,0,0,0,0,0,0,0,0,0,0,0,0
2006,malaysia,548,0,Explosive,0.130345845,-0.055510306,0.130345845,Malaysia,0,0,1,0,1,0,0,0,0,0,0,0,0,0,0,0,0,0,0
2007,malaysia,548,1,Unit root,0.130345845,-0.055510306,-0.055510306,Malaysia,0,0,1,0,1,0,0,0,0,0,0,0,0,0,0,0,0,0,0
2008,malaysia,548,0,Explosive,0.130345845,-0.055510306,0.130345845,Malaysia,0,0,1,0,1,0,0,0,0,0,0,0,0,0,0,0,0,0,0
2009,malaysia,548,0,Explosive,0.130345845,-0.055510306,0.130345845,Malaysia,0,0,1,0,1,0,0,0,0,0,0,0,0,0,0,0,0,0,0
2010,malaysia,548,0,Explosive,0.130345845,-0.055510306,0.130345845,Malaysia,0,0,1,0,1,0,0,0,0,0,0,0,0,0,0,0,0,0,0
2011,malaysia,548,1,Unit root,0.130345845,-0.055510306,-0.055510306,Malaysia,0,0,1,0,1,0,0,0,0,0,0,0,0,0,0,0,0,0,0
2012,malaysia,548,0,Explosive,0.130345845,-0.055510306,0.130345845,Malaysia,0,0,1,0,1,0,0,0,0,0,0,0,0,0,0,0,0,0,0
2013,malaysia,548,0,Explosive,0.130345845,-0.055510306,0.130345845,Malaysia,0,0,1,0,1,0,0,0,0,0,0,0,0,0,0,0,0,0,0
2014,malaysia,548,0,Explosive,0.130345845,-0.055510306,0.130345845,Malaysia,0,0,1,0,1,0,0,0,0,0,0,0,0,0,0,0,0,0,0
2015,malaysia,548,0,Explosive,0.130345845,-0.055510306,0.130345845,Malaysia,0,0,1,0,1,0,0,0,0,0,0,0,0,0,0,0,0,0,0
2016,malaysia,548,0,Explosive,0.130345845,-0.055510306,0.130345845,Malaysia,0,0,1,0,1,0,0,0,0,0,0,0,0,0,0,0,0,0,0
2017,malaysia,548,0,Explosive,0.130345845,-0.055510306,0.130345845,Malaysia,0,0,1,0,1,0,0,0,0,0,0,0,0,0,0,0,0,0,0
2018,malaysia,548,0,Explosive,0.130345845,-0.055510306,0.130345845,Malaysia,0,0,1,0,1,0,0,0,0,0,0,0,0,0,0,0,0,0,0
2019,malaysia,548,0,Explosive,0.130345845,-0.055510306,0.130345845,Malaysia,0,0,1,0,1,0,0,0,0,0,0,0,0,0,0,0,0,0,0
2020,malaysia,548,0,Explosive,0.130345845,-0.055510306,0.130345845,Malaysia,0,0,1,0,1,0,0,0,0,0,0,0,0,0,0,0,0,0,0
2004,malta,181,0,Unit root,0.031774,-0.221591952,0.031774,Malta,1,0,0,0,0,0,0,0,0,1,0,0,0,0,0,0,0,0,0
2005,malta,181,1,Unit root,0.031774,-0.221591952,-0.221591952,Malta,1,0,0,0,0,0,0,0,0,1,0,0,0,0,0,0,0,0,0
2006,malta,181,1,Unit root,0.031774,-0.221591952,-0.221591952,Malta,1,0,0,0,0,0,0,0,0,1,0,0,0,0,0,0,0,0,0
2007,malta,181,0,Unit root,0.031774,-0.221591952,0.031774,Malta,1,0,0,0,0,0,0,0,0,1,0,0,0,0,0,0,0,0,0
2008,malta,181,0,Unit root,0.031774,-0.221591952,0.031774,Malta,1,0,0,0,0,0,0,0,0,1,0,0,0,0,0,0,0,0,0
2009,malta,181,0,Unit root,0.031774,-0.221591952,0.031774,Malta,1,0,0,0,0,0,0,0,0,1,0,0,0,0,0,0,0,0,0
2010,malta,181,1,Unit root,0.031774,-0.221591952,-0.221591952,Malta,1,0,0,0,0,0,0,0,0,1,0,0,0,0,0,0,0,0,0
2011,malta,181,0,Unit root,0.031774,-0.221591952,0.031774,Malta,1,0,0,0,0,0,0,0,0,1,0,0,0,0,0,0,0,0,0
2012,malta,181,0,Unit root,0.031774,-0.221591952,0.031774,Malta,1,0,0,0,0,0,0,0,0,1,0,0,0,0,0,0,0,0,0
2013,malta,181,1,Unit root,0.031774,-0.221591952,-0.221591952,Malta,1,0,0,0,0,0,0,0,0,1,0,0,0,0,0,0,0,0,0
2014,malta,181,1,Unit root,0.031774,-0.221591952,-0.221591952,Malta,1,0,0,0,0,0,0,0,0,1,0,0,0,0,0,0,0,0,0
2015,malta,181,0,Unit root,0.031774,-0.221591952,0.031774,Malta,1,0,0,0,0,0,0,0,0,1,0,0,0,0,0,0,0,0,0
2016,malta,181,1,Unit root,0.031774,-0.221591952,-0.221591952,Malta,1,0,0,0,0,0,0,0,0,1,0,0,0,0,0,0,0,0,0
2017,malta,181,1,Unit root,0.031774,-0.221591952,-0.221591952,Malta,1,0,0,0,0,0,0,0,0,1,0,0,0,0,0,0,0,0,0
2018,malta,181,1,Unit root,0.031774,-0.221591952,-0.221591952,Malta,1,0,0,0,0,0,0,0,0,1,0,0,0,0,0,0,0,0,0
2019,malta,181,0,Unit root,0.031774,-0.221591952,0.031774,Malta,1,0,0,0,0,0,0,0,0,1,0,0,0,0,0,0,0,0,0
2020,malta,181,0,Unit root,0.031774,-0.221591952,0.031774,Malta,1,0,0,0,0,0,0,0,0,1,0,0,0,0,0,0,0,0,0
2021,malta,181,1,Unit root,0.031774,-0.221591952,-0.221591952,Malta,1,0,0,0,0,0,0,0,0,1,0,0,0,0,0,0,0,0,0
2022,malta,181,1,Unit root,0.031774,-0.221591952,-0.221591952,Malta,1,0,0,0,0,0,0,0,0,1,0,0,0,0,0,0,0,0,0
2023,malta,181,0,Unit root,0.031774,-0.221591952,0.031774,Malta,1,0,0,0,0,0,0,0,0,1,0,0,0,0,0,0,0,0,0
2024,malta,181,0,Unit root,0.031774,-0.221591952,0.031774,Malta,1,0,0,0,0,0,0,0,0,1,0,0,0,0,0,0,0,0,0
2000,mauritius,684,0,Stationary,-0.398517461,0.198647544,-0.398517461,Mauritius,0,0,1,0,0,0,0,0,0,0,0,0,0,0,0,0,0,0,0
2001,mauritius,684,1,Explosive,-0.398517461,0.198647544,0.198647544,Mauritius,0,0,1,0,0,0,0,0,0,0,0,0,0,0,0,0,0,0,0
2002,mauritius,684,1,Explosive,-0.398517461,0.198647544,0.198647544,Mauritius,0,0,1,0,0,0,0,0,0,0,0,0,0,0,0,0,0,0,0
2003,mauritius,684,1,Explosive,-0.398517461,0.198647544,0.198647544,Mauritius,0,0,1,0,0,0,0,0,0,0,0,0,0,0,0,0,0,0,0
2004,mauritius,684,1,Explosive,-0.398517461,0.198647544,0.198647544,Mauritius,0,0,1,0,0,0,0,0,0,0,0,0,0,0,0,0,0,0,0
2005,mauritius,684,1,Explosive,-0.398517461,0.198647544,0.198647544,Mauritius,0,0,1,0,0,0,0,0,0,0,0,0,0,0,0,0,0,0,0
2006,mauritius,684,1,Explosive,-0.398517461,0.198647544,0.198647544,Mauritius,0,0,1,0,0,0,0,0,0,0,0,0,0,0,0,0,0,0,0
2007,mauritius,684,0,Stationary,-0.398517461,0.198647544,-0.398517461,Mauritius,0,0,1,0,0,0,0,0,0,0,0,0,0,0,0,0,0,0,0
2008,mauritius,684,1,Explosive,-0.398517461,0.198647544,0.198647544,Mauritius,0,0,1,0,0,0,0,0,0,0,0,0,0,0,0,0,0,0,0
2009,mauritius,684,1,Explosive,-0.398517461,0.198647544,0.198647544,Mauritius,0,0,1,0,0,0,0,0,0,0,0,0,0,0,0,0,0,0,0
2010,mauritius,684,0,Stationary,-0.398517461,0.198647544,-0.398517461,Mauritius,0,0,1,0,0,0,0,0,0,0,0,0,0,0,0,0,0,0,0
2011,mauritius,684,1,Explosive,-0.398517461,0.198647544,0.198647544,Mauritius,0,0,1,0,0,0,0,0,0,0,0,0,0,0,0,0,0,0,0
2012,mauritius,684,1,Explosive,-0.398517461,0.198647544,0.198647544,Mauritius,0,0,1,0,0,0,0,0,0,0,0,0,0,0,0,0,0,0,0
2013,mauritius,684,1,Explosive,-0.398517461,0.198647544,0.198647544,Mauritius,0,0,1,0,0,0,0,0,0,0,0,0,0,0,0,0,0,0,0
2014,mauritius,684,1,Explosive,-0.398517461,0.198647544,0.198647544,Mauritius,0,0,1,0,0,0,0,0,0,0,0,0,0,0,0,0,0,0,0
2015,mauritius,684,1,Explosive,-0.398517461,0.198647544,0.198647544,Mauritius,0,0,1,0,0,0,0,0,0,0,0,0,0,0,0,0,0,0,0
2016,mauritius,684,1,Explosive,-0.398517461,0.198647544,0.198647544,Mauritius,0,0,1,0,0,0,0,0,0,0,0,0,0,0,0,0,0,0,0
2017,mauritius,684,1,Explosive,-0.398517461,0.198647544,0.198647544,Mauritius,0,0,1,0,0,0,0,0,0,0,0,0,0,0,0,0,0,0,0
2018,mauritius,684,1,Explosive,-0.398517461,0.198647544,0.198647544,Mauritius,0,0,1,0,0,0,0,0,0,0,0,0,0,0,0,0,0,0,0
2019,mauritius,684,0,Stationary,-0.398517461,0.198647544,-0.398517461,Mauritius,0,0,1,0,0,0,0,0,0,0,0,0,0,0,0,0,0,0,0
2020,mauritius,684,0,Stationary,-0.398517461,0.198647544,-0.398517461,Mauritius,0,0,1,0,0,0,0,0,0,0,0,0,0,0,0,0,0,0,0
1979,mexico,273,0,Stationary,-0.586246947,-0.112424406,-0.586246947,Mexico,0,0,1,0,0,0,1,0,1,0,1,0,0,0,0,0,0,0,0
1980,mexico,273,0,Stationary,-0.586246947,-0.112424406,-0.586246947,Mexico,0,0,1,0,0,0,1,0,1,0,1,0,0,0,0,0,0,0,0
1981,mexico,273,0,Stationary,-0.586246947,-0.112424406,-0.586246947,Mexico,0,0,1,0,0,0,1,0,1,0,1,0,0,0,0,0,0,0,0
1982,mexico,273,0,Stationary,-0.586246947,-0.112424406,-0.586246947,Mexico,0,0,1,0,0,0,1,0,1,0,1,0,0,0,0,0,0,0,0
1983,mexico,273,0,Stationary,-0.586246947,-0.112424406,-0.586246947,Mexico,0,0,1,0,0,0,1,0,1,0,1,0,0,0,0,0,0,0,0
1984,mexico,273,0,Stationary,-0.586246947,-0.112424406,-0.586246947,Mexico,0,0,1,0,0,0,1,0,1,0,1,0,0,0,0,0,0,0,0
1985,mexico,273,0,Stationary,-0.586246947,-0.112424406,-0.586246947,Mexico,0,0,1,0,0,0,1,0,1,0,1,0,0,0,0,0,0,0,0
1986,mexico,273,0,Stationary,-0.586246947,-0.112424406,-0.586246947,Mexico,0,0,1,0,0,0,1,0,1,0,1,0,0,0,0,0,0,0,0
1987,mexico,273,0,Stationary,-0.586246947,-0.112424406,-0.586246947,Mexico,0,0,1,0,0,0,1,0,1,0,1,0,0,0,0,0,0,0,0
1988,mexico,273,0,Stationary,-0.586246947,-0.112424406,-0.586246947,Mexico,0,0,1,0,0,0,1,0,1,0,1,0,0,0,0,0,0,0,0
1989,mexico,273,0,Stationary,-0.586246947,-0.112424406,-0.586246947,Mexico,0,0,1,0,0,0,1,0,1,0,1,0,0,0,0,0,0,0,0
1990,mexico,273,0,Stationary,-0.586246947,-0.112424406,-0.586246947,Mexico,0,0,1,0,0,0,1,0,1,0,1,0,0,0,0,0,0,0,0
1991,mexico,273,0,Stationary,-0.586246947,-0.112424406,-0.586246947,Mexico,0,0,1,0,0,0,1,0,1,0,1,0,0,0,0,0,0,0,0
1992,mexico,273,0,Stationary,-0.586246947,-0.112424406,-0.586246947,Mexico,0,0,1,0,0,0,1,0,1,0,1,0,0,0,0,0,0,0,0
1993,mexico,273,0,Stationary,-0.586246947,-0.112424406,-0.586246947,Mexico,0,0,1,0,0,0,1,0,1,0,1,0,0,0,0,0,0,0,0
1994,mexico,273,0,Stationary,-0.586246947,-0.112424406,-0.586246947,Mexico,0,0,1,0,0,0,1,0,1,0,1,0,0,0,0,0,0,0,0
1995,mexico,273,0,Stationary,-0.586246947,-0.112424406,-0.586246947,Mexico,0,0,1,0,0,0,1,0,1,0,1,0,0,0,0,0,0,0,0
1996,mexico,273,0,Stationary,-0.586246947,-0.112424406,-0.586246947,Mexico,0,0,1,0,0,0,1,0,1,0,1,0,0,0,0,0,0,0,0
1997,mexico,273,0,Stationary,-0.586246947,-0.112424406,-0.586246947,Mexico,0,0,1,0,0,0,1,0,1,0,1,0,0,0,0,0,0,0,0
1998,mexico,273,0,Stationary,-0.586246947,-0.112424406,-0.586246947,Mexico,0,0,1,0,0,0,1,0,1,0,1,0,0,0,0,0,0,0,0
1999,mexico,273,0,Stationary,-0.586246947,-0.112424406,-0.586246947,Mexico,0,0,1,0,0,0,1,0,1,0,1,0,0,0,0,0,0,0,0
2000,mexico,273,0,Stationary,-0.586246947,-0.112424406,-0.586246947,Mexico,0,0,1,0,0,0,1,0,1,0,1,0,0,0,0,0,0,0,0
2001,mexico,273,0,Stationary,-0.586246947,-0.112424406,-0.586246947,Mexico,0,0,1,0,0,0,1,0,1,0,1,0,0,0,0,0,0,0,0
2002,mexico,273,0,Stationary,-0.586246947,-0.112424406,-0.586246947,Mexico,0,0,1,0,0,0,1,0,1,0,1,0,0,0,0,0,0,0,0
2003,mexico,273,0,Stationary,-0.586246947,-0.112424406,-0.586246947,Mexico,0,0,1,0,0,0,1,0,1,0,1,0,0,0,0,0,0,0,0
2004,mexico,273,0,Stationary,-0.586246947,-0.112424406,-0.586246947,Mexico,0,0,1,0,0,0,1,0,1,0,1,0,0,0,0,0,0,0,0
2005,mexico,273,1,Stationary,-0.586246947,-0.112424406,-0.112424406,Mexico,0,0,1,0,0,0,1,0,1,0,1,0,0,0,0,0,0,0,0
2006,mexico,273,1,Stationary,-0.586246947,-0.112424406,-0.112424406,Mexico,0,0,1,0,0,0,1,0,1,0,1,0,0,0,0,0,0,0,0
2007,mexico,273,1,Stationary,-0.586246947,-0.112424406,-0.112424406,Mexico,0,0,1,0,0,0,1,0,1,0,1,0,0,0,0,0,0,0,0
2008,mexico,273,1,Stationary,-0.586246947,-0.112424406,-0.112424406,Mexico,0,0,1,0,0,0,1,0,1,0,1,0,0,0,0,0,0,0,0
2009,mexico,273,1,Stationary,-0.586246947,-0.112424406,-0.112424406,Mexico,0,0,1,0,0,0,1,0,1,0,1,0,0,0,0,0,0,0,0
2010,mexico,273,1,Stationary,-0.586246947,-0.112424406,-0.112424406,Mexico,0,0,1,0,0,0,1,0,1,0,1,0,0,0,0,0,0,0,0
2011,mexico,273,1,Stationary,-0.586246947,-0.112424406,-0.112424406,Mexico,0,0,1,0,0,0,1,0,1,0,1,0,0,0,0,0,0,0,0
2012,mexico,273,0,Stationary,-0.586246947,-0.112424406,-0.586246947,Mexico,0,0,1,0,0,0,1,0,1,0,1,0,0,0,0,0,0,0,0
2013,mexico,273,0,Stationary,-0.586246947,-0.112424406,-0.586246947,Mexico,0,0,1,0,0,0,1,0,1,0,1,0,0,0,0,0,0,0,0
2014,mexico,273,0,Stationary,-0.586246947,-0.112424406,-0.586246947,Mexico,0,0,1,0,0,0,1,0,1,0,1,0,0,0,0,0,0,0,0
2015,mexico,273,0,Stationary,-0.586246947,-0.112424406,-0.586246947,Mexico,0,0,1,0,0,0,1,0,1,0,1,0,0,0,0,0,0,0,0
2016,mexico,273,0,Stationary,-0.586246947,-0.112424406,-0.586246947,Mexico,0,0,1,0,0,0,1,0,1,0,1,0,0,0,0,0,0,0,0
2017,mexico,273,0,Stationary,-0.586246947,-0.112424406,-0.586246947,Mexico,0,0,1,0,0,0,1,0,1,0,1,0,0,0,0,0,0,0,0
2018,mexico,273,1,Stationary,-0.586246947,-0.112424406,-0.112424406,Mexico,0,0,1,0,0,0,1,0,1,0,1,0,0,0,0,0,0,0,0
2019,mexico,273,1,Stationary,-0.586246947,-0.112424406,-0.112424406,Mexico,0,0,1,0,0,0,1,0,1,0,1,0,0,0,0,0,0,0,0
2020,mexico,273,1,Stationary,-0.586246947,-0.112424406,-0.112424406,Mexico,0,0,1,0,0,0,1,0,1,0,1,0,0,0,0,0,0,0,0
2021,mexico,273,1,Stationary,-0.586246947,-0.112424406,-0.112424406,Mexico,0,0,1,0,0,0,1,0,1,0,1,0,0,0,0,0,0,0,0
2022,mexico,273,1,Stationary,-0.586246947,-0.112424406,-0.112424406,Mexico,0,0,1,0,0,0,1,0,1,0,1,0,0,0,0,0,0,0,0
2023,mexico,273,1,Stationary,-0.586246947,-0.112424406,-0.112424406,Mexico,0,0,1,0,0,0,1,0,1,0,1,0,0,0,0,0,0,0,0
2024,mexico,273,0,Stationary,-0.586246947,-0.112424406,-0.586246947,Mexico,0,0,1,0,0,0,1,0,1,0,1,0,0,0,0,0,0,0,0
1995,moldova,921,0,Unit root,0.026577441,-0.114890719,0.026577441,Moldova,0,0,0,0,0,0,0,0,0,0,0,0,0,0,1,1,0,0,0
1996,moldova,921,0,Unit root,0.026577441,-0.114890719,0.026577441,Moldova,0,0,0,0,0,0,0,0,0,0,0,0,0,0,1,1,0,0,0
1997,moldova,921,0,Unit root,0.026577441,-0.114890719,0.026577441,Moldova,0,0,0,0,0,0,0,0,0,0,0,0,0,0,1,1,0,0,0
1998,moldova,921,0,Unit root,0.026577441,-0.114890719,0.026577441,Moldova,0,0,0,0,0,0,0,0,0,0,0,0,0,0,1,1,0,0,0
1999,moldova,921,0,Unit root,0.026577441,-0.114890719,0.026577441,Moldova,0,0,0,0,0,0,0,0,0,0,0,0,0,0,1,1,0,0,0
2000,moldova,921,0,Unit root,0.026577441,-0.114890719,0.026577441,Moldova,0,0,0,0,0,0,0,0,0,0,0,0,0,0,1,1,0,0,0
2001,moldova,921,0,Unit root,0.026577441,-0.114890719,0.026577441,Moldova,0,0,0,0,0,0,0,0,0,0,0,0,0,0,1,1,0,0,0
2002,moldova,921,0,Unit root,0.026577441,-0.114890719,0.026577441,Moldova,0,0,0,0,0,0,0,0,0,0,0,0,0,0,1,1,0,0,0
2003,moldova,921,0,Unit root,0.026577441,-0.114890719,0.026577441,Moldova,0,0,0,0,0,0,0,0,0,0,0,0,0,0,1,1,0,0,0
2004,moldova,921,0,Unit root,0.026577441,-0.114890719,0.026577441,Moldova,0,0,0,0,0,0,0,0,0,0,0,0,0,0,1,1,0,0,0
2005,moldova,921,0,Unit root,0.026577441,-0.114890719,0.026577441,Moldova,0,0,0,0,0,0,0,0,0,0,0,0,0,0,1,1,0,0,0
2006,moldova,921,0,Unit root,0.026577441,-0.114890719,0.026577441,Moldova,0,0,0,0,0,0,0,0,0,0,0,0,0,0,1,1,0,0,0
2007,moldova,921,0,Unit root,0.026577441,-0.114890719,0.026577441,Moldova,0,0,0,0,0,0,0,0,0,0,0,0,0,0,1,1,0,0,0
2008,moldova,921,0,Unit root,0.026577441,-0.114890719,0.026577441,Moldova,0,0,0,0,0,0,0,0,0,0,0,0,0,0,1,1,0,0,0
2009,moldova,921,0,Unit root,0.026577441,-0.114890719,0.026577441,Moldova,0,0,0,0,0,0,0,0,0,0,0,0,0,0,1,1,0,0,0
2010,moldova,921,0,Unit root,0.026577441,-0.114890719,0.026577441,Moldova,0,0,0,0,0,0,0,0,0,0,0,0,0,0,1,1,0,0,0
2011,moldova,921,0,Unit root,0.026577441,-0.114890719,0.026577441,Moldova,0,0,0,0,0,0,0,0,0,0,0,0,0,0,1,1,0,0,0
2012,moldova,921,0,Unit root,0.026577441,-0.114890719,0.026577441,Moldova,0,0,0,0,0,0,0,0,0,0,0,0,0,0,1,1,0,0,0
2013,moldova,921,0,Unit root,0.026577441,-0.114890719,0.026577441,Moldova,0,0,0,0,0,0,0,0,0,0,0,0,0,0,1,1,0,0,0
2014,moldova,921,0,Unit root,0.026577441,-0.114890719,0.026577441,Moldova,0,0,0,0,0,0,0,0,0,0,0,0,0,0,1,1,0,0,0
2015,moldova,921,1,Stationary,0.026577441,-0.114890719,-0.114890719,Moldova,0,0,0,0,0,0,0,0,0,0,0,0,0,0,1,1,0,0,0
2016,moldova,921,1,Stationary,0.026577441,-0.114890719,-0.114890719,Moldova,0,0,0,0,0,0,0,0,0,0,0,0,0,0,1,1,0,0,0
2017,moldova,921,0,Unit root,0.026577441,-0.114890719,0.026577441,Moldova,0,0,0,0,0,0,0,0,0,0,0,0,0,0,1,1,0,0,0
2018,moldova,921,0,Unit root,0.026577441,-0.114890719,0.026577441,Moldova,0,0,0,0,0,0,0,0,0,0,0,0,0,0,1,1,0,0,0
2019,moldova,921,0,Unit root,0.026577441,-0.114890719,0.026577441,Moldova,0,0,0,0,0,0,0,0,0,0,0,0,0,0,1,1,0,0,0
2020,moldova,921,0,Unit root,0.026577441,-0.114890719,0.026577441,Moldova,0,0,0,0,0,0,0,0,0,0,0,0,0,0,1,1,0,0,0
2013,montenegro,943,0,Unit root,-0.152055886,-0.178826761,-0.152055886,Montenegro,0,0,0,0,0,1,0,0,0,0,0,0,0,0,0,0,0,0,0
2014,montenegro,943,1,Unit root,-0.152055886,-0.178826761,-0.178826761,Montenegro,0,0,0,0,0,1,0,0,0,0,0,0,0,0,0,0,0,0,0
2015,montenegro,943,1,Unit root,-0.152055886,-0.178826761,-0.178826761,Montenegro,0,0,0,0,0,1,0,0,0,0,0,0,0,0,0,0,0,0,0
2016,montenegro,943,1,Unit root,-0.152055886,-0.178826761,-0.178826761,Montenegro,0,0,0,0,0,1,0,0,0,0,0,0,0,0,0,0,0,0,0
2017,montenegro,943,1,Unit root,-0.152055886,-0.178826761,-0.178826761,Montenegro,0,0,0,0,0,1,0,0,0,0,0,0,0,0,0,0,0,0,0
2018,montenegro,943,1,Unit root,-0.152055886,-0.178826761,-0.178826761,Montenegro,0,0,0,0,0,1,0,0,0,0,0,0,0,0,0,0,0,0,0
2019,montenegro,943,1,Unit root,-0.152055886,-0.178826761,-0.178826761,Montenegro,0,0,0,0,0,1,0,0,0,0,0,0,0,0,0,0,0,0,0
2020,montenegro,943,0,Unit root,-0.152055886,-0.178826761,-0.152055886,Montenegro,0,0,0,0,0,1,0,0,0,0,0,0,0,0,0,0,0,0,0
2021,montenegro,943,0,Unit root,-0.152055886,-0.178826761,-0.152055886,Montenegro,0,0,0,0,0,1,0,0,0,0,0,0,0,0,0,0,0,0,0
2022,montenegro,943,0,Unit root,-0.152055886,-0.178826761,-0.152055886,Montenegro,0,0,0,0,0,1,0,0,0,0,0,0,0,0,0,0,0,0,0
2023,montenegro,943,0,Unit root,-0.152055886,-0.178826761,-0.152055886,Montenegro,0,0,0,0,0,1,0,0,0,0,0,0,0,0,0,0,0,0,0
2024,montenegro,943,0,Unit root,-0.152055886,-0.178826761,-0.152055886,Montenegro,0,0,0,0,0,1,0,0,0,0,0,0,0,0,0,0,0,0,0
1977,netherlands,138,1,Unit root,-0.184012384,-0.017762377,-0.017762377,Netherlands,0,0,0,0,0,0,0,0,0,1,0,0,0,0,0,0,0,0,0
1977,netherlands,138,1,Unit root,-0.184012384,-0.017762377,-0.017762377,Netherlands, The,1,0,0,0,0,0,0,0,0,0,0,0,0,0,0,0,0,0,0
1978,netherlands,138,1,Unit root,-0.184012384,-0.017762377,-0.017762377,Netherlands,0,0,0,0,0,0,0,0,0,1,0,0,0,0,0,0,0,0,0
1978,netherlands,138,1,Unit root,-0.184012384,-0.017762377,-0.017762377,Netherlands, The,1,0,0,0,0,0,0,0,0,0,0,0,0,0,0,0,0,0,0
1979,netherlands,138,1,Unit root,-0.184012384,-0.017762377,-0.017762377,Netherlands,0,0,0,0,0,0,0,0,0,1,0,0,0,0,0,0,0,0,0
1979,netherlands,138,1,Unit root,-0.184012384,-0.017762377,-0.017762377,Netherlands, The,1,0,0,0,0,0,0,0,0,0,0,0,0,0,0,0,0,0,0
1980,netherlands,138,1,Unit root,-0.184012384,-0.017762377,-0.017762377,Netherlands,0,0,0,0,0,0,0,0,0,1,0,0,0,0,0,0,0,0,0
1980,netherlands,138,1,Unit root,-0.184012384,-0.017762377,-0.017762377,Netherlands, The,1,0,0,0,0,0,0,0,0,0,0,0,0,0,0,0,0,0,0
1981,netherlands,138,1,Unit root,-0.184012384,-0.017762377,-0.017762377,Netherlands,0,0,0,0,0,0,0,0,0,1,0,0,0,0,0,0,0,0,0
1981,netherlands,138,1,Unit root,-0.184012384,-0.017762377,-0.017762377,Netherlands, The,1,0,0,0,0,0,0,0,0,0,0,0,0,0,0,0,0,0,0
1982,netherlands,138,1,Unit root,-0.184012384,-0.017762377,-0.017762377,Netherlands,0,0,0,0,0,0,0,0,0,1,0,0,0,0,0,0,0,0,0
1982,netherlands,138,1,Unit root,-0.184012384,-0.017762377,-0.017762377,Netherlands, The,1,0,0,0,0,0,0,0,0,0,0,0,0,0,0,0,0,0,0
1983,netherlands,138,1,Unit root,-0.184012384,-0.017762377,-0.017762377,Netherlands,0,0,0,0,0,0,0,0,0,1,0,0,0,0,0,0,0,0,0
1983,netherlands,138,1,Unit root,-0.184012384,-0.017762377,-0.017762377,Netherlands, The,1,0,0,0,0,0,0,0,0,0,0,0,0,0,0,0,0,0,0
1984,netherlands,138,1,Unit root,-0.184012384,-0.017762377,-0.017762377,Netherlands,0,0,0,0,0,0,0,0,0,1,0,0,0,0,0,0,0,0,0
1984,netherlands,138,1,Unit root,-0.184012384,-0.017762377,-0.017762377,Netherlands, The,1,0,0,0,0,0,0,0,0,0,0,0,0,0,0,0,0,0,0
1985,netherlands,138,1,Unit root,-0.184012384,-0.017762377,-0.017762377,Netherlands,0,0,0,0,0,0,0,0,0,1,0,0,0,0,0,0,0,0,0
1985,netherlands,138,1,Unit root,-0.184012384,-0.017762377,-0.017762377,Netherlands, The,1,0,0,0,0,0,0,0,0,0,0,0,0,0,0,0,0,0,0
1986,netherlands,138,1,Unit root,-0.184012384,-0.017762377,-0.017762377,Netherlands,0,0,0,0,0,0,0,0,0,1,0,0,0,0,0,0,0,0,0
1986,netherlands,138,1,Unit root,-0.184012384,-0.017762377,-0.017762377,Netherlands, The,1,0,0,0,0,0,0,0,0,0,0,0,0,0,0,0,0,0,0
1987,netherlands,138,1,Unit root,-0.184012384,-0.017762377,-0.017762377,Netherlands,0,0,0,0,0,0,0,0,0,1,0,0,0,0,0,0,0,0,0
1987,netherlands,138,1,Unit root,-0.184012384,-0.017762377,-0.017762377,Netherlands, The,1,0,0,0,0,0,0,0,0,0,0,0,0,0,0,0,0,0,0
1988,netherlands,138,1,Unit root,-0.184012384,-0.017762377,-0.017762377,Netherlands,0,0,0,0,0,0,0,0,0,1,0,0,0,0,0,0,0,0,0
1988,netherlands,138,1,Unit root,-0.184012384,-0.017762377,-0.017762377,Netherlands, The,1,0,0,0,0,0,0,0,0,0,0,0,0,0,0,0,0,0,0
1989,netherlands,138,1,Unit root,-0.184012384,-0.017762377,-0.017762377,Netherlands,0,0,0,0,0,0,0,0,0,1,0,0,0,0,0,0,0,0,0
1989,netherlands,138,1,Unit root,-0.184012384,-0.017762377,-0.017762377,Netherlands, The,1,0,0,0,0,0,0,0,0,0,0,0,0,0,0,0,0,0,0
1990,netherlands,138,1,Unit root,-0.184012384,-0.017762377,-0.017762377,Netherlands,0,0,0,0,0,0,0,0,0,1,0,0,0,0,0,0,0,0,0
1990,netherlands,138,1,Unit root,-0.184012384,-0.017762377,-0.017762377,Netherlands, The,1,0,0,0,0,0,0,0,0,0,0,0,0,0,0,0,0,0,0
1991,netherlands,138,1,Unit root,-0.184012384,-0.017762377,-0.017762377,Netherlands,0,0,0,0,0,0,0,0,0,1,0,0,0,0,0,0,0,0,0
1991,netherlands,138,1,Unit root,-0.184012384,-0.017762377,-0.017762377,Netherlands, The,1,0,0,0,0,0,0,0,0,0,0,0,0,0,0,0,0,0,0
1992,netherlands,138,1,Unit root,-0.184012384,-0.017762377,-0.017762377,Netherlands,0,0,0,0,0,0,0,0,0,1,0,0,0,0,0,0,0,0,0
1992,netherlands,138,1,Unit root,-0.184012384,-0.017762377,-0.017762377,Netherlands, The,1,0,0,0,0,0,0,0,0,0,0,0,0,0,0,0,0,0,0
1993,netherlands,138,1,Unit root,-0.184012384,-0.017762377,-0.017762377,Netherlands,0,0,0,0,0,0,0,0,0,1,0,0,0,0,0,0,0,0,0
1993,netherlands,138,1,Unit root,-0.184012384,-0.017762377,-0.017762377,Netherlands, The,1,0,0,0,0,0,0,0,0,0,0,0,0,0,0,0,0,0,0
1994,netherlands,138,1,Unit root,-0.184012384,-0.017762377,-0.017762377,Netherlands,0,0,0,0,0,0,0,0,0,1,0,0,0,0,0,0,0,0,0
1994,netherlands,138,1,Unit root,-0.184012384,-0.017762377,-0.017762377,Netherlands, The,1,0,0,0,0,0,0,0,0,0,0,0,0,0,0,0,0,0,0
1995,netherlands,138,1,Unit root,-0.184012384,-0.017762377,-0.017762377,Netherlands,0,0,0,0,0,0,0,0,0,1,0,0,0,0,0,0,0,0,0
1995,netherlands,138,1,Unit root,-0.184012384,-0.017762377,-0.017762377,Netherlands, The,1,0,0,0,0,0,0,0,0,0,0,0,0,0,0,0,0,0,0
1996,netherlands,138,1,Unit root,-0.184012384,-0.017762377,-0.017762377,Netherlands,0,0,0,0,0,0,0,0,0,1,0,0,0,0,0,0,0,0,0
1996,netherlands,138,1,Unit root,-0.184012384,-0.017762377,-0.017762377,Netherlands, The,1,0,0,0,0,0,0,0,0,0,0,0,0,0,0,0,0,0,0
1997,netherlands,138,1,Unit root,-0.184012384,-0.017762377,-0.017762377,Netherlands,0,0,0,0,0,0,0,0,0,1,0,0,0,0,0,0,0,0,0
1997,netherlands,138,1,Unit root,-0.184012384,-0.017762377,-0.017762377,Netherlands, The,1,0,0,0,0,0,0,0,0,0,0,0,0,0,0,0,0,0,0
1998,netherlands,138,1,Unit root,-0.184012384,-0.017762377,-0.017762377,Netherlands,0,0,0,0,0,0,0,0,0,1,0,0,0,0,0,0,0,0,0
1998,netherlands,138,1,Unit root,-0.184012384,-0.017762377,-0.017762377,Netherlands, The,1,0,0,0,0,0,0,0,0,0,0,0,0,0,0,0,0,0,0
1999,netherlands,138,1,Unit root,-0.184012384,-0.017762377,-0.017762377,Netherlands,0,0,0,0,0,0,0,0,0,1,0,0,0,0,0,0,0,0,0
1999,netherlands,138,1,Unit root,-0.184012384,-0.017762377,-0.017762377,Netherlands, The,1,0,0,0,0,0,0,0,0,0,0,0,0,0,0,0,0,0,0
2000,netherlands,138,0,Unit root,-0.184012384,-0.017762377,-0.184012384,Netherlands,0,0,0,0,0,0,0,0,0,1,0,0,0,0,0,0,0,0,0
2000,netherlands,138,0,Unit root,-0.184012384,-0.017762377,-0.184012384,Netherlands, The,1,0,0,0,0,0,0,0,0,0,0,0,0,0,0,0,0,0,0
2001,netherlands,138,0,Unit root,-0.184012384,-0.017762377,-0.184012384,Netherlands,0,0,0,0,0,0,0,0,0,1,0,0,0,0,0,0,0,0,0
2001,netherlands,138,0,Unit root,-0.184012384,-0.017762377,-0.184012384,Netherlands, The,1,0,0,0,0,0,0,0,0,0,0,0,0,0,0,0,0,0,0
2002,netherlands,138,0,Unit root,-0.184012384,-0.017762377,-0.184012384,Netherlands,0,0,0,0,0,0,0,0,0,1,0,0,0,0,0,0,0,0,0
2002,netherlands,138,0,Unit root,-0.184012384,-0.017762377,-0.184012384,Netherlands, The,1,0,0,0,0,0,0,0,0,0,0,0,0,0,0,0,0,0,0
2003,netherlands,138,1,Unit root,-0.184012384,-0.017762377,-0.017762377,Netherlands,0,0,0,0,0,0,0,0,0,1,0,0,0,0,0,0,0,0,0
2003,netherlands,138,1,Unit root,-0.184012384,-0.017762377,-0.017762377,Netherlands, The,1,0,0,0,0,0,0,0,0,0,0,0,0,0,0,0,0,0,0
2004,netherlands,138,1,Unit root,-0.184012384,-0.017762377,-0.017762377,Netherlands,0,0,0,0,0,0,0,0,0,1,0,0,0,0,0,0,0,0,0
2004,netherlands,138,1,Unit root,-0.184012384,-0.017762377,-0.017762377,Netherlands, The,1,0,0,0,0,0,0,0,0,0,0,0,0,0,0,0,0,0,0
2005,netherlands,138,1,Unit root,-0.184012384,-0.017762377,-0.017762377,Netherlands,0,0,0,0,0,0,0,0,0,1,0,0,0,0,0,0,0,0,0
2005,netherlands,138,1,Unit root,-0.184012384,-0.017762377,-0.017762377,Netherlands, The,1,0,0,0,0,0,0,0,0,0,0,0,0,0,0,0,0,0,0
2006,netherlands,138,1,Unit root,-0.184012384,-0.017762377,-0.017762377,Netherlands,0,0,0,0,0,0,0,0,0,1,0,0,0,0,0,0,0,0,0
2006,netherlands,138,1,Unit root,-0.184012384,-0.017762377,-0.017762377,Netherlands, The,1,0,0,0,0,0,0,0,0,0,0,0,0,0,0,0,0,0,0
2007,netherlands,138,1,Unit root,-0.184012384,-0.017762377,-0.017762377,Netherlands,0,0,0,0,0,0,0,0,0,1,0,0,0,0,0,0,0,0,0
2007,netherlands,138,1,Unit root,-0.184012384,-0.017762377,-0.017762377,Netherlands, The,1,0,0,0,0,0,0,0,0,0,0,0,0,0,0,0,0,0,0
2008,netherlands,138,1,Unit root,-0.184012384,-0.017762377,-0.017762377,Netherlands,0,0,0,0,0,0,0,0,0,1,0,0,0,0,0,0,0,0,0
2008,netherlands,138,1,Unit root,-0.184012384,-0.017762377,-0.017762377,Netherlands, The,1,0,0,0,0,0,0,0,0,0,0,0,0,0,0,0,0,0,0
2009,netherlands,138,1,Unit root,-0.184012384,-0.017762377,-0.017762377,Netherlands,0,0,0,0,0,0,0,0,0,1,0,0,0,0,0,0,0,0,0
2009,netherlands,138,1,Unit root,-0.184012384,-0.017762377,-0.017762377,Netherlands, The,1,0,0,0,0,0,0,0,0,0,0,0,0,0,0,0,0,0,0
2010,netherlands,138,0,Unit root,-0.184012384,-0.017762377,-0.184012384,Netherlands,0,0,0,0,0,0,0,0,0,1,0,0,0,0,0,0,0,0,0
2010,netherlands,138,0,Unit root,-0.184012384,-0.017762377,-0.184012384,Netherlands, The,1,0,0,0,0,0,0,0,0,0,0,0,0,0,0,0,0,0,0
2011,netherlands,138,0,Unit root,-0.184012384,-0.017762377,-0.184012384,Netherlands,0,0,0,0,0,0,0,0,0,1,0,0,0,0,0,0,0,0,0
2011,netherlands,138,0,Unit root,-0.184012384,-0.017762377,-0.184012384,Netherlands, The,1,0,0,0,0,0,0,0,0,0,0,0,0,0,0,0,0,0,0
2012,netherlands,138,0,Unit root,-0.184012384,-0.017762377,-0.184012384,Netherlands,0,0,0,0,0,0,0,0,0,1,0,0,0,0,0,0,0,0,0
2012,netherlands,138,0,Unit root,-0.184012384,-0.017762377,-0.184012384,Netherlands, The,1,0,0,0,0,0,0,0,0,0,0,0,0,0,0,0,0,0,0
2013,netherlands,138,0,Unit root,-0.184012384,-0.017762377,-0.184012384,Netherlands,0,0,0,0,0,0,0,0,0,1,0,0,0,0,0,0,0,0,0
2013,netherlands,138,0,Unit root,-0.184012384,-0.017762377,-0.184012384,Netherlands, The,1,0,0,0,0,0,0,0,0,0,0,0,0,0,0,0,0,0,0
2014,netherlands,138,0,Unit root,-0.184012384,-0.017762377,-0.184012384,Netherlands,0,0,0,0,0,0,0,0,0,1,0,0,0,0,0,0,0,0,0
2014,netherlands,138,0,Unit root,-0.184012384,-0.017762377,-0.184012384,Netherlands, The,1,0,0,0,0,0,0,0,0,0,0,0,0,0,0,0,0,0,0
2015,netherlands,138,0,Unit root,-0.184012384,-0.017762377,-0.184012384,Netherlands,0,0,0,0,0,0,0,0,0,1,0,0,0,0,0,0,0,0,0
2015,netherlands,138,0,Unit root,-0.184012384,-0.017762377,-0.184012384,Netherlands, The,1,0,0,0,0,0,0,0,0,0,0,0,0,0,0,0,0,0,0
2016,netherlands,138,0,Unit root,-0.184012384,-0.017762377,-0.184012384,Netherlands,0,0,0,0,0,0,0,0,0,1,0,0,0,0,0,0,0,0,0
2016,netherlands,138,0,Unit root,-0.184012384,-0.017762377,-0.184012384,Netherlands, The,1,0,0,0,0,0,0,0,0,0,0,0,0,0,0,0,0,0,0
2017,netherlands,138,0,Unit root,-0.184012384,-0.017762377,-0.184012384,Netherlands,0,0,0,0,0,0,0,0,0,1,0,0,0,0,0,0,0,0,0
2017,netherlands,138,0,Unit root,-0.184012384,-0.017762377,-0.184012384,Netherlands, The,1,0,0,0,0,0,0,0,0,0,0,0,0,0,0,0,0,0,0
2018,netherlands,138,1,Unit root,-0.184012384,-0.017762377,-0.017762377,Netherlands,0,0,0,0,0,0,0,0,0,1,0,0,0,0,0,0,0,0,0
2018,netherlands,138,1,Unit root,-0.184012384,-0.017762377,-0.017762377,Netherlands, The,1,0,0,0,0,0,0,0,0,0,0,0,0,0,0,0,0,0,0
2019,netherlands,138,1,Unit root,-0.184012384,-0.017762377,-0.017762377,Netherlands,0,0,0,0,0,0,0,0,0,1,0,0,0,0,0,0,0,0,0
2019,netherlands,138,1,Unit root,-0.184012384,-0.017762377,-0.017762377,Netherlands, The,1,0,0,0,0,0,0,0,0,0,0,0,0,0,0,0,0,0,0
2020,netherlands,138,1,Unit root,-0.184012384,-0.017762377,-0.017762377,Netherlands,0,0,0,0,0,0,0,0,0,1,0,0,0,0,0,0,0,0,0
2020,netherlands,138,1,Unit root,-0.184012384,-0.017762377,-0.017762377,Netherlands, The,1,0,0,0,0,0,0,0,0,0,0,0,0,0,0,0,0,0,0
2021,netherlands,138,1,Unit root,-0.184012384,-0.017762377,-0.017762377,Netherlands,0,0,0,0,0,0,0,0,0,1,0,0,0,0,0,0,0,0,0
2021,netherlands,138,1,Unit root,-0.184012384,-0.017762377,-0.017762377,Netherlands, The,1,0,0,0,0,0,0,0,0,0,0,0,0,0,0,0,0,0,0
2022,netherlands,138,1,Unit root,-0.184012384,-0.017762377,-0.017762377,Netherlands,0,0,0,0,0,0,0,0,0,1,0,0,0,0,0,0,0,0,0
2022,netherlands,138,1,Unit root,-0.184012384,-0.017762377,-0.017762377,Netherlands, The,1,0,0,0,0,0,0,0,0,0,0,0,0,0,0,0,0,0,0
2023,netherlands,138,1,Unit root,-0.184012384,-0.017762377,-0.017762377,Netherlands,0,0,0,0,0,0,0,0,0,1,0,0,0,0,0,0,0,0,0
2023,netherlands,138,1,Unit root,-0.184012384,-0.017762377,-0.017762377,Netherlands, The,1,0,0,0,0,0,0,0,0,0,0,0,0,0,0,0,0,0,0
2024,netherlands,138,0,Unit root,-0.184012384,-0.017762377,-0.184012384,Netherlands,0,0,0,0,0,0,0,0,0,1,0,0,0,0,0,0,0,0,0
2024,netherlands,138,0,Unit root,-0.184012384,-0.017762377,-0.184012384,Netherlands, The,1,0,0,0,0,0,0,0,0,0,0,0,0,0,0,0,0,0,0
1980,new zealand,196,0,Stationary,-0.532208568,-0.103912514,-0.532208568,New Zealand,1,0,0,0,0,0,0,0,0,0,0,0,0,0,0,0,0,0,0
1981,new zealand,196,1,Stationary,-0.532208568,-0.103912514,-0.103912514,New Zealand,1,0,0,0,0,0,0,0,0,0,0,0,0,0,0,0,0,0,0
1982,new zealand,196,0,Stationary,-0.532208568,-0.103912514,-0.532208568,New Zealand,1,0,0,0,0,0,0,0,0,0,0,0,0,0,0,0,0,0,0
1983,new zealand,196,0,Stationary,-0.532208568,-0.103912514,-0.532208568,New Zealand,1,0,0,0,0,0,0,0,0,0,0,0,0,0,0,0,0,0,0
1984,new zealand,196,0,Stationary,-0.532208568,-0.103912514,-0.532208568,New Zealand,1,0,0,0,0,0,0,0,0,0,0,0,0,0,0,0,0,0,0
1985,new zealand,196,1,Stationary,-0.532208568,-0.103912514,-0.103912514,New Zealand,1,0,0,0,0,0,0,0,0,0,0,0,0,0,0,0,0,0,0
1986,new zealand,196,1,Stationary,-0.532208568,-0.103912514,-0.103912514,New Zealand,1,0,0,0,0,0,0,0,0,0,0,0,0,0,0,0,0,0,0
1987,new zealand,196,1,Stationary,-0.532208568,-0.103912514,-0.103912514,New Zealand,1,0,0,0,0,0,0,0,0,0,0,0,0,0,0,0,0,0,0
1988,new zealand,196,0,Stationary,-0.532208568,-0.103912514,-0.532208568,New Zealand,1,0,0,0,0,0,0,0,0,0,0,0,0,0,0,0,0,0,0
1989,new zealand,196,1,Stationary,-0.532208568,-0.103912514,-0.103912514,New Zealand,1,0,0,0,0,0,0,0,0,0,0,0,0,0,0,0,0,0,0
1990,new zealand,196,1,Stationary,-0.532208568,-0.103912514,-0.103912514,New Zealand,1,0,0,0,0,0,0,0,0,0,0,0,0,0,0,0,0,0,0
1991,new zealand,196,1,Stationary,-0.532208568,-0.103912514,-0.103912514,New Zealand,1,0,0,0,0,0,0,0,0,0,0,0,0,0,0,0,0,0,0
1992,new zealand,196,1,Stationary,-0.532208568,-0.103912514,-0.103912514,New Zealand,1,0,0,0,0,0,0,0,0,0,0,0,0,0,0,0,0,0,0
1993,new zealand,196,0,Stationary,-0.532208568,-0.103912514,-0.532208568,New Zealand,1,0,0,0,0,0,0,0,0,0,0,0,0,0,0,0,0,0,0
1994,new zealand,196,1,Stationary,-0.532208568,-0.103912514,-0.103912514,New Zealand,1,0,0,0,0,0,0,0,0,0,0,0,0,0,0,0,0,0,0
1995,new zealand,196,0,Stationary,-0.532208568,-0.103912514,-0.532208568,New Zealand,1,0,0,0,0,0,0,0,0,0,0,0,0,0,0,0,0,0,0
1996,new zealand,196,1,Stationary,-0.532208568,-0.103912514,-0.103912514,New Zealand,1,0,0,0,0,0,0,0,0,0,0,0,0,0,0,0,0,0,0
1997,new zealand,196,1,Stationary,-0.532208568,-0.103912514,-0.103912514,New Zealand,1,0,0,0,0,0,0,0,0,0,0,0,0,0,0,0,0,0,0
1998,new zealand,196,0,Stationary,-0.532208568,-0.103912514,-0.532208568,New Zealand,1,0,0,0,0,0,0,0,0,0,0,0,0,0,0,0,0,0,0
1999,new zealand,196,1,Stationary,-0.532208568,-0.103912514,-0.103912514,New Zealand,1,0,0,0,0,0,0,0,0,0,0,0,0,0,0,0,0,0,0
2000,new zealand,196,1,Stationary,-0.532208568,-0.103912514,-0.103912514,New Zealand,1,0,0,0,0,0,0,0,0,0,0,0,0,0,0,0,0,0,0
2001,new zealand,196,1,Stationary,-0.532208568,-0.103912514,-0.103912514,New Zealand,1,0,0,0,0,0,0,0,0,0,0,0,0,0,0,0,0,0,0
2002,new zealand,196,1,Stationary,-0.532208568,-0.103912514,-0.103912514,New Zealand,1,0,0,0,0,0,0,0,0,0,0,0,0,0,0,0,0,0,0
2003,new zealand,196,0,Stationary,-0.532208568,-0.103912514,-0.532208568,New Zealand,1,0,0,0,0,0,0,0,0,0,0,0,0,0,0,0,0,0,0
2004,new zealand,196,0,Stationary,-0.532208568,-0.103912514,-0.532208568,New Zealand,1,0,0,0,0,0,0,0,0,0,0,0,0,0,0,0,0,0,0
2005,new zealand,196,0,Stationary,-0.532208568,-0.103912514,-0.532208568,New Zealand,1,0,0,0,0,0,0,0,0,0,0,0,0,0,0,0,0,0,0
2006,new zealand,196,0,Stationary,-0.532208568,-0.103912514,-0.532208568,New Zealand,1,0,0,0,0,0,0,0,0,0,0,0,0,0,0,0,0,0,0
2007,new zealand,196,0,Stationary,-0.532208568,-0.103912514,-0.532208568,New Zealand,1,0,0,0,0,0,0,0,0,0,0,0,0,0,0,0,0,0,0
2008,new zealand,196,1,Stationary,-0.532208568,-0.103912514,-0.103912514,New Zealand,1,0,0,0,0,0,0,0,0,0,0,0,0,0,0,0,0,0,0
2009,new zealand,196,0,Stationary,-0.532208568,-0.103912514,-0.532208568,New Zealand,1,0,0,0,0,0,0,0,0,0,0,0,0,0,0,0,0,0,0
2010,new zealand,196,1,Stationary,-0.532208568,-0.103912514,-0.103912514,New Zealand,1,0,0,0,0,0,0,0,0,0,0,0,0,0,0,0,0,0,0
2011,new zealand,196,1,Stationary,-0.532208568,-0.103912514,-0.103912514,New Zealand,1,0,0,0,0,0,0,0,0,0,0,0,0,0,0,0,0,0,0
2012,new zealand,196,1,Stationary,-0.532208568,-0.103912514,-0.103912514,New Zealand,1,0,0,0,0,0,0,0,0,0,0,0,0,0,0,0,0,0,0
2013,new zealand,196,0,Stationary,-0.532208568,-0.103912514,-0.532208568,New Zealand,1,0,0,0,0,0,0,0,0,0,0,0,0,0,0,0,0,0,0
2014,new zealand,196,1,Stationary,-0.532208568,-0.103912514,-0.103912514,New Zealand,1,0,0,0,0,0,0,0,0,0,0,0,0,0,0,0,0,0,0
2015,new zealand,196,1,Stationary,-0.532208568,-0.103912514,-0.103912514,New Zealand,1,0,0,0,0,0,0,0,0,0,0,0,0,0,0,0,0,0,0
2016,new zealand,196,1,Stationary,-0.532208568,-0.103912514,-0.103912514,New Zealand,1,0,0,0,0,0,0,0,0,0,0,0,0,0,0,0,0,0,0
2017,new zealand,196,1,Stationary,-0.532208568,-0.103912514,-0.103912514,New Zealand,1,0,0,0,0,0,0,0,0,0,0,0,0,0,0,0,0,0,0
2018,new zealand,196,1,Stationary,-0.532208568,-0.103912514,-0.103912514,New Zealand,1,0,0,0,0,0,0,0,0,0,0,0,0,0,0,0,0,0,0
2019,new zealand,196,1,Stationary,-0.532208568,-0.103912514,-0.103912514,New Zealand,1,0,0,0,0,0,0,0,0,0,0,0,0,0,0,0,0,0,0
2020,new zealand,196,0,Stationary,-0.532208568,-0.103912514,-0.532208568,New Zealand,1,0,0,0,0,0,0,0,0,0,0,0,0,0,0,0,0,0,0
2021,new zealand,196,0,Stationary,-0.532208568,-0.103912514,-0.532208568,New Zealand,1,0,0,0,0,0,0,0,0,0,0,0,0,0,0,0,0,0,0
2022,new zealand,196,0,Stationary,-0.532208568,-0.103912514,-0.532208568,New Zealand,1,0,0,0,0,0,0,0,0,0,0,0,0,0,0,0,0,0,0
2023,new zealand,196,0,Stationary,-0.532208568,-0.103912514,-0.532208568,New Zealand,1,0,0,0,0,0,0,0,0,0,0,0,0,0,0,0,0,0,0
2024,new zealand,196,0,Stationary,-0.532208568,-0.103912514,-0.532208568,New Zealand,1,0,0,0,0,0,0,0,0,0,0,0,0,0,0,0,0,0,0
1975,norway,142,1,Stationary,-0.004001469,-0.170823675,-0.170823675,Norway,1,0,0,0,0,0,0,0,0,0,0,0,0,0,0,0,0,0,1
1976,norway,142,1,Stationary,-0.004001469,-0.170823675,-0.170823675,Norway,1,0,0,0,0,0,0,0,0,0,0,0,0,0,0,0,0,0,1
1977,norway,142,1,Stationary,-0.004001469,-0.170823675,-0.170823675,Norway,1,0,0,0,0,0,0,0,0,0,0,0,0,0,0,0,0,0,1
1978,norway,142,0,Unit root,-0.004001469,-0.170823675,-0.004001469,Norway,1,0,0,0,0,0,0,0,0,0,0,0,0,0,0,0,0,0,1
1979,norway,142,0,Unit root,-0.004001469,-0.170823675,-0.004001469,Norway,1,0,0,0,0,0,0,0,0,0,0,0,0,0,0,0,0,0,1
1980,norway,142,0,Unit root,-0.004001469,-0.170823675,-0.004001469,Norway,1,0,0,0,0,0,0,0,0,0,0,0,0,0,0,0,0,0,1
1981,norway,142,0,Unit root,-0.004001469,-0.170823675,-0.004001469,Norway,1,0,0,0,0,0,0,0,0,0,0,0,0,0,0,0,0,0,1
1982,norway,142,1,Stationary,-0.004001469,-0.170823675,-0.170823675,Norway,1,0,0,0,0,0,0,0,0,0,0,0,0,0,0,0,0,0,1
1983,norway,142,0,Unit root,-0.004001469,-0.170823675,-0.004001469,Norway,1,0,0,0,0,0,0,0,0,0,0,0,0,0,0,0,0,0,1
1984,norway,142,0,Unit root,-0.004001469,-0.170823675,-0.004001469,Norway,1,0,0,0,0,0,0,0,0,0,0,0,0,0,0,0,0,0,1
1985,norway,142,1,Stationary,-0.004001469,-0.170823675,-0.170823675,Norway,1,0,0,0,0,0,0,0,0,0,0,0,0,0,0,0,0,0,1
1986,norway,142,0,Unit root,-0.004001469,-0.170823675,-0.004001469,Norway,1,0,0,0,0,0,0,0,0,0,0,0,0,0,0,0,0,0,1
1987,norway,142,0,Unit root,-0.004001469,-0.170823675,-0.004001469,Norway,1,0,0,0,0,0,0,0,0,0,0,0,0,0,0,0,0,0,1
1988,norway,142,0,Unit root,-0.004001469,-0.170823675,-0.004001469,Norway,1,0,0,0,0,0,0,0,0,0,0,0,0,0,0,0,0,0,1
1989,norway,142,1,Stationary,-0.004001469,-0.170823675,-0.170823675,Norway,1,0,0,0,0,0,0,0,0,0,0,0,0,0,0,0,0,0,1
1990,norway,142,0,Unit root,-0.004001469,-0.170823675,-0.004001469,Norway,1,0,0,0,0,0,0,0,0,0,0,0,0,0,0,0,0,0,1
1991,norway,142,0,Unit root,-0.004001469,-0.170823675,-0.004001469,Norway,1,0,0,0,0,0,0,0,0,0,0,0,0,0,0,0,0,0,1
1992,norway,142,1,Stationary,-0.004001469,-0.170823675,-0.170823675,Norway,1,0,0,0,0,0,0,0,0,0,0,0,0,0,0,0,0,0,1
1993,norway,142,1,Stationary,-0.004001469,-0.170823675,-0.170823675,Norway,1,0,0,0,0,0,0,0,0,0,0,0,0,0,0,0,0,0,1
1994,norway,142,1,Stationary,-0.004001469,-0.170823675,-0.170823675,Norway,1,0,0,0,0,0,0,0,0,0,0,0,0,0,0,0,0,0,1
1995,norway,142,1,Stationary,-0.004001469,-0.170823675,-0.170823675,Norway,1,0,0,0,0,0,0,0,0,0,0,0,0,0,0,0,0,0,1
1996,norway,142,0,Unit root,-0.004001469,-0.170823675,-0.004001469,Norway,1,0,0,0,0,0,0,0,0,0,0,0,0,0,0,0,0,0,1
1997,norway,142,1,Stationary,-0.004001469,-0.170823675,-0.170823675,Norway,1,0,0,0,0,0,0,0,0,0,0,0,0,0,0,0,0,0,1
1998,norway,142,1,Stationary,-0.004001469,-0.170823675,-0.170823675,Norway,1,0,0,0,0,0,0,0,0,0,0,0,0,0,0,0,0,0,1
1999,norway,142,1,Stationary,-0.004001469,-0.170823675,-0.170823675,Norway,1,0,0,0,0,0,0,0,0,0,0,0,0,0,0,0,0,0,1
2000,norway,142,1,Stationary,-0.004001469,-0.170823675,-0.170823675,Norway,1,0,0,0,0,0,0,0,0,0,0,0,0,0,0,0,0,0,1
2001,norway,142,1,Stationary,-0.004001469,-0.170823675,-0.170823675,Norway,1,0,0,0,0,0,0,0,0,0,0,0,0,0,0,0,0,0,1
2002,norway,142,1,Stationary,-0.004001469,-0.170823675,-0.170823675,Norway,1,0,0,0,0,0,0,0,0,0,0,0,0,0,0,0,0,0,1
2003,norway,142,1,Stationary,-0.004001469,-0.170823675,-0.170823675,Norway,1,0,0,0,0,0,0,0,0,0,0,0,0,0,0,0,0,0,1
2004,norway,142,1,Stationary,-0.004001469,-0.170823675,-0.170823675,Norway,1,0,0,0,0,0,0,0,0,0,0,0,0,0,0,0,0,0,1
2005,norway,142,1,Stationary,-0.004001469,-0.170823675,-0.170823675,Norway,1,0,0,0,0,0,0,0,0,0,0,0,0,0,0,0,0,0,1
2006,norway,142,0,Unit root,-0.004001469,-0.170823675,-0.004001469,Norway,1,0,0,0,0,0,0,0,0,0,0,0,0,0,0,0,0,0,1
2007,norway,142,1,Stationary,-0.004001469,-0.170823675,-0.170823675,Norway,1,0,0,0,0,0,0,0,0,0,0,0,0,0,0,0,0,0,1
2008,norway,142,0,Unit root,-0.004001469,-0.170823675,-0.004001469,Norway,1,0,0,0,0,0,0,0,0,0,0,0,0,0,0,0,0,0,1
2009,norway,142,0,Unit root,-0.004001469,-0.170823675,-0.004001469,Norway,1,0,0,0,0,0,0,0,0,0,0,0,0,0,0,0,0,0,1
2010,norway,142,1,Stationary,-0.004001469,-0.170823675,-0.170823675,Norway,1,0,0,0,0,0,0,0,0,0,0,0,0,0,0,0,0,0,1
2011,norway,142,1,Stationary,-0.004001469,-0.170823675,-0.170823675,Norway,1,0,0,0,0,0,0,0,0,0,0,0,0,0,0,0,0,0,1
2012,norway,142,1,Stationary,-0.004001469,-0.170823675,-0.170823675,Norway,1,0,0,0,0,0,0,0,0,0,0,0,0,0,0,0,0,0,1
2013,norway,142,1,Stationary,-0.004001469,-0.170823675,-0.170823675,Norway,1,0,0,0,0,0,0,0,0,0,0,0,0,0,0,0,0,0,1
2014,norway,142,1,Stationary,-0.004001469,-0.170823675,-0.170823675,Norway,1,0,0,0,0,0,0,0,0,0,0,0,0,0,0,0,0,0,1
2015,norway,142,0,Unit root,-0.004001469,-0.170823675,-0.004001469,Norway,1,0,0,0,0,0,0,0,0,0,0,0,0,0,0,0,0,0,1
2016,norway,142,1,Stationary,-0.004001469,-0.170823675,-0.170823675,Norway,1,0,0,0,0,0,0,0,0,0,0,0,0,0,0,0,0,0,1
2017,norway,142,0,Unit root,-0.004001469,-0.170823675,-0.004001469,Norway,1,0,0,0,0,0,0,0,0,0,0,0,0,0,0,0,0,0,1
2018,norway,142,1,Stationary,-0.004001469,-0.170823675,-0.170823675,Norway,1,0,0,0,0,0,0,0,0,0,0,0,0,0,0,0,0,0,1
2019,norway,142,1,Stationary,-0.004001469,-0.170823675,-0.170823675,Norway,1,0,0,0,0,0,0,0,0,0,0,0,0,0,0,0,0,0,1
2020,norway,142,1,Stationary,-0.004001469,-0.170823675,-0.170823675,Norway,1,0,0,0,0,0,0,0,0,0,0,0,0,0,0,0,0,0,1
2021,norway,142,1,Stationary,-0.004001469,-0.170823675,-0.170823675,Norway,1,0,0,0,0,0,0,0,0,0,0,0,0,0,0,0,0,0,1
2022,norway,142,0,Unit root,-0.004001469,-0.170823675,-0.004001469,Norway,1,0,0,0,0,0,0,0,0,0,0,0,0,0,0,0,0,0,1
2023,norway,142,1,Stationary,-0.004001469,-0.170823675,-0.170823675,Norway,1,0,0,0,0,0,0,0,0,0,0,0,0,0,0,0,0,0,1
2024,norway,142,0,Unit root,-0.004001469,-0.170823675,-0.004001469,Norway,1,0,0,0,0,0,0,0,0,0,0,0,0,0,0,0,0,0,1
2000,paraguay,288,0,Unit root,-0.745996608,-0.6812391,-0.745996608,Paraguay,0,0,1,0,0,0,1,0,0,0,0,0,0,0,0,0,0,0,0
2001,paraguay,288,0,Unit root,-0.745996608,-0.6812391,-0.745996608,Paraguay,0,0,1,0,0,0,1,0,0,0,0,0,0,0,0,0,0,0,0
2002,paraguay,288,0,Unit root,-0.745996608,-0.6812391,-0.745996608,Paraguay,0,0,1,0,0,0,1,0,0,0,0,0,0,0,0,0,0,0,0
2003,paraguay,288,0,Unit root,-0.745996608,-0.6812391,-0.745996608,Paraguay,0,0,1,0,0,0,1,0,0,0,0,0,0,0,0,0,0,0,0
2004,paraguay,288,0,Unit root,-0.745996608,-0.6812391,-0.745996608,Paraguay,0,0,1,0,0,0,1,0,0,0,0,0,0,0,0,0,0,0,0
2005,paraguay,288,0,Unit root,-0.745996608,-0.6812391,-0.745996608,Paraguay,0,0,1,0,0,0,1,0,0,0,0,0,0,0,0,0,0,0,0
2006,paraguay,288,0,Unit root,-0.745996608,-0.6812391,-0.745996608,Paraguay,0,0,1,0,0,0,1,0,0,0,0,0,0,0,0,0,0,0,0
2007,paraguay,288,0,Unit root,-0.745996608,-0.6812391,-0.745996608,Paraguay,0,0,1,0,0,0,1,0,0,0,0,0,0,0,0,0,0,0,0
2008,paraguay,288,0,Unit root,-0.745996608,-0.6812391,-0.745996608,Paraguay,0,0,1,0,0,0,1,0,0,0,0,0,0,0,0,0,0,0,0
2009,paraguay,288,0,Unit root,-0.745996608,-0.6812391,-0.745996608,Paraguay,0,0,1,0,0,0,1,0,0,0,0,0,0,0,0,0,0,0,0
2010,paraguay,288,0,Unit root,-0.745996608,-0.6812391,-0.745996608,Paraguay,0,0,1,0,0,0,1,0,0,0,0,0,0,0,0,0,0,0,0
2011,paraguay,288,0,Unit root,-0.745996608,-0.6812391,-0.745996608,Paraguay,0,0,1,0,0,0,1,0,0,0,0,0,0,0,0,0,0,0,0
2012,paraguay,288,0,Unit root,-0.745996608,-0.6812391,-0.745996608,Paraguay,0,0,1,0,0,0,1,0,0,0,0,0,0,0,0,0,0,0,0
2013,paraguay,288,0,Unit root,-0.745996608,-0.6812391,-0.745996608,Paraguay,0,0,1,0,0,0,1,0,0,0,0,0,0,0,0,0,0,0,0
2014,paraguay,288,0,Unit root,-0.745996608,-0.6812391,-0.745996608,Paraguay,0,0,1,0,0,0,1,0,0,0,0,0,0,0,0,0,0,0,0
2015,paraguay,288,0,Unit root,-0.745996608,-0.6812391,-0.745996608,Paraguay,0,0,1,0,0,0,1,0,0,0,0,0,0,0,0,0,0,0,0
2016,paraguay,288,1,Unit root,-0.745996608,-0.6812391,-0.6812391,Paraguay,0,0,1,0,0,0,1,0,0,0,0,0,0,0,0,0,0,0,0
2017,paraguay,288,0,Unit root,-0.745996608,-0.6812391,-0.745996608,Paraguay,0,0,1,0,0,0,1,0,0,0,0,0,0,0,0,0,0,0,0
2018,paraguay,288,0,Unit root,-0.745996608,-0.6812391,-0.745996608,Paraguay,0,0,1,0,0,0,1,0,0,0,0,0,0,0,0,0,0,0,0
2019,paraguay,288,0,Unit root,-0.745996608,-0.6812391,-0.745996608,Paraguay,0,0,1,0,0,0,1,0,0,0,0,0,0,0,0,0,0,0,0
2020,paraguay,288,0,Unit root,-0.745996608,-0.6812391,-0.745996608,Paraguay,0,0,1,0,0,0,1,0,0,0,0,0,0,0,0,0,0,0,0
1979,peru,293,1,Unit root,-0.290219444,-0.359183726,-0.359183726,Peru,0,0,1,0,0,0,1,0,0,0,0,0,0,0,0,0,0,0,0
1980,peru,293,0,Stationary,-0.290219444,-0.359183726,-0.290219444,Peru,0,0,1,0,0,0,1,0,0,0,0,0,0,0,0,0,0,0,0
1981,peru,293,0,Stationary,-0.290219444,-0.359183726,-0.290219444,Peru,0,0,1,0,0,0,1,0,0,0,0,0,0,0,0,0,0,0,0
1982,peru,293,0,Stationary,-0.290219444,-0.359183726,-0.290219444,Peru,0,0,1,0,0,0,1,0,0,0,0,0,0,0,0,0,0,0,0
1983,peru,293,1,Unit root,-0.290219444,-0.359183726,-0.359183726,Peru,0,0,1,0,0,0,1,0,0,0,0,0,0,0,0,0,0,0,0
1984,peru,293,1,Unit root,-0.290219444,-0.359183726,-0.359183726,Peru,0,0,1,0,0,0,1,0,0,0,0,0,0,0,0,0,0,0,0
1985,peru,293,1,Unit root,-0.290219444,-0.359183726,-0.359183726,Peru,0,0,1,0,0,0,1,0,0,0,0,0,0,0,0,0,0,0,0
1986,peru,293,1,Unit root,-0.290219444,-0.359183726,-0.359183726,Peru,0,0,1,0,0,0,1,0,0,0,0,0,0,0,0,0,0,0,0
1987,peru,293,1,Unit root,-0.290219444,-0.359183726,-0.359183726,Peru,0,0,1,0,0,0,1,0,0,0,0,0,0,0,0,0,0,0,0
1988,peru,293,1,Unit root,-0.290219444,-0.359183726,-0.359183726,Peru,0,0,1,0,0,0,1,0,0,0,0,0,0,0,0,0,0,0,0
1989,peru,293,1,Unit root,-0.290219444,-0.359183726,-0.359183726,Peru,0,0,1,0,0,0,1,0,0,0,0,0,0,0,0,0,0,0,0
1990,peru,293,1,Unit root,-0.290219444,-0.359183726,-0.359183726,Peru,0,0,1,0,0,0,1,0,0,0,0,0,0,0,0,0,0,0,0
1991,peru,293,1,Unit root,-0.290219444,-0.359183726,-0.359183726,Peru,0,0,1,0,0,0,1,0,0,0,0,0,0,0,0,0,0,0,0
1992,peru,293,1,Unit root,-0.290219444,-0.359183726,-0.359183726,Peru,0,0,1,0,0,0,1,0,0,0,0,0,0,0,0,0,0,0,0
1993,peru,293,1,Unit root,-0.290219444,-0.359183726,-0.359183726,Peru,0,0,1,0,0,0,1,0,0,0,0,0,0,0,0,0,0,0,0
1994,peru,293,1,Unit root,-0.290219444,-0.359183726,-0.359183726,Peru,0,0,1,0,0,0,1,0,0,0,0,0,0,0,0,0,0,0,0
1995,peru,293,1,Unit root,-0.290219444,-0.359183726,-0.359183726,Peru,0,0,1,0,0,0,1,0,0,0,0,0,0,0,0,0,0,0,0
1996,peru,293,1,Unit root,-0.290219444,-0.359183726,-0.359183726,Peru,0,0,1,0,0,0,1,0,0,0,0,0,0,0,0,0,0,0,0
1997,peru,293,1,Unit root,-0.290219444,-0.359183726,-0.359183726,Peru,0,0,1,0,0,0,1,0,0,0,0,0,0,0,0,0,0,0,0
1998,peru,293,1,Unit root,-0.290219444,-0.359183726,-0.359183726,Peru,0,0,1,0,0,0,1,0,0,0,0,0,0,0,0,0,0,0,0
1999,peru,293,1,Unit root,-0.290219444,-0.359183726,-0.359183726,Peru,0,0,1,0,0,0,1,0,0,0,0,0,0,0,0,0,0,0,0
2000,peru,293,1,Unit root,-0.290219444,-0.359183726,-0.359183726,Peru,0,0,1,0,0,0,1,0,0,0,0,0,0,0,0,0,0,0,0
2001,peru,293,1,Unit root,-0.290219444,-0.359183726,-0.359183726,Peru,0,0,1,0,0,0,1,0,0,0,0,0,0,0,0,0,0,0,0
2002,peru,293,1,Unit root,-0.290219444,-0.359183726,-0.359183726,Peru,0,0,1,0,0,0,1,0,0,0,0,0,0,0,0,0,0,0,0
2003,peru,293,1,Unit root,-0.290219444,-0.359183726,-0.359183726,Peru,0,0,1,0,0,0,1,0,0,0,0,0,0,0,0,0,0,0,0
2004,peru,293,1,Unit root,-0.290219444,-0.359183726,-0.359183726,Peru,0,0,1,0,0,0,1,0,0,0,0,0,0,0,0,0,0,0,0
2005,peru,293,1,Unit root,-0.290219444,-0.359183726,-0.359183726,Peru,0,0,1,0,0,0,1,0,0,0,0,0,0,0,0,0,0,0,0
2006,peru,293,1,Unit root,-0.290219444,-0.359183726,-0.359183726,Peru,0,0,1,0,0,0,1,0,0,0,0,0,0,0,0,0,0,0,0
2007,peru,293,1,Unit root,-0.290219444,-0.359183726,-0.359183726,Peru,0,0,1,0,0,0,1,0,0,0,0,0,0,0,0,0,0,0,0
2008,peru,293,1,Unit root,-0.290219444,-0.359183726,-0.359183726,Peru,0,0,1,0,0,0,1,0,0,0,0,0,0,0,0,0,0,0,0
2009,peru,293,1,Unit root,-0.290219444,-0.359183726,-0.359183726,Peru,0,0,1,0,0,0,1,0,0,0,0,0,0,0,0,0,0,0,0
2010,peru,293,1,Unit root,-0.290219444,-0.359183726,-0.359183726,Peru,0,0,1,0,0,0,1,0,0,0,0,0,0,0,0,0,0,0,0
2011,peru,293,1,Unit root,-0.290219444,-0.359183726,-0.359183726,Peru,0,0,1,0,0,0,1,0,0,0,0,0,0,0,0,0,0,0,0
2012,peru,293,1,Unit root,-0.290219444,-0.359183726,-0.359183726,Peru,0,0,1,0,0,0,1,0,0,0,0,0,0,0,0,0,0,0,0
2013,peru,293,1,Unit root,-0.290219444,-0.359183726,-0.359183726,Peru,0,0,1,0,0,0,1,0,0,0,0,0,0,0,0,0,0,0,0
2014,peru,293,1,Unit root,-0.290219444,-0.359183726,-0.359183726,Peru,0,0,1,0,0,0,1,0,0,0,0,0,0,0,0,0,0,0,0
2015,peru,293,1,Unit root,-0.290219444,-0.359183726,-0.359183726,Peru,0,0,1,0,0,0,1,0,0,0,0,0,0,0,0,0,0,0,0
2016,peru,293,1,Unit root,-0.290219444,-0.359183726,-0.359183726,Peru,0,0,1,0,0,0,1,0,0,0,0,0,0,0,0,0,0,0,0
2017,peru,293,1,Unit root,-0.290219444,-0.359183726,-0.359183726,Peru,0,0,1,0,0,0,1,0,0,0,0,0,0,0,0,0,0,0,0
2018,peru,293,1,Unit root,-0.290219444,-0.359183726,-0.359183726,Peru,0,0,1,0,0,0,1,0,0,0,0,0,0,0,0,0,0,0,0
2019,peru,293,0,Stationary,-0.290219444,-0.359183726,-0.290219444,Peru,0,0,1,0,0,0,1,0,0,0,0,0,0,0,0,0,0,0,0
2020,peru,293,0,Stationary,-0.290219444,-0.359183726,-0.290219444,Peru,0,0,1,0,0,0,1,0,0,0,0,0,0,0,0,0,0,0,0
1977,philippines,566,0,Unit root,-0.522442284,0.000142914,-0.522442284,Philippines,0,0,1,0,1,0,0,0,0,0,0,0,0,0,0,0,0,0,0
1978,philippines,566,0,Unit root,-0.522442284,0.000142914,-0.522442284,Philippines,0,0,1,0,1,0,0,0,0,0,0,0,0,0,0,0,0,0,0
1979,philippines,566,0,Unit root,-0.522442284,0.000142914,-0.522442284,Philippines,0,0,1,0,1,0,0,0,0,0,0,0,0,0,0,0,0,0,0
1980,philippines,566,0,Unit root,-0.522442284,0.000142914,-0.522442284,Philippines,0,0,1,0,1,0,0,0,0,0,0,0,0,0,0,0,0,0,0
1981,philippines,566,0,Unit root,-0.522442284,0.000142914,-0.522442284,Philippines,0,0,1,0,1,0,0,0,0,0,0,0,0,0,0,0,0,0,0
1982,philippines,566,0,Unit root,-0.522442284,0.000142914,-0.522442284,Philippines,0,0,1,0,1,0,0,0,0,0,0,0,0,0,0,0,0,0,0
1983,philippines,566,1,Unit root,-0.522442284,0.000142914,0.000142914,Philippines,0,0,1,0,1,0,0,0,0,0,0,0,0,0,0,0,0,0,0
1984,philippines,566,1,Unit root,-0.522442284,0.000142914,0.000142914,Philippines,0,0,1,0,1,0,0,0,0,0,0,0,0,0,0,0,0,0,0
1985,philippines,566,1,Unit root,-0.522442284,0.000142914,0.000142914,Philippines,0,0,1,0,1,0,0,0,0,0,0,0,0,0,0,0,0,0,0
1986,philippines,566,1,Unit root,-0.522442284,0.000142914,0.000142914,Philippines,0,0,1,0,1,0,0,0,0,0,0,0,0,0,0,0,0,0,0
1987,philippines,566,0,Unit root,-0.522442284,0.000142914,-0.522442284,Philippines,0,0,1,0,1,0,0,0,0,0,0,0,0,0,0,0,0,0,0
1988,philippines,566,0,Unit root,-0.522442284,0.000142914,-0.522442284,Philippines,0,0,1,0,1,0,0,0,0,0,0,0,0,0,0,0,0,0,0
1989,philippines,566,0,Unit root,-0.522442284,0.000142914,-0.522442284,Philippines,0,0,1,0,1,0,0,0,0,0,0,0,0,0,0,0,0,0,0
1990,philippines,566,1,Unit root,-0.522442284,0.000142914,0.000142914,Philippines,0,0,1,0,1,0,0,0,0,0,0,0,0,0,0,0,0,0,0
1991,philippines,566,1,Unit root,-0.522442284,0.000142914,0.000142914,Philippines,0,0,1,0,1,0,0,0,0,0,0,0,0,0,0,0,0,0,0
1992,philippines,566,0,Unit root,-0.522442284,0.000142914,-0.522442284,Philippines,0,0,1,0,1,0,0,0,0,0,0,0,0,0,0,0,0,0,0
1993,philippines,566,0,Unit root,-0.522442284,0.000142914,-0.522442284,Philippines,0,0,1,0,1,0,0,0,0,0,0,0,0,0,0,0,0,0,0
1994,philippines,566,0,Unit root,-0.522442284,0.000142914,-0.522442284,Philippines,0,0,1,0,1,0,0,0,0,0,0,0,0,0,0,0,0,0,0
1995,philippines,566,0,Unit root,-0.522442284,0.000142914,-0.522442284,Philippines,0,0,1,0,1,0,0,0,0,0,0,0,0,0,0,0,0,0,0
1996,philippines,566,0,Unit root,-0.522442284,0.000142914,-0.522442284,Philippines,0,0,1,0,1,0,0,0,0,0,0,0,0,0,0,0,0,0,0
1997,philippines,566,1,Unit root,-0.522442284,0.000142914,0.000142914,Philippines,0,0,1,0,1,0,0,0,0,0,0,0,0,0,0,0,0,0,0
1998,philippines,566,1,Unit root,-0.522442284,0.000142914,0.000142914,Philippines,0,0,1,0,1,0,0,0,0,0,0,0,0,0,0,0,0,0,0
1999,philippines,566,1,Unit root,-0.522442284,0.000142914,0.000142914,Philippines,0,0,1,0,1,0,0,0,0,0,0,0,0,0,0,0,0,0,0
2000,philippines,566,1,Unit root,-0.522442284,0.000142914,0.000142914,Philippines,0,0,1,0,1,0,0,0,0,0,0,0,0,0,0,0,0,0,0
2001,philippines,566,1,Unit root,-0.522442284,0.000142914,0.000142914,Philippines,0,0,1,0,1,0,0,0,0,0,0,0,0,0,0,0,0,0,0
2002,philippines,566,1,Unit root,-0.522442284,0.000142914,0.000142914,Philippines,0,0,1,0,1,0,0,0,0,0,0,0,0,0,0,0,0,0,0
2003,philippines,566,1,Unit root,-0.522442284,0.000142914,0.000142914,Philippines,0,0,1,0,1,0,0,0,0,0,0,0,0,0,0,0,0,0,0
2004,philippines,566,0,Unit root,-0.522442284,0.000142914,-0.522442284,Philippines,0,0,1,0,1,0,0,0,0,0,0,0,0,0,0,0,0,0,0
2005,philippines,566,0,Unit root,-0.522442284,0.000142914,-0.522442284,Philippines,0,0,1,0,1,0,0,0,0,0,0,0,0,0,0,0,0,0,0
2006,philippines,566,0,Unit root,-0.522442284,0.000142914,-0.522442284,Philippines,0,0,1,0,1,0,0,0,0,0,0,0,0,0,0,0,0,0,0
2007,philippines,566,0,Unit root,-0.522442284,0.000142914,-0.522442284,Philippines,0,0,1,0,1,0,0,0,0,0,0,0,0,0,0,0,0,0,0
2008,philippines,566,0,Unit root,-0.522442284,0.000142914,-0.522442284,Philippines,0,0,1,0,1,0,0,0,0,0,0,0,0,0,0,0,0,0,0
2009,philippines,566,0,Unit root,-0.522442284,0.000142914,-0.522442284,Philippines,0,0,1,0,1,0,0,0,0,0,0,0,0,0,0,0,0,0,0
2010,philippines,566,0,Unit root,-0.522442284,0.000142914,-0.522442284,Philippines,0,0,1,0,1,0,0,0,0,0,0,0,0,0,0,0,0,0,0
2011,philippines,566,0,Unit root,-0.522442284,0.000142914,-0.522442284,Philippines,0,0,1,0,1,0,0,0,0,0,0,0,0,0,0,0,0,0,0
2012,philippines,566,0,Unit root,-0.522442284,0.000142914,-0.522442284,Philippines,0,0,1,0,1,0,0,0,0,0,0,0,0,0,0,0,0,0,0
2013,philippines,566,0,Unit root,-0.522442284,0.000142914,-0.522442284,Philippines,0,0,1,0,1,0,0,0,0,0,0,0,0,0,0,0,0,0,0
2014,philippines,566,0,Unit root,-0.522442284,0.000142914,-0.522442284,Philippines,0,0,1,0,1,0,0,0,0,0,0,0,0,0,0,0,0,0,0
2015,philippines,566,0,Unit root,-0.522442284,0.000142914,-0.522442284,Philippines,0,0,1,0,1,0,0,0,0,0,0,0,0,0,0,0,0,0,0
2016,philippines,566,0,Unit root,-0.522442284,0.000142914,-0.522442284,Philippines,0,0,1,0,1,0,0,0,0,0,0,0,0,0,0,0,0,0,0
2017,philippines,566,0,Unit root,-0.522442284,0.000142914,-0.522442284,Philippines,0,0,1,0,1,0,0,0,0,0,0,0,0,0,0,0,0,0,0
2018,philippines,566,0,Unit root,-0.522442284,0.000142914,-0.522442284,Philippines,0,0,1,0,1,0,0,0,0,0,0,0,0,0,0,0,0,0,0
2019,philippines,566,0,Unit root,-0.522442284,0.000142914,-0.522442284,Philippines,0,0,1,0,1,0,0,0,0,0,0,0,0,0,0,0,0,0,0
2020,philippines,566,0,Unit root,-0.522442284,0.000142914,-0.522442284,Philippines,0,0,1,0,1,0,0,0,0,0,0,0,0,0,0,0,0,0,0
1985,poland,964,1,Unit root,-0.061289821,-0.344067678,-0.344067678,Poland,0,0,1,0,0,1,0,0,0,0,0,0,0,0,0,0,0,0,0
1986,poland,964,1,Unit root,-0.061289821,-0.344067678,-0.344067678,Poland,0,0,1,0,0,1,0,0,0,0,0,0,0,0,0,0,0,0,0
1987,poland,964,1,Unit root,-0.061289821,-0.344067678,-0.344067678,Poland,0,0,1,0,0,1,0,0,0,0,0,0,0,0,0,0,0,0,0
1988,poland,964,1,Unit root,-0.061289821,-0.344067678,-0.344067678,Poland,0,0,1,0,0,1,0,0,0,0,0,0,0,0,0,0,0,0,0
1989,poland,964,1,Unit root,-0.061289821,-0.344067678,-0.344067678,Poland,0,0,1,0,0,1,0,0,0,0,0,0,0,0,0,0,0,0,0
1990,poland,964,1,Unit root,-0.061289821,-0.344067678,-0.344067678,Poland,0,0,1,0,0,1,0,0,0,0,0,0,0,0,0,0,0,0,0
1991,poland,964,1,Unit root,-0.061289821,-0.344067678,-0.344067678,Poland,0,0,1,0,0,1,0,0,0,0,0,0,0,0,0,0,0,0,0
1992,poland,964,0,Unit root,-0.061289821,-0.344067678,-0.061289821,Poland,0,0,1,0,0,1,0,0,0,0,0,0,0,0,0,0,0,0,0
1993,poland,964,1,Unit root,-0.061289821,-0.344067678,-0.344067678,Poland,0,0,1,0,0,1,0,0,0,0,0,0,0,0,0,0,0,0,0
1994,poland,964,1,Unit root,-0.061289821,-0.344067678,-0.344067678,Poland,0,0,1,0,0,1,0,0,0,0,0,0,0,0,0,0,0,0,0
1995,poland,964,1,Unit root,-0.061289821,-0.344067678,-0.344067678,Poland,0,0,1,0,0,1,0,0,0,0,0,0,0,0,0,0,0,0,0
1996,poland,964,1,Unit root,-0.061289821,-0.344067678,-0.344067678,Poland,0,0,1,0,0,1,0,0,0,0,0,0,0,0,0,0,0,0,0
1997,poland,964,1,Unit root,-0.061289821,-0.344067678,-0.344067678,Poland,0,0,1,0,0,1,0,0,0,0,0,0,0,0,0,0,0,0,0
1998,poland,964,1,Unit root,-0.061289821,-0.344067678,-0.344067678,Poland,0,0,1,0,0,1,0,0,0,0,0,0,0,0,0,0,0,0,0
1999,poland,964,1,Unit root,-0.061289821,-0.344067678,-0.344067678,Poland,0,0,1,0,0,1,0,0,0,0,0,0,0,0,0,0,0,0,0
2000,poland,964,1,Unit root,-0.061289821,-0.344067678,-0.344067678,Poland,0,0,1,0,0,1,0,0,0,0,0,0,0,0,0,0,0,0,0
2001,poland,964,1,Unit root,-0.061289821,-0.344067678,-0.344067678,Poland,0,0,1,0,0,1,0,0,0,0,0,0,0,0,0,0,0,0,0
2002,poland,964,1,Unit root,-0.061289821,-0.344067678,-0.344067678,Poland,0,0,1,0,0,1,0,0,0,0,0,0,0,0,0,0,0,0,0
2003,poland,964,1,Unit root,-0.061289821,-0.344067678,-0.344067678,Poland,0,0,1,0,0,1,0,0,0,0,0,0,0,0,0,0,0,0,0
2004,poland,964,1,Unit root,-0.061289821,-0.344067678,-0.344067678,Poland,0,0,1,0,0,1,0,0,0,0,0,0,0,0,0,0,0,0,0
2005,poland,964,1,Unit root,-0.061289821,-0.344067678,-0.344067678,Poland,0,0,1,0,0,1,0,0,0,0,0,0,0,0,0,0,0,0,0
2006,poland,964,1,Unit root,-0.061289821,-0.344067678,-0.344067678,Poland,0,0,1,0,0,1,0,0,0,0,0,0,0,0,0,0,0,0,0
2007,poland,964,1,Unit root,-0.061289821,-0.344067678,-0.344067678,Poland,0,0,1,0,0,1,0,0,0,0,0,0,0,0,0,0,0,0,0
2008,poland,964,1,Unit root,-0.061289821,-0.344067678,-0.344067678,Poland,0,0,1,0,0,1,0,0,0,0,0,0,0,0,0,0,0,0,0
2009,poland,964,1,Unit root,-0.061289821,-0.344067678,-0.344067678,Poland,0,0,1,0,0,1,0,0,0,0,0,0,0,0,0,0,0,0,0
2010,poland,964,1,Unit root,-0.061289821,-0.344067678,-0.344067678,Poland,0,0,1,0,0,1,0,0,0,0,0,0,0,0,0,0,0,0,0
2011,poland,964,1,Unit root,-0.061289821,-0.344067678,-0.344067678,Poland,0,0,1,0,0,1,0,0,0,0,0,0,0,0,0,0,0,0,0
2012,poland,964,1,Unit root,-0.061289821,-0.344067678,-0.344067678,Poland,0,0,1,0,0,1,0,0,0,0,0,0,0,0,0,0,0,0,0
2013,poland,964,1,Unit root,-0.061289821,-0.344067678,-0.344067678,Poland,0,0,1,0,0,1,0,0,0,0,0,0,0,0,0,0,0,0,0
2014,poland,964,1,Unit root,-0.061289821,-0.344067678,-0.344067678,Poland,0,0,1,0,0,1,0,0,0,0,0,0,0,0,0,0,0,0,0
2015,poland,964,1,Unit root,-0.061289821,-0.344067678,-0.344067678,Poland,0,0,1,0,0,1,0,0,0,0,0,0,0,0,0,0,0,0,0
2016,poland,964,1,Unit root,-0.061289821,-0.344067678,-0.344067678,Poland,0,0,1,0,0,1,0,0,0,0,0,0,0,0,0,0,0,0,0
2017,poland,964,1,Unit root,-0.061289821,-0.344067678,-0.344067678,Poland,0,0,1,0,0,1,0,0,0,0,0,0,0,0,0,0,0,0,0
2018,poland,964,1,Unit root,-0.061289821,-0.344067678,-0.344067678,Poland,0,0,1,0,0,1,0,0,0,0,0,0,0,0,0,0,0,0,0
2019,poland,964,1,Unit root,-0.061289821,-0.344067678,-0.344067678,Poland,0,0,1,0,0,1,0,0,0,0,0,0,0,0,0,0,0,0,0
2020,poland,964,1,Unit root,-0.061289821,-0.344067678,-0.344067678,Poland,0,0,1,0,0,1,0,0,0,0,0,0,0,0,0,0,0,0,0
2021,poland,964,1,Unit root,-0.061289821,-0.344067678,-0.344067678,Poland,0,0,1,0,0,1,0,0,0,0,0,0,0,0,0,0,0,0,0
2022,poland,964,1,Unit root,-0.061289821,-0.344067678,-0.344067678,Poland,0,0,1,0,0,1,0,0,0,0,0,0,0,0,0,0,0,0,0
2023,poland,964,1,Unit root,-0.061289821,-0.344067678,-0.344067678,Poland,0,0,1,0,0,1,0,0,0,0,0,0,0,0,0,0,0,0,0
2024,poland,964,0,Unit root,-0.061289821,-0.344067678,-0.061289821,Poland,0,0,1,0,0,1,0,0,0,0,0,0,0,0,0,0,0,0,0
1977,portugal,182,1,Unit root,-0.18640903,0.007082771,0.007082771,Portugal,1,0,0,0,0,0,0,0,0,1,0,0,0,0,0,0,0,0,0
1978,portugal,182,0,Stationary,-0.18640903,0.007082771,-0.18640903,Portugal,1,0,0,0,0,0,0,0,0,1,0,0,0,0,0,0,0,0,0
1979,portugal,182,1,Unit root,-0.18640903,0.007082771,0.007082771,Portugal,1,0,0,0,0,0,0,0,0,1,0,0,0,0,0,0,0,0,0
1980,portugal,182,0,Stationary,-0.18640903,0.007082771,-0.18640903,Portugal,1,0,0,0,0,0,0,0,0,1,0,0,0,0,0,0,0,0,0
1981,portugal,182,1,Unit root,-0.18640903,0.007082771,0.007082771,Portugal,1,0,0,0,0,0,0,0,0,1,0,0,0,0,0,0,0,0,0
1982,portugal,182,1,Unit root,-0.18640903,0.007082771,0.007082771,Portugal,1,0,0,0,0,0,0,0,0,1,0,0,0,0,0,0,0,0,0
1983,portugal,182,1,Unit root,-0.18640903,0.007082771,0.007082771,Portugal,1,0,0,0,0,0,0,0,0,1,0,0,0,0,0,0,0,0,0
1984,portugal,182,1,Unit root,-0.18640903,0.007082771,0.007082771,Portugal,1,0,0,0,0,0,0,0,0,1,0,0,0,0,0,0,0,0,0
1985,portugal,182,0,Stationary,-0.18640903,0.007082771,-0.18640903,Portugal,1,0,0,0,0,0,0,0,0,1,0,0,0,0,0,0,0,0,0
1986,portugal,182,0,Stationary,-0.18640903,0.007082771,-0.18640903,Portugal,1,0,0,0,0,0,0,0,0,1,0,0,0,0,0,0,0,0,0
1987,portugal,182,0,Stationary,-0.18640903,0.007082771,-0.18640903,Portugal,1,0,0,0,0,0,0,0,0,1,0,0,0,0,0,0,0,0,0
1988,portugal,182,0,Stationary,-0.18640903,0.007082771,-0.18640903,Portugal,1,0,0,0,0,0,0,0,0,1,0,0,0,0,0,0,0,0,0
1989,portugal,182,0,Stationary,-0.18640903,0.007082771,-0.18640903,Portugal,1,0,0,0,0,0,0,0,0,1,0,0,0,0,0,0,0,0,0
1990,portugal,182,0,Stationary,-0.18640903,0.007082771,-0.18640903,Portugal,1,0,0,0,0,0,0,0,0,1,0,0,0,0,0,0,0,0,0
1991,portugal,182,0,Stationary,-0.18640903,0.007082771,-0.18640903,Portugal,1,0,0,0,0,0,0,0,0,1,0,0,0,0,0,0,0,0,0
1992,portugal,182,0,Stationary,-0.18640903,0.007082771,-0.18640903,Portugal,1,0,0,0,0,0,0,0,0,1,0,0,0,0,0,0,0,0,0
1993,portugal,182,1,Unit root,-0.18640903,0.007082771,0.007082771,Portugal,1,0,0,0,0,0,0,0,0,1,0,0,0,0,0,0,0,0,0
1994,portugal,182,0,Stationary,-0.18640903,0.007082771,-0.18640903,Portugal,1,0,0,0,0,0,0,0,0,1,0,0,0,0,0,0,0,0,0
1995,portugal,182,0,Stationary,-0.18640903,0.007082771,-0.18640903,Portugal,1,0,0,0,0,0,0,0,0,1,0,0,0,0,0,0,0,0,0
1996,portugal,182,0,Stationary,-0.18640903,0.007082771,-0.18640903,Portugal,1,0,0,0,0,0,0,0,0,1,0,0,0,0,0,0,0,0,0
1997,portugal,182,0,Stationary,-0.18640903,0.007082771,-0.18640903,Portugal,1,0,0,0,0,0,0,0,0,1,0,0,0,0,0,0,0,0,0
1998,portugal,182,0,Stationary,-0.18640903,0.007082771,-0.18640903,Portugal,1,0,0,0,0,0,0,0,0,1,0,0,0,0,0,0,0,0,0
1999,portugal,182,0,Stationary,-0.18640903,0.007082771,-0.18640903,Portugal,1,0,0,0,0,0,0,0,0,1,0,0,0,0,0,0,0,0,0
2000,portugal,182,0,Stationary,-0.18640903,0.007082771,-0.18640903,Portugal,1,0,0,0,0,0,0,0,0,1,0,0,0,0,0,0,0,0,0
2001,portugal,182,0,Stationary,-0.18640903,0.007082771,-0.18640903,Portugal,1,0,0,0,0,0,0,0,0,1,0,0,0,0,0,0,0,0,0
2002,portugal,182,0,Stationary,-0.18640903,0.007082771,-0.18640903,Portugal,1,0,0,0,0,0,0,0,0,1,0,0,0,0,0,0,0,0,0
2003,portugal,182,0,Stationary,-0.18640903,0.007082771,-0.18640903,Portugal,1,0,0,0,0,0,0,0,0,1,0,0,0,0,0,0,0,0,0
2004,portugal,182,0,Stationary,-0.18640903,0.007082771,-0.18640903,Portugal,1,0,0,0,0,0,0,0,0,1,0,0,0,0,0,0,0,0,0
2005,portugal,182,0,Stationary,-0.18640903,0.007082771,-0.18640903,Portugal,1,0,0,0,0,0,0,0,0,1,0,0,0,0,0,0,0,0,0
2006,portugal,182,0,Stationary,-0.18640903,0.007082771,-0.18640903,Portugal,1,0,0,0,0,0,0,0,0,1,0,0,0,0,0,0,0,0,0
2007,portugal,182,0,Stationary,-0.18640903,0.007082771,-0.18640903,Portugal,1,0,0,0,0,0,0,0,0,1,0,0,0,0,0,0,0,0,0
2008,portugal,182,0,Stationary,-0.18640903,0.007082771,-0.18640903,Portugal,1,0,0,0,0,0,0,0,0,1,0,0,0,0,0,0,0,0,0
2009,portugal,182,0,Stationary,-0.18640903,0.007082771,-0.18640903,Portugal,1,0,0,0,0,0,0,0,0,1,0,0,0,0,0,0,0,0,0
2010,portugal,182,1,Unit root,-0.18640903,0.007082771,0.007082771,Portugal,1,0,0,0,0,0,0,0,0,1,0,0,0,0,0,0,0,0,0
2011,portugal,182,1,Unit root,-0.18640903,0.007082771,0.007082771,Portugal,1,0,0,0,0,0,0,0,0,1,0,0,0,0,0,0,0,0,0
2012,portugal,182,1,Unit root,-0.18640903,0.007082771,0.007082771,Portugal,1,0,0,0,0,0,0,0,0,1,0,0,0,0,0,0,0,0,0
2013,portugal,182,0,Stationary,-0.18640903,0.007082771,-0.18640903,Portugal,1,0,0,0,0,0,0,0,0,1,0,0,0,0,0,0,0,0,0
2014,portugal,182,0,Stationary,-0.18640903,0.007082771,-0.18640903,Portugal,1,0,0,0,0,0,0,0,0,1,0,0,0,0,0,0,0,0,0
2015,portugal,182,0,Stationary,-0.18640903,0.007082771,-0.18640903,Portugal,1,0,0,0,0,0,0,0,0,1,0,0,0,0,0,0,0,0,0
2016,portugal,182,0,Stationary,-0.18640903,0.007082771,-0.18640903,Portugal,1,0,0,0,0,0,0,0,0,1,0,0,0,0,0,0,0,0,0
2017,portugal,182,0,Stationary,-0.18640903,0.007082771,-0.18640903,Portugal,1,0,0,0,0,0,0,0,0,1,0,0,0,0,0,0,0,0,0
2018,portugal,182,0,Stationary,-0.18640903,0.007082771,-0.18640903,Portugal,1,0,0,0,0,0,0,0,0,1,0,0,0,0,0,0,0,0,0
2019,portugal,182,0,Stationary,-0.18640903,0.007082771,-0.18640903,Portugal,1,0,0,0,0,0,0,0,0,1,0,0,0,0,0,0,0,0,0
2020,portugal,182,0,Stationary,-0.18640903,0.007082771,-0.18640903,Portugal,1,0,0,0,0,0,0,0,0,1,0,0,0,0,0,0,0,0,0
2021,portugal,182,0,Stationary,-0.18640903,0.007082771,-0.18640903,Portugal,1,0,0,0,0,0,0,0,0,1,0,0,0,0,0,0,0,0,0
2022,portugal,182,0,Stationary,-0.18640903,0.007082771,-0.18640903,Portugal,1,0,0,0,0,0,0,0,0,1,0,0,0,0,0,0,0,0,0
2023,portugal,182,0,Stationary,-0.18640903,0.007082771,-0.18640903,Portugal,1,0,0,0,0,0,0,0,0,1,0,0,0,0,0,0,0,0,0
2024,portugal,182,0,Stationary,-0.18640903,0.007082771,-0.18640903,Portugal,1,0,0,0,0,0,0,0,0,1,0,0,0,0,0,0,0,0,0
1991,romania,968,0,Stationary,-0.348503257,0.002110314,-0.348503257,Romania,0,0,1,0,0,1,0,0,0,0,0,0,0,0,0,0,0,0,0
1992,romania,968,1,Unit root,-0.348503257,0.002110314,0.002110314,Romania,0,0,1,0,0,1,0,0,0,0,0,0,0,0,0,0,0,0,0
1993,romania,968,1,Unit root,-0.348503257,0.002110314,0.002110314,Romania,0,0,1,0,0,1,0,0,0,0,0,0,0,0,0,0,0,0,0
1994,romania,968,0,Stationary,-0.348503257,0.002110314,-0.348503257,Romania,0,0,1,0,0,1,0,0,0,0,0,0,0,0,0,0,0,0,0
1995,romania,968,1,Unit root,-0.348503257,0.002110314,0.002110314,Romania,0,0,1,0,0,1,0,0,0,0,0,0,0,0,0,0,0,0,0
1996,romania,968,1,Unit root,-0.348503257,0.002110314,0.002110314,Romania,0,0,1,0,0,1,0,0,0,0,0,0,0,0,0,0,0,0,0
1997,romania,968,0,Stationary,-0.348503257,0.002110314,-0.348503257,Romania,0,0,1,0,0,1,0,0,0,0,0,0,0,0,0,0,0,0,0
1998,romania,968,1,Unit root,-0.348503257,0.002110314,0.002110314,Romania,0,0,1,0,0,1,0,0,0,0,0,0,0,0,0,0,0,0,0
1999,romania,968,0,Stationary,-0.348503257,0.002110314,-0.348503257,Romania,0,0,1,0,0,1,0,0,0,0,0,0,0,0,0,0,0,0,0
2000,romania,968,0,Stationary,-0.348503257,0.002110314,-0.348503257,Romania,0,0,1,0,0,1,0,0,0,0,0,0,0,0,0,0,0,0,0
2001,romania,968,1,Unit root,-0.348503257,0.002110314,0.002110314,Romania,0,0,1,0,0,1,0,0,0,0,0,0,0,0,0,0,0,0,0
2002,romania,968,0,Stationary,-0.348503257,0.002110314,-0.348503257,Romania,0,0,1,0,0,1,0,0,0,0,0,0,0,0,0,0,0,0,0
2003,romania,968,0,Stationary,-0.348503257,0.002110314,-0.348503257,Romania,0,0,1,0,0,1,0,0,0,0,0,0,0,0,0,0,0,0,0
2004,romania,968,0,Stationary,-0.348503257,0.002110314,-0.348503257,Romania,0,0,1,0,0,1,0,0,0,0,0,0,0,0,0,0,0,0,0
2005,romania,968,0,Stationary,-0.348503257,0.002110314,-0.348503257,Romania,0,0,1,0,0,1,0,0,0,0,0,0,0,0,0,0,0,0,0
2006,romania,968,0,Stationary,-0.348503257,0.002110314,-0.348503257,Romania,0,0,1,0,0,1,0,0,0,0,0,0,0,0,0,0,0,0,0
2007,romania,968,1,Unit root,-0.348503257,0.002110314,0.002110314,Romania,0,0,1,0,0,1,0,0,0,0,0,0,0,0,0,0,0,0,0
2008,romania,968,1,Unit root,-0.348503257,0.002110314,0.002110314,Romania,0,0,1,0,0,1,0,0,0,0,0,0,0,0,0,0,0,0,0
2009,romania,968,1,Unit root,-0.348503257,0.002110314,0.002110314,Romania,0,0,1,0,0,1,0,0,0,0,0,0,0,0,0,0,0,0,0
2010,romania,968,0,Stationary,-0.348503257,0.002110314,-0.348503257,Romania,0,0,1,0,0,1,0,0,0,0,0,0,0,0,0,0,0,0,0
2011,romania,968,1,Unit root,-0.348503257,0.002110314,0.002110314,Romania,0,0,1,0,0,1,0,0,0,0,0,0,0,0,0,0,0,0,0
2012,romania,968,0,Stationary,-0.348503257,0.002110314,-0.348503257,Romania,0,0,1,0,0,1,0,0,0,0,0,0,0,0,0,0,0,0,0
2013,romania,968,1,Unit root,-0.348503257,0.002110314,0.002110314,Romania,0,0,1,0,0,1,0,0,0,0,0,0,0,0,0,0,0,0,0
2014,romania,968,0,Stationary,-0.348503257,0.002110314,-0.348503257,Romania,0,0,1,0,0,1,0,0,0,0,0,0,0,0,0,0,0,0,0
2015,romania,968,1,Unit root,-0.348503257,0.002110314,0.002110314,Romania,0,0,1,0,0,1,0,0,0,0,0,0,0,0,0,0,0,0,0
2016,romania,968,1,Unit root,-0.348503257,0.002110314,0.002110314,Romania,0,0,1,0,0,1,0,0,0,0,0,0,0,0,0,0,0,0,0
2017,romania,968,0,Stationary,-0.348503257,0.002110314,-0.348503257,Romania,0,0,1,0,0,1,0,0,0,0,0,0,0,0,0,0,0,0,0
2018,romania,968,1,Unit root,-0.348503257,0.002110314,0.002110314,Romania,0,0,1,0,0,1,0,0,0,0,0,0,0,0,0,0,0,0,0
2019,romania,968,0,Stationary,-0.348503257,0.002110314,-0.348503257,Romania,0,0,1,0,0,1,0,0,0,0,0,0,0,0,0,0,0,0,0
2020,romania,968,0,Stationary,-0.348503257,0.002110314,-0.348503257,Romania,0,0,1,0,0,1,0,0,0,0,0,0,0,0,0,0,0,0,0
2021,romania,968,1,Unit root,-0.348503257,0.002110314,0.002110314,Romania,0,0,1,0,0,1,0,0,0,0,0,0,0,0,0,0,0,0,0
2022,romania,968,0,Stationary,-0.348503257,0.002110314,-0.348503257,Romania,0,0,1,0,0,1,0,0,0,0,0,0,0,0,0,0,0,0,0
2023,romania,968,0,Stationary,-0.348503257,0.002110314,-0.348503257,Romania,0,0,1,0,0,1,0,0,0,0,0,0,0,0,0,0,0,0,0
2024,romania,968,0,Stationary,-0.348503257,0.002110314,-0.348503257,Romania,0,0,1,0,0,1,0,0,0,0,0,0,0,0,0,0,0,0,0
1994,russian federation,922,0,Unit root,-0.181646176,-0.050675007,-0.181646176,Russian Federation,0,0,1,0,0,0,0,0,1,0,1,0,0,0,0,0,0,0,1
1995,russian federation,922,0,Unit root,-0.181646176,-0.050675007,-0.181646176,Russian Federation,0,0,1,0,0,0,0,0,1,0,1,0,0,0,0,0,0,0,1
1996,russian federation,922,1,Unit root,-0.181646176,-0.050675007,-0.050675007,Russian Federation,0,0,1,0,0,0,0,0,1,0,1,0,0,0,0,0,0,0,1
1997,russian federation,922,1,Unit root,-0.181646176,-0.050675007,-0.050675007,Russian Federation,0,0,1,0,0,0,0,0,1,0,1,0,0,0,0,0,0,0,1
1998,russian federation,922,0,Unit root,-0.181646176,-0.050675007,-0.181646176,Russian Federation,0,0,1,0,0,0,0,0,1,0,1,0,0,0,0,0,0,0,1
1999,russian federation,922,0,Unit root,-0.181646176,-0.050675007,-0.181646176,Russian Federation,0,0,1,0,0,0,0,0,1,0,1,0,0,0,0,0,0,0,1
2000,russian federation,922,1,Unit root,-0.181646176,-0.050675007,-0.050675007,Russian Federation,0,0,1,0,0,0,0,0,1,0,1,0,0,0,0,0,0,0,1
2001,russian federation,922,1,Unit root,-0.181646176,-0.050675007,-0.050675007,Russian Federation,0,0,1,0,0,0,0,0,1,0,1,0,0,0,0,0,0,0,1
2002,russian federation,922,1,Unit root,-0.181646176,-0.050675007,-0.050675007,Russian Federation,0,0,1,0,0,0,0,0,1,0,1,0,0,0,0,0,0,0,1
2003,russian federation,922,0,Unit root,-0.181646176,-0.050675007,-0.181646176,Russian Federation,0,0,1,0,0,0,0,0,1,0,1,0,0,0,0,0,0,0,1
2004,russian federation,922,0,Unit root,-0.181646176,-0.050675007,-0.181646176,Russian Federation,0,0,1,0,0,0,0,0,1,0,1,0,0,0,0,0,0,0,1
2005,russian federation,922,1,Unit root,-0.181646176,-0.050675007,-0.050675007,Russian Federation,0,0,1,0,0,0,0,0,1,0,1,0,0,0,0,0,0,0,1
2006,russian federation,922,1,Unit root,-0.181646176,-0.050675007,-0.050675007,Russian Federation,0,0,1,0,0,0,0,0,1,0,1,0,0,0,0,0,0,0,1
2007,russian federation,922,1,Unit root,-0.181646176,-0.050675007,-0.050675007,Russian Federation,0,0,1,0,0,0,0,0,1,0,1,0,0,0,0,0,0,0,1
2008,russian federation,922,1,Unit root,-0.181646176,-0.050675007,-0.050675007,Russian Federation,0,0,1,0,0,0,0,0,1,0,1,0,0,0,0,0,0,0,1
2009,russian federation,922,1,Unit root,-0.181646176,-0.050675007,-0.050675007,Russian Federation,0,0,1,0,0,0,0,0,1,0,1,0,0,0,0,0,0,0,1
2010,russian federation,922,1,Unit root,-0.181646176,-0.050675007,-0.050675007,Russian Federation,0,0,1,0,0,0,0,0,1,0,1,0,0,0,0,0,0,0,1
2011,russian federation,922,1,Unit root,-0.181646176,-0.050675007,-0.050675007,Russian Federation,0,0,1,0,0,0,0,0,1,0,1,0,0,0,0,0,0,0,1
2012,russian federation,922,1,Unit root,-0.181646176,-0.050675007,-0.050675007,Russian Federation,0,0,1,0,0,0,0,0,1,0,1,0,0,0,0,0,0,0,1
2013,russian federation,922,1,Unit root,-0.181646176,-0.050675007,-0.050675007,Russian Federation,0,0,1,0,0,0,0,0,1,0,1,0,0,0,0,0,0,0,1
2014,russian federation,922,1,Unit root,-0.181646176,-0.050675007,-0.050675007,Russian Federation,0,0,1,0,0,0,0,0,1,0,1,0,0,0,0,0,0,0,1
2015,russian federation,922,1,Unit root,-0.181646176,-0.050675007,-0.050675007,Russian Federation,0,0,1,0,0,0,0,0,1,0,1,0,0,0,0,0,0,0,1
2016,russian federation,922,1,Unit root,-0.181646176,-0.050675007,-0.050675007,Russian Federation,0,0,1,0,0,0,0,0,1,0,1,0,0,0,0,0,0,0,1
2017,russian federation,922,1,Unit root,-0.181646176,-0.050675007,-0.050675007,Russian Federation,0,0,1,0,0,0,0,0,1,0,1,0,0,0,0,0,0,0,1
2018,russian federation,922,1,Unit root,-0.181646176,-0.050675007,-0.050675007,Russian Federation,0,0,1,0,0,0,0,0,1,0,1,0,0,0,0,0,0,0,1
2019,russian federation,922,1,Unit root,-0.181646176,-0.050675007,-0.050675007,Russian Federation,0,0,1,0,0,0,0,0,1,0,1,0,0,0,0,0,0,0,1
2020,russian federation,922,0,Unit root,-0.181646176,-0.050675007,-0.181646176,Russian Federation,0,0,1,0,0,0,0,0,1,0,1,0,0,0,0,0,0,0,1
2021,russian federation,922,0,Unit root,-0.181646176,-0.050675007,-0.181646176,Russian Federation,0,0,1,0,0,0,0,0,1,0,1,0,0,0,0,0,0,0,1
2006,saudi arabia,456,0,Stationary,-0.574210749,-0.153154298,-0.574210749,Saudi Arabia,0,0,1,0,0,0,0,1,1,0,1,0,0,0,0,0,0,0,1
2007,saudi arabia,456,0,Stationary,-0.574210749,-0.153154298,-0.574210749,Saudi Arabia,0,0,1,0,0,0,0,1,1,0,1,0,0,0,0,0,0,0,1
2008,saudi arabia,456,0,Stationary,-0.574210749,-0.153154298,-0.574210749,Saudi Arabia,0,0,1,0,0,0,0,1,1,0,1,0,0,0,0,0,0,0,1
2009,saudi arabia,456,0,Stationary,-0.574210749,-0.153154298,-0.574210749,Saudi Arabia,0,0,1,0,0,0,0,1,1,0,1,0,0,0,0,0,0,0,1
2010,saudi arabia,456,0,Stationary,-0.574210749,-0.153154298,-0.574210749,Saudi Arabia,0,0,1,0,0,0,0,1,1,0,1,0,0,0,0,0,0,0,1
2011,saudi arabia,456,0,Stationary,-0.574210749,-0.153154298,-0.574210749,Saudi Arabia,0,0,1,0,0,0,0,1,1,0,1,0,0,0,0,0,0,0,1
2012,saudi arabia,456,0,Stationary,-0.574210749,-0.153154298,-0.574210749,Saudi Arabia,0,0,1,0,0,0,0,1,1,0,1,0,0,0,0,0,0,0,1
2013,saudi arabia,456,1,Stationary,-0.574210749,-0.153154298,-0.153154298,Saudi Arabia,0,0,1,0,0,0,0,1,1,0,1,0,0,0,0,0,0,0,1
2014,saudi arabia,456,1,Stationary,-0.574210749,-0.153154298,-0.153154298,Saudi Arabia,0,0,1,0,0,0,0,1,1,0,1,0,0,0,0,0,0,0,1
2015,saudi arabia,456,1,Stationary,-0.574210749,-0.153154298,-0.153154298,Saudi Arabia,0,0,1,0,0,0,0,1,1,0,1,0,0,0,0,0,0,0,1
2016,saudi arabia,456,1,Stationary,-0.574210749,-0.153154298,-0.153154298,Saudi Arabia,0,0,1,0,0,0,0,1,1,0,1,0,0,0,0,0,0,0,1
2017,saudi arabia,456,1,Stationary,-0.574210749,-0.153154298,-0.153154298,Saudi Arabia,0,0,1,0,0,0,0,1,1,0,1,0,0,0,0,0,0,0,1
2018,saudi arabia,456,1,Stationary,-0.574210749,-0.153154298,-0.153154298,Saudi Arabia,0,0,1,0,0,0,0,1,1,0,1,0,0,0,0,0,0,0,1
2019,saudi arabia,456,1,Stationary,-0.574210749,-0.153154298,-0.153154298,Saudi Arabia,0,0,1,0,0,0,0,1,1,0,1,0,0,0,0,0,0,0,1
2020,saudi arabia,456,1,Stationary,-0.574210749,-0.153154298,-0.153154298,Saudi Arabia,0,0,1,0,0,0,0,1,1,0,1,0,0,0,0,0,0,0,1
2021,saudi arabia,456,1,Stationary,-0.574210749,-0.153154298,-0.153154298,Saudi Arabia,0,0,1,0,0,0,0,1,1,0,1,0,0,0,0,0,0,0,1
2022,saudi arabia,456,1,Stationary,-0.574210749,-0.153154298,-0.153154298,Saudi Arabia,0,0,1,0,0,0,0,1,1,0,1,0,0,0,0,0,0,0,1
2023,saudi arabia,456,1,Stationary,-0.574210749,-0.153154298,-0.153154298,Saudi Arabia,0,0,1,0,0,0,0,1,1,0,1,0,0,0,0,0,0,0,1
2024,saudi arabia,456,0,Stationary,-0.574210749,-0.153154298,-0.574210749,Saudi Arabia,0,0,1,0,0,0,0,1,1,0,1,0,0,0,0,0,0,0,1
1993,slovak republic,936,0,Unit root,-0.20274023,0.118046888,-0.20274023,Slovak Republic,1,0,0,0,0,0,0,0,0,1,0,0,0,0,0,0,0,0,0
1994,slovak republic,936,1,Unit root,-0.20274023,0.118046888,0.118046888,Slovak Republic,1,0,0,0,0,0,0,0,0,1,0,0,0,0,0,0,0,0,0
1995,slovak republic,936,1,Unit root,-0.20274023,0.118046888,0.118046888,Slovak Republic,1,0,0,0,0,0,0,0,0,1,0,0,0,0,0,0,0,0,0
1996,slovak republic,936,1,Unit root,-0.20274023,0.118046888,0.118046888,Slovak Republic,1,0,0,0,0,0,0,0,0,1,0,0,0,0,0,0,0,0,0
1997,slovak republic,936,1,Unit root,-0.20274023,0.118046888,0.118046888,Slovak Republic,1,0,0,0,0,0,0,0,0,1,0,0,0,0,0,0,0,0,0
1998,slovak republic,936,1,Unit root,-0.20274023,0.118046888,0.118046888,Slovak Republic,1,0,0,0,0,0,0,0,0,1,0,0,0,0,0,0,0,0,0
1999,slovak republic,936,1,Unit root,-0.20274023,0.118046888,0.118046888,Slovak Republic,1,0,0,0,0,0,0,0,0,1,0,0,0,0,0,0,0,0,0
2000,slovak republic,936,1,Unit root,-0.20274023,0.118046888,0.118046888,Slovak Republic,1,0,0,0,0,0,0,0,0,1,0,0,0,0,0,0,0,0,0
2001,slovak republic,936,1,Unit root,-0.20274023,0.118046888,0.118046888,Slovak Republic,1,0,0,0,0,0,0,0,0,1,0,0,0,0,0,0,0,0,0
2002,slovak republic,936,1,Unit root,-0.20274023,0.118046888,0.118046888,Slovak Republic,1,0,0,0,0,0,0,0,0,1,0,0,0,0,0,0,0,0,0
2003,slovak republic,936,1,Unit root,-0.20274023,0.118046888,0.118046888,Slovak Republic,1,0,0,0,0,0,0,0,0,1,0,0,0,0,0,0,0,0,0
2004,slovak republic,936,1,Unit root,-0.20274023,0.118046888,0.118046888,Slovak Republic,1,0,0,0,0,0,0,0,0,1,0,0,0,0,0,0,0,0,0
2005,slovak republic,936,1,Unit root,-0.20274023,0.118046888,0.118046888,Slovak Republic,1,0,0,0,0,0,0,0,0,1,0,0,0,0,0,0,0,0,0
2006,slovak republic,936,1,Unit root,-0.20274023,0.118046888,0.118046888,Slovak Republic,1,0,0,0,0,0,0,0,0,1,0,0,0,0,0,0,0,0,0
2007,slovak republic,936,1,Unit root,-0.20274023,0.118046888,0.118046888,Slovak Republic,1,0,0,0,0,0,0,0,0,1,0,0,0,0,0,0,0,0,0
2008,slovak republic,936,1,Unit root,-0.20274023,0.118046888,0.118046888,Slovak Republic,1,0,0,0,0,0,0,0,0,1,0,0,0,0,0,0,0,0,0
2009,slovak republic,936,1,Unit root,-0.20274023,0.118046888,0.118046888,Slovak Republic,1,0,0,0,0,0,0,0,0,1,0,0,0,0,0,0,0,0,0
2010,slovak republic,936,1,Unit root,-0.20274023,0.118046888,0.118046888,Slovak Republic,1,0,0,0,0,0,0,0,0,1,0,0,0,0,0,0,0,0,0
2011,slovak republic,936,1,Unit root,-0.20274023,0.118046888,0.118046888,Slovak Republic,1,0,0,0,0,0,0,0,0,1,0,0,0,0,0,0,0,0,0
2012,slovak republic,936,1,Unit root,-0.20274023,0.118046888,0.118046888,Slovak Republic,1,0,0,0,0,0,0,0,0,1,0,0,0,0,0,0,0,0,0
2013,slovak republic,936,1,Unit root,-0.20274023,0.118046888,0.118046888,Slovak Republic,1,0,0,0,0,0,0,0,0,1,0,0,0,0,0,0,0,0,0
2014,slovak republic,936,1,Unit root,-0.20274023,0.118046888,0.118046888,Slovak Republic,1,0,0,0,0,0,0,0,0,1,0,0,0,0,0,0,0,0,0
2015,slovak republic,936,1,Unit root,-0.20274023,0.118046888,0.118046888,Slovak Republic,1,0,0,0,0,0,0,0,0,1,0,0,0,0,0,0,0,0,0
2016,slovak republic,936,1,Unit root,-0.20274023,0.118046888,0.118046888,Slovak Republic,1,0,0,0,0,0,0,0,0,1,0,0,0,0,0,0,0,0,0
2017,slovak republic,936,1,Unit root,-0.20274023,0.118046888,0.118046888,Slovak Republic,1,0,0,0,0,0,0,0,0,1,0,0,0,0,0,0,0,0,0
2018,slovak republic,936,1,Unit root,-0.20274023,0.118046888,0.118046888,Slovak Republic,1,0,0,0,0,0,0,0,0,1,0,0,0,0,0,0,0,0,0
2019,slovak republic,936,1,Unit root,-0.20274023,0.118046888,0.118046888,Slovak Republic,1,0,0,0,0,0,0,0,0,1,0,0,0,0,0,0,0,0,0
2020,slovak republic,936,1,Unit root,-0.20274023,0.118046888,0.118046888,Slovak Republic,1,0,0,0,0,0,0,0,0,1,0,0,0,0,0,0,0,0,0
2021,slovak republic,936,1,Unit root,-0.20274023,0.118046888,0.118046888,Slovak Republic,1,0,0,0,0,0,0,0,0,1,0,0,0,0,0,0,0,0,0
2022,slovak republic,936,1,Unit root,-0.20274023,0.118046888,0.118046888,Slovak Republic,1,0,0,0,0,0,0,0,0,1,0,0,0,0,0,0,0,0,0
2023,slovak republic,936,1,Unit root,-0.20274023,0.118046888,0.118046888,Slovak Republic,1,0,0,0,0,0,0,0,0,1,0,0,0,0,0,0,0,0,0
2024,slovak republic,936,0,Unit root,-0.20274023,0.118046888,-0.20274023,Slovak Republic,1,0,0,0,0,0,0,0,0,1,0,0,0,0,0,0,0,0,0
1995,slovenia,961,0,Unit root,-0.13349576,0.00066243,-0.13349576,Slovenia,1,0,0,0,0,0,0,0,0,1,0,0,0,0,0,0,0,0,0
1996,slovenia,961,0,Unit root,-0.13349576,0.00066243,-0.13349576,Slovenia,1,0,0,0,0,0,0,0,0,1,0,0,0,0,0,0,0,0,0
1997,slovenia,961,0,Unit root,-0.13349576,0.00066243,-0.13349576,Slovenia,1,0,0,0,0,0,0,0,0,1,0,0,0,0,0,0,0,0,0
1998,slovenia,961,0,Unit root,-0.13349576,0.00066243,-0.13349576,Slovenia,1,0,0,0,0,0,0,0,0,1,0,0,0,0,0,0,0,0,0
1999,slovenia,961,0,Unit root,-0.13349576,0.00066243,-0.13349576,Slovenia,1,0,0,0,0,0,0,0,0,1,0,0,0,0,0,0,0,0,0
2000,slovenia,961,1,Unit root,-0.13349576,0.00066243,0.00066243,Slovenia,1,0,0,0,0,0,0,0,0,1,0,0,0,0,0,0,0,0,0
2001,slovenia,961,1,Unit root,-0.13349576,0.00066243,0.00066243,Slovenia,1,0,0,0,0,0,0,0,0,1,0,0,0,0,0,0,0,0,0
2002,slovenia,961,1,Unit root,-0.13349576,0.00066243,0.00066243,Slovenia,1,0,0,0,0,0,0,0,0,1,0,0,0,0,0,0,0,0,0
2003,slovenia,961,1,Unit root,-0.13349576,0.00066243,0.00066243,Slovenia,1,0,0,0,0,0,0,0,0,1,0,0,0,0,0,0,0,0,0
2004,slovenia,961,1,Unit root,-0.13349576,0.00066243,0.00066243,Slovenia,1,0,0,0,0,0,0,0,0,1,0,0,0,0,0,0,0,0,0
2005,slovenia,961,1,Unit root,-0.13349576,0.00066243,0.00066243,Slovenia,1,0,0,0,0,0,0,0,0,1,0,0,0,0,0,0,0,0,0
2006,slovenia,961,1,Unit root,-0.13349576,0.00066243,0.00066243,Slovenia,1,0,0,0,0,0,0,0,0,1,0,0,0,0,0,0,0,0,0
2007,slovenia,961,1,Unit root,-0.13349576,0.00066243,0.00066243,Slovenia,1,0,0,0,0,0,0,0,0,1,0,0,0,0,0,0,0,0,0
2008,slovenia,961,0,Unit root,-0.13349576,0.00066243,-0.13349576,Slovenia,1,0,0,0,0,0,0,0,0,1,0,0,0,0,0,0,0,0,0
2009,slovenia,961,0,Unit root,-0.13349576,0.00066243,-0.13349576,Slovenia,1,0,0,0,0,0,0,0,0,1,0,0,0,0,0,0,0,0,0
2010,slovenia,961,0,Unit root,-0.13349576,0.00066243,-0.13349576,Slovenia,1,0,0,0,0,0,0,0,0,1,0,0,0,0,0,0,0,0,0
2011,slovenia,961,1,Unit root,-0.13349576,0.00066243,0.00066243,Slovenia,1,0,0,0,0,0,0,0,0,1,0,0,0,0,0,0,0,0,0
2012,slovenia,961,1,Unit root,-0.13349576,0.00066243,0.00066243,Slovenia,1,0,0,0,0,0,0,0,0,1,0,0,0,0,0,0,0,0,0
2013,slovenia,961,1,Unit root,-0.13349576,0.00066243,0.00066243,Slovenia,1,0,0,0,0,0,0,0,0,1,0,0,0,0,0,0,0,0,0
2014,slovenia,961,0,Unit root,-0.13349576,0.00066243,-0.13349576,Slovenia,1,0,0,0,0,0,0,0,0,1,0,0,0,0,0,0,0,0,0
2015,slovenia,961,0,Unit root,-0.13349576,0.00066243,-0.13349576,Slovenia,1,0,0,0,0,0,0,0,0,1,0,0,0,0,0,0,0,0,0
2016,slovenia,961,0,Unit root,-0.13349576,0.00066243,-0.13349576,Slovenia,1,0,0,0,0,0,0,0,0,1,0,0,0,0,0,0,0,0,0
2017,slovenia,961,0,Unit root,-0.13349576,0.00066243,-0.13349576,Slovenia,1,0,0,0,0,0,0,0,0,1,0,0,0,0,0,0,0,0,0
2018,slovenia,961,0,Unit root,-0.13349576,0.00066243,-0.13349576,Slovenia,1,0,0,0,0,0,0,0,0,1,0,0,0,0,0,0,0,0,0
2019,slovenia,961,0,Unit root,-0.13349576,0.00066243,-0.13349576,Slovenia,1,0,0,0,0,0,0,0,0,1,0,0,0,0,0,0,0,0,0
2020,slovenia,961,1,Unit root,-0.13349576,0.00066243,0.00066243,Slovenia,1,0,0,0,0,0,0,0,0,1,0,0,0,0,0,0,0,0,0
2021,slovenia,961,1,Unit root,-0.13349576,0.00066243,0.00066243,Slovenia,1,0,0,0,0,0,0,0,0,1,0,0,0,0,0,0,0,0,0
2022,slovenia,961,1,Unit root,-0.13349576,0.00066243,0.00066243,Slovenia,1,0,0,0,0,0,0,0,0,1,0,0,0,0,0,0,0,0,0
2023,slovenia,961,0,Unit root,-0.13349576,0.00066243,-0.13349576,Slovenia,1,0,0,0,0,0,0,0,0,1,0,0,0,0,0,0,0,0,0
2024,slovenia,961,0,Unit root,-0.13349576,0.00066243,-0.13349576,Slovenia,1,0,0,0,0,0,0,0,0,1,0,0,0,0,0,0,0,0,0
1960,south africa,199,1,Unit root,-0.13964464,-0.163895163,-0.163895163,South Africa,0,0,1,1,0,0,0,0,1,0,1,0,0,0,0,0,0,0,0
1961,south africa,199,1,Unit root,-0.13964464,-0.163895163,-0.163895163,South Africa,0,0,1,1,0,0,0,0,1,0,1,0,0,0,0,0,0,0,0
1962,south africa,199,1,Unit root,-0.13964464,-0.163895163,-0.163895163,South Africa,0,0,1,1,0,0,0,0,1,0,1,0,0,0,0,0,0,0,0
1963,south africa,199,1,Unit root,-0.13964464,-0.163895163,-0.163895163,South Africa,0,0,1,1,0,0,0,0,1,0,1,0,0,0,0,0,0,0,0
1964,south africa,199,1,Unit root,-0.13964464,-0.163895163,-0.163895163,South Africa,0,0,1,1,0,0,0,0,1,0,1,0,0,0,0,0,0,0,0
1965,south africa,199,1,Unit root,-0.13964464,-0.163895163,-0.163895163,South Africa,0,0,1,1,0,0,0,0,1,0,1,0,0,0,0,0,0,0,0
1966,south africa,199,1,Unit root,-0.13964464,-0.163895163,-0.163895163,South Africa,0,0,1,1,0,0,0,0,1,0,1,0,0,0,0,0,0,0,0
1967,south africa,199,1,Unit root,-0.13964464,-0.163895163,-0.163895163,South Africa,0,0,1,1,0,0,0,0,1,0,1,0,0,0,0,0,0,0,0
1968,south africa,199,1,Unit root,-0.13964464,-0.163895163,-0.163895163,South Africa,0,0,1,1,0,0,0,0,1,0,1,0,0,0,0,0,0,0,0
1969,south africa,199,1,Unit root,-0.13964464,-0.163895163,-0.163895163,South Africa,0,0,1,1,0,0,0,0,1,0,1,0,0,0,0,0,0,0,0
1970,south africa,199,1,Unit root,-0.13964464,-0.163895163,-0.163895163,South Africa,0,0,1,1,0,0,0,0,1,0,1,0,0,0,0,0,0,0,0
1971,south africa,199,1,Unit root,-0.13964464,-0.163895163,-0.163895163,South Africa,0,0,1,1,0,0,0,0,1,0,1,0,0,0,0,0,0,0,0
1972,south africa,199,1,Unit root,-0.13964464,-0.163895163,-0.163895163,South Africa,0,0,1,1,0,0,0,0,1,0,1,0,0,0,0,0,0,0,0
1973,south africa,199,1,Unit root,-0.13964464,-0.163895163,-0.163895163,South Africa,0,0,1,1,0,0,0,0,1,0,1,0,0,0,0,0,0,0,0
1974,south africa,199,1,Unit root,-0.13964464,-0.163895163,-0.163895163,South Africa,0,0,1,1,0,0,0,0,1,0,1,0,0,0,0,0,0,0,0
1975,south africa,199,1,Unit root,-0.13964464,-0.163895163,-0.163895163,South Africa,0,0,1,1,0,0,0,0,1,0,1,0,0,0,0,0,0,0,0
1976,south africa,199,1,Unit root,-0.13964464,-0.163895163,-0.163895163,South Africa,0,0,1,1,0,0,0,0,1,0,1,0,0,0,0,0,0,0,0
1977,south africa,199,1,Unit root,-0.13964464,-0.163895163,-0.163895163,South Africa,0,0,1,1,0,0,0,0,1,0,1,0,0,0,0,0,0,0,0
1978,south africa,199,1,Unit root,-0.13964464,-0.163895163,-0.163895163,South Africa,0,0,1,1,0,0,0,0,1,0,1,0,0,0,0,0,0,0,0
1979,south africa,199,1,Unit root,-0.13964464,-0.163895163,-0.163895163,South Africa,0,0,1,1,0,0,0,0,1,0,1,0,0,0,0,0,0,0,0
1980,south africa,199,1,Unit root,-0.13964464,-0.163895163,-0.163895163,South Africa,0,0,1,1,0,0,0,0,1,0,1,0,0,0,0,0,0,0,0
1981,south africa,199,1,Unit root,-0.13964464,-0.163895163,-0.163895163,South Africa,0,0,1,1,0,0,0,0,1,0,1,0,0,0,0,0,0,0,0
1982,south africa,199,1,Unit root,-0.13964464,-0.163895163,-0.163895163,South Africa,0,0,1,1,0,0,0,0,1,0,1,0,0,0,0,0,0,0,0
1983,south africa,199,1,Unit root,-0.13964464,-0.163895163,-0.163895163,South Africa,0,0,1,1,0,0,0,0,1,0,1,0,0,0,0,0,0,0,0
1984,south africa,199,1,Unit root,-0.13964464,-0.163895163,-0.163895163,South Africa,0,0,1,1,0,0,0,0,1,0,1,0,0,0,0,0,0,0,0
1985,south africa,199,1,Unit root,-0.13964464,-0.163895163,-0.163895163,South Africa,0,0,1,1,0,0,0,0,1,0,1,0,0,0,0,0,0,0,0
1986,south africa,199,1,Unit root,-0.13964464,-0.163895163,-0.163895163,South Africa,0,0,1,1,0,0,0,0,1,0,1,0,0,0,0,0,0,0,0
1987,south africa,199,1,Unit root,-0.13964464,-0.163895163,-0.163895163,South Africa,0,0,1,1,0,0,0,0,1,0,1,0,0,0,0,0,0,0,0
1988,south africa,199,1,Unit root,-0.13964464,-0.163895163,-0.163895163,South Africa,0,0,1,1,0,0,0,0,1,0,1,0,0,0,0,0,0,0,0
1989,south africa,199,1,Unit root,-0.13964464,-0.163895163,-0.163895163,South Africa,0,0,1,1,0,0,0,0,1,0,1,0,0,0,0,0,0,0,0
1990,south africa,199,1,Unit root,-0.13964464,-0.163895163,-0.163895163,South Africa,0,0,1,1,0,0,0,0,1,0,1,0,0,0,0,0,0,0,0
1991,south africa,199,1,Unit root,-0.13964464,-0.163895163,-0.163895163,South Africa,0,0,1,1,0,0,0,0,1,0,1,0,0,0,0,0,0,0,0
1992,south africa,199,1,Unit root,-0.13964464,-0.163895163,-0.163895163,South Africa,0,0,1,1,0,0,0,0,1,0,1,0,0,0,0,0,0,0,0
1993,south africa,199,1,Unit root,-0.13964464,-0.163895163,-0.163895163,South Africa,0,0,1,1,0,0,0,0,1,0,1,0,0,0,0,0,0,0,0
1994,south africa,199,1,Unit root,-0.13964464,-0.163895163,-0.163895163,South Africa,0,0,1,1,0,0,0,0,1,0,1,0,0,0,0,0,0,0,0
1995,south africa,199,1,Unit root,-0.13964464,-0.163895163,-0.163895163,South Africa,0,0,1,1,0,0,0,0,1,0,1,0,0,0,0,0,0,0,0
1996,south africa,199,1,Unit root,-0.13964464,-0.163895163,-0.163895163,South Africa,0,0,1,1,0,0,0,0,1,0,1,0,0,0,0,0,0,0,0
1997,south africa,199,1,Unit root,-0.13964464,-0.163895163,-0.163895163,South Africa,0,0,1,1,0,0,0,0,1,0,1,0,0,0,0,0,0,0,0
1998,south africa,199,1,Unit root,-0.13964464,-0.163895163,-0.163895163,South Africa,0,0,1,1,0,0,0,0,1,0,1,0,0,0,0,0,0,0,0
1999,south africa,199,1,Unit root,-0.13964464,-0.163895163,-0.163895163,South Africa,0,0,1,1,0,0,0,0,1,0,1,0,0,0,0,0,0,0,0
2000,south africa,199,1,Unit root,-0.13964464,-0.163895163,-0.163895163,South Africa,0,0,1,1,0,0,0,0,1,0,1,0,0,0,0,0,0,0,0
2001,south africa,199,1,Unit root,-0.13964464,-0.163895163,-0.163895163,South Africa,0,0,1,1,0,0,0,0,1,0,1,0,0,0,0,0,0,0,0
2002,south africa,199,1,Unit root,-0.13964464,-0.163895163,-0.163895163,South Africa,0,0,1,1,0,0,0,0,1,0,1,0,0,0,0,0,0,0,0
2003,south africa,199,1,Unit root,-0.13964464,-0.163895163,-0.163895163,South Africa,0,0,1,1,0,0,0,0,1,0,1,0,0,0,0,0,0,0,0
2004,south africa,199,1,Unit root,-0.13964464,-0.163895163,-0.163895163,South Africa,0,0,1,1,0,0,0,0,1,0,1,0,0,0,0,0,0,0,0
2005,south africa,199,1,Unit root,-0.13964464,-0.163895163,-0.163895163,South Africa,0,0,1,1,0,0,0,0,1,0,1,0,0,0,0,0,0,0,0
2006,south africa,199,1,Unit root,-0.13964464,-0.163895163,-0.163895163,South Africa,0,0,1,1,0,0,0,0,1,0,1,0,0,0,0,0,0,0,0
2007,south africa,199,1,Unit root,-0.13964464,-0.163895163,-0.163895163,South Africa,0,0,1,1,0,0,0,0,1,0,1,0,0,0,0,0,0,0,0
2008,south africa,199,1,Unit root,-0.13964464,-0.163895163,-0.163895163,South Africa,0,0,1,1,0,0,0,0,1,0,1,0,0,0,0,0,0,0,0
2009,south africa,199,1,Unit root,-0.13964464,-0.163895163,-0.163895163,South Africa,0,0,1,1,0,0,0,0,1,0,1,0,0,0,0,0,0,0,0
2010,south africa,199,1,Unit root,-0.13964464,-0.163895163,-0.163895163,South Africa,0,0,1,1,0,0,0,0,1,0,1,0,0,0,0,0,0,0,0
2011,south africa,199,1,Unit root,-0.13964464,-0.163895163,-0.163895163,South Africa,0,0,1,1,0,0,0,0,1,0,1,0,0,0,0,0,0,0,0
2012,south africa,199,1,Unit root,-0.13964464,-0.163895163,-0.163895163,South Africa,0,0,1,1,0,0,0,0,1,0,1,0,0,0,0,0,0,0,0
2013,south africa,199,1,Unit root,-0.13964464,-0.163895163,-0.163895163,South Africa,0,0,1,1,0,0,0,0,1,0,1,0,0,0,0,0,0,0,0
2014,south africa,199,1,Unit root,-0.13964464,-0.163895163,-0.163895163,South Africa,0,0,1,1,0,0,0,0,1,0,1,0,0,0,0,0,0,0,0
2015,south africa,199,1,Unit root,-0.13964464,-0.163895163,-0.163895163,South Africa,0,0,1,1,0,0,0,0,1,0,1,0,0,0,0,0,0,0,0
2016,south africa,199,1,Unit root,-0.13964464,-0.163895163,-0.163895163,South Africa,0,0,1,1,0,0,0,0,1,0,1,0,0,0,0,0,0,0,0
2017,south africa,199,1,Unit root,-0.13964464,-0.163895163,-0.163895163,South Africa,0,0,1,1,0,0,0,0,1,0,1,0,0,0,0,0,0,0,0
2018,south africa,199,1,Unit root,-0.13964464,-0.163895163,-0.163895163,South Africa,0,0,1,1,0,0,0,0,1,0,1,0,0,0,0,0,0,0,0
2019,south africa,199,1,Unit root,-0.13964464,-0.163895163,-0.163895163,South Africa,0,0,1,1,0,0,0,0,1,0,1,0,0,0,0,0,0,0,0
2020,south africa,199,1,Unit root,-0.13964464,-0.163895163,-0.163895163,South Africa,0,0,1,1,0,0,0,0,1,0,1,0,0,0,0,0,0,0,0
2021,south africa,199,1,Unit root,-0.13964464,-0.163895163,-0.163895163,South Africa,0,0,1,1,0,0,0,0,1,0,1,0,0,0,0,0,0,0,0
2022,south africa,199,1,Unit root,-0.13964464,-0.163895163,-0.163895163,South Africa,0,0,1,1,0,0,0,0,1,0,1,0,0,0,0,0,0,0,0
2023,south africa,199,1,Unit root,-0.13964464,-0.163895163,-0.163895163,South Africa,0,0,1,1,0,0,0,0,1,0,1,0,0,0,0,0,0,0,0
2024,south africa,199,0,Stationary,-0.13964464,-0.163895163,-0.13964464,South Africa,0,0,1,1,0,0,0,0,1,0,1,0,0,0,0,0,0,0,0
1975,spain,184,0,Unit root,-0.179247339,-0.035154009,-0.179247339,Spain,1,0,0,0,0,0,0,0,0,1,0,0,0,0,0,0,0,0,0
1976,spain,184,1,Unit root,-0.179247339,-0.035154009,-0.035154009,Spain,1,0,0,0,0,0,0,0,0,1,0,0,0,0,0,0,0,0,0
1977,spain,184,1,Unit root,-0.179247339,-0.035154009,-0.035154009,Spain,1,0,0,0,0,0,0,0,0,1,0,0,0,0,0,0,0,0,0
1978,spain,184,1,Unit root,-0.179247339,-0.035154009,-0.035154009,Spain,1,0,0,0,0,0,0,0,0,1,0,0,0,0,0,0,0,0,0
1979,spain,184,1,Unit root,-0.179247339,-0.035154009,-0.035154009,Spain,1,0,0,0,0,0,0,0,0,1,0,0,0,0,0,0,0,0,0
1980,spain,184,1,Unit root,-0.179247339,-0.035154009,-0.035154009,Spain,1,0,0,0,0,0,0,0,0,1,0,0,0,0,0,0,0,0,0
1981,spain,184,1,Unit root,-0.179247339,-0.035154009,-0.035154009,Spain,1,0,0,0,0,0,0,0,0,1,0,0,0,0,0,0,0,0,0
1982,spain,184,1,Unit root,-0.179247339,-0.035154009,-0.035154009,Spain,1,0,0,0,0,0,0,0,0,1,0,0,0,0,0,0,0,0,0
1983,spain,184,1,Unit root,-0.179247339,-0.035154009,-0.035154009,Spain,1,0,0,0,0,0,0,0,0,1,0,0,0,0,0,0,0,0,0
1984,spain,184,0,Unit root,-0.179247339,-0.035154009,-0.179247339,Spain,1,0,0,0,0,0,0,0,0,1,0,0,0,0,0,0,0,0,0
1985,spain,184,0,Unit root,-0.179247339,-0.035154009,-0.179247339,Spain,1,0,0,0,0,0,0,0,0,1,0,0,0,0,0,0,0,0,0
1986,spain,184,0,Unit root,-0.179247339,-0.035154009,-0.179247339,Spain,1,0,0,0,0,0,0,0,0,1,0,0,0,0,0,0,0,0,0
1987,spain,184,0,Unit root,-0.179247339,-0.035154009,-0.179247339,Spain,1,0,0,0,0,0,0,0,0,1,0,0,0,0,0,0,0,0,0
1988,spain,184,0,Unit root,-0.179247339,-0.035154009,-0.179247339,Spain,1,0,0,0,0,0,0,0,0,1,0,0,0,0,0,0,0,0,0
1989,spain,184,0,Unit root,-0.179247339,-0.035154009,-0.179247339,Spain,1,0,0,0,0,0,0,0,0,1,0,0,0,0,0,0,0,0,0
1990,spain,184,0,Unit root,-0.179247339,-0.035154009,-0.179247339,Spain,1,0,0,0,0,0,0,0,0,1,0,0,0,0,0,0,0,0,0
1991,spain,184,0,Unit root,-0.179247339,-0.035154009,-0.179247339,Spain,1,0,0,0,0,0,0,0,0,1,0,0,0,0,0,0,0,0,0
1992,spain,184,0,Unit root,-0.179247339,-0.035154009,-0.179247339,Spain,1,0,0,0,0,0,0,0,0,1,0,0,0,0,0,0,0,0,0
1993,spain,184,0,Unit root,-0.179247339,-0.035154009,-0.179247339,Spain,1,0,0,0,0,0,0,0,0,1,0,0,0,0,0,0,0,0,0
1994,spain,184,0,Unit root,-0.179247339,-0.035154009,-0.179247339,Spain,1,0,0,0,0,0,0,0,0,1,0,0,0,0,0,0,0,0,0
1995,spain,184,0,Unit root,-0.179247339,-0.035154009,-0.179247339,Spain,1,0,0,0,0,0,0,0,0,1,0,0,0,0,0,0,0,0,0
1996,spain,184,0,Unit root,-0.179247339,-0.035154009,-0.179247339,Spain,1,0,0,0,0,0,0,0,0,1,0,0,0,0,0,0,0,0,0
1997,spain,184,0,Unit root,-0.179247339,-0.035154009,-0.179247339,Spain,1,0,0,0,0,0,0,0,0,1,0,0,0,0,0,0,0,0,0
1998,spain,184,0,Unit root,-0.179247339,-0.035154009,-0.179247339,Spain,1,0,0,0,0,0,0,0,0,1,0,0,0,0,0,0,0,0,0
1999,spain,184,0,Unit root,-0.179247339,-0.035154009,-0.179247339,Spain,1,0,0,0,0,0,0,0,0,1,0,0,0,0,0,0,0,0,0
2000,spain,184,0,Unit root,-0.179247339,-0.035154009,-0.179247339,Spain,1,0,0,0,0,0,0,0,0,1,0,0,0,0,0,0,0,0,0
2001,spain,184,0,Unit root,-0.179247339,-0.035154009,-0.179247339,Spain,1,0,0,0,0,0,0,0,0,1,0,0,0,0,0,0,0,0,0
2002,spain,184,0,Unit root,-0.179247339,-0.035154009,-0.179247339,Spain,1,0,0,0,0,0,0,0,0,1,0,0,0,0,0,0,0,0,0
2003,spain,184,0,Unit root,-0.179247339,-0.035154009,-0.179247339,Spain,1,0,0,0,0,0,0,0,0,1,0,0,0,0,0,0,0,0,0
2004,spain,184,0,Unit root,-0.179247339,-0.035154009,-0.179247339,Spain,1,0,0,0,0,0,0,0,0,1,0,0,0,0,0,0,0,0,0
2005,spain,184,0,Unit root,-0.179247339,-0.035154009,-0.179247339,Spain,1,0,0,0,0,0,0,0,0,1,0,0,0,0,0,0,0,0,0
2006,spain,184,0,Unit root,-0.179247339,-0.035154009,-0.179247339,Spain,1,0,0,0,0,0,0,0,0,1,0,0,0,0,0,0,0,0,0
2007,spain,184,1,Unit root,-0.179247339,-0.035154009,-0.035154009,Spain,1,0,0,0,0,0,0,0,0,1,0,0,0,0,0,0,0,0,0
2008,spain,184,0,Unit root,-0.179247339,-0.035154009,-0.179247339,Spain,1,0,0,0,0,0,0,0,0,1,0,0,0,0,0,0,0,0,0
2009,spain,184,0,Unit root,-0.179247339,-0.035154009,-0.179247339,Spain,1,0,0,0,0,0,0,0,0,1,0,0,0,0,0,0,0,0,0
2010,spain,184,0,Unit root,-0.179247339,-0.035154009,-0.179247339,Spain,1,0,0,0,0,0,0,0,0,1,0,0,0,0,0,0,0,0,0
2011,spain,184,1,Unit root,-0.179247339,-0.035154009,-0.035154009,Spain,1,0,0,0,0,0,0,0,0,1,0,0,0,0,0,0,0,0,0
2012,spain,184,1,Unit root,-0.179247339,-0.035154009,-0.035154009,Spain,1,0,0,0,0,0,0,0,0,1,0,0,0,0,0,0,0,0,0
2013,spain,184,0,Unit root,-0.179247339,-0.035154009,-0.179247339,Spain,1,0,0,0,0,0,0,0,0,1,0,0,0,0,0,0,0,0,0
2014,spain,184,0,Unit root,-0.179247339,-0.035154009,-0.179247339,Spain,1,0,0,0,0,0,0,0,0,1,0,0,0,0,0,0,0,0,0
2015,spain,184,0,Unit root,-0.179247339,-0.035154009,-0.179247339,Spain,1,0,0,0,0,0,0,0,0,1,0,0,0,0,0,0,0,0,0
2016,spain,184,0,Unit root,-0.179247339,-0.035154009,-0.179247339,Spain,1,0,0,0,0,0,0,0,0,1,0,0,0,0,0,0,0,0,0
2017,spain,184,0,Unit root,-0.179247339,-0.035154009,-0.179247339,Spain,1,0,0,0,0,0,0,0,0,1,0,0,0,0,0,0,0,0,0
2018,spain,184,0,Unit root,-0.179247339,-0.035154009,-0.179247339,Spain,1,0,0,0,0,0,0,0,0,1,0,0,0,0,0,0,0,0,0
2019,spain,184,0,Unit root,-0.179247339,-0.035154009,-0.179247339,Spain,1,0,0,0,0,0,0,0,0,1,0,0,0,0,0,0,0,0,0
2020,spain,184,0,Unit root,-0.179247339,-0.035154009,-0.179247339,Spain,1,0,0,0,0,0,0,0,0,1,0,0,0,0,0,0,0,0,0
2021,spain,184,0,Unit root,-0.179247339,-0.035154009,-0.179247339,Spain,1,0,0,0,0,0,0,0,0,1,0,0,0,0,0,0,0,0,0
2022,spain,184,0,Unit root,-0.179247339,-0.035154009,-0.179247339,Spain,1,0,0,0,0,0,0,0,0,1,0,0,0,0,0,0,0,0,0
2023,spain,184,0,Unit root,-0.179247339,-0.035154009,-0.179247339,Spain,1,0,0,0,0,0,0,0,0,1,0,0,0,0,0,0,0,0,0
2024,spain,184,0,Unit root,-0.179247339,-0.035154009,-0.179247339,Spain,1,0,0,0,0,0,0,0,0,1,0,0,0,0,0,0,0,0,0
1977,sri lanka,524,0,Stationary,-0.546855412,-1.1754554,-0.546855412,Sri Lanka,0,0,1,0,1,0,0,0,0,0,0,0,0,0,0,0,0,0,0
1978,sri lanka,524,0,Stationary,-0.546855412,-1.1754554,-0.546855412,Sri Lanka,0,0,1,0,1,0,0,0,0,0,0,0,0,0,0,0,0,0,0
1979,sri lanka,524,1,Stationary,-0.546855412,-1.1754554,-1.1754554,Sri Lanka,0,0,1,0,1,0,0,0,0,0,0,0,0,0,0,0,0,0,0
1980,sri lanka,524,1,Stationary,-0.546855412,-1.1754554,-1.1754554,Sri Lanka,0,0,1,0,1,0,0,0,0,0,0,0,0,0,0,0,0,0,0
1981,sri lanka,524,1,Stationary,-0.546855412,-1.1754554,-1.1754554,Sri Lanka,0,0,1,0,1,0,0,0,0,0,0,0,0,0,0,0,0,0,0
1982,sri lanka,524,1,Stationary,-0.546855412,-1.1754554,-1.1754554,Sri Lanka,0,0,1,0,1,0,0,0,0,0,0,0,0,0,0,0,0,0,0
1983,sri lanka,524,0,Stationary,-0.546855412,-1.1754554,-0.546855412,Sri Lanka,0,0,1,0,1,0,0,0,0,0,0,0,0,0,0,0,0,0,0
1984,sri lanka,524,0,Stationary,-0.546855412,-1.1754554,-0.546855412,Sri Lanka,0,0,1,0,1,0,0,0,0,0,0,0,0,0,0,0,0,0,0
1985,sri lanka,524,0,Stationary,-0.546855412,-1.1754554,-0.546855412,Sri Lanka,0,0,1,0,1,0,0,0,0,0,0,0,0,0,0,0,0,0,0
1986,sri lanka,524,0,Stationary,-0.546855412,-1.1754554,-0.546855412,Sri Lanka,0,0,1,0,1,0,0,0,0,0,0,0,0,0,0,0,0,0,0
1987,sri lanka,524,0,Stationary,-0.546855412,-1.1754554,-0.546855412,Sri Lanka,0,0,1,0,1,0,0,0,0,0,0,0,0,0,0,0,0,0,0
1988,sri lanka,524,0,Stationary,-0.546855412,-1.1754554,-0.546855412,Sri Lanka,0,0,1,0,1,0,0,0,0,0,0,0,0,0,0,0,0,0,0
1989,sri lanka,524,0,Stationary,-0.546855412,-1.1754554,-0.546855412,Sri Lanka,0,0,1,0,1,0,0,0,0,0,0,0,0,0,0,0,0,0,0
1990,sri lanka,524,0,Stationary,-0.546855412,-1.1754554,-0.546855412,Sri Lanka,0,0,1,0,1,0,0,0,0,0,0,0,0,0,0,0,0,0,0
1991,sri lanka,524,0,Stationary,-0.546855412,-1.1754554,-0.546855412,Sri Lanka,0,0,1,0,1,0,0,0,0,0,0,0,0,0,0,0,0,0,0
1992,sri lanka,524,0,Stationary,-0.546855412,-1.1754554,-0.546855412,Sri Lanka,0,0,1,0,1,0,0,0,0,0,0,0,0,0,0,0,0,0,0
1993,sri lanka,524,0,Stationary,-0.546855412,-1.1754554,-0.546855412,Sri Lanka,0,0,1,0,1,0,0,0,0,0,0,0,0,0,0,0,0,0,0
1994,sri lanka,524,0,Stationary,-0.546855412,-1.1754554,-0.546855412,Sri Lanka,0,0,1,0,1,0,0,0,0,0,0,0,0,0,0,0,0,0,0
1995,sri lanka,524,0,Stationary,-0.546855412,-1.1754554,-0.546855412,Sri Lanka,0,0,1,0,1,0,0,0,0,0,0,0,0,0,0,0,0,0,0
1996,sri lanka,524,0,Stationary,-0.546855412,-1.1754554,-0.546855412,Sri Lanka,0,0,1,0,1,0,0,0,0,0,0,0,0,0,0,0,0,0,0
1997,sri lanka,524,0,Stationary,-0.546855412,-1.1754554,-0.546855412,Sri Lanka,0,0,1,0,1,0,0,0,0,0,0,0,0,0,0,0,0,0,0
1998,sri lanka,524,0,Stationary,-0.546855412,-1.1754554,-0.546855412,Sri Lanka,0,0,1,0,1,0,0,0,0,0,0,0,0,0,0,0,0,0,0
1999,sri lanka,524,0,Stationary,-0.546855412,-1.1754554,-0.546855412,Sri Lanka,0,0,1,0,1,0,0,0,0,0,0,0,0,0,0,0,0,0,0
2000,sri lanka,524,0,Stationary,-0.546855412,-1.1754554,-0.546855412,Sri Lanka,0,0,1,0,1,0,0,0,0,0,0,0,0,0,0,0,0,0,0
2001,sri lanka,524,0,Stationary,-0.546855412,-1.1754554,-0.546855412,Sri Lanka,0,0,1,0,1,0,0,0,0,0,0,0,0,0,0,0,0,0,0
2002,sri lanka,524,0,Stationary,-0.546855412,-1.1754554,-0.546855412,Sri Lanka,0,0,1,0,1,0,0,0,0,0,0,0,0,0,0,0,0,0,0
2003,sri lanka,524,0,Stationary,-0.546855412,-1.1754554,-0.546855412,Sri Lanka,0,0,1,0,1,0,0,0,0,0,0,0,0,0,0,0,0,0,0
2004,sri lanka,524,0,Stationary,-0.546855412,-1.1754554,-0.546855412,Sri Lanka,0,0,1,0,1,0,0,0,0,0,0,0,0,0,0,0,0,0,0
2005,sri lanka,524,0,Stationary,-0.546855412,-1.1754554,-0.546855412,Sri Lanka,0,0,1,0,1,0,0,0,0,0,0,0,0,0,0,0,0,0,0
2006,sri lanka,524,0,Stationary,-0.546855412,-1.1754554,-0.546855412,Sri Lanka,0,0,1,0,1,0,0,0,0,0,0,0,0,0,0,0,0,0,0
2007,sri lanka,524,1,Stationary,-0.546855412,-1.1754554,-1.1754554,Sri Lanka,0,0,1,0,1,0,0,0,0,0,0,0,0,0,0,0,0,0,0
2008,sri lanka,524,1,Stationary,-0.546855412,-1.1754554,-1.1754554,Sri Lanka,0,0,1,0,1,0,0,0,0,0,0,0,0,0,0,0,0,0,0
2009,sri lanka,524,1,Stationary,-0.546855412,-1.1754554,-1.1754554,Sri Lanka,0,0,1,0,1,0,0,0,0,0,0,0,0,0,0,0,0,0,0
2010,sri lanka,524,1,Stationary,-0.546855412,-1.1754554,-1.1754554,Sri Lanka,0,0,1,0,1,0,0,0,0,0,0,0,0,0,0,0,0,0,0
2011,sri lanka,524,1,Stationary,-0.546855412,-1.1754554,-1.1754554,Sri Lanka,0,0,1,0,1,0,0,0,0,0,0,0,0,0,0,0,0,0,0
2012,sri lanka,524,1,Stationary,-0.546855412,-1.1754554,-1.1754554,Sri Lanka,0,0,1,0,1,0,0,0,0,0,0,0,0,0,0,0,0,0,0
2013,sri lanka,524,0,Stationary,-0.546855412,-1.1754554,-0.546855412,Sri Lanka,0,0,1,0,1,0,0,0,0,0,0,0,0,0,0,0,0,0,0
2014,sri lanka,524,0,Stationary,-0.546855412,-1.1754554,-0.546855412,Sri Lanka,0,0,1,0,1,0,0,0,0,0,0,0,0,0,0,0,0,0,0
2015,sri lanka,524,0,Stationary,-0.546855412,-1.1754554,-0.546855412,Sri Lanka,0,0,1,0,1,0,0,0,0,0,0,0,0,0,0,0,0,0,0
2016,sri lanka,524,0,Stationary,-0.546855412,-1.1754554,-0.546855412,Sri Lanka,0,0,1,0,1,0,0,0,0,0,0,0,0,0,0,0,0,0,0
2017,sri lanka,524,0,Stationary,-0.546855412,-1.1754554,-0.546855412,Sri Lanka,0,0,1,0,1,0,0,0,0,0,0,0,0,0,0,0,0,0,0
2018,sri lanka,524,0,Stationary,-0.546855412,-1.1754554,-0.546855412,Sri Lanka,0,0,1,0,1,0,0,0,0,0,0,0,0,0,0,0,0,0,0
2019,sri lanka,524,0,Stationary,-0.546855412,-1.1754554,-0.546855412,Sri Lanka,0,0,1,0,1,0,0,0,0,0,0,0,0,0,0,0,0,0,0
2020,sri lanka,524,0,Stationary,-0.546855412,-1.1754554,-0.546855412,Sri Lanka,0,0,1,0,1,0,0,0,0,0,0,0,0,0,0,0,0,0,0
2021,sri lanka,524,0,Stationary,-0.546855412,-1.1754554,-0.546855412,Sri Lanka,0,0,1,0,1,0,0,0,0,0,0,0,0,0,0,0,0,0,0
1975,sweden,144,1,Unit root,-0.017642269,-0.043883168,-0.043883168,Sweden,1,0,0,0,0,0,0,0,0,0,0,0,0,0,0,0,0,0,0
1976,sweden,144,1,Unit root,-0.017642269,-0.043883168,-0.043883168,Sweden,1,0,0,0,0,0,0,0,0,0,0,0,0,0,0,0,0,0,0
1977,sweden,144,1,Unit root,-0.017642269,-0.043883168,-0.043883168,Sweden,1,0,0,0,0,0,0,0,0,0,0,0,0,0,0,0,0,0,0
1978,sweden,144,1,Unit root,-0.017642269,-0.043883168,-0.043883168,Sweden,1,0,0,0,0,0,0,0,0,0,0,0,0,0,0,0,0,0,0
1979,sweden,144,1,Unit root,-0.017642269,-0.043883168,-0.043883168,Sweden,1,0,0,0,0,0,0,0,0,0,0,0,0,0,0,0,0,0,0
1980,sweden,144,1,Unit root,-0.017642269,-0.043883168,-0.043883168,Sweden,1,0,0,0,0,0,0,0,0,0,0,0,0,0,0,0,0,0,0
1981,sweden,144,1,Unit root,-0.017642269,-0.043883168,-0.043883168,Sweden,1,0,0,0,0,0,0,0,0,0,0,0,0,0,0,0,0,0,0
1982,sweden,144,1,Unit root,-0.017642269,-0.043883168,-0.043883168,Sweden,1,0,0,0,0,0,0,0,0,0,0,0,0,0,0,0,0,0,0
1983,sweden,144,1,Unit root,-0.017642269,-0.043883168,-0.043883168,Sweden,1,0,0,0,0,0,0,0,0,0,0,0,0,0,0,0,0,0,0
1984,sweden,144,1,Unit root,-0.017642269,-0.043883168,-0.043883168,Sweden,1,0,0,0,0,0,0,0,0,0,0,0,0,0,0,0,0,0,0
1985,sweden,144,1,Unit root,-0.017642269,-0.043883168,-0.043883168,Sweden,1,0,0,0,0,0,0,0,0,0,0,0,0,0,0,0,0,0,0
1986,sweden,144,1,Unit root,-0.017642269,-0.043883168,-0.043883168,Sweden,1,0,0,0,0,0,0,0,0,0,0,0,0,0,0,0,0,0,0
1987,sweden,144,1,Unit root,-0.017642269,-0.043883168,-0.043883168,Sweden,1,0,0,0,0,0,0,0,0,0,0,0,0,0,0,0,0,0,0
1988,sweden,144,1,Unit root,-0.017642269,-0.043883168,-0.043883168,Sweden,1,0,0,0,0,0,0,0,0,0,0,0,0,0,0,0,0,0,0
1989,sweden,144,1,Unit root,-0.017642269,-0.043883168,-0.043883168,Sweden,1,0,0,0,0,0,0,0,0,0,0,0,0,0,0,0,0,0,0
1990,sweden,144,1,Unit root,-0.017642269,-0.043883168,-0.043883168,Sweden,1,0,0,0,0,0,0,0,0,0,0,0,0,0,0,0,0,0,0
1991,sweden,144,1,Unit root,-0.017642269,-0.043883168,-0.043883168,Sweden,1,0,0,0,0,0,0,0,0,0,0,0,0,0,0,0,0,0,0
1992,sweden,144,1,Unit root,-0.017642269,-0.043883168,-0.043883168,Sweden,1,0,0,0,0,0,0,0,0,0,0,0,0,0,0,0,0,0,0
1993,sweden,144,1,Unit root,-0.017642269,-0.043883168,-0.043883168,Sweden,1,0,0,0,0,0,0,0,0,0,0,0,0,0,0,0,0,0,0
1994,sweden,144,1,Unit root,-0.017642269,-0.043883168,-0.043883168,Sweden,1,0,0,0,0,0,0,0,0,0,0,0,0,0,0,0,0,0,0
1995,sweden,144,1,Unit root,-0.017642269,-0.043883168,-0.043883168,Sweden,1,0,0,0,0,0,0,0,0,0,0,0,0,0,0,0,0,0,0
1996,sweden,144,1,Unit root,-0.017642269,-0.043883168,-0.043883168,Sweden,1,0,0,0,0,0,0,0,0,0,0,0,0,0,0,0,0,0,0
1997,sweden,144,1,Unit root,-0.017642269,-0.043883168,-0.043883168,Sweden,1,0,0,0,0,0,0,0,0,0,0,0,0,0,0,0,0,0,0
1998,sweden,144,1,Unit root,-0.017642269,-0.043883168,-0.043883168,Sweden,1,0,0,0,0,0,0,0,0,0,0,0,0,0,0,0,0,0,0
1999,sweden,144,1,Unit root,-0.017642269,-0.043883168,-0.043883168,Sweden,1,0,0,0,0,0,0,0,0,0,0,0,0,0,0,0,0,0,0
2000,sweden,144,1,Unit root,-0.017642269,-0.043883168,-0.043883168,Sweden,1,0,0,0,0,0,0,0,0,0,0,0,0,0,0,0,0,0,0
2001,sweden,144,1,Unit root,-0.017642269,-0.043883168,-0.043883168,Sweden,1,0,0,0,0,0,0,0,0,0,0,0,0,0,0,0,0,0,0
2002,sweden,144,1,Unit root,-0.017642269,-0.043883168,-0.043883168,Sweden,1,0,0,0,0,0,0,0,0,0,0,0,0,0,0,0,0,0,0
2003,sweden,144,1,Unit root,-0.017642269,-0.043883168,-0.043883168,Sweden,1,0,0,0,0,0,0,0,0,0,0,0,0,0,0,0,0,0,0
2004,sweden,144,1,Unit root,-0.017642269,-0.043883168,-0.043883168,Sweden,1,0,0,0,0,0,0,0,0,0,0,0,0,0,0,0,0,0,0
2005,sweden,144,1,Unit root,-0.017642269,-0.043883168,-0.043883168,Sweden,1,0,0,0,0,0,0,0,0,0,0,0,0,0,0,0,0,0,0
2006,sweden,144,1,Unit root,-0.017642269,-0.043883168,-0.043883168,Sweden,1,0,0,0,0,0,0,0,0,0,0,0,0,0,0,0,0,0,0
2007,sweden,144,1,Unit root,-0.017642269,-0.043883168,-0.043883168,Sweden,1,0,0,0,0,0,0,0,0,0,0,0,0,0,0,0,0,0,0
2008,sweden,144,0,Unit root,-0.017642269,-0.043883168,-0.017642269,Sweden,1,0,0,0,0,0,0,0,0,0,0,0,0,0,0,0,0,0,0
2009,sweden,144,0,Unit root,-0.017642269,-0.043883168,-0.017642269,Sweden,1,0,0,0,0,0,0,0,0,0,0,0,0,0,0,0,0,0,0
2010,sweden,144,0,Unit root,-0.017642269,-0.043883168,-0.017642269,Sweden,1,0,0,0,0,0,0,0,0,0,0,0,0,0,0,0,0,0,0
2011,sweden,144,0,Unit root,-0.017642269,-0.043883168,-0.017642269,Sweden,1,0,0,0,0,0,0,0,0,0,0,0,0,0,0,0,0,0,0
2012,sweden,144,0,Unit root,-0.017642269,-0.043883168,-0.017642269,Sweden,1,0,0,0,0,0,0,0,0,0,0,0,0,0,0,0,0,0,0
2013,sweden,144,1,Unit root,-0.017642269,-0.043883168,-0.043883168,Sweden,1,0,0,0,0,0,0,0,0,0,0,0,0,0,0,0,0,0,0
2014,sweden,144,1,Unit root,-0.017642269,-0.043883168,-0.043883168,Sweden,1,0,0,0,0,0,0,0,0,0,0,0,0,0,0,0,0,0,0
2015,sweden,144,1,Unit root,-0.017642269,-0.043883168,-0.043883168,Sweden,1,0,0,0,0,0,0,0,0,0,0,0,0,0,0,0,0,0,0
2016,sweden,144,1,Unit root,-0.017642269,-0.043883168,-0.043883168,Sweden,1,0,0,0,0,0,0,0,0,0,0,0,0,0,0,0,0,0,0
2017,sweden,144,1,Unit root,-0.017642269,-0.043883168,-0.043883168,Sweden,1,0,0,0,0,0,0,0,0,0,0,0,0,0,0,0,0,0,0
2018,sweden,144,1,Unit root,-0.017642269,-0.043883168,-0.043883168,Sweden,1,0,0,0,0,0,0,0,0,0,0,0,0,0,0,0,0,0,0
2019,sweden,144,1,Unit root,-0.017642269,-0.043883168,-0.043883168,Sweden,1,0,0,0,0,0,0,0,0,0,0,0,0,0,0,0,0,0,0
2020,sweden,144,1,Unit root,-0.017642269,-0.043883168,-0.043883168,Sweden,1,0,0,0,0,0,0,0,0,0,0,0,0,0,0,0,0,0,0
2021,sweden,144,1,Unit root,-0.017642269,-0.043883168,-0.043883168,Sweden,1,0,0,0,0,0,0,0,0,0,0,0,0,0,0,0,0,0,0
2022,sweden,144,1,Unit root,-0.017642269,-0.043883168,-0.043883168,Sweden,1,0,0,0,0,0,0,0,0,0,0,0,0,0,0,0,0,0,0
2023,sweden,144,0,Unit root,-0.017642269,-0.043883168,-0.017642269,Sweden,1,0,0,0,0,0,0,0,0,0,0,0,0,0,0,0,0,0,0
2024,sweden,144,0,Unit root,-0.017642269,-0.043883168,-0.017642269,Sweden,1,0,0,0,0,0,0,0,0,0,0,0,0,0,0,0,0,0,0
1972,switzerland,146,0,Stationary,-0.430322565,-0.018650475,-0.430322565,Switzerland,1,0,0,0,0,0,0,0,0,0,0,0,0,0,0,0,0,0,0
1973,switzerland,146,0,Stationary,-0.430322565,-0.018650475,-0.430322565,Switzerland,1,0,0,0,0,0,0,0,0,0,0,0,0,0,0,0,0,0,0
1974,switzerland,146,0,Stationary,-0.430322565,-0.018650475,-0.430322565,Switzerland,1,0,0,0,0,0,0,0,0,0,0,0,0,0,0,0,0,0,0
1975,switzerland,146,0,Stationary,-0.430322565,-0.018650475,-0.430322565,Switzerland,1,0,0,0,0,0,0,0,0,0,0,0,0,0,0,0,0,0,0
1976,switzerland,146,0,Stationary,-0.430322565,-0.018650475,-0.430322565,Switzerland,1,0,0,0,0,0,0,0,0,0,0,0,0,0,0,0,0,0,0
1977,switzerland,146,0,Stationary,-0.430322565,-0.018650475,-0.430322565,Switzerland,1,0,0,0,0,0,0,0,0,0,0,0,0,0,0,0,0,0,0
1978,switzerland,146,0,Stationary,-0.430322565,-0.018650475,-0.430322565,Switzerland,1,0,0,0,0,0,0,0,0,0,0,0,0,0,0,0,0,0,0
1979,switzerland,146,0,Stationary,-0.430322565,-0.018650475,-0.430322565,Switzerland,1,0,0,0,0,0,0,0,0,0,0,0,0,0,0,0,0,0,0
1980,switzerland,146,0,Stationary,-0.430322565,-0.018650475,-0.430322565,Switzerland,1,0,0,0,0,0,0,0,0,0,0,0,0,0,0,0,0,0,0
1981,switzerland,146,0,Stationary,-0.430322565,-0.018650475,-0.430322565,Switzerland,1,0,0,0,0,0,0,0,0,0,0,0,0,0,0,0,0,0,0
1982,switzerland,146,0,Stationary,-0.430322565,-0.018650475,-0.430322565,Switzerland,1,0,0,0,0,0,0,0,0,0,0,0,0,0,0,0,0,0,0
1983,switzerland,146,0,Stationary,-0.430322565,-0.018650475,-0.430322565,Switzerland,1,0,0,0,0,0,0,0,0,0,0,0,0,0,0,0,0,0,0
1984,switzerland,146,0,Stationary,-0.430322565,-0.018650475,-0.430322565,Switzerland,1,0,0,0,0,0,0,0,0,0,0,0,0,0,0,0,0,0,0
1985,switzerland,146,0,Stationary,-0.430322565,-0.018650475,-0.430322565,Switzerland,1,0,0,0,0,0,0,0,0,0,0,0,0,0,0,0,0,0,0
1986,switzerland,146,0,Stationary,-0.430322565,-0.018650475,-0.430322565,Switzerland,1,0,0,0,0,0,0,0,0,0,0,0,0,0,0,0,0,0,0
1987,switzerland,146,0,Stationary,-0.430322565,-0.018650475,-0.430322565,Switzerland,1,0,0,0,0,0,0,0,0,0,0,0,0,0,0,0,0,0,0
1988,switzerland,146,0,Stationary,-0.430322565,-0.018650475,-0.430322565,Switzerland,1,0,0,0,0,0,0,0,0,0,0,0,0,0,0,0,0,0,0
1989,switzerland,146,0,Stationary,-0.430322565,-0.018650475,-0.430322565,Switzerland,1,0,0,0,0,0,0,0,0,0,0,0,0,0,0,0,0,0,0
1990,switzerland,146,0,Stationary,-0.430322565,-0.018650475,-0.430322565,Switzerland,1,0,0,0,0,0,0,0,0,0,0,0,0,0,0,0,0,0,0
1991,switzerland,146,0,Stationary,-0.430322565,-0.018650475,-0.430322565,Switzerland,1,0,0,0,0,0,0,0,0,0,0,0,0,0,0,0,0,0,0
1992,switzerland,146,0,Stationary,-0.430322565,-0.018650475,-0.430322565,Switzerland,1,0,0,0,0,0,0,0,0,0,0,0,0,0,0,0,0,0,0
1993,switzerland,146,0,Stationary,-0.430322565,-0.018650475,-0.430322565,Switzerland,1,0,0,0,0,0,0,0,0,0,0,0,0,0,0,0,0,0,0
1994,switzerland,146,0,Stationary,-0.430322565,-0.018650475,-0.430322565,Switzerland,1,0,0,0,0,0,0,0,0,0,0,0,0,0,0,0,0,0,0
1995,switzerland,146,0,Stationary,-0.430322565,-0.018650475,-0.430322565,Switzerland,1,0,0,0,0,0,0,0,0,0,0,0,0,0,0,0,0,0,0
1996,switzerland,146,0,Stationary,-0.430322565,-0.018650475,-0.430322565,Switzerland,1,0,0,0,0,0,0,0,0,0,0,0,0,0,0,0,0,0,0
1997,switzerland,146,0,Stationary,-0.430322565,-0.018650475,-0.430322565,Switzerland,1,0,0,0,0,0,0,0,0,0,0,0,0,0,0,0,0,0,0
1998,switzerland,146,0,Stationary,-0.430322565,-0.018650475,-0.430322565,Switzerland,1,0,0,0,0,0,0,0,0,0,0,0,0,0,0,0,0,0,0
1999,switzerland,146,0,Stationary,-0.430322565,-0.018650475,-0.430322565,Switzerland,1,0,0,0,0,0,0,0,0,0,0,0,0,0,0,0,0,0,0
2000,switzerland,146,1,Unit root,-0.430322565,-0.018650475,-0.018650475,Switzerland,1,0,0,0,0,0,0,0,0,0,0,0,0,0,0,0,0,0,0
2001,switzerland,146,0,Stationary,-0.430322565,-0.018650475,-0.430322565,Switzerland,1,0,0,0,0,0,0,0,0,0,0,0,0,0,0,0,0,0,0
2002,switzerland,146,0,Stationary,-0.430322565,-0.018650475,-0.430322565,Switzerland,1,0,0,0,0,0,0,0,0,0,0,0,0,0,0,0,0,0,0
2003,switzerland,146,0,Stationary,-0.430322565,-0.018650475,-0.430322565,Switzerland,1,0,0,0,0,0,0,0,0,0,0,0,0,0,0,0,0,0,0
2004,switzerland,146,0,Stationary,-0.430322565,-0.018650475,-0.430322565,Switzerland,1,0,0,0,0,0,0,0,0,0,0,0,0,0,0,0,0,0,0
2005,switzerland,146,0,Stationary,-0.430322565,-0.018650475,-0.430322565,Switzerland,1,0,0,0,0,0,0,0,0,0,0,0,0,0,0,0,0,0,0
2006,switzerland,146,1,Unit root,-0.430322565,-0.018650475,-0.018650475,Switzerland,1,0,0,0,0,0,0,0,0,0,0,0,0,0,0,0,0,0,0
2007,switzerland,146,1,Unit root,-0.430322565,-0.018650475,-0.018650475,Switzerland,1,0,0,0,0,0,0,0,0,0,0,0,0,0,0,0,0,0,0
2008,switzerland,146,0,Stationary,-0.430322565,-0.018650475,-0.430322565,Switzerland,1,0,0,0,0,0,0,0,0,0,0,0,0,0,0,0,0,0,0
2009,switzerland,146,1,Unit root,-0.430322565,-0.018650475,-0.018650475,Switzerland,1,0,0,0,0,0,0,0,0,0,0,0,0,0,0,0,0,0,0
2010,switzerland,146,1,Unit root,-0.430322565,-0.018650475,-0.018650475,Switzerland,1,0,0,0,0,0,0,0,0,0,0,0,0,0,0,0,0,0,0
2011,switzerland,146,0,Stationary,-0.430322565,-0.018650475,-0.430322565,Switzerland,1,0,0,0,0,0,0,0,0,0,0,0,0,0,0,0,0,0,0
2012,switzerland,146,1,Unit root,-0.430322565,-0.018650475,-0.018650475,Switzerland,1,0,0,0,0,0,0,0,0,0,0,0,0,0,0,0,0,0,0
2013,switzerland,146,0,Stationary,-0.430322565,-0.018650475,-0.430322565,Switzerland,1,0,0,0,0,0,0,0,0,0,0,0,0,0,0,0,0,0,0
2014,switzerland,146,1,Unit root,-0.430322565,-0.018650475,-0.018650475,Switzerland,1,0,0,0,0,0,0,0,0,0,0,0,0,0,0,0,0,0,0
2015,switzerland,146,0,Stationary,-0.430322565,-0.018650475,-0.430322565,Switzerland,1,0,0,0,0,0,0,0,0,0,0,0,0,0,0,0,0,0,0
2016,switzerland,146,0,Stationary,-0.430322565,-0.018650475,-0.430322565,Switzerland,1,0,0,0,0,0,0,0,0,0,0,0,0,0,0,0,0,0,0
2017,switzerland,146,0,Stationary,-0.430322565,-0.018650475,-0.430322565,Switzerland,1,0,0,0,0,0,0,0,0,0,0,0,0,0,0,0,0,0,0
2018,switzerland,146,0,Stationary,-0.430322565,-0.018650475,-0.430322565,Switzerland,1,0,0,0,0,0,0,0,0,0,0,0,0,0,0,0,0,0,0
2019,switzerland,146,0,Stationary,-0.430322565,-0.018650475,-0.430322565,Switzerland,1,0,0,0,0,0,0,0,0,0,0,0,0,0,0,0,0,0,0
2020,switzerland,146,0,Stationary,-0.430322565,-0.018650475,-0.430322565,Switzerland,1,0,0,0,0,0,0,0,0,0,0,0,0,0,0,0,0,0,0
2021,switzerland,146,0,Stationary,-0.430322565,-0.018650475,-0.430322565,Switzerland,1,0,0,0,0,0,0,0,0,0,0,0,0,0,0,0,0,0,0
2022,switzerland,146,0,Stationary,-0.430322565,-0.018650475,-0.430322565,Switzerland,1,0,0,0,0,0,0,0,0,0,0,0,0,0,0,0,0,0,0
2023,switzerland,146,0,Stationary,-0.430322565,-0.018650475,-0.430322565,Switzerland,1,0,0,0,0,0,0,0,0,0,0,0,0,0,0,0,0,0,0
2024,switzerland,146,0,Stationary,-0.430322565,-0.018650475,-0.430322565,Switzerland,1,0,0,0,0,0,0,0,0,0,0,0,0,0,0,0,0,0,0
1981,taiwan,528,0,Unit root,0.040050788,-0.207340506,0.040050788,Taiwan,1,0,0,0,0,0,0,0,0,0,0,0,0,0,0,0,0,0,0
1982,taiwan,528,0,Unit root,0.040050788,-0.207340506,0.040050788,Taiwan,1,0,0,0,0,0,0,0,0,0,0,0,0,0,0,0,0,0,0
1983,taiwan,528,0,Unit root,0.040050788,-0.207340506,0.040050788,Taiwan,1,0,0,0,0,0,0,0,0,0,0,0,0,0,0,0,0,0,0
1984,taiwan,528,1,Stationary,0.040050788,-0.207340506,-0.207340506,Taiwan,1,0,0,0,0,0,0,0,0,0,0,0,0,0,0,0,0,0,0
1985,taiwan,528,1,Stationary,0.040050788,-0.207340506,-0.207340506,Taiwan,1,0,0,0,0,0,0,0,0,0,0,0,0,0,0,0,0,0,0
1986,taiwan,528,0,Unit root,0.040050788,-0.207340506,0.040050788,Taiwan,1,0,0,0,0,0,0,0,0,0,0,0,0,0,0,0,0,0,0
1987,taiwan,528,0,Unit root,0.040050788,-0.207340506,0.040050788,Taiwan,1,0,0,0,0,0,0,0,0,0,0,0,0,0,0,0,0,0,0
1988,taiwan,528,0,Unit root,0.040050788,-0.207340506,0.040050788,Taiwan,1,0,0,0,0,0,0,0,0,0,0,0,0,0,0,0,0,0,0
1989,taiwan,528,0,Unit root,0.040050788,-0.207340506,0.040050788,Taiwan,1,0,0,0,0,0,0,0,0,0,0,0,0,0,0,0,0,0,0
1990,taiwan,528,0,Unit root,0.040050788,-0.207340506,0.040050788,Taiwan,1,0,0,0,0,0,0,0,0,0,0,0,0,0,0,0,0,0,0
1991,taiwan,528,0,Unit root,0.040050788,-0.207340506,0.040050788,Taiwan,1,0,0,0,0,0,0,0,0,0,0,0,0,0,0,0,0,0,0
1992,taiwan,528,0,Unit root,0.040050788,-0.207340506,0.040050788,Taiwan,1,0,0,0,0,0,0,0,0,0,0,0,0,0,0,0,0,0,0
1993,taiwan,528,0,Unit root,0.040050788,-0.207340506,0.040050788,Taiwan,1,0,0,0,0,0,0,0,0,0,0,0,0,0,0,0,0,0,0
1994,taiwan,528,0,Unit root,0.040050788,-0.207340506,0.040050788,Taiwan,1,0,0,0,0,0,0,0,0,0,0,0,0,0,0,0,0,0,0
1995,taiwan,528,0,Unit root,0.040050788,-0.207340506,0.040050788,Taiwan,1,0,0,0,0,0,0,0,0,0,0,0,0,0,0,0,0,0,0
1996,taiwan,528,0,Unit root,0.040050788,-0.207340506,0.040050788,Taiwan,1,0,0,0,0,0,0,0,0,0,0,0,0,0,0,0,0,0,0
1997,taiwan,528,0,Unit root,0.040050788,-0.207340506,0.040050788,Taiwan,1,0,0,0,0,0,0,0,0,0,0,0,0,0,0,0,0,0,0
1998,taiwan,528,0,Unit root,0.040050788,-0.207340506,0.040050788,Taiwan,1,0,0,0,0,0,0,0,0,0,0,0,0,0,0,0,0,0,0
1999,taiwan,528,0,Unit root,0.040050788,-0.207340506,0.040050788,Taiwan,1,0,0,0,0,0,0,0,0,0,0,0,0,0,0,0,0,0,0
2000,taiwan,528,0,Unit root,0.040050788,-0.207340506,0.040050788,Taiwan,1,0,0,0,0,0,0,0,0,0,0,0,0,0,0,0,0,0,0
2001,taiwan,528,0,Unit root,0.040050788,-0.207340506,0.040050788,Taiwan,1,0,0,0,0,0,0,0,0,0,0,0,0,0,0,0,0,0,0
2002,taiwan,528,0,Unit root,0.040050788,-0.207340506,0.040050788,Taiwan,1,0,0,0,0,0,0,0,0,0,0,0,0,0,0,0,0,0,0
2003,taiwan,528,0,Unit root,0.040050788,-0.207340506,0.040050788,Taiwan,1,0,0,0,0,0,0,0,0,0,0,0,0,0,0,0,0,0,0
2004,taiwan,528,0,Unit root,0.040050788,-0.207340506,0.040050788,Taiwan,1,0,0,0,0,0,0,0,0,0,0,0,0,0,0,0,0,0,0
2005,taiwan,528,0,Unit root,0.040050788,-0.207340506,0.040050788,Taiwan,1,0,0,0,0,0,0,0,0,0,0,0,0,0,0,0,0,0,0
2006,taiwan,528,0,Unit root,0.040050788,-0.207340506,0.040050788,Taiwan,1,0,0,0,0,0,0,0,0,0,0,0,0,0,0,0,0,0,0
2007,taiwan,528,0,Unit root,0.040050788,-0.207340506,0.040050788,Taiwan,1,0,0,0,0,0,0,0,0,0,0,0,0,0,0,0,0,0,0
2008,taiwan,528,0,Unit root,0.040050788,-0.207340506,0.040050788,Taiwan,1,0,0,0,0,0,0,0,0,0,0,0,0,0,0,0,0,0,0
2009,taiwan,528,0,Unit root,0.040050788,-0.207340506,0.040050788,Taiwan,1,0,0,0,0,0,0,0,0,0,0,0,0,0,0,0,0,0,0
2010,taiwan,528,0,Unit root,0.040050788,-0.207340506,0.040050788,Taiwan,1,0,0,0,0,0,0,0,0,0,0,0,0,0,0,0,0,0,0
2011,taiwan,528,0,Unit root,0.040050788,-0.207340506,0.040050788,Taiwan,1,0,0,0,0,0,0,0,0,0,0,0,0,0,0,0,0,0,0
2012,taiwan,528,0,Unit root,0.040050788,-0.207340506,0.040050788,Taiwan,1,0,0,0,0,0,0,0,0,0,0,0,0,0,0,0,0,0,0
2013,taiwan,528,0,Unit root,0.040050788,-0.207340506,0.040050788,Taiwan,1,0,0,0,0,0,0,0,0,0,0,0,0,0,0,0,0,0,0
2014,taiwan,528,0,Unit root,0.040050788,-0.207340506,0.040050788,Taiwan,1,0,0,0,0,0,0,0,0,0,0,0,0,0,0,0,0,0,0
2015,taiwan,528,0,Unit root,0.040050788,-0.207340506,0.040050788,Taiwan,1,0,0,0,0,0,0,0,0,0,0,0,0,0,0,0,0,0,0
2016,taiwan,528,0,Unit root,0.040050788,-0.207340506,0.040050788,Taiwan,1,0,0,0,0,0,0,0,0,0,0,0,0,0,0,0,0,0,0
2017,taiwan,528,1,Stationary,0.040050788,-0.207340506,-0.207340506,Taiwan,1,0,0,0,0,0,0,0,0,0,0,0,0,0,0,0,0,0,0
2018,taiwan,528,0,Unit root,0.040050788,-0.207340506,0.040050788,Taiwan,1,0,0,0,0,0,0,0,0,0,0,0,0,0,0,0,0,0,0
2019,taiwan,528,0,Unit root,0.040050788,-0.207340506,0.040050788,Taiwan,1,0,0,0,0,0,0,0,0,0,0,0,0,0,0,0,0,0,0
1976,thailand,578,0,Unit root,-0.157126319,-0.030607273,-0.157126319,Thailand,0,0,1,0,1,0,0,0,0,0,0,0,0,0,0,0,0,0,0
1977,thailand,578,1,Unit root,-0.157126319,-0.030607273,-0.030607273,Thailand,0,0,1,0,1,0,0,0,0,0,0,0,0,0,0,0,0,0,0
1978,thailand,578,0,Unit root,-0.157126319,-0.030607273,-0.157126319,Thailand,0,0,1,0,1,0,0,0,0,0,0,0,0,0,0,0,0,0,0
1979,thailand,578,1,Unit root,-0.157126319,-0.030607273,-0.030607273,Thailand,0,0,1,0,1,0,0,0,0,0,0,0,0,0,0,0,0,0,0
1980,thailand,578,1,Unit root,-0.157126319,-0.030607273,-0.030607273,Thailand,0,0,1,0,1,0,0,0,0,0,0,0,0,0,0,0,0,0,0
1981,thailand,578,1,Unit root,-0.157126319,-0.030607273,-0.030607273,Thailand,0,0,1,0,1,0,0,0,0,0,0,0,0,0,0,0,0,0,0
1982,thailand,578,0,Unit root,-0.157126319,-0.030607273,-0.157126319,Thailand,0,0,1,0,1,0,0,0,0,0,0,0,0,0,0,0,0,0,0
1983,thailand,578,0,Unit root,-0.157126319,-0.030607273,-0.157126319,Thailand,0,0,1,0,1,0,0,0,0,0,0,0,0,0,0,0,0,0,0
1984,thailand,578,1,Unit root,-0.157126319,-0.030607273,-0.030607273,Thailand,0,0,1,0,1,0,0,0,0,0,0,0,0,0,0,0,0,0,0
1985,thailand,578,0,Unit root,-0.157126319,-0.030607273,-0.157126319,Thailand,0,0,1,0,1,0,0,0,0,0,0,0,0,0,0,0,0,0,0
1986,thailand,578,0,Unit root,-0.157126319,-0.030607273,-0.157126319,Thailand,0,0,1,0,1,0,0,0,0,0,0,0,0,0,0,0,0,0,0
1987,thailand,578,0,Unit root,-0.157126319,-0.030607273,-0.157126319,Thailand,0,0,1,0,1,0,0,0,0,0,0,0,0,0,0,0,0,0,0
1988,thailand,578,1,Unit root,-0.157126319,-0.030607273,-0.030607273,Thailand,0,0,1,0,1,0,0,0,0,0,0,0,0,0,0,0,0,0,0
1989,thailand,578,0,Unit root,-0.157126319,-0.030607273,-0.157126319,Thailand,0,0,1,0,1,0,0,0,0,0,0,0,0,0,0,0,0,0,0
1990,thailand,578,1,Unit root,-0.157126319,-0.030607273,-0.030607273,Thailand,0,0,1,0,1,0,0,0,0,0,0,0,0,0,0,0,0,0,0
1991,thailand,578,1,Unit root,-0.157126319,-0.030607273,-0.030607273,Thailand,0,0,1,0,1,0,0,0,0,0,0,0,0,0,0,0,0,0,0
1992,thailand,578,1,Unit root,-0.157126319,-0.030607273,-0.030607273,Thailand,0,0,1,0,1,0,0,0,0,0,0,0,0,0,0,0,0,0,0
1993,thailand,578,0,Unit root,-0.157126319,-0.030607273,-0.157126319,Thailand,0,0,1,0,1,0,0,0,0,0,0,0,0,0,0,0,0,0,0
1994,thailand,578,0,Unit root,-0.157126319,-0.030607273,-0.157126319,Thailand,0,0,1,0,1,0,0,0,0,0,0,0,0,0,0,0,0,0,0
1995,thailand,578,0,Unit root,-0.157126319,-0.030607273,-0.157126319,Thailand,0,0,1,0,1,0,0,0,0,0,0,0,0,0,0,0,0,0,0
1996,thailand,578,0,Unit root,-0.157126319,-0.030607273,-0.157126319,Thailand,0,0,1,0,1,0,0,0,0,0,0,0,0,0,0,0,0,0,0
1997,thailand,578,0,Unit root,-0.157126319,-0.030607273,-0.157126319,Thailand,0,0,1,0,1,0,0,0,0,0,0,0,0,0,0,0,0,0,0
1998,thailand,578,0,Unit root,-0.157126319,-0.030607273,-0.157126319,Thailand,0,0,1,0,1,0,0,0,0,0,0,0,0,0,0,0,0,0,0
1999,thailand,578,0,Unit root,-0.157126319,-0.030607273,-0.157126319,Thailand,0,0,1,0,1,0,0,0,0,0,0,0,0,0,0,0,0,0,0
2000,thailand,578,1,Unit root,-0.157126319,-0.030607273,-0.030607273,Thailand,0,0,1,0,1,0,0,0,0,0,0,0,0,0,0,0,0,0,0
2001,thailand,578,0,Unit root,-0.157126319,-0.030607273,-0.157126319,Thailand,0,0,1,0,1,0,0,0,0,0,0,0,0,0,0,0,0,0,0
2002,thailand,578,0,Unit root,-0.157126319,-0.030607273,-0.157126319,Thailand,0,0,1,0,1,0,0,0,0,0,0,0,0,0,0,0,0,0,0
2003,thailand,578,0,Unit root,-0.157126319,-0.030607273,-0.157126319,Thailand,0,0,1,0,1,0,0,0,0,0,0,0,0,0,0,0,0,0,0
2004,thailand,578,1,Unit root,-0.157126319,-0.030607273,-0.030607273,Thailand,0,0,1,0,1,0,0,0,0,0,0,0,0,0,0,0,0,0,0
2005,thailand,578,0,Unit root,-0.157126319,-0.030607273,-0.157126319,Thailand,0,0,1,0,1,0,0,0,0,0,0,0,0,0,0,0,0,0,0
2006,thailand,578,0,Unit root,-0.157126319,-0.030607273,-0.157126319,Thailand,0,0,1,0,1,0,0,0,0,0,0,0,0,0,0,0,0,0,0
2007,thailand,578,1,Unit root,-0.157126319,-0.030607273,-0.030607273,Thailand,0,0,1,0,1,0,0,0,0,0,0,0,0,0,0,0,0,0,0
2008,thailand,578,1,Unit root,-0.157126319,-0.030607273,-0.030607273,Thailand,0,0,1,0,1,0,0,0,0,0,0,0,0,0,0,0,0,0,0
2009,thailand,578,1,Unit root,-0.157126319,-0.030607273,-0.030607273,Thailand,0,0,1,0,1,0,0,0,0,0,0,0,0,0,0,0,0,0,0
2010,thailand,578,0,Unit root,-0.157126319,-0.030607273,-0.157126319,Thailand,0,0,1,0,1,0,0,0,0,0,0,0,0,0,0,0,0,0,0
2011,thailand,578,1,Unit root,-0.157126319,-0.030607273,-0.030607273,Thailand,0,0,1,0,1,0,0,0,0,0,0,0,0,0,0,0,0,0,0
2012,thailand,578,1,Unit root,-0.157126319,-0.030607273,-0.030607273,Thailand,0,0,1,0,1,0,0,0,0,0,0,0,0,0,0,0,0,0,0
2013,thailand,578,1,Unit root,-0.157126319,-0.030607273,-0.030607273,Thailand,0,0,1,0,1,0,0,0,0,0,0,0,0,0,0,0,0,0,0
2014,thailand,578,0,Unit root,-0.157126319,-0.030607273,-0.157126319,Thailand,0,0,1,0,1,0,0,0,0,0,0,0,0,0,0,0,0,0,0
2015,thailand,578,0,Unit root,-0.157126319,-0.030607273,-0.157126319,Thailand,0,0,1,0,1,0,0,0,0,0,0,0,0,0,0,0,0,0,0
2016,thailand,578,0,Unit root,-0.157126319,-0.030607273,-0.157126319,Thailand,0,0,1,0,1,0,0,0,0,0,0,0,0,0,0,0,0,0,0
2017,thailand,578,1,Unit root,-0.157126319,-0.030607273,-0.030607273,Thailand,0,0,1,0,1,0,0,0,0,0,0,0,0,0,0,0,0,0,0
2018,thailand,578,0,Unit root,-0.157126319,-0.030607273,-0.157126319,Thailand,0,0,1,0,1,0,0,0,0,0,0,0,0,0,0,0,0,0,0
2019,thailand,578,0,Unit root,-0.157126319,-0.030607273,-0.157126319,Thailand,0,0,1,0,1,0,0,0,0,0,0,0,0,0,0,0,0,0,0
1987,turkey,186,0,Stationary,-1.095606566,-0.18119106,-1.095606566,Turkey,0,0,1,0,0,1,0,0,1,0,1,0,0,0,0,0,0,0,0
1988,turkey,186,1,Stationary,-1.095606566,-0.18119106,-0.18119106,Turkey,0,0,1,0,0,1,0,0,1,0,1,0,0,0,0,0,0,0,0
1989,turkey,186,1,Stationary,-1.095606566,-0.18119106,-0.18119106,Turkey,0,0,1,0,0,1,0,0,1,0,1,0,0,0,0,0,0,0,0
1990,turkey,186,1,Stationary,-1.095606566,-0.18119106,-0.18119106,Turkey,0,0,1,0,0,1,0,0,1,0,1,0,0,0,0,0,0,0,0
1991,turkey,186,1,Stationary,-1.095606566,-0.18119106,-0.18119106,Turkey,0,0,1,0,0,1,0,0,1,0,1,0,0,0,0,0,0,0,0
1992,turkey,186,1,Stationary,-1.095606566,-0.18119106,-0.18119106,Turkey,0,0,1,0,0,1,0,0,1,0,1,0,0,0,0,0,0,0,0
1993,turkey,186,1,Stationary,-1.095606566,-0.18119106,-0.18119106,Turkey,0,0,1,0,0,1,0,0,1,0,1,0,0,0,0,0,0,0,0
1994,turkey,186,1,Stationary,-1.095606566,-0.18119106,-0.18119106,Turkey,0,0,1,0,0,1,0,0,1,0,1,0,0,0,0,0,0,0,0
1995,turkey,186,1,Stationary,-1.095606566,-0.18119106,-0.18119106,Turkey,0,0,1,0,0,1,0,0,1,0,1,0,0,0,0,0,0,0,0
1996,turkey,186,1,Stationary,-1.095606566,-0.18119106,-0.18119106,Turkey,0,0,1,0,0,1,0,0,1,0,1,0,0,0,0,0,0,0,0
1997,turkey,186,1,Stationary,-1.095606566,-0.18119106,-0.18119106,Turkey,0,0,1,0,0,1,0,0,1,0,1,0,0,0,0,0,0,0,0
1998,turkey,186,1,Stationary,-1.095606566,-0.18119106,-0.18119106,Turkey,0,0,1,0,0,1,0,0,1,0,1,0,0,0,0,0,0,0,0
1999,turkey,186,1,Stationary,-1.095606566,-0.18119106,-0.18119106,Turkey,0,0,1,0,0,1,0,0,1,0,1,0,0,0,0,0,0,0,0
2000,turkey,186,1,Stationary,-1.095606566,-0.18119106,-0.18119106,Turkey,0,0,1,0,0,1,0,0,1,0,1,0,0,0,0,0,0,0,0
2001,turkey,186,1,Stationary,-1.095606566,-0.18119106,-0.18119106,Turkey,0,0,1,0,0,1,0,0,1,0,1,0,0,0,0,0,0,0,0
2002,turkey,186,1,Stationary,-1.095606566,-0.18119106,-0.18119106,Turkey,0,0,1,0,0,1,0,0,1,0,1,0,0,0,0,0,0,0,0
2003,turkey,186,0,Stationary,-1.095606566,-0.18119106,-1.095606566,Turkey,0,0,1,0,0,1,0,0,1,0,1,0,0,0,0,0,0,0,0
2004,turkey,186,0,Stationary,-1.095606566,-0.18119106,-1.095606566,Turkey,0,0,1,0,0,1,0,0,1,0,1,0,0,0,0,0,0,0,0
2005,turkey,186,0,Stationary,-1.095606566,-0.18119106,-1.095606566,Turkey,0,0,1,0,0,1,0,0,1,0,1,0,0,0,0,0,0,0,0
2006,turkey,186,0,Stationary,-1.095606566,-0.18119106,-1.095606566,Turkey,0,0,1,0,0,1,0,0,1,0,1,0,0,0,0,0,0,0,0
2007,turkey,186,0,Stationary,-1.095606566,-0.18119106,-1.095606566,Turkey,0,0,1,0,0,1,0,0,1,0,1,0,0,0,0,0,0,0,0
2008,turkey,186,0,Stationary,-1.095606566,-0.18119106,-1.095606566,Turkey,0,0,1,0,0,1,0,0,1,0,1,0,0,0,0,0,0,0,0
2009,turkey,186,0,Stationary,-1.095606566,-0.18119106,-1.095606566,Turkey,0,0,1,0,0,1,0,0,1,0,1,0,0,0,0,0,0,0,0
2010,turkey,186,0,Stationary,-1.095606566,-0.18119106,-1.095606566,Turkey,0,0,1,0,0,1,0,0,1,0,1,0,0,0,0,0,0,0,0
2011,turkey,186,0,Stationary,-1.095606566,-0.18119106,-1.095606566,Turkey,0,0,1,0,0,1,0,0,1,0,1,0,0,0,0,0,0,0,0
2012,turkey,186,0,Stationary,-1.095606566,-0.18119106,-1.095606566,Turkey,0,0,1,0,0,1,0,0,1,0,1,0,0,0,0,0,0,0,0
2013,turkey,186,0,Stationary,-1.095606566,-0.18119106,-1.095606566,Turkey,0,0,1,0,0,1,0,0,1,0,1,0,0,0,0,0,0,0,0
2014,turkey,186,0,Stationary,-1.095606566,-0.18119106,-1.095606566,Turkey,0,0,1,0,0,1,0,0,1,0,1,0,0,0,0,0,0,0,0
2015,turkey,186,0,Stationary,-1.095606566,-0.18119106,-1.095606566,Turkey,0,0,1,0,0,1,0,0,1,0,1,0,0,0,0,0,0,0,0
2016,turkey,186,0,Stationary,-1.095606566,-0.18119106,-1.095606566,Turkey,0,0,1,0,0,1,0,0,1,0,1,0,0,0,0,0,0,0,0
2017,turkey,186,1,Stationary,-1.095606566,-0.18119106,-0.18119106,Turkey,0,0,1,0,0,1,0,0,1,0,1,0,0,0,0,0,0,0,0
2018,turkey,186,1,Stationary,-1.095606566,-0.18119106,-0.18119106,Turkey,0,0,1,0,0,1,0,0,1,0,1,0,0,0,0,0,0,0,0
2019,turkey,186,1,Stationary,-1.095606566,-0.18119106,-0.18119106,Turkey,0,0,1,0,0,1,0,0,1,0,1,0,0,0,0,0,0,0,0
2020,turkey,186,1,Stationary,-1.095606566,-0.18119106,-0.18119106,Turkey,0,0,1,0,0,1,0,0,1,0,1,0,0,0,0,0,0,0,0
2021,turkey,186,0,Stationary,-1.095606566,-0.18119106,-1.095606566,Turkey,0,0,1,0,0,1,0,0,1,0,1,0,0,0,0,0,0,0,0
2022,turkey,186,0,Stationary,-1.095606566,-0.18119106,-1.095606566,Turkey,0,0,1,0,0,1,0,0,1,0,1,0,0,0,0,0,0,0,0
2023,turkey,186,0,Stationary,-1.095606566,-0.18119106,-1.095606566,Turkey,0,0,1,0,0,1,0,0,1,0,1,0,0,0,0,0,0,0,0
2024,turkey,186,0,Stationary,-1.095606566,-0.18119106,-1.095606566,Turkey,0,0,1,0,0,1,0,0,1,0,1,0,0,0,0,0,0,0,0
1960,united kingdom,112,0,Unit root,-0.330185746,-0.062982435,-0.330185746,United Kingdom,1,1,0,0,0,0,0,0,0,0,1,1,0,0,0,0,0,0,0
1961,united kingdom,112,0,Unit root,-0.330185746,-0.062982435,-0.330185746,United Kingdom,1,1,0,0,0,0,0,0,0,0,1,1,0,0,0,0,0,0,0
1962,united kingdom,112,0,Unit root,-0.330185746,-0.062982435,-0.330185746,United Kingdom,1,1,0,0,0,0,0,0,0,0,1,1,0,0,0,0,0,0,0
1963,united kingdom,112,0,Unit root,-0.330185746,-0.062982435,-0.330185746,United Kingdom,1,1,0,0,0,0,0,0,0,0,1,1,0,0,0,0,0,0,0
1964,united kingdom,112,0,Unit root,-0.330185746,-0.062982435,-0.330185746,United Kingdom,1,1,0,0,0,0,0,0,0,0,1,1,0,0,0,0,0,0,0
1965,united kingdom,112,0,Unit root,-0.330185746,-0.062982435,-0.330185746,United Kingdom,1,1,0,0,0,0,0,0,0,0,1,1,0,0,0,0,0,0,0
1966,united kingdom,112,0,Unit root,-0.330185746,-0.062982435,-0.330185746,United Kingdom,1,1,0,0,0,0,0,0,0,0,1,1,0,0,0,0,0,0,0
1967,united kingdom,112,0,Unit root,-0.330185746,-0.062982435,-0.330185746,United Kingdom,1,1,0,0,0,0,0,0,0,0,1,1,0,0,0,0,0,0,0
1968,united kingdom,112,0,Unit root,-0.330185746,-0.062982435,-0.330185746,United Kingdom,1,1,0,0,0,0,0,0,0,0,1,1,0,0,0,0,0,0,0
1969,united kingdom,112,0,Unit root,-0.330185746,-0.062982435,-0.330185746,United Kingdom,1,1,0,0,0,0,0,0,0,0,1,1,0,0,0,0,0,0,0
1970,united kingdom,112,0,Unit root,-0.330185746,-0.062982435,-0.330185746,United Kingdom,1,1,0,0,0,0,0,0,0,0,1,1,0,0,0,0,0,0,0
1971,united kingdom,112,0,Unit root,-0.330185746,-0.062982435,-0.330185746,United Kingdom,1,1,0,0,0,0,0,0,0,0,1,1,0,0,0,0,0,0,0
1972,united kingdom,112,0,Unit root,-0.330185746,-0.062982435,-0.330185746,United Kingdom,1,1,0,0,0,0,0,0,0,0,1,1,0,0,0,0,0,0,0
1973,united kingdom,112,0,Unit root,-0.330185746,-0.062982435,-0.330185746,United Kingdom,1,1,0,0,0,0,0,0,0,0,1,1,0,0,0,0,0,0,0
1974,united kingdom,112,1,Unit root,-0.330185746,-0.062982435,-0.062982435,United Kingdom,1,1,0,0,0,0,0,0,0,0,1,1,0,0,0,0,0,0,0
1975,united kingdom,112,0,Unit root,-0.330185746,-0.062982435,-0.330185746,United Kingdom,1,1,0,0,0,0,0,0,0,0,1,1,0,0,0,0,0,0,0
1976,united kingdom,112,1,Unit root,-0.330185746,-0.062982435,-0.062982435,United Kingdom,1,1,0,0,0,0,0,0,0,0,1,1,0,0,0,0,0,0,0
1977,united kingdom,112,0,Unit root,-0.330185746,-0.062982435,-0.330185746,United Kingdom,1,1,0,0,0,0,0,0,0,0,1,1,0,0,0,0,0,0,0
1978,united kingdom,112,0,Unit root,-0.330185746,-0.062982435,-0.330185746,United Kingdom,1,1,0,0,0,0,0,0,0,0,1,1,0,0,0,0,0,0,0
1979,united kingdom,112,0,Unit root,-0.330185746,-0.062982435,-0.330185746,United Kingdom,1,1,0,0,0,0,0,0,0,0,1,1,0,0,0,0,0,0,0
1980,united kingdom,112,1,Unit root,-0.330185746,-0.062982435,-0.062982435,United Kingdom,1,1,0,0,0,0,0,0,0,0,1,1,0,0,0,0,0,0,0
1981,united kingdom,112,1,Unit root,-0.330185746,-0.062982435,-0.062982435,United Kingdom,1,1,0,0,0,0,0,0,0,0,1,1,0,0,0,0,0,0,0
1982,united kingdom,112,0,Unit root,-0.330185746,-0.062982435,-0.330185746,United Kingdom,1,1,0,0,0,0,0,0,0,0,1,1,0,0,0,0,0,0,0
1983,united kingdom,112,0,Unit root,-0.330185746,-0.062982435,-0.330185746,United Kingdom,1,1,0,0,0,0,0,0,0,0,1,1,0,0,0,0,0,0,0
1984,united kingdom,112,0,Unit root,-0.330185746,-0.062982435,-0.330185746,United Kingdom,1,1,0,0,0,0,0,0,0,0,1,1,0,0,0,0,0,0,0
1985,united kingdom,112,0,Unit root,-0.330185746,-0.062982435,-0.330185746,United Kingdom,1,1,0,0,0,0,0,0,0,0,1,1,0,0,0,0,0,0,0
1986,united kingdom,112,0,Unit root,-0.330185746,-0.062982435,-0.330185746,United Kingdom,1,1,0,0,0,0,0,0,0,0,1,1,0,0,0,0,0,0,0
1987,united kingdom,112,0,Unit root,-0.330185746,-0.062982435,-0.330185746,United Kingdom,1,1,0,0,0,0,0,0,0,0,1,1,0,0,0,0,0,0,0
1988,united kingdom,112,0,Unit root,-0.330185746,-0.062982435,-0.330185746,United Kingdom,1,1,0,0,0,0,0,0,0,0,1,1,0,0,0,0,0,0,0
1989,united kingdom,112,1,Unit root,-0.330185746,-0.062982435,-0.062982435,United Kingdom,1,1,0,0,0,0,0,0,0,0,1,1,0,0,0,0,0,0,0
1990,united kingdom,112,1,Unit root,-0.330185746,-0.062982435,-0.062982435,United Kingdom,1,1,0,0,0,0,0,0,0,0,1,1,0,0,0,0,0,0,0
1991,united kingdom,112,0,Unit root,-0.330185746,-0.062982435,-0.330185746,United Kingdom,1,1,0,0,0,0,0,0,0,0,1,1,0,0,0,0,0,0,0
1992,united kingdom,112,0,Unit root,-0.330185746,-0.062982435,-0.330185746,United Kingdom,1,1,0,0,0,0,0,0,0,0,1,1,0,0,0,0,0,0,0
1993,united kingdom,112,0,Unit root,-0.330185746,-0.062982435,-0.330185746,United Kingdom,1,1,0,0,0,0,0,0,0,0,1,1,0,0,0,0,0,0,0
1994,united kingdom,112,0,Unit root,-0.330185746,-0.062982435,-0.330185746,United Kingdom,1,1,0,0,0,0,0,0,0,0,1,1,0,0,0,0,0,0,0
1995,united kingdom,112,0,Unit root,-0.330185746,-0.062982435,-0.330185746,United Kingdom,1,1,0,0,0,0,0,0,0,0,1,1,0,0,0,0,0,0,0
1996,united kingdom,112,0,Unit root,-0.330185746,-0.062982435,-0.330185746,United Kingdom,1,1,0,0,0,0,0,0,0,0,1,1,0,0,0,0,0,0,0
1997,united kingdom,112,0,Unit root,-0.330185746,-0.062982435,-0.330185746,United Kingdom,1,1,0,0,0,0,0,0,0,0,1,1,0,0,0,0,0,0,0
1998,united kingdom,112,0,Unit root,-0.330185746,-0.062982435,-0.330185746,United Kingdom,1,1,0,0,0,0,0,0,0,0,1,1,0,0,0,0,0,0,0
1999,united kingdom,112,0,Unit root,-0.330185746,-0.062982435,-0.330185746,United Kingdom,1,1,0,0,0,0,0,0,0,0,1,1,0,0,0,0,0,0,0
2000,united kingdom,112,0,Unit root,-0.330185746,-0.062982435,-0.330185746,United Kingdom,1,1,0,0,0,0,0,0,0,0,1,1,0,0,0,0,0,0,0
2001,united kingdom,112,0,Unit root,-0.330185746,-0.062982435,-0.330185746,United Kingdom,1,1,0,0,0,0,0,0,0,0,1,1,0,0,0,0,0,0,0
2002,united kingdom,112,0,Unit root,-0.330185746,-0.062982435,-0.330185746,United Kingdom,1,1,0,0,0,0,0,0,0,0,1,1,0,0,0,0,0,0,0
2003,united kingdom,112,0,Unit root,-0.330185746,-0.062982435,-0.330185746,United Kingdom,1,1,0,0,0,0,0,0,0,0,1,1,0,0,0,0,0,0,0
2004,united kingdom,112,0,Unit root,-0.330185746,-0.062982435,-0.330185746,United Kingdom,1,1,0,0,0,0,0,0,0,0,1,1,0,0,0,0,0,0,0
2005,united kingdom,112,0,Unit root,-0.330185746,-0.062982435,-0.330185746,United Kingdom,1,1,0,0,0,0,0,0,0,0,1,1,0,0,0,0,0,0,0
2006,united kingdom,112,0,Unit root,-0.330185746,-0.062982435,-0.330185746,United Kingdom,1,1,0,0,0,0,0,0,0,0,1,1,0,0,0,0,0,0,0
2007,united kingdom,112,0,Unit root,-0.330185746,-0.062982435,-0.330185746,United Kingdom,1,1,0,0,0,0,0,0,0,0,1,1,0,0,0,0,0,0,0
2008,united kingdom,112,0,Unit root,-0.330185746,-0.062982435,-0.330185746,United Kingdom,1,1,0,0,0,0,0,0,0,0,1,1,0,0,0,0,0,0,0
2009,united kingdom,112,0,Unit root,-0.330185746,-0.062982435,-0.330185746,United Kingdom,1,1,0,0,0,0,0,0,0,0,1,1,0,0,0,0,0,0,0
2010,united kingdom,112,1,Unit root,-0.330185746,-0.062982435,-0.062982435,United Kingdom,1,1,0,0,0,0,0,0,0,0,1,1,0,0,0,0,0,0,0
2011,united kingdom,112,0,Unit root,-0.330185746,-0.062982435,-0.330185746,United Kingdom,1,1,0,0,0,0,0,0,0,0,1,1,0,0,0,0,0,0,0
2012,united kingdom,112,0,Unit root,-0.330185746,-0.062982435,-0.330185746,United Kingdom,1,1,0,0,0,0,0,0,0,0,1,1,0,0,0,0,0,0,0
2013,united kingdom,112,0,Unit root,-0.330185746,-0.062982435,-0.330185746,United Kingdom,1,1,0,0,0,0,0,0,0,0,1,1,0,0,0,0,0,0,0
2014,united kingdom,112,1,Unit root,-0.330185746,-0.062982435,-0.062982435,United Kingdom,1,1,0,0,0,0,0,0,0,0,1,1,0,0,0,0,0,0,0
2015,united kingdom,112,1,Unit root,-0.330185746,-0.062982435,-0.062982435,United Kingdom,1,1,0,0,0,0,0,0,0,0,1,1,0,0,0,0,0,0,0
2016,united kingdom,112,1,Unit root,-0.330185746,-0.062982435,-0.062982435,United Kingdom,1,1,0,0,0,0,0,0,0,0,1,1,0,0,0,0,0,0,0
2017,united kingdom,112,0,Unit root,-0.330185746,-0.062982435,-0.330185746,United Kingdom,1,1,0,0,0,0,0,0,0,0,1,1,0,0,0,0,0,0,0
2018,united kingdom,112,0,Unit root,-0.330185746,-0.062982435,-0.330185746,United Kingdom,1,1,0,0,0,0,0,0,0,0,1,1,0,0,0,0,0,0,0
2019,united kingdom,112,0,Unit root,-0.330185746,-0.062982435,-0.330185746,United Kingdom,1,1,0,0,0,0,0,0,0,0,1,1,0,0,0,0,0,0,0
2020,united kingdom,112,1,Unit root,-0.330185746,-0.062982435,-0.062982435,United Kingdom,1,1,0,0,0,0,0,0,0,0,1,1,0,0,0,0,0,0,0
2021,united kingdom,112,0,Unit root,-0.330185746,-0.062982435,-0.330185746,United Kingdom,1,1,0,0,0,0,0,0,0,0,1,1,0,0,0,0,0,0,0
2022,united kingdom,112,0,Unit root,-0.330185746,-0.062982435,-0.330185746,United Kingdom,1,1,0,0,0,0,0,0,0,0,1,1,0,0,0,0,0,0,0
2023,united kingdom,112,0,Unit root,-0.330185746,-0.062982435,-0.330185746,United Kingdom,1,1,0,0,0,0,0,0,0,0,1,1,0,0,0,0,0,0,0
2024,united kingdom,112,0,Unit root,-0.330185746,-0.062982435,-0.330185746,United Kingdom,1,1,0,0,0,0,0,0,0,0,1,1,0,0,0,0,0,0,0
1960,united states,111,0,Stationary,-0.372251647,0.008050205,-0.372251647,United States,1,1,0,0,0,0,0,0,0,0,1,1,0,0,0,0,0,0,0
1961,united states,111,0,Stationary,-0.372251647,0.008050205,-0.372251647,United States,1,1,0,0,0,0,0,0,0,0,1,1,0,0,0,0,0,0,0
1962,united states,111,0,Stationary,-0.372251647,0.008050205,-0.372251647,United States,1,1,0,0,0,0,0,0,0,0,1,1,0,0,0,0,0,0,0
1963,united states,111,0,Stationary,-0.372251647,0.008050205,-0.372251647,United States,1,1,0,0,0,0,0,0,0,0,1,1,0,0,0,0,0,0,0
1964,united states,111,0,Stationary,-0.372251647,0.008050205,-0.372251647,United States,1,1,0,0,0,0,0,0,0,0,1,1,0,0,0,0,0,0,0
1965,united states,111,0,Stationary,-0.372251647,0.008050205,-0.372251647,United States,1,1,0,0,0,0,0,0,0,0,1,1,0,0,0,0,0,0,0
1966,united states,111,0,Stationary,-0.372251647,0.008050205,-0.372251647,United States,1,1,0,0,0,0,0,0,0,0,1,1,0,0,0,0,0,0,0
1967,united states,111,0,Stationary,-0.372251647,0.008050205,-0.372251647,United States,1,1,0,0,0,0,0,0,0,0,1,1,0,0,0,0,0,0,0
1968,united states,111,0,Stationary,-0.372251647,0.008050205,-0.372251647,United States,1,1,0,0,0,0,0,0,0,0,1,1,0,0,0,0,0,0,0
1969,united states,111,0,Stationary,-0.372251647,0.008050205,-0.372251647,United States,1,1,0,0,0,0,0,0,0,0,1,1,0,0,0,0,0,0,0
1970,united states,111,0,Stationary,-0.372251647,0.008050205,-0.372251647,United States,1,1,0,0,0,0,0,0,0,0,1,1,0,0,0,0,0,0,0
1971,united states,111,0,Stationary,-0.372251647,0.008050205,-0.372251647,United States,1,1,0,0,0,0,0,0,0,0,1,1,0,0,0,0,0,0,0
1972,united states,111,0,Stationary,-0.372251647,0.008050205,-0.372251647,United States,1,1,0,0,0,0,0,0,0,0,1,1,0,0,0,0,0,0,0
1973,united states,111,0,Stationary,-0.372251647,0.008050205,-0.372251647,United States,1,1,0,0,0,0,0,0,0,0,1,1,0,0,0,0,0,0,0
1974,united states,111,0,Stationary,-0.372251647,0.008050205,-0.372251647,United States,1,1,0,0,0,0,0,0,0,0,1,1,0,0,0,0,0,0,0
1975,united states,111,0,Stationary,-0.372251647,0.008050205,-0.372251647,United States,1,1,0,0,0,0,0,0,0,0,1,1,0,0,0,0,0,0,0
1976,united states,111,0,Stationary,-0.372251647,0.008050205,-0.372251647,United States,1,1,0,0,0,0,0,0,0,0,1,1,0,0,0,0,0,0,0
1977,united states,111,0,Stationary,-0.372251647,0.008050205,-0.372251647,United States,1,1,0,0,0,0,0,0,0,0,1,1,0,0,0,0,0,0,0
1978,united states,111,0,Stationary,-0.372251647,0.008050205,-0.372251647,United States,1,1,0,0,0,0,0,0,0,0,1,1,0,0,0,0,0,0,0
1979,united states,111,0,Stationary,-0.372251647,0.008050205,-0.372251647,United States,1,1,0,0,0,0,0,0,0,0,1,1,0,0,0,0,0,0,0
1980,united states,111,0,Stationary,-0.372251647,0.008050205,-0.372251647,United States,1,1,0,0,0,0,0,0,0,0,1,1,0,0,0,0,0,0,0
1981,united states,111,0,Stationary,-0.372251647,0.008050205,-0.372251647,United States,1,1,0,0,0,0,0,0,0,0,1,1,0,0,0,0,0,0,0
1982,united states,111,0,Stationary,-0.372251647,0.008050205,-0.372251647,United States,1,1,0,0,0,0,0,0,0,0,1,1,0,0,0,0,0,0,0
1983,united states,111,0,Stationary,-0.372251647,0.008050205,-0.372251647,United States,1,1,0,0,0,0,0,0,0,0,1,1,0,0,0,0,0,0,0
1984,united states,111,0,Stationary,-0.372251647,0.008050205,-0.372251647,United States,1,1,0,0,0,0,0,0,0,0,1,1,0,0,0,0,0,0,0
1985,united states,111,0,Stationary,-0.372251647,0.008050205,-0.372251647,United States,1,1,0,0,0,0,0,0,0,0,1,1,0,0,0,0,0,0,0
1986,united states,111,0,Stationary,-0.372251647,0.008050205,-0.372251647,United States,1,1,0,0,0,0,0,0,0,0,1,1,0,0,0,0,0,0,0
1987,united states,111,0,Stationary,-0.372251647,0.008050205,-0.372251647,United States,1,1,0,0,0,0,0,0,0,0,1,1,0,0,0,0,0,0,0
1988,united states,111,0,Stationary,-0.372251647,0.008050205,-0.372251647,United States,1,1,0,0,0,0,0,0,0,0,1,1,0,0,0,0,0,0,0
1989,united states,111,0,Stationary,-0.372251647,0.008050205,-0.372251647,United States,1,1,0,0,0,0,0,0,0,0,1,1,0,0,0,0,0,0,0
1990,united states,111,1,Unit root,-0.372251647,0.008050205,0.008050205,United States,1,1,0,0,0,0,0,0,0,0,1,1,0,0,0,0,0,0,0
1991,united states,111,0,Stationary,-0.372251647,0.008050205,-0.372251647,United States,1,1,0,0,0,0,0,0,0,0,1,1,0,0,0,0,0,0,0
1992,united states,111,0,Stationary,-0.372251647,0.008050205,-0.372251647,United States,1,1,0,0,0,0,0,0,0,0,1,1,0,0,0,0,0,0,0
1993,united states,111,0,Stationary,-0.372251647,0.008050205,-0.372251647,United States,1,1,0,0,0,0,0,0,0,0,1,1,0,0,0,0,0,0,0
1994,united states,111,0,Stationary,-0.372251647,0.008050205,-0.372251647,United States,1,1,0,0,0,0,0,0,0,0,1,1,0,0,0,0,0,0,0
1995,united states,111,0,Stationary,-0.372251647,0.008050205,-0.372251647,United States,1,1,0,0,0,0,0,0,0,0,1,1,0,0,0,0,0,0,0
1996,united states,111,0,Stationary,-0.372251647,0.008050205,-0.372251647,United States,1,1,0,0,0,0,0,0,0,0,1,1,0,0,0,0,0,0,0
1997,united states,111,0,Stationary,-0.372251647,0.008050205,-0.372251647,United States,1,1,0,0,0,0,0,0,0,0,1,1,0,0,0,0,0,0,0
1998,united states,111,0,Stationary,-0.372251647,0.008050205,-0.372251647,United States,1,1,0,0,0,0,0,0,0,0,1,1,0,0,0,0,0,0,0
1999,united states,111,0,Stationary,-0.372251647,0.008050205,-0.372251647,United States,1,1,0,0,0,0,0,0,0,0,1,1,0,0,0,0,0,0,0
2000,united states,111,0,Stationary,-0.372251647,0.008050205,-0.372251647,United States,1,1,0,0,0,0,0,0,0,0,1,1,0,0,0,0,0,0,0
2001,united states,111,0,Stationary,-0.372251647,0.008050205,-0.372251647,United States,1,1,0,0,0,0,0,0,0,0,1,1,0,0,0,0,0,0,0
2002,united states,111,0,Stationary,-0.372251647,0.008050205,-0.372251647,United States,1,1,0,0,0,0,0,0,0,0,1,1,0,0,0,0,0,0,0
2003,united states,111,0,Stationary,-0.372251647,0.008050205,-0.372251647,United States,1,1,0,0,0,0,0,0,0,0,1,1,0,0,0,0,0,0,0
2004,united states,111,0,Stationary,-0.372251647,0.008050205,-0.372251647,United States,1,1,0,0,0,0,0,0,0,0,1,1,0,0,0,0,0,0,0
2005,united states,111,0,Stationary,-0.372251647,0.008050205,-0.372251647,United States,1,1,0,0,0,0,0,0,0,0,1,1,0,0,0,0,0,0,0
2006,united states,111,0,Stationary,-0.372251647,0.008050205,-0.372251647,United States,1,1,0,0,0,0,0,0,0,0,1,1,0,0,0,0,0,0,0
2007,united states,111,0,Stationary,-0.372251647,0.008050205,-0.372251647,United States,1,1,0,0,0,0,0,0,0,0,1,1,0,0,0,0,0,0,0
2008,united states,111,0,Stationary,-0.372251647,0.008050205,-0.372251647,United States,1,1,0,0,0,0,0,0,0,0,1,1,0,0,0,0,0,0,0
2009,united states,111,0,Stationary,-0.372251647,0.008050205,-0.372251647,United States,1,1,0,0,0,0,0,0,0,0,1,1,0,0,0,0,0,0,0
2010,united states,111,0,Stationary,-0.372251647,0.008050205,-0.372251647,United States,1,1,0,0,0,0,0,0,0,0,1,1,0,0,0,0,0,0,0
2011,united states,111,0,Stationary,-0.372251647,0.008050205,-0.372251647,United States,1,1,0,0,0,0,0,0,0,0,1,1,0,0,0,0,0,0,0
2012,united states,111,0,Stationary,-0.372251647,0.008050205,-0.372251647,United States,1,1,0,0,0,0,0,0,0,0,1,1,0,0,0,0,0,0,0
2013,united states,111,0,Stationary,-0.372251647,0.008050205,-0.372251647,United States,1,1,0,0,0,0,0,0,0,0,1,1,0,0,0,0,0,0,0
2014,united states,111,0,Stationary,-0.372251647,0.008050205,-0.372251647,United States,1,1,0,0,0,0,0,0,0,0,1,1,0,0,0,0,0,0,0
2015,united states,111,0,Stationary,-0.372251647,0.008050205,-0.372251647,United States,1,1,0,0,0,0,0,0,0,0,1,1,0,0,0,0,0,0,0
2016,united states,111,0,Stationary,-0.372251647,0.008050205,-0.372251647,United States,1,1,0,0,0,0,0,0,0,0,1,1,0,0,0,0,0,0,0
2017,united states,111,0,Stationary,-0.372251647,0.008050205,-0.372251647,United States,1,1,0,0,0,0,0,0,0,0,1,1,0,0,0,0,0,0,0
2018,united states,111,0,Stationary,-0.372251647,0.008050205,-0.372251647,United States,1,1,0,0,0,0,0,0,0,0,1,1,0,0,0,0,0,0,0
2019,united states,111,0,Stationary,-0.372251647,0.008050205,-0.372251647,United States,1,1,0,0,0,0,0,0,0,0,1,1,0,0,0,0,0,0,0
2020,united states,111,0,Stationary,-0.372251647,0.008050205,-0.372251647,United States,1,1,0,0,0,0,0,0,0,0,1,1,0,0,0,0,0,0,0
2021,united states,111,0,Stationary,-0.372251647,0.008050205,-0.372251647,United States,1,1,0,0,0,0,0,0,0,0,1,1,0,0,0,0,0,0,0
2022,united states,111,0,Stationary,-0.372251647,0.008050205,-0.372251647,United States,1,1,0,0,0,0,0,0,0,0,1,1,0,0,0,0,0,0,0
2023,united states,111,0,Stationary,-0.372251647,0.008050205,-0.372251647,United States,1,1,0,0,0,0,0,0,0,0,1,1,0,0,0,0,0,0,0
2024,united states,111,0,Stationary,-0.372251647,0.008050205,-0.372251647,United States,1,1,0,0,0,0,0,0,0,0,1,1,0,0,0,0,0,0,0
1999,uruguay,298,1,Unit root,-0.106883696,-0.296945654,-0.296945654,Uruguay,0,0,1,0,0,0,1,0,0,0,0,0,0,0,0,0,0,0,0
2000,uruguay,298,1,Unit root,-0.106883696,-0.296945654,-0.296945654,Uruguay,0,0,1,0,0,0,1,0,0,0,0,0,0,0,0,0,0,0,0
2001,uruguay,298,1,Unit root,-0.106883696,-0.296945654,-0.296945654,Uruguay,0,0,1,0,0,0,1,0,0,0,0,0,0,0,0,0,0,0,0
2002,uruguay,298,1,Unit root,-0.106883696,-0.296945654,-0.296945654,Uruguay,0,0,1,0,0,0,1,0,0,0,0,0,0,0,0,0,0,0,0
2003,uruguay,298,1,Unit root,-0.106883696,-0.296945654,-0.296945654,Uruguay,0,0,1,0,0,0,1,0,0,0,0,0,0,0,0,0,0,0,0
2004,uruguay,298,1,Unit root,-0.106883696,-0.296945654,-0.296945654,Uruguay,0,0,1,0,0,0,1,0,0,0,0,0,0,0,0,0,0,0,0
2005,uruguay,298,0,Unit root,-0.106883696,-0.296945654,-0.106883696,Uruguay,0,0,1,0,0,0,1,0,0,0,0,0,0,0,0,0,0,0,0
2006,uruguay,298,0,Unit root,-0.106883696,-0.296945654,-0.106883696,Uruguay,0,0,1,0,0,0,1,0,0,0,0,0,0,0,0,0,0,0,0
2007,uruguay,298,0,Unit root,-0.106883696,-0.296945654,-0.106883696,Uruguay,0,0,1,0,0,0,1,0,0,0,0,0,0,0,0,0,0,0,0
2008,uruguay,298,1,Unit root,-0.106883696,-0.296945654,-0.296945654,Uruguay,0,0,1,0,0,0,1,0,0,0,0,0,0,0,0,0,0,0,0
2009,uruguay,298,1,Unit root,-0.106883696,-0.296945654,-0.296945654,Uruguay,0,0,1,0,0,0,1,0,0,0,0,0,0,0,0,0,0,0,0
2010,uruguay,298,1,Unit root,-0.106883696,-0.296945654,-0.296945654,Uruguay,0,0,1,0,0,0,1,0,0,0,0,0,0,0,0,0,0,0,0
2011,uruguay,298,1,Unit root,-0.106883696,-0.296945654,-0.296945654,Uruguay,0,0,1,0,0,0,1,0,0,0,0,0,0,0,0,0,0,0,0
2012,uruguay,298,1,Unit root,-0.106883696,-0.296945654,-0.296945654,Uruguay,0,0,1,0,0,0,1,0,0,0,0,0,0,0,0,0,0,0,0
2013,uruguay,298,1,Unit root,-0.106883696,-0.296945654,-0.296945654,Uruguay,0,0,1,0,0,0,1,0,0,0,0,0,0,0,0,0,0,0,0
2014,uruguay,298,1,Unit root,-0.106883696,-0.296945654,-0.296945654,Uruguay,0,0,1,0,0,0,1,0,0,0,0,0,0,0,0,0,0,0,0
2015,uruguay,298,1,Unit root,-0.106883696,-0.296945654,-0.296945654,Uruguay,0,0,1,0,0,0,1,0,0,0,0,0,0,0,0,0,0,0,0
2016,uruguay,298,1,Unit root,-0.106883696,-0.296945654,-0.296945654,Uruguay,0,0,1,0,0,0,1,0,0,0,0,0,0,0,0,0,0,0,0
2017,uruguay,298,1,Unit root,-0.106883696,-0.296945654,-0.296945654,Uruguay,0,0,1,0,0,0,1,0,0,0,0,0,0,0,0,0,0,0,0
2018,uruguay,298,1,Unit root,-0.106883696,-0.296945654,-0.296945654,Uruguay,0,0,1,0,0,0,1,0,0,0,0,0,0,0,0,0,0,0,0
2019,uruguay,298,0,Unit root,-0.106883696,-0.296945654,-0.106883696,Uruguay,0,0,1,0,0,0,1,0,0,0,0,0,0,0,0,0,0,0,0
2020,uruguay,298,0,Unit root,-0.106883696,-0.296945654,-0.106883696,Uruguay,0,0,1,0,0,0,1,0,0,0,0,0,0,0,0,0,0,0,0
1994,venezuela  rb,299,0,Explosive,0.121450331,-0.668215214,0.121450331,Venezuela  RB,0,0,1,0,0,0,1,0,0,0,0,0,0,0,0,0,0,0,1
1995,venezuela  rb,299,1,Stationary,0.121450331,-0.668215214,-0.668215214,Venezuela  RB,0,0,1,0,0,0,1,0,0,0,0,0,0,0,0,0,0,0,1
1996,venezuela  rb,299,0,Explosive,0.121450331,-0.668215214,0.121450331,Venezuela  RB,0,0,1,0,0,0,1,0,0,0,0,0,0,0,0,0,0,0,1
1997,venezuela  rb,299,0,Explosive,0.121450331,-0.668215214,0.121450331,Venezuela  RB,0,0,1,0,0,0,1,0,0,0,0,0,0,0,0,0,0,0,1
1998,venezuela  rb,299,0,Explosive,0.121450331,-0.668215214,0.121450331,Venezuela  RB,0,0,1,0,0,0,1,0,0,0,0,0,0,0,0,0,0,0,1
1999,venezuela  rb,299,0,Explosive,0.121450331,-0.668215214,0.121450331,Venezuela  RB,0,0,1,0,0,0,1,0,0,0,0,0,0,0,0,0,0,0,1
2000,venezuela  rb,299,0,Explosive,0.121450331,-0.668215214,0.121450331,Venezuela  RB,0,0,1,0,0,0,1,0,0,0,0,0,0,0,0,0,0,0,1
2001,venezuela  rb,299,0,Explosive,0.121450331,-0.668215214,0.121450331,Venezuela  RB,0,0,1,0,0,0,1,0,0,0,0,0,0,0,0,0,0,0,1
2002,venezuela  rb,299,1,Stationary,0.121450331,-0.668215214,-0.668215214,Venezuela  RB,0,0,1,0,0,0,1,0,0,0,0,0,0,0,0,0,0,0,1
2003,venezuela  rb,299,1,Stationary,0.121450331,-0.668215214,-0.668215214,Venezuela  RB,0,0,1,0,0,0,1,0,0,0,0,0,0,0,0,0,0,0,1
2004,venezuela  rb,299,1,Stationary,0.121450331,-0.668215214,-0.668215214,Venezuela  RB,0,0,1,0,0,0,1,0,0,0,0,0,0,0,0,0,0,0,1
2005,venezuela  rb,299,1,Stationary,0.121450331,-0.668215214,-0.668215214,Venezuela  RB,0,0,1,0,0,0,1,0,0,0,0,0,0,0,0,0,0,0,1
2006,venezuela  rb,299,1,Stationary,0.121450331,-0.668215214,-0.668215214,Venezuela  RB,0,0,1,0,0,0,1,0,0,0,0,0,0,0,0,0,0,0,1
2007,venezuela  rb,299,1,Stationary,0.121450331,-0.668215214,-0.668215214,Venezuela  RB,0,0,1,0,0,0,1,0,0,0,0,0,0,0,0,0,0,0,1
2008,venezuela  rb,299,1,Stationary,0.121450331,-0.668215214,-0.668215214,Venezuela  RB,0,0,1,0,0,0,1,0,0,0,0,0,0,0,0,0,0,0,1
2009,venezuela  rb,299,0,Explosive,0.121450331,-0.668215214,0.121450331,Venezuela  RB,0,0,1,0,0,0,1,0,0,0,0,0,0,0,0,0,0,0,1
2010,venezuela  rb,299,0,Explosive,0.121450331,-0.668215214,0.121450331,Venezuela  RB,0,0,1,0,0,0,1,0,0,0,0,0,0,0,0,0,0,0,1
2011,venezuela  rb,299,0,Explosive,0.121450331,-0.668215214,0.121450331,Venezuela  RB,0,0,1,0,0,0,1,0,0,0,0,0,0,0,0,0,0,0,1
2012,venezuela  rb,299,0,Explosive,0.121450331,-0.668215214,0.121450331,Venezuela  RB,0,0,1,0,0,0,1,0,0,0,0,0,0,0,0,0,0,0,1
2013,venezuela  rb,299,0,Explosive,0.121450331,-0.668215214,0.121450331,Venezuela  RB,0,0,1,0,0,0,1,0,0,0,0,0,0,0,0,0,0,0,1
2014,venezuela  rb,299,0,Explosive,0.121450331,-0.668215214,0.121450331,Venezuela  RB,0,0,1,0,0,0,1,0,0,0,0,0,0,0,0,0,0,0,1
1996,vietnam,582,1,Stationary,-0.746860412,-0.040050029,-0.040050029,Vietnam,0,0,1,0,1,0,0,0,0,0,0,0,0,0,0,0,0,0,0
1997,vietnam,582,1,Stationary,-0.746860412,-0.040050029,-0.040050029,Vietnam,0,0,1,0,1,0,0,0,0,0,0,0,0,0,0,0,0,0,0
1998,vietnam,582,0,Stationary,-0.746860412,-0.040050029,-0.746860412,Vietnam,0,0,1,0,1,0,0,0,0,0,0,0,0,0,0,0,0,0,0
1999,vietnam,582,1,Stationary,-0.746860412,-0.040050029,-0.040050029,Vietnam,0,0,1,0,1,0,0,0,0,0,0,0,0,0,0,0,0,0,0
2000,vietnam,582,0,Stationary,-0.746860412,-0.040050029,-0.746860412,Vietnam,0,0,1,0,1,0,0,0,0,0,0,0,0,0,0,0,0,0,0
2001,vietnam,582,1,Stationary,-0.746860412,-0.040050029,-0.040050029,Vietnam,0,0,1,0,1,0,0,0,0,0,0,0,0,0,0,0,0,0,0
2002,vietnam,582,0,Stationary,-0.746860412,-0.040050029,-0.746860412,Vietnam,0,0,1,0,1,0,0,0,0,0,0,0,0,0,0,0,0,0,0
2003,vietnam,582,0,Stationary,-0.746860412,-0.040050029,-0.746860412,Vietnam,0,0,1,0,1,0,0,0,0,0,0,0,0,0,0,0,0,0,0
2004,vietnam,582,1,Stationary,-0.746860412,-0.040050029,-0.040050029,Vietnam,0,0,1,0,1,0,0,0,0,0,0,0,0,0,0,0,0,0,0
2005,vietnam,582,1,Stationary,-0.746860412,-0.040050029,-0.040050029,Vietnam,0,0,1,0,1,0,0,0,0,0,0,0,0,0,0,0,0,0,0
2006,vietnam,582,0,Stationary,-0.746860412,-0.040050029,-0.746860412,Vietnam,0,0,1,0,1,0,0,0,0,0,0,0,0,0,0,0,0,0,0
2007,vietnam,582,1,Stationary,-0.746860412,-0.040050029,-0.040050029,Vietnam,0,0,1,0,1,0,0,0,0,0,0,0,0,0,0,0,0,0,0
2008,vietnam,582,0,Stationary,-0.746860412,-0.040050029,-0.746860412,Vietnam,0,0,1,0,1,0,0,0,0,0,0,0,0,0,0,0,0,0,0
2009,vietnam,582,1,Stationary,-0.746860412,-0.040050029,-0.040050029,Vietnam,0,0,1,0,1,0,0,0,0,0,0,0,0,0,0,0,0,0,0
2010,vietnam,582,1,Stationary,-0.746860412,-0.040050029,-0.040050029,Vietnam,0,0,1,0,1,0,0,0,0,0,0,0,0,0,0,0,0,0,0
2011,vietnam,582,0,Stationary,-0.746860412,-0.040050029,-0.746860412,Vietnam,0,0,1,0,1,0,0,0,0,0,0,0,0,0,0,0,0,0,0
2012,vietnam,582,0,Stationary,-0.746860412,-0.040050029,-0.746860412,Vietnam,0,0,1,0,1,0,0,0,0,0,0,0,0,0,0,0,0,0,0
2013,vietnam,582,0,Stationary,-0.746860412,-0.040050029,-0.746860412,Vietnam,0,0,1,0,1,0,0,0,0,0,0,0,0,0,0,0,0,0,0
2014,vietnam,582,1,Stationary,-0.746860412,-0.040050029,-0.040050029,Vietnam,0,0,1,0,1,0,0,0,0,0,0,0,0,0,0,0,0,0,0
2015,vietnam,582,1,Stationary,-0.746860412,-0.040050029,-0.040050029,Vietnam,0,0,1,0,1,0,0,0,0,0,0,0,0,0,0,0,0,0,0
2016,vietnam,582,1,Stationary,-0.746860412,-0.040050029,-0.040050029,Vietnam,0,0,1,0,1,0,0,0,0,0,0,0,0,0,0,0,0,0,0
2017,vietnam,582,1,Stationary,-0.746860412,-0.040050029,-0.040050029,Vietnam,0,0,1,0,1,0,0,0,0,0,0,0,0,0,0,0,0,0,0
2018,vietnam,582,1,Stationary,-0.746860412,-0.040050029,-0.040050029,Vietnam,0,0,1,0,1,0,0,0,0,0,0,0,0,0,0,0,0,0,0
2019,vietnam,582,1,Stationary,-0.746860412,-0.040050029,-0.040050029,Vietnam,0,0,1,0,1,0,0,0,0,0,0,0,0,0,0,0,0,0,0
2020,vietnam,582,1,Stationary,-0.746860412,-0.040050029,-0.040050029,Vietnam,0,0,1,0,1,0,0,0,0,0,0,0,0,0,0,0,0,0,0
2021,vietnam,582,0,Stationary,-0.746860412,-0.040050029,-0.746860412,Vietnam,0,0,1,0,1,0,0,0,0,0,0,0,0,0,0,0,0,0,0
