date,ccode,cn,country,pct_cab,source,quarter,year,month,idc,ldc,emg,eap,eca,mena,sa,we,na,ssa,lac,oil,emg2,fc,ez,euro_start
1/1/1960,USA,111,United States,0.2579941,1,1960q1,1960,0,1,0,0,0,0,0,0,0,1,0,0,0,0,0,0,0
4/1/1960,USA,111,United States,0.391809,1,1960q2,1960,3,1,0,0,0,0,0,0,0,1,0,0,0,0,0,0,0
7/1/1960,USA,111,United States,0.6128987,1,1960q3,1960,6,1,0,0,0,0,0,0,0,1,0,0,0,0,0,0,0
10/1/1960,USA,111,United States,0.8204414,1,1960q4,1960,9,1,0,0,0,0,0,0,0,1,0,0,0,0,0,0,0
1/1/1961,USA,111,United States,0.9093277,1,1961q1,1961,12,1,0,0,0,0,0,0,0,1,0,0,0,0,0,0,0
4/1/1961,USA,111,United States,0.6523324,1,1961q2,1961,15,1,0,0,0,0,0,0,0,1,0,0,0,0,0,0,0
7/1/1961,USA,111,United States,0.594718,1,1961q3,1961,18,1,0,0,0,0,0,0,0,1,0,0,0,0,0,0,0
10/1/1961,USA,111,United States,0.5738772,1,1961q4,1961,21,1,0,0,0,0,0,0,0,1,0,0,0,0,0,0,0
1/1/1962,USA,111,United States,0.4350073,1,1962q1,1962,24,1,0,0,0,0,0,0,0,1,0,0,0,0,0,0,0
4/1/1962,USA,111,United States,0.696242,1,1962q2,1962,27,1,0,0,0,0,0,0,0,1,0,0,0,0,0,0,0
7/1/1962,USA,111,United States,0.6311707,1,1962q3,1962,30,1,0,0,0,0,0,0,0,1,0,0,0,0,0,0,0
10/1/1962,USA,111,United States,0.4782126,1,1962q4,1962,33,1,0,0,0,0,0,0,0,1,0,0,0,0,0,0,0
1/1/1963,USA,111,United States,0.5424082,1,1963q1,1963,36,1,0,0,0,0,0,0,0,1,0,0,0,0,0,0,0
4/1/1963,USA,111,United States,0.7615696,1,1963q2,1963,39,1,0,0,0,0,0,0,0,1,0,0,0,0,0,0,0
7/1/1963,USA,111,United States,0.6337246,1,1963q3,1963,42,1,0,0,0,0,0,0,0,1,0,0,0,0,0,0,0
10/1/1963,USA,111,United States,0.8257664,1,1963q4,1963,45,1,0,0,0,0,0,0,0,1,0,0,0,0,0,0,0
1/1/1964,USA,111,United States,1.140602,1,1964q1,1964,48,1,0,0,0,0,0,0,0,1,0,0,0,0,0,0,0
4/1/1964,USA,111,United States,0.8999903,1,1964q2,1964,51,1,0,0,0,0,0,0,0,1,0,0,0,0,0,0,0
7/1/1964,USA,111,United States,0.9970652,1,1964q3,1964,54,1,0,0,0,0,0,0,0,1,0,0,0,0,0,0,0
10/1/1964,USA,111,United States,0.9533657,1,1964q4,1964,57,1,0,0,0,0,0,0,0,1,0,0,0,0,0,0,0
1/1/1965,USA,111,United States,0.7004834,1,1965q1,1965,60,1,0,0,0,0,0,0,0,1,0,0,0,0,0,0,0
4/1/1965,USA,111,United States,0.8638836,1,1965q2,1965,63,1,0,0,0,0,0,0,0,1,0,0,0,0,0,0,0
7/1/1965,USA,111,United States,0.6966288,1,1965q3,1965,66,1,0,0,0,0,0,0,0,1,0,0,0,0,0,0,0
10/1/1965,USA,111,United States,0.6679994,1,1965q4,1965,69,1,0,0,0,0,0,0,0,1,0,0,0,0,0,0,0
1/1/1966,USA,111,United States,0.4936323,1,1966q1,1966,72,1,0,0,0,0,0,0,0,1,0,0,0,0,0,0,0
4/1/1966,USA,111,United States,0.3920589,1,1966q2,1966,75,1,0,0,0,0,0,0,0,1,0,0,0,0,0,0,0
7/1/1966,USA,111,United States,0.2366899,1,1966q3,1966,78,1,0,0,0,0,0,0,0,1,0,0,0,0,0,0,0
10/1/1966,USA,111,United States,0.372494,1,1966q4,1966,81,1,0,0,0,0,0,0,0,1,0,0,0,0,0,0,0
1/1/1967,USA,111,United States,0.4150823,1,1967q1,1967,84,1,0,0,0,0,0,0,0,1,0,0,0,0,0,0,0
4/1/1967,USA,111,United States,0.3142584,1,1967q2,1967,87,1,0,0,0,0,0,0,0,1,0,0,0,0,0,0,0
7/1/1967,USA,111,United States,0.2602767,1,1967q3,1967,90,1,0,0,0,0,0,0,0,1,0,0,0,0,0,0,0
10/1/1967,USA,111,United States,0.2151028,1,1967q4,1967,93,1,0,0,0,0,0,0,0,1,0,0,0,0,0,0,0
1/1/1968,USA,111,United States,0.08621192,1,1968q1,1968,96,1,0,0,0,0,0,0,0,1,0,0,0,0,0,0,0
4/1/1968,USA,111,United States,0.1408475,1,1968q2,1968,99,1,0,0,0,0,0,0,0,1,0,0,0,0,0,0,0
7/1/1968,USA,111,United States,0.05847554,1,1968q3,1968,102,1,0,0,0,0,0,0,0,1,0,0,0,0,0,0,0
10/1/1968,USA,111,United States,-0.02107373,1,1968q4,1968,105,1,0,0,0,0,0,0,0,1,0,0,0,0,0,0,0
1/1/1969,USA,111,United States,0.04912734,1,1969q1,1969,108,1,0,0,0,0,0,0,0,1,0,0,0,0,0,0,0
4/1/1969,USA,111,United States,-0.05193158,1,1969q2,1969,111,1,0,0,0,0,0,0,0,1,0,0,0,0,0,0,0
7/1/1969,USA,111,United States,0.01864157,1,1969q3,1969,114,1,0,0,0,0,0,0,0,1,0,0,0,0,0,0,0
10/1/1969,USA,111,United States,0.1375528,1,1969q4,1969,117,1,0,0,0,0,0,0,0,1,0,0,0,0,0,0,0
1/1/1970,USA,111,United States,0.2359208,1,1970q1,1970,120,1,0,0,0,0,0,0,0,1,0,0,0,0,0,0,0
4/1/1970,USA,111,United States,0.3642581,1,1970q2,1970,123,1,0,0,0,0,0,0,0,1,0,0,0,0,0,0,0
7/1/1970,USA,111,United States,0.1896766,1,1970q3,1970,126,1,0,0,0,0,0,0,0,1,0,0,0,0,0,0,0
10/1/1970,USA,111,United States,0.08157206,1,1970q4,1970,129,1,0,0,0,0,0,0,0,1,0,0,0,0,0,0,0
1/1/1971,USA,111,United States,0.2406718,1,1971q1,1971,132,1,0,0,0,0,0,0,0,1,0,0,0,0,0,0,0
4/1/1971,USA,111,United States,-0.1414893,1,1971q2,1971,135,1,0,0,0,0,0,0,0,1,0,0,0,0,0,0,0
7/1/1971,USA,111,United States,-0.1820536,1,1971q3,1971,138,1,0,0,0,0,0,0,0,1,0,0,0,0,0,0,0
10/1/1971,USA,111,United States,-0.3941873,1,1971q4,1971,141,1,0,0,0,0,0,0,0,1,0,0,0,0,0,0,0
1/1/1972,USA,111,United States,-0.5502967,1,1972q1,1972,144,1,0,0,0,0,0,0,0,1,0,0,0,0,0,0,0
4/1/1972,USA,111,United States,-0.5334938,1,1972q2,1972,147,1,0,0,0,0,0,0,0,1,0,0,0,0,0,0,0
7/1/1972,USA,111,United States,-0.3982749,1,1972q3,1972,150,1,0,0,0,0,0,0,0,1,0,0,0,0,0,0,0
10/1/1972,USA,111,United States,-0.3401299,1,1972q4,1972,153,1,0,0,0,0,0,0,0,1,0,0,0,0,0,0,0
1/1/1973,USA,111,United States,0.04210557,1,1973q1,1973,156,1,0,0,0,0,0,0,0,1,0,0,0,0,0,0,0
4/1/1973,USA,111,United States,0.2469787,1,1973q2,1973,159,1,0,0,0,0,0,0,0,1,0,0,0,0,0,0,0
7/1/1973,USA,111,United States,0.7635451,1,1973q3,1973,162,1,0,0,0,0,0,0,0,1,0,0,0,0,0,0,0
10/1/1973,USA,111,United States,0.9166227,1,1973q4,1973,165,1,0,0,0,0,0,0,0,1,0,0,0,0,0,0,0
1/1/1974,USA,111,United States,0.4324008,1,1974q1,1974,168,1,0,0,0,0,0,0,0,1,0,0,0,0,0,0,0
4/1/1974,USA,111,United States,0.02875712,1,1974q2,1974,171,1,0,0,0,0,0,0,0,1,0,0,0,0,0,0,0
7/1/1974,USA,111,United States,-0.07563976,1,1974q3,1974,174,1,0,0,0,0,0,0,0,1,0,0,0,0,0,0,0
10/1/1974,USA,111,United States,0.1327766,1,1974q4,1974,177,1,0,0,0,0,0,0,0,1,0,0,0,0,0,0,0
1/1/1975,USA,111,United States,1.041262,1,1975q1,1975,180,1,0,0,0,0,0,0,0,1,0,0,0,0,0,0,0
4/1/1975,USA,111,United States,1.214152,1,1975q2,1975,183,1,0,0,0,0,0,0,0,1,0,0,0,0,0,0,0
7/1/1975,USA,111,United States,0.9544864,1,1975q3,1975,186,1,0,0,0,0,0,0,0,1,0,0,0,0,0,0,0
10/1/1975,USA,111,United States,1.092727,1,1975q4,1975,189,1,0,0,0,0,0,0,0,1,0,0,0,0,0,0,0
1/1/1976,USA,111,United States,0.5638052,1,1976q1,1976,192,1,0,0,0,0,0,0,0,1,0,0,0,0,0,0,0
4/1/1976,USA,111,United States,0.3558757,1,1976q2,1976,195,1,0,0,0,0,0,0,0,1,0,0,0,0,0,0,0
7/1/1976,USA,111,United States,-0.01781021,1,1976q3,1976,198,1,0,0,0,0,0,0,0,1,0,0,0,0,0,0,0
10/1/1976,USA,111,United States,0.03370776,1,1976q4,1976,201,1,0,0,0,0,0,0,0,1,0,0,0,0,0,0,0
1/1/1977,USA,111,United States,-0.5404677,1,1977q1,1977,204,1,0,0,0,0,0,0,0,1,0,0,0,0,0,0,0
4/1/1977,USA,111,United States,-0.5897148,1,1977q2,1977,207,1,0,0,0,0,0,0,0,1,0,0,0,0,0,0,0
7/1/1977,USA,111,United States,-0.5205637,1,1977q3,1977,210,1,0,0,0,0,0,0,0,1,0,0,0,0,0,0,0
10/1/1977,USA,111,United States,-1.083414,1,1977q4,1977,213,1,0,0,0,0,0,0,0,1,0,0,0,0,0,0,0
1/1/1978,USA,111,United States,-1.274764,1,1978q1,1978,216,1,0,0,0,0,0,0,0,1,0,0,0,0,0,0,0
4/1/1978,USA,111,United States,-0.6479579,1,1978q2,1978,219,1,0,0,0,0,0,0,0,1,0,0,0,0,0,0,0
7/1/1978,USA,111,United States,-0.612429,1,1978q3,1978,222,1,0,0,0,0,0,0,0,1,0,0,0,0,0,0,0
10/1/1978,USA,111,United States,-0.109651,1,1978q4,1978,225,1,0,0,0,0,0,0,0,1,0,0,0,0,0,0,0
1/1/1979,USA,111,United States,-0.06712551,1,1979q1,1979,228,1,0,0,0,0,0,0,0,1,0,0,0,0,0,0,0
4/1/1979,USA,111,United States,-0.1066668,1,1979q2,1979,231,1,0,0,0,0,0,0,0,1,0,0,0,0,0,0,0
7/1/1979,USA,111,United States,0.1384034,1,1979q3,1979,234,1,0,0,0,0,0,0,0,1,0,0,0,0,0,0,0
10/1/1979,USA,111,United States,-0.01439122,1,1979q4,1979,237,1,0,0,0,0,0,0,0,1,0,0,0,0,0,0,0
1/1/1980,USA,111,United States,-0.4959421,1,1980q1,1980,240,1,0,0,0,0,0,0,0,1,0,0,0,0,0,0,0
4/1/1980,USA,111,United States,-0.1345558,1,1980q2,1980,243,1,0,0,0,0,0,0,0,1,0,0,0,0,0,0,0
7/1/1980,USA,111,United States,0.6067601,1,1980q3,1980,246,1,0,0,0,0,0,0,0,1,0,0,0,0,0,0,0
10/1/1980,USA,111,United States,0.3192704,1,1980q4,1980,249,1,0,0,0,0,0,0,0,1,0,0,0,0,0,0,0
1/1/1981,USA,111,United States,0.1232953,1,1981q1,1981,252,1,0,0,0,0,0,0,0,1,0,0,0,0,0,0,0
4/1/1981,USA,111,United States,0.1553186,1,1981q2,1981,255,1,0,0,0,0,0,0,0,1,0,0,0,0,0,0,0
7/1/1981,USA,111,United States,0.2552897,1,1981q3,1981,258,1,0,0,0,0,0,0,0,1,0,0,0,0,0,0,0
10/1/1981,USA,111,United States,0.09253789,1,1981q4,1981,261,1,0,0,0,0,0,0,0,1,0,0,0,0,0,0,0
1/1/1982,USA,111,United States,-0.03481658,1,1982q1,1982,264,1,0,0,0,0,0,0,0,1,0,0,0,0,0,0,0
4/1/1982,USA,111,United States,0.4548658,1,1982q2,1982,267,1,0,0,0,0,0,0,0,1,0,0,0,0,0,0,0
7/1/1982,USA,111,United States,-0.4800491,1,1982q3,1982,270,1,0,0,0,0,0,0,0,1,0,0,0,0,0,0,0
10/1/1982,USA,111,United States,-0.5874399,1,1982q4,1982,273,1,0,0,0,0,0,0,0,1,0,0,0,0,0,0,0
1/1/1983,USA,111,United States,-0.289859,1,1983q1,1983,276,1,0,0,0,0,0,0,0,1,0,0,0,0,0,0,0
4/1/1983,USA,111,United States,-0.8754773,1,1983q2,1983,279,1,0,0,0,0,0,0,0,1,0,0,0,0,0,0,0
7/1/1983,USA,111,United States,-1.398794,1,1983q3,1983,282,1,0,0,0,0,0,0,0,1,0,0,0,0,0,0,0
10/1/1983,USA,111,United States,-1.627952,1,1983q4,1983,285,1,0,0,0,0,0,0,0,1,0,0,0,0,0,0,0
1/1/1984,USA,111,United States,-2.142243,1,1984q1,1984,288,1,0,0,0,0,0,0,0,1,0,0,0,0,0,0,0
4/1/1984,USA,111,United States,-2.338288,1,1984q2,1984,291,1,0,0,0,0,0,0,0,1,0,0,0,0,0,0,0
7/1/1984,USA,111,United States,-2.290164,1,1984q3,1984,294,1,0,0,0,0,0,0,0,1,0,0,0,0,0,0,0
10/1/1984,USA,111,United States,-2.56369,1,1984q4,1984,297,1,0,0,0,0,0,0,0,1,0,0,0,0,0,0,0
1/1/1985,USA,111,United States,-2.223931,1,1985q1,1985,300,1,0,0,0,0,0,0,0,1,0,0,0,0,0,0,0
4/1/1985,USA,111,United States,-2.671921,1,1985q2,1985,303,1,0,0,0,0,0,0,0,1,0,0,0,0,0,0,0
7/1/1985,USA,111,United States,-2.854308,1,1985q3,1985,306,1,0,0,0,0,0,0,0,1,0,0,0,0,0,0,0
10/1/1985,USA,111,United States,-3.118566,1,1985q4,1985,309,1,0,0,0,0,0,0,0,1,0,0,0,0,0,0,0
1/1/1986,USA,111,United States,-3.035475,1,1986q1,1986,312,1,0,0,0,0,0,0,0,1,0,0,0,0,0,0,0
4/1/1986,USA,111,United States,-3.140975,1,1986q2,1986,315,1,0,0,0,0,0,0,0,1,0,0,0,0,0,0,0
7/1/1986,USA,111,United States,-3.303102,1,1986q3,1986,318,1,0,0,0,0,0,0,0,1,0,0,0,0,0,0,0
10/1/1986,USA,111,United States,-3.368754,1,1986q4,1986,321,1,0,0,0,0,0,0,0,1,0,0,0,0,0,0,0
1/1/1987,USA,111,United States,-3.326023,1,1987q1,1987,324,1,0,0,0,0,0,0,0,1,0,0,0,0,0,0,0
4/1/1987,USA,111,United States,-3.327813,1,1987q2,1987,327,1,0,0,0,0,0,0,0,1,0,0,0,0,0,0,0
7/1/1987,USA,111,United States,-3.286195,1,1987q3,1987,330,1,0,0,0,0,0,0,0,1,0,0,0,0,0,0,0
10/1/1987,USA,111,United States,-3.297288,1,1987q4,1987,333,1,0,0,0,0,0,0,0,1,0,0,0,0,0,0,0
1/1/1988,USA,111,United States,-2.598035,1,1988q1,1988,336,1,0,0,0,0,0,0,0,1,0,0,0,0,0,0,0
4/1/1988,USA,111,United States,-2.227036,1,1988q2,1988,339,1,0,0,0,0,0,0,0,1,0,0,0,0,0,0,0
7/1/1988,USA,111,United States,-2.114319,1,1988q3,1988,342,1,0,0,0,0,0,0,0,1,0,0,0,0,0,0,0
10/1/1988,USA,111,United States,-2.325174,1,1988q4,1988,345,1,0,0,0,0,0,0,0,1,0,0,0,0,0,0,0
1/1/1989,USA,111,United States,-2.067914,1,1989q1,1989,348,1,0,0,0,0,0,0,0,1,0,0,0,0,0,0,0
4/1/1989,USA,111,United States,-1.793722,1,1989q2,1989,351,1,0,0,0,0,0,0,0,1,0,0,0,0,0,0,0
7/1/1989,USA,111,United States,-1.548628,1,1989q3,1989,354,1,0,0,0,0,0,0,0,1,0,0,0,0,0,0,0
10/1/1989,USA,111,United States,-1.654708,1,1989q4,1989,357,1,0,0,0,0,0,0,0,1,0,0,0,0,0,0,0
1/1/1990,USA,111,United States,-1.610571,1,1990q1,1990,360,1,0,0,0,0,0,0,0,1,0,0,0,0,0,0,0
4/1/1990,USA,111,United States,-1.310329,1,1990q2,1990,363,1,0,0,0,0,0,0,0,1,0,0,0,0,0,0,0
7/1/1990,USA,111,United States,-1.432192,1,1990q3,1990,366,1,0,0,0,0,0,0,0,1,0,0,0,0,0,0,0
10/1/1990,USA,111,United States,-0.9497841,1,1990q4,1990,369,1,0,0,0,0,0,0,0,1,0,0,0,0,0,0,0
1/1/1991,USA,111,United States,0.6599308,1,1991q1,1991,372,1,0,0,0,0,0,0,0,1,0,0,0,0,0,0,0
4/1/1991,USA,111,United States,0.1648479,1,1991q2,1991,375,1,0,0,0,0,0,0,0,1,0,0,0,0,0,0,0
7/1/1991,USA,111,United States,-0.2698061,1,1991q3,1991,378,1,0,0,0,0,0,0,0,1,0,0,0,0,0,0,0
10/1/1991,USA,111,United States,-0.3448617,1,1991q4,1991,381,1,0,0,0,0,0,0,0,1,0,0,0,0,0,0,0
1/1/1992,USA,111,United States,-0.3918843,1,1992q1,1992,384,1,0,0,0,0,0,0,0,1,0,0,0,0,0,0,0
4/1/1992,USA,111,United States,-0.7349983,1,1992q2,1992,387,1,0,0,0,0,0,0,0,1,0,0,0,0,0,0,0
7/1/1992,USA,111,United States,-0.8956177,1,1992q3,1992,390,1,0,0,0,0,0,0,0,1,0,0,0,0,0,0,0
10/1/1992,USA,111,United States,-1.124835,1,1992q4,1992,393,1,0,0,0,0,0,0,0,1,0,0,0,0,0,0,0
1/1/1993,USA,111,United States,-0.878347,1,1993q1,1993,396,1,0,0,0,0,0,0,0,1,0,0,0,0,0,0,0
4/1/1993,USA,111,United States,-1.214815,1,1993q2,1993,399,1,0,0,0,0,0,0,0,1,0,0,0,0,0,0,0
7/1/1993,USA,111,United States,-1.238111,1,1993q3,1993,402,1,0,0,0,0,0,0,0,1,0,0,0,0,0,0,0
10/1/1993,USA,111,United States,-1.600174,1,1993q4,1993,405,1,0,0,0,0,0,0,0,1,0,0,0,0,0,0,0
1/1/1994,USA,111,United States,-1.404284,1,1994q1,1994,408,1,0,0,0,0,0,0,0,1,0,0,0,0,0,0,0
4/1/1994,USA,111,United States,-1.577385,1,1994q2,1994,411,1,0,0,0,0,0,0,0,1,0,0,0,0,0,0,0
7/1/1994,USA,111,United States,-1.724604,1,1994q3,1994,414,1,0,0,0,0,0,0,0,1,0,0,0,0,0,0,0
10/1/1994,USA,111,United States,-1.955391,1,1994q4,1994,417,1,0,0,0,0,0,0,0,1,0,0,0,0,0,0,0
1/1/1995,USA,111,United States,-1.671512,1,1995q1,1995,420,1,0,0,0,0,0,0,0,1,0,0,0,0,0,0,0
4/1/1995,USA,111,United States,-1.689118,1,1995q2,1995,423,1,0,0,0,0,0,0,0,1,0,0,0,0,0,0,0
7/1/1995,USA,111,United States,-1.404481,1,1995q3,1995,426,1,0,0,0,0,0,0,0,1,0,0,0,0,0,0,0
10/1/1995,USA,111,United States,-1.191212,1,1995q4,1995,429,1,0,0,0,0,0,0,0,1,0,0,0,0,0,0,0
1/1/1996,USA,111,United States,-1.394935,1,1996q1,1996,432,1,0,0,0,0,0,0,0,1,0,0,0,0,0,0,0
4/1/1996,USA,111,United States,-1.4859,1,1996q2,1996,435,1,0,0,0,0,0,0,0,1,0,0,0,0,0,0,0
7/1/1996,USA,111,United States,-1.773764,1,1996q3,1996,438,1,0,0,0,0,0,0,0,1,0,0,0,0,0,0,0
10/1/1996,USA,111,United States,-1.522318,1,1996q4,1996,441,1,0,0,0,0,0,0,0,1,0,0,0,0,0,0,0
1/1/1997,USA,111,United States,-1.72572,1,1997q1,1997,444,1,0,0,0,0,0,0,0,1,0,0,0,0,0,0,0
4/1/1997,USA,111,United States,-1.352205,1,1997q2,1997,447,1,0,0,0,0,0,0,0,1,0,0,0,0,0,0,0
7/1/1997,USA,111,United States,-1.510685,1,1997q3,1997,450,1,0,0,0,0,0,0,0,1,0,0,0,0,0,0,0
10/1/1997,USA,111,United States,-1.967897,1,1997q4,1997,453,1,0,0,0,0,0,0,0,1,0,0,0,0,0,0,0
1/1/1998,USA,111,United States,-1.985185,1,1998q1,1998,456,1,0,0,0,0,0,0,0,1,0,0,0,0,0,0,0
4/1/1998,USA,111,United States,-2.289887,1,1998q2,1998,459,1,0,0,0,0,0,0,0,1,0,0,0,0,0,0,0
7/1/1998,USA,111,United States,-2.58254,1,1998q3,1998,462,1,0,0,0,0,0,0,0,1,0,0,0,0,0,0,0
10/1/1998,USA,111,United States,-2.617777,1,1998q4,1998,465,1,0,0,0,0,0,0,0,1,0,0,0,0,0,0,0
1/1/1999,USA,111,United States,-2.585638,1,1999q1,1999,468,1,0,0,0,0,0,0,0,1,0,0,0,0,0,0,0
4/1/1999,USA,111,United States,-2.853475,1,1999q2,1999,471,1,0,0,0,0,0,0,0,1,0,0,0,0,0,0,0
7/1/1999,USA,111,United States,-3.143675,1,1999q3,1999,474,1,0,0,0,0,0,0,0,1,0,0,0,0,0,0,0
10/1/1999,USA,111,United States,-3.300348,1,1999q4,1999,477,1,0,0,0,0,0,0,0,1,0,0,0,0,0,0,0
1/1/2000,USA,111,United States,-3.790054,1,2000q1,2000,480,1,0,0,0,0,0,0,0,1,0,0,0,0,0,0,0
4/1/2000,USA,111,United States,-3.762476,1,2000q2,2000,483,1,0,0,0,0,0,0,0,1,0,0,0,0,0,0,0
7/1/2000,USA,111,United States,-4.0501,1,2000q3,2000,486,1,0,0,0,0,0,0,0,1,0,0,0,0,0,0,0
10/1/2000,USA,111,United States,-4.073653,1,2000q4,2000,489,1,0,0,0,0,0,0,0,1,0,0,0,0,0,0,0
1/1/2001,USA,111,United States,-4.092976,1,2001q1,2001,492,1,0,0,0,0,0,0,0,1,0,0,0,0,0,0,0
4/1/2001,USA,111,United States,-3.594717,1,2001q2,2001,495,1,0,0,0,0,0,0,0,1,0,0,0,0,0,0,0
7/1/2001,USA,111,United States,-3.903937,1,2001q3,2001,498,1,0,0,0,0,0,0,0,1,0,0,0,0,0,0,0
10/1/2001,USA,111,United States,-3.311788,1,2001q4,2001,501,1,0,0,0,0,0,0,0,1,0,0,0,0,0,0,0
1/1/2002,USA,111,United States,-3.806111,1,2002q1,2002,504,1,0,0,0,0,0,0,0,1,0,0,0,0,0,0,0
4/1/2002,USA,111,United States,-4.212883,1,2002q2,2002,507,1,0,0,0,0,0,0,0,1,0,0,0,0,0,0,0
7/1/2002,USA,111,United States,-4.182578,1,2002q3,2002,510,1,0,0,0,0,0,0,0,1,0,0,0,0,0,0,0
10/1/2002,USA,111,United States,-4.483144,1,2002q4,2002,513,1,0,0,0,0,0,0,0,1,0,0,0,0,0,0,0
1/1/2003,USA,111,United States,-4.84555,1,2003q1,2003,516,1,0,0,0,0,0,0,0,1,0,0,0,0,0,0,0
4/1/2003,USA,111,United States,-4.573099,1,2003q2,2003,519,1,0,0,0,0,0,0,0,1,0,0,0,0,0,0,0
7/1/2003,USA,111,United States,-4.499308,1,2003q3,2003,522,1,0,0,0,0,0,0,0,1,0,0,0,0,0,0,0
10/1/2003,USA,111,United States,-4.331888,1,2003q4,2003,525,1,0,0,0,0,0,0,0,1,0,0,0,0,0,0,0
1/1/2004,USA,111,United States,-4.595617,1,2004q1,2004,528,1,0,0,0,0,0,0,0,1,0,0,0,0,0,0,0
4/1/2004,USA,111,United States,-5.155169,1,2004q2,2004,531,1,0,0,0,0,0,0,0,1,0,0,0,0,0,0,0
7/1/2004,USA,111,United States,-5.249833,1,2004q3,2004,534,1,0,0,0,0,0,0,0,1,0,0,0,0,0,0,0
10/1/2004,USA,111,United States,-5.788709,1,2004q4,2004,537,1,0,0,0,0,0,0,0,1,0,0,0,0,0,0,0
1/1/2005,USA,111,United States,-5.351928,1,2005q1,2005,540,1,0,0,0,0,0,0,0,1,0,0,0,0,0,0,0
4/1/2005,USA,111,United States,-5.591482,1,2005q2,2005,543,1,0,0,0,0,0,0,0,1,0,0,0,0,0,0,0
7/1/2005,USA,111,United States,-5.727707,1,2005q3,2005,546,1,0,0,0,0,0,0,0,1,0,0,0,0,0,0,0
10/1/2005,USA,111,United States,-6.291498,1,2005q4,2005,549,1,0,0,0,0,0,0,0,1,0,0,0,0,0,0,0
1/1/2006,USA,111,United States,-5.868186,1,2006q1,2006,552,1,0,0,0,0,0,0,0,1,0,0,0,0,0,0,0
4/1/2006,USA,111,United States,-5.960785,1,2006q2,2006,555,1,0,0,0,0,0,0,0,1,0,0,0,0,0,0,0
7/1/2006,USA,111,United States,-6.299612,1,2006q3,2006,558,1,0,0,0,0,0,0,0,1,0,0,0,0,0,0,0
10/1/2006,USA,111,United States,-5.520002,1,2006q4,2006,561,1,0,0,0,0,0,0,0,1,0,0,0,0,0,0,0
1/1/2007,USA,111,United States,-5.636464,1,2007q1,2007,564,1,0,0,0,0,0,0,0,1,0,0,0,0,0,0,0
4/1/2007,USA,111,United States,-5.369613,1,2007q2,2007,567,1,0,0,0,0,0,0,0,1,0,0,0,0,0,0,0
7/1/2007,USA,111,United States,-4.827096,1,2007q3,2007,570,1,0,0,0,0,0,0,0,1,0,0,0,0,0,0,0
10/1/2007,USA,111,United States,-4.543482,1,2007q4,2007,573,1,0,0,0,0,0,0,0,1,0,0,0,0,0,0,0
1/1/2008,USA,111,United States,-4.957904,1,2008q1,2008,576,1,0,0,0,0,0,0,0,1,0,0,0,0,0,0,0
4/1/2008,USA,111,United States,-4.838413,1,2008q2,2008,579,1,0,0,0,0,0,0,0,1,0,0,0,0,0,0,0
7/1/2008,USA,111,United States,-4.784053,1,2008q3,2008,582,1,0,0,0,0,0,0,0,1,0,0,0,0,0,0,0
10/1/2008,USA,111,United States,-4.277841,1,2008q4,2008,585,1,0,0,0,0,0,0,0,1,0,0,0,0,0,0,0
1/1/2009,USA,111,United States,-2.755254,1,2009q1,2009,588,1,0,0,0,0,0,0,0,1,0,0,0,0,0,0,0
4/1/2009,USA,111,United States,-2.422295,1,2009q2,2009,591,1,0,0,0,0,0,0,0,1,0,0,0,0,0,0,0
7/1/2009,USA,111,United States,-2.529857,1,2009q3,2009,594,1,0,0,0,0,0,0,0,1,0,0,0,0,0,0,0
10/1/2009,USA,111,United States,-2.78076,1,2009q4,2009,597,1,0,0,0,0,0,0,0,1,0,0,0,0,0,0,0
1/1/2010,USA,111,United States,-2.791378,1,2010q1,2010,600,1,0,0,0,0,0,0,0,1,0,0,0,0,0,0,0
4/1/2010,USA,111,United States,-2.983566,1,2010q2,2010,603,1,0,0,0,0,0,0,0,1,0,0,0,0,0,0,0
7/1/2010,USA,111,United States,-3.080756,1,2010q3,2010,606,1,0,0,0,0,0,0,0,1,0,0,0,0,0,0,0
10/1/2010,USA,111,United States,-2.628986,1,2010q4,2010,609,1,0,0,0,0,0,0,0,1,0,0,0,0,0,0,0
1/1/2011,USA,111,United States,-3.106834,1,2011q1,2011,612,1,0,0,0,0,0,0,0,1,0,0,0,0,0,0,0
4/1/2011,USA,111,United States,-3.070794,1,2011q2,2011,615,1,0,0,0,0,0,0,0,1,0,0,0,0,0,0,0
7/1/2011,USA,111,United States,-2.731651,1,2011q3,2011,618,1,0,0,0,0,0,0,0,1,0,0,0,0,0,0,0
10/1/2011,USA,111,United States,-2.7716,1,2011q4,2011,621,1,0,0,0,0,0,0,0,1,0,0,0,0,0,0,0
1/1/2012,USA,111,United States,-2.835606,1,2012q1,2012,624,1,0,0,0,0,0,0,0,1,0,0,0,0,0,0,0
4/1/2012,USA,111,United States,-2.714956,1,2012q2,2012,627,1,0,0,0,0,0,0,0,1,0,0,0,0,0,0,0
7/1/2012,USA,111,United States,-2.423254,1,2012q3,2012,630,1,0,0,0,0,0,0,0,1,0,0,0,0,0,0,0
10/1/2012,USA,111,United States,-2.323936,1,2012q4,2012,633,1,0,0,0,0,0,0,0,1,0,0,0,0,0,0,0
1/1/2013,USA,111,United States,-2.184574,1,2013q1,2013,636,1,0,0,0,0,0,0,0,1,0,0,0,0,0,0,0
4/1/2013,USA,111,United States,-2.131931,1,2013q2,2013,639,1,0,0,0,0,0,0,0,1,0,0,0,0,0,0,0
7/1/2013,USA,111,United States,-2.014694,1,2013q3,2013,642,1,0,0,0,0,0,0,0,1,0,0,0,0,0,0,0
10/1/2013,USA,111,United States,-1.722683,1,2013q4,2013,645,1,0,0,0,0,0,0,0,1,0,0,0,0,0,0,0
1/1/2014,USA,111,United States,-2.114557,1,2014q1,2014,648,1,0,0,0,0,0,0,0,1,0,0,0,0,0,0,0
4/1/2014,USA,111,United States,-1.990329,1,2014q2,2014,651,1,0,0,0,0,0,0,0,1,0,0,0,0,0,0,0
7/1/2014,USA,111,United States,-2.003771,1,2014q3,2014,654,1,0,0,0,0,0,0,0,1,0,0,0,0,0,0,0
10/1/2014,USA,111,United States,-2.2953,1,2014q4,2014,657,1,0,0,0,0,0,0,0,1,0,0,0,0,0,0,0
1/1/2015,USA,111,United States,-2.20101,1,2015q1,2015,660,1,0,0,0,0,0,0,0,1,0,0,0,0,0,0,0
4/1/2015,USA,111,United States,-2.176722,1,2015q2,2015,663,1,0,0,0,0,0,0,0,1,0,0,0,0,0,0,0
7/1/2015,USA,111,United States,-2.389506,1,2015q3,2015,666,1,0,0,0,0,0,0,0,1,0,0,0,0,0,0,0
10/1/2015,USA,111,United States,-2.162327,1,2015q4,2015,669,1,0,0,0,0,0,0,0,1,0,0,0,0,0,0,0
1/1/2016,USA,111,United States,-2.245825,1,2016q1,2016,672,1,0,0,0,0,0,0,0,1,0,0,0,0,0,0,0
4/1/2016,USA,111,United States,-2.147982,1,2016q2,2016,675,1,0,0,0,0,0,0,0,1,0,0,0,0,0,0,0
7/1/2016,USA,111,United States,-2.107953,1,2016q3,2016,678,1,0,0,0,0,0,0,0,1,0,0,0,0,0,0,0
10/1/2016,USA,111,United States,-1.931084,1,2016q4,2016,681,1,0,0,0,0,0,0,0,1,0,0,0,0,0,0,0
1/1/2017,USA,111,United States,-1.773084,1,2017q1,2017,684,1,0,0,0,0,0,0,0,1,0,0,0,0,0,0,0
4/1/2017,USA,111,United States,-2.138832,1,2017q2,2017,687,1,0,0,0,0,0,0,0,1,0,0,0,0,0,0,0
7/1/2017,USA,111,United States,-1.742096,1,2017q3,2017,690,1,0,0,0,0,0,0,0,1,0,0,0,0,0,0,0
10/1/2017,USA,111,United States,-1.845498,1,2017q4,2017,693,1,0,0,0,0,0,0,0,1,0,0,0,0,0,0,0
1/1/2018,USA,111,United States,-1.90713,1,2018q1,2018,696,1,0,0,0,0,0,0,0,1,0,0,0,0,0,0,0
4/1/2018,USA,111,United States,-1.829929,1,2018q2,2018,699,1,0,0,0,0,0,0,0,1,0,0,0,0,0,0,0
7/1/2018,USA,111,United States,-2.297236,1,2018q3,2018,702,1,0,0,0,0,0,0,0,1,0,0,0,0,0,0,0
10/1/2018,USA,111,United States,-2.472967,1,2018q4,2018,705,1,0,0,0,0,0,0,0,1,0,0,0,0,0,0,0
1/1/2019,USA,111,United States,-2.181341,1,2019q1,2019,708,1,0,0,0,0,0,0,0,1,0,0,0,0,0,0,0
4/1/2019,USA,111,United States,-2.187258,1,2019q2,2019,711,1,0,0,0,0,0,0,0,1,0,0,0,0,0,0,0
7/1/2019,USA,111,United States,-2.028957,1,2019q3,2019,714,1,0,0,0,0,0,0,0,1,0,0,0,0,0,0,0
10/1/2019,USA,111,United States,-1.813833,1,2019q4,2019,717,1,0,0,0,0,0,0,0,1,0,0,0,0,0,0,0
1/1/2020,USA,111,United States,-1.850766,1,2020q1,2020,720,1,0,0,0,0,0,0,0,1,0,0,0,0,0,0,0
4/1/2020,USA,111,United States,-3.016958,1,2020q2,2020,723,1,0,0,0,0,0,0,0,1,0,0,0,0,0,0,0
7/1/2020,USA,111,United States,-3.116117,1,2020q3,2020,726,1,0,0,0,0,0,0,0,1,0,0,0,0,0,0,0
10/1/2020,USA,111,United States,-3.287524,1,2020q4,2020,729,1,0,0,0,0,0,0,0,1,0,0,0,0,0,0,0
1/1/2021,USA,111,United States,-3.345646,1,2021q1,2021,732,1,0,0,0,0,0,0,0,1,0,0,0,0,0,0,0
4/1/2021,USA,111,United States,-3.615666,1,2021q2,2021,735,1,0,0,0,0,0,0,0,1,0,0,0,0,0,0,0
7/1/2021,USA,111,United States,-3.929322,1,2021q3,2021,738,1,0,0,0,0,0,0,0,1,0,0,0,0,0,0,0
10/1/2021,USA,111,United States,-3.749407,1,2021q4,2021,741,1,0,0,0,0,0,0,0,1,0,0,0,0,0,0,0
1/1/2022,USA,111,United States,-4.629202,1,2022q1,2022,744,1,0,0,0,0,0,0,0,1,0,0,0,0,0,0,0
4/1/2022,USA,111,United States,-4.078139,1,2022q2,2022,747,1,0,0,0,0,0,0,0,1,0,0,0,0,0,0,0
7/1/2022,USA,111,United States,-3.50988,1,2022q3,2022,750,1,0,0,0,0,0,0,0,1,0,0,0,0,0,0,0
10/1/2022,USA,111,United States,-3.391167,1,2022q4,2022,753,1,0,0,0,0,0,0,0,1,0,0,0,0,0,0,0
1/1/2023,USA,111,United States,-3.39165,1,2023q1,2023,756,1,0,0,0,0,0,0,0,1,0,0,0,0,0,0,0
4/1/2023,USA,111,United States,-3.389008,1,2023q2,2023,759,1,0,0,0,0,0,0,0,1,0,0,0,0,0,0,0
7/1/2023,USA,111,United States,-3.155912,1,2023q3,2023,762,1,0,0,0,0,0,0,0,1,0,0,0,0,0,0,0
10/1/2023,USA,111,United States,-3.135092,1,2023q4,2023,765,1,0,0,0,0,0,0,0,1,0,0,0,0,0,0,0
1/1/2024,USA,111,United States,-3.391705,1,2024q1,2024,768,1,0,0,0,0,0,0,0,1,0,0,0,0,0,0,0
4/1/2024,USA,111,United States,-3.814202,1,2024q2,2024,771,1,0,0,0,0,0,0,0,1,0,0,0,0,0,0,0
7/1/2024,USA,111,United States,-4.225088,1,2024q3,2024,774,1,0,0,0,0,0,0,0,1,0,0,0,0,0,0,0
10/1/2024,USA,111,United States,-4.090209,1,2024q4,2024,777,1,0,0,0,0,0,0,0,1,0,0,0,0,0,0,0
1/1/1960,GBR,112,United Kingdom,-0.2645914,1,1960q1,1960,0,1,0,0,0,0,0,0,1,0,0,0,0,0,1,0,0
4/1/1960,GBR,112,United Kingdom,-1.295497,1,1960q2,1960,3,1,0,0,0,0,0,0,1,0,0,0,0,0,1,0,0
7/1/1960,GBR,112,United Kingdom,-1.124962,1,1960q3,1960,6,1,0,0,0,0,0,0,1,0,0,0,0,0,1,0,0
10/1/1960,GBR,112,United Kingdom,-0.7000298,1,1960q4,1960,9,1,0,0,0,0,0,0,1,0,0,0,0,0,1,0,0
1/1/1961,GBR,112,United Kingdom,0.07266386,1,1961q1,1961,12,1,0,0,0,0,0,0,1,0,0,0,0,0,1,0,0
4/1/1961,GBR,112,United Kingdom,-0.3633193,1,1961q2,1961,15,1,0,0,0,0,0,0,1,0,0,0,0,0,1,0,0
7/1/1961,GBR,112,United Kingdom,0.8849558,1,1961q3,1961,18,1,0,0,0,0,0,0,1,0,0,0,0,0,1,0,0
10/1/1961,GBR,112,United Kingdom,0.3410544,1,1961q4,1961,21,1,0,0,0,0,0,0,1,0,0,0,0,0,1,0,0
1/1/1962,GBR,112,United Kingdom,0.6449804,1,1962q1,1962,24,1,0,0,0,0,0,0,1,0,0,0,0,0,1,0,0
4/1/1962,GBR,112,United Kingdom,0.8485014,1,1962q2,1962,27,1,0,0,0,0,0,0,1,0,0,0,0,0,1,0,0
7/1/1962,GBR,112,United Kingdom,0.4606422,1,1962q3,1962,30,1,0,0,0,0,0,0,1,0,0,0,0,0,1,0,0
10/1/1962,GBR,112,United Kingdom,0.4450438,1,1962q4,1962,33,1,0,0,0,0,0,0,1,0,0,0,0,0,1,0,0
1/1/1963,GBR,112,United Kingdom,1.072641,1,1963q1,1963,36,1,0,0,0,0,0,0,1,0,0,0,0,0,1,0,0
4/1/1963,GBR,112,United Kingdom,0.516129,1,1963q2,1963,39,1,0,0,0,0,0,0,1,0,0,0,0,0,1,0,0
7/1/1963,GBR,112,United Kingdom,0.4320752,1,1963q3,1963,42,1,0,0,0,0,0,0,1,0,0,0,0,0,1,0,0
10/1/1963,GBR,112,United Kingdom,-0.06161429,1,1963q4,1963,45,1,0,0,0,0,0,0,1,0,0,0,0,0,1,0,0
1/1/1964,GBR,112,United Kingdom,-0.7860476,1,1964q1,1964,48,1,0,0,0,0,0,0,1,0,0,0,0,0,1,0,0
4/1/1964,GBR,112,United Kingdom,-0.6166252,1,1964q2,1964,51,1,0,0,0,0,0,0,1,0,0,0,0,0,1,0,0
7/1/1964,GBR,112,United Kingdom,-1.253191,1,1964q3,1964,54,1,0,0,0,0,0,0,1,0,0,0,0,0,1,0,0
10/1/1964,GBR,112,United Kingdom,-1.445674,1,1964q4,1964,57,1,0,0,0,0,0,0,1,0,0,0,0,0,1,0,0
1/1/1965,GBR,112,United Kingdom,0.1219647,1,1965q1,1965,60,1,0,0,0,0,0,0,1,0,0,0,0,0,1,0,0
4/1/1965,GBR,112,United Kingdom,-0.242772,1,1965q2,1965,63,1,0,0,0,0,0,0,1,0,0,0,0,0,1,0,0
7/1/1965,GBR,112,United Kingdom,-0.3662609,1,1965q3,1965,66,1,0,0,0,0,0,0,1,0,0,0,0,0,1,0,0
10/1/1965,GBR,112,United Kingdom,-0.1796281,1,1965q4,1965,69,1,0,0,0,0,0,0,1,0,0,0,0,0,1,0,0
1/1/1966,GBR,112,United Kingdom,-0.4059963,1,1966q1,1966,72,1,0,0,0,0,0,0,1,0,0,0,0,0,1,0,0
4/1/1966,GBR,112,United Kingdom,0,1,1966q2,1966,75,1,0,0,0,0,0,0,1,0,0,0,0,0,1,0,0
7/1/1966,GBR,112,United Kingdom,-0.02008839,1,1966q3,1966,78,1,0,0,0,0,0,0,1,0,0,0,0,0,1,0,0
10/1/1966,GBR,112,United Kingdom,1.630219,1,1966q4,1966,81,1,0,0,0,0,0,0,1,0,0,0,0,0,1,0,0
1/1/1967,GBR,112,United Kingdom,0.5119118,1,1967q1,1967,84,1,0,0,0,0,0,0,1,0,0,0,0,0,1,0,0
4/1/1967,GBR,112,United Kingdom,-0.4513589,1,1967q2,1967,87,1,0,0,0,0,0,0,1,0,0,0,0,0,1,0,0
7/1/1967,GBR,112,United Kingdom,-0.3243347,1,1967q3,1967,90,1,0,0,0,0,0,0,1,0,0,0,0,0,1,0,0
10/1/1967,GBR,112,United Kingdom,-2.533195,1,1967q4,1967,93,1,0,0,0,0,0,0,1,0,0,0,0,0,1,0,0
1/1/1968,GBR,112,United Kingdom,-1.027305,1,1968q1,1968,96,1,0,0,0,0,0,0,1,0,0,0,0,0,1,0,0
4/1/1968,GBR,112,United Kingdom,-0.79252,1,1968q2,1968,99,1,0,0,0,0,0,0,1,0,0,0,0,0,1,0,0
7/1/1968,GBR,112,United Kingdom,-0.2675643,1,1968q3,1968,102,1,0,0,0,0,0,0,1,0,0,0,0,0,1,0,0
10/1/1968,GBR,112,United Kingdom,-0.5638781,1,1968q4,1968,105,1,0,0,0,0,0,0,1,0,0,0,0,0,1,0,0
1/1/1969,GBR,112,United Kingdom,0.231673,1,1969q1,1969,108,1,0,0,0,0,0,0,1,0,0,0,0,0,1,0,0
4/1/1969,GBR,112,United Kingdom,0.7907394,1,1969q2,1969,111,1,0,0,0,0,0,0,1,0,0,0,0,0,1,0,0
7/1/1969,GBR,112,United Kingdom,1.299737,1,1969q3,1969,114,1,0,0,0,0,0,0,1,0,0,0,0,0,1,0,0
10/1/1969,GBR,112,United Kingdom,0.9559338,1,1969q4,1969,117,1,0,0,0,0,0,0,1,0,0,0,0,0,1,0,0
1/1/1970,GBR,112,United Kingdom,2.299546,1,1970q1,1970,120,1,0,0,0,0,0,0,1,0,0,0,0,0,1,0,0
4/1/1970,GBR,112,United Kingdom,1.043252,1,1970q2,1970,123,1,0,0,0,0,0,0,1,0,0,0,0,0,1,0,0
7/1/1970,GBR,112,United Kingdom,0.5332211,1,1970q3,1970,126,1,0,0,0,0,0,0,1,0,0,0,0,0,1,0,0
10/1/1970,GBR,112,United Kingdom,1.401964,1,1970q4,1970,129,1,0,0,0,0,0,0,1,0,0,0,0,0,1,0,0
1/1/1971,GBR,112,United Kingdom,1.307887,1,1971q1,1971,132,1,0,0,0,0,0,0,1,0,0,0,0,0,1,0,0
4/1/1971,GBR,112,United Kingdom,1.619668,1,1971q2,1971,135,1,0,0,0,0,0,0,1,0,0,0,0,0,1,0,0
7/1/1971,GBR,112,United Kingdom,2.119677,1,1971q3,1971,138,1,0,0,0,0,0,0,1,0,0,0,0,0,1,0,0
10/1/1971,GBR,112,United Kingdom,1.445651,1,1971q4,1971,141,1,0,0,0,0,0,0,1,0,0,0,0,0,1,0,0
1/1/1972,GBR,112,United Kingdom,0.6747394,1,1972q1,1972,144,1,0,0,0,0,0,0,1,0,0,0,0,0,1,0,0
4/1/1972,GBR,112,United Kingdom,0.7246377,1,1972q2,1972,147,1,0,0,0,0,0,0,1,0,0,0,0,0,1,0,0
7/1/1972,GBR,112,United Kingdom,-0.9741539,1,1972q3,1972,150,1,0,0,0,0,0,0,1,0,0,0,0,0,1,0,0
10/1/1972,GBR,112,United Kingdom,-0.1858539,1,1972q4,1972,153,1,0,0,0,0,0,0,1,0,0,0,0,0,1,0,0
1/1/1973,GBR,112,United Kingdom,-1.267086,1,1973q1,1973,156,1,0,0,0,0,0,0,1,0,0,0,0,0,1,0,0
4/1/1973,GBR,112,United Kingdom,-0.6742477,1,1973q2,1973,159,1,0,0,0,0,0,0,1,0,0,0,0,0,1,0,0
7/1/1973,GBR,112,United Kingdom,-1.833836,1,1973q3,1973,162,1,0,0,0,0,0,0,1,0,0,0,0,0,1,0,0
10/1/1973,GBR,112,United Kingdom,-2.167488,1,1973q4,1973,165,1,0,0,0,0,0,0,1,0,0,0,0,0,1,0,0
1/1/1974,GBR,112,United Kingdom,-3.672156,1,1974q1,1974,168,1,0,0,0,0,0,0,1,0,0,0,0,0,1,0,0
4/1/1974,GBR,112,United Kingdom,-4.08812,1,1974q2,1974,171,1,0,0,0,0,0,0,1,0,0,0,0,0,1,0,0
7/1/1974,GBR,112,United Kingdom,-3.653331,1,1974q3,1974,174,1,0,0,0,0,0,0,1,0,0,0,0,0,1,0,0
10/1/1974,GBR,112,United Kingdom,-3.632872,1,1974q4,1974,177,1,0,0,0,0,0,0,1,0,0,0,0,0,1,0,0
1/1/1975,GBR,112,United Kingdom,-1.853509,1,1975q1,1975,180,1,0,0,0,0,0,0,1,0,0,0,0,0,1,0,0
4/1/1975,GBR,112,United Kingdom,-1.354474,1,1975q2,1975,183,1,0,0,0,0,0,0,1,0,0,0,0,0,1,0,0
7/1/1975,GBR,112,United Kingdom,-2.573479,1,1975q3,1975,186,1,0,0,0,0,0,0,1,0,0,0,0,0,1,0,0
10/1/1975,GBR,112,United Kingdom,-0.783425,1,1975q4,1975,189,1,0,0,0,0,0,0,1,0,0,0,0,0,1,0,0
1/1/1976,GBR,112,United Kingdom,0.2835218,1,1976q1,1976,192,1,0,0,0,0,0,0,1,0,0,0,0,0,1,0,0
4/1/1976,GBR,112,United Kingdom,-1.098373,1,1976q2,1976,195,1,0,0,0,0,0,0,1,0,0,0,0,0,1,0,0
7/1/1976,GBR,112,United Kingdom,-1.502171,1,1976q3,1976,198,1,0,0,0,0,0,0,1,0,0,0,0,0,1,0,0
10/1/1976,GBR,112,United Kingdom,-1.049676,1,1976q4,1976,201,1,0,0,0,0,0,0,1,0,0,0,0,0,1,0,0
1/1/1977,GBR,112,United Kingdom,-1.146222,1,1977q1,1977,204,1,0,0,0,0,0,0,1,0,0,0,0,0,1,0,0
4/1/1977,GBR,112,United Kingdom,-1.159413,1,1977q2,1977,207,1,0,0,0,0,0,0,1,0,0,0,0,0,1,0,0
7/1/1977,GBR,112,United Kingdom,0.4115124,1,1977q3,1977,210,1,0,0,0,0,0,0,1,0,0,0,0,0,1,0,0
10/1/1977,GBR,112,United Kingdom,0.4814419,1,1977q4,1977,213,1,0,0,0,0,0,0,1,0,0,0,0,0,1,0,0
1/1/1978,GBR,112,United Kingdom,-0.4145899,1,1978q1,1978,216,1,0,0,0,0,0,0,1,0,0,0,0,0,1,0,0
4/1/1978,GBR,112,United Kingdom,0.8582943,1,1978q2,1978,219,1,0,0,0,0,0,0,1,0,0,0,0,0,1,0,0
7/1/1978,GBR,112,United Kingdom,0.04872159,1,1978q3,1978,222,1,0,0,0,0,0,0,1,0,0,0,0,0,1,0,0
10/1/1978,GBR,112,United Kingdom,0.6706744,1,1978q4,1978,225,1,0,0,0,0,0,0,1,0,0,0,0,0,1,0,0
1/1/1979,GBR,112,United Kingdom,-1.450683,1,1979q1,1979,228,1,0,0,0,0,0,0,1,0,0,0,0,0,1,0,0
4/1/1979,GBR,112,United Kingdom,-0.3798688,1,1979q2,1979,231,1,0,0,0,0,0,0,1,0,0,0,0,0,1,0,0
7/1/1979,GBR,112,United Kingdom,0.1303574,1,1979q3,1979,234,1,0,0,0,0,0,0,1,0,0,0,0,0,1,0,0
10/1/1979,GBR,112,United Kingdom,-0.7208684,1,1979q4,1979,237,1,0,0,0,0,0,0,1,0,0,0,0,0,1,0,0
1/1/1980,GBR,112,United Kingdom,-0.5699841,1,1980q1,1980,240,1,0,0,0,0,0,0,1,0,0,0,0,0,1,0,0
4/1/1980,GBR,112,United Kingdom,-0.7911591,1,1980q2,1980,243,1,0,0,0,0,0,0,1,0,0,0,0,0,1,0,0
7/1/1980,GBR,112,United Kingdom,1.161752,1,1980q3,1980,246,1,0,0,0,0,0,0,1,0,0,0,0,0,1,0,0
10/1/1980,GBR,112,United Kingdom,2.194077,1,1980q4,1980,249,1,0,0,0,0,0,0,1,0,0,0,0,0,1,0,0
1/1/1981,GBR,112,United Kingdom,3.79897,1,1981q1,1981,252,1,0,0,0,0,0,0,1,0,0,0,0,0,1,0,0
4/1/1981,GBR,112,United Kingdom,1.983626,1,1981q2,1981,255,1,0,0,0,0,0,0,1,0,0,0,0,0,1,0,0
7/1/1981,GBR,112,United Kingdom,-0.2359842,1,1981q3,1981,258,1,0,0,0,0,0,0,1,0,0,0,0,0,1,0,0
10/1/1981,GBR,112,United Kingdom,0.7077094,1,1981q4,1981,261,1,0,0,0,0,0,0,1,0,0,0,0,0,1,0,0
1/1/1982,GBR,112,United Kingdom,1.110136,1,1982q1,1982,264,1,0,0,0,0,0,0,1,0,0,0,0,0,1,0,0
4/1/1982,GBR,112,United Kingdom,-0.2354639,1,1982q2,1982,267,1,0,0,0,0,0,0,1,0,0,0,0,0,1,0,0
7/1/1982,GBR,112,United Kingdom,0.1317916,1,1982q3,1982,270,1,0,0,0,0,0,0,1,0,0,0,0,0,1,0,0
10/1/1982,GBR,112,United Kingdom,1.212092,1,1982q4,1982,273,1,0,0,0,0,0,0,1,0,0,0,0,0,1,0,0
1/1/1983,GBR,112,United Kingdom,1.159495,1,1983q1,1983,276,1,0,0,0,0,0,0,1,0,0,0,0,0,1,0,0
4/1/1983,GBR,112,United Kingdom,-0.6953458,1,1983q2,1983,279,1,0,0,0,0,0,0,1,0,0,0,0,0,1,0,0
7/1/1983,GBR,112,United Kingdom,0.681431,1,1983q3,1983,282,1,0,0,0,0,0,0,1,0,0,0,0,0,1,0,0
10/1/1983,GBR,112,United Kingdom,-0.2524946,1,1983q4,1983,285,1,0,0,0,0,0,0,1,0,0,0,0,0,1,0,0
1/1/1984,GBR,112,United Kingdom,0.7811221,1,1984q1,1984,288,1,0,0,0,0,0,0,1,0,0,0,0,0,1,0,0
4/1/1984,GBR,112,United Kingdom,-1.3507,1,1984q2,1984,291,1,0,0,0,0,0,0,1,0,0,0,0,0,1,0,0
7/1/1984,GBR,112,United Kingdom,-1.160633,1,1984q3,1984,294,1,0,0,0,0,0,0,1,0,0,0,0,0,1,0,0
10/1/1984,GBR,112,United Kingdom,-0.2123272,1,1984q4,1984,297,1,0,0,0,0,0,0,1,0,0,0,0,0,1,0,0
1/1/1985,GBR,112,United Kingdom,-1.263429,1,1985q1,1985,300,1,0,0,0,0,0,0,1,0,0,0,0,0,1,0,0
4/1/1985,GBR,112,United Kingdom,0.2383536,1,1985q2,1985,303,1,0,0,0,0,0,0,1,0,0,0,0,0,1,0,0
7/1/1985,GBR,112,United Kingdom,0.06846124,1,1985q3,1985,306,1,0,0,0,0,0,0,1,0,0,0,0,0,1,0,0
10/1/1985,GBR,112,United Kingdom,-0.2124653,1,1985q4,1985,309,1,0,0,0,0,0,0,1,0,0,0,0,0,1,0,0
1/1/1986,GBR,112,United Kingdom,0.1940176,1,1986q1,1986,312,1,0,0,0,0,0,0,1,0,0,0,0,0,1,0,0
4/1/1986,GBR,112,United Kingdom,-1.004733,1,1986q2,1986,315,1,0,0,0,0,0,0,1,0,0,0,0,0,1,0,0
7/1/1986,GBR,112,United Kingdom,-1.788568,1,1986q3,1986,318,1,0,0,0,0,0,0,1,0,0,0,0,0,1,0,0
10/1/1986,GBR,112,United Kingdom,-1.184153,1,1986q4,1986,321,1,0,0,0,0,0,0,1,0,0,0,0,0,1,0,0
1/1/1987,GBR,112,United Kingdom,-0.1913049,1,1987q1,1987,324,1,0,0,0,0,0,0,1,0,0,0,0,0,1,0,0
4/1/1987,GBR,112,United Kingdom,-1.503216,1,1987q2,1987,327,1,0,0,0,0,0,0,1,0,0,0,0,0,1,0,0
7/1/1987,GBR,112,United Kingdom,-1.726728,1,1987q3,1987,330,1,0,0,0,0,0,0,1,0,0,0,0,0,1,0,0
10/1/1987,GBR,112,United Kingdom,-2.794746,1,1987q4,1987,333,1,0,0,0,0,0,0,1,0,0,0,0,0,1,0,0
1/1/1988,GBR,112,United Kingdom,-3.104672,1,1988q1,1988,336,1,0,0,0,0,0,0,1,0,0,0,0,0,1,0,0
4/1/1988,GBR,112,United Kingdom,-3.121569,1,1988q2,1988,339,1,0,0,0,0,0,0,1,0,0,0,0,0,1,0,0
7/1/1988,GBR,112,United Kingdom,-3.119296,1,1988q3,1988,342,1,0,0,0,0,0,0,1,0,0,0,0,0,1,0,0
10/1/1988,GBR,112,United Kingdom,-4.75274,1,1988q4,1988,345,1,0,0,0,0,0,0,1,0,0,0,0,0,1,0,0
1/1/1989,GBR,112,United Kingdom,-3.924695,1,1989q1,1989,348,1,0,0,0,0,0,0,1,0,0,0,0,0,1,0,0
4/1/1989,GBR,112,United Kingdom,-4.296519,1,1989q2,1989,351,1,0,0,0,0,0,0,1,0,0,0,0,0,1,0,0
7/1/1989,GBR,112,United Kingdom,-4.572955,1,1989q3,1989,354,1,0,0,0,0,0,0,1,0,0,0,0,0,1,0,0
10/1/1989,GBR,112,United Kingdom,-3.525625,1,1989q4,1989,357,1,0,0,0,0,0,0,1,0,0,0,0,0,1,0,0
1/1/1990,GBR,112,United Kingdom,-3.958149,1,1990q1,1990,360,1,0,0,0,0,0,0,1,0,0,0,0,0,1,0,0
4/1/1990,GBR,112,United Kingdom,-3.860988,1,1990q2,1990,363,1,0,0,0,0,0,0,1,0,0,0,0,0,1,0,0
7/1/1990,GBR,112,United Kingdom,-2.259684,1,1990q3,1990,366,1,0,0,0,0,0,0,1,0,0,0,0,0,1,0,0
10/1/1990,GBR,112,United Kingdom,-2.304129,1,1990q4,1990,369,1,0,0,0,0,0,0,1,0,0,0,0,0,1,0,0
1/1/1991,GBR,112,United Kingdom,-1.744884,1,1991q1,1991,372,1,0,0,0,0,0,0,1,0,0,0,0,0,1,0,0
4/1/1991,GBR,112,United Kingdom,-1.006131,1,1991q2,1991,375,1,0,0,0,0,0,0,1,0,0,0,0,0,1,0,0
7/1/1991,GBR,112,United Kingdom,-1.460402,1,1991q3,1991,378,1,0,0,0,0,0,0,1,0,0,0,0,0,1,0,0
10/1/1991,GBR,112,United Kingdom,-1.070772,1,1991q4,1991,381,1,0,0,0,0,0,0,1,0,0,0,0,0,1,0,0
1/1/1992,GBR,112,United Kingdom,-1.204268,1,1992q1,1992,384,1,0,0,0,0,0,0,1,0,0,0,0,0,1,0,0
4/1/1992,GBR,112,United Kingdom,-1.603725,1,1992q2,1992,387,1,0,0,0,0,0,0,1,0,0,0,0,0,1,0,0
7/1/1992,GBR,112,United Kingdom,-1.761632,1,1992q3,1992,390,1,0,0,0,0,0,0,1,0,0,0,0,0,1,0,0
10/1/1992,GBR,112,United Kingdom,-1.511441,1,1992q4,1992,393,1,0,0,0,0,0,0,1,0,0,0,0,0,1,0,0
1/1/1993,GBR,112,United Kingdom,-1.234307,1,1993q1,1993,396,1,0,0,0,0,0,0,1,0,0,0,0,0,1,0,0
4/1/1993,GBR,112,United Kingdom,-1.674903,1,1993q2,1993,399,1,0,0,0,0,0,0,1,0,0,0,0,0,1,0,0
7/1/1993,GBR,112,United Kingdom,-1.274076,1,1993q3,1993,402,1,0,0,0,0,0,0,1,0,0,0,0,0,1,0,0
10/1/1993,GBR,112,United Kingdom,-1.108059,1,1993q4,1993,405,1,0,0,0,0,0,0,1,0,0,0,0,0,1,0,0
1/1/1994,GBR,112,United Kingdom,-0.5150253,1,1994q1,1994,408,1,0,0,0,0,0,0,1,0,0,0,0,0,1,0,0
4/1/1994,GBR,112,United Kingdom,-0.8993926,1,1994q2,1994,411,1,0,0,0,0,0,0,1,0,0,0,0,0,1,0,0
7/1/1994,GBR,112,United Kingdom,-0.2011884,1,1994q3,1994,414,1,0,0,0,0,0,0,1,0,0,0,0,0,1,0,0
10/1/1994,GBR,112,United Kingdom,-0.3255803,1,1994q4,1994,417,1,0,0,0,0,0,0,1,0,0,0,0,0,1,0,0
1/1/1995,GBR,112,United Kingdom,0.3522528,1,1995q1,1995,420,1,0,0,0,0,0,0,1,0,0,0,0,0,1,0,0
4/1/1995,GBR,112,United Kingdom,-1.377949,1,1995q2,1995,423,1,0,0,0,0,0,0,1,0,0,0,0,0,1,0,0
7/1/1995,GBR,112,United Kingdom,-1.147631,1,1995q3,1995,426,1,0,0,0,0,0,0,1,0,0,0,0,0,1,0,0
10/1/1995,GBR,112,United Kingdom,-0.4903041,1,1995q4,1995,429,1,0,0,0,0,0,0,1,0,0,0,0,0,1,0,0
1/1/1996,GBR,112,United Kingdom,-0.669277,1,1996q1,1996,432,1,0,0,0,0,0,0,1,0,0,0,0,0,1,0,0
4/1/1996,GBR,112,United Kingdom,-0.5053341,1,1996q2,1996,435,1,0,0,0,0,0,0,1,0,0,0,0,0,1,0,0
7/1/1996,GBR,112,United Kingdom,-0.6206723,1,1996q3,1996,438,1,0,0,0,0,0,0,1,0,0,0,0,0,1,0,0
10/1/1996,GBR,112,United Kingdom,-0.490835,1,1996q4,1996,441,1,0,0,0,0,0,0,1,0,0,0,0,0,1,0,0
1/1/1997,GBR,112,United Kingdom,-0.3102054,1,1997q1,1997,444,1,0,0,0,0,0,0,1,0,0,0,0,0,1,0,0
4/1/1997,GBR,112,United Kingdom,-0.1830524,1,1997q2,1997,447,1,0,0,0,0,0,0,1,0,0,0,0,0,1,0,0
7/1/1997,GBR,112,United Kingdom,0.6643713,1,1997q3,1997,450,1,0,0,0,0,0,0,1,0,0,0,0,0,1,0,0
10/1/1997,GBR,112,United Kingdom,-0.997223,1,1997q4,1997,453,1,0,0,0,0,0,0,1,0,0,0,0,0,1,0,0
1/1/1998,GBR,112,United Kingdom,-0.9448768,1,1998q1,1998,456,1,0,0,0,0,0,0,1,0,0,0,0,0,1,0,0
4/1/1998,GBR,112,United Kingdom,-1.310862,1,1998q2,1998,459,1,0,0,0,0,0,0,1,0,0,0,0,0,1,0,0
7/1/1998,GBR,112,United Kingdom,0.8014048,1,1998q3,1998,462,1,0,0,0,0,0,0,1,0,0,0,0,0,1,0,0
10/1/1998,GBR,112,United Kingdom,-0.2437948,1,1998q4,1998,465,1,0,0,0,0,0,0,1,0,0,0,0,0,1,0,0
1/1/1999,GBR,112,United Kingdom,-2.81552,1,1999q1,1999,468,1,0,0,0,0,0,0,1,0,0,0,0,0,1,0,0
4/1/1999,GBR,112,United Kingdom,-2.156313,1,1999q2,1999,471,1,0,0,0,0,0,0,1,0,0,0,0,0,1,0,0
7/1/1999,GBR,112,United Kingdom,-2.246143,1,1999q3,1999,474,1,0,0,0,0,0,0,1,0,0,0,0,0,1,0,0
10/1/1999,GBR,112,United Kingdom,-1.274796,1,1999q4,1999,477,1,0,0,0,0,0,0,1,0,0,0,0,0,1,0,0
1/1/2000,GBR,112,United Kingdom,-1.595637,1,2000q1,2000,480,1,0,0,0,0,0,0,1,0,0,0,0,0,1,0,0
4/1/2000,GBR,112,United Kingdom,-1.577126,1,2000q2,2000,483,1,0,0,0,0,0,0,1,0,0,0,0,0,1,0,0
7/1/2000,GBR,112,United Kingdom,-2.005982,1,2000q3,2000,486,1,0,0,0,0,0,0,1,0,0,0,0,0,1,0,0
10/1/2000,GBR,112,United Kingdom,-2.138261,1,2000q4,2000,489,1,0,0,0,0,0,0,1,0,0,0,0,0,1,0,0
1/1/2001,GBR,112,United Kingdom,-1.013472,1,2001q1,2001,492,1,0,0,0,0,0,0,1,0,0,0,0,0,1,0,0
4/1/2001,GBR,112,United Kingdom,-2.114547,1,2001q2,2001,495,1,0,0,0,0,0,0,1,0,0,0,0,0,1,0,0
7/1/2001,GBR,112,United Kingdom,-2.089074,1,2001q3,2001,498,1,0,0,0,0,0,0,1,0,0,0,0,0,1,0,0
10/1/2001,GBR,112,United Kingdom,-1.863694,1,2001q4,2001,501,1,0,0,0,0,0,0,1,0,0,0,0,0,1,0,0
1/1/2002,GBR,112,United Kingdom,-1.807266,1,2002q1,2002,504,1,0,0,0,0,0,0,1,0,0,0,0,0,1,0,0
4/1/2002,GBR,112,United Kingdom,-2.739276,1,2002q2,2002,507,1,0,0,0,0,0,0,1,0,0,0,0,0,1,0,0
7/1/2002,GBR,112,United Kingdom,-1.556328,1,2002q3,2002,510,1,0,0,0,0,0,0,1,0,0,0,0,0,1,0,0
10/1/2002,GBR,112,United Kingdom,-1.799761,1,2002q4,2002,513,1,0,0,0,0,0,0,1,0,0,0,0,0,1,0,0
1/1/2003,GBR,112,United Kingdom,-0.9015074,1,2003q1,2003,516,1,0,0,0,0,0,0,1,0,0,0,0,0,1,0,0
4/1/2003,GBR,112,United Kingdom,-2.056891,1,2003q2,2003,519,1,0,0,0,0,0,0,1,0,0,0,0,0,1,0,0
7/1/2003,GBR,112,United Kingdom,-2.737327,1,2003q3,2003,522,1,0,0,0,0,0,0,1,0,0,0,0,0,1,0,0
10/1/2003,GBR,112,United Kingdom,-1.573471,1,2003q4,2003,525,1,0,0,0,0,0,0,1,0,0,0,0,0,1,0,0
1/1/2004,GBR,112,United Kingdom,-2.356108,1,2004q1,2004,528,1,0,0,0,0,0,0,1,0,0,0,0,0,1,0,0
4/1/2004,GBR,112,United Kingdom,-2.422574,1,2004q2,2004,531,1,0,0,0,0,0,0,1,0,0,0,0,0,1,0,0
7/1/2004,GBR,112,United Kingdom,-3.209366,1,2004q3,2004,534,1,0,0,0,0,0,0,1,0,0,0,0,0,1,0,0
10/1/2004,GBR,112,United Kingdom,-1.243594,1,2004q4,2004,537,1,0,0,0,0,0,0,1,0,0,0,0,0,1,0,0
1/1/2005,GBR,112,United Kingdom,-1.949281,1,2005q1,2005,540,1,0,0,0,0,0,0,1,0,0,0,0,0,1,0,0
4/1/2005,GBR,112,United Kingdom,-0.6918399,1,2005q2,2005,543,1,0,0,0,0,0,0,1,0,0,0,0,0,1,0,0
7/1/2005,GBR,112,United Kingdom,-2.74289,1,2005q3,2005,546,1,0,0,0,0,0,0,1,0,0,0,0,0,1,0,0
10/1/2005,GBR,112,United Kingdom,-2.584852,1,2005q4,2005,549,1,0,0,0,0,0,0,1,0,0,0,0,0,1,0,0
1/1/2006,GBR,112,United Kingdom,-3.25985,1,2006q1,2006,552,1,0,0,0,0,0,0,1,0,0,0,0,0,1,0,0
4/1/2006,GBR,112,United Kingdom,-2.907569,1,2006q2,2006,555,1,0,0,0,0,0,0,1,0,0,0,0,0,1,0,0
7/1/2006,GBR,112,United Kingdom,-3.349574,1,2006q3,2006,558,1,0,0,0,0,0,0,1,0,0,0,0,0,1,0,0
10/1/2006,GBR,112,United Kingdom,-2.966211,1,2006q4,2006,561,1,0,0,0,0,0,0,1,0,0,0,0,0,1,0,0
1/1/2007,GBR,112,United Kingdom,-3.92484,1,2007q1,2007,564,1,0,0,0,0,0,0,1,0,0,0,0,0,1,0,0
4/1/2007,GBR,112,United Kingdom,-2.817602,1,2007q2,2007,567,1,0,0,0,0,0,0,1,0,0,0,0,0,1,0,0
7/1/2007,GBR,112,United Kingdom,-4.387207,1,2007q3,2007,570,1,0,0,0,0,0,0,1,0,0,0,0,0,1,0,0
10/1/2007,GBR,112,United Kingdom,-3.784124,1,2007q4,2007,573,1,0,0,0,0,0,0,1,0,0,0,0,0,1,0,0
1/1/2008,GBR,112,United Kingdom,-3.486928,1,2008q1,2008,576,1,0,0,0,0,0,0,1,0,0,0,0,0,1,0,0
4/1/2008,GBR,112,United Kingdom,-4.247975,1,2008q2,2008,579,1,0,0,0,0,0,0,1,0,0,0,0,0,1,0,0
7/1/2008,GBR,112,United Kingdom,-3.584304,1,2008q3,2008,582,1,0,0,0,0,0,0,1,0,0,0,0,0,1,0,0
10/1/2008,GBR,112,United Kingdom,-4.129115,1,2008q4,2008,585,1,0,0,0,0,0,0,1,0,0,0,0,0,1,0,0
1/1/2009,GBR,112,United Kingdom,-3.990188,1,2009q1,2009,588,1,0,0,0,0,0,0,1,0,0,0,0,0,1,0,0
4/1/2009,GBR,112,United Kingdom,-3.81914,1,2009q2,2009,591,1,0,0,0,0,0,0,1,0,0,0,0,0,1,0,0
7/1/2009,GBR,112,United Kingdom,-2.29673,1,2009q3,2009,594,1,0,0,0,0,0,0,1,0,0,0,0,0,1,0,0
10/1/2009,GBR,112,United Kingdom,-2.170232,1,2009q4,2009,597,1,0,0,0,0,0,0,1,0,0,0,0,0,1,0,0
1/1/2010,GBR,112,United Kingdom,-2.325986,1,2010q1,2010,600,1,0,0,0,0,0,0,1,0,0,0,0,0,1,0,0
4/1/2010,GBR,112,United Kingdom,-2.221956,1,2010q2,2010,603,1,0,0,0,0,0,0,1,0,0,0,0,0,1,0,0
7/1/2010,GBR,112,United Kingdom,-3.283914,1,2010q3,2010,606,1,0,0,0,0,0,0,1,0,0,0,0,0,1,0,0
10/1/2010,GBR,112,United Kingdom,-3.194777,1,2010q4,2010,609,1,0,0,0,0,0,0,1,0,0,0,0,0,1,0,0
1/1/2011,GBR,112,United Kingdom,-0.6996042,1,2011q1,2011,612,1,0,0,0,0,0,0,1,0,0,0,0,0,1,0,0
4/1/2011,GBR,112,United Kingdom,-1.299822,1,2011q2,2011,615,1,0,0,0,0,0,0,1,0,0,0,0,0,1,0,0
7/1/2011,GBR,112,United Kingdom,-2.720642,1,2011q3,2011,618,1,0,0,0,0,0,0,1,0,0,0,0,0,1,0,0
10/1/2011,GBR,112,United Kingdom,-1.793921,1,2011q4,2011,621,1,0,0,0,0,0,0,1,0,0,0,0,0,1,0,0
1/1/2012,GBR,112,United Kingdom,-1.877797,1,2012q1,2012,624,1,0,0,0,0,0,0,1,0,0,0,0,0,1,0,0
4/1/2012,GBR,112,United Kingdom,-3.928799,1,2012q2,2012,627,1,0,0,0,0,0,0,1,0,0,0,0,0,1,0,0
7/1/2012,GBR,112,United Kingdom,-2.919269,1,2012q3,2012,630,1,0,0,0,0,0,0,1,0,0,0,0,0,1,0,0
10/1/2012,GBR,112,United Kingdom,-3.844698,1,2012q4,2012,633,1,0,0,0,0,0,0,1,0,0,0,0,0,1,0,0
1/1/2013,GBR,112,United Kingdom,-4.296311,1,2013q1,2013,636,1,0,0,0,0,0,0,1,0,0,0,0,0,1,0,0
4/1/2013,GBR,112,United Kingdom,-4.035558,1,2013q2,2013,639,1,0,0,0,0,0,0,1,0,0,0,0,0,1,0,0
7/1/2013,GBR,112,United Kingdom,-4.621658,1,2013q3,2013,642,1,0,0,0,0,0,0,1,0,0,0,0,0,1,0,0
10/1/2013,GBR,112,United Kingdom,-5.599282,1,2013q4,2013,645,1,0,0,0,0,0,0,1,0,0,0,0,0,1,0,0
1/1/2014,GBR,112,United Kingdom,-4.047343,1,2014q1,2014,648,1,0,0,0,0,0,0,1,0,0,0,0,0,1,0,0
4/1/2014,GBR,112,United Kingdom,-4.07779,1,2014q2,2014,651,1,0,0,0,0,0,0,1,0,0,0,0,0,1,0,0
7/1/2014,GBR,112,United Kingdom,-5.028855,1,2014q3,2014,654,1,0,0,0,0,0,0,1,0,0,0,0,0,1,0,0
10/1/2014,GBR,112,United Kingdom,-6.879816,1,2014q4,2014,657,1,0,0,0,0,0,0,1,0,0,0,0,0,1,0,0
1/1/2015,GBR,112,United Kingdom,-5.591557,1,2015q1,2015,660,1,0,0,0,0,0,0,1,0,0,0,0,0,1,0,0
4/1/2015,GBR,112,United Kingdom,-3.059017,1,2015q2,2015,663,1,0,0,0,0,0,0,1,0,0,0,0,0,1,0,0
7/1/2015,GBR,112,United Kingdom,-4.406531,1,2015q3,2015,666,1,0,0,0,0,0,0,1,0,0,0,0,0,1,0,0
10/1/2015,GBR,112,United Kingdom,-6.708418,1,2015q4,2015,669,1,0,0,0,0,0,0,1,0,0,0,0,0,1,0,0
1/1/2016,GBR,112,United Kingdom,-5.776186,1,2016q1,2016,672,1,0,0,0,0,0,0,1,0,0,0,0,0,1,0,0
4/1/2016,GBR,112,United Kingdom,-5.274554,1,2016q2,2016,675,1,0,0,0,0,0,0,1,0,0,0,0,0,1,0,0
7/1/2016,GBR,112,United Kingdom,-6.67291,1,2016q3,2016,678,1,0,0,0,0,0,0,1,0,0,0,0,0,1,0,0
10/1/2016,GBR,112,United Kingdom,-4.089656,1,2016q4,2016,681,1,0,0,0,0,0,0,1,0,0,0,0,0,1,0,0
1/1/2017,GBR,112,United Kingdom,-3.173911,1,2017q1,2017,684,1,0,0,0,0,0,0,1,0,0,0,0,0,1,0,0
4/1/2017,GBR,112,United Kingdom,-4.392879,1,2017q2,2017,687,1,0,0,0,0,0,0,1,0,0,0,0,0,1,0,0
7/1/2017,GBR,112,United Kingdom,-3.350171,1,2017q3,2017,690,1,0,0,0,0,0,0,1,0,0,0,0,0,1,0,0
10/1/2017,GBR,112,United Kingdom,-3.065568,1,2017q4,2017,693,1,0,0,0,0,0,0,1,0,0,0,0,0,1,0,0
1/1/2018,GBR,112,United Kingdom,-4.108026,1,2018q1,2018,696,1,0,0,0,0,0,0,1,0,0,0,0,0,1,0,0
4/1/2018,GBR,112,United Kingdom,-3.387673,1,2018q2,2018,699,1,0,0,0,0,0,0,1,0,0,0,0,0,1,0,0
7/1/2018,GBR,112,United Kingdom,-3.652687,1,2018q3,2018,702,1,0,0,0,0,0,0,1,0,0,0,0,0,1,0,0
10/1/2018,GBR,112,United Kingdom,-4.552315,1,2018q4,2018,705,1,0,0,0,0,0,0,1,0,0,0,0,0,1,0,0
1/1/2019,GBR,112,United Kingdom,-6.24613,1,2019q1,2019,708,1,0,0,0,0,0,0,1,0,0,0,0,0,1,0,0
4/1/2019,GBR,112,United Kingdom,-2.406205,1,2019q2,2019,711,1,0,0,0,0,0,0,1,0,0,0,0,0,1,0,0
7/1/2019,GBR,112,United Kingdom,-2.401248,1,2019q3,2019,714,1,0,0,0,0,0,0,1,0,0,0,0,0,1,0,0
10/1/2019,GBR,112,United Kingdom,0.2030904,1,2019q4,2019,717,1,0,0,0,0,0,0,1,0,0,0,0,0,1,0,0
1/1/2020,GBR,112,United Kingdom,-2.292896,1,2020q1,2020,720,1,0,0,0,0,0,0,1,0,0,0,0,0,1,0,0
4/1/2020,GBR,112,United Kingdom,-2.058552,1,2020q2,2020,723,1,0,0,0,0,0,0,1,0,0,0,0,0,1,0,0
7/1/2020,GBR,112,United Kingdom,-2.01178,1,2020q3,2020,726,1,0,0,0,0,0,0,1,0,0,0,0,0,1,0,0
10/1/2020,GBR,112,United Kingdom,-5.288219,1,2020q4,2020,729,1,0,0,0,0,0,0,1,0,0,0,0,0,1,0,0
1/1/2021,GBR,112,United Kingdom,-0.6301209,1,2021q1,2021,732,1,0,0,0,0,0,0,1,0,0,0,0,0,1,0,0
4/1/2021,GBR,112,United Kingdom,0.6205575,1,2021q2,2021,735,1,0,0,0,0,0,0,1,0,0,0,0,0,1,0,0
7/1/2021,GBR,112,United Kingdom,-2.439649,1,2021q3,2021,738,1,0,0,0,0,0,0,1,0,0,0,0,0,1,0,0
10/1/2021,GBR,112,United Kingdom,0.6816484,1,2021q4,2021,741,1,0,0,0,0,0,0,1,0,0,0,0,0,1,0,0
1/1/2022,GBR,112,United Kingdom,-6.490581,1,2022q1,2022,744,1,0,0,0,0,0,0,1,0,0,0,0,0,1,0,0
4/1/2022,GBR,112,United Kingdom,-2.90359,1,2022q2,2022,747,1,0,0,0,0,0,0,1,0,0,0,0,0,1,0,0
7/1/2022,GBR,112,United Kingdom,-1.001488,1,2022q3,2022,750,1,0,0,0,0,0,0,1,0,0,0,0,0,1,0,0
10/1/2022,GBR,112,United Kingdom,1.69036,1,2022q4,2022,753,1,0,0,0,0,0,0,1,0,0,0,0,0,1,0,0
1/1/2023,GBR,112,United Kingdom,-3.76281,1,2023q1,2023,756,1,0,0,0,0,0,0,1,0,0,0,0,0,1,0,0
4/1/2023,GBR,112,United Kingdom,-5.275466,1,2023q2,2023,759,1,0,0,0,0,0,0,1,0,0,0,0,0,1,0,0
7/1/2023,GBR,112,United Kingdom,-2.214566,1,2023q3,2023,762,1,0,0,0,0,0,0,1,0,0,0,0,0,1,0,0
10/1/2023,GBR,112,United Kingdom,-2.803257,1,2023q4,2023,765,1,0,0,0,0,0,0,1,0,0,0,0,0,1,0,0
1/1/2024,GBR,112,United Kingdom,-2.276763,1,2024q1,2024,768,1,0,0,0,0,0,0,1,0,0,0,0,0,1,0,0
4/1/2024,GBR,112,United Kingdom,-3.724962,1,2024q2,2024,771,1,0,0,0,0,0,0,1,0,0,0,0,0,1,0,0
7/1/2024,GBR,112,United Kingdom,-1.736651,1,2024q3,2024,774,1,0,0,0,0,0,0,1,0,0,0,0,0,1,0,0
10/1/2024,GBR,112,United Kingdom,-2.891643,1,2024q4,2024,777,1,0,0,0,0,0,0,1,0,0,0,0,0,1,0,0
1/1/1970,AUT,122,Austria,0.5241146,4,1970q1,1970,120,1,0,0,0,0,0,0,1,0,0,0,0,0,0,0,0
4/1/1970,AUT,122,Austria,-0.82263447,4,1970q2,1970,123,1,0,0,0,0,0,0,1,0,0,0,0,0,0,0,0
7/1/1970,AUT,122,Austria,-0.79974078,4,1970q3,1970,126,1,0,0,0,0,0,0,1,0,0,0,0,0,0,0,0
10/1/1970,AUT,122,Austria,-0.76163676,4,1970q4,1970,129,1,0,0,0,0,0,0,1,0,0,0,0,0,0,0,0
1/1/1971,AUT,122,Austria,-0.08759902,4,1971q1,1971,132,1,0,0,0,0,0,0,1,0,0,0,0,0,0,0,0
4/1/1971,AUT,122,Austria,-0.61380272,4,1971q2,1971,135,1,0,0,0,0,0,0,1,0,0,0,0,0,0,0,0
7/1/1971,AUT,122,Austria,0.10627697,4,1971q3,1971,138,1,0,0,0,0,0,0,1,0,0,0,0,0,0,0,0
10/1/1971,AUT,122,Austria,-1.3065757,4,1971q4,1971,141,1,0,0,0,0,0,0,1,0,0,0,0,0,0,0,0
1/1/1972,AUT,122,Austria,-0.79957221,4,1972q1,1972,144,1,0,0,0,0,0,0,1,0,0,0,0,0,0,0,0
4/1/1972,AUT,122,Austria,-0.26585539,4,1972q2,1972,147,1,0,0,0,0,0,0,1,0,0,0,0,0,0,0,0
7/1/1972,AUT,122,Austria,-0.08018172,4,1972q3,1972,150,1,0,0,0,0,0,0,1,0,0,0,0,0,0,0,0
10/1/1972,AUT,122,Austria,-0.33294245,4,1972q4,1972,153,1,0,0,0,0,0,0,1,0,0,0,0,0,0,0,0
1/1/1973,AUT,122,Austria,-2.1024207,4,1973q1,1973,156,1,0,0,0,0,0,0,1,0,0,0,0,0,0,0,0
4/1/1973,AUT,122,Austria,0.53246443,4,1973q2,1973,159,1,0,0,0,0,0,0,1,0,0,0,0,0,0,0,0
7/1/1973,AUT,122,Austria,-1.4975524,4,1973q3,1973,162,1,0,0,0,0,0,0,1,0,0,0,0,0,0,0,0
10/1/1973,AUT,122,Austria,-1.0405827,4,1973q4,1973,165,1,0,0,0,0,0,0,1,0,0,0,0,0,0,0,0
1/1/1974,AUT,122,Austria,-0.64028557,4,1974q1,1974,168,1,0,0,0,0,0,0,1,0,0,0,0,0,0,0,0
4/1/1974,AUT,122,Austria,-0.5096309,4,1974q2,1974,171,1,0,0,0,0,0,0,1,0,0,0,0,0,0,0,0
7/1/1974,AUT,122,Austria,-0.72037015,4,1974q3,1974,174,1,0,0,0,0,0,0,1,0,0,0,0,0,0,0,0
10/1/1974,AUT,122,Austria,-0.83145591,4,1974q4,1974,177,1,0,0,0,0,0,0,1,0,0,0,0,0,0,0,0
1/1/1975,AUT,122,Austria,-1.6954222,4,1975q1,1975,180,1,0,0,0,0,0,0,1,0,0,0,0,0,0,0,0
4/1/1975,AUT,122,Austria,-3.1890788,4,1975q2,1975,183,1,0,0,0,0,0,0,1,0,0,0,0,0,0,0,0
7/1/1975,AUT,122,Austria,-1.3783941,4,1975q3,1975,186,1,0,0,0,0,0,0,1,0,0,0,0,0,0,0,0
10/1/1975,AUT,122,Austria,-1.576678,4,1975q4,1975,189,1,0,0,0,0,0,0,1,0,0,0,0,0,0,0,0
1/1/1976,AUT,122,Austria,-1.7426634,4,1976q1,1976,192,1,0,0,0,0,0,0,1,0,0,0,0,0,0,0,0
4/1/1976,AUT,122,Austria,-1.863965,4,1976q2,1976,195,1,0,0,0,0,0,0,1,0,0,0,0,0,0,0,0
7/1/1976,AUT,122,Austria,-4.7324303,4,1976q3,1976,198,1,0,0,0,0,0,0,1,0,0,0,0,0,0,0,0
10/1/1976,AUT,122,Austria,-4.4590902,4,1976q4,1976,201,1,0,0,0,0,0,0,1,0,0,0,0,0,0,0,0
1/1/1977,AUT,122,Austria,-4.6749959,4,1977q1,1977,204,1,0,0,0,0,0,0,1,0,0,0,0,0,0,0,0
4/1/1977,AUT,122,Austria,-4.5987596,4,1977q2,1977,207,1,0,0,0,0,0,0,1,0,0,0,0,0,0,0,0
7/1/1977,AUT,122,Austria,-5.9457869,4,1977q3,1977,210,1,0,0,0,0,0,0,1,0,0,0,0,0,0,0,0
10/1/1977,AUT,122,Austria,-6.2882833,4,1977q4,1977,213,1,0,0,0,0,0,0,1,0,0,0,0,0,0,0,0
1/1/1978,AUT,122,Austria,-1.8823098,4,1978q1,1978,216,1,0,0,0,0,0,0,1,0,0,0,0,0,0,0,0
4/1/1978,AUT,122,Austria,-2.3543876,4,1978q2,1978,219,1,0,0,0,0,0,0,1,0,0,0,0,0,0,0,0
7/1/1978,AUT,122,Austria,-3.0546969,4,1978q3,1978,222,1,0,0,0,0,0,0,1,0,0,0,0,0,0,0,0
10/1/1978,AUT,122,Austria,-2.3223442,4,1978q4,1978,225,1,0,0,0,0,0,0,1,0,0,0,0,0,0,0,0
1/1/1979,AUT,122,Austria,-2.4176182,4,1979q1,1979,228,1,0,0,0,0,0,0,1,0,0,0,0,0,0,0,0
4/1/1979,AUT,122,Austria,-2.0158311,4,1979q2,1979,231,1,0,0,0,0,0,0,1,0,0,0,0,0,0,0,0
7/1/1979,AUT,122,Austria,-2.3983656,4,1979q3,1979,234,1,0,0,0,0,0,0,1,0,0,0,0,0,0,0,0
10/1/1979,AUT,122,Austria,-3.8435347,4,1979q4,1979,237,1,0,0,0,0,0,0,1,0,0,0,0,0,0,0,0
1/1/1980,AUT,122,Austria,-5.4551509,4,1980q1,1980,240,1,0,0,0,0,0,0,1,0,0,0,0,0,0,0,0
4/1/1980,AUT,122,Austria,-5.3818705,4,1980q2,1980,243,1,0,0,0,0,0,0,1,0,0,0,0,0,0,0,0
7/1/1980,AUT,122,Austria,-4.6431895,4,1980q3,1980,246,1,0,0,0,0,0,0,1,0,0,0,0,0,0,0,0
10/1/1980,AUT,122,Austria,-4.6051791,4,1980q4,1980,249,1,0,0,0,0,0,0,1,0,0,0,0,0,0,0,0
1/1/1981,AUT,122,Austria,-3.815318,4,1981q1,1981,252,1,0,0,0,0,0,0,1,0,0,0,0,0,0,0,0
4/1/1981,AUT,122,Austria,-4.4082849,4,1981q2,1981,255,1,0,0,0,0,0,0,1,0,0,0,0,0,0,0,0
7/1/1981,AUT,122,Austria,-5.4628179,4,1981q3,1981,258,1,0,0,0,0,0,0,1,0,0,0,0,0,0,0,0
10/1/1981,AUT,122,Austria,-4.1307748,4,1981q4,1981,261,1,0,0,0,0,0,0,1,0,0,0,0,0,0,0,0
1/1/1982,AUT,122,Austria,0.91503798,4,1982q1,1982,264,1,0,0,0,0,0,0,1,0,0,0,0,0,0,0,0
4/1/1982,AUT,122,Austria,-0.29018206,4,1982q2,1982,267,1,0,0,0,0,0,0,1,0,0,0,0,0,0,0,0
7/1/1982,AUT,122,Austria,1.6210738,4,1982q3,1982,270,1,0,0,0,0,0,0,1,0,0,0,0,0,0,0,0
10/1/1982,AUT,122,Austria,2.1859058,4,1982q4,1982,273,1,0,0,0,0,0,0,1,0,0,0,0,0,0,0,0
1/1/1983,AUT,122,Austria,1.0621512,4,1983q1,1983,276,1,0,0,0,0,0,0,1,0,0,0,0,0,0,0,0
4/1/1983,AUT,122,Austria,1.4732029,4,1983q2,1983,279,1,0,0,0,0,0,0,1,0,0,0,0,0,0,0,0
7/1/1983,AUT,122,Austria,0.39314826,4,1983q3,1983,282,1,0,0,0,0,0,0,1,0,0,0,0,0,0,0,0
10/1/1983,AUT,122,Austria,-0.87846009,4,1983q4,1983,285,1,0,0,0,0,0,0,1,0,0,0,0,0,0,0,0
1/1/1984,AUT,122,Austria,-0.77766855,4,1984q1,1984,288,1,0,0,0,0,0,0,1,0,0,0,0,0,0,0,0
4/1/1984,AUT,122,Austria,0.44658243,4,1984q2,1984,291,1,0,0,0,0,0,0,1,0,0,0,0,0,0,0,0
7/1/1984,AUT,122,Austria,-0.32821317,4,1984q3,1984,294,1,0,0,0,0,0,0,1,0,0,0,0,0,0,0,0
10/1/1984,AUT,122,Austria,-0.2596052,4,1984q4,1984,297,1,0,0,0,0,0,0,1,0,0,0,0,0,0,0,0
1/1/1985,AUT,122,Austria,0.89731116,4,1985q1,1985,300,1,0,0,0,0,0,0,1,0,0,0,0,0,0,0,0
4/1/1985,AUT,122,Austria,-1.2647725,4,1985q2,1985,303,1,0,0,0,0,0,0,1,0,0,0,0,0,0,0,0
7/1/1985,AUT,122,Austria,0.14670023,4,1985q3,1985,306,1,0,0,0,0,0,0,1,0,0,0,0,0,0,0,0
10/1/1985,AUT,122,Austria,0.08995187,4,1985q4,1985,309,1,0,0,0,0,0,0,1,0,0,0,0,0,0,0,0
1/1/1986,AUT,122,Austria,0.34990977,4,1986q1,1986,312,1,0,0,0,0,0,0,1,0,0,0,0,0,0,0,0
4/1/1986,AUT,122,Austria,0.93935179,4,1986q2,1986,315,1,0,0,0,0,0,0,1,0,0,0,0,0,0,0,0
7/1/1986,AUT,122,Austria,-0.28946114,4,1986q3,1986,318,1,0,0,0,0,0,0,1,0,0,0,0,0,0,0,0
10/1/1986,AUT,122,Austria,0.58361503,4,1986q4,1986,321,1,0,0,0,0,0,0,1,0,0,0,0,0,0,0,0
1/1/1987,AUT,122,Austria,0.54657888,4,1987q1,1987,324,1,0,0,0,0,0,0,1,0,0,0,0,0,0,0,0
4/1/1987,AUT,122,Austria,0.24558918,4,1987q2,1987,327,1,0,0,0,0,0,0,1,0,0,0,0,0,0,0,0
7/1/1987,AUT,122,Austria,-0.15834908,4,1987q3,1987,330,1,0,0,0,0,0,0,1,0,0,0,0,0,0,0,0
10/1/1987,AUT,122,Austria,-0.70050054,4,1987q4,1987,333,1,0,0,0,0,0,0,1,0,0,0,0,0,0,0,0
1/1/1988,AUT,122,Austria,-0.51758902,4,1988q1,1988,336,1,0,0,0,0,0,0,1,0,0,0,0,0,0,0,0
4/1/1988,AUT,122,Austria,-0.27347121,4,1988q2,1988,339,1,0,0,0,0,0,0,1,0,0,0,0,0,0,0,0
7/1/1988,AUT,122,Austria,0.24784186,4,1988q3,1988,342,1,0,0,0,0,0,0,1,0,0,0,0,0,0,0,0
10/1/1988,AUT,122,Austria,-0.21222108,4,1988q4,1988,345,1,0,0,0,0,0,0,1,0,0,0,0,0,0,0,0
1/1/1989,AUT,122,Austria,0.76964962,4,1989q1,1989,348,1,0,0,0,0,0,0,1,0,0,0,0,0,0,0,0
4/1/1989,AUT,122,Austria,0.12921871,4,1989q2,1989,351,1,0,0,0,0,0,0,1,0,0,0,0,0,0,0,0
7/1/1989,AUT,122,Austria,0.147482,4,1989q3,1989,354,1,0,0,0,0,0,0,1,0,0,0,0,0,0,0,0
10/1/1989,AUT,122,Austria,-0.07089666,4,1989q4,1989,357,1,0,0,0,0,0,0,1,0,0,0,0,0,0,0,0
1/1/1990,AUT,122,Austria,-0.01857497,4,1990q1,1990,360,1,0,0,0,0,0,0,1,0,0,0,0,0,0,0,0
4/1/1990,AUT,122,Austria,0.80900033,4,1990q2,1990,363,1,0,0,0,0,0,0,1,0,0,0,0,0,0,0,0
7/1/1990,AUT,122,Austria,1.002514,4,1990q3,1990,366,1,0,0,0,0,0,0,1,0,0,0,0,0,0,0,0
10/1/1990,AUT,122,Austria,0.86730793,4,1990q4,1990,369,1,0,0,0,0,0,0,1,0,0,0,0,0,0,0,0
1/1/1991,AUT,122,Austria,-0.25256859,4,1991q1,1991,372,1,0,0,0,0,0,0,1,0,0,0,0,0,0,0,0
4/1/1991,AUT,122,Austria,-0.52146274,4,1991q2,1991,375,1,0,0,0,0,0,0,1,0,0,0,0,0,0,0,0
7/1/1991,AUT,122,Austria,0.28842591,4,1991q3,1991,378,1,0,0,0,0,0,0,1,0,0,0,0,0,0,0,0
10/1/1991,AUT,122,Austria,0.60647932,4,1991q4,1991,381,1,0,0,0,0,0,0,1,0,0,0,0,0,0,0,0
1/1/1992,AUT,122,Austria,0.02375403,4,1992q1,1992,384,1,0,0,0,0,0,0,1,0,0,0,0,0,0,0,0
4/1/1992,AUT,122,Austria,0.68253747,4,1992q2,1992,387,1,0,0,0,0,0,0,1,0,0,0,0,0,0,0,0
7/1/1992,AUT,122,Austria,-1.0408116,4,1992q3,1992,390,1,0,0,0,0,0,0,1,0,0,0,0,0,0,0,0
10/1/1992,AUT,122,Austria,-0.90303232,4,1992q4,1992,393,1,0,0,0,0,0,0,1,0,0,0,0,0,0,0,0
1/1/1993,AUT,122,Austria,-0.54286685,4,1993q1,1993,396,1,0,0,0,0,0,0,1,0,0,0,0,0,0,0,0
4/1/1993,AUT,122,Austria,-0.82626473,4,1993q2,1993,399,1,0,0,0,0,0,0,1,0,0,0,0,0,0,0,0
7/1/1993,AUT,122,Austria,0.03684153,4,1993q3,1993,402,1,0,0,0,0,0,0,1,0,0,0,0,0,0,0,0
10/1/1993,AUT,122,Austria,-0.92812399,4,1993q4,1993,405,1,0,0,0,0,0,0,1,0,0,0,0,0,0,0,0
1/1/1994,AUT,122,Austria,-0.77521115,4,1994q1,1994,408,1,0,0,0,0,0,0,1,0,0,0,0,0,0,0,0
4/1/1994,AUT,122,Austria,-1.0513805,4,1994q2,1994,411,1,0,0,0,0,0,0,1,0,0,0,0,0,0,0,0
7/1/1994,AUT,122,Austria,-2.0641938,4,1994q3,1994,414,1,0,0,0,0,0,0,1,0,0,0,0,0,0,0,0
10/1/1994,AUT,122,Austria,-1.6173068,4,1994q4,1994,417,1,0,0,0,0,0,0,1,0,0,0,0,0,0,0,0
1/1/1995,AUT,122,Austria,-2.895293,1,1995q1,1995,420,1,0,0,0,0,0,0,1,0,0,0,0,0,0,0,0
4/1/1995,AUT,122,Austria,-3.402853,1,1995q2,1995,423,1,0,0,0,0,0,0,1,0,0,0,0,0,0,0,0
7/1/1995,AUT,122,Austria,-2.144455,1,1995q3,1995,426,1,0,0,0,0,0,0,1,0,0,0,0,0,0,0,0
10/1/1995,AUT,122,Austria,-3.232389,1,1995q4,1995,429,1,0,0,0,0,0,0,1,0,0,0,0,0,0,0,0
1/1/1996,AUT,122,Austria,-3.223184,1,1996q1,1996,432,1,0,0,0,0,0,0,1,0,0,0,0,0,0,0,0
4/1/1996,AUT,122,Austria,-3.483987,1,1996q2,1996,435,1,0,0,0,0,0,0,1,0,0,0,0,0,0,0,0
7/1/1996,AUT,122,Austria,-3.411946,1,1996q3,1996,438,1,0,0,0,0,0,0,1,0,0,0,0,0,0,0,0
10/1/1996,AUT,122,Austria,-2.346249,1,1996q4,1996,441,1,0,0,0,0,0,0,1,0,0,0,0,0,0,0,0
1/1/1997,AUT,122,Austria,-2.791365,1,1997q1,1997,444,1,0,0,0,0,0,0,1,0,0,0,0,0,0,0,0
4/1/1997,AUT,122,Austria,-3.007841,1,1997q2,1997,447,1,0,0,0,0,0,0,1,0,0,0,0,0,0,0,0
7/1/1997,AUT,122,Austria,-3.303163,1,1997q3,1997,450,1,0,0,0,0,0,0,1,0,0,0,0,0,0,0,0
10/1/1997,AUT,122,Austria,-1.733281,1,1997q4,1997,453,1,0,0,0,0,0,0,1,0,0,0,0,0,0,0,0
1/1/1998,AUT,122,Austria,-2.571046,1,1998q1,1998,456,1,0,0,0,0,0,0,1,0,0,0,0,0,0,0,0
4/1/1998,AUT,122,Austria,-1.42335,1,1998q2,1998,459,1,0,0,0,0,0,0,1,0,0,0,0,0,0,0,0
7/1/1998,AUT,122,Austria,-2.220475,1,1998q3,1998,462,1,0,0,0,0,0,0,1,0,0,0,0,0,0,0,0
10/1/1998,AUT,122,Austria,-1.71225,1,1998q4,1998,465,1,0,0,0,0,0,0,1,0,0,0,0,0,0,0,0
1/1/1999,AUT,122,Austria,-2.163654,1,1999q1,1999,468,1,0,0,0,0,0,0,1,0,0,0,0,0,0,1,1
4/1/1999,AUT,122,Austria,-2.44971,1,1999q2,1999,471,1,0,0,0,0,0,0,1,0,0,0,0,0,0,1,0
7/1/1999,AUT,122,Austria,-3.006804,1,1999q3,1999,474,1,0,0,0,0,0,0,1,0,0,0,0,0,0,1,0
10/1/1999,AUT,122,Austria,-1.889224,1,1999q4,1999,477,1,0,0,0,0,0,0,1,0,0,0,0,0,0,1,0
1/1/2000,AUT,122,Austria,-0.7075775,1,2000q1,2000,480,1,0,0,0,0,0,0,1,0,0,0,0,0,0,1,0
4/1/2000,AUT,122,Austria,-0.4628823,1,2000q2,2000,483,1,0,0,0,0,0,0,1,0,0,0,0,0,0,1,0
7/1/2000,AUT,122,Austria,-0.9569075,1,2000q3,2000,486,1,0,0,0,0,0,0,1,0,0,0,0,0,0,1,0
10/1/2000,AUT,122,Austria,-0.2351645,1,2000q4,2000,489,1,0,0,0,0,0,0,1,0,0,0,0,0,0,1,0
1/1/2001,AUT,122,Austria,-2.06513,1,2001q1,2001,492,1,0,0,0,0,0,0,1,0,0,0,0,0,0,1,0
4/1/2001,AUT,122,Austria,-1.30749,1,2001q2,2001,495,1,0,0,0,0,0,0,1,0,0,0,0,0,0,1,0
7/1/2001,AUT,122,Austria,0.01733239,1,2001q3,2001,498,1,0,0,0,0,0,0,1,0,0,0,0,0,0,1,0
10/1/2001,AUT,122,Austria,0.1961603,1,2001q4,2001,501,1,0,0,0,0,0,0,1,0,0,0,0,0,0,1,0
1/1/2002,AUT,122,Austria,2.652451,1,2002q1,2002,504,1,0,0,0,0,0,0,1,0,0,0,0,0,0,1,0
4/1/2002,AUT,122,Austria,0.8925805,1,2002q2,2002,507,1,0,0,0,0,0,0,1,0,0,0,0,0,0,1,0
7/1/2002,AUT,122,Austria,2.107717,1,2002q3,2002,510,1,0,0,0,0,0,0,1,0,0,0,0,0,0,1,0
10/1/2002,AUT,122,Austria,2.174345,1,2002q4,2002,513,1,0,0,0,0,0,0,1,0,0,0,0,0,0,1,0
1/1/2003,AUT,122,Austria,1.597215,1,2003q1,2003,516,1,0,0,0,0,0,0,1,0,0,0,0,0,0,1,0
4/1/2003,AUT,122,Austria,1.246719,1,2003q2,2003,519,1,0,0,0,0,0,0,1,0,0,0,0,0,0,1,0
7/1/2003,AUT,122,Austria,1.40907,1,2003q3,2003,522,1,0,0,0,0,0,0,1,0,0,0,0,0,0,1,0
10/1/2003,AUT,122,Austria,1.950418,1,2003q4,2003,525,1,0,0,0,0,0,0,1,0,0,0,0,0,0,1,0
1/1/2004,AUT,122,Austria,2.628695,1,2004q1,2004,528,1,0,0,0,0,0,0,1,0,0,0,0,0,0,1,0
4/1/2004,AUT,122,Austria,2.683542,1,2004q2,2004,531,1,0,0,0,0,0,0,1,0,0,0,0,0,0,1,0
7/1/2004,AUT,122,Austria,1.836814,1,2004q3,2004,534,1,0,0,0,0,0,0,1,0,0,0,0,0,0,1,0
10/1/2004,AUT,122,Austria,0.806502,1,2004q4,2004,537,1,0,0,0,0,0,0,1,0,0,0,0,0,0,1,0
1/1/2005,AUT,122,Austria,3.646014,1,2005q1,2005,540,1,0,0,0,0,0,0,1,0,0,0,0,0,0,1,0
4/1/2005,AUT,122,Austria,0.9359474,1,2005q2,2005,543,1,0,0,0,0,0,0,1,0,0,0,0,0,0,1,0
7/1/2005,AUT,122,Austria,1.737021,1,2005q3,2005,546,1,0,0,0,0,0,0,1,0,0,0,0,0,0,1,0
10/1/2005,AUT,122,Austria,3.386912,1,2005q4,2005,549,1,0,0,0,0,0,0,1,0,0,0,0,0,0,1,0
1/1/2006,AUT,122,Austria,3.039192,1,2006q1,2006,552,1,0,0,0,0,0,0,1,0,0,0,0,0,0,1,0
4/1/2006,AUT,122,Austria,2.643243,1,2006q2,2006,555,1,0,0,0,0,0,0,1,0,0,0,0,0,0,1,0
7/1/2006,AUT,122,Austria,3.015839,1,2006q3,2006,558,1,0,0,0,0,0,0,1,0,0,0,0,0,0,1,0
10/1/2006,AUT,122,Austria,4.809963,1,2006q4,2006,561,1,0,0,0,0,0,0,1,0,0,0,0,0,0,1,0
1/1/2007,AUT,122,Austria,4.052032,1,2007q1,2007,564,1,0,0,0,0,0,0,1,0,0,0,0,0,0,1,0
4/1/2007,AUT,122,Austria,4.483395,1,2007q2,2007,567,1,0,0,0,0,0,0,1,0,0,0,0,0,0,1,0
7/1/2007,AUT,122,Austria,3.347612,1,2007q3,2007,570,1,0,0,0,0,0,0,1,0,0,0,0,0,0,1,0
10/1/2007,AUT,122,Austria,2.852455,1,2007q4,2007,573,1,0,0,0,0,0,0,1,0,0,0,0,0,0,1,0
1/1/2008,AUT,122,Austria,6.913979,1,2008q1,2008,576,1,0,0,0,0,0,0,1,0,0,0,0,0,0,1,0
4/1/2008,AUT,122,Austria,3.871838,1,2008q2,2008,579,1,0,0,0,0,0,0,1,0,0,0,0,0,0,1,0
7/1/2008,AUT,122,Austria,4.757543,1,2008q3,2008,582,1,0,0,0,0,0,0,1,0,0,0,0,0,0,1,0
10/1/2008,AUT,122,Austria,2.569599,1,2008q4,2008,585,1,0,0,0,0,0,0,1,0,0,0,0,0,0,1,0
1/1/2009,AUT,122,Austria,2.989774,1,2009q1,2009,588,1,0,0,0,0,0,0,1,0,0,0,0,0,0,1,0
4/1/2009,AUT,122,Austria,2.478557,1,2009q2,2009,591,1,0,0,0,0,0,0,1,0,0,0,0,0,0,1,0
7/1/2009,AUT,122,Austria,2.898373,1,2009q3,2009,594,1,0,0,0,0,0,0,1,0,0,0,0,0,0,1,0
10/1/2009,AUT,122,Austria,2.647944,1,2009q4,2009,597,1,0,0,0,0,0,0,1,0,0,0,0,0,0,1,0
1/1/2010,AUT,122,Austria,3.702004,1,2010q1,2010,600,1,0,0,0,0,0,0,1,0,0,0,0,0,0,1,0
4/1/2010,AUT,122,Austria,2.27775,1,2010q2,2010,603,1,0,0,0,0,0,0,1,0,0,0,0,0,0,1,0
7/1/2010,AUT,122,Austria,2.993052,1,2010q3,2010,606,1,0,0,0,0,0,0,1,0,0,0,0,0,0,1,0
10/1/2010,AUT,122,Austria,2.42548,1,2010q4,2010,609,1,0,0,0,0,0,0,1,0,0,0,0,0,0,1,0
1/1/2011,AUT,122,Austria,1.619732,1,2011q1,2011,612,1,0,0,0,0,0,0,1,0,0,0,0,0,0,1,0
4/1/2011,AUT,122,Austria,1.702582,1,2011q2,2011,615,1,0,0,0,0,0,0,1,0,0,0,0,0,0,1,0
7/1/2011,AUT,122,Austria,0.2470406,1,2011q3,2011,618,1,0,0,0,0,0,0,1,0,0,0,0,0,0,1,0
10/1/2011,AUT,122,Austria,3.096649,1,2011q4,2011,621,1,0,0,0,0,0,0,1,0,0,0,0,0,0,1,0
1/1/2012,AUT,122,Austria,1.339577,1,2012q1,2012,624,1,0,0,0,0,0,0,1,0,0,0,0,0,0,1,0
4/1/2012,AUT,122,Austria,2.012381,1,2012q2,2012,627,1,0,0,0,0,0,0,1,0,0,0,0,0,0,1,0
7/1/2012,AUT,122,Austria,2.053659,1,2012q3,2012,630,1,0,0,0,0,0,0,1,0,0,0,0,0,0,1,0
10/1/2012,AUT,122,Austria,1.220195,1,2012q4,2012,633,1,0,0,0,0,0,0,1,0,0,0,0,0,0,1,0
1/1/2013,AUT,122,Austria,3.243774,1,2013q1,2013,636,1,0,0,0,0,0,0,1,0,0,0,0,0,0,1,0
4/1/2013,AUT,122,Austria,1.787132,1,2013q2,2013,639,1,0,0,0,0,0,0,1,0,0,0,0,0,0,1,0
7/1/2013,AUT,122,Austria,1.043702,1,2013q3,2013,642,1,0,0,0,0,0,0,1,0,0,0,0,0,0,1,0
10/1/2013,AUT,122,Austria,1.212318,1,2013q4,2013,645,1,0,0,0,0,0,0,1,0,0,0,0,0,0,1,0
1/1/2014,AUT,122,Austria,0.1613701,1,2014q1,2014,648,1,0,0,0,0,0,0,1,0,0,0,0,0,0,1,0
4/1/2014,AUT,122,Austria,2.053334,1,2014q2,2014,651,1,0,0,0,0,0,0,1,0,0,0,0,0,0,1,0
7/1/2014,AUT,122,Austria,1.622304,1,2014q3,2014,654,1,0,0,0,0,0,0,1,0,0,0,0,0,0,1,0
10/1/2014,AUT,122,Austria,5.200838,1,2014q4,2014,657,1,0,0,0,0,0,0,1,0,0,0,0,0,0,1,0
1/1/2015,AUT,122,Austria,2.719766,1,2015q1,2015,660,1,0,0,0,0,0,0,1,0,0,0,0,0,0,1,0
4/1/2015,AUT,122,Austria,2.404117,1,2015q2,2015,663,1,0,0,0,0,0,0,1,0,0,0,0,0,0,1,0
7/1/2015,AUT,122,Austria,0.8242303,1,2015q3,2015,666,1,0,0,0,0,0,0,1,0,0,0,0,0,0,1,0
10/1/2015,AUT,122,Austria,1.189147,1,2015q4,2015,669,1,0,0,0,0,0,0,1,0,0,0,0,0,0,1,0
1/1/2016,AUT,122,Austria,4.011529,1,2016q1,2016,672,1,0,0,0,0,0,0,1,0,0,0,0,0,0,1,0
4/1/2016,AUT,122,Austria,3.097817,1,2016q2,2016,675,1,0,0,0,0,0,0,1,0,0,0,0,0,0,1,0
7/1/2016,AUT,122,Austria,2.424631,1,2016q3,2016,678,1,0,0,0,0,0,0,1,0,0,0,0,0,0,1,0
10/1/2016,AUT,122,Austria,1.323742,1,2016q4,2016,681,1,0,0,0,0,0,0,1,0,0,0,0,0,0,1,0
1/1/2017,AUT,122,Austria,0.4163971,1,2017q1,2017,684,1,0,0,0,0,0,0,1,0,0,0,0,0,0,1,0
4/1/2017,AUT,122,Austria,1.757931,1,2017q2,2017,687,1,0,0,0,0,0,0,1,0,0,0,0,0,0,1,0
7/1/2017,AUT,122,Austria,0.7651135,1,2017q3,2017,690,1,0,0,0,0,0,0,1,0,0,0,0,0,0,1,0
10/1/2017,AUT,122,Austria,2.805648,1,2017q4,2017,693,1,0,0,0,0,0,0,1,0,0,0,0,0,0,1,0
1/1/2018,AUT,122,Austria,2.422947,1,2018q1,2018,696,1,0,0,0,0,0,0,1,0,0,0,0,0,0,1,0
4/1/2018,AUT,122,Austria,1.801989,1,2018q2,2018,699,1,0,0,0,0,0,0,1,0,0,0,0,0,0,1,0
7/1/2018,AUT,122,Austria,0.9883928,1,2018q3,2018,702,1,0,0,0,0,0,0,1,0,0,0,0,0,0,1,0
10/1/2018,AUT,122,Austria,-1.606847,1,2018q4,2018,705,1,0,0,0,0,0,0,1,0,0,0,0,0,0,1,0
1/1/2019,AUT,122,Austria,3.015276,1,2019q1,2019,708,1,0,0,0,0,0,0,1,0,0,0,0,0,0,1,0
4/1/2019,AUT,122,Austria,2.163759,1,2019q2,2019,711,1,0,0,0,0,0,0,1,0,0,0,0,0,0,1,0
7/1/2019,AUT,122,Austria,2.098592,1,2019q3,2019,714,1,0,0,0,0,0,0,1,0,0,0,0,0,0,1,0
10/1/2019,AUT,122,Austria,1.717616,1,2019q4,2019,717,1,0,0,0,0,0,0,1,0,0,0,0,0,0,1,0
1/1/2020,AUT,122,Austria,4.799269,1,2020q1,2020,720,1,0,0,0,0,0,0,1,0,0,0,0,0,0,1,0
4/1/2020,AUT,122,Austria,3.087574,1,2020q2,2020,723,1,0,0,0,0,0,0,1,0,0,0,0,0,0,1,0
7/1/2020,AUT,122,Austria,3.540704,1,2020q3,2020,726,1,0,0,0,0,0,0,1,0,0,0,0,0,0,1,0
10/1/2020,AUT,122,Austria,1.204165,1,2020q4,2020,729,1,0,0,0,0,0,0,1,0,0,0,0,0,0,1,0
1/1/2021,AUT,122,Austria,0.7910474,1,2021q1,2021,732,1,0,0,0,0,0,0,1,0,0,0,0,0,0,1,0
4/1/2021,AUT,122,Austria,2.469339,1,2021q2,2021,735,1,0,0,0,0,0,0,1,0,0,0,0,0,0,1,0
7/1/2021,AUT,122,Austria,3.085511,1,2021q3,2021,738,1,0,0,0,0,0,0,1,0,0,0,0,0,0,1,0
10/1/2021,AUT,122,Austria,1.236276,1,2021q4,2021,741,1,0,0,0,0,0,0,1,0,0,0,0,0,0,1,0
1/1/2022,AUT,122,Austria,-0.3331071,1,2022q1,2022,744,1,0,0,0,0,0,0,1,0,0,0,0,0,0,1,0
4/1/2022,AUT,122,Austria,0.2765081,1,2022q2,2022,747,1,0,0,0,0,0,0,1,0,0,0,0,0,0,1,0
7/1/2022,AUT,122,Austria,-2.16739,1,2022q3,2022,750,1,0,0,0,0,0,0,1,0,0,0,0,0,0,1,0
10/1/2022,AUT,122,Austria,-0.2834332,1,2022q4,2022,753,1,0,0,0,0,0,0,1,0,0,0,0,0,0,1,0
1/1/2023,AUT,122,Austria,1.43094,1,2023q1,2023,756,1,0,0,0,0,0,0,1,0,0,0,0,0,0,1,0
4/1/2023,AUT,122,Austria,0.6789593,1,2023q2,2023,759,1,0,0,0,0,0,0,1,0,0,0,0,0,0,1,0
7/1/2023,AUT,122,Austria,1.976622,1,2023q3,2023,762,1,0,0,0,0,0,0,1,0,0,0,0,0,0,1,0
10/1/2023,AUT,122,Austria,3.163704,1,2023q4,2023,765,1,0,0,0,0,0,0,1,0,0,0,0,0,0,1,0
1/1/2024,AUT,122,Austria,4.886591,1,2024q1,2024,768,1,0,0,0,0,0,0,1,0,0,0,0,0,0,1,0
4/1/2024,AUT,122,Austria,1.704829,1,2024q2,2024,771,1,0,0,0,0,0,0,1,0,0,0,0,0,0,1,0
7/1/2024,AUT,122,Austria,1.832229,1,2024q3,2024,774,1,0,0,0,0,0,0,1,0,0,0,0,0,0,1,0
10/1/2024,AUT,122,Austria,1.130935,1,2024q4,2024,777,1,0,0,0,0,0,0,1,0,0,0,0,0,0,1,0
1/1/1995,BEL,124,Belgium,5.8882743,4,1995q1,1995,420,1,0,0,0,0,0,0,1,0,0,0,0,0,1,0,0
4/1/1995,BEL,124,Belgium,5.3772922,4,1995q2,1995,423,1,0,0,0,0,0,0,1,0,0,0,0,0,1,0,0
7/1/1995,BEL,124,Belgium,4.8061443,4,1995q3,1995,426,1,0,0,0,0,0,0,1,0,0,0,0,0,1,0,0
10/1/1995,BEL,124,Belgium,4.8499245,4,1995q4,1995,429,1,0,0,0,0,0,0,1,0,0,0,0,0,1,0,0
1/1/1996,BEL,124,Belgium,4.3966725,4,1996q1,1996,432,1,0,0,0,0,0,0,1,0,0,0,0,0,1,0,0
4/1/1996,BEL,124,Belgium,5.1302936,4,1996q2,1996,435,1,0,0,0,0,0,0,1,0,0,0,0,0,1,0,0
7/1/1996,BEL,124,Belgium,4.9344932,4,1996q3,1996,438,1,0,0,0,0,0,0,1,0,0,0,0,0,1,0,0
10/1/1996,BEL,124,Belgium,5.6472634,4,1996q4,1996,441,1,0,0,0,0,0,0,1,0,0,0,0,0,1,0,0
1/1/1997,BEL,124,Belgium,5.4705627,4,1997q1,1997,444,1,0,0,0,0,0,0,1,0,0,0,0,0,1,0,0
4/1/1997,BEL,124,Belgium,5.0120542,4,1997q2,1997,447,1,0,0,0,0,0,0,1,0,0,0,0,0,1,0,0
7/1/1997,BEL,124,Belgium,6.6536461,4,1997q3,1997,450,1,0,0,0,0,0,0,1,0,0,0,0,0,1,0,0
10/1/1997,BEL,124,Belgium,5.2446967,4,1997q4,1997,453,1,0,0,0,0,0,0,1,0,0,0,0,0,1,0,0
1/1/1998,BEL,124,Belgium,5.3220719,4,1998q1,1998,456,1,0,0,0,0,0,0,1,0,0,0,0,0,1,0,0
4/1/1998,BEL,124,Belgium,5.5874435,4,1998q2,1998,459,1,0,0,0,0,0,0,1,0,0,0,0,0,1,0,0
7/1/1998,BEL,124,Belgium,4.3897644,4,1998q3,1998,462,1,0,0,0,0,0,0,1,0,0,0,0,0,1,0,0
10/1/1998,BEL,124,Belgium,5.4771354,4,1998q4,1998,465,1,0,0,0,0,0,0,1,0,0,0,0,0,1,0,0
1/1/1999,BEL,124,Belgium,5.4583176,4,1999q1,1999,468,1,0,0,0,0,0,0,1,0,0,0,0,0,1,1,1
4/1/1999,BEL,124,Belgium,5.0018087,4,1999q2,1999,471,1,0,0,0,0,0,0,1,0,0,0,0,0,1,1,0
7/1/1999,BEL,124,Belgium,5.6220648,4,1999q3,1999,474,1,0,0,0,0,0,0,1,0,0,0,0,0,1,1,0
10/1/1999,BEL,124,Belgium,4.7247657,4,1999q4,1999,477,1,0,0,0,0,0,0,1,0,0,0,0,0,1,1,0
1/1/2000,BEL,124,Belgium,4.3182284,4,2000q1,2000,480,1,0,0,0,0,0,0,1,0,0,0,0,0,1,1,0
4/1/2000,BEL,124,Belgium,4.5453561,4,2000q2,2000,483,1,0,0,0,0,0,0,1,0,0,0,0,0,1,1,0
7/1/2000,BEL,124,Belgium,3.5980605,4,2000q3,2000,486,1,0,0,0,0,0,0,1,0,0,0,0,0,1,1,0
10/1/2000,BEL,124,Belgium,3.5620299,4,2000q4,2000,489,1,0,0,0,0,0,0,1,0,0,0,0,0,1,1,0
1/1/2001,BEL,124,Belgium,3.479498,4,2001q1,2001,492,1,0,0,0,0,0,0,1,0,0,0,0,0,1,1,0
4/1/2001,BEL,124,Belgium,1.9646865,4,2001q2,2001,495,1,0,0,0,0,0,0,1,0,0,0,0,0,1,1,0
7/1/2001,BEL,124,Belgium,4.6311672,4,2001q3,2001,498,1,0,0,0,0,0,0,1,0,0,0,0,0,1,1,0
10/1/2001,BEL,124,Belgium,3.9628682,4,2001q4,2001,501,1,0,0,0,0,0,0,1,0,0,0,0,0,1,1,0
1/1/2002,BEL,124,Belgium,5.5360021,4,2002q1,2002,504,1,0,0,0,0,0,0,1,0,0,0,0,0,1,1,0
4/1/2002,BEL,124,Belgium,3.2100562,4,2002q2,2002,507,1,0,0,0,0,0,0,1,0,0,0,0,0,1,1,0
7/1/2002,BEL,124,Belgium,4.3610492,4,2002q3,2002,510,1,0,0,0,0,0,0,1,0,0,0,0,0,1,1,0
10/1/2002,BEL,124,Belgium,4.2616674,4,2002q4,2002,513,1,0,0,0,0,0,0,1,0,0,0,0,0,1,1,0
1/1/2003,BEL,124,Belgium,2.386919,1,2003q1,2003,516,1,0,0,0,0,0,0,1,0,0,0,0,0,1,1,0
4/1/2003,BEL,124,Belgium,4.611408,1,2003q2,2003,519,1,0,0,0,0,0,0,1,0,0,0,0,0,1,1,0
7/1/2003,BEL,124,Belgium,2.790052,1,2003q3,2003,522,1,0,0,0,0,0,0,1,0,0,0,0,0,1,1,0
10/1/2003,BEL,124,Belgium,4.628626,1,2003q4,2003,525,1,0,0,0,0,0,0,1,0,0,0,0,0,1,1,0
1/1/2004,BEL,124,Belgium,3.512236,1,2004q1,2004,528,1,0,0,0,0,0,0,1,0,0,0,0,0,1,1,0
4/1/2004,BEL,124,Belgium,2.912717,1,2004q2,2004,531,1,0,0,0,0,0,0,1,0,0,0,0,0,1,1,0
7/1/2004,BEL,124,Belgium,2.940985,1,2004q3,2004,534,1,0,0,0,0,0,0,1,0,0,0,0,0,1,1,0
10/1/2004,BEL,124,Belgium,3.499055,1,2004q4,2004,537,1,0,0,0,0,0,0,1,0,0,0,0,0,1,1,0
1/1/2005,BEL,124,Belgium,3.919775,1,2005q1,2005,540,1,0,0,0,0,0,0,1,0,0,0,0,0,1,1,0
4/1/2005,BEL,124,Belgium,3.31985,1,2005q2,2005,543,1,0,0,0,0,0,0,1,0,0,0,0,0,1,1,0
7/1/2005,BEL,124,Belgium,0.3862985,1,2005q3,2005,546,1,0,0,0,0,0,0,1,0,0,0,0,0,1,1,0
10/1/2005,BEL,124,Belgium,0.7173485,1,2005q4,2005,549,1,0,0,0,0,0,0,1,0,0,0,0,0,1,1,0
1/1/2006,BEL,124,Belgium,0.7785254,1,2006q1,2006,552,1,0,0,0,0,0,0,1,0,0,0,0,0,1,1,0
4/1/2006,BEL,124,Belgium,0.6791199,1,2006q2,2006,555,1,0,0,0,0,0,0,1,0,0,0,0,0,1,1,0
7/1/2006,BEL,124,Belgium,2.587142,1,2006q3,2006,558,1,0,0,0,0,0,0,1,0,0,0,0,0,1,1,0
10/1/2006,BEL,124,Belgium,3.890026,1,2006q4,2006,561,1,0,0,0,0,0,0,1,0,0,0,0,0,1,1,0
1/1/2007,BEL,124,Belgium,3.425758,1,2007q1,2007,564,1,0,0,0,0,0,0,1,0,0,0,0,0,1,1,0
4/1/2007,BEL,124,Belgium,2.535753,1,2007q2,2007,567,1,0,0,0,0,0,0,1,0,0,0,0,0,1,1,0
7/1/2007,BEL,124,Belgium,2.134021,1,2007q3,2007,570,1,0,0,0,0,0,0,1,0,0,0,0,0,1,1,0
10/1/2007,BEL,124,Belgium,-0.1578112,1,2007q4,2007,573,1,0,0,0,0,0,0,1,0,0,0,0,0,1,1,0
1/1/2008,BEL,124,Belgium,7.507409,1,2008q1,2008,576,1,0,0,0,0,0,0,1,0,0,0,0,0,1,1,0
4/1/2008,BEL,124,Belgium,-2.775059,1,2008q2,2008,579,1,0,0,0,0,0,0,1,0,0,0,0,0,1,1,0
7/1/2008,BEL,124,Belgium,-5.322033,1,2008q3,2008,582,1,0,0,0,0,0,0,1,0,0,0,0,0,1,1,0
10/1/2008,BEL,124,Belgium,-4.065061,1,2008q4,2008,585,1,0,0,0,0,0,0,1,0,0,0,0,0,1,1,0
1/1/2009,BEL,124,Belgium,-0.6739969,1,2009q1,2009,588,1,0,0,0,0,0,0,1,0,0,0,0,0,1,1,0
4/1/2009,BEL,124,Belgium,-4.500978,1,2009q2,2009,591,1,0,0,0,0,0,0,1,0,0,0,0,0,1,1,0
7/1/2009,BEL,124,Belgium,7.299767,1,2009q3,2009,594,1,0,0,0,0,0,0,1,0,0,0,0,0,1,1,0
10/1/2009,BEL,124,Belgium,5.402007,1,2009q4,2009,597,1,0,0,0,0,0,0,1,0,0,0,0,0,1,1,0
1/1/2010,BEL,124,Belgium,1.823038,1,2010q1,2010,600,1,0,0,0,0,0,0,1,0,0,0,0,0,1,1,0
4/1/2010,BEL,124,Belgium,3.272942,1,2010q2,2010,603,1,0,0,0,0,0,0,1,0,0,0,0,0,1,1,0
7/1/2010,BEL,124,Belgium,2.379704,1,2010q3,2010,606,1,0,0,0,0,0,0,1,0,0,0,0,0,1,1,0
10/1/2010,BEL,124,Belgium,-1.636933,1,2010q4,2010,609,1,0,0,0,0,0,0,1,0,0,0,0,0,1,1,0
1/1/2011,BEL,124,Belgium,-4.2469,1,2011q1,2011,612,1,0,0,0,0,0,0,1,0,0,0,0,0,1,1,0
4/1/2011,BEL,124,Belgium,-4.047976,1,2011q2,2011,615,1,0,0,0,0,0,0,1,0,0,0,0,0,1,1,0
7/1/2011,BEL,124,Belgium,0.4570813,1,2011q3,2011,618,1,0,0,0,0,0,0,1,0,0,0,0,0,1,1,0
10/1/2011,BEL,124,Belgium,0.4295513,1,2011q4,2011,621,1,0,0,0,0,0,0,1,0,0,0,0,0,1,1,0
1/1/2012,BEL,124,Belgium,-0.410582,1,2012q1,2012,624,1,0,0,0,0,0,0,1,0,0,0,0,0,1,1,0
4/1/2012,BEL,124,Belgium,3.021649,1,2012q2,2012,627,1,0,0,0,0,0,0,1,0,0,0,0,0,1,1,0
7/1/2012,BEL,124,Belgium,-0.245075,1,2012q3,2012,630,1,0,0,0,0,0,0,1,0,0,0,0,0,1,1,0
10/1/2012,BEL,124,Belgium,-3.105891,1,2012q4,2012,633,1,0,0,0,0,0,0,1,0,0,0,0,0,1,1,0
1/1/2013,BEL,124,Belgium,0.6913895,1,2013q1,2013,636,1,0,0,0,0,0,0,1,0,0,0,0,0,1,1,0
4/1/2013,BEL,124,Belgium,-2.394606,1,2013q2,2013,639,1,0,0,0,0,0,0,1,0,0,0,0,0,1,1,0
7/1/2013,BEL,124,Belgium,4.193588,1,2013q3,2013,642,1,0,0,0,0,0,0,1,0,0,0,0,0,1,1,0
10/1/2013,BEL,124,Belgium,2.483739,1,2013q4,2013,645,1,0,0,0,0,0,0,1,0,0,0,0,0,1,1,0
1/1/2014,BEL,124,Belgium,1.062482,1,2014q1,2014,648,1,0,0,0,0,0,0,1,0,0,0,0,0,1,1,0
4/1/2014,BEL,124,Belgium,2.468603,1,2014q2,2014,651,1,0,0,0,0,0,0,1,0,0,0,0,0,1,1,0
7/1/2014,BEL,124,Belgium,-4.005707,1,2014q3,2014,654,1,0,0,0,0,0,0,1,0,0,0,0,0,1,1,0
10/1/2014,BEL,124,Belgium,3.916713,1,2014q4,2014,657,1,0,0,0,0,0,0,1,0,0,0,0,0,1,1,0
1/1/2015,BEL,124,Belgium,-0.4201952,1,2015q1,2015,660,1,0,0,0,0,0,0,1,0,0,0,0,0,1,1,0
4/1/2015,BEL,124,Belgium,4.215288,1,2015q2,2015,663,1,0,0,0,0,0,0,1,0,0,0,0,0,1,1,0
7/1/2015,BEL,124,Belgium,0.8518221,1,2015q3,2015,666,1,0,0,0,0,0,0,1,0,0,0,0,0,1,1,0
10/1/2015,BEL,124,Belgium,0.8007495,1,2015q4,2015,669,1,0,0,0,0,0,0,1,0,0,0,0,0,1,1,0
1/1/2016,BEL,124,Belgium,2.858233,1,2016q1,2016,672,1,0,0,0,0,0,0,1,0,0,0,0,0,1,1,0
4/1/2016,BEL,124,Belgium,-0.1845812,1,2016q2,2016,675,1,0,0,0,0,0,0,1,0,0,0,0,0,1,1,0
7/1/2016,BEL,124,Belgium,-0.2637619,1,2016q3,2016,678,1,0,0,0,0,0,0,1,0,0,0,0,0,1,1,0
10/1/2016,BEL,124,Belgium,0.04282314,1,2016q4,2016,681,1,0,0,0,0,0,0,1,0,0,0,0,0,1,1,0
1/1/2017,BEL,124,Belgium,-0.4319175,1,2017q1,2017,684,1,0,0,0,0,0,0,1,0,0,0,0,0,1,1,0
4/1/2017,BEL,124,Belgium,0.4703259,1,2017q2,2017,687,1,0,0,0,0,0,0,1,0,0,0,0,0,1,1,0
7/1/2017,BEL,124,Belgium,2.38947,1,2017q3,2017,690,1,0,0,0,0,0,0,1,0,0,0,0,0,1,1,0
10/1/2017,BEL,124,Belgium,0.3570478,1,2017q4,2017,693,1,0,0,0,0,0,0,1,0,0,0,0,0,1,1,0
1/1/2018,BEL,124,Belgium,1.015387,1,2018q1,2018,696,1,0,0,0,0,0,0,1,0,0,0,0,0,1,1,0
4/1/2018,BEL,124,Belgium,-1.080361,1,2018q2,2018,699,1,0,0,0,0,0,0,1,0,0,0,0,0,1,1,0
7/1/2018,BEL,124,Belgium,0.05451511,1,2018q3,2018,702,1,0,0,0,0,0,0,1,0,0,0,0,0,1,1,0
10/1/2018,BEL,124,Belgium,-3.25777,1,2018q4,2018,705,1,0,0,0,0,0,0,1,0,0,0,0,0,1,1,0
1/1/2019,BEL,124,Belgium,-0.07311076,1,2019q1,2019,708,1,0,0,0,0,0,0,1,0,0,0,0,0,1,1,0
4/1/2019,BEL,124,Belgium,-2.285281,1,2019q2,2019,711,1,0,0,0,0,0,0,1,0,0,0,0,0,1,1,0
7/1/2019,BEL,124,Belgium,3.680971,1,2019q3,2019,714,1,0,0,0,0,0,0,1,0,0,0,0,0,1,1,0
10/1/2019,BEL,124,Belgium,-0.7445262,1,2019q4,2019,717,1,0,0,0,0,0,0,1,0,0,0,0,0,1,1,0
1/1/2020,BEL,124,Belgium,0.2467517,1,2020q1,2020,720,1,0,0,0,0,0,0,1,0,0,0,0,0,1,1,0
4/1/2020,BEL,124,Belgium,1.958665,1,2020q2,2020,723,1,0,0,0,0,0,0,1,0,0,0,0,0,1,1,0
7/1/2020,BEL,124,Belgium,-0.2665562,1,2020q3,2020,726,1,0,0,0,0,0,0,1,0,0,0,0,0,1,1,0
10/1/2020,BEL,124,Belgium,1.160488,1,2020q4,2020,729,1,0,0,0,0,0,0,1,0,0,0,0,0,1,1,0
1/1/2021,BEL,124,Belgium,-2.000314,1,2021q1,2021,732,1,0,0,0,0,0,0,1,0,0,0,0,0,1,1,0
4/1/2021,BEL,124,Belgium,5.848296,1,2021q2,2021,735,1,0,0,0,0,0,0,1,0,0,0,0,0,1,1,0
7/1/2021,BEL,124,Belgium,6.485687,1,2021q3,2021,738,1,0,0,0,0,0,0,1,0,0,0,0,0,1,1,0
10/1/2021,BEL,124,Belgium,-2.890387,1,2021q4,2021,741,1,0,0,0,0,0,0,1,0,0,0,0,0,1,1,0
1/1/2022,BEL,124,Belgium,1.763178,1,2022q1,2022,744,1,0,0,0,0,0,0,1,0,0,0,0,0,1,1,0
4/1/2022,BEL,124,Belgium,-0.2688822,1,2022q2,2022,747,1,0,0,0,0,0,0,1,0,0,0,0,0,1,1,0
7/1/2022,BEL,124,Belgium,-7.934925,1,2022q3,2022,750,1,0,0,0,0,0,0,1,0,0,0,0,0,1,1,0
10/1/2022,BEL,124,Belgium,0.992599,1,2022q4,2022,753,1,0,0,0,0,0,0,1,0,0,0,0,0,1,1,0
1/1/2023,BEL,124,Belgium,-1.521508,1,2023q1,2023,756,1,0,0,0,0,0,0,1,0,0,0,0,0,1,1,0
4/1/2023,BEL,124,Belgium,-3.100589,1,2023q2,2023,759,1,0,0,0,0,0,0,1,0,0,0,0,0,1,1,0
7/1/2023,BEL,124,Belgium,0.650041,1,2023q3,2023,762,1,0,0,0,0,0,0,1,0,0,0,0,0,1,1,0
10/1/2023,BEL,124,Belgium,1.263082,1,2023q4,2023,765,1,0,0,0,0,0,0,1,0,0,0,0,0,1,1,0
1/1/2024,BEL,124,Belgium,0.6972653,1,2024q1,2024,768,1,0,0,0,0,0,0,1,0,0,0,0,0,1,1,0
4/1/2024,BEL,124,Belgium,-2.19504,1,2024q2,2024,771,1,0,0,0,0,0,0,1,0,0,0,0,0,1,1,0
7/1/2024,BEL,124,Belgium,-0.01534357,1,2024q3,2024,774,1,0,0,0,0,0,0,1,0,0,0,0,0,1,1,0
10/1/2024,BEL,124,Belgium,-1.720011,1,2024q4,2024,777,1,0,0,0,0,0,0,1,0,0,0,0,0,1,1,0
1/1/1977,DNK,128,Denmark,-3.2391851,4,1977q1,1977,204,1,0,0,0,0,0,0,1,0,0,0,0,0,0,0,0
4/1/1977,DNK,128,Denmark,-4.1304492,4,1977q2,1977,207,1,0,0,0,0,0,0,1,0,0,0,0,0,0,0,0
7/1/1977,DNK,128,Denmark,-3.8397988,4,1977q3,1977,210,1,0,0,0,0,0,0,1,0,0,0,0,0,0,0,0
10/1/1977,DNK,128,Denmark,-3.0905864,4,1977q4,1977,213,1,0,0,0,0,0,0,1,0,0,0,0,0,0,0,0
1/1/1978,DNK,128,Denmark,-2.892127,4,1978q1,1978,216,1,0,0,0,0,0,0,1,0,0,0,0,0,0,0,0
4/1/1978,DNK,128,Denmark,-1.7128017,4,1978q2,1978,219,1,0,0,0,0,0,0,1,0,0,0,0,0,0,0,0
7/1/1978,DNK,128,Denmark,-2.4788977,4,1978q3,1978,222,1,0,0,0,0,0,0,1,0,0,0,0,0,0,0,0
10/1/1978,DNK,128,Denmark,-3.1301888,4,1978q4,1978,225,1,0,0,0,0,0,0,1,0,0,0,0,0,0,0,0
1/1/1979,DNK,128,Denmark,-3.0956505,4,1979q1,1979,228,1,0,0,0,0,0,0,1,0,0,0,0,0,0,0,0
4/1/1979,DNK,128,Denmark,-4.1334687,4,1979q2,1979,231,1,0,0,0,0,0,0,1,0,0,0,0,0,0,0,0
7/1/1979,DNK,128,Denmark,-5.6629068,4,1979q3,1979,234,1,0,0,0,0,0,0,1,0,0,0,0,0,0,0,0
10/1/1979,DNK,128,Denmark,-5.0599705,4,1979q4,1979,237,1,0,0,0,0,0,0,1,0,0,0,0,0,0,0,0
1/1/1980,DNK,128,Denmark,-6.154988,4,1980q1,1980,240,1,0,0,0,0,0,0,1,0,0,0,0,0,0,0,0
4/1/1980,DNK,128,Denmark,-4.3740396,4,1980q2,1980,243,1,0,0,0,0,0,0,1,0,0,0,0,0,0,0,0
7/1/1980,DNK,128,Denmark,-2.3057848,4,1980q3,1980,246,1,0,0,0,0,0,0,1,0,0,0,0,0,0,0,0
10/1/1980,DNK,128,Denmark,-1.778434,4,1980q4,1980,249,1,0,0,0,0,0,0,1,0,0,0,0,0,0,0,0
1/1/1981,DNK,128,Denmark,-2.7210784,4,1981q1,1981,252,1,0,0,0,0,0,0,1,0,0,0,0,0,0,0,0
4/1/1981,DNK,128,Denmark,-2.5519512,4,1981q2,1981,255,1,0,0,0,0,0,0,1,0,0,0,0,0,0,0,0
7/1/1981,DNK,128,Denmark,-3.0235524,4,1981q3,1981,258,1,0,0,0,0,0,0,1,0,0,0,0,0,0,0,0
10/1/1981,DNK,128,Denmark,-4.0408295,4,1981q4,1981,261,1,0,0,0,0,0,0,1,0,0,0,0,0,0,0,0
1/1/1982,DNK,128,Denmark,-4.092519,4,1982q1,1982,264,1,0,0,0,0,0,0,1,0,0,0,0,0,0,0,0
4/1/1982,DNK,128,Denmark,-4.2099133,4,1982q2,1982,267,1,0,0,0,0,0,0,1,0,0,0,0,0,0,0,0
7/1/1982,DNK,128,Denmark,-4.138876,4,1982q3,1982,270,1,0,0,0,0,0,0,1,0,0,0,0,0,0,0,0
10/1/1982,DNK,128,Denmark,-3.1913502,4,1982q4,1982,273,1,0,0,0,0,0,0,1,0,0,0,0,0,0,0,0
1/1/1983,DNK,128,Denmark,-1.4608186,4,1983q1,1983,276,1,0,0,0,0,0,0,1,0,0,0,0,0,0,0,0
4/1/1983,DNK,128,Denmark,-2.3515005,4,1983q2,1983,279,1,0,0,0,0,0,0,1,0,0,0,0,0,0,0,0
7/1/1983,DNK,128,Denmark,-2.1100167,4,1983q3,1983,282,1,0,0,0,0,0,0,1,0,0,0,0,0,0,0,0
10/1/1983,DNK,128,Denmark,-3.6567781,4,1983q4,1983,285,1,0,0,0,0,0,0,1,0,0,0,0,0,0,0,0
1/1/1984,DNK,128,Denmark,-3.1447405,4,1984q1,1984,288,1,0,0,0,0,0,0,1,0,0,0,0,0,0,0,0
4/1/1984,DNK,128,Denmark,-3.0163731,4,1984q2,1984,291,1,0,0,0,0,0,0,1,0,0,0,0,0,0,0,0
7/1/1984,DNK,128,Denmark,-2.9397852,4,1984q3,1984,294,1,0,0,0,0,0,0,1,0,0,0,0,0,0,0,0
10/1/1984,DNK,128,Denmark,-3.2017894,4,1984q4,1984,297,1,0,0,0,0,0,0,1,0,0,0,0,0,0,0,0
1/1/1985,DNK,128,Denmark,-4.798094,4,1985q1,1985,300,1,0,0,0,0,0,0,1,0,0,0,0,0,0,0,0
4/1/1985,DNK,128,Denmark,-3.5478912,4,1985q2,1985,303,1,0,0,0,0,0,0,1,0,0,0,0,0,0,0,0
7/1/1985,DNK,128,Denmark,-4.1017983,4,1985q3,1985,306,1,0,0,0,0,0,0,1,0,0,0,0,0,0,0,0
10/1/1985,DNK,128,Denmark,-4.864928,4,1985q4,1985,309,1,0,0,0,0,0,0,1,0,0,0,0,0,0,0,0
1/1/1986,DNK,128,Denmark,-5.250138,4,1986q1,1986,312,1,0,0,0,0,0,0,1,0,0,0,0,0,0,0,0
4/1/1986,DNK,128,Denmark,-6.0280644,4,1986q2,1986,315,1,0,0,0,0,0,0,1,0,0,0,0,0,0,0,0
7/1/1986,DNK,128,Denmark,-5.3423895,4,1986q3,1986,318,1,0,0,0,0,0,0,1,0,0,0,0,0,0,0,0
10/1/1986,DNK,128,Denmark,-3.9497312,4,1986q4,1986,321,1,0,0,0,0,0,0,1,0,0,0,0,0,0,0,0
1/1/1987,DNK,128,Denmark,-2.5571122,4,1987q1,1987,324,1,0,0,0,0,0,0,1,0,0,0,0,0,0,0,0
4/1/1987,DNK,128,Denmark,-2.662549,4,1987q2,1987,327,1,0,0,0,0,0,0,1,0,0,0,0,0,0,0,0
7/1/1987,DNK,128,Denmark,-2.7209945,4,1987q3,1987,330,1,0,0,0,0,0,0,1,0,0,0,0,0,0,0,0
10/1/1987,DNK,128,Denmark,-2.9229427,4,1987q4,1987,333,1,0,0,0,0,0,0,1,0,0,0,0,0,0,0,0
1/1/1988,DNK,128,Denmark,-0.96824495,4,1988q1,1988,336,1,0,0,0,0,0,0,1,0,0,0,0,0,0,0,0
4/1/1988,DNK,128,Denmark,-2.1011179,4,1988q2,1988,339,1,0,0,0,0,0,0,1,0,0,0,0,0,0,0,0
7/1/1988,DNK,128,Denmark,-1.4243996,4,1988q3,1988,342,1,0,0,0,0,0,0,1,0,0,0,0,0,0,0,0
10/1/1988,DNK,128,Denmark,-0.53002448,4,1988q4,1988,345,1,0,0,0,0,0,0,1,0,0,0,0,0,0,0,0
1/1/1989,DNK,128,Denmark,-1.1949128,4,1989q1,1989,348,1,0,0,0,0,0,0,1,0,0,0,0,0,0,0,0
4/1/1989,DNK,128,Denmark,-0.99601527,4,1989q2,1989,351,1,0,0,0,0,0,0,1,0,0,0,0,0,0,0,0
7/1/1989,DNK,128,Denmark,-1.3888774,4,1989q3,1989,354,1,0,0,0,0,0,0,1,0,0,0,0,0,0,0,0
10/1/1989,DNK,128,Denmark,-0.57532354,4,1989q4,1989,357,1,0,0,0,0,0,0,1,0,0,0,0,0,0,0,0
1/1/1990,DNK,128,Denmark,-0.34416167,4,1990q1,1990,360,1,0,0,0,0,0,0,1,0,0,0,0,0,0,0,0
4/1/1990,DNK,128,Denmark,0.86776196,4,1990q2,1990,363,1,0,0,0,0,0,0,1,0,0,0,0,0,0,0,0
7/1/1990,DNK,128,Denmark,1.081321,4,1990q3,1990,366,1,0,0,0,0,0,0,1,0,0,0,0,0,0,0,0
10/1/1990,DNK,128,Denmark,2.1921218,4,1990q4,1990,369,1,0,0,0,0,0,0,1,0,0,0,0,0,0,0,0
1/1/1991,DNK,128,Denmark,0.67619535,4,1991q1,1991,372,1,0,0,0,0,0,0,1,0,0,0,0,0,0,0,0
4/1/1991,DNK,128,Denmark,1.2868069,4,1991q2,1991,375,1,0,0,0,0,0,0,1,0,0,0,0,0,0,0,0
7/1/1991,DNK,128,Denmark,1.7993093,4,1991q3,1991,378,1,0,0,0,0,0,0,1,0,0,0,0,0,0,0,0
10/1/1991,DNK,128,Denmark,2.239022,4,1991q4,1991,381,1,0,0,0,0,0,0,1,0,0,0,0,0,0,0,0
1/1/1992,DNK,128,Denmark,2.7541541,4,1992q1,1992,384,1,0,0,0,0,0,0,1,0,0,0,0,0,0,0,0
4/1/1992,DNK,128,Denmark,2.8188975,4,1992q2,1992,387,1,0,0,0,0,0,0,1,0,0,0,0,0,0,0,0
7/1/1992,DNK,128,Denmark,2.8552985,4,1992q3,1992,390,1,0,0,0,0,0,0,1,0,0,0,0,0,0,0,0
10/1/1992,DNK,128,Denmark,2.661975,4,1992q4,1992,393,1,0,0,0,0,0,0,1,0,0,0,0,0,0,0,0
1/1/1993,DNK,128,Denmark,2.7048806,4,1993q1,1993,396,1,0,0,0,0,0,0,1,0,0,0,0,0,0,0,0
4/1/1993,DNK,128,Denmark,3.7610926,4,1993q2,1993,399,1,0,0,0,0,0,0,1,0,0,0,0,0,0,0,0
7/1/1993,DNK,128,Denmark,4.0041981,4,1993q3,1993,402,1,0,0,0,0,0,0,1,0,0,0,0,0,0,0,0
10/1/1993,DNK,128,Denmark,3.5553637,4,1993q4,1993,405,1,0,0,0,0,0,0,1,0,0,0,0,0,0,0,0
1/1/1994,DNK,128,Denmark,2.3131504,4,1994q1,1994,408,1,0,0,0,0,0,0,1,0,0,0,0,0,0,0,0
4/1/1994,DNK,128,Denmark,1.7993627,4,1994q2,1994,411,1,0,0,0,0,0,0,1,0,0,0,0,0,0,0,0
7/1/1994,DNK,128,Denmark,2.5199057,4,1994q3,1994,414,1,0,0,0,0,0,0,1,0,0,0,0,0,0,0,0
10/1/1994,DNK,128,Denmark,2.1522196,4,1994q4,1994,417,1,0,0,0,0,0,0,1,0,0,0,0,0,0,0,0
1/1/1995,DNK,128,Denmark,2.9269148,3,1995q1,1995,420,1,0,0,0,0,0,0,1,0,0,0,0,0,0,0,0
4/1/1995,DNK,128,Denmark,1.4401435,3,1995q2,1995,423,1,0,0,0,0,0,0,1,0,0,0,0,0,0,0,0
7/1/1995,DNK,128,Denmark,1.3605266,3,1995q3,1995,426,1,0,0,0,0,0,0,1,0,0,0,0,0,0,0,0
10/1/1995,DNK,128,Denmark,0.07057378,3,1995q4,1995,429,1,0,0,0,0,0,0,1,0,0,0,0,0,0,0,0
1/1/1996,DNK,128,Denmark,3.0752151,3,1996q1,1996,432,1,0,0,0,0,0,0,1,0,0,0,0,0,0,0,0
4/1/1996,DNK,128,Denmark,2.5760591,3,1996q2,1996,435,1,0,0,0,0,0,0,1,0,0,0,0,0,0,0,0
7/1/1996,DNK,128,Denmark,1.8307674,3,1996q3,1996,438,1,0,0,0,0,0,0,1,0,0,0,0,0,0,0,0
10/1/1996,DNK,128,Denmark,1.2041602,3,1996q4,1996,441,1,0,0,0,0,0,0,1,0,0,0,0,0,0,0,0
1/1/1997,DNK,128,Denmark,0.5587325,3,1997q1,1997,444,1,0,0,0,0,0,0,1,0,0,0,0,0,0,0,0
4/1/1997,DNK,128,Denmark,0.69364509,3,1997q2,1997,447,1,0,0,0,0,0,0,1,0,0,0,0,0,0,0,0
7/1/1997,DNK,128,Denmark,0.4544535,3,1997q3,1997,450,1,0,0,0,0,0,0,1,0,0,0,0,0,0,0,0
10/1/1997,DNK,128,Denmark,1.0658452,3,1997q4,1997,453,1,0,0,0,0,0,0,1,0,0,0,0,0,0,0,0
1/1/1998,DNK,128,Denmark,-2.4358733,3,1998q1,1998,456,1,0,0,0,0,0,0,1,0,0,0,0,0,0,0,0
4/1/1998,DNK,128,Denmark,-2.1923911,3,1998q2,1998,459,1,0,0,0,0,0,0,1,0,0,0,0,0,0,0,0
7/1/1998,DNK,128,Denmark,1.0452815,3,1998q3,1998,462,1,0,0,0,0,0,0,1,0,0,0,0,0,0,0,0
10/1/1998,DNK,128,Denmark,-2.2290231,3,1998q4,1998,465,1,0,0,0,0,0,0,1,0,0,0,0,0,0,0,0
1/1/1999,DNK,128,Denmark,1.940822,3,1999q1,1999,468,1,0,0,0,0,0,0,1,0,0,0,0,0,0,0,0
4/1/1999,DNK,128,Denmark,3.0630903,3,1999q2,1999,471,1,0,0,0,0,0,0,1,0,0,0,0,0,0,0,0
7/1/1999,DNK,128,Denmark,0.83152977,3,1999q3,1999,474,1,0,0,0,0,0,0,1,0,0,0,0,0,0,0,0
10/1/1999,DNK,128,Denmark,3.3484015,3,1999q4,1999,477,1,0,0,0,0,0,0,1,0,0,0,0,0,0,0,0
1/1/2000,DNK,128,Denmark,-0.10199732,3,2000q1,2000,480,1,0,0,0,0,0,0,1,0,0,0,0,0,0,0,0
4/1/2000,DNK,128,Denmark,0.90544737,3,2000q2,2000,483,1,0,0,0,0,0,0,1,0,0,0,0,0,0,0,0
7/1/2000,DNK,128,Denmark,3.1326994,3,2000q3,2000,486,1,0,0,0,0,0,0,1,0,0,0,0,0,0,0,0
10/1/2000,DNK,128,Denmark,3.8729362,3,2000q4,2000,489,1,0,0,0,0,0,0,1,0,0,0,0,0,0,0,0
1/1/2001,DNK,128,Denmark,6.8396915,3,2001q1,2001,492,1,0,0,0,0,0,0,1,0,0,0,0,0,0,0,0
4/1/2001,DNK,128,Denmark,3.5684081,3,2001q2,2001,495,1,0,0,0,0,0,0,1,0,0,0,0,0,0,0,0
7/1/2001,DNK,128,Denmark,3.2533845,3,2001q3,2001,498,1,0,0,0,0,0,0,1,0,0,0,0,0,0,0,0
10/1/2001,DNK,128,Denmark,2.8926578,3,2001q4,2001,501,1,0,0,0,0,0,0,1,0,0,0,0,0,0,0,0
1/1/2002,DNK,128,Denmark,2.1681332,3,2002q1,2002,504,1,0,0,0,0,0,0,1,0,0,0,0,0,0,0,0
4/1/2002,DNK,128,Denmark,3.1778003,3,2002q2,2002,507,1,0,0,0,0,0,0,1,0,0,0,0,0,0,0,0
7/1/2002,DNK,128,Denmark,2.2220915,3,2002q3,2002,510,1,0,0,0,0,0,0,1,0,0,0,0,0,0,0,0
10/1/2002,DNK,128,Denmark,3.029327,3,2002q4,2002,513,1,0,0,0,0,0,0,1,0,0,0,0,0,0,0,0
1/1/2003,DNK,128,Denmark,3.9589979,3,2003q1,2003,516,1,0,0,0,0,0,0,1,0,0,0,0,0,0,0,0
4/1/2003,DNK,128,Denmark,4.1255093,3,2003q2,2003,519,1,0,0,0,0,0,0,1,0,0,0,0,0,0,0,0
7/1/2003,DNK,128,Denmark,5.0996697,3,2003q3,2003,522,1,0,0,0,0,0,0,1,0,0,0,0,0,0,0,0
10/1/2003,DNK,128,Denmark,4.2612752,3,2003q4,2003,525,1,0,0,0,0,0,0,1,0,0,0,0,0,0,0,0
1/1/2004,DNK,128,Denmark,5.1178195,3,2004q1,2004,528,1,0,0,0,0,0,0,1,0,0,0,0,0,0,0,0
4/1/2004,DNK,128,Denmark,3.8908827,3,2004q2,2004,531,1,0,0,0,0,0,0,1,0,0,0,0,0,0,0,0
7/1/2004,DNK,128,Denmark,1.6892795,3,2004q3,2004,534,1,0,0,0,0,0,0,1,0,0,0,0,0,0,0,0
10/1/2004,DNK,128,Denmark,2.1981315,3,2004q4,2004,537,1,0,0,0,0,0,0,1,0,0,0,0,0,0,0,0
1/1/2005,DNK,128,Denmark,3.645643,1,2005q1,2005,540,1,0,0,0,0,0,0,1,0,0,0,0,0,0,0,0
4/1/2005,DNK,128,Denmark,3.721913,1,2005q2,2005,543,1,0,0,0,0,0,0,1,0,0,0,0,0,0,0,0
7/1/2005,DNK,128,Denmark,4.210001,1,2005q3,2005,546,1,0,0,0,0,0,0,1,0,0,0,0,0,0,0,0
10/1/2005,DNK,128,Denmark,4.023841,1,2005q4,2005,549,1,0,0,0,0,0,0,1,0,0,0,0,0,0,0,0
1/1/2006,DNK,128,Denmark,3.960323,1,2006q1,2006,552,1,0,0,0,0,0,0,1,0,0,0,0,0,0,0,0
4/1/2006,DNK,128,Denmark,2.944781,1,2006q2,2006,555,1,0,0,0,0,0,0,1,0,0,0,0,0,0,0,0
7/1/2006,DNK,128,Denmark,3.930486,1,2006q3,2006,558,1,0,0,0,0,0,0,1,0,0,0,0,0,0,0,0
10/1/2006,DNK,128,Denmark,1.38522,1,2006q4,2006,561,1,0,0,0,0,0,0,1,0,0,0,0,0,0,0,0
1/1/2007,DNK,128,Denmark,-0.7129505,1,2007q1,2007,564,1,0,0,0,0,0,0,1,0,0,0,0,0,0,0,0
4/1/2007,DNK,128,Denmark,1.425239,1,2007q2,2007,567,1,0,0,0,0,0,0,1,0,0,0,0,0,0,0,0
7/1/2007,DNK,128,Denmark,1.475557,1,2007q3,2007,570,1,0,0,0,0,0,0,1,0,0,0,0,0,0,0,0
10/1/2007,DNK,128,Denmark,2.295338,1,2007q4,2007,573,1,0,0,0,0,0,0,1,0,0,0,0,0,0,0,0
1/1/2008,DNK,128,Denmark,2.042301,1,2008q1,2008,576,1,0,0,0,0,0,0,1,0,0,0,0,0,0,0,0
4/1/2008,DNK,128,Denmark,2.760006,1,2008q2,2008,579,1,0,0,0,0,0,0,1,0,0,0,0,0,0,0,0
7/1/2008,DNK,128,Denmark,3.86308,1,2008q3,2008,582,1,0,0,0,0,0,0,1,0,0,0,0,0,0,0,0
10/1/2008,DNK,128,Denmark,2.160726,1,2008q4,2008,585,1,0,0,0,0,0,0,1,0,0,0,0,0,0,0,0
1/1/2009,DNK,128,Denmark,3.009356,1,2009q1,2009,588,1,0,0,0,0,0,0,1,0,0,0,0,0,0,0,0
4/1/2009,DNK,128,Denmark,3.711411,1,2009q2,2009,591,1,0,0,0,0,0,0,1,0,0,0,0,0,0,0,0
7/1/2009,DNK,128,Denmark,2.88361,1,2009q3,2009,594,1,0,0,0,0,0,0,1,0,0,0,0,0,0,0,0
10/1/2009,DNK,128,Denmark,4.576815,1,2009q4,2009,597,1,0,0,0,0,0,0,1,0,0,0,0,0,0,0,0
1/1/2010,DNK,128,Denmark,5.327426,1,2010q1,2010,600,1,0,0,0,0,0,0,1,0,0,0,0,0,0,0,0
4/1/2010,DNK,128,Denmark,5.621314,1,2010q2,2010,603,1,0,0,0,0,0,0,1,0,0,0,0,0,0,0,0
7/1/2010,DNK,128,Denmark,7.286334,1,2010q3,2010,606,1,0,0,0,0,0,0,1,0,0,0,0,0,0,0,0
10/1/2010,DNK,128,Denmark,6.988745,1,2010q4,2010,609,1,0,0,0,0,0,0,1,0,0,0,0,0,0,0,0
1/1/2011,DNK,128,Denmark,7.024242,1,2011q1,2011,612,1,0,0,0,0,0,0,1,0,0,0,0,0,0,0,0
4/1/2011,DNK,128,Denmark,5.750521,1,2011q2,2011,615,1,0,0,0,0,0,0,1,0,0,0,0,0,0,0,0
7/1/2011,DNK,128,Denmark,6.309098,1,2011q3,2011,618,1,0,0,0,0,0,0,1,0,0,0,0,0,0,0,0
10/1/2011,DNK,128,Denmark,5.97295,1,2011q4,2011,621,1,0,0,0,0,0,0,1,0,0,0,0,0,0,0,0
1/1/2012,DNK,128,Denmark,4.104183,1,2012q1,2012,624,1,0,0,0,0,0,0,1,0,0,0,0,0,0,0,0
4/1/2012,DNK,128,Denmark,7.38301,1,2012q2,2012,627,1,0,0,0,0,0,0,1,0,0,0,0,0,0,0,0
7/1/2012,DNK,128,Denmark,6.677636,1,2012q3,2012,630,1,0,0,0,0,0,0,1,0,0,0,0,0,0,0,0
10/1/2012,DNK,128,Denmark,5.829601,1,2012q4,2012,633,1,0,0,0,0,0,0,1,0,0,0,0,0,0,0,0
1/1/2013,DNK,128,Denmark,6.72867,1,2013q1,2013,636,1,0,0,0,0,0,0,1,0,0,0,0,0,0,0,0
4/1/2013,DNK,128,Denmark,7.355387,1,2013q2,2013,639,1,0,0,0,0,0,0,1,0,0,0,0,0,0,0,0
7/1/2013,DNK,128,Denmark,7.573908,1,2013q3,2013,642,1,0,0,0,0,0,0,1,0,0,0,0,0,0,0,0
10/1/2013,DNK,128,Denmark,7.646993,1,2013q4,2013,645,1,0,0,0,0,0,0,1,0,0,0,0,0,0,0,0
1/1/2014,DNK,128,Denmark,7.187303,1,2014q1,2014,648,1,0,0,0,0,0,0,1,0,0,0,0,0,0,0,0
4/1/2014,DNK,128,Denmark,7.650531,1,2014q2,2014,651,1,0,0,0,0,0,0,1,0,0,0,0,0,0,0,0
7/1/2014,DNK,128,Denmark,9.45579,1,2014q3,2014,654,1,0,0,0,0,0,0,1,0,0,0,0,0,0,0,0
10/1/2014,DNK,128,Denmark,9.27535,1,2014q4,2014,657,1,0,0,0,0,0,0,1,0,0,0,0,0,0,0,0
1/1/2015,DNK,128,Denmark,9.776326,1,2015q1,2015,660,1,0,0,0,0,0,0,1,0,0,0,0,0,0,0,0
4/1/2015,DNK,128,Denmark,7.314778,1,2015q2,2015,663,1,0,0,0,0,0,0,1,0,0,0,0,0,0,0,0
7/1/2015,DNK,128,Denmark,8.609132,1,2015q3,2015,666,1,0,0,0,0,0,0,1,0,0,0,0,0,0,0,0
10/1/2015,DNK,128,Denmark,6.192228,1,2015q4,2015,669,1,0,0,0,0,0,0,1,0,0,0,0,0,0,0,0
1/1/2016,DNK,128,Denmark,7.428322,1,2016q1,2016,672,1,0,0,0,0,0,0,1,0,0,0,0,0,0,0,0
4/1/2016,DNK,128,Denmark,7.12037,1,2016q2,2016,675,1,0,0,0,0,0,0,1,0,0,0,0,0,0,0,0
7/1/2016,DNK,128,Denmark,6.081253,1,2016q3,2016,678,1,0,0,0,0,0,0,1,0,0,0,0,0,0,0,0
10/1/2016,DNK,128,Denmark,8.273583,1,2016q4,2016,681,1,0,0,0,0,0,0,1,0,0,0,0,0,0,0,0
1/1/2017,DNK,128,Denmark,7.848961,1,2017q1,2017,684,1,0,0,0,0,0,0,1,0,0,0,0,0,0,0,0
4/1/2017,DNK,128,Denmark,8.512465,1,2017q2,2017,687,1,0,0,0,0,0,0,1,0,0,0,0,0,0,0,0
7/1/2017,DNK,128,Denmark,7.051556,1,2017q3,2017,690,1,0,0,0,0,0,0,1,0,0,0,0,0,0,0,0
10/1/2017,DNK,128,Denmark,5.950333,1,2017q4,2017,693,1,0,0,0,0,0,0,1,0,0,0,0,0,0,0,0
1/1/2018,DNK,128,Denmark,6.335497,1,2018q1,2018,696,1,0,0,0,0,0,0,1,0,0,0,0,0,0,0,0
4/1/2018,DNK,128,Denmark,3.874254,1,2018q2,2018,699,1,0,0,0,0,0,0,1,0,0,0,0,0,0,0,0
7/1/2018,DNK,128,Denmark,7.654655,1,2018q3,2018,702,1,0,0,0,0,0,0,1,0,0,0,0,0,0,0,0
10/1/2018,DNK,128,Denmark,7.283015,1,2018q4,2018,705,1,0,0,0,0,0,0,1,0,0,0,0,0,0,0,0
1/1/2019,DNK,128,Denmark,5.476408,1,2019q1,2019,708,1,0,0,0,0,0,0,1,0,0,0,0,0,0,0,0
4/1/2019,DNK,128,Denmark,8.867157,1,2019q2,2019,711,1,0,0,0,0,0,0,1,0,0,0,0,0,0,0,0
7/1/2019,DNK,128,Denmark,7.955015,1,2019q3,2019,714,1,0,0,0,0,0,0,1,0,0,0,0,0,0,0,0
10/1/2019,DNK,128,Denmark,7.397053,1,2019q4,2019,717,1,0,0,0,0,0,0,1,0,0,0,0,0,0,0,0
1/1/2020,DNK,128,Denmark,8.333592,1,2020q1,2020,720,1,0,0,0,0,0,0,1,0,0,0,0,0,0,0,0
4/1/2020,DNK,128,Denmark,9.959431,1,2020q2,2020,723,1,0,0,0,0,0,0,1,0,0,0,0,0,0,0,0
7/1/2020,DNK,128,Denmark,8.758602,1,2020q3,2020,726,1,0,0,0,0,0,0,1,0,0,0,0,0,0,0,0
10/1/2020,DNK,128,Denmark,5.181875,1,2020q4,2020,729,1,0,0,0,0,0,0,1,0,0,0,0,0,0,0,0
1/1/2021,DNK,128,Denmark,9.900394,1,2021q1,2021,732,1,0,0,0,0,0,0,1,0,0,0,0,0,0,0,0
4/1/2021,DNK,128,Denmark,8.236349,1,2021q2,2021,735,1,0,0,0,0,0,0,1,0,0,0,0,0,0,0,0
7/1/2021,DNK,128,Denmark,8.428743,1,2021q3,2021,738,1,0,0,0,0,0,0,1,0,0,0,0,0,0,0,0
10/1/2021,DNK,128,Denmark,8.149933,1,2021q4,2021,741,1,0,0,0,0,0,0,1,0,0,0,0,0,0,0,0
1/1/2022,DNK,128,Denmark,11.59879,1,2022q1,2022,744,1,0,0,0,0,0,0,1,0,0,0,0,0,0,0,0
4/1/2022,DNK,128,Denmark,11.47464,1,2022q2,2022,747,1,0,0,0,0,0,0,1,0,0,0,0,0,0,0,0
7/1/2022,DNK,128,Denmark,14.4811,1,2022q3,2022,750,1,0,0,0,0,0,0,1,0,0,0,0,0,0,0,0
10/1/2022,DNK,128,Denmark,9.19785,1,2022q4,2022,753,1,0,0,0,0,0,0,1,0,0,0,0,0,0,0,0
1/1/2023,DNK,128,Denmark,11.09505,1,2023q1,2023,756,1,0,0,0,0,0,0,1,0,0,0,0,0,0,0,0
4/1/2023,DNK,128,Denmark,10.67552,1,2023q2,2023,759,1,0,0,0,0,0,0,1,0,0,0,0,0,0,0,0
7/1/2023,DNK,128,Denmark,8.28946,1,2023q3,2023,762,1,0,0,0,0,0,0,1,0,0,0,0,0,0,0,0
10/1/2023,DNK,128,Denmark,9.962218,1,2023q4,2023,765,1,0,0,0,0,0,0,1,0,0,0,0,0,0,0,0
1/1/2024,DNK,128,Denmark,12.70617,1,2024q1,2024,768,1,0,0,0,0,0,0,1,0,0,0,0,0,0,0,0
4/1/2024,DNK,128,Denmark,11.85533,1,2024q2,2024,771,1,0,0,0,0,0,0,1,0,0,0,0,0,0,0,0
7/1/2024,DNK,128,Denmark,14.03809,1,2024q3,2024,774,1,0,0,0,0,0,0,1,0,0,0,0,0,0,0,0
10/1/2024,DNK,128,Denmark,16.50579,1,2024q4,2024,777,1,0,0,0,0,0,0,1,0,0,0,0,0,0,0,0
1/1/2025,DNK,128,Denmark,11.92037,1,2025q1,2025,780,1,0,0,0,0,0,0,1,0,0,0,0,0,0,0,0
1/1/1975,FRA,132,France,0.87753112,4,1975q1,1975,180,1,0,0,0,0,0,0,1,0,0,0,0,0,0,0,0
4/1/1975,FRA,132,France,1.0837078,4,1975q2,1975,183,1,0,0,0,0,0,0,1,0,0,0,0,0,0,0,0
7/1/1975,FRA,132,France,0.89235987,4,1975q3,1975,186,1,0,0,0,0,0,0,1,0,0,0,0,0,0,0,0
10/1/1975,FRA,132,France,0.16191008,4,1975q4,1975,189,1,0,0,0,0,0,0,1,0,0,0,0,0,0,0,0
1/1/1976,FRA,132,France,-0.15208281,4,1976q1,1976,192,1,0,0,0,0,0,0,1,0,0,0,0,0,0,0,0
4/1/1976,FRA,132,France,-0.86899005,4,1976q2,1976,195,1,0,0,0,0,0,0,1,0,0,0,0,0,0,0,0
7/1/1976,FRA,132,France,-1.4613286,4,1976q3,1976,198,1,0,0,0,0,0,0,1,0,0,0,0,0,0,0,0
10/1/1976,FRA,132,France,-1.176849,4,1976q4,1976,201,1,0,0,0,0,0,0,1,0,0,0,0,0,0,0,0
1/1/1977,FRA,132,France,-0.50217589,4,1977q1,1977,204,1,0,0,0,0,0,0,1,0,0,0,0,0,0,0,0
4/1/1977,FRA,132,France,-0.51170409,4,1977q2,1977,207,1,0,0,0,0,0,0,1,0,0,0,0,0,0,0,0
7/1/1977,FRA,132,France,-0.13105953,4,1977q3,1977,210,1,0,0,0,0,0,0,1,0,0,0,0,0,0,0,0
10/1/1977,FRA,132,France,0.60243147,4,1977q4,1977,213,1,0,0,0,0,0,0,1,0,0,0,0,0,0,0,0
1/1/1978,FRA,132,France,1.093953,4,1978q1,1978,216,1,0,0,0,0,0,0,1,0,0,0,0,0,0,0,0
4/1/1978,FRA,132,France,1.3367653,4,1978q2,1978,219,1,0,0,0,0,0,0,1,0,0,0,0,0,0,0,0
7/1/1978,FRA,132,France,1.445878,4,1978q3,1978,222,1,0,0,0,0,0,0,1,0,0,0,0,0,0,0,0
10/1/1978,FRA,132,France,1.4701537,4,1978q4,1978,225,1,0,0,0,0,0,0,1,0,0,0,0,0,0,0,0
1/1/1979,FRA,132,France,1.5162038,4,1979q1,1979,228,1,0,0,0,0,0,0,1,0,0,0,0,0,0,0,0
4/1/1979,FRA,132,France,0.77431007,4,1979q2,1979,231,1,0,0,0,0,0,0,1,0,0,0,0,0,0,0,0
7/1/1979,FRA,132,France,0.7585131,4,1979q3,1979,234,1,0,0,0,0,0,0,1,0,0,0,0,0,0,0,0
10/1/1979,FRA,132,France,0.28840785,4,1979q4,1979,237,1,0,0,0,0,0,0,1,0,0,0,0,0,0,0,0
1/1/1980,FRA,132,France,-0.66034223,4,1980q1,1980,240,1,0,0,0,0,0,0,1,0,0,0,0,0,0,0,0
4/1/1980,FRA,132,France,-0.44053973,4,1980q2,1980,243,1,0,0,0,0,0,0,1,0,0,0,0,0,0,0,0
7/1/1980,FRA,132,France,-0.76601939,4,1980q3,1980,246,1,0,0,0,0,0,0,1,0,0,0,0,0,0,0,0
10/1/1980,FRA,132,France,-0.74597541,4,1980q4,1980,249,1,0,0,0,0,0,0,1,0,0,0,0,0,0,0,0
1/1/1981,FRA,132,France,-0.60962424,4,1981q1,1981,252,1,0,0,0,0,0,0,1,0,0,0,0,0,0,0,0
4/1/1981,FRA,132,France,-0.09257416,4,1981q2,1981,255,1,0,0,0,0,0,0,1,0,0,0,0,0,0,0,0
7/1/1981,FRA,132,France,-0.98480871,4,1981q3,1981,258,1,0,0,0,0,0,0,1,0,0,0,0,0,0,0,0
10/1/1981,FRA,132,France,-1.4381723,4,1981q4,1981,261,1,0,0,0,0,0,0,1,0,0,0,0,0,0,0,0
1/1/1982,FRA,132,France,-0.84421253,4,1982q1,1982,264,1,0,0,0,0,0,0,1,0,0,0,0,0,0,0,0
4/1/1982,FRA,132,France,-3.4042264,4,1982q2,1982,267,1,0,0,0,0,0,0,1,0,0,0,0,0,0,0,0
7/1/1982,FRA,132,France,-2.7241705,4,1982q3,1982,270,1,0,0,0,0,0,0,1,0,0,0,0,0,0,0,0
10/1/1982,FRA,132,France,-1.8021403,4,1982q4,1982,273,1,0,0,0,0,0,0,1,0,0,0,0,0,0,0,0
1/1/1983,FRA,132,France,-2.3765694,4,1983q1,1983,276,1,0,0,0,0,0,0,1,0,0,0,0,0,0,0,0
4/1/1983,FRA,132,France,-0.97966716,4,1983q2,1983,279,1,0,0,0,0,0,0,1,0,0,0,0,0,0,0,0
7/1/1983,FRA,132,France,-0.28369828,4,1983q3,1983,282,1,0,0,0,0,0,0,1,0,0,0,0,0,0,0,0
10/1/1983,FRA,132,France,-0.12061877,4,1983q4,1983,285,1,0,0,0,0,0,0,1,0,0,0,0,0,0,0,0
1/1/1984,FRA,132,France,-0.27965863,4,1984q1,1984,288,1,0,0,0,0,0,0,1,0,0,0,0,0,0,0,0
4/1/1984,FRA,132,France,-0.44615021,4,1984q2,1984,291,1,0,0,0,0,0,0,1,0,0,0,0,0,0,0,0
7/1/1984,FRA,132,France,0.20816404,4,1984q3,1984,294,1,0,0,0,0,0,0,1,0,0,0,0,0,0,0,0
10/1/1984,FRA,132,France,-0.01005947,4,1984q4,1984,297,1,0,0,0,0,0,0,1,0,0,0,0,0,0,0,0
1/1/1985,FRA,132,France,-0.60995323,4,1985q1,1985,300,1,0,0,0,0,0,0,1,0,0,0,0,0,0,0,0
4/1/1985,FRA,132,France,0.15067055,4,1985q2,1985,303,1,0,0,0,0,0,0,1,0,0,0,0,0,0,0,0
7/1/1985,FRA,132,France,-0.15450003,4,1985q3,1985,306,1,0,0,0,0,0,0,1,0,0,0,0,0,0,0,0
10/1/1985,FRA,132,France,0.40772617,4,1985q4,1985,309,1,0,0,0,0,0,0,1,0,0,0,0,0,0,0,0
1/1/1986,FRA,132,France,0.41959359,4,1986q1,1986,312,1,0,0,0,0,0,0,1,0,0,0,0,0,0,0,0
4/1/1986,FRA,132,France,0.1876572,4,1986q2,1986,315,1,0,0,0,0,0,0,1,0,0,0,0,0,0,0,0
7/1/1986,FRA,132,France,0.19159661,4,1986q3,1986,318,1,0,0,0,0,0,0,1,0,0,0,0,0,0,0,0
10/1/1986,FRA,132,France,0.46940599,4,1986q4,1986,321,1,0,0,0,0,0,0,1,0,0,0,0,0,0,0,0
1/1/1987,FRA,132,France,-0.2858019,4,1987q1,1987,324,1,0,0,0,0,0,0,1,0,0,0,0,0,0,0,0
4/1/1987,FRA,132,France,-0.4762727,4,1987q2,1987,327,1,0,0,0,0,0,0,1,0,0,0,0,0,0,0,0
7/1/1987,FRA,132,France,-0.42180241,4,1987q3,1987,330,1,0,0,0,0,0,0,1,0,0,0,0,0,0,0,0
10/1/1987,FRA,132,France,-0.60447295,4,1987q4,1987,333,1,0,0,0,0,0,0,1,0,0,0,0,0,0,0,0
1/1/1988,FRA,132,France,0.08512282,4,1988q1,1988,336,1,0,0,0,0,0,0,1,0,0,0,0,0,0,0,0
4/1/1988,FRA,132,France,-0.45759978,4,1988q2,1988,339,1,0,0,0,0,0,0,1,0,0,0,0,0,0,0,0
7/1/1988,FRA,132,France,-0.50848665,4,1988q3,1988,342,1,0,0,0,0,0,0,1,0,0,0,0,0,0,0,0
10/1/1988,FRA,132,France,-0.91849644,4,1988q4,1988,345,1,0,0,0,0,0,0,1,0,0,0,0,0,0,0,0
1/1/1989,FRA,132,France,-0.0325395,4,1989q1,1989,348,1,0,0,0,0,0,0,1,0,0,0,0,0,0,0,0
4/1/1989,FRA,132,France,-0.62789029,4,1989q2,1989,351,1,0,0,0,0,0,0,1,0,0,0,0,0,0,0,0
7/1/1989,FRA,132,France,-0.33655924,4,1989q3,1989,354,1,0,0,0,0,0,0,1,0,0,0,0,0,0,0,0
10/1/1989,FRA,132,France,-0.78224402,4,1989q4,1989,357,1,0,0,0,0,0,0,1,0,0,0,0,0,0,0,0
1/1/1990,FRA,132,France,-0.21545345,4,1990q1,1990,360,1,0,0,0,0,0,0,1,0,0,0,0,0,0,0,0
4/1/1990,FRA,132,France,-1.0018234,4,1990q2,1990,363,1,0,0,0,0,0,0,1,0,0,0,0,0,0,0,0
7/1/1990,FRA,132,France,-0.93331308,4,1990q3,1990,366,1,0,0,0,0,0,0,1,0,0,0,0,0,0,0,0
10/1/1990,FRA,132,France,-1.0302424,4,1990q4,1990,369,1,0,0,0,0,0,0,1,0,0,0,0,0,0,0,0
1/1/1991,FRA,132,France,-1.4452946,4,1991q1,1991,372,1,0,0,0,0,0,0,1,0,0,0,0,0,0,0,0
4/1/1991,FRA,132,France,-0.46546398,4,1991q2,1991,375,1,0,0,0,0,0,0,1,0,0,0,0,0,0,0,0
7/1/1991,FRA,132,France,-0.21473375,4,1991q3,1991,378,1,0,0,0,0,0,0,1,0,0,0,0,0,0,0,0
10/1/1991,FRA,132,France,-0.0958591,4,1991q4,1991,381,1,0,0,0,0,0,0,1,0,0,0,0,0,0,0,0
1/1/1992,FRA,132,France,-0.18612051,4,1992q1,1992,384,1,0,0,0,0,0,0,1,0,0,0,0,0,0,0,0
4/1/1992,FRA,132,France,0.5014946,4,1992q2,1992,387,1,0,0,0,0,0,0,1,0,0,0,0,0,0,0,0
7/1/1992,FRA,132,France,0.06155043,4,1992q3,1992,390,1,0,0,0,0,0,0,1,0,0,0,0,0,0,0,0
10/1/1992,FRA,132,France,0.74041552,4,1992q4,1992,393,1,0,0,0,0,0,0,1,0,0,0,0,0,0,0,0
1/1/1993,FRA,132,France,0.00661184,4,1993q1,1993,396,1,0,0,0,0,0,0,1,0,0,0,0,0,0,0,0
4/1/1993,FRA,132,France,0.48585787,4,1993q2,1993,399,1,0,0,0,0,0,0,1,0,0,0,0,0,0,0,0
7/1/1993,FRA,132,France,1.328571,4,1993q3,1993,402,1,0,0,0,0,0,0,1,0,0,0,0,0,0,0,0
10/1/1993,FRA,132,France,1.0657617,4,1993q4,1993,405,1,0,0,0,0,0,0,1,0,0,0,0,0,0,0,0
1/1/1994,FRA,132,France,0.73535491,4,1994q1,1994,408,1,0,0,0,0,0,0,1,0,0,0,0,0,0,0,0
4/1/1994,FRA,132,France,0.34801195,4,1994q2,1994,411,1,0,0,0,0,0,0,1,0,0,0,0,0,0,0,0
7/1/1994,FRA,132,France,0.63843797,4,1994q3,1994,414,1,0,0,0,0,0,0,1,0,0,0,0,0,0,0,0
10/1/1994,FRA,132,France,0.51514269,4,1994q4,1994,417,1,0,0,0,0,0,0,1,0,0,0,0,0,0,0,0
1/1/1995,FRA,132,France,1.0572307,4,1995q1,1995,420,1,0,0,0,0,0,0,1,0,0,0,0,0,0,0,0
4/1/1995,FRA,132,France,0.86107658,4,1995q2,1995,423,1,0,0,0,0,0,0,1,0,0,0,0,0,0,0,0
7/1/1995,FRA,132,France,0.16479356,4,1995q3,1995,426,1,0,0,0,0,0,0,1,0,0,0,0,0,0,0,0
10/1/1995,FRA,132,France,0.68527046,4,1995q4,1995,429,1,0,0,0,0,0,0,1,0,0,0,0,0,0,0,0
1/1/1996,FRA,132,France,1.4884114,4,1996q1,1996,432,1,0,0,0,0,0,0,1,0,0,0,0,0,0,0,0
4/1/1996,FRA,132,France,0.7748127,4,1996q2,1996,435,1,0,0,0,0,0,0,1,0,0,0,0,0,0,0,0
7/1/1996,FRA,132,France,1.4857879,4,1996q3,1996,438,1,0,0,0,0,0,0,1,0,0,0,0,0,0,0,0
10/1/1996,FRA,132,France,1.5281585,4,1996q4,1996,441,1,0,0,0,0,0,0,1,0,0,0,0,0,0,0,0
1/1/1997,FRA,132,France,2.252733,4,1997q1,1997,444,1,0,0,0,0,0,0,1,0,0,0,0,0,0,0,0
4/1/1997,FRA,132,France,3.0049665,4,1997q2,1997,447,1,0,0,0,0,0,0,1,0,0,0,0,0,0,0,0
7/1/1997,FRA,132,France,2.3902483,4,1997q3,1997,450,1,0,0,0,0,0,0,1,0,0,0,0,0,0,0,0
10/1/1997,FRA,132,France,3.0249505,4,1997q4,1997,453,1,0,0,0,0,0,0,1,0,0,0,0,0,0,0,0
1/1/1998,FRA,132,France,2.3865929,4,1998q1,1998,456,1,0,0,0,0,0,0,1,0,0,0,0,0,0,0,0
4/1/1998,FRA,132,France,2.3981702,4,1998q2,1998,459,1,0,0,0,0,0,0,1,0,0,0,0,0,0,0,0
7/1/1998,FRA,132,France,2.5772513,4,1998q3,1998,462,1,0,0,0,0,0,0,1,0,0,0,0,0,0,0,0
10/1/1998,FRA,132,France,2.8538964,4,1998q4,1998,465,1,0,0,0,0,0,0,1,0,0,0,0,0,0,0,0
1/1/1999,FRA,132,France,3.755707,1,1999q1,1999,468,1,0,0,0,0,0,0,1,0,0,0,0,0,0,1,1
4/1/1999,FRA,132,France,3.578245,1,1999q2,1999,471,1,0,0,0,0,0,0,1,0,0,0,0,0,0,1,0
7/1/1999,FRA,132,France,2.291943,1,1999q3,1999,474,1,0,0,0,0,0,0,1,0,0,0,0,0,0,1,0
10/1/1999,FRA,132,France,3.692031,1,1999q4,1999,477,1,0,0,0,0,0,0,1,0,0,0,0,0,0,1,0
1/1/2000,FRA,132,France,1.033,1,2000q1,2000,480,1,0,0,0,0,0,0,1,0,0,0,0,0,0,1,0
4/1/2000,FRA,132,France,1.581652,1,2000q2,2000,483,1,0,0,0,0,0,0,1,0,0,0,0,0,0,1,0
7/1/2000,FRA,132,France,0.1285123,1,2000q3,2000,486,1,0,0,0,0,0,0,1,0,0,0,0,0,0,1,0
10/1/2000,FRA,132,France,1.651075,1,2000q4,2000,489,1,0,0,0,0,0,0,1,0,0,0,0,0,0,1,0
1/1/2001,FRA,132,France,1.738991,1,2001q1,2001,492,1,0,0,0,0,0,0,1,0,0,0,0,0,0,1,0
4/1/2001,FRA,132,France,0.8569584,1,2001q2,2001,495,1,0,0,0,0,0,0,1,0,0,0,0,0,0,1,0
7/1/2001,FRA,132,France,1.425393,1,2001q3,2001,498,1,0,0,0,0,0,0,1,0,0,0,0,0,0,1,0
10/1/2001,FRA,132,France,2.080772,1,2001q4,2001,501,1,0,0,0,0,0,0,1,0,0,0,0,0,0,1,0
1/1/2002,FRA,132,France,1.37899,1,2002q1,2002,504,1,0,0,0,0,0,0,1,0,0,0,0,0,0,1,0
4/1/2002,FRA,132,France,1.021823,1,2002q2,2002,507,1,0,0,0,0,0,0,1,0,0,0,0,0,0,1,0
7/1/2002,FRA,132,France,1.034479,1,2002q3,2002,510,1,0,0,0,0,0,0,1,0,0,0,0,0,0,1,0
10/1/2002,FRA,132,France,0.9524897,1,2002q4,2002,513,1,0,0,0,0,0,0,1,0,0,0,0,0,0,1,0
1/1/2003,FRA,132,France,0.778702,1,2003q1,2003,516,1,0,0,0,0,0,0,1,0,0,0,0,0,0,1,0
4/1/2003,FRA,132,France,0.3982361,1,2003q2,2003,519,1,0,0,0,0,0,0,1,0,0,0,0,0,0,1,0
7/1/2003,FRA,132,France,0.8304189,1,2003q3,2003,522,1,0,0,0,0,0,0,1,0,0,0,0,0,0,1,0
10/1/2003,FRA,132,France,1.072945,1,2003q4,2003,525,1,0,0,0,0,0,0,1,0,0,0,0,0,0,1,0
1/1/2004,FRA,132,France,0.8619632,1,2004q1,2004,528,1,0,0,0,0,0,0,1,0,0,0,0,0,0,1,0
4/1/2004,FRA,132,France,0.5955076,1,2004q2,2004,531,1,0,0,0,0,0,0,1,0,0,0,0,0,0,1,0
7/1/2004,FRA,132,France,0.5780843,1,2004q3,2004,534,1,0,0,0,0,0,0,1,0,0,0,0,0,0,1,0
10/1/2004,FRA,132,France,-0.186738,1,2004q4,2004,537,1,0,0,0,0,0,0,1,0,0,0,0,0,0,1,0
1/1/2005,FRA,132,France,0.04599511,1,2005q1,2005,540,1,0,0,0,0,0,0,1,0,0,0,0,0,0,1,0
4/1/2005,FRA,132,France,0.09113066,1,2005q2,2005,543,1,0,0,0,0,0,0,1,0,0,0,0,0,0,1,0
7/1/2005,FRA,132,France,0.3300543,1,2005q3,2005,546,1,0,0,0,0,0,0,1,0,0,0,0,0,0,1,0
10/1/2005,FRA,132,France,-0.3601526,1,2005q4,2005,549,1,0,0,0,0,0,0,1,0,0,0,0,0,0,1,0
1/1/2006,FRA,132,France,-0.1416293,1,2006q1,2006,552,1,0,0,0,0,0,0,1,0,0,0,0,0,0,1,0
4/1/2006,FRA,132,France,0.02252259,1,2006q2,2006,555,1,0,0,0,0,0,0,1,0,0,0,0,0,0,1,0
7/1/2006,FRA,132,France,0.3826463,1,2006q3,2006,558,1,0,0,0,0,0,0,1,0,0,0,0,0,0,1,0
10/1/2006,FRA,132,France,0.4817061,1,2006q4,2006,561,1,0,0,0,0,0,0,1,0,0,0,0,0,0,1,0
1/1/2007,FRA,132,France,0.4000968,1,2007q1,2007,564,1,0,0,0,0,0,0,1,0,0,0,0,0,0,1,0
4/1/2007,FRA,132,France,0.00074345,1,2007q2,2007,567,1,0,0,0,0,0,0,1,0,0,0,0,0,0,1,0
7/1/2007,FRA,132,France,-0.436823,1,2007q3,2007,570,1,0,0,0,0,0,0,1,0,0,0,0,0,0,1,0
10/1/2007,FRA,132,France,-0.7831509,1,2007q4,2007,573,1,0,0,0,0,0,0,1,0,0,0,0,0,0,1,0
1/1/2008,FRA,132,France,-0.9387544,1,2008q1,2008,576,1,0,0,0,0,0,0,1,0,0,0,0,0,0,1,0
4/1/2008,FRA,132,France,-1.003298,1,2008q2,2008,579,1,0,0,0,0,0,0,1,0,0,0,0,0,0,1,0
7/1/2008,FRA,132,France,-0.7495419,1,2008q3,2008,582,1,0,0,0,0,0,0,1,0,0,0,0,0,0,1,0
10/1/2008,FRA,132,France,-0.4411671,1,2008q4,2008,585,1,0,0,0,0,0,0,1,0,0,0,0,0,0,1,0
1/1/2009,FRA,132,France,-0.9695941,1,2009q1,2009,588,1,0,0,0,0,0,0,1,0,0,0,0,0,0,1,0
4/1/2009,FRA,132,France,-0.7848918,1,2009q2,2009,591,1,0,0,0,0,0,0,1,0,0,0,0,0,0,1,0
7/1/2009,FRA,132,France,0.1729355,1,2009q3,2009,594,1,0,0,0,0,0,0,1,0,0,0,0,0,0,1,0
10/1/2009,FRA,132,France,-0.540405,1,2009q4,2009,597,1,0,0,0,0,0,0,1,0,0,0,0,0,0,1,0
1/1/2010,FRA,132,France,-0.8444079,1,2010q1,2010,600,1,0,0,0,0,0,0,1,0,0,0,0,0,0,1,0
4/1/2010,FRA,132,France,-0.926222,1,2010q2,2010,603,1,0,0,0,0,0,0,1,0,0,0,0,0,0,1,0
7/1/2010,FRA,132,France,-0.5637971,1,2010q3,2010,606,1,0,0,0,0,0,0,1,0,0,0,0,0,0,1,0
10/1/2010,FRA,132,France,-0.3752217,1,2010q4,2010,609,1,0,0,0,0,0,0,1,0,0,0,0,0,0,1,0
1/1/2011,FRA,132,France,-1.968362,1,2011q1,2011,612,1,0,0,0,0,0,0,1,0,0,0,0,0,0,1,0
4/1/2011,FRA,132,France,-0.6226383,1,2011q2,2011,615,1,0,0,0,0,0,0,1,0,0,0,0,0,0,1,0
7/1/2011,FRA,132,France,-0.9203522,1,2011q3,2011,618,1,0,0,0,0,0,0,1,0,0,0,0,0,0,1,0
10/1/2011,FRA,132,France,0.2167035,1,2011q4,2011,621,1,0,0,0,0,0,0,1,0,0,0,0,0,0,1,0
1/1/2012,FRA,132,France,-1.007017,1,2012q1,2012,624,1,0,0,0,0,0,0,1,0,0,0,0,0,0,1,0
4/1/2012,FRA,132,France,-1.257427,1,2012q2,2012,627,1,0,0,0,0,0,0,1,0,0,0,0,0,0,1,0
7/1/2012,FRA,132,France,-1.158946,1,2012q3,2012,630,1,0,0,0,0,0,0,1,0,0,0,0,0,0,1,0
10/1/2012,FRA,132,France,-0.6605635,1,2012q4,2012,633,1,0,0,0,0,0,0,1,0,0,0,0,0,0,1,0
1/1/2013,FRA,132,France,-1.231927,1,2013q1,2013,636,1,0,0,0,0,0,0,1,0,0,0,0,0,0,1,0
4/1/2013,FRA,132,France,-0.5159429,1,2013q2,2013,639,1,0,0,0,0,0,0,1,0,0,0,0,0,0,1,0
7/1/2013,FRA,132,France,-1.343624,1,2013q3,2013,642,1,0,0,0,0,0,0,1,0,0,0,0,0,0,1,0
10/1/2013,FRA,132,France,0.3211938,1,2013q4,2013,645,1,0,0,0,0,0,0,1,0,0,0,0,0,0,1,0
1/1/2014,FRA,132,France,-1.444725,1,2014q1,2014,648,1,0,0,0,0,0,0,1,0,0,0,0,0,0,1,0
4/1/2014,FRA,132,France,-1.54701,1,2014q2,2014,651,1,0,0,0,0,0,0,1,0,0,0,0,0,0,1,0
7/1/2014,FRA,132,France,-0.4771905,1,2014q3,2014,654,1,0,0,0,0,0,0,1,0,0,0,0,0,0,1,0
10/1/2014,FRA,132,France,-0.2780806,1,2014q4,2014,657,1,0,0,0,0,0,0,1,0,0,0,0,0,0,1,0
1/1/2015,FRA,132,France,-0.1271696,1,2015q1,2015,660,1,0,0,0,0,0,0,1,0,0,0,0,0,0,1,0
4/1/2015,FRA,132,France,0.03935569,1,2015q2,2015,663,1,0,0,0,0,0,0,1,0,0,0,0,0,0,1,0
7/1/2015,FRA,132,France,-0.6640723,1,2015q3,2015,666,1,0,0,0,0,0,0,1,0,0,0,0,0,0,1,0
10/1/2015,FRA,132,France,-0.7245672,1,2015q4,2015,669,1,0,0,0,0,0,0,1,0,0,0,0,0,0,1,0
1/1/2016,FRA,132,France,-0.6322444,1,2016q1,2016,672,1,0,0,0,0,0,0,1,0,0,0,0,0,0,1,0
4/1/2016,FRA,132,France,-0.2037216,1,2016q2,2016,675,1,0,0,0,0,0,0,1,0,0,0,0,0,0,1,0
7/1/2016,FRA,132,France,-1.070578,1,2016q3,2016,678,1,0,0,0,0,0,0,1,0,0,0,0,0,0,1,0
10/1/2016,FRA,132,France,-0.2646371,1,2016q4,2016,681,1,0,0,0,0,0,0,1,0,0,0,0,0,0,1,0
1/1/2017,FRA,132,France,-1.37101,1,2017q1,2017,684,1,0,0,0,0,0,0,1,0,0,0,0,0,0,1,0
4/1/2017,FRA,132,France,-0.02581492,1,2017q2,2017,687,1,0,0,0,0,0,0,1,0,0,0,0,0,0,1,0
7/1/2017,FRA,132,France,0.1826684,1,2017q3,2017,690,1,0,0,0,0,0,0,1,0,0,0,0,0,0,1,0
10/1/2017,FRA,132,France,-0.412504,1,2017q4,2017,693,1,0,0,0,0,0,0,1,0,0,0,0,0,0,1,0
1/1/2018,FRA,132,France,-0.6603849,1,2018q1,2018,696,1,0,0,0,0,0,0,1,0,0,0,0,0,0,1,0
4/1/2018,FRA,132,France,-1.06023,1,2018q2,2018,699,1,0,0,0,0,0,0,1,0,0,0,0,0,0,1,0
7/1/2018,FRA,132,France,-0.2079446,1,2018q3,2018,702,1,0,0,0,0,0,0,1,0,0,0,0,0,0,1,0
10/1/2018,FRA,132,France,-0.24654,1,2018q4,2018,705,1,0,0,0,0,0,0,1,0,0,0,0,0,0,1,0
1/1/2019,FRA,132,France,0.6882933,1,2019q1,2019,708,1,0,0,0,0,0,0,1,0,0,0,0,0,0,1,0
4/1/2019,FRA,132,France,0.4676801,1,2019q2,2019,711,1,0,0,0,0,0,0,1,0,0,0,0,0,0,1,0
7/1/2019,FRA,132,France,0.984426,1,2019q3,2019,714,1,0,0,0,0,0,0,1,0,0,0,0,0,0,1,0
10/1/2019,FRA,132,France,1.379445,1,2019q4,2019,717,1,0,0,0,0,0,0,1,0,0,0,0,0,0,1,0
1/1/2020,FRA,132,France,-1.928439,1,2020q1,2020,720,1,0,0,0,0,0,0,1,0,0,0,0,0,0,1,0
4/1/2020,FRA,132,France,-3.910105,1,2020q2,2020,723,1,0,0,0,0,0,0,1,0,0,0,0,0,0,1,0
7/1/2020,FRA,132,France,-2.233406,1,2020q3,2020,726,1,0,0,0,0,0,0,1,0,0,0,0,0,0,1,0
10/1/2020,FRA,132,France,-0.3899398,1,2020q4,2020,729,1,0,0,0,0,0,0,1,0,0,0,0,0,0,1,0
1/1/2021,FRA,132,France,-0.5349461,1,2021q1,2021,732,1,0,0,0,0,0,0,1,0,0,0,0,0,0,1,0
4/1/2021,FRA,132,France,-0.422817,1,2021q2,2021,735,1,0,0,0,0,0,0,1,0,0,0,0,0,0,1,0
7/1/2021,FRA,132,France,0.9570931,1,2021q3,2021,738,1,0,0,0,0,0,0,1,0,0,0,0,0,0,1,0
10/1/2021,FRA,132,France,0.9187346,1,2021q4,2021,741,1,0,0,0,0,0,0,1,0,0,0,0,0,0,1,0
1/1/2022,FRA,132,France,-0.5051824,1,2022q1,2022,744,1,0,0,0,0,0,0,1,0,0,0,0,0,0,1,0
4/1/2022,FRA,132,France,-0.6080983,1,2022q2,2022,747,1,0,0,0,0,0,0,1,0,0,0,0,0,0,1,0
7/1/2022,FRA,132,France,-2.575255,1,2022q3,2022,750,1,0,0,0,0,0,0,1,0,0,0,0,0,0,1,0
10/1/2022,FRA,132,France,-1.098137,1,2022q4,2022,753,1,0,0,0,0,0,0,1,0,0,0,0,0,0,1,0
1/1/2023,FRA,132,France,-1.520213,1,2023q1,2023,756,1,0,0,0,0,0,0,1,0,0,0,0,0,0,1,0
4/1/2023,FRA,132,France,-0.2144379,1,2023q2,2023,759,1,0,0,0,0,0,0,1,0,0,0,0,0,0,1,0
7/1/2023,FRA,132,France,-1.197691,1,2023q3,2023,762,1,0,0,0,0,0,0,1,0,0,0,0,0,0,1,0
10/1/2023,FRA,132,France,-1.036622,1,2023q4,2023,765,1,0,0,0,0,0,0,1,0,0,0,0,0,0,1,0
1/1/2024,FRA,132,France,0.4854368,1,2024q1,2024,768,1,0,0,0,0,0,0,1,0,0,0,0,0,0,1,0
4/1/2024,FRA,132,France,-0.4562079,1,2024q2,2024,771,1,0,0,0,0,0,0,1,0,0,0,0,0,0,1,0
7/1/2024,FRA,132,France,0.4476476,1,2024q3,2024,774,1,0,0,0,0,0,0,1,0,0,0,0,0,0,1,0
10/1/2024,FRA,132,France,0.7527506,1,2024q4,2024,777,1,0,0,0,0,0,0,1,0,0,0,0,0,0,1,0
1/1/1971,DEU,134,Germany,0.23679843,4,1971q1,1971,132,1,0,0,0,0,0,0,1,0,0,0,0,0,0,0,0
4/1/1971,DEU,134,Germany,0.11613594,4,1971q2,1971,135,1,0,0,0,0,0,0,1,0,0,0,0,0,0,0,0
7/1/1971,DEU,134,Germany,0.52501249,4,1971q3,1971,138,1,0,0,0,0,0,0,1,0,0,0,0,0,0,0,0
10/1/1971,DEU,134,Germany,-0.61676899,4,1971q4,1971,141,1,0,0,0,0,0,0,1,0,0,0,0,0,0,0,0
1/1/1972,DEU,134,Germany,-0.40907115,4,1972q1,1972,144,1,0,0,0,0,0,0,1,0,0,0,0,0,0,0,0
4/1/1972,DEU,134,Germany,-0.00683536,4,1972q2,1972,147,1,0,0,0,0,0,0,1,0,0,0,0,0,0,0,0
7/1/1972,DEU,134,Germany,0.17001815,4,1972q3,1972,150,1,0,0,0,0,0,0,1,0,0,0,0,0,0,0,0
10/1/1972,DEU,134,Germany,0.72280902,4,1972q4,1972,153,1,0,0,0,0,0,0,1,0,0,0,0,0,0,0,0
1/1/1973,DEU,134,Germany,0.26674387,4,1973q1,1973,156,1,0,0,0,0,0,0,1,0,0,0,0,0,0,0,0
4/1/1973,DEU,134,Germany,1.2302242,4,1973q2,1973,159,1,0,0,0,0,0,0,1,0,0,0,0,0,0,0,0
7/1/1973,DEU,134,Germany,1.9219018,4,1973q3,1973,162,1,0,0,0,0,0,0,1,0,0,0,0,0,0,0,0
10/1/1973,DEU,134,Germany,1.2965404,4,1973q4,1973,165,1,0,0,0,0,0,0,1,0,0,0,0,0,0,0,0
1/1/1974,DEU,134,Germany,2.4571507,4,1974q1,1974,168,1,0,0,0,0,0,0,1,0,0,0,0,0,0,0,0
4/1/1974,DEU,134,Germany,2.232374,4,1974q2,1974,171,1,0,0,0,0,0,0,1,0,0,0,0,0,0,0,0
7/1/1974,DEU,134,Germany,1.946118,4,1974q3,1974,174,1,0,0,0,0,0,0,1,0,0,0,0,0,0,0,0
10/1/1974,DEU,134,Germany,2.5793388,4,1974q4,1974,177,1,0,0,0,0,0,0,1,0,0,0,0,0,0,0,0
1/1/1975,DEU,134,Germany,1.5192077,4,1975q1,1975,180,1,0,0,0,0,0,0,1,0,0,0,0,0,0,0,0
4/1/1975,DEU,134,Germany,0.58730794,4,1975q2,1975,183,1,0,0,0,0,0,0,1,0,0,0,0,0,0,0,0
7/1/1975,DEU,134,Germany,0.61015981,4,1975q3,1975,186,1,0,0,0,0,0,0,1,0,0,0,0,0,0,0,0
10/1/1975,DEU,134,Germany,0.17218955,4,1975q4,1975,189,1,0,0,0,0,0,0,1,0,0,0,0,0,0,0,0
1/1/1976,DEU,134,Germany,1.0880179,4,1976q1,1976,192,1,0,0,0,0,0,0,1,0,0,0,0,0,0,0,0
4/1/1976,DEU,134,Germany,0.77090923,4,1976q2,1976,195,1,0,0,0,0,0,0,1,0,0,0,0,0,0,0,0
7/1/1976,DEU,134,Germany,1.0268222,4,1976q3,1976,198,1,0,0,0,0,0,0,1,0,0,0,0,0,0,0,0
10/1/1976,DEU,134,Germany,0.43382444,4,1976q4,1976,201,1,0,0,0,0,0,0,1,0,0,0,0,0,0,0,0
1/1/1977,DEU,134,Germany,0.81834556,4,1977q1,1977,204,1,0,0,0,0,0,0,1,0,0,0,0,0,0,0,0
4/1/1977,DEU,134,Germany,0.95829525,4,1977q2,1977,207,1,0,0,0,0,0,0,1,0,0,0,0,0,0,0,0
7/1/1977,DEU,134,Germany,-0.17082839,4,1977q3,1977,210,1,0,0,0,0,0,0,1,0,0,0,0,0,0,0,0
10/1/1977,DEU,134,Germany,1.1820986,4,1977q4,1977,213,1,0,0,0,0,0,0,1,0,0,0,0,0,0,0,0
1/1/1978,DEU,134,Germany,1.2948269,4,1978q1,1978,216,1,0,0,0,0,0,0,1,0,0,0,0,0,0,0,0
4/1/1978,DEU,134,Germany,1.2752907,4,1978q2,1978,219,1,0,0,0,0,0,0,1,0,0,0,0,0,0,0,0
7/1/1978,DEU,134,Germany,1.626199,4,1978q3,1978,222,1,0,0,0,0,0,0,1,0,0,0,0,0,0,0,0
10/1/1978,DEU,134,Germany,1.3723235,4,1978q4,1978,225,1,0,0,0,0,0,0,1,0,0,0,0,0,0,0,0
1/1/1979,DEU,134,Germany,0.62793579,4,1979q1,1979,228,1,0,0,0,0,0,0,1,0,0,0,0,0,0,0,0
4/1/1979,DEU,134,Germany,-0.53797262,4,1979q2,1979,231,1,0,0,0,0,0,0,1,0,0,0,0,0,0,0,0
7/1/1979,DEU,134,Germany,-0.89613856,4,1979q3,1979,234,1,0,0,0,0,0,0,1,0,0,0,0,0,0,0,0
10/1/1979,DEU,134,Germany,-1.7803622,4,1979q4,1979,237,1,0,0,0,0,0,0,1,0,0,0,0,0,0,0,0
1/1/1980,DEU,134,Germany,-1.4087719,4,1980q1,1980,240,1,0,0,0,0,0,0,1,0,0,0,0,0,0,0,0
4/1/1980,DEU,134,Germany,-1.5798992,4,1980q2,1980,243,1,0,0,0,0,0,0,1,0,0,0,0,0,0,0,0
7/1/1980,DEU,134,Germany,-2.0995357,4,1980q3,1980,246,1,0,0,0,0,0,0,1,0,0,0,0,0,0,0,0
10/1/1980,DEU,134,Germany,-2.7851326,4,1980q4,1980,249,1,0,0,0,0,0,0,1,0,0,0,0,0,0,0,0
1/1/1981,DEU,134,Germany,-2.4738389,4,1981q1,1981,252,1,0,0,0,0,0,0,1,0,0,0,0,0,0,0,0
4/1/1981,DEU,134,Germany,-1.347405,4,1981q2,1981,255,1,0,0,0,0,0,0,1,0,0,0,0,0,0,0,0
7/1/1981,DEU,134,Germany,-0.74893631,4,1981q3,1981,258,1,0,0,0,0,0,0,1,0,0,0,0,0,0,0,0
10/1/1981,DEU,134,Germany,1.3751857,4,1981q4,1981,261,1,0,0,0,0,0,0,1,0,0,0,0,0,0,0,0
1/1/1982,DEU,134,Germany,0.13428081,4,1982q1,1982,264,1,0,0,0,0,0,0,1,0,0,0,0,0,0,0,0
4/1/1982,DEU,134,Germany,0.91972349,4,1982q2,1982,267,1,0,0,0,0,0,0,1,0,0,0,0,0,0,0,0
7/1/1982,DEU,134,Germany,0.81497357,4,1982q3,1982,270,1,0,0,0,0,0,0,1,0,0,0,0,0,0,0,0
10/1/1982,DEU,134,Germany,1.4294198,4,1982q4,1982,273,1,0,0,0,0,0,0,1,0,0,0,0,0,0,0,0
1/1/1983,DEU,134,Germany,1.3819353,4,1983q1,1983,276,1,0,0,0,0,0,0,1,0,0,0,0,0,0,0,0
4/1/1983,DEU,134,Germany,0.76185971,4,1983q2,1983,279,1,0,0,0,0,0,0,1,0,0,0,0,0,0,0,0
7/1/1983,DEU,134,Germany,0.15029434,4,1983q3,1983,282,1,0,0,0,0,0,0,1,0,0,0,0,0,0,0,0
10/1/1983,DEU,134,Germany,0.35065278,4,1983q4,1983,285,1,0,0,0,0,0,0,1,0,0,0,0,0,0,0,0
1/1/1984,DEU,134,Germany,1.1641701,4,1984q1,1984,288,1,0,0,0,0,0,0,1,0,0,0,0,0,0,0,0
4/1/1984,DEU,134,Germany,0.63756871,4,1984q2,1984,291,1,0,0,0,0,0,0,1,0,0,0,0,0,0,0,0
7/1/1984,DEU,134,Germany,1.1865802,4,1984q3,1984,294,1,0,0,0,0,0,0,1,0,0,0,0,0,0,0,0
10/1/1984,DEU,134,Germany,3.2117044,4,1984q4,1984,297,1,0,0,0,0,0,0,1,0,0,0,0,0,0,0,0
1/1/1985,DEU,134,Germany,1.7551062,4,1985q1,1985,300,1,0,0,0,0,0,0,1,0,0,0,0,0,0,0,0
4/1/1985,DEU,134,Germany,2.7438324,4,1985q2,1985,303,1,0,0,0,0,0,0,1,0,0,0,0,0,0,0,0
7/1/1985,DEU,134,Germany,2.9177543,4,1985q3,1985,306,1,0,0,0,0,0,0,1,0,0,0,0,0,0,0,0
10/1/1985,DEU,134,Germany,3.3452087,4,1985q4,1985,309,1,0,0,0,0,0,0,1,0,0,0,0,0,0,0,0
1/1/1986,DEU,134,Germany,3.6669652,4,1986q1,1986,312,1,0,0,0,0,0,0,1,0,0,0,0,0,0,0,0
4/1/1986,DEU,134,Germany,4.1184195,4,1986q2,1986,315,1,0,0,0,0,0,0,1,0,0,0,0,0,0,0,0
7/1/1986,DEU,134,Germany,4.7615094,4,1986q3,1986,318,1,0,0,0,0,0,0,1,0,0,0,0,0,0,0,0
10/1/1986,DEU,134,Germany,4.4677287,4,1986q4,1986,321,1,0,0,0,0,0,0,1,0,0,0,0,0,0,0,0
1/1/1987,DEU,134,Germany,4.0863093,4,1987q1,1987,324,1,0,0,0,0,0,0,1,0,0,0,0,0,0,0,0
4/1/1987,DEU,134,Germany,3.9718468,4,1987q2,1987,327,1,0,0,0,0,0,0,1,0,0,0,0,0,0,0,0
7/1/1987,DEU,134,Germany,3.7348265,4,1987q3,1987,330,1,0,0,0,0,0,0,1,0,0,0,0,0,0,0,0
10/1/1987,DEU,134,Germany,3.930082,4,1987q4,1987,333,1,0,0,0,0,0,0,1,0,0,0,0,0,0,0,0
1/1/1988,DEU,134,Germany,3.4785837,4,1988q1,1988,336,1,0,0,0,0,0,0,1,0,0,0,0,0,0,0,0
4/1/1988,DEU,134,Germany,5.4712957,4,1988q2,1988,339,1,0,0,0,0,0,0,1,0,0,0,0,0,0,0,0
7/1/1988,DEU,134,Germany,4.4190594,4,1988q3,1988,342,1,0,0,0,0,0,0,1,0,0,0,0,0,0,0,0
10/1/1988,DEU,134,Germany,5.2800782,4,1988q4,1988,345,1,0,0,0,0,0,0,1,0,0,0,0,0,0,0,0
1/1/1989,DEU,134,Germany,5.6898614,4,1989q1,1989,348,1,0,0,0,0,0,0,1,0,0,0,0,0,0,0,0
4/1/1989,DEU,134,Germany,5.0589446,4,1989q2,1989,351,1,0,0,0,0,0,0,1,0,0,0,0,0,0,0,0
7/1/1989,DEU,134,Germany,4.8480034,4,1989q3,1989,354,1,0,0,0,0,0,0,1,0,0,0,0,0,0,0,0
10/1/1989,DEU,134,Germany,3.8288721,4,1989q4,1989,357,1,0,0,0,0,0,0,1,0,0,0,0,0,0,0,0
1/1/1990,DEU,134,Germany,4.9798816,4,1990q1,1990,360,1,0,0,0,0,0,0,1,0,0,0,0,0,0,0,0
4/1/1990,DEU,134,Germany,3.3096093,4,1990q2,1990,363,1,0,0,0,0,0,0,1,0,0,0,0,0,0,0,0
7/1/1990,DEU,134,Germany,3.136361,4,1990q3,1990,366,1,0,0,0,0,0,0,1,0,0,0,0,0,0,0,0
10/1/1990,DEU,134,Germany,1.4755393,4,1990q4,1990,369,1,0,0,0,0,0,0,1,0,0,0,0,0,0,0,0
1/1/1991,DEU,134,Germany,-1.791148,1,1991q1,1991,372,1,0,0,0,0,0,0,1,0,0,0,0,0,0,0,0
4/1/1991,DEU,134,Germany,-1.341605,1,1991q2,1991,375,1,0,0,0,0,0,0,1,0,0,0,0,0,0,0,0
7/1/1991,DEU,134,Germany,-0.6320946,1,1991q3,1991,378,1,0,0,0,0,0,0,1,0,0,0,0,0,0,0,0
10/1/1991,DEU,134,Germany,-1.121586,1,1991q4,1991,381,1,0,0,0,0,0,0,1,0,0,0,0,0,0,0,0
1/1/1992,DEU,134,Germany,-1.175696,1,1992q1,1992,384,1,0,0,0,0,0,0,1,0,0,0,0,0,0,0,0
4/1/1992,DEU,134,Germany,-0.9367165,1,1992q2,1992,387,1,0,0,0,0,0,0,1,0,0,0,0,0,0,0,0
7/1/1992,DEU,134,Germany,-0.08321974,1,1992q3,1992,390,1,0,0,0,0,0,0,1,0,0,0,0,0,0,0,0
10/1/1992,DEU,134,Germany,-1.849838,1,1992q4,1992,393,1,0,0,0,0,0,0,1,0,0,0,0,0,0,0,0
1/1/1993,DEU,134,Germany,-0.5835619,1,1993q1,1993,396,1,0,0,0,0,0,0,1,0,0,0,0,0,0,0,0
4/1/1993,DEU,134,Germany,-0.5734404,1,1993q2,1993,399,1,0,0,0,0,0,0,1,0,0,0,0,0,0,0,0
7/1/1993,DEU,134,Germany,-1.153755,1,1993q3,1993,402,1,0,0,0,0,0,0,1,0,0,0,0,0,0,0,0
10/1/1993,DEU,134,Germany,-0.9935657,1,1993q4,1993,405,1,0,0,0,0,0,0,1,0,0,0,0,0,0,0,0
1/1/1994,DEU,134,Germany,-1.387684,1,1994q1,1994,408,1,0,0,0,0,0,0,1,0,0,0,0,0,0,0,0
4/1/1994,DEU,134,Germany,-0.7786375,1,1994q2,1994,411,1,0,0,0,0,0,0,1,0,0,0,0,0,0,0,0
7/1/1994,DEU,134,Germany,-1.437937,1,1994q3,1994,414,1,0,0,0,0,0,0,1,0,0,0,0,0,0,0,0
10/1/1994,DEU,134,Germany,-1.863983,1,1994q4,1994,417,1,0,0,0,0,0,0,1,0,0,0,0,0,0,0,0
1/1/1995,DEU,134,Germany,-1.4097,1,1995q1,1995,420,1,0,0,0,0,0,0,1,0,0,0,0,0,0,0,0
4/1/1995,DEU,134,Germany,-0.9279286,1,1995q2,1995,423,1,0,0,0,0,0,0,1,0,0,0,0,0,0,0,0
7/1/1995,DEU,134,Germany,-1.126996,1,1995q3,1995,426,1,0,0,0,0,0,0,1,0,0,0,0,0,0,0,0
10/1/1995,DEU,134,Germany,-1.185123,1,1995q4,1995,429,1,0,0,0,0,0,0,1,0,0,0,0,0,0,0,0
1/1/1996,DEU,134,Germany,-0.7421265,1,1996q1,1996,432,1,0,0,0,0,0,0,1,0,0,0,0,0,0,0,0
4/1/1996,DEU,134,Germany,-0.8031162,1,1996q2,1996,435,1,0,0,0,0,0,0,1,0,0,0,0,0,0,0,0
7/1/1996,DEU,134,Germany,-0.4057035,1,1996q3,1996,438,1,0,0,0,0,0,0,1,0,0,0,0,0,0,0,0
10/1/1996,DEU,134,Germany,-0.442721,1,1996q4,1996,441,1,0,0,0,0,0,0,1,0,0,0,0,0,0,0,0
1/1/1997,DEU,134,Germany,-1.467799,1,1997q1,1997,444,1,0,0,0,0,0,0,1,0,0,0,0,0,0,0,0
4/1/1997,DEU,134,Germany,-0.2172788,1,1997q2,1997,447,1,0,0,0,0,0,0,1,0,0,0,0,0,0,0,0
7/1/1997,DEU,134,Germany,0.1089702,1,1997q3,1997,450,1,0,0,0,0,0,0,1,0,0,0,0,0,0,0,0
10/1/1997,DEU,134,Germany,-0.1253567,1,1997q4,1997,453,1,0,0,0,0,0,0,1,0,0,0,0,0,0,0,0
1/1/1998,DEU,134,Germany,-0.7443084,1,1998q1,1998,456,1,0,0,0,0,0,0,1,0,0,0,0,0,0,0,0
4/1/1998,DEU,134,Germany,-0.1740692,1,1998q2,1998,459,1,0,0,0,0,0,0,1,0,0,0,0,0,0,0,0
7/1/1998,DEU,134,Germany,-0.3336076,1,1998q3,1998,462,1,0,0,0,0,0,0,1,0,0,0,0,0,0,0,0
10/1/1998,DEU,134,Germany,-0.8094823,1,1998q4,1998,465,1,0,0,0,0,0,0,1,0,0,0,0,0,0,0,0
1/1/1999,DEU,134,Germany,-1.700762,1,1999q1,1999,468,1,0,0,0,0,0,0,1,0,0,0,0,0,0,1,1
4/1/1999,DEU,134,Germany,-0.4808757,1,1999q2,1999,471,1,0,0,0,0,0,0,1,0,0,0,0,0,0,1,0
7/1/1999,DEU,134,Germany,-1.146479,1,1999q3,1999,474,1,0,0,0,0,0,0,1,0,0,0,0,0,0,1,0
10/1/1999,DEU,134,Germany,-1.552908,1,1999q4,1999,477,1,0,0,0,0,0,0,1,0,0,0,0,0,0,1,0
1/1/2000,DEU,134,Germany,-0.9329039,1,2000q1,2000,480,1,0,0,0,0,0,0,1,0,0,0,0,0,0,1,0
4/1/2000,DEU,134,Germany,-1.010555,1,2000q2,2000,483,1,0,0,0,0,0,0,1,0,0,0,0,0,0,1,0
7/1/2000,DEU,134,Germany,-2.203326,1,2000q3,2000,486,1,0,0,0,0,0,0,1,0,0,0,0,0,0,1,0
10/1/2000,DEU,134,Germany,-2.372749,1,2000q4,2000,489,1,0,0,0,0,0,0,1,0,0,0,0,0,0,1,0
1/1/2001,DEU,134,Germany,-1.069245,1,2001q1,2001,492,1,0,0,0,0,0,0,1,0,0,0,0,0,0,1,0
4/1/2001,DEU,134,Germany,-0.5770307,1,2001q2,2001,495,1,0,0,0,0,0,0,1,0,0,0,0,0,0,1,0
7/1/2001,DEU,134,Germany,0.06611942,1,2001q3,2001,498,1,0,0,0,0,0,0,1,0,0,0,0,0,0,1,0
10/1/2001,DEU,134,Germany,0.5456141,1,2001q4,2001,501,1,0,0,0,0,0,0,1,0,0,0,0,0,0,1,0
1/1/2002,DEU,134,Germany,1.234858,1,2002q1,2002,504,1,0,0,0,0,0,0,1,0,0,0,0,0,0,1,0
4/1/2002,DEU,134,Germany,1.940858,1,2002q2,2002,507,1,0,0,0,0,0,0,1,0,0,0,0,0,0,1,0
7/1/2002,DEU,134,Germany,2.692851,1,2002q3,2002,510,1,0,0,0,0,0,0,1,0,0,0,0,0,0,1,0
10/1/2002,DEU,134,Germany,1.523262,1,2002q4,2002,513,1,0,0,0,0,0,0,1,0,0,0,0,0,0,1,0
1/1/2003,DEU,134,Germany,0.8559635,1,2003q1,2003,516,1,0,0,0,0,0,0,1,0,0,0,0,0,0,1,0
4/1/2003,DEU,134,Germany,1.291629,1,2003q2,2003,519,1,0,0,0,0,0,0,1,0,0,0,0,0,0,1,0
7/1/2003,DEU,134,Germany,2.043679,1,2003q3,2003,522,1,0,0,0,0,0,0,1,0,0,0,0,0,0,1,0
10/1/2003,DEU,134,Germany,1.538225,1,2003q4,2003,525,1,0,0,0,0,0,0,1,0,0,0,0,0,0,1,0
1/1/2004,DEU,134,Germany,4.314856,1,2004q1,2004,528,1,0,0,0,0,0,0,1,0,0,0,0,0,0,1,0
4/1/2004,DEU,134,Germany,5.343948,1,2004q2,2004,531,1,0,0,0,0,0,0,1,0,0,0,0,0,0,1,0
7/1/2004,DEU,134,Germany,4.266762,1,2004q3,2004,534,1,0,0,0,0,0,0,1,0,0,0,0,0,0,1,0
10/1/2004,DEU,134,Germany,3.932068,1,2004q4,2004,537,1,0,0,0,0,0,0,1,0,0,0,0,0,0,1,0
1/1/2005,DEU,134,Germany,4.819917,1,2005q1,2005,540,1,0,0,0,0,0,0,1,0,0,0,0,0,0,1,0
4/1/2005,DEU,134,Germany,5.101074,1,2005q2,2005,543,1,0,0,0,0,0,0,1,0,0,0,0,0,0,1,0
7/1/2005,DEU,134,Germany,5.003556,1,2005q3,2005,546,1,0,0,0,0,0,0,1,0,0,0,0,0,0,1,0
10/1/2005,DEU,134,Germany,3.656526,1,2005q4,2005,549,1,0,0,0,0,0,0,1,0,0,0,0,0,0,1,0
1/1/2006,DEU,134,Germany,5.005114,1,2006q1,2006,552,1,0,0,0,0,0,0,1,0,0,0,0,0,0,1,0
4/1/2006,DEU,134,Germany,5.622927,1,2006q2,2006,555,1,0,0,0,0,0,0,1,0,0,0,0,0,0,1,0
7/1/2006,DEU,134,Germany,5.807435,1,2006q3,2006,558,1,0,0,0,0,0,0,1,0,0,0,0,0,0,1,0
10/1/2006,DEU,134,Germany,6.381414,1,2006q4,2006,561,1,0,0,0,0,0,0,1,0,0,0,0,0,0,1,0
1/1/2007,DEU,134,Germany,6.643244,1,2007q1,2007,564,1,0,0,0,0,0,0,1,0,0,0,0,0,0,1,0
4/1/2007,DEU,134,Germany,6.921495,1,2007q2,2007,567,1,0,0,0,0,0,0,1,0,0,0,0,0,0,1,0
7/1/2007,DEU,134,Germany,6.846517,1,2007q3,2007,570,1,0,0,0,0,0,0,1,0,0,0,0,0,0,1,0
10/1/2007,DEU,134,Germany,6.110659,1,2007q4,2007,573,1,0,0,0,0,0,0,1,0,0,0,0,0,0,1,0
1/1/2008,DEU,134,Germany,6.566827,1,2008q1,2008,576,1,0,0,0,0,0,0,1,0,0,0,0,0,0,1,0
4/1/2008,DEU,134,Germany,6.673217,1,2008q2,2008,579,1,0,0,0,0,0,0,1,0,0,0,0,0,0,1,0
7/1/2008,DEU,134,Germany,5.206485,1,2008q3,2008,582,1,0,0,0,0,0,0,1,0,0,0,0,0,0,1,0
10/1/2008,DEU,134,Germany,4.103718,1,2008q4,2008,585,1,0,0,0,0,0,0,1,0,0,0,0,0,0,1,0
1/1/2009,DEU,134,Germany,4.961182,1,2009q1,2009,588,1,0,0,0,0,0,0,1,0,0,0,0,0,0,1,0
4/1/2009,DEU,134,Germany,5.365113,1,2009q2,2009,591,1,0,0,0,0,0,0,1,0,0,0,0,0,0,1,0
7/1/2009,DEU,134,Germany,6.327405,1,2009q3,2009,594,1,0,0,0,0,0,0,1,0,0,0,0,0,0,1,0
10/1/2009,DEU,134,Germany,6.728298,1,2009q4,2009,597,1,0,0,0,0,0,0,1,0,0,0,0,0,0,1,0
1/1/2010,DEU,134,Germany,5.612213,1,2010q1,2010,600,1,0,0,0,0,0,0,1,0,0,0,0,0,0,1,0
4/1/2010,DEU,134,Germany,5.646016,1,2010q2,2010,603,1,0,0,0,0,0,0,1,0,0,0,0,0,0,1,0
7/1/2010,DEU,134,Germany,5.773204,1,2010q3,2010,606,1,0,0,0,0,0,0,1,0,0,0,0,0,0,1,0
10/1/2010,DEU,134,Germany,5.950248,1,2010q4,2010,609,1,0,0,0,0,0,0,1,0,0,0,0,0,0,1,0
1/1/2011,DEU,134,Germany,6.231535,1,2011q1,2011,612,1,0,0,0,0,0,0,1,0,0,0,0,0,0,1,0
4/1/2011,DEU,134,Germany,6.003728,1,2011q2,2011,615,1,0,0,0,0,0,0,1,0,0,0,0,0,0,1,0
7/1/2011,DEU,134,Germany,6.66291,1,2011q3,2011,618,1,0,0,0,0,0,0,1,0,0,0,0,0,0,1,0
10/1/2011,DEU,134,Germany,6.21717,1,2011q4,2011,621,1,0,0,0,0,0,0,1,0,0,0,0,0,0,1,0
1/1/2012,DEU,134,Germany,7.196157,1,2012q1,2012,624,1,0,0,0,0,0,0,1,0,0,0,0,0,0,1,0
4/1/2012,DEU,134,Germany,7.226161,1,2012q2,2012,627,1,0,0,0,0,0,0,1,0,0,0,0,0,0,1,0
7/1/2012,DEU,134,Germany,7.666964,1,2012q3,2012,630,1,0,0,0,0,0,0,1,0,0,0,0,0,0,1,0
10/1/2012,DEU,134,Germany,6.704274,1,2012q4,2012,633,1,0,0,0,0,0,0,1,0,0,0,0,0,0,1,0
1/1/2013,DEU,134,Germany,6.449065,1,2013q1,2013,636,1,0,0,0,0,0,0,1,0,0,0,0,0,0,1,0
4/1/2013,DEU,134,Germany,6.889363,1,2013q2,2013,639,1,0,0,0,0,0,0,1,0,0,0,0,0,0,1,0
7/1/2013,DEU,134,Germany,6.566553,1,2013q3,2013,642,1,0,0,0,0,0,0,1,0,0,0,0,0,0,1,0
10/1/2013,DEU,134,Germany,7.15049,1,2013q4,2013,645,1,0,0,0,0,0,0,1,0,0,0,0,0,0,1,0
1/1/2014,DEU,134,Germany,6.840858,1,2014q1,2014,648,1,0,0,0,0,0,0,1,0,0,0,0,0,0,1,0
4/1/2014,DEU,134,Germany,6.898615,1,2014q2,2014,651,1,0,0,0,0,0,0,1,0,0,0,0,0,0,1,0
7/1/2014,DEU,134,Germany,7.96644,1,2014q3,2014,654,1,0,0,0,0,0,0,1,0,0,0,0,0,0,1,0
10/1/2014,DEU,134,Germany,7.577473,1,2014q4,2014,657,1,0,0,0,0,0,0,1,0,0,0,0,0,0,1,0
1/1/2015,DEU,134,Germany,7.689498,1,2015q1,2015,660,1,0,0,0,0,0,0,1,0,0,0,0,0,0,1,0
4/1/2015,DEU,134,Germany,8.193941,1,2015q2,2015,663,1,0,0,0,0,0,0,1,0,0,0,0,0,0,1,0
7/1/2015,DEU,134,Germany,9.033119,1,2015q3,2015,666,1,0,0,0,0,0,0,1,0,0,0,0,0,0,1,0
10/1/2015,DEU,134,Germany,8.282372,1,2015q4,2015,669,1,0,0,0,0,0,0,1,0,0,0,0,0,0,1,0
1/1/2016,DEU,134,Germany,8.540763,1,2016q1,2016,672,1,0,0,0,0,0,0,1,0,0,0,0,0,0,1,0
4/1/2016,DEU,134,Germany,9.8918,1,2016q2,2016,675,1,0,0,0,0,0,0,1,0,0,0,0,0,0,1,0
7/1/2016,DEU,134,Germany,9.0641,1,2016q3,2016,678,1,0,0,0,0,0,0,1,0,0,0,0,0,0,1,0
10/1/2016,DEU,134,Germany,8.459623,1,2016q4,2016,681,1,0,0,0,0,0,0,1,0,0,0,0,0,0,1,0
1/1/2017,DEU,134,Germany,8.057052,1,2017q1,2017,684,1,0,0,0,0,0,0,1,0,0,0,0,0,0,1,0
4/1/2017,DEU,134,Germany,7.116773,1,2017q2,2017,687,1,0,0,0,0,0,0,1,0,0,0,0,0,0,1,0
7/1/2017,DEU,134,Germany,8.994689,1,2017q3,2017,690,1,0,0,0,0,0,0,1,0,0,0,0,0,0,1,0
10/1/2017,DEU,134,Germany,8.253212,1,2017q4,2017,693,1,0,0,0,0,0,0,1,0,0,0,0,0,0,1,0
1/1/2018,DEU,134,Germany,8.84129,1,2018q1,2018,696,1,0,0,0,0,0,0,1,0,0,0,0,0,0,1,0
4/1/2018,DEU,134,Germany,9.246991,1,2018q2,2018,699,1,0,0,0,0,0,0,1,0,0,0,0,0,0,1,0
7/1/2018,DEU,134,Germany,8.343683,1,2018q3,2018,702,1,0,0,0,0,0,0,1,0,0,0,0,0,0,1,0
10/1/2018,DEU,134,Germany,7.450373,1,2018q4,2018,705,1,0,0,0,0,0,0,1,0,0,0,0,0,0,1,0
1/1/2019,DEU,134,Germany,7.956654,1,2019q1,2019,708,1,0,0,0,0,0,0,1,0,0,0,0,0,0,1,0
4/1/2019,DEU,134,Germany,7.892753,1,2019q2,2019,711,1,0,0,0,0,0,0,1,0,0,0,0,0,0,1,0
7/1/2019,DEU,134,Germany,8.685779,1,2019q3,2019,714,1,0,0,0,0,0,0,1,0,0,0,0,0,0,1,0
10/1/2019,DEU,134,Germany,7.329033,1,2019q4,2019,717,1,0,0,0,0,0,0,1,0,0,0,0,0,0,1,0
1/1/2020,DEU,134,Germany,6.003461,1,2020q1,2020,720,1,0,0,0,0,0,0,1,0,0,0,0,0,0,1,0
4/1/2020,DEU,134,Germany,4.743485,1,2020q2,2020,723,1,0,0,0,0,0,0,1,0,0,0,0,0,0,1,0
7/1/2020,DEU,134,Germany,7.512332,1,2020q3,2020,726,1,0,0,0,0,0,0,1,0,0,0,0,0,0,1,0
10/1/2020,DEU,134,Germany,7.00957,1,2020q4,2020,729,1,0,0,0,0,0,0,1,0,0,0,0,0,0,1,0
1/1/2021,DEU,134,Germany,7.230017,1,2021q1,2021,732,1,0,0,0,0,0,0,1,0,0,0,0,0,0,1,0
4/1/2021,DEU,134,Germany,7.628733,1,2021q2,2021,735,1,0,0,0,0,0,0,1,0,0,0,0,0,0,1,0
7/1/2021,DEU,134,Germany,7.58801,1,2021q3,2021,738,1,0,0,0,0,0,0,1,0,0,0,0,0,0,1,0
10/1/2021,DEU,134,Germany,5.621692,1,2021q4,2021,741,1,0,0,0,0,0,0,1,0,0,0,0,0,0,1,0
1/1/2022,DEU,134,Germany,4.598947,1,2022q1,2022,744,1,0,0,0,0,0,0,1,0,0,0,0,0,0,1,0
4/1/2022,DEU,134,Germany,3.350054,1,2022q2,2022,747,1,0,0,0,0,0,0,1,0,0,0,0,0,0,1,0
7/1/2022,DEU,134,Germany,3.807452,1,2022q3,2022,750,1,0,0,0,0,0,0,1,0,0,0,0,0,0,1,0
10/1/2022,DEU,134,Germany,3.816769,1,2022q4,2022,753,1,0,0,0,0,0,0,1,0,0,0,0,0,0,1,0
1/1/2023,DEU,134,Germany,4.340818,1,2023q1,2023,756,1,0,0,0,0,0,0,1,0,0,0,0,0,0,1,0
4/1/2023,DEU,134,Germany,5.170405,1,2023q2,2023,759,1,0,0,0,0,0,0,1,0,0,0,0,0,0,1,0
7/1/2023,DEU,134,Germany,6.492338,1,2023q3,2023,762,1,0,0,0,0,0,0,1,0,0,0,0,0,0,1,0
10/1/2023,DEU,134,Germany,6.131758,1,2023q4,2023,765,1,0,0,0,0,0,0,1,0,0,0,0,0,0,1,0
1/1/2024,DEU,134,Germany,6.218251,1,2024q1,2024,768,1,0,0,0,0,0,0,1,0,0,0,0,0,0,1,0
4/1/2024,DEU,134,Germany,6.770576,1,2024q2,2024,771,1,0,0,0,0,0,0,1,0,0,0,0,0,0,1,0
7/1/2024,DEU,134,Germany,5.674344,1,2024q3,2024,774,1,0,0,0,0,0,0,1,0,0,0,0,0,0,1,0
10/1/2024,DEU,134,Germany,4.259732,1,2024q4,2024,777,1,0,0,0,0,0,0,1,0,0,0,0,0,0,1,0
1/1/1970,ITA,136,Italy,0.95588213,4,1970q1,1970,120,1,0,0,0,0,0,0,1,0,0,0,0,0,0,0,0
4/1/1970,ITA,136,Italy,0.93465844,4,1970q2,1970,123,1,0,0,0,0,0,0,1,0,0,0,0,0,0,0,0
7/1/1970,ITA,136,Italy,0.30840244,4,1970q3,1970,126,1,0,0,0,0,0,0,1,0,0,0,0,0,0,0,0
10/1/1970,ITA,136,Italy,0.72590141,4,1970q4,1970,129,1,0,0,0,0,0,0,1,0,0,0,0,0,0,0,0
1/1/1971,ITA,136,Italy,0.64197221,4,1971q1,1971,132,1,0,0,0,0,0,0,1,0,0,0,0,0,0,0,0
4/1/1971,ITA,136,Italy,0.8275574,4,1971q2,1971,135,1,0,0,0,0,0,0,1,0,0,0,0,0,0,0,0
7/1/1971,ITA,136,Italy,2.2544309,4,1971q3,1971,138,1,0,0,0,0,0,0,1,0,0,0,0,0,0,0,0
10/1/1971,ITA,136,Italy,1.5255184,4,1971q4,1971,141,1,0,0,0,0,0,0,1,0,0,0,0,0,0,0,0
1/1/1972,ITA,136,Italy,2.7892409,4,1972q1,1972,144,1,0,0,0,0,0,0,1,0,0,0,0,0,0,0,0
4/1/1972,ITA,136,Italy,2.0445654,4,1972q2,1972,147,1,0,0,0,0,0,0,1,0,0,0,0,0,0,0,0
7/1/1972,ITA,136,Italy,0.70243222,4,1972q3,1972,150,1,0,0,0,0,0,0,1,0,0,0,0,0,0,0,0
10/1/1972,ITA,136,Italy,0.24139485,4,1972q4,1972,153,1,0,0,0,0,0,0,1,0,0,0,0,0,0,0,0
1/1/1973,ITA,136,Italy,-0.75737285,4,1973q1,1973,156,1,0,0,0,0,0,0,1,0,0,0,0,0,0,0,0
4/1/1973,ITA,136,Italy,-1.9006507,4,1973q2,1973,159,1,0,0,0,0,0,0,1,0,0,0,0,0,0,0,0
7/1/1973,ITA,136,Italy,-2.2498646,4,1973q3,1973,162,1,0,0,0,0,0,0,1,0,0,0,0,0,0,0,0
10/1/1973,ITA,136,Italy,-2.1323472,4,1973q4,1973,165,1,0,0,0,0,0,0,1,0,0,0,0,0,0,0,0
1/1/1974,ITA,136,Italy,-4.3261825,4,1974q1,1974,168,1,0,0,0,0,0,0,1,0,0,0,0,0,0,0,0
4/1/1974,ITA,136,Italy,-5.1666974,4,1974q2,1974,171,1,0,0,0,0,0,0,1,0,0,0,0,0,0,0,0
7/1/1974,ITA,136,Italy,-4.9707481,4,1974q3,1974,174,1,0,0,0,0,0,0,1,0,0,0,0,0,0,0,0
10/1/1974,ITA,136,Italy,-3.1756106,4,1974q4,1974,177,1,0,0,0,0,0,0,1,0,0,0,0,0,0,0,0
1/1/1975,ITA,136,Italy,0.59359876,4,1975q1,1975,180,1,0,0,0,0,0,0,1,0,0,0,0,0,0,0,0
4/1/1975,ITA,136,Italy,0.32991817,4,1975q2,1975,183,1,0,0,0,0,0,0,1,0,0,0,0,0,0,0,0
7/1/1975,ITA,136,Italy,-0.20897869,4,1975q3,1975,186,1,0,0,0,0,0,0,1,0,0,0,0,0,0,0,0
10/1/1975,ITA,136,Italy,-1.8227799,4,1975q4,1975,189,1,0,0,0,0,0,0,1,0,0,0,0,0,0,0,0
1/1/1976,ITA,136,Italy,-1.3476087,4,1976q1,1976,192,1,0,0,0,0,0,0,1,0,0,0,0,0,0,0,0
4/1/1976,ITA,136,Italy,-2.4634052,4,1976q2,1976,195,1,0,0,0,0,0,0,1,0,0,0,0,0,0,0,0
7/1/1976,ITA,136,Italy,-0.27577449,4,1976q3,1976,198,1,0,0,0,0,0,0,1,0,0,0,0,0,0,0,0
10/1/1976,ITA,136,Italy,-1.6757542,4,1976q4,1976,201,1,0,0,0,0,0,0,1,0,0,0,0,0,0,0,0
1/1/1977,ITA,136,Italy,-0.17793307,4,1977q1,1977,204,1,0,0,0,0,0,0,1,0,0,0,0,0,0,0,0
4/1/1977,ITA,136,Italy,0.62260722,4,1977q2,1977,207,1,0,0,0,0,0,0,1,0,0,0,0,0,0,0,0
7/1/1977,ITA,136,Italy,2.1648575,4,1977q3,1977,210,1,0,0,0,0,0,0,1,0,0,0,0,0,0,0,0
10/1/1977,ITA,136,Italy,1.1268718,4,1977q4,1977,213,1,0,0,0,0,0,0,1,0,0,0,0,0,0,0,0
1/1/1978,ITA,136,Italy,2.0801642,4,1978q1,1978,216,1,0,0,0,0,0,0,1,0,0,0,0,0,0,0,0
4/1/1978,ITA,136,Italy,2.0083767,4,1978q2,1978,219,1,0,0,0,0,0,0,1,0,0,0,0,0,0,0,0
7/1/1978,ITA,136,Italy,1.8737181,4,1978q3,1978,222,1,0,0,0,0,0,0,1,0,0,0,0,0,0,0,0
10/1/1978,ITA,136,Italy,2.0124578,4,1978q4,1978,225,1,0,0,0,0,0,0,1,0,0,0,0,0,0,0,0
1/1/1979,ITA,136,Italy,3.6141917,4,1979q1,1979,228,1,0,0,0,0,0,0,1,0,0,0,0,0,0,0,0
4/1/1979,ITA,136,Italy,2.3734704,4,1979q2,1979,231,1,0,0,0,0,0,0,1,0,0,0,0,0,0,0,0
7/1/1979,ITA,136,Italy,0.62062737,4,1979q3,1979,234,1,0,0,0,0,0,0,1,0,0,0,0,0,0,0,0
10/1/1979,ITA,136,Italy,-0.02339237,4,1979q4,1979,237,1,0,0,0,0,0,0,1,0,0,0,0,0,0,0,0
1/1/1980,ITA,136,Italy,-1.8131544,4,1980q1,1980,240,1,0,0,0,0,0,0,1,0,0,0,0,0,0,0,0
4/1/1980,ITA,136,Italy,-2.3835672,4,1980q2,1980,243,1,0,0,0,0,0,0,1,0,0,0,0,0,0,0,0
7/1/1980,ITA,136,Italy,-3.2036904,4,1980q3,1980,246,1,0,0,0,0,0,0,1,0,0,0,0,0,0,0,0
10/1/1980,ITA,136,Italy,-2.4918687,4,1980q4,1980,249,1,0,0,0,0,0,0,1,0,0,0,0,0,0,0,0
1/1/1981,ITA,136,Italy,-4.5309719,4,1981q1,1981,252,1,0,0,0,0,0,0,1,0,0,0,0,0,0,0,0
4/1/1981,ITA,136,Italy,-2.3768164,4,1981q2,1981,255,1,0,0,0,0,0,0,1,0,0,0,0,0,0,0,0
7/1/1981,ITA,136,Italy,-1.7379814,4,1981q3,1981,258,1,0,0,0,0,0,0,1,0,0,0,0,0,0,0,0
10/1/1981,ITA,136,Italy,-1.7529281,4,1981q4,1981,261,1,0,0,0,0,0,0,1,0,0,0,0,0,0,0,0
1/1/1982,ITA,136,Italy,-2.9111807,4,1982q1,1982,264,1,0,0,0,0,0,0,1,0,0,0,0,0,0,0,0
4/1/1982,ITA,136,Italy,-0.73612961,4,1982q2,1982,267,1,0,0,0,0,0,0,1,0,0,0,0,0,0,0,0
7/1/1982,ITA,136,Italy,-2.3149146,4,1982q3,1982,270,1,0,0,0,0,0,0,1,0,0,0,0,0,0,0,0
10/1/1982,ITA,136,Italy,-1.5019332,4,1982q4,1982,273,1,0,0,0,0,0,0,1,0,0,0,0,0,0,0,0
1/1/1983,ITA,136,Italy,0.40583758,4,1983q1,1983,276,1,0,0,0,0,0,0,1,0,0,0,0,0,0,0,0
4/1/1983,ITA,136,Italy,0.50603684,4,1983q2,1983,279,1,0,0,0,0,0,0,1,0,0,0,0,0,0,0,0
7/1/1983,ITA,136,Italy,0.13045698,4,1983q3,1983,282,1,0,0,0,0,0,0,1,0,0,0,0,0,0,0,0
10/1/1983,ITA,136,Italy,-0.32277493,4,1983q4,1983,285,1,0,0,0,0,0,0,1,0,0,0,0,0,0,0,0
1/1/1984,ITA,136,Italy,-0.03280658,4,1984q1,1984,288,1,0,0,0,0,0,0,1,0,0,0,0,0,0,0,0
4/1/1984,ITA,136,Italy,-0.80411975,4,1984q2,1984,291,1,0,0,0,0,0,0,1,0,0,0,0,0,0,0,0
7/1/1984,ITA,136,Italy,-1.0617441,4,1984q3,1984,294,1,0,0,0,0,0,0,1,0,0,0,0,0,0,0,0
10/1/1984,ITA,136,Italy,-1.1734175,4,1984q4,1984,297,1,0,0,0,0,0,0,1,0,0,0,0,0,0,0,0
1/1/1985,ITA,136,Italy,-1.6181464,4,1985q1,1985,300,1,0,0,0,0,0,0,1,0,0,0,0,0,0,0,0
4/1/1985,ITA,136,Italy,-1.1580914,4,1985q2,1985,303,1,0,0,0,0,0,0,1,0,0,0,0,0,0,0,0
7/1/1985,ITA,136,Italy,-0.75239607,4,1985q3,1985,306,1,0,0,0,0,0,0,1,0,0,0,0,0,0,0,0
10/1/1985,ITA,136,Italy,-0.53485334,4,1985q4,1985,309,1,0,0,0,0,0,0,1,0,0,0,0,0,0,0,0
1/1/1986,ITA,136,Italy,-0.10646329,4,1986q1,1986,312,1,0,0,0,0,0,0,1,0,0,0,0,0,0,0,0
4/1/1986,ITA,136,Italy,0.1401007,4,1986q2,1986,315,1,0,0,0,0,0,0,1,0,0,0,0,0,0,0,0
7/1/1986,ITA,136,Italy,1.2334725,4,1986q3,1986,318,1,0,0,0,0,0,0,1,0,0,0,0,0,0,0,0
10/1/1986,ITA,136,Italy,-0.01639427,4,1986q4,1986,321,1,0,0,0,0,0,0,1,0,0,0,0,0,0,0,0
1/1/1987,ITA,136,Italy,0.37050218,4,1987q1,1987,324,1,0,0,0,0,0,0,1,0,0,0,0,0,0,0,0
4/1/1987,ITA,136,Italy,-0.77126825,4,1987q2,1987,327,1,0,0,0,0,0,0,1,0,0,0,0,0,0,0,0
7/1/1987,ITA,136,Italy,-0.1844956,4,1987q3,1987,330,1,0,0,0,0,0,0,1,0,0,0,0,0,0,0,0
10/1/1987,ITA,136,Italy,-0.72058768,4,1987q4,1987,333,1,0,0,0,0,0,0,1,0,0,0,0,0,0,0,0
1/1/1988,ITA,136,Italy,-0.85057607,4,1988q1,1988,336,1,0,0,0,0,0,0,1,0,0,0,0,0,0,0,0
4/1/1988,ITA,136,Italy,-0.16130018,4,1988q2,1988,339,1,0,0,0,0,0,0,1,0,0,0,0,0,0,0,0
7/1/1988,ITA,136,Italy,-1.4753187,4,1988q3,1988,342,1,0,0,0,0,0,0,1,0,0,0,0,0,0,0,0
10/1/1988,ITA,136,Italy,-0.84900683,4,1988q4,1988,345,1,0,0,0,0,0,0,1,0,0,0,0,0,0,0,0
1/1/1989,ITA,136,Italy,-2.4832677,4,1989q1,1989,348,1,0,0,0,0,0,0,1,0,0,0,0,0,0,0,0
4/1/1989,ITA,136,Italy,-1.327266,4,1989q2,1989,351,1,0,0,0,0,0,0,1,0,0,0,0,0,0,0,0
7/1/1989,ITA,136,Italy,-1.2542833,4,1989q3,1989,354,1,0,0,0,0,0,0,1,0,0,0,0,0,0,0,0
10/1/1989,ITA,136,Italy,-0.89425499,4,1989q4,1989,357,1,0,0,0,0,0,0,1,0,0,0,0,0,0,0,0
1/1/1990,ITA,136,Italy,-2.0985353,4,1990q1,1990,360,1,0,0,0,0,0,0,1,0,0,0,0,0,0,0,0
4/1/1990,ITA,136,Italy,-1.2420653,4,1990q2,1990,363,1,0,0,0,0,0,0,1,0,0,0,0,0,0,0,0
7/1/1990,ITA,136,Italy,-1.0789114,4,1990q3,1990,366,1,0,0,0,0,0,0,1,0,0,0,0,0,0,0,0
10/1/1990,ITA,136,Italy,-1.6665326,4,1990q4,1990,369,1,0,0,0,0,0,0,1,0,0,0,0,0,0,0,0
1/1/1991,ITA,136,Italy,-1.6518678,4,1991q1,1991,372,1,0,0,0,0,0,0,1,0,0,0,0,0,0,0,0
4/1/1991,ITA,136,Italy,-2.538384,4,1991q2,1991,375,1,0,0,0,0,0,0,1,0,0,0,0,0,0,0,0
7/1/1991,ITA,136,Italy,-2.613561,4,1991q3,1991,378,1,0,0,0,0,0,0,1,0,0,0,0,0,0,0,0
10/1/1991,ITA,136,Italy,-1.7283165,4,1991q4,1991,381,1,0,0,0,0,0,0,1,0,0,0,0,0,0,0,0
1/1/1992,ITA,136,Italy,-2.1619426,4,1992q1,1992,384,1,0,0,0,0,0,0,1,0,0,0,0,0,0,0,0
4/1/1992,ITA,136,Italy,-2.1970129,4,1992q2,1992,387,1,0,0,0,0,0,0,1,0,0,0,0,0,0,0,0
7/1/1992,ITA,136,Italy,-3.0355228,4,1992q3,1992,390,1,0,0,0,0,0,0,1,0,0,0,0,0,0,0,0
10/1/1992,ITA,136,Italy,-2.3221257,4,1992q4,1992,393,1,0,0,0,0,0,0,1,0,0,0,0,0,0,0,0
1/1/1993,ITA,136,Italy,-0.20186142,4,1993q1,1993,396,1,0,0,0,0,0,0,1,0,0,0,0,0,0,0,0
4/1/1993,ITA,136,Italy,0.49541412,4,1993q2,1993,399,1,0,0,0,0,0,0,1,0,0,0,0,0,0,0,0
7/1/1993,ITA,136,Italy,0.60578114,4,1993q3,1993,402,1,0,0,0,0,0,0,1,0,0,0,0,0,0,0,0
10/1/1993,ITA,136,Italy,2.3687022,4,1993q4,1993,405,1,0,0,0,0,0,0,1,0,0,0,0,0,0,0,0
1/1/1994,ITA,136,Italy,1.396777,4,1994q1,1994,408,1,0,0,0,0,0,0,1,0,0,0,0,0,0,0,0
4/1/1994,ITA,136,Italy,1.2537061,4,1994q2,1994,411,1,0,0,0,0,0,0,1,0,0,0,0,0,0,0,0
7/1/1994,ITA,136,Italy,0.96354127,4,1994q3,1994,414,1,0,0,0,0,0,0,1,0,0,0,0,0,0,0,0
10/1/1994,ITA,136,Italy,1.4565573,4,1994q4,1994,417,1,0,0,0,0,0,0,1,0,0,0,0,0,0,0,0
1/1/1995,ITA,136,Italy,2.503585,1,1995q1,1995,420,1,0,0,0,0,0,0,1,0,0,0,0,0,0,0,0
4/1/1995,ITA,136,Italy,2.546857,1,1995q2,1995,423,1,0,0,0,0,0,0,1,0,0,0,0,0,0,0,0
7/1/1995,ITA,136,Italy,2.060279,1,1995q3,1995,426,1,0,0,0,0,0,0,1,0,0,0,0,0,0,0,0
10/1/1995,ITA,136,Italy,2.470497,1,1995q4,1995,429,1,0,0,0,0,0,0,1,0,0,0,0,0,0,0,0
1/1/1996,ITA,136,Italy,3.19604,1,1996q1,1996,432,1,0,0,0,0,0,0,1,0,0,0,0,0,0,0,0
4/1/1996,ITA,136,Italy,3.286445,1,1996q2,1996,435,1,0,0,0,0,0,0,1,0,0,0,0,0,0,0,0
7/1/1996,ITA,136,Italy,3.608574,1,1996q3,1996,438,1,0,0,0,0,0,0,1,0,0,0,0,0,0,0,0
10/1/1996,ITA,136,Italy,3.141197,1,1996q4,1996,441,1,0,0,0,0,0,0,1,0,0,0,0,0,0,0,0
1/1/1997,ITA,136,Italy,3.140742,1,1997q1,1997,444,1,0,0,0,0,0,0,1,0,0,0,0,0,0,0,0
4/1/1997,ITA,136,Italy,2.774776,1,1997q2,1997,447,1,0,0,0,0,0,0,1,0,0,0,0,0,0,0,0
7/1/1997,ITA,136,Italy,2.931522,1,1997q3,1997,450,1,0,0,0,0,0,0,1,0,0,0,0,0,0,0,0
10/1/1997,ITA,136,Italy,2.916722,1,1997q4,1997,453,1,0,0,0,0,0,0,1,0,0,0,0,0,0,0,0
1/1/1998,ITA,136,Italy,2.029146,1,1998q1,1998,456,1,0,0,0,0,0,0,1,0,0,0,0,0,0,0,0
4/1/1998,ITA,136,Italy,2.41277,1,1998q2,1998,459,1,0,0,0,0,0,0,1,0,0,0,0,0,0,0,0
7/1/1998,ITA,136,Italy,2.055692,1,1998q3,1998,462,1,0,0,0,0,0,0,1,0,0,0,0,0,0,0,0
10/1/1998,ITA,136,Italy,1.55226,1,1998q4,1998,465,1,0,0,0,0,0,0,1,0,0,0,0,0,0,0,0
1/1/1999,ITA,136,Italy,0.8498313,1,1999q1,1999,468,1,0,0,0,0,0,0,1,0,0,0,0,0,0,1,1
4/1/1999,ITA,136,Italy,1.22874,1,1999q2,1999,471,1,0,0,0,0,0,0,1,0,0,0,0,0,0,1,0
7/1/1999,ITA,136,Italy,0.6998969,1,1999q3,1999,474,1,0,0,0,0,0,0,1,0,0,0,0,0,0,1,0
10/1/1999,ITA,136,Italy,0.2505314,1,1999q4,1999,477,1,0,0,0,0,0,0,1,0,0,0,0,0,0,1,0
1/1/2000,ITA,136,Italy,0.5810801,1,2000q1,2000,480,1,0,0,0,0,0,0,1,0,0,0,0,0,0,1,0
4/1/2000,ITA,136,Italy,-0.6860029,1,2000q2,2000,483,1,0,0,0,0,0,0,1,0,0,0,0,0,0,1,0
7/1/2000,ITA,136,Italy,-0.5491919,1,2000q3,2000,486,1,0,0,0,0,0,0,1,0,0,0,0,0,0,1,0
10/1/2000,ITA,136,Italy,-0.5382305,1,2000q4,2000,489,1,0,0,0,0,0,0,1,0,0,0,0,0,0,1,0
1/1/2001,ITA,136,Italy,0.511159,1,2001q1,2001,492,1,0,0,0,0,0,0,1,0,0,0,0,0,0,1,0
4/1/2001,ITA,136,Italy,-0.3523421,1,2001q2,2001,495,1,0,0,0,0,0,0,1,0,0,0,0,0,0,1,0
7/1/2001,ITA,136,Italy,-0.4012579,1,2001q3,2001,498,1,0,0,0,0,0,0,1,0,0,0,0,0,0,1,0
10/1/2001,ITA,136,Italy,0.7157883,1,2001q4,2001,501,1,0,0,0,0,0,0,1,0,0,0,0,0,0,1,0
1/1/2002,ITA,136,Italy,0.2487014,1,2002q1,2002,504,1,0,0,0,0,0,0,1,0,0,0,0,0,0,1,0
4/1/2002,ITA,136,Italy,-0.646222,1,2002q2,2002,507,1,0,0,0,0,0,0,1,0,0,0,0,0,0,1,0
7/1/2002,ITA,136,Italy,-0.3860478,1,2002q3,2002,510,1,0,0,0,0,0,0,1,0,0,0,0,0,0,1,0
10/1/2002,ITA,136,Italy,-1.170243,1,2002q4,2002,513,1,0,0,0,0,0,0,1,0,0,0,0,0,0,1,0
1/1/2003,ITA,136,Italy,-1.244126,1,2003q1,2003,516,1,0,0,0,0,0,0,1,0,0,0,0,0,0,1,0
4/1/2003,ITA,136,Italy,-1.435599,1,2003q2,2003,519,1,0,0,0,0,0,0,1,0,0,0,0,0,0,1,0
7/1/2003,ITA,136,Italy,-0.4250057,1,2003q3,2003,522,1,0,0,0,0,0,0,1,0,0,0,0,0,0,1,0
10/1/2003,ITA,136,Italy,0.02030528,1,2003q4,2003,525,1,0,0,0,0,0,0,1,0,0,0,0,0,0,1,0
1/1/2004,ITA,136,Italy,-0.04308891,1,2004q1,2004,528,1,0,0,0,0,0,0,1,0,0,0,0,0,0,1,0
4/1/2004,ITA,136,Italy,-0.5691423,1,2004q2,2004,531,1,0,0,0,0,0,0,1,0,0,0,0,0,0,1,0
7/1/2004,ITA,136,Italy,-0.02144014,1,2004q3,2004,534,1,0,0,0,0,0,0,1,0,0,0,0,0,0,1,0
10/1/2004,ITA,136,Italy,-1.262268,1,2004q4,2004,537,1,0,0,0,0,0,0,1,0,0,0,0,0,0,1,0
1/1/2005,ITA,136,Italy,-0.7896812,1,2005q1,2005,540,1,0,0,0,0,0,0,1,0,0,0,0,0,0,1,0
4/1/2005,ITA,136,Italy,-0.699637,1,2005q2,2005,543,1,0,0,0,0,0,0,1,0,0,0,0,0,0,1,0
7/1/2005,ITA,136,Italy,-1.155481,1,2005q3,2005,546,1,0,0,0,0,0,0,1,0,0,0,0,0,0,1,0
10/1/2005,ITA,136,Italy,-0.891579,1,2005q4,2005,549,1,0,0,0,0,0,0,1,0,0,0,0,0,0,1,0
1/1/2006,ITA,136,Italy,-1.70001,1,2006q1,2006,552,1,0,0,0,0,0,0,1,0,0,0,0,0,0,1,0
4/1/2006,ITA,136,Italy,-1.326311,1,2006q2,2006,555,1,0,0,0,0,0,0,1,0,0,0,0,0,0,1,0
7/1/2006,ITA,136,Italy,-1.729322,1,2006q3,2006,558,1,0,0,0,0,0,0,1,0,0,0,0,0,0,1,0
10/1/2006,ITA,136,Italy,-1.191415,1,2006q4,2006,561,1,0,0,0,0,0,0,1,0,0,0,0,0,0,1,0
1/1/2007,ITA,136,Italy,-0.9968277,1,2007q1,2007,564,1,0,0,0,0,0,0,1,0,0,0,0,0,0,1,0
4/1/2007,ITA,136,Italy,-1.146509,1,2007q2,2007,567,1,0,0,0,0,0,0,1,0,0,0,0,0,0,1,0
7/1/2007,ITA,136,Italy,-1.189537,1,2007q3,2007,570,1,0,0,0,0,0,0,1,0,0,0,0,0,0,1,0
10/1/2007,ITA,136,Italy,-2.234443,1,2007q4,2007,573,1,0,0,0,0,0,0,1,0,0,0,0,0,0,1,0
1/1/2008,ITA,136,Italy,-2.287529,1,2008q1,2008,576,1,0,0,0,0,0,0,1,0,0,0,0,0,0,1,0
4/1/2008,ITA,136,Italy,-1.69119,1,2008q2,2008,579,1,0,0,0,0,0,0,1,0,0,0,0,0,0,1,0
7/1/2008,ITA,136,Italy,-3.03325,1,2008q3,2008,582,1,0,0,0,0,0,0,1,0,0,0,0,0,0,1,0
10/1/2008,ITA,136,Italy,-4.04395,1,2008q4,2008,585,1,0,0,0,0,0,0,1,0,0,0,0,0,0,1,0
1/1/2009,ITA,136,Italy,-2.194719,1,2009q1,2009,588,1,0,0,0,0,0,0,1,0,0,0,0,0,0,1,0
4/1/2009,ITA,136,Italy,-1.961328,1,2009q2,2009,591,1,0,0,0,0,0,0,1,0,0,0,0,0,0,1,0
7/1/2009,ITA,136,Italy,-1.48787,1,2009q3,2009,594,1,0,0,0,0,0,0,1,0,0,0,0,0,0,1,0
10/1/2009,ITA,136,Italy,-1.841627,1,2009q4,2009,597,1,0,0,0,0,0,0,1,0,0,0,0,0,0,1,0
1/1/2010,ITA,136,Italy,-2.955313,1,2010q1,2010,600,1,0,0,0,0,0,0,1,0,0,0,0,0,0,1,0
4/1/2010,ITA,136,Italy,-3.015855,1,2010q2,2010,603,1,0,0,0,0,0,0,1,0,0,0,0,0,0,1,0
7/1/2010,ITA,136,Italy,-3.012535,1,2010q3,2010,606,1,0,0,0,0,0,0,1,0,0,0,0,0,0,1,0
10/1/2010,ITA,136,Italy,-3.938198,1,2010q4,2010,609,1,0,0,0,0,0,0,1,0,0,0,0,0,0,1,0
1/1/2011,ITA,136,Italy,-3.661451,1,2011q1,2011,612,1,0,0,0,0,0,0,1,0,0,0,0,0,0,1,0
4/1/2011,ITA,136,Italy,-2.830436,1,2011q2,2011,615,1,0,0,0,0,0,0,1,0,0,0,0,0,0,1,0
7/1/2011,ITA,136,Italy,-2.515114,1,2011q3,2011,618,1,0,0,0,0,0,0,1,0,0,0,0,0,0,1,0
10/1/2011,ITA,136,Italy,-1.945197,1,2011q4,2011,621,1,0,0,0,0,0,0,1,0,0,0,0,0,0,1,0
1/1/2012,ITA,136,Italy,-1.251715,1,2012q1,2012,624,1,0,0,0,0,0,0,1,0,0,0,0,0,0,1,0
4/1/2012,ITA,136,Italy,-0.04970014,1,2012q2,2012,627,1,0,0,0,0,0,0,1,0,0,0,0,0,0,1,0
7/1/2012,ITA,136,Italy,-0.01721399,1,2012q3,2012,630,1,0,0,0,0,0,0,1,0,0,0,0,0,0,1,0
10/1/2012,ITA,136,Italy,0.5332407,1,2012q4,2012,633,1,0,0,0,0,0,0,1,0,0,0,0,0,0,1,0
1/1/2013,ITA,136,Italy,0.5334381,1,2013q1,2013,636,1,0,0,0,0,0,0,1,0,0,0,0,0,0,1,0
4/1/2013,ITA,136,Italy,1.119591,1,2013q2,2013,639,1,0,0,0,0,0,0,1,0,0,0,0,0,0,1,0
7/1/2013,ITA,136,Italy,1.043087,1,2013q3,2013,642,1,0,0,0,0,0,0,1,0,0,0,0,0,0,1,0
10/1/2013,ITA,136,Italy,1.412159,1,2013q4,2013,645,1,0,0,0,0,0,0,1,0,0,0,0,0,0,1,0
1/1/2014,ITA,136,Italy,1.313306,1,2014q1,2014,648,1,0,0,0,0,0,0,1,0,0,0,0,0,0,1,0
4/1/2014,ITA,136,Italy,1.208413,1,2014q2,2014,651,1,0,0,0,0,0,0,1,0,0,0,0,0,0,1,0
7/1/2014,ITA,136,Italy,1.748118,1,2014q3,2014,654,1,0,0,0,0,0,0,1,0,0,0,0,0,0,1,0
10/1/2014,ITA,136,Italy,2.719236,1,2014q4,2014,657,1,0,0,0,0,0,0,1,0,0,0,0,0,0,1,0
1/1/2015,ITA,136,Italy,0.7608448,1,2015q1,2015,660,1,0,0,0,0,0,0,1,0,0,0,0,0,0,1,0
4/1/2015,ITA,136,Italy,0.9830501,1,2015q2,2015,663,1,0,0,0,0,0,0,1,0,0,0,0,0,0,1,0
7/1/2015,ITA,136,Italy,1.701395,1,2015q3,2015,666,1,0,0,0,0,0,0,1,0,0,0,0,0,0,1,0
10/1/2015,ITA,136,Italy,1.653962,1,2015q4,2015,669,1,0,0,0,0,0,0,1,0,0,0,0,0,0,1,0
1/1/2016,ITA,136,Italy,1.860649,1,2016q1,2016,672,1,0,0,0,0,0,0,1,0,0,0,0,0,0,1,0
4/1/2016,ITA,136,Italy,2.686403,1,2016q2,2016,675,1,0,0,0,0,0,0,1,0,0,0,0,0,0,1,0
7/1/2016,ITA,136,Italy,2.739332,1,2016q3,2016,678,1,0,0,0,0,0,0,1,0,0,0,0,0,0,1,0
10/1/2016,ITA,136,Italy,2.55287,1,2016q4,2016,681,1,0,0,0,0,0,0,1,0,0,0,0,0,0,1,0
1/1/2017,ITA,136,Italy,2.478028,1,2017q1,2017,684,1,0,0,0,0,0,0,1,0,0,0,0,0,0,1,0
4/1/2017,ITA,136,Italy,2.086599,1,2017q2,2017,687,1,0,0,0,0,0,0,1,0,0,0,0,0,0,1,0
7/1/2017,ITA,136,Italy,2.544161,1,2017q3,2017,690,1,0,0,0,0,0,0,1,0,0,0,0,0,0,1,0
10/1/2017,ITA,136,Italy,2.648215,1,2017q4,2017,693,1,0,0,0,0,0,0,1,0,0,0,0,0,0,1,0
1/1/2018,ITA,136,Italy,2.605545,1,2018q1,2018,696,1,0,0,0,0,0,0,1,0,0,0,0,0,0,1,0
4/1/2018,ITA,136,Italy,2.578903,1,2018q2,2018,699,1,0,0,0,0,0,0,1,0,0,0,0,0,0,1,0
7/1/2018,ITA,136,Italy,2.543476,1,2018q3,2018,702,1,0,0,0,0,0,0,1,0,0,0,0,0,0,1,0
10/1/2018,ITA,136,Italy,2.283014,1,2018q4,2018,705,1,0,0,0,0,0,0,1,0,0,0,0,0,0,1,0
1/1/2019,ITA,136,Italy,2.996925,1,2019q1,2019,708,1,0,0,0,0,0,0,1,0,0,0,0,0,0,1,0
4/1/2019,ITA,136,Italy,2.932409,1,2019q2,2019,711,1,0,0,0,0,0,0,1,0,0,0,0,0,0,1,0
7/1/2019,ITA,136,Italy,2.745963,1,2019q3,2019,714,1,0,0,0,0,0,0,1,0,0,0,0,0,0,1,0
10/1/2019,ITA,136,Italy,4.015846,1,2019q4,2019,717,1,0,0,0,0,0,0,1,0,0,0,0,0,0,1,0
1/1/2020,ITA,136,Italy,3.537978,1,2020q1,2020,720,1,0,0,0,0,0,0,1,0,0,0,0,0,0,1,0
4/1/2020,ITA,136,Italy,1.679167,1,2020q2,2020,723,1,0,0,0,0,0,0,1,0,0,0,0,0,0,1,0
7/1/2020,ITA,136,Italy,5.027513,1,2020q3,2020,726,1,0,0,0,0,0,0,1,0,0,0,0,0,0,1,0
10/1/2020,ITA,136,Italy,4.966282,1,2020q4,2020,729,1,0,0,0,0,0,0,1,0,0,0,0,0,0,1,0
1/1/2021,ITA,136,Italy,3.52117,1,2021q1,2021,732,1,0,0,0,0,0,0,1,0,0,0,0,0,0,1,0
4/1/2021,ITA,136,Italy,3.13339,1,2021q2,2021,735,1,0,0,0,0,0,0,1,0,0,0,0,0,0,1,0
7/1/2021,ITA,136,Italy,2.305027,1,2021q3,2021,738,1,0,0,0,0,0,0,1,0,0,0,0,0,0,1,0
10/1/2021,ITA,136,Italy,-0.1871245,1,2021q4,2021,741,1,0,0,0,0,0,0,1,0,0,0,0,0,0,1,0
1/1/2022,ITA,136,Italy,-0.7919269,1,2022q1,2022,744,1,0,0,0,0,0,0,1,0,0,0,0,0,0,1,0
4/1/2022,ITA,136,Italy,-1.859566,1,2022q2,2022,747,1,0,0,0,0,0,0,1,0,0,0,0,0,0,1,0
7/1/2022,ITA,136,Italy,-4.136627,1,2022q3,2022,750,1,0,0,0,0,0,0,1,0,0,0,0,0,0,1,0
10/1/2022,ITA,136,Italy,-0.341144,1,2022q4,2022,753,1,0,0,0,0,0,0,1,0,0,0,0,0,0,1,0
1/1/2023,ITA,136,Italy,-0.4872077,1,2023q1,2023,756,1,0,0,0,0,0,0,1,0,0,0,0,0,0,1,0
4/1/2023,ITA,136,Italy,-0.2680659,1,2023q2,2023,759,1,0,0,0,0,0,0,1,0,0,0,0,0,0,1,0
7/1/2023,ITA,136,Italy,0.0043848,1,2023q3,2023,762,1,0,0,0,0,0,0,1,0,0,0,0,0,0,1,0
10/1/2023,ITA,136,Italy,1.070202,1,2023q4,2023,765,1,0,0,0,0,0,0,1,0,0,0,0,0,0,1,0
1/1/2024,ITA,136,Italy,1.173953,1,2024q1,2024,768,1,0,0,0,0,0,0,1,0,0,0,0,0,0,1,0
4/1/2024,ITA,136,Italy,1.074462,1,2024q2,2024,771,1,0,0,0,0,0,0,1,0,0,0,0,0,0,1,0
7/1/2024,ITA,136,Italy,0.2656169,1,2024q3,2024,774,1,0,0,0,0,0,0,1,0,0,0,0,0,0,1,0
10/1/2024,ITA,136,Italy,1.841378,1,2024q4,2024,777,1,0,0,0,0,0,0,1,0,0,0,0,0,0,1,0
1/1/1995,LUX,137,Luxembourg,17.04708,1,1995q1,1995,420,1,0,0,0,0,0,0,1,0,0,0,0,0,1,0,0
4/1/1995,LUX,137,Luxembourg,17.54886,1,1995q2,1995,423,1,0,0,0,0,0,0,1,0,0,0,0,0,1,0,0
7/1/1995,LUX,137,Luxembourg,5.265877,1,1995q3,1995,426,1,0,0,0,0,0,0,1,0,0,0,0,0,1,0,0
10/1/1995,LUX,137,Luxembourg,8.436296,1,1995q4,1995,429,1,0,0,0,0,0,0,1,0,0,0,0,0,1,0,0
1/1/1996,LUX,137,Luxembourg,13.68041,1,1996q1,1996,432,1,0,0,0,0,0,0,1,0,0,0,0,0,1,0,0
4/1/1996,LUX,137,Luxembourg,7.166515,1,1996q2,1996,435,1,0,0,0,0,0,0,1,0,0,0,0,0,1,0,0
7/1/1996,LUX,137,Luxembourg,15.23187,1,1996q3,1996,438,1,0,0,0,0,0,0,1,0,0,0,0,0,1,0,0
10/1/1996,LUX,137,Luxembourg,11.08307,1,1996q4,1996,441,1,0,0,0,0,0,0,1,0,0,0,0,0,1,0,0
1/1/1997,LUX,137,Luxembourg,7.671019,1,1997q1,1997,444,1,0,0,0,0,0,0,1,0,0,0,0,0,1,0,0
4/1/1997,LUX,137,Luxembourg,8.194212,1,1997q2,1997,447,1,0,0,0,0,0,0,1,0,0,0,0,0,1,0,0
7/1/1997,LUX,137,Luxembourg,12.09054,1,1997q3,1997,450,1,0,0,0,0,0,0,1,0,0,0,0,0,1,0,0
10/1/1997,LUX,137,Luxembourg,13.99727,1,1997q4,1997,453,1,0,0,0,0,0,0,1,0,0,0,0,0,1,0,0
1/1/1998,LUX,137,Luxembourg,12.24107,1,1998q1,1998,456,1,0,0,0,0,0,0,1,0,0,0,0,0,1,0,0
4/1/1998,LUX,137,Luxembourg,10.23764,1,1998q2,1998,459,1,0,0,0,0,0,0,1,0,0,0,0,0,1,0,0
7/1/1998,LUX,137,Luxembourg,7.892714,1,1998q3,1998,462,1,0,0,0,0,0,0,1,0,0,0,0,0,1,0,0
10/1/1998,LUX,137,Luxembourg,4.594452,1,1998q4,1998,465,1,0,0,0,0,0,0,1,0,0,0,0,0,1,0,0
1/1/1999,LUX,137,Luxembourg,5.596702,1,1999q1,1999,468,1,0,0,0,0,0,0,1,0,0,0,0,0,1,1,1
4/1/1999,LUX,137,Luxembourg,8.799789,1,1999q2,1999,471,1,0,0,0,0,0,0,1,0,0,0,0,0,1,1,0
7/1/1999,LUX,137,Luxembourg,14.54109,1,1999q3,1999,474,1,0,0,0,0,0,0,1,0,0,0,0,0,1,1,0
10/1/1999,LUX,137,Luxembourg,3.891141,1,1999q4,1999,477,1,0,0,0,0,0,0,1,0,0,0,0,0,1,1,0
1/1/2000,LUX,137,Luxembourg,15.24425,1,2000q1,2000,480,1,0,0,0,0,0,0,1,0,0,0,0,0,1,1,0
4/1/2000,LUX,137,Luxembourg,22.26962,1,2000q2,2000,483,1,0,0,0,0,0,0,1,0,0,0,0,0,1,1,0
7/1/2000,LUX,137,Luxembourg,14.21407,1,2000q3,2000,486,1,0,0,0,0,0,0,1,0,0,0,0,0,1,1,0
10/1/2000,LUX,137,Luxembourg,-2.987699,1,2000q4,2000,489,1,0,0,0,0,0,0,1,0,0,0,0,0,1,1,0
1/1/2001,LUX,137,Luxembourg,15.18356,1,2001q1,2001,492,1,0,0,0,0,0,0,1,0,0,0,0,0,1,1,0
4/1/2001,LUX,137,Luxembourg,7.884593,1,2001q2,2001,495,1,0,0,0,0,0,0,1,0,0,0,0,0,1,1,0
7/1/2001,LUX,137,Luxembourg,4.981083,1,2001q3,2001,498,1,0,0,0,0,0,0,1,0,0,0,0,0,1,1,0
10/1/2001,LUX,137,Luxembourg,8.225682,1,2001q4,2001,501,1,0,0,0,0,0,0,1,0,0,0,0,0,1,1,0
1/1/2002,LUX,137,Luxembourg,17.83943,1,2002q1,2002,504,1,0,0,0,0,0,0,1,0,0,0,0,0,1,1,0
4/1/2002,LUX,137,Luxembourg,15.9479,1,2002q2,2002,507,1,0,0,0,0,0,0,1,0,0,0,0,0,1,1,0
7/1/2002,LUX,137,Luxembourg,-7.767815,1,2002q3,2002,510,1,0,0,0,0,0,0,1,0,0,0,0,0,1,1,0
10/1/2002,LUX,137,Luxembourg,3.766279,1,2002q4,2002,513,1,0,0,0,0,0,0,1,0,0,0,0,0,1,1,0
1/1/2003,LUX,137,Luxembourg,2.136231,1,2003q1,2003,516,1,0,0,0,0,0,0,1,0,0,0,0,0,1,1,0
4/1/2003,LUX,137,Luxembourg,2.762213,1,2003q2,2003,519,1,0,0,0,0,0,0,1,0,0,0,0,0,1,1,0
7/1/2003,LUX,137,Luxembourg,11.74935,1,2003q3,2003,522,1,0,0,0,0,0,0,1,0,0,0,0,0,1,1,0
10/1/2003,LUX,137,Luxembourg,13.12116,1,2003q4,2003,525,1,0,0,0,0,0,0,1,0,0,0,0,0,1,1,0
1/1/2004,LUX,137,Luxembourg,9.744312,1,2004q1,2004,528,1,0,0,0,0,0,0,1,0,0,0,0,0,1,1,0
4/1/2004,LUX,137,Luxembourg,3.946306,1,2004q2,2004,531,1,0,0,0,0,0,0,1,0,0,0,0,0,1,1,0
7/1/2004,LUX,137,Luxembourg,6.523129,1,2004q3,2004,534,1,0,0,0,0,0,0,1,0,0,0,0,0,1,1,0
10/1/2004,LUX,137,Luxembourg,11.05088,1,2004q4,2004,537,1,0,0,0,0,0,0,1,0,0,0,0,0,1,1,0
1/1/2005,LUX,137,Luxembourg,3.928047,1,2005q1,2005,540,1,0,0,0,0,0,0,1,0,0,0,0,0,1,1,0
4/1/2005,LUX,137,Luxembourg,6.805446,1,2005q2,2005,543,1,0,0,0,0,0,0,1,0,0,0,0,0,1,1,0
7/1/2005,LUX,137,Luxembourg,11.73602,1,2005q3,2005,546,1,0,0,0,0,0,0,1,0,0,0,0,0,1,1,0
10/1/2005,LUX,137,Luxembourg,9.539131,1,2005q4,2005,549,1,0,0,0,0,0,0,1,0,0,0,0,0,1,1,0
1/1/2006,LUX,137,Luxembourg,3.54514,1,2006q1,2006,552,1,0,0,0,0,0,0,1,0,0,0,0,0,1,1,0
4/1/2006,LUX,137,Luxembourg,7.088637,1,2006q2,2006,555,1,0,0,0,0,0,0,1,0,0,0,0,0,1,1,0
7/1/2006,LUX,137,Luxembourg,5.265097,1,2006q3,2006,558,1,0,0,0,0,0,0,1,0,0,0,0,0,1,1,0
10/1/2006,LUX,137,Luxembourg,9.061752,1,2006q4,2006,561,1,0,0,0,0,0,0,1,0,0,0,0,0,1,1,0
1/1/2007,LUX,137,Luxembourg,3.374749,1,2007q1,2007,564,1,0,0,0,0,0,0,1,0,0,0,0,0,1,1,0
4/1/2007,LUX,137,Luxembourg,9.669409,1,2007q2,2007,567,1,0,0,0,0,0,0,1,0,0,0,0,0,1,1,0
7/1/2007,LUX,137,Luxembourg,4.037813,1,2007q3,2007,570,1,0,0,0,0,0,0,1,0,0,0,0,0,1,1,0
10/1/2007,LUX,137,Luxembourg,7.661356,1,2007q4,2007,573,1,0,0,0,0,0,0,1,0,0,0,0,0,1,1,0
1/1/2008,LUX,137,Luxembourg,11.30863,1,2008q1,2008,576,1,0,0,0,0,0,0,1,0,0,0,0,0,1,1,0
4/1/2008,LUX,137,Luxembourg,4.776224,1,2008q2,2008,579,1,0,0,0,0,0,0,1,0,0,0,0,0,1,1,0
7/1/2008,LUX,137,Luxembourg,2.568805,1,2008q3,2008,582,1,0,0,0,0,0,0,1,0,0,0,0,0,1,1,0
10/1/2008,LUX,137,Luxembourg,7.800333,1,2008q4,2008,585,1,0,0,0,0,0,0,1,0,0,0,0,0,1,1,0
1/1/2009,LUX,137,Luxembourg,11.30604,1,2009q1,2009,588,1,0,0,0,0,0,0,1,0,0,0,0,0,1,1,0
4/1/2009,LUX,137,Luxembourg,3.341463,1,2009q2,2009,591,1,0,0,0,0,0,0,1,0,0,0,0,0,1,1,0
7/1/2009,LUX,137,Luxembourg,1.770694,1,2009q3,2009,594,1,0,0,0,0,0,0,1,0,0,0,0,0,1,1,0
10/1/2009,LUX,137,Luxembourg,3.332374,1,2009q4,2009,597,1,0,0,0,0,0,0,1,0,0,0,0,0,1,1,0
1/1/2010,LUX,137,Luxembourg,8.44112,1,2010q1,2010,600,1,0,0,0,0,0,0,1,0,0,0,0,0,1,1,0
4/1/2010,LUX,137,Luxembourg,-1.357529,1,2010q2,2010,603,1,0,0,0,0,0,0,1,0,0,0,0,0,1,1,0
7/1/2010,LUX,137,Luxembourg,5.877792,1,2010q3,2010,606,1,0,0,0,0,0,0,1,0,0,0,0,0,1,1,0
10/1/2010,LUX,137,Luxembourg,9.567148,1,2010q4,2010,609,1,0,0,0,0,0,0,1,0,0,0,0,0,1,1,0
1/1/2011,LUX,137,Luxembourg,2.810242,1,2011q1,2011,612,1,0,0,0,0,0,0,1,0,0,0,0,0,1,1,0
4/1/2011,LUX,137,Luxembourg,7.270477,1,2011q2,2011,615,1,0,0,0,0,0,0,1,0,0,0,0,0,1,1,0
7/1/2011,LUX,137,Luxembourg,6.438357,1,2011q3,2011,618,1,0,0,0,0,0,0,1,0,0,0,0,0,1,1,0
10/1/2011,LUX,137,Luxembourg,0.1642364,1,2011q4,2011,621,1,0,0,0,0,0,0,1,0,0,0,0,0,1,1,0
1/1/2012,LUX,137,Luxembourg,13.45138,1,2012q1,2012,624,1,0,0,0,0,0,0,1,0,0,0,0,0,1,1,0
4/1/2012,LUX,137,Luxembourg,1.623882,1,2012q2,2012,627,1,0,0,0,0,0,0,1,0,0,0,0,0,1,1,0
7/1/2012,LUX,137,Luxembourg,10.50455,1,2012q3,2012,630,1,0,0,0,0,0,0,1,0,0,0,0,0,1,1,0
10/1/2012,LUX,137,Luxembourg,-9.147883,1,2012q4,2012,633,1,0,0,0,0,0,0,1,0,0,0,0,0,1,1,0
1/1/2013,LUX,137,Luxembourg,-0.2183964,1,2013q1,2013,636,1,0,0,0,0,0,0,1,0,0,0,0,0,1,1,0
4/1/2013,LUX,137,Luxembourg,8.3603,1,2013q2,2013,639,1,0,0,0,0,0,0,1,0,0,0,0,0,1,1,0
7/1/2013,LUX,137,Luxembourg,-5.756053,1,2013q3,2013,642,1,0,0,0,0,0,0,1,0,0,0,0,0,1,1,0
10/1/2013,LUX,137,Luxembourg,8.722992,1,2013q4,2013,645,1,0,0,0,0,0,0,1,0,0,0,0,0,1,1,0
1/1/2014,LUX,137,Luxembourg,6.026525,1,2014q1,2014,648,1,0,0,0,0,0,0,1,0,0,0,0,0,1,1,0
4/1/2014,LUX,137,Luxembourg,12.00849,1,2014q2,2014,651,1,0,0,0,0,0,0,1,0,0,0,0,0,1,1,0
7/1/2014,LUX,137,Luxembourg,3.725072,1,2014q3,2014,654,1,0,0,0,0,0,0,1,0,0,0,0,0,1,1,0
10/1/2014,LUX,137,Luxembourg,6.493303,1,2014q4,2014,657,1,0,0,0,0,0,0,1,0,0,0,0,0,1,1,0
1/1/2015,LUX,137,Luxembourg,2.97788,1,2015q1,2015,660,1,0,0,0,0,0,0,1,0,0,0,0,0,1,1,0
4/1/2015,LUX,137,Luxembourg,5.925673,1,2015q2,2015,663,1,0,0,0,0,0,0,1,0,0,0,0,0,1,1,0
7/1/2015,LUX,137,Luxembourg,12.05159,1,2015q3,2015,666,1,0,0,0,0,0,0,1,0,0,0,0,0,1,1,0
10/1/2015,LUX,137,Luxembourg,-2.461841,1,2015q4,2015,669,1,0,0,0,0,0,0,1,0,0,0,0,0,1,1,0
1/1/2016,LUX,137,Luxembourg,3.231429,1,2016q1,2016,672,1,0,0,0,0,0,0,1,0,0,0,0,0,1,1,0
4/1/2016,LUX,137,Luxembourg,12.5232,1,2016q2,2016,675,1,0,0,0,0,0,0,1,0,0,0,0,0,1,1,0
7/1/2016,LUX,137,Luxembourg,5.442309,1,2016q3,2016,678,1,0,0,0,0,0,0,1,0,0,0,0,0,1,1,0
10/1/2016,LUX,137,Luxembourg,8.398188,1,2016q4,2016,681,1,0,0,0,0,0,0,1,0,0,0,0,0,1,1,0
1/1/2017,LUX,137,Luxembourg,8.032023,1,2017q1,2017,684,1,0,0,0,0,0,0,1,0,0,0,0,0,1,1,0
4/1/2017,LUX,137,Luxembourg,12.45865,1,2017q2,2017,687,1,0,0,0,0,0,0,1,0,0,0,0,0,1,1,0
7/1/2017,LUX,137,Luxembourg,1.38192,1,2017q3,2017,690,1,0,0,0,0,0,0,1,0,0,0,0,0,1,1,0
10/1/2017,LUX,137,Luxembourg,13.26284,1,2017q4,2017,693,1,0,0,0,0,0,0,1,0,0,0,0,0,1,1,0
1/1/2018,LUX,137,Luxembourg,0.1466311,1,2018q1,2018,696,1,0,0,0,0,0,0,1,0,0,0,0,0,1,1,0
4/1/2018,LUX,137,Luxembourg,-2.815503,1,2018q2,2018,699,1,0,0,0,0,0,0,1,0,0,0,0,0,1,1,0
7/1/2018,LUX,137,Luxembourg,8.533113,1,2018q3,2018,702,1,0,0,0,0,0,0,1,0,0,0,0,0,1,1,0
10/1/2018,LUX,137,Luxembourg,19.02375,1,2018q4,2018,705,1,0,0,0,0,0,0,1,0,0,0,0,0,1,1,0
1/1/2019,LUX,137,Luxembourg,16.97326,1,2019q1,2019,708,1,0,0,0,0,0,0,1,0,0,0,0,0,1,1,0
4/1/2019,LUX,137,Luxembourg,24.57234,1,2019q2,2019,711,1,0,0,0,0,0,0,1,0,0,0,0,0,1,1,0
7/1/2019,LUX,137,Luxembourg,-2.777496,1,2019q3,2019,714,1,0,0,0,0,0,0,1,0,0,0,0,0,1,1,0
10/1/2019,LUX,137,Luxembourg,-14.45235,1,2019q4,2019,717,1,0,0,0,0,0,0,1,0,0,0,0,0,1,1,0
1/1/2020,LUX,137,Luxembourg,0.4365422,1,2020q1,2020,720,1,0,0,0,0,0,0,1,0,0,0,0,0,1,1,0
4/1/2020,LUX,137,Luxembourg,21.65477,1,2020q2,2020,723,1,0,0,0,0,0,0,1,0,0,0,0,0,1,1,0
7/1/2020,LUX,137,Luxembourg,-5.23172,1,2020q3,2020,726,1,0,0,0,0,0,0,1,0,0,0,0,0,1,1,0
10/1/2020,LUX,137,Luxembourg,-1.15654,1,2020q4,2020,729,1,0,0,0,0,0,0,1,0,0,0,0,0,1,1,0
1/1/2021,LUX,137,Luxembourg,11.29877,1,2021q1,2021,732,1,0,0,0,0,0,0,1,0,0,0,0,0,1,1,0
4/1/2021,LUX,137,Luxembourg,37.35165,1,2021q2,2021,735,1,0,0,0,0,0,0,1,0,0,0,0,0,1,1,0
7/1/2021,LUX,137,Luxembourg,-5.527752,1,2021q3,2021,738,1,0,0,0,0,0,0,1,0,0,0,0,0,1,1,0
10/1/2021,LUX,137,Luxembourg,-6.440199,1,2021q4,2021,741,1,0,0,0,0,0,0,1,0,0,0,0,0,1,1,0
1/1/2022,LUX,137,Luxembourg,2.110776,1,2022q1,2022,744,1,0,0,0,0,0,0,1,0,0,0,0,0,1,1,0
4/1/2022,LUX,137,Luxembourg,15.22281,1,2022q2,2022,747,1,0,0,0,0,0,0,1,0,0,0,0,0,1,1,0
7/1/2022,LUX,137,Luxembourg,12.20123,1,2022q3,2022,750,1,0,0,0,0,0,0,1,0,0,0,0,0,1,1,0
10/1/2022,LUX,137,Luxembourg,12.45693,1,2022q4,2022,753,1,0,0,0,0,0,0,1,0,0,0,0,0,1,1,0
1/1/2023,LUX,137,Luxembourg,-1.307151,1,2023q1,2023,756,1,0,0,0,0,0,0,1,0,0,0,0,0,1,1,0
4/1/2023,LUX,137,Luxembourg,11.23372,1,2023q2,2023,759,1,0,0,0,0,0,0,1,0,0,0,0,0,1,1,0
7/1/2023,LUX,137,Luxembourg,14.52276,1,2023q3,2023,762,1,0,0,0,0,0,0,1,0,0,0,0,0,1,1,0
10/1/2023,LUX,137,Luxembourg,12.61829,1,2023q4,2023,765,1,0,0,0,0,0,0,1,0,0,0,0,0,1,1,0
1/1/2024,LUX,137,Luxembourg,11.40182,1,2024q1,2024,768,1,0,0,0,0,0,0,1,0,0,0,0,0,1,1,0
4/1/2024,LUX,137,Luxembourg,19.42702,1,2024q2,2024,771,1,0,0,0,0,0,0,1,0,0,0,0,0,1,1,0
7/1/2024,LUX,137,Luxembourg,9.572908,1,2024q3,2024,774,1,0,0,0,0,0,0,1,0,0,0,0,0,1,1,0
10/1/2024,LUX,137,Luxembourg,12.05299,1,2024q4,2024,777,1,0,0,0,0,0,0,1,0,0,0,0,0,1,1,0
1/1/1977,NLD,138,Netherlands,0.58047336,4,1977q1,1977,204,1,0,0,0,0,0,0,1,0,0,0,0,0,1,0,0
4/1/1977,NLD,138,Netherlands,0.25677465,4,1977q2,1977,207,1,0,0,0,0,0,0,1,0,0,0,0,0,1,0,0
7/1/1977,NLD,138,Netherlands,1.704156,4,1977q3,1977,210,1,0,0,0,0,0,0,1,0,0,0,0,0,1,0,0
10/1/1977,NLD,138,Netherlands,2.0759303,4,1977q4,1977,213,1,0,0,0,0,0,0,1,0,0,0,0,0,1,0,0
1/1/1978,NLD,138,Netherlands,-1.2044804,4,1978q1,1978,216,1,0,0,0,0,0,0,1,0,0,0,0,0,1,0,0
4/1/1978,NLD,138,Netherlands,-1.0798188,4,1978q2,1978,219,1,0,0,0,0,0,0,1,0,0,0,0,0,1,0,0
7/1/1978,NLD,138,Netherlands,-1.1933515,4,1978q3,1978,222,1,0,0,0,0,0,0,1,0,0,0,0,0,1,0,0
10/1/1978,NLD,138,Netherlands,0.85097828,4,1978q4,1978,225,1,0,0,0,0,0,0,1,0,0,0,0,0,1,0,0
1/1/1979,NLD,138,Netherlands,-0.24723332,4,1979q1,1979,228,1,0,0,0,0,0,0,1,0,0,0,0,0,1,0,0
4/1/1979,NLD,138,Netherlands,1.5981262,4,1979q2,1979,231,1,0,0,0,0,0,0,1,0,0,0,0,0,1,0,0
7/1/1979,NLD,138,Netherlands,-0.51420572,4,1979q3,1979,234,1,0,0,0,0,0,0,1,0,0,0,0,0,1,0,0
10/1/1979,NLD,138,Netherlands,0.16242369,4,1979q4,1979,237,1,0,0,0,0,0,0,1,0,0,0,0,0,1,0,0
1/1/1980,NLD,138,Netherlands,-0.80514607,4,1980q1,1980,240,1,0,0,0,0,0,0,1,0,0,0,0,0,1,0,0
4/1/1980,NLD,138,Netherlands,-1.2460165,4,1980q2,1980,243,1,0,0,0,0,0,0,1,0,0,0,0,0,1,0,0
7/1/1980,NLD,138,Netherlands,-0.33603908,4,1980q3,1980,246,1,0,0,0,0,0,0,1,0,0,0,0,0,1,0,0
10/1/1980,NLD,138,Netherlands,0.58477741,4,1980q4,1980,249,1,0,0,0,0,0,0,1,0,0,0,0,0,1,0,0
1/1/1981,NLD,138,Netherlands,2.2196183,4,1981q1,1981,252,1,0,0,0,0,0,0,1,0,0,0,0,0,1,0,0
4/1/1981,NLD,138,Netherlands,1.1425635,4,1981q2,1981,255,1,0,0,0,0,0,0,1,0,0,0,0,0,1,0,0
7/1/1981,NLD,138,Netherlands,1.2072849,4,1981q3,1981,258,1,0,0,0,0,0,0,1,0,0,0,0,0,1,0,0
10/1/1981,NLD,138,Netherlands,5.3833871,4,1981q4,1981,261,1,0,0,0,0,0,0,1,0,0,0,0,0,1,0,0
1/1/1982,NLD,138,Netherlands,5.8583332,4,1982q1,1982,264,1,0,0,0,0,0,0,1,0,0,0,0,0,1,0,0
4/1/1982,NLD,138,Netherlands,4.0278199,4,1982q2,1982,267,1,0,0,0,0,0,0,1,0,0,0,0,0,1,0,0
7/1/1982,NLD,138,Netherlands,1.8023471,4,1982q3,1982,270,1,0,0,0,0,0,0,1,0,0,0,0,0,1,0,0
10/1/1982,NLD,138,Netherlands,2.2239021,4,1982q4,1982,273,1,0,0,0,0,0,0,1,0,0,0,0,0,1,0,0
1/1/1983,NLD,138,Netherlands,4.9064302,4,1983q1,1983,276,1,0,0,0,0,0,0,1,0,0,0,0,0,1,0,0
4/1/1983,NLD,138,Netherlands,4.131228,4,1983q2,1983,279,1,0,0,0,0,0,0,1,0,0,0,0,0,1,0,0
7/1/1983,NLD,138,Netherlands,2.6663149,4,1983q3,1983,282,1,0,0,0,0,0,0,1,0,0,0,0,0,1,0,0
10/1/1983,NLD,138,Netherlands,2.8627848,4,1983q4,1983,285,1,0,0,0,0,0,0,1,0,0,0,0,0,1,0,0
1/1/1984,NLD,138,Netherlands,5.3254057,4,1984q1,1984,288,1,0,0,0,0,0,0,1,0,0,0,0,0,1,0,0
4/1/1984,NLD,138,Netherlands,5.1753601,4,1984q2,1984,291,1,0,0,0,0,0,0,1,0,0,0,0,0,1,0,0
7/1/1984,NLD,138,Netherlands,3.9860828,4,1984q3,1984,294,1,0,0,0,0,0,0,1,0,0,0,0,0,1,0,0
10/1/1984,NLD,138,Netherlands,4.9791961,4,1984q4,1984,297,1,0,0,0,0,0,0,1,0,0,0,0,0,1,0,0
1/1/1985,NLD,138,Netherlands,3.9291146,4,1985q1,1985,300,1,0,0,0,0,0,0,1,0,0,0,0,0,1,0,0
4/1/1985,NLD,138,Netherlands,2.9437542,4,1985q2,1985,303,1,0,0,0,0,0,0,1,0,0,0,0,0,1,0,0
7/1/1985,NLD,138,Netherlands,2.7115014,4,1985q3,1985,306,1,0,0,0,0,0,0,1,0,0,0,0,0,1,0,0
10/1/1985,NLD,138,Netherlands,2.8394781,4,1985q4,1985,309,1,0,0,0,0,0,0,1,0,0,0,0,0,1,0,0
1/1/1986,NLD,138,Netherlands,3.6551153,4,1986q1,1986,312,1,0,0,0,0,0,0,1,0,0,0,0,0,1,0,0
4/1/1986,NLD,138,Netherlands,4.3723798,4,1986q2,1986,315,1,0,0,0,0,0,0,1,0,0,0,0,0,1,0,0
7/1/1986,NLD,138,Netherlands,2.130463,4,1986q3,1986,318,1,0,0,0,0,0,0,1,0,0,0,0,0,1,0,0
10/1/1986,NLD,138,Netherlands,-0.53018291,4,1986q4,1986,321,1,0,0,0,0,0,0,1,0,0,0,0,0,1,0,0
1/1/1987,NLD,138,Netherlands,0.09739227,4,1987q1,1987,324,1,0,0,0,0,0,0,1,0,0,0,0,0,1,0,0
4/1/1987,NLD,138,Netherlands,3.9803466,4,1987q2,1987,327,1,0,0,0,0,0,0,1,0,0,0,0,0,1,0,0
7/1/1987,NLD,138,Netherlands,2.1836698,4,1987q3,1987,330,1,0,0,0,0,0,0,1,0,0,0,0,0,1,0,0
10/1/1987,NLD,138,Netherlands,1.0423578,4,1987q4,1987,333,1,0,0,0,0,0,0,1,0,0,0,0,0,1,0,0
1/1/1988,NLD,138,Netherlands,1.9693295,4,1988q1,1988,336,1,0,0,0,0,0,0,1,0,0,0,0,0,1,0,0
4/1/1988,NLD,138,Netherlands,4.067149,4,1988q2,1988,339,1,0,0,0,0,0,0,1,0,0,0,0,0,1,0,0
7/1/1988,NLD,138,Netherlands,3.3122438,4,1988q3,1988,342,1,0,0,0,0,0,0,1,0,0,0,0,0,1,0,0
10/1/1988,NLD,138,Netherlands,2.6255724,4,1988q4,1988,345,1,0,0,0,0,0,0,1,0,0,0,0,0,1,0,0
1/1/1989,NLD,138,Netherlands,4.2197024,4,1989q1,1989,348,1,0,0,0,0,0,0,1,0,0,0,0,0,1,0,0
4/1/1989,NLD,138,Netherlands,4.98051,4,1989q2,1989,351,1,0,0,0,0,0,0,1,0,0,0,0,0,1,0,0
7/1/1989,NLD,138,Netherlands,3.2319495,4,1989q3,1989,354,1,0,0,0,0,0,0,1,0,0,0,0,0,1,0,0
10/1/1989,NLD,138,Netherlands,4.1909286,4,1989q4,1989,357,1,0,0,0,0,0,0,1,0,0,0,0,0,1,0,0
1/1/1990,NLD,138,Netherlands,3.260883,4,1990q1,1990,360,1,0,0,0,0,0,0,1,0,0,0,0,0,1,0,0
4/1/1990,NLD,138,Netherlands,1.3893784,4,1990q2,1990,363,1,0,0,0,0,0,0,1,0,0,0,0,0,1,0,0
7/1/1990,NLD,138,Netherlands,3.5503617,4,1990q3,1990,366,1,0,0,0,0,0,0,1,0,0,0,0,0,1,0,0
10/1/1990,NLD,138,Netherlands,2.7128691,4,1990q4,1990,369,1,0,0,0,0,0,0,1,0,0,0,0,0,1,0,0
1/1/1991,NLD,138,Netherlands,3.777213,4,1991q1,1991,372,1,0,0,0,0,0,0,1,0,0,0,0,0,1,0,0
4/1/1991,NLD,138,Netherlands,2.6947169,4,1991q2,1991,375,1,0,0,0,0,0,0,1,0,0,0,0,0,1,0,0
7/1/1991,NLD,138,Netherlands,2.6248272,4,1991q3,1991,378,1,0,0,0,0,0,0,1,0,0,0,0,0,1,0,0
10/1/1991,NLD,138,Netherlands,1.0640406,4,1991q4,1991,381,1,0,0,0,0,0,0,1,0,0,0,0,0,1,0,0
1/1/1992,NLD,138,Netherlands,2.5589182,4,1992q1,1992,384,1,0,0,0,0,0,0,1,0,0,0,0,0,1,0,0
4/1/1992,NLD,138,Netherlands,1.2431766,4,1992q2,1992,387,1,0,0,0,0,0,0,1,0,0,0,0,0,1,0,0
7/1/1992,NLD,138,Netherlands,2.466839,4,1992q3,1992,390,1,0,0,0,0,0,0,1,0,0,0,0,0,1,0,0
10/1/1992,NLD,138,Netherlands,1.9869735,4,1992q4,1992,393,1,0,0,0,0,0,0,1,0,0,0,0,0,1,0,0
1/1/1993,NLD,138,Netherlands,0.904714,4,1993q1,1993,396,1,0,0,0,0,0,0,1,0,0,0,0,0,1,0,0
4/1/1993,NLD,138,Netherlands,3.5163728,4,1993q2,1993,399,1,0,0,0,0,0,0,1,0,0,0,0,0,1,0,0
7/1/1993,NLD,138,Netherlands,5.1768829,4,1993q3,1993,402,1,0,0,0,0,0,0,1,0,0,0,0,0,1,0,0
10/1/1993,NLD,138,Netherlands,6.7096856,4,1993q4,1993,405,1,0,0,0,0,0,0,1,0,0,0,0,0,1,0,0
1/1/1994,NLD,138,Netherlands,3.9286367,4,1994q1,1994,408,1,0,0,0,0,0,0,1,0,0,0,0,0,1,0,0
4/1/1994,NLD,138,Netherlands,4.8514474,4,1994q2,1994,411,1,0,0,0,0,0,0,1,0,0,0,0,0,1,0,0
7/1/1994,NLD,138,Netherlands,5.6966978,4,1994q3,1994,414,1,0,0,0,0,0,0,1,0,0,0,0,0,1,0,0
10/1/1994,NLD,138,Netherlands,4.8227023,4,1994q4,1994,417,1,0,0,0,0,0,0,1,0,0,0,0,0,1,0,0
1/1/1995,NLD,138,Netherlands,5.3294172,4,1995q1,1995,420,1,0,0,0,0,0,0,1,0,0,0,0,0,1,0,0
4/1/1995,NLD,138,Netherlands,6.4853786,4,1995q2,1995,423,1,0,0,0,0,0,0,1,0,0,0,0,0,1,0,0
7/1/1995,NLD,138,Netherlands,7.1807727,4,1995q3,1995,426,1,0,0,0,0,0,0,1,0,0,0,0,0,1,0,0
10/1/1995,NLD,138,Netherlands,5.1294073,4,1995q4,1995,429,1,0,0,0,0,0,0,1,0,0,0,0,0,1,0,0
1/1/1996,NLD,138,Netherlands,5.4951244,4,1996q1,1996,432,1,0,0,0,0,0,0,1,0,0,0,0,0,1,0,0
4/1/1996,NLD,138,Netherlands,3.5575075,4,1996q2,1996,435,1,0,0,0,0,0,0,1,0,0,0,0,0,1,0,0
7/1/1996,NLD,138,Netherlands,6.9717919,4,1996q3,1996,438,1,0,0,0,0,0,0,1,0,0,0,0,0,1,0,0
10/1/1996,NLD,138,Netherlands,4.7614301,4,1996q4,1996,441,1,0,0,0,0,0,0,1,0,0,0,0,0,1,0,0
1/1/1997,NLD,138,Netherlands,5.8223422,4,1997q1,1997,444,1,0,0,0,0,0,0,1,0,0,0,0,0,1,0,0
4/1/1997,NLD,138,Netherlands,6.0582171,4,1997q2,1997,447,1,0,0,0,0,0,0,1,0,0,0,0,0,1,0,0
7/1/1997,NLD,138,Netherlands,7.3307954,4,1997q3,1997,450,1,0,0,0,0,0,0,1,0,0,0,0,0,1,0,0
10/1/1997,NLD,138,Netherlands,6.9051093,4,1997q4,1997,453,1,0,0,0,0,0,0,1,0,0,0,0,0,1,0,0
1/1/1998,NLD,138,Netherlands,1.7049352,4,1998q1,1998,456,1,0,0,0,0,0,0,1,0,0,0,0,0,1,0,0
4/1/1998,NLD,138,Netherlands,4.2217549,4,1998q2,1998,459,1,0,0,0,0,0,0,1,0,0,0,0,0,1,0,0
7/1/1998,NLD,138,Netherlands,3.6990839,4,1998q3,1998,462,1,0,0,0,0,0,0,1,0,0,0,0,0,1,0,0
10/1/1998,NLD,138,Netherlands,3.2471125,4,1998q4,1998,465,1,0,0,0,0,0,0,1,0,0,0,0,0,1,0,0
1/1/1999,NLD,138,Netherlands,3.190068,4,1999q1,1999,468,1,0,0,0,0,0,0,1,0,0,0,0,0,1,1,1
4/1/1999,NLD,138,Netherlands,6.4040843,4,1999q2,1999,471,1,0,0,0,0,0,0,1,0,0,0,0,0,1,1,0
7/1/1999,NLD,138,Netherlands,3.0634534,4,1999q3,1999,474,1,0,0,0,0,0,0,1,0,0,0,0,0,1,1,0
10/1/1999,NLD,138,Netherlands,3.005776,4,1999q4,1999,477,1,0,0,0,0,0,0,1,0,0,0,0,0,1,1,0
1/1/2000,NLD,138,Netherlands,2.0863626,4,2000q1,2000,480,1,0,0,0,0,0,0,1,0,0,0,0,0,1,1,0
4/1/2000,NLD,138,Netherlands,2.4572372,4,2000q2,2000,483,1,0,0,0,0,0,0,1,0,0,0,0,0,1,1,0
7/1/2000,NLD,138,Netherlands,-1.1731266,4,2000q3,2000,486,1,0,0,0,0,0,0,1,0,0,0,0,0,1,1,0
10/1/2000,NLD,138,Netherlands,3.8215323,4,2000q4,2000,489,1,0,0,0,0,0,0,1,0,0,0,0,0,1,1,0
1/1/2001,NLD,138,Netherlands,1.565542,4,2001q1,2001,492,1,0,0,0,0,0,0,1,0,0,0,0,0,1,1,0
4/1/2001,NLD,138,Netherlands,1.3111788,4,2001q2,2001,495,1,0,0,0,0,0,0,1,0,0,0,0,0,1,1,0
7/1/2001,NLD,138,Netherlands,4.4582918,4,2001q3,2001,498,1,0,0,0,0,0,0,1,0,0,0,0,0,1,1,0
10/1/2001,NLD,138,Netherlands,2.5095546,4,2001q4,2001,501,1,0,0,0,0,0,0,1,0,0,0,0,0,1,1,0
1/1/2002,NLD,138,Netherlands,2.8776525,4,2002q1,2002,504,1,0,0,0,0,0,0,1,0,0,0,0,0,1,1,0
4/1/2002,NLD,138,Netherlands,-0.52996324,4,2002q2,2002,507,1,0,0,0,0,0,0,1,0,0,0,0,0,1,1,0
7/1/2002,NLD,138,Netherlands,3.9427372,4,2002q3,2002,510,1,0,0,0,0,0,0,1,0,0,0,0,0,1,1,0
10/1/2002,NLD,138,Netherlands,3.5160949,4,2002q4,2002,513,1,0,0,0,0,0,0,1,0,0,0,0,0,1,1,0
1/1/2003,NLD,138,Netherlands,2.1091244,4,2003q1,2003,516,1,0,0,0,0,0,0,1,0,0,0,0,0,1,1,0
4/1/2003,NLD,138,Netherlands,5.336234,1,2003q2,2003,519,1,0,0,0,0,0,0,1,0,0,0,0,0,1,1,0
7/1/2003,NLD,138,Netherlands,3.862674,1,2003q3,2003,522,1,0,0,0,0,0,0,1,0,0,0,0,0,1,1,0
10/1/2003,NLD,138,Netherlands,7.876845,1,2003q4,2003,525,1,0,0,0,0,0,0,1,0,0,0,0,0,1,1,0
1/1/2004,NLD,138,Netherlands,7.076388,1,2004q1,2004,528,1,0,0,0,0,0,0,1,0,0,0,0,0,1,1,0
4/1/2004,NLD,138,Netherlands,8.043534,1,2004q2,2004,531,1,0,0,0,0,0,0,1,0,0,0,0,0,1,1,0
7/1/2004,NLD,138,Netherlands,4.293742,1,2004q3,2004,534,1,0,0,0,0,0,0,1,0,0,0,0,0,1,1,0
10/1/2004,NLD,138,Netherlands,10.47579,1,2004q4,2004,537,1,0,0,0,0,0,0,1,0,0,0,0,0,1,1,0
1/1/2005,NLD,138,Netherlands,7.88514,1,2005q1,2005,540,1,0,0,0,0,0,0,1,0,0,0,0,0,1,1,0
4/1/2005,NLD,138,Netherlands,8.576661,1,2005q2,2005,543,1,0,0,0,0,0,0,1,0,0,0,0,0,1,1,0
7/1/2005,NLD,138,Netherlands,4.599788,1,2005q3,2005,546,1,0,0,0,0,0,0,1,0,0,0,0,0,1,1,0
10/1/2005,NLD,138,Netherlands,8.989458,1,2005q4,2005,549,1,0,0,0,0,0,0,1,0,0,0,0,0,1,1,0
1/1/2006,NLD,138,Netherlands,8.912081,1,2006q1,2006,552,1,0,0,0,0,0,0,1,0,0,0,0,0,1,1,0
4/1/2006,NLD,138,Netherlands,10.15589,1,2006q2,2006,555,1,0,0,0,0,0,0,1,0,0,0,0,0,1,1,0
7/1/2006,NLD,138,Netherlands,7.758413,1,2006q3,2006,558,1,0,0,0,0,0,0,1,0,0,0,0,0,1,1,0
10/1/2006,NLD,138,Netherlands,10.18821,1,2006q4,2006,561,1,0,0,0,0,0,0,1,0,0,0,0,0,1,1,0
1/1/2007,NLD,138,Netherlands,6.953275,1,2007q1,2007,564,1,0,0,0,0,0,0,1,0,0,0,0,0,1,1,0
4/1/2007,NLD,138,Netherlands,8.352395,1,2007q2,2007,567,1,0,0,0,0,0,0,1,0,0,0,0,0,1,1,0
7/1/2007,NLD,138,Netherlands,4.572671,1,2007q3,2007,570,1,0,0,0,0,0,0,1,0,0,0,0,0,1,1,0
10/1/2007,NLD,138,Netherlands,7.581738,1,2007q4,2007,573,1,0,0,0,0,0,0,1,0,0,0,0,0,1,1,0
1/1/2008,NLD,138,Netherlands,5.515505,1,2008q1,2008,576,1,0,0,0,0,0,0,1,0,0,0,0,0,1,1,0
4/1/2008,NLD,138,Netherlands,6.343015,1,2008q2,2008,579,1,0,0,0,0,0,0,1,0,0,0,0,0,1,1,0
7/1/2008,NLD,138,Netherlands,4.04781,1,2008q3,2008,582,1,0,0,0,0,0,0,1,0,0,0,0,0,1,1,0
10/1/2008,NLD,138,Netherlands,1.598958,1,2008q4,2008,585,1,0,0,0,0,0,0,1,0,0,0,0,0,1,1,0
1/1/2009,NLD,138,Netherlands,-0.06277049,1,2009q1,2009,588,1,0,0,0,0,0,0,1,0,0,0,0,0,1,1,0
4/1/2009,NLD,138,Netherlands,7.093637,1,2009q2,2009,591,1,0,0,0,0,0,0,1,0,0,0,0,0,1,1,0
7/1/2009,NLD,138,Netherlands,1.183849,1,2009q3,2009,594,1,0,0,0,0,0,0,1,0,0,0,0,0,1,1,0
10/1/2009,NLD,138,Netherlands,4.767419,1,2009q4,2009,597,1,0,0,0,0,0,0,1,0,0,0,0,0,1,1,0
1/1/2010,NLD,138,Netherlands,5.118015,1,2010q1,2010,600,1,0,0,0,0,0,0,1,0,0,0,0,0,1,1,0
4/1/2010,NLD,138,Netherlands,8.303076,1,2010q2,2010,603,1,0,0,0,0,0,0,1,0,0,0,0,0,1,1,0
7/1/2010,NLD,138,Netherlands,5.808166,1,2010q3,2010,606,1,0,0,0,0,0,0,1,0,0,0,0,0,1,1,0
10/1/2010,NLD,138,Netherlands,6.94165,1,2010q4,2010,609,1,0,0,0,0,0,0,1,0,0,0,0,0,1,1,0
1/1/2011,NLD,138,Netherlands,9.811072,1,2011q1,2011,612,1,0,0,0,0,0,0,1,0,0,0,0,0,1,1,0
4/1/2011,NLD,138,Netherlands,5.579747,1,2011q2,2011,615,1,0,0,0,0,0,0,1,0,0,0,0,0,1,1,0
7/1/2011,NLD,138,Netherlands,7.241496,1,2011q3,2011,618,1,0,0,0,0,0,0,1,0,0,0,0,0,1,1,0
10/1/2011,NLD,138,Netherlands,7.983319,1,2011q4,2011,621,1,0,0,0,0,0,0,1,0,0,0,0,0,1,1,0
1/1/2012,NLD,138,Netherlands,6.353411,1,2012q1,2012,624,1,0,0,0,0,0,0,1,0,0,0,0,0,1,1,0
4/1/2012,NLD,138,Netherlands,9.062081,1,2012q2,2012,627,1,0,0,0,0,0,0,1,0,0,0,0,0,1,1,0
7/1/2012,NLD,138,Netherlands,7.210098,1,2012q3,2012,630,1,0,0,0,0,0,0,1,0,0,0,0,0,1,1,0
10/1/2012,NLD,138,Netherlands,8.593804,1,2012q4,2012,633,1,0,0,0,0,0,0,1,0,0,0,0,0,1,1,0
1/1/2013,NLD,138,Netherlands,10.75143,1,2013q1,2013,636,1,0,0,0,0,0,0,1,0,0,0,0,0,1,1,0
4/1/2013,NLD,138,Netherlands,7.954598,1,2013q2,2013,639,1,0,0,0,0,0,0,1,0,0,0,0,0,1,1,0
7/1/2013,NLD,138,Netherlands,7.620691,1,2013q3,2013,642,1,0,0,0,0,0,0,1,0,0,0,0,0,1,1,0
10/1/2013,NLD,138,Netherlands,6.851777,1,2013q4,2013,645,1,0,0,0,0,0,0,1,0,0,0,0,0,1,1,0
1/1/2014,NLD,138,Netherlands,8.537076,1,2014q1,2014,648,1,0,0,0,0,0,0,1,0,0,0,0,0,1,1,0
4/1/2014,NLD,138,Netherlands,9.82966,1,2014q2,2014,651,1,0,0,0,0,0,0,1,0,0,0,0,0,1,1,0
7/1/2014,NLD,138,Netherlands,8.25665,1,2014q3,2014,654,1,0,0,0,0,0,0,1,0,0,0,0,0,1,1,0
10/1/2014,NLD,138,Netherlands,7.614844,1,2014q4,2014,657,1,0,0,0,0,0,0,1,0,0,0,0,0,1,1,0
1/1/2015,NLD,138,Netherlands,14.725,1,2015q1,2015,660,1,0,0,0,0,0,0,1,0,0,0,0,0,1,1,0
4/1/2015,NLD,138,Netherlands,-8.345653,1,2015q2,2015,663,1,0,0,0,0,0,0,1,0,0,0,0,0,1,1,0
7/1/2015,NLD,138,Netherlands,6.371552,1,2015q3,2015,666,1,0,0,0,0,0,0,1,0,0,0,0,0,1,1,0
10/1/2015,NLD,138,Netherlands,5.926778,1,2015q4,2015,669,1,0,0,0,0,0,0,1,0,0,0,0,0,1,1,0
1/1/2016,NLD,138,Netherlands,7.838205,1,2016q1,2016,672,1,0,0,0,0,0,0,1,0,0,0,0,0,1,1,0
4/1/2016,NLD,138,Netherlands,7.162892,1,2016q2,2016,675,1,0,0,0,0,0,0,1,0,0,0,0,0,1,1,0
7/1/2016,NLD,138,Netherlands,5.324971,1,2016q3,2016,678,1,0,0,0,0,0,0,1,0,0,0,0,0,1,1,0
10/1/2016,NLD,138,Netherlands,9.687976,1,2016q4,2016,681,1,0,0,0,0,0,0,1,0,0,0,0,0,1,1,0
1/1/2017,NLD,138,Netherlands,8.146036,1,2017q1,2017,684,1,0,0,0,0,0,0,1,0,0,0,0,0,1,1,0
4/1/2017,NLD,138,Netherlands,7.696866,1,2017q2,2017,687,1,0,0,0,0,0,0,1,0,0,0,0,0,1,1,0
7/1/2017,NLD,138,Netherlands,8.477677,1,2017q3,2017,690,1,0,0,0,0,0,0,1,0,0,0,0,0,1,1,0
10/1/2017,NLD,138,Netherlands,9.868955,1,2017q4,2017,693,1,0,0,0,0,0,0,1,0,0,0,0,0,1,1,0
1/1/2018,NLD,138,Netherlands,6.783193,1,2018q1,2018,696,1,0,0,0,0,0,0,1,0,0,0,0,0,1,1,0
4/1/2018,NLD,138,Netherlands,9.137315,1,2018q2,2018,699,1,0,0,0,0,0,0,1,0,0,0,0,0,1,1,0
7/1/2018,NLD,138,Netherlands,9.327165,1,2018q3,2018,702,1,0,0,0,0,0,0,1,0,0,0,0,0,1,1,0
10/1/2018,NLD,138,Netherlands,10.75337,1,2018q4,2018,705,1,0,0,0,0,0,0,1,0,0,0,0,0,1,1,0
1/1/2019,NLD,138,Netherlands,6.039627,1,2019q1,2019,708,1,0,0,0,0,0,0,1,0,0,0,0,0,1,1,0
4/1/2019,NLD,138,Netherlands,7.218178,1,2019q2,2019,711,1,0,0,0,0,0,0,1,0,0,0,0,0,1,1,0
7/1/2019,NLD,138,Netherlands,5.758111,1,2019q3,2019,714,1,0,0,0,0,0,0,1,0,0,0,0,0,1,1,0
10/1/2019,NLD,138,Netherlands,8.07125,1,2019q4,2019,717,1,0,0,0,0,0,0,1,0,0,0,0,0,1,1,0
1/1/2020,NLD,138,Netherlands,3.032578,1,2020q1,2020,720,1,0,0,0,0,0,0,1,0,0,0,0,0,1,1,0
4/1/2020,NLD,138,Netherlands,7.132014,1,2020q2,2020,723,1,0,0,0,0,0,0,1,0,0,0,0,0,1,1,0
7/1/2020,NLD,138,Netherlands,5.32923,1,2020q3,2020,726,1,0,0,0,0,0,0,1,0,0,0,0,0,1,1,0
10/1/2020,NLD,138,Netherlands,6.018674,1,2020q4,2020,729,1,0,0,0,0,0,0,1,0,0,0,0,0,1,1,0
1/1/2021,NLD,138,Netherlands,11.14417,1,2021q1,2021,732,1,0,0,0,0,0,0,1,0,0,0,0,0,1,1,0
4/1/2021,NLD,138,Netherlands,12.57894,1,2021q2,2021,735,1,0,0,0,0,0,0,1,0,0,0,0,0,1,1,0
7/1/2021,NLD,138,Netherlands,9.379562,1,2021q3,2021,738,1,0,0,0,0,0,0,1,0,0,0,0,0,1,1,0
10/1/2021,NLD,138,Netherlands,8.259492,1,2021q4,2021,741,1,0,0,0,0,0,0,1,0,0,0,0,0,1,1,0
1/1/2022,NLD,138,Netherlands,7.246014,1,2022q1,2022,744,1,0,0,0,0,0,0,1,0,0,0,0,0,1,1,0
4/1/2022,NLD,138,Netherlands,6.821315,1,2022q2,2022,747,1,0,0,0,0,0,0,1,0,0,0,0,0,1,1,0
7/1/2022,NLD,138,Netherlands,3.805549,1,2022q3,2022,750,1,0,0,0,0,0,0,1,0,0,0,0,0,1,1,0
10/1/2022,NLD,138,Netherlands,10.25537,1,2022q4,2022,753,1,0,0,0,0,0,0,1,0,0,0,0,0,1,1,0
1/1/2023,NLD,138,Netherlands,4.589417,1,2023q1,2023,756,1,0,0,0,0,0,0,1,0,0,0,0,0,1,1,0
4/1/2023,NLD,138,Netherlands,13.43457,1,2023q2,2023,759,1,0,0,0,0,0,0,1,0,0,0,0,0,1,1,0
7/1/2023,NLD,138,Netherlands,11.69042,1,2023q3,2023,762,1,0,0,0,0,0,0,1,0,0,0,0,0,1,1,0
10/1/2023,NLD,138,Netherlands,13.07188,1,2023q4,2023,765,1,0,0,0,0,0,0,1,0,0,0,0,0,1,1,0
1/1/2024,NLD,138,Netherlands,4.736955,1,2024q1,2024,768,1,0,0,0,0,0,0,1,0,0,0,0,0,1,1,0
4/1/2024,NLD,138,Netherlands,11.71072,1,2024q2,2024,771,1,0,0,0,0,0,0,1,0,0,0,0,0,1,1,0
7/1/2024,NLD,138,Netherlands,9.989366,1,2024q3,2024,774,1,0,0,0,0,0,0,1,0,0,0,0,0,1,1,0
10/1/2024,NLD,138,Netherlands,13.34593,1,2024q4,2024,777,1,0,0,0,0,0,0,1,0,0,0,0,0,1,1,0
1/1/1975,NOR,142,Norway,-8.4178969,4,1975q1,1975,180,1,0,0,0,0,0,0,1,0,0,0,0,0,0,0,0
4/1/1975,NOR,142,Norway,-15.780246,4,1975q2,1975,183,1,0,0,0,0,0,0,1,0,0,0,0,0,0,0,0
7/1/1975,NOR,142,Norway,-3.3302095,4,1975q3,1975,186,1,0,0,0,0,0,0,1,0,0,0,0,0,0,0,0
10/1/1975,NOR,142,Norway,-7.0106477,4,1975q4,1975,189,1,0,0,0,0,0,0,1,0,0,0,0,0,0,0,0
1/1/1976,NOR,142,Norway,-11.034166,4,1976q1,1976,192,1,0,0,0,0,0,0,1,0,0,0,0,0,0,0,0
4/1/1976,NOR,142,Norway,-13.849971,4,1976q2,1976,195,1,0,0,0,0,0,0,1,0,0,0,0,0,0,0,0
7/1/1976,NOR,142,Norway,-8.7348789,4,1976q3,1976,198,1,0,0,0,0,0,0,1,0,0,0,0,0,0,0,0
10/1/1976,NOR,142,Norway,-13.67117,4,1976q4,1976,201,1,0,0,0,0,0,0,1,0,0,0,0,0,0,0,0
1/1/1977,NOR,142,Norway,-14.234659,4,1977q1,1977,204,1,0,0,0,0,0,0,1,0,0,0,0,0,0,0,0
4/1/1977,NOR,142,Norway,-13.327853,4,1977q2,1977,207,1,0,0,0,0,0,0,1,0,0,0,0,0,0,0,0
7/1/1977,NOR,142,Norway,-16.705939,4,1977q3,1977,210,1,0,0,0,0,0,0,1,0,0,0,0,0,0,0,0
10/1/1977,NOR,142,Norway,-11.789099,4,1977q4,1977,213,1,0,0,0,0,0,0,1,0,0,0,0,0,0,0,0
1/1/1978,NOR,142,Norway,-8.1094049,4,1978q1,1978,216,1,0,0,0,0,0,0,1,0,0,0,0,0,0,0,0
4/1/1978,NOR,142,Norway,-4.0556472,4,1978q2,1978,219,1,0,0,0,0,0,0,1,0,0,0,0,0,0,0,0
7/1/1978,NOR,142,Norway,-2.4230117,4,1978q3,1978,222,1,0,0,0,0,0,0,1,0,0,0,0,0,0,0,0
10/1/1978,NOR,142,Norway,-4.1481443,4,1978q4,1978,225,1,0,0,0,0,0,0,1,0,0,0,0,0,0,0,0
1/1/1979,NOR,142,Norway,-1.6086727,4,1979q1,1979,228,1,0,0,0,0,0,0,1,0,0,0,0,0,0,0,0
4/1/1979,NOR,142,Norway,-1.9165505,4,1979q2,1979,231,1,0,0,0,0,0,0,1,0,0,0,0,0,0,0,0
7/1/1979,NOR,142,Norway,-2.2055216,4,1979q3,1979,234,1,0,0,0,0,0,0,1,0,0,0,0,0,0,0,0
10/1/1979,NOR,142,Norway,-2.0923445,4,1979q4,1979,237,1,0,0,0,0,0,0,1,0,0,0,0,0,0,0,0
1/1/1980,NOR,142,Norway,3.4744989,4,1980q1,1980,240,1,0,0,0,0,0,0,1,0,0,0,0,0,0,0,0
4/1/1980,NOR,142,Norway,1.8962756,4,1980q2,1980,243,1,0,0,0,0,0,0,1,0,0,0,0,0,0,0,0
7/1/1980,NOR,142,Norway,0.12929018,4,1980q3,1980,246,1,0,0,0,0,0,0,1,0,0,0,0,0,0,0,0
10/1/1980,NOR,142,Norway,1.514403,4,1980q4,1980,249,1,0,0,0,0,0,0,1,0,0,0,0,0,0,0,0
1/1/1981,NOR,142,Norway,2.58584,1,1981q1,1981,252,1,0,0,0,0,0,0,1,0,0,0,0,0,0,0,0
4/1/1981,NOR,142,Norway,6.972276,1,1981q2,1981,255,1,0,0,0,0,0,0,1,0,0,0,0,0,0,0,0
7/1/1981,NOR,142,Norway,3.400683,1,1981q3,1981,258,1,0,0,0,0,0,0,1,0,0,0,0,0,0,0,0
10/1/1981,NOR,142,Norway,0.7136519,1,1981q4,1981,261,1,0,0,0,0,0,0,1,0,0,0,0,0,0,0,0
1/1/1982,NOR,142,Norway,1.73784,1,1982q1,1982,264,1,0,0,0,0,0,0,1,0,0,0,0,0,0,0,0
4/1/1982,NOR,142,Norway,-0.1823443,1,1982q2,1982,267,1,0,0,0,0,0,0,1,0,0,0,0,0,0,0,0
7/1/1982,NOR,142,Norway,2.20496,1,1982q3,1982,270,1,0,0,0,0,0,0,1,0,0,0,0,0,0,0,0
10/1/1982,NOR,142,Norway,-0.2958238,1,1982q4,1982,273,1,0,0,0,0,0,0,1,0,0,0,0,0,0,0,0
1/1/1983,NOR,142,Norway,0.5063437,1,1983q1,1983,276,1,0,0,0,0,0,0,1,0,0,0,0,0,0,0,0
4/1/1983,NOR,142,Norway,3.46575,1,1983q2,1983,279,1,0,0,0,0,0,0,1,0,0,0,0,0,0,0,0
7/1/1983,NOR,142,Norway,5.269674,1,1983q3,1983,282,1,0,0,0,0,0,0,1,0,0,0,0,0,0,0,0
10/1/1983,NOR,142,Norway,6.439934,1,1983q4,1983,285,1,0,0,0,0,0,0,1,0,0,0,0,0,0,0,0
1/1/1984,NOR,142,Norway,5.6662,1,1984q1,1984,288,1,0,0,0,0,0,0,1,0,0,0,0,0,0,0,0
4/1/1984,NOR,142,Norway,5.187318,1,1984q2,1984,291,1,0,0,0,0,0,0,1,0,0,0,0,0,0,0,0
7/1/1984,NOR,142,Norway,4.832604,1,1984q3,1984,294,1,0,0,0,0,0,0,1,0,0,0,0,0,0,0,0
10/1/1984,NOR,142,Norway,5.437857,1,1984q4,1984,297,1,0,0,0,0,0,0,1,0,0,0,0,0,0,0,0
1/1/1985,NOR,142,Norway,5.124496,1,1985q1,1985,300,1,0,0,0,0,0,0,1,0,0,0,0,0,0,0,0
4/1/1985,NOR,142,Norway,5.755771,1,1985q2,1985,303,1,0,0,0,0,0,0,1,0,0,0,0,0,0,0,0
7/1/1985,NOR,142,Norway,4.447133,1,1985q3,1985,306,1,0,0,0,0,0,0,1,0,0,0,0,0,0,0,0
10/1/1985,NOR,142,Norway,3.451308,1,1985q4,1985,309,1,0,0,0,0,0,0,1,0,0,0,0,0,0,0,0
1/1/1986,NOR,142,Norway,-2.034602,1,1986q1,1986,312,1,0,0,0,0,0,0,1,0,0,0,0,0,0,0,0
4/1/1986,NOR,142,Norway,-11.51782,1,1986q2,1986,315,1,0,0,0,0,0,0,1,0,0,0,0,0,0,0,0
7/1/1986,NOR,142,Norway,-8.371819,1,1986q3,1986,318,1,0,0,0,0,0,0,1,0,0,0,0,0,0,0,0
10/1/1986,NOR,142,Norway,-2.165668,1,1986q4,1986,321,1,0,0,0,0,0,0,1,0,0,0,0,0,0,0,0
1/1/1987,NOR,142,Norway,-3.906381,1,1987q1,1987,324,1,0,0,0,0,0,0,1,0,0,0,0,0,0,0,0
4/1/1987,NOR,142,Norway,-3.598545,1,1987q2,1987,327,1,0,0,0,0,0,0,1,0,0,0,0,0,0,0,0
7/1/1987,NOR,142,Norway,-6.728245,1,1987q3,1987,330,1,0,0,0,0,0,0,1,0,0,0,0,0,0,0,0
10/1/1987,NOR,142,Norway,-4.136168,1,1987q4,1987,333,1,0,0,0,0,0,0,1,0,0,0,0,0,0,0,0
1/1/1988,NOR,142,Norway,-2.960347,1,1988q1,1988,336,1,0,0,0,0,0,0,1,0,0,0,0,0,0,0,0
4/1/1988,NOR,142,Norway,-4.780002,1,1988q2,1988,339,1,0,0,0,0,0,0,1,0,0,0,0,0,0,0,0
7/1/1988,NOR,142,Norway,-4.751277,1,1988q3,1988,342,1,0,0,0,0,0,0,1,0,0,0,0,0,0,0,0
10/1/1988,NOR,142,Norway,-3.282261,1,1988q4,1988,345,1,0,0,0,0,0,0,1,0,0,0,0,0,0,0,0
1/1/1989,NOR,142,Norway,0.6992958,1,1989q1,1989,348,1,0,0,0,0,0,0,1,0,0,0,0,0,0,0,0
4/1/1989,NOR,142,Norway,0.4897175,1,1989q2,1989,351,1,0,0,0,0,0,0,1,0,0,0,0,0,0,0,0
7/1/1989,NOR,142,Norway,-0.00113919,1,1989q3,1989,354,1,0,0,0,0,0,0,1,0,0,0,0,0,0,0,0
10/1/1989,NOR,142,Norway,-1.505208,1,1989q4,1989,357,1,0,0,0,0,0,0,1,0,0,0,0,0,0,0,0
1/1/1990,NOR,142,Norway,-0.3022602,1,1990q1,1990,360,1,0,0,0,0,0,0,1,0,0,0,0,0,0,0,0
4/1/1990,NOR,142,Norway,-0.4569218,1,1990q2,1990,363,1,0,0,0,0,0,0,1,0,0,0,0,0,0,0,0
7/1/1990,NOR,142,Norway,3.360534,1,1990q3,1990,366,1,0,0,0,0,0,0,1,0,0,0,0,0,0,0,0
10/1/1990,NOR,142,Norway,6.666597,1,1990q4,1990,369,1,0,0,0,0,0,0,1,0,0,0,0,0,0,0,0
1/1/1991,NOR,142,Norway,3.60128,1,1991q1,1991,372,1,0,0,0,0,0,0,1,0,0,0,0,0,0,0,0
4/1/1991,NOR,142,Norway,4.328838,1,1991q2,1991,375,1,0,0,0,0,0,0,1,0,0,0,0,0,0,0,0
7/1/1991,NOR,142,Norway,4.196821,1,1991q3,1991,378,1,0,0,0,0,0,0,1,0,0,0,0,0,0,0,0
10/1/1991,NOR,142,Norway,2.225794,1,1991q4,1991,381,1,0,0,0,0,0,0,1,0,0,0,0,0,0,0,0
1/1/1992,NOR,142,Norway,2.026228,1,1992q1,1992,384,1,0,0,0,0,0,0,1,0,0,0,0,0,0,0,0
4/1/1992,NOR,142,Norway,3.088371,1,1992q2,1992,387,1,0,0,0,0,0,0,1,0,0,0,0,0,0,0,0
7/1/1992,NOR,142,Norway,4.812717,1,1992q3,1992,390,1,0,0,0,0,0,0,1,0,0,0,0,0,0,0,0
10/1/1992,NOR,142,Norway,3.463308,1,1992q4,1992,393,1,0,0,0,0,0,0,1,0,0,0,0,0,0,0,0
1/1/1993,NOR,142,Norway,2.116417,1,1993q1,1993,396,1,0,0,0,0,0,0,1,0,0,0,0,0,0,0,0
4/1/1993,NOR,142,Norway,5.850341,1,1993q2,1993,399,1,0,0,0,0,0,0,1,0,0,0,0,0,0,0,0
7/1/1993,NOR,142,Norway,2.885407,1,1993q3,1993,402,1,0,0,0,0,0,0,1,0,0,0,0,0,0,0,0
10/1/1993,NOR,142,Norway,0.8607246,1,1993q4,1993,405,1,0,0,0,0,0,0,1,0,0,0,0,0,0,0,0
1/1/1994,NOR,142,Norway,2.669041,1,1994q1,1994,408,1,0,0,0,0,0,0,1,0,0,0,0,0,0,0,0
4/1/1994,NOR,142,Norway,2.847522,1,1994q2,1994,411,1,0,0,0,0,0,0,1,0,0,0,0,0,0,0,0
7/1/1994,NOR,142,Norway,2.626937,1,1994q3,1994,414,1,0,0,0,0,0,0,1,0,0,0,0,0,0,0,0
10/1/1994,NOR,142,Norway,3.772155,1,1994q4,1994,417,1,0,0,0,0,0,0,1,0,0,0,0,0,0,0,0
1/1/1995,NOR,142,Norway,3.608619,1,1995q1,1995,420,1,0,0,0,0,0,0,1,0,0,0,0,0,0,0,0
4/1/1995,NOR,142,Norway,3.05556,1,1995q2,1995,423,1,0,0,0,0,0,0,1,0,0,0,0,0,0,0,0
7/1/1995,NOR,142,Norway,4.020678,1,1995q3,1995,426,1,0,0,0,0,0,0,1,0,0,0,0,0,0,0,0
10/1/1995,NOR,142,Norway,3.482754,1,1995q4,1995,429,1,0,0,0,0,0,0,1,0,0,0,0,0,0,0,0
1/1/1996,NOR,142,Norway,6.962735,1,1996q1,1996,432,1,0,0,0,0,0,0,1,0,0,0,0,0,0,0,0
4/1/1996,NOR,142,Norway,6.673251,1,1996q2,1996,435,1,0,0,0,0,0,0,1,0,0,0,0,0,0,0,0
7/1/1996,NOR,142,Norway,6.466255,1,1996q3,1996,438,1,0,0,0,0,0,0,1,0,0,0,0,0,0,0,0
10/1/1996,NOR,142,Norway,6.850123,1,1996q4,1996,441,1,0,0,0,0,0,0,1,0,0,0,0,0,0,0,0
1/1/1997,NOR,142,Norway,8.475162,1,1997q1,1997,444,1,0,0,0,0,0,0,1,0,0,0,0,0,0,0,0
4/1/1997,NOR,142,Norway,5.503845,1,1997q2,1997,447,1,0,0,0,0,0,0,1,0,0,0,0,0,0,0,0
7/1/1997,NOR,142,Norway,5.933827,1,1997q3,1997,450,1,0,0,0,0,0,0,1,0,0,0,0,0,0,0,0
10/1/1997,NOR,142,Norway,4.923286,1,1997q4,1997,453,1,0,0,0,0,0,0,1,0,0,0,0,0,0,0,0
1/1/1998,NOR,142,Norway,2.271263,1,1998q1,1998,456,1,0,0,0,0,0,0,1,0,0,0,0,0,0,0,0
4/1/1998,NOR,142,Norway,1.047497,1,1998q2,1998,459,1,0,0,0,0,0,0,1,0,0,0,0,0,0,0,0
7/1/1998,NOR,142,Norway,-1.714592,1,1998q3,1998,462,1,0,0,0,0,0,0,1,0,0,0,0,0,0,0,0
10/1/1998,NOR,142,Norway,-2.702909,1,1998q4,1998,465,1,0,0,0,0,0,0,1,0,0,0,0,0,0,0,0
1/1/1999,NOR,142,Norway,0.7863303,1,1999q1,1999,468,1,0,0,0,0,0,0,1,0,0,0,0,0,0,0,0
4/1/1999,NOR,142,Norway,4.014178,1,1999q2,1999,471,1,0,0,0,0,0,0,1,0,0,0,0,0,0,0,0
7/1/1999,NOR,142,Norway,6.721868,1,1999q3,1999,474,1,0,0,0,0,0,0,1,0,0,0,0,0,0,0,0
10/1/1999,NOR,142,Norway,9.605997,1,1999q4,1999,477,1,0,0,0,0,0,0,1,0,0,0,0,0,0,0,0
1/1/2000,NOR,142,Norway,11.40655,1,2000q1,2000,480,1,0,0,0,0,0,0,1,0,0,0,0,0,0,0,0
4/1/2000,NOR,142,Norway,12.05121,1,2000q2,2000,483,1,0,0,0,0,0,0,1,0,0,0,0,0,0,0,0
7/1/2000,NOR,142,Norway,16.47258,1,2000q3,2000,486,1,0,0,0,0,0,0,1,0,0,0,0,0,0,0,0
10/1/2000,NOR,142,Norway,18.64132,1,2000q4,2000,489,1,0,0,0,0,0,0,1,0,0,0,0,0,0,0,0
1/1/2001,NOR,142,Norway,15.414,1,2001q1,2001,492,1,0,0,0,0,0,0,1,0,0,0,0,0,0,0,0
4/1/2001,NOR,142,Norway,15.54539,1,2001q2,2001,495,1,0,0,0,0,0,0,1,0,0,0,0,0,0,0,0
7/1/2001,NOR,142,Norway,17.4016,1,2001q3,2001,498,1,0,0,0,0,0,0,1,0,0,0,0,0,0,0,0
10/1/2001,NOR,142,Norway,15.07019,1,2001q4,2001,501,1,0,0,0,0,0,0,1,0,0,0,0,0,0,0,0
1/1/2002,NOR,142,Norway,12.61147,1,2002q1,2002,504,1,0,0,0,0,0,0,1,0,0,0,0,0,0,0,0
4/1/2002,NOR,142,Norway,13.42727,1,2002q2,2002,507,1,0,0,0,0,0,0,1,0,0,0,0,0,0,0,0
7/1/2002,NOR,142,Norway,11.43096,1,2002q3,2002,510,1,0,0,0,0,0,0,1,0,0,0,0,0,0,0,0
10/1/2002,NOR,142,Norway,11.87146,1,2002q4,2002,513,1,0,0,0,0,0,0,1,0,0,0,0,0,0,0,0
1/1/2003,NOR,142,Norway,11.96709,1,2003q1,2003,516,1,0,0,0,0,0,0,1,0,0,0,0,0,0,0,0
4/1/2003,NOR,142,Norway,12.25331,1,2003q2,2003,519,1,0,0,0,0,0,0,1,0,0,0,0,0,0,0,0
7/1/2003,NOR,142,Norway,11.81697,1,2003q3,2003,522,1,0,0,0,0,0,0,1,0,0,0,0,0,0,0,0
10/1/2003,NOR,142,Norway,12.06363,1,2003q4,2003,525,1,0,0,0,0,0,0,1,0,0,0,0,0,0,0,0
1/1/2004,NOR,142,Norway,11.70714,1,2004q1,2004,528,1,0,0,0,0,0,0,1,0,0,0,0,0,0,0,0
4/1/2004,NOR,142,Norway,12.16299,1,2004q2,2004,531,1,0,0,0,0,0,0,1,0,0,0,0,0,0,0,0
7/1/2004,NOR,142,Norway,13.36506,1,2004q3,2004,534,1,0,0,0,0,0,0,1,0,0,0,0,0,0,0,0
10/1/2004,NOR,142,Norway,12.21363,1,2004q4,2004,537,1,0,0,0,0,0,0,1,0,0,0,0,0,0,0,0
1/1/2005,NOR,142,Norway,15.90591,1,2005q1,2005,540,1,0,0,0,0,0,0,1,0,0,0,0,0,0,0,0
4/1/2005,NOR,142,Norway,14.14369,1,2005q2,2005,543,1,0,0,0,0,0,0,1,0,0,0,0,0,0,0,0
7/1/2005,NOR,142,Norway,16.83379,1,2005q3,2005,546,1,0,0,0,0,0,0,1,0,0,0,0,0,0,0,0
10/1/2005,NOR,142,Norway,18.84604,1,2005q4,2005,549,1,0,0,0,0,0,0,1,0,0,0,0,0,0,0,0
1/1/2006,NOR,142,Norway,14.68704,1,2006q1,2006,552,1,0,0,0,0,0,0,1,0,0,0,0,0,0,0,0
4/1/2006,NOR,142,Norway,18.09122,1,2006q2,2006,555,1,0,0,0,0,0,0,1,0,0,0,0,0,0,0,0
7/1/2006,NOR,142,Norway,17.29684,1,2006q3,2006,558,1,0,0,0,0,0,0,1,0,0,0,0,0,0,0,0
10/1/2006,NOR,142,Norway,15.43062,1,2006q4,2006,561,1,0,0,0,0,0,0,1,0,0,0,0,0,0,0,0
1/1/2007,NOR,142,Norway,11.0846,1,2007q1,2007,564,1,0,0,0,0,0,0,1,0,0,0,0,0,0,0,0
4/1/2007,NOR,142,Norway,10.6819,1,2007q2,2007,567,1,0,0,0,0,0,0,1,0,0,0,0,0,0,0,0
7/1/2007,NOR,142,Norway,14.44094,1,2007q3,2007,570,1,0,0,0,0,0,0,1,0,0,0,0,0,0,0,0
10/1/2007,NOR,142,Norway,13.55821,1,2007q4,2007,573,1,0,0,0,0,0,0,1,0,0,0,0,0,0,0,0
1/1/2008,NOR,142,Norway,15.33957,1,2008q1,2008,576,1,0,0,0,0,0,0,1,0,0,0,0,0,0,0,0
4/1/2008,NOR,142,Norway,17.33419,1,2008q2,2008,579,1,0,0,0,0,0,0,1,0,0,0,0,0,0,0,0
7/1/2008,NOR,142,Norway,14.66269,1,2008q3,2008,582,1,0,0,0,0,0,0,1,0,0,0,0,0,0,0,0
10/1/2008,NOR,142,Norway,15.90466,1,2008q4,2008,585,1,0,0,0,0,0,0,1,0,0,0,0,0,0,0,0
1/1/2009,NOR,142,Norway,7.197217,1,2009q1,2009,588,1,0,0,0,0,0,0,1,0,0,0,0,0,0,0,0
4/1/2009,NOR,142,Norway,12.90807,1,2009q2,2009,591,1,0,0,0,0,0,0,1,0,0,0,0,0,0,0,0
7/1/2009,NOR,142,Norway,10.61214,1,2009q3,2009,594,1,0,0,0,0,0,0,1,0,0,0,0,0,0,0,0
10/1/2009,NOR,142,Norway,12.87303,1,2009q4,2009,597,1,0,0,0,0,0,0,1,0,0,0,0,0,0,0,0
1/1/2010,NOR,142,Norway,12.05114,1,2010q1,2010,600,1,0,0,0,0,0,0,1,0,0,0,0,0,0,0,0
4/1/2010,NOR,142,Norway,10.77079,1,2010q2,2010,603,1,0,0,0,0,0,0,1,0,0,0,0,0,0,0,0
7/1/2010,NOR,142,Norway,9.402211,1,2010q3,2010,606,1,0,0,0,0,0,0,1,0,0,0,0,0,0,0,0
10/1/2010,NOR,142,Norway,11.28159,1,2010q4,2010,609,1,0,0,0,0,0,0,1,0,0,0,0,0,0,0,0
1/1/2011,NOR,142,Norway,10.14786,1,2011q1,2011,612,1,0,0,0,0,0,0,1,0,0,0,0,0,0,0,0
4/1/2011,NOR,142,Norway,13.45512,1,2011q2,2011,615,1,0,0,0,0,0,0,1,0,0,0,0,0,0,0,0
7/1/2011,NOR,142,Norway,13.10906,1,2011q3,2011,618,1,0,0,0,0,0,0,1,0,0,0,0,0,0,0,0
10/1/2011,NOR,142,Norway,13.44708,1,2011q4,2011,621,1,0,0,0,0,0,0,1,0,0,0,0,0,0,0,0
1/1/2012,NOR,142,Norway,15.20759,1,2012q1,2012,624,1,0,0,0,0,0,0,1,0,0,0,0,0,0,0,0
4/1/2012,NOR,142,Norway,11.41188,1,2012q2,2012,627,1,0,0,0,0,0,0,1,0,0,0,0,0,0,0,0
7/1/2012,NOR,142,Norway,12.05498,1,2012q3,2012,630,1,0,0,0,0,0,0,1,0,0,0,0,0,0,0,0
10/1/2012,NOR,142,Norway,11.78229,1,2012q4,2012,633,1,0,0,0,0,0,0,1,0,0,0,0,0,0,0,0
1/1/2013,NOR,142,Norway,9.654016,1,2013q1,2013,636,1,0,0,0,0,0,0,1,0,0,0,0,0,0,0,0
4/1/2013,NOR,142,Norway,10.32555,1,2013q2,2013,639,1,0,0,0,0,0,0,1,0,0,0,0,0,0,0,0
7/1/2013,NOR,142,Norway,9.770298,1,2013q3,2013,642,1,0,0,0,0,0,0,1,0,0,0,0,0,0,0,0
10/1/2013,NOR,142,Norway,11.32155,1,2013q4,2013,645,1,0,0,0,0,0,0,1,0,0,0,0,0,0,0,0
1/1/2014,NOR,142,Norway,13.88328,1,2014q1,2014,648,1,0,0,0,0,0,0,1,0,0,0,0,0,0,0,0
4/1/2014,NOR,142,Norway,10.43672,1,2014q2,2014,651,1,0,0,0,0,0,0,1,0,0,0,0,0,0,0,0
7/1/2014,NOR,142,Norway,8.346862,1,2014q3,2014,654,1,0,0,0,0,0,0,1,0,0,0,0,0,0,0,0
10/1/2014,NOR,142,Norway,11.75365,1,2014q4,2014,657,1,0,0,0,0,0,0,1,0,0,0,0,0,0,0,0
1/1/2015,NOR,142,Norway,8.49827,1,2015q1,2015,660,1,0,0,0,0,0,0,1,0,0,0,0,0,0,0,0
4/1/2015,NOR,142,Norway,8.889136,1,2015q2,2015,663,1,0,0,0,0,0,0,1,0,0,0,0,0,0,0,0
7/1/2015,NOR,142,Norway,8.109928,1,2015q3,2015,666,1,0,0,0,0,0,0,1,0,0,0,0,0,0,0,0
10/1/2015,NOR,142,Norway,6.532367,1,2015q4,2015,669,1,0,0,0,0,0,0,1,0,0,0,0,0,0,0,0
1/1/2016,NOR,142,Norway,3.229861,1,2016q1,2016,672,1,0,0,0,0,0,0,1,0,0,0,0,0,0,0,0
4/1/2016,NOR,142,Norway,3.253458,1,2016q2,2016,675,1,0,0,0,0,0,0,1,0,0,0,0,0,0,0,0
7/1/2016,NOR,142,Norway,3.093558,1,2016q3,2016,678,1,0,0,0,0,0,0,1,0,0,0,0,0,0,0,0
10/1/2016,NOR,142,Norway,6.441137,1,2016q4,2016,681,1,0,0,0,0,0,0,1,0,0,0,0,0,0,0,0
1/1/2017,NOR,142,Norway,6.080481,1,2017q1,2017,684,1,0,0,0,0,0,0,1,0,0,0,0,0,0,0,0
4/1/2017,NOR,142,Norway,6.963451,1,2017q2,2017,687,1,0,0,0,0,0,0,1,0,0,0,0,0,0,0,0
7/1/2017,NOR,142,Norway,4.779618,1,2017q3,2017,690,1,0,0,0,0,0,0,1,0,0,0,0,0,0,0,0
10/1/2017,NOR,142,Norway,3.951676,1,2017q4,2017,693,1,0,0,0,0,0,0,1,0,0,0,0,0,0,0,0
1/1/2018,NOR,142,Norway,7.04702,1,2018q1,2018,696,1,0,0,0,0,0,0,1,0,0,0,0,0,0,0,0
4/1/2018,NOR,142,Norway,8.302151,1,2018q2,2018,699,1,0,0,0,0,0,0,1,0,0,0,0,0,0,0,0
7/1/2018,NOR,142,Norway,10.18857,1,2018q3,2018,702,1,0,0,0,0,0,0,1,0,0,0,0,0,0,0,0
10/1/2018,NOR,142,Norway,5.998277,1,2018q4,2018,705,1,0,0,0,0,0,0,1,0,0,0,0,0,0,0,0
1/1/2019,NOR,142,Norway,3.737683,1,2019q1,2019,708,1,0,0,0,0,0,0,1,0,0,0,0,0,0,0,0
4/1/2019,NOR,142,Norway,3.169407,1,2019q2,2019,711,1,0,0,0,0,0,0,1,0,0,0,0,0,0,0,0
7/1/2019,NOR,142,Norway,1.589127,1,2019q3,2019,714,1,0,0,0,0,0,0,1,0,0,0,0,0,0,0,0
10/1/2019,NOR,142,Norway,2.447502,1,2019q4,2019,717,1,0,0,0,0,0,0,1,0,0,0,0,0,0,0,0
1/1/2020,NOR,142,Norway,3.386781,1,2020q1,2020,720,1,0,0,0,0,0,0,1,0,0,0,0,0,0,0,0
4/1/2020,NOR,142,Norway,-2.719786,1,2020q2,2020,723,1,0,0,0,0,0,0,1,0,0,0,0,0,0,0,0
7/1/2020,NOR,142,Norway,1.823704,1,2020q3,2020,726,1,0,0,0,0,0,0,1,0,0,0,0,0,0,0,0
10/1/2020,NOR,142,Norway,1.465914,1,2020q4,2020,729,1,0,0,0,0,0,0,1,0,0,0,0,0,0,0,0
1/1/2021,NOR,142,Norway,7.461715,1,2021q1,2021,732,1,0,0,0,0,0,0,1,0,0,0,0,0,0,0,0
4/1/2021,NOR,142,Norway,10.17864,1,2021q2,2021,735,1,0,0,0,0,0,0,1,0,0,0,0,0,0,0,0
7/1/2021,NOR,142,Norway,14.97881,1,2021q3,2021,738,1,0,0,0,0,0,0,1,0,0,0,0,0,0,0,0
10/1/2021,NOR,142,Norway,18.75555,1,2021q4,2021,741,1,0,0,0,0,0,0,1,0,0,0,0,0,0,0,0
1/1/2022,NOR,142,Norway,25.66537,1,2022q1,2022,744,1,0,0,0,0,0,0,1,0,0,0,0,0,0,0,0
4/1/2022,NOR,142,Norway,25.70325,1,2022q2,2022,747,1,0,0,0,0,0,0,1,0,0,0,0,0,0,0,0
7/1/2022,NOR,142,Norway,38.38301,1,2022q3,2022,750,1,0,0,0,0,0,0,1,0,0,0,0,0,0,0,0
10/1/2022,NOR,142,Norway,24.453,1,2022q4,2022,753,1,0,0,0,0,0,0,1,0,0,0,0,0,0,0,0
1/1/2023,NOR,142,Norway,18.89565,1,2023q1,2023,756,1,0,0,0,0,0,0,1,0,0,0,0,0,0,0,0
4/1/2023,NOR,142,Norway,13.97551,1,2023q2,2023,759,1,0,0,0,0,0,0,1,0,0,0,0,0,0,0,0
7/1/2023,NOR,142,Norway,15.50622,1,2023q3,2023,762,1,0,0,0,0,0,0,1,0,0,0,0,0,0,0,0
10/1/2023,NOR,142,Norway,17.7458,1,2023q4,2023,765,1,0,0,0,0,0,0,1,0,0,0,0,0,0,0,0
1/1/2024,NOR,142,Norway,16.54054,1,2024q1,2024,768,1,0,0,0,0,0,0,1,0,0,0,0,0,0,0,0
4/1/2024,NOR,142,Norway,17.79549,1,2024q2,2024,771,1,0,0,0,0,0,0,1,0,0,0,0,0,0,0,0
7/1/2024,NOR,142,Norway,17.20613,1,2024q3,2024,774,1,0,0,0,0,0,0,1,0,0,0,0,0,0,0,0
10/1/2024,NOR,142,Norway,16.14328,1,2024q4,2024,777,1,0,0,0,0,0,0,1,0,0,0,0,0,0,0,0
1/1/1975,SWE,144,Sweden,-0.33014911,4,1975q1,1975,180,1,0,0,0,0,0,0,1,0,0,0,0,0,0,0,0
4/1/1975,SWE,144,Sweden,-0.28572304,4,1975q2,1975,183,1,0,0,0,0,0,0,1,0,0,0,0,0,0,0,0
7/1/1975,SWE,144,Sweden,-1.2740365,4,1975q3,1975,186,1,0,0,0,0,0,0,1,0,0,0,0,0,0,0,0
10/1/1975,SWE,144,Sweden,0.1326038,4,1975q4,1975,189,1,0,0,0,0,0,0,1,0,0,0,0,0,0,0,0
1/1/1976,SWE,144,Sweden,-1.8509738,4,1976q1,1976,192,1,0,0,0,0,0,0,1,0,0,0,0,0,0,0,0
4/1/1976,SWE,144,Sweden,-2.0680927,4,1976q2,1976,195,1,0,0,0,0,0,0,1,0,0,0,0,0,0,0,0
7/1/1976,SWE,144,Sweden,-0.47627886,4,1976q3,1976,198,1,0,0,0,0,0,0,1,0,0,0,0,0,0,0,0
10/1/1976,SWE,144,Sweden,-3.1095478,4,1976q4,1976,201,1,0,0,0,0,0,0,1,0,0,0,0,0,0,0,0
1/1/1977,SWE,144,Sweden,-3.8350801,4,1977q1,1977,204,1,0,0,0,0,0,0,1,0,0,0,0,0,0,0,0
4/1/1977,SWE,144,Sweden,-2.5881081,4,1977q2,1977,207,1,0,0,0,0,0,0,1,0,0,0,0,0,0,0,0
7/1/1977,SWE,144,Sweden,-2.9212723,4,1977q3,1977,210,1,0,0,0,0,0,0,1,0,0,0,0,0,0,0,0
10/1/1977,SWE,144,Sweden,-0.4294522,4,1977q4,1977,213,1,0,0,0,0,0,0,1,0,0,0,0,0,0,0,0
1/1/1978,SWE,144,Sweden,-0.88936552,4,1978q1,1978,216,1,0,0,0,0,0,0,1,0,0,0,0,0,0,0,0
4/1/1978,SWE,144,Sweden,-0.43031435,4,1978q2,1978,219,1,0,0,0,0,0,0,1,0,0,0,0,0,0,0,0
7/1/1978,SWE,144,Sweden,-0.19599463,4,1978q3,1978,222,1,0,0,0,0,0,0,1,0,0,0,0,0,0,0,0
10/1/1978,SWE,144,Sweden,0.72313693,4,1978q4,1978,225,1,0,0,0,0,0,0,1,0,0,0,0,0,0,0,0
1/1/1979,SWE,144,Sweden,-1.1712866,4,1979q1,1979,228,1,0,0,0,0,0,0,1,0,0,0,0,0,0,0,0
4/1/1979,SWE,144,Sweden,-1.8006004,4,1979q2,1979,231,1,0,0,0,0,0,0,1,0,0,0,0,0,0,0,0
7/1/1979,SWE,144,Sweden,-2.6281924,4,1979q3,1979,234,1,0,0,0,0,0,0,1,0,0,0,0,0,0,0,0
10/1/1979,SWE,144,Sweden,-2.2288271,4,1979q4,1979,237,1,0,0,0,0,0,0,1,0,0,0,0,0,0,0,0
1/1/1980,SWE,144,Sweden,-3.536245,4,1980q1,1980,240,1,0,0,0,0,0,0,1,0,0,0,0,0,0,0,0
4/1/1980,SWE,144,Sweden,-4.51211,4,1980q2,1980,243,1,0,0,0,0,0,0,1,0,0,0,0,0,0,0,0
7/1/1980,SWE,144,Sweden,-3.0249902,4,1980q3,1980,246,1,0,0,0,0,0,0,1,0,0,0,0,0,0,0,0
10/1/1980,SWE,144,Sweden,-2.1146016,4,1980q4,1980,249,1,0,0,0,0,0,0,1,0,0,0,0,0,0,0,0
1/1/1981,SWE,144,Sweden,-2.1491054,4,1981q1,1981,252,1,0,0,0,0,0,0,1,0,0,0,0,0,0,0,0
4/1/1981,SWE,144,Sweden,-1.5833568,4,1981q2,1981,255,1,0,0,0,0,0,0,1,0,0,0,0,0,0,0,0
7/1/1981,SWE,144,Sweden,-2.6019854,4,1981q3,1981,258,1,0,0,0,0,0,0,1,0,0,0,0,0,0,0,0
10/1/1981,SWE,144,Sweden,-3.2523073,4,1981q4,1981,261,1,0,0,0,0,0,0,1,0,0,0,0,0,0,0,0
1/1/1982,SWE,144,Sweden,-2.2507481,4,1982q1,1982,264,1,0,0,0,0,0,0,1,0,0,0,0,0,0,0,0
4/1/1982,SWE,144,Sweden,-1.7592843,4,1982q2,1982,267,1,0,0,0,0,0,0,1,0,0,0,0,0,0,0,0
7/1/1982,SWE,144,Sweden,-3.3441471,4,1982q3,1982,270,1,0,0,0,0,0,0,1,0,0,0,0,0,0,0,0
10/1/1982,SWE,144,Sweden,-5.5059317,4,1982q4,1982,273,1,0,0,0,0,0,0,1,0,0,0,0,0,0,0,0
1/1/1983,SWE,144,Sweden,-1.204949,4,1983q1,1983,276,1,0,0,0,0,0,0,1,0,0,0,0,0,0,0,0
4/1/1983,SWE,144,Sweden,0.5680171,4,1983q2,1983,279,1,0,0,0,0,0,0,1,0,0,0,0,0,0,0,0
7/1/1983,SWE,144,Sweden,-1.2109903,4,1983q3,1983,282,1,0,0,0,0,0,0,1,0,0,0,0,0,0,0,0
10/1/1983,SWE,144,Sweden,-1.1325824,4,1983q4,1983,285,1,0,0,0,0,0,0,1,0,0,0,0,0,0,0,0
1/1/1984,SWE,144,Sweden,1.6895715,4,1984q1,1984,288,1,0,0,0,0,0,0,1,0,0,0,0,0,0,0,0
4/1/1984,SWE,144,Sweden,0.28031825,4,1984q2,1984,291,1,0,0,0,0,0,0,1,0,0,0,0,0,0,0,0
7/1/1984,SWE,144,Sweden,0.01055241,4,1984q3,1984,294,1,0,0,0,0,0,0,1,0,0,0,0,0,0,0,0
10/1/1984,SWE,144,Sweden,0.81901701,4,1984q4,1984,297,1,0,0,0,0,0,0,1,0,0,0,0,0,0,0,0
1/1/1985,SWE,144,Sweden,-3.8355715,4,1985q1,1985,300,1,0,0,0,0,0,0,1,0,0,0,0,0,0,0,0
4/1/1985,SWE,144,Sweden,-1.2530026,4,1985q2,1985,303,1,0,0,0,0,0,0,1,0,0,0,0,0,0,0,0
7/1/1985,SWE,144,Sweden,0.24289736,4,1985q3,1985,306,1,0,0,0,0,0,0,1,0,0,0,0,0,0,0,0
10/1/1985,SWE,144,Sweden,0.77583694,4,1985q4,1985,309,1,0,0,0,0,0,0,1,0,0,0,0,0,0,0,0
1/1/1986,SWE,144,Sweden,-0.35679589,4,1986q1,1986,312,1,0,0,0,0,0,0,1,0,0,0,0,0,0,0,0
4/1/1986,SWE,144,Sweden,0.08346112,4,1986q2,1986,315,1,0,0,0,0,0,0,1,0,0,0,0,0,0,0,0
7/1/1986,SWE,144,Sweden,0.8310159,4,1986q3,1986,318,1,0,0,0,0,0,0,1,0,0,0,0,0,0,0,0
10/1/1986,SWE,144,Sweden,-0.39196386,4,1986q4,1986,321,1,0,0,0,0,0,0,1,0,0,0,0,0,0,0,0
1/1/1987,SWE,144,Sweden,-0.24706237,4,1987q1,1987,324,1,0,0,0,0,0,0,1,0,0,0,0,0,0,0,0
4/1/1987,SWE,144,Sweden,0.27097904,4,1987q2,1987,327,1,0,0,0,0,0,0,1,0,0,0,0,0,0,0,0
7/1/1987,SWE,144,Sweden,0.14329076,4,1987q3,1987,330,1,0,0,0,0,0,0,1,0,0,0,0,0,0,0,0
10/1/1987,SWE,144,Sweden,-0.14231714,4,1987q4,1987,333,1,0,0,0,0,0,0,1,0,0,0,0,0,0,0,0
1/1/1988,SWE,144,Sweden,-0.85181812,4,1988q1,1988,336,1,0,0,0,0,0,0,1,0,0,0,0,0,0,0,0
4/1/1988,SWE,144,Sweden,0.28497268,4,1988q2,1988,339,1,0,0,0,0,0,0,1,0,0,0,0,0,0,0,0
7/1/1988,SWE,144,Sweden,-0.05213489,4,1988q3,1988,342,1,0,0,0,0,0,0,1,0,0,0,0,0,0,0,0
10/1/1988,SWE,144,Sweden,-0.45466306,4,1988q4,1988,345,1,0,0,0,0,0,0,1,0,0,0,0,0,0,0,0
1/1/1989,SWE,144,Sweden,-0.58056116,4,1989q1,1989,348,1,0,0,0,0,0,0,1,0,0,0,0,0,0,0,0
4/1/1989,SWE,144,Sweden,-1.2776986,4,1989q2,1989,351,1,0,0,0,0,0,0,1,0,0,0,0,0,0,0,0
7/1/1989,SWE,144,Sweden,-1.217997,4,1989q3,1989,354,1,0,0,0,0,0,0,1,0,0,0,0,0,0,0,0
10/1/1989,SWE,144,Sweden,-2.7565763,4,1989q4,1989,357,1,0,0,0,0,0,0,1,0,0,0,0,0,0,0,0
1/1/1990,SWE,144,Sweden,-2.2172867,4,1990q1,1990,360,1,0,0,0,0,0,0,1,0,0,0,0,0,0,0,0
4/1/1990,SWE,144,Sweden,-1.5592663,4,1990q2,1990,363,1,0,0,0,0,0,0,1,0,0,0,0,0,0,0,0
7/1/1990,SWE,144,Sweden,-3.5257142,4,1990q3,1990,366,1,0,0,0,0,0,0,1,0,0,0,0,0,0,0,0
10/1/1990,SWE,144,Sweden,-2.8268158,4,1990q4,1990,369,1,0,0,0,0,0,0,1,0,0,0,0,0,0,0,0
1/1/1991,SWE,144,Sweden,-2.0177936,4,1991q1,1991,372,1,0,0,0,0,0,0,1,0,0,0,0,0,0,0,0
4/1/1991,SWE,144,Sweden,-1.146295,4,1991q2,1991,375,1,0,0,0,0,0,0,1,0,0,0,0,0,0,0,0
7/1/1991,SWE,144,Sweden,-3.0252499,4,1991q3,1991,378,1,0,0,0,0,0,0,1,0,0,0,0,0,0,0,0
10/1/1991,SWE,144,Sweden,-0.98898341,4,1991q4,1991,381,1,0,0,0,0,0,0,1,0,0,0,0,0,0,0,0
1/1/1992,SWE,144,Sweden,-3.1924224,4,1992q1,1992,384,1,0,0,0,0,0,0,1,0,0,0,0,0,0,0,0
4/1/1992,SWE,144,Sweden,-3.8995986,4,1992q2,1992,387,1,0,0,0,0,0,0,1,0,0,0,0,0,0,0,0
7/1/1992,SWE,144,Sweden,-3.408632,4,1992q3,1992,390,1,0,0,0,0,0,0,1,0,0,0,0,0,0,0,0
10/1/1992,SWE,144,Sweden,-2.7001297,4,1992q4,1992,393,1,0,0,0,0,0,0,1,0,0,0,0,0,0,0,0
1/1/1993,SWE,144,Sweden,-2.402688,1,1993q1,1993,396,1,0,0,0,0,0,0,1,0,0,0,0,0,0,0,0
4/1/1993,SWE,144,Sweden,-1.536237,1,1993q2,1993,399,1,0,0,0,0,0,0,1,0,0,0,0,0,0,0,0
7/1/1993,SWE,144,Sweden,-0.1063903,1,1993q3,1993,402,1,0,0,0,0,0,0,1,0,0,0,0,0,0,0,0
10/1/1993,SWE,144,Sweden,-0.7203314,1,1993q4,1993,405,1,0,0,0,0,0,0,1,0,0,0,0,0,0,0,0
1/1/1994,SWE,144,Sweden,1.101084,1,1994q1,1994,408,1,0,0,0,0,0,0,1,0,0,0,0,0,0,0,0
4/1/1994,SWE,144,Sweden,0.2383524,1,1994q2,1994,411,1,0,0,0,0,0,0,1,0,0,0,0,0,0,0,0
7/1/1994,SWE,144,Sweden,1.030795,1,1994q3,1994,414,1,0,0,0,0,0,0,1,0,0,0,0,0,0,0,0
10/1/1994,SWE,144,Sweden,1.66444,1,1994q4,1994,417,1,0,0,0,0,0,0,1,0,0,0,0,0,0,0,0
1/1/1995,SWE,144,Sweden,2.611133,1,1995q1,1995,420,1,0,0,0,0,0,0,1,0,0,0,0,0,0,0,0
4/1/1995,SWE,144,Sweden,3.290164,1,1995q2,1995,423,1,0,0,0,0,0,0,1,0,0,0,0,0,0,0,0
7/1/1995,SWE,144,Sweden,3.442224,1,1995q3,1995,426,1,0,0,0,0,0,0,1,0,0,0,0,0,0,0,0
10/1/1995,SWE,144,Sweden,3.224514,1,1995q4,1995,429,1,0,0,0,0,0,0,1,0,0,0,0,0,0,0,0
1/1/1996,SWE,144,Sweden,3.238564,1,1996q1,1996,432,1,0,0,0,0,0,0,1,0,0,0,0,0,0,0,0
4/1/1996,SWE,144,Sweden,3.351016,1,1996q2,1996,435,1,0,0,0,0,0,0,1,0,0,0,0,0,0,0,0
7/1/1996,SWE,144,Sweden,3.163007,1,1996q3,1996,438,1,0,0,0,0,0,0,1,0,0,0,0,0,0,0,0
10/1/1996,SWE,144,Sweden,3.018423,1,1996q4,1996,441,1,0,0,0,0,0,0,1,0,0,0,0,0,0,0,0
1/1/1997,SWE,144,Sweden,3.116595,1,1997q1,1997,444,1,0,0,0,0,0,0,1,0,0,0,0,0,0,0,0
4/1/1997,SWE,144,Sweden,3.708508,1,1997q2,1997,447,1,0,0,0,0,0,0,1,0,0,0,0,0,0,0,0
7/1/1997,SWE,144,Sweden,4.542427,1,1997q3,1997,450,1,0,0,0,0,0,0,1,0,0,0,0,0,0,0,0
10/1/1997,SWE,144,Sweden,3.774414,1,1997q4,1997,453,1,0,0,0,0,0,0,1,0,0,0,0,0,0,0,0
1/1/1998,SWE,144,Sweden,2.867381,1,1998q1,1998,456,1,0,0,0,0,0,0,1,0,0,0,0,0,0,0,0
4/1/1998,SWE,144,Sweden,3.136487,1,1998q2,1998,459,1,0,0,0,0,0,0,1,0,0,0,0,0,0,0,0
7/1/1998,SWE,144,Sweden,4.292401,1,1998q3,1998,462,1,0,0,0,0,0,0,1,0,0,0,0,0,0,0,0
10/1/1998,SWE,144,Sweden,3.807585,1,1998q4,1998,465,1,0,0,0,0,0,0,1,0,0,0,0,0,0,0,0
1/1/1999,SWE,144,Sweden,3.010639,1,1999q1,1999,468,1,0,0,0,0,0,0,1,0,0,0,0,0,0,0,0
4/1/1999,SWE,144,Sweden,3.928607,1,1999q2,1999,471,1,0,0,0,0,0,0,1,0,0,0,0,0,0,0,0
7/1/1999,SWE,144,Sweden,3.979136,1,1999q3,1999,474,1,0,0,0,0,0,0,1,0,0,0,0,0,0,0,0
10/1/1999,SWE,144,Sweden,4.302123,1,1999q4,1999,477,1,0,0,0,0,0,0,1,0,0,0,0,0,0,0,0
1/1/2000,SWE,144,Sweden,3.167457,1,2000q1,2000,480,1,0,0,0,0,0,0,1,0,0,0,0,0,0,0,0
4/1/2000,SWE,144,Sweden,3.342104,1,2000q2,2000,483,1,0,0,0,0,0,0,1,0,0,0,0,0,0,0,0
7/1/2000,SWE,144,Sweden,3.552006,1,2000q3,2000,486,1,0,0,0,0,0,0,1,0,0,0,0,0,0,0,0
10/1/2000,SWE,144,Sweden,5.516001,1,2000q4,2000,489,1,0,0,0,0,0,0,1,0,0,0,0,0,0,0,0
1/1/2001,SWE,144,Sweden,3.620404,1,2001q1,2001,492,1,0,0,0,0,0,0,1,0,0,0,0,0,0,0,0
4/1/2001,SWE,144,Sweden,3.692202,1,2001q2,2001,495,1,0,0,0,0,0,0,1,0,0,0,0,0,0,0,0
7/1/2001,SWE,144,Sweden,5.359409,1,2001q3,2001,498,1,0,0,0,0,0,0,1,0,0,0,0,0,0,0,0
10/1/2001,SWE,144,Sweden,5.939639,1,2001q4,2001,501,1,0,0,0,0,0,0,1,0,0,0,0,0,0,0,0
1/1/2002,SWE,144,Sweden,4.871433,1,2002q1,2002,504,1,0,0,0,0,0,0,1,0,0,0,0,0,0,0,0
4/1/2002,SWE,144,Sweden,4.995177,1,2002q2,2002,507,1,0,0,0,0,0,0,1,0,0,0,0,0,0,0,0
7/1/2002,SWE,144,Sweden,4.133013,1,2002q3,2002,510,1,0,0,0,0,0,0,1,0,0,0,0,0,0,0,0
10/1/2002,SWE,144,Sweden,3.425989,1,2002q4,2002,513,1,0,0,0,0,0,0,1,0,0,0,0,0,0,0,0
1/1/2003,SWE,144,Sweden,4.321723,1,2003q1,2003,516,1,0,0,0,0,0,0,1,0,0,0,0,0,0,0,0
4/1/2003,SWE,144,Sweden,5.629588,1,2003q2,2003,519,1,0,0,0,0,0,0,1,0,0,0,0,0,0,0,0
7/1/2003,SWE,144,Sweden,6.732031,1,2003q3,2003,522,1,0,0,0,0,0,0,1,0,0,0,0,0,0,0,0
10/1/2003,SWE,144,Sweden,6.504915,1,2003q4,2003,525,1,0,0,0,0,0,0,1,0,0,0,0,0,0,0,0
1/1/2004,SWE,144,Sweden,5.241108,1,2004q1,2004,528,1,0,0,0,0,0,0,1,0,0,0,0,0,0,0,0
4/1/2004,SWE,144,Sweden,6.441205,1,2004q2,2004,531,1,0,0,0,0,0,0,1,0,0,0,0,0,0,0,0
7/1/2004,SWE,144,Sweden,6.045921,1,2004q3,2004,534,1,0,0,0,0,0,0,1,0,0,0,0,0,0,0,0
10/1/2004,SWE,144,Sweden,6.038529,1,2004q4,2004,537,1,0,0,0,0,0,0,1,0,0,0,0,0,0,0,0
1/1/2005,SWE,144,Sweden,5.444942,1,2005q1,2005,540,1,0,0,0,0,0,0,1,0,0,0,0,0,0,0,0
4/1/2005,SWE,144,Sweden,5.917442,1,2005q2,2005,543,1,0,0,0,0,0,0,1,0,0,0,0,0,0,0,0
7/1/2005,SWE,144,Sweden,6.723015,1,2005q3,2005,546,1,0,0,0,0,0,0,1,0,0,0,0,0,0,0,0
10/1/2005,SWE,144,Sweden,6.070196,1,2005q4,2005,549,1,0,0,0,0,0,0,1,0,0,0,0,0,0,0,0
1/1/2006,SWE,144,Sweden,8.455146,1,2006q1,2006,552,1,0,0,0,0,0,0,1,0,0,0,0,0,0,0,0
4/1/2006,SWE,144,Sweden,7.301398,1,2006q2,2006,555,1,0,0,0,0,0,0,1,0,0,0,0,0,0,0,0
7/1/2006,SWE,144,Sweden,7.98082,1,2006q3,2006,558,1,0,0,0,0,0,0,1,0,0,0,0,0,0,0,0
10/1/2006,SWE,144,Sweden,9.102716,1,2006q4,2006,561,1,0,0,0,0,0,0,1,0,0,0,0,0,0,0,0
1/1/2007,SWE,144,Sweden,8.327268,1,2007q1,2007,564,1,0,0,0,0,0,0,1,0,0,0,0,0,0,0,0
4/1/2007,SWE,144,Sweden,8.307811,1,2007q2,2007,567,1,0,0,0,0,0,0,1,0,0,0,0,0,0,0,0
7/1/2007,SWE,144,Sweden,7.042968,1,2007q3,2007,570,1,0,0,0,0,0,0,1,0,0,0,0,0,0,0,0
10/1/2007,SWE,144,Sweden,9.448767,1,2007q4,2007,573,1,0,0,0,0,0,0,1,0,0,0,0,0,0,0,0
1/1/2008,SWE,144,Sweden,8.456682,1,2008q1,2008,576,1,0,0,0,0,0,0,1,0,0,0,0,0,0,0,0
4/1/2008,SWE,144,Sweden,6.971915,1,2008q2,2008,579,1,0,0,0,0,0,0,1,0,0,0,0,0,0,0,0
7/1/2008,SWE,144,Sweden,8.330719,1,2008q3,2008,582,1,0,0,0,0,0,0,1,0,0,0,0,0,0,0,0
10/1/2008,SWE,144,Sweden,8.113091,1,2008q4,2008,585,1,0,0,0,0,0,0,1,0,0,0,0,0,0,0,0
1/1/2009,SWE,144,Sweden,4.63046,1,2009q1,2009,588,1,0,0,0,0,0,0,1,0,0,0,0,0,0,0,0
4/1/2009,SWE,144,Sweden,7.796537,1,2009q2,2009,591,1,0,0,0,0,0,0,1,0,0,0,0,0,0,0,0
7/1/2009,SWE,144,Sweden,5.546759,1,2009q3,2009,594,1,0,0,0,0,0,0,1,0,0,0,0,0,0,0,0
10/1/2009,SWE,144,Sweden,5.582711,1,2009q4,2009,597,1,0,0,0,0,0,0,1,0,0,0,0,0,0,0,0
1/1/2010,SWE,144,Sweden,5.559162,1,2010q1,2010,600,1,0,0,0,0,0,0,1,0,0,0,0,0,0,0,0
4/1/2010,SWE,144,Sweden,6.040988,1,2010q2,2010,603,1,0,0,0,0,0,0,1,0,0,0,0,0,0,0,0
7/1/2010,SWE,144,Sweden,5.415492,1,2010q3,2010,606,1,0,0,0,0,0,0,1,0,0,0,0,0,0,0,0
10/1/2010,SWE,144,Sweden,6.553534,1,2010q4,2010,609,1,0,0,0,0,0,0,1,0,0,0,0,0,0,0,0
1/1/2011,SWE,144,Sweden,5.82169,1,2011q1,2011,612,1,0,0,0,0,0,0,1,0,0,0,0,0,0,0,0
4/1/2011,SWE,144,Sweden,5.277874,1,2011q2,2011,615,1,0,0,0,0,0,0,1,0,0,0,0,0,0,0,0
7/1/2011,SWE,144,Sweden,6.581253,1,2011q3,2011,618,1,0,0,0,0,0,0,1,0,0,0,0,0,0,0,0
10/1/2011,SWE,144,Sweden,4.413842,1,2011q4,2011,621,1,0,0,0,0,0,0,1,0,0,0,0,0,0,0,0
1/1/2012,SWE,144,Sweden,5.68121,1,2012q1,2012,624,1,0,0,0,0,0,0,1,0,0,0,0,0,0,0,0
4/1/2012,SWE,144,Sweden,5.584023,1,2012q2,2012,627,1,0,0,0,0,0,0,1,0,0,0,0,0,0,0,0
7/1/2012,SWE,144,Sweden,5.36372,1,2012q3,2012,630,1,0,0,0,0,0,0,1,0,0,0,0,0,0,0,0
10/1/2012,SWE,144,Sweden,5.361247,1,2012q4,2012,633,1,0,0,0,0,0,0,1,0,0,0,0,0,0,0,0
1/1/2013,SWE,144,Sweden,4.909096,1,2013q1,2013,636,1,0,0,0,0,0,0,1,0,0,0,0,0,0,0,0
4/1/2013,SWE,144,Sweden,4.289374,1,2013q2,2013,639,1,0,0,0,0,0,0,1,0,0,0,0,0,0,0,0
7/1/2013,SWE,144,Sweden,4.444088,1,2013q3,2013,642,1,0,0,0,0,0,0,1,0,0,0,0,0,0,0,0
10/1/2013,SWE,144,Sweden,3.913526,1,2013q4,2013,645,1,0,0,0,0,0,0,1,0,0,0,0,0,0,0,0
1/1/2014,SWE,144,Sweden,3.260848,1,2014q1,2014,648,1,0,0,0,0,0,0,1,0,0,0,0,0,0,0,0
4/1/2014,SWE,144,Sweden,2.959048,1,2014q2,2014,651,1,0,0,0,0,0,0,1,0,0,0,0,0,0,0,0
7/1/2014,SWE,144,Sweden,3.735353,1,2014q3,2014,654,1,0,0,0,0,0,0,1,0,0,0,0,0,0,0,0
10/1/2014,SWE,144,Sweden,3.958533,1,2014q4,2014,657,1,0,0,0,0,0,0,1,0,0,0,0,0,0,0,0
1/1/2015,SWE,144,Sweden,2.607348,1,2015q1,2015,660,1,0,0,0,0,0,0,1,0,0,0,0,0,0,0,0
4/1/2015,SWE,144,Sweden,3.725359,1,2015q2,2015,663,1,0,0,0,0,0,0,1,0,0,0,0,0,0,0,0
7/1/2015,SWE,144,Sweden,2.763427,1,2015q3,2015,666,1,0,0,0,0,0,0,1,0,0,0,0,0,0,0,0
10/1/2015,SWE,144,Sweden,2.280725,1,2015q4,2015,669,1,0,0,0,0,0,0,1,0,0,0,0,0,0,0,0
1/1/2016,SWE,144,Sweden,1.848137,1,2016q1,2016,672,1,0,0,0,0,0,0,1,0,0,0,0,0,0,0,0
4/1/2016,SWE,144,Sweden,1.970327,1,2016q2,2016,675,1,0,0,0,0,0,0,1,0,0,0,0,0,0,0,0
7/1/2016,SWE,144,Sweden,1.70321,1,2016q3,2016,678,1,0,0,0,0,0,0,1,0,0,0,0,0,0,0,0
10/1/2016,SWE,144,Sweden,2.875758,1,2016q4,2016,681,1,0,0,0,0,0,0,1,0,0,0,0,0,0,0,0
1/1/2017,SWE,144,Sweden,2.156111,1,2017q1,2017,684,1,0,0,0,0,0,0,1,0,0,0,0,0,0,0,0
4/1/2017,SWE,144,Sweden,2.485448,1,2017q2,2017,687,1,0,0,0,0,0,0,1,0,0,0,0,0,0,0,0
7/1/2017,SWE,144,Sweden,1.692251,1,2017q3,2017,690,1,0,0,0,0,0,0,1,0,0,0,0,0,0,0,0
10/1/2017,SWE,144,Sweden,2.472321,1,2017q4,2017,693,1,0,0,0,0,0,0,1,0,0,0,0,0,0,0,0
1/1/2018,SWE,144,Sweden,1.116285,1,2018q1,2018,696,1,0,0,0,0,0,0,1,0,0,0,0,0,0,0,0
4/1/2018,SWE,144,Sweden,2.100004,1,2018q2,2018,699,1,0,0,0,0,0,0,1,0,0,0,0,0,0,0,0
7/1/2018,SWE,144,Sweden,3.490586,1,2018q3,2018,702,1,0,0,0,0,0,0,1,0,0,0,0,0,0,0,0
10/1/2018,SWE,144,Sweden,3.405335,1,2018q4,2018,705,1,0,0,0,0,0,0,1,0,0,0,0,0,0,0,0
1/1/2019,SWE,144,Sweden,4.979695,1,2019q1,2019,708,1,0,0,0,0,0,0,1,0,0,0,0,0,0,0,0
4/1/2019,SWE,144,Sweden,6.159645,1,2019q2,2019,711,1,0,0,0,0,0,0,1,0,0,0,0,0,0,0,0
7/1/2019,SWE,144,Sweden,7.022165,1,2019q3,2019,714,1,0,0,0,0,0,0,1,0,0,0,0,0,0,0,0
10/1/2019,SWE,144,Sweden,4.502425,1,2019q4,2019,717,1,0,0,0,0,0,0,1,0,0,0,0,0,0,0,0
1/1/2020,SWE,144,Sweden,5.756049,1,2020q1,2020,720,1,0,0,0,0,0,0,1,0,0,0,0,0,0,0,0
4/1/2020,SWE,144,Sweden,5.86538,1,2020q2,2020,723,1,0,0,0,0,0,0,1,0,0,0,0,0,0,0,0
7/1/2020,SWE,144,Sweden,5.118656,1,2020q3,2020,726,1,0,0,0,0,0,0,1,0,0,0,0,0,0,0,0
10/1/2020,SWE,144,Sweden,6.162365,1,2020q4,2020,729,1,0,0,0,0,0,0,1,0,0,0,0,0,0,0,0
1/1/2021,SWE,144,Sweden,6.818587,1,2021q1,2021,732,1,0,0,0,0,0,0,1,0,0,0,0,0,0,0,0
4/1/2021,SWE,144,Sweden,7.634048,1,2021q2,2021,735,1,0,0,0,0,0,0,1,0,0,0,0,0,0,0,0
7/1/2021,SWE,144,Sweden,6.081287,1,2021q3,2021,738,1,0,0,0,0,0,0,1,0,0,0,0,0,0,0,0
10/1/2021,SWE,144,Sweden,6.422708,1,2021q4,2021,741,1,0,0,0,0,0,0,1,0,0,0,0,0,0,0,0
1/1/2022,SWE,144,Sweden,5.032402,1,2022q1,2022,744,1,0,0,0,0,0,0,1,0,0,0,0,0,0,0,0
4/1/2022,SWE,144,Sweden,3.590092,1,2022q2,2022,747,1,0,0,0,0,0,0,1,0,0,0,0,0,0,0,0
7/1/2022,SWE,144,Sweden,3.841932,1,2022q3,2022,750,1,0,0,0,0,0,0,1,0,0,0,0,0,0,0,0
10/1/2022,SWE,144,Sweden,6.265031,1,2022q4,2022,753,1,0,0,0,0,0,0,1,0,0,0,0,0,0,0,0
1/1/2023,SWE,144,Sweden,6.610187,1,2023q1,2023,756,1,0,0,0,0,0,0,1,0,0,0,0,0,0,0,0
4/1/2023,SWE,144,Sweden,5.314741,1,2023q2,2023,759,1,0,0,0,0,0,0,1,0,0,0,0,0,0,0,0
7/1/2023,SWE,144,Sweden,7.835195,1,2023q3,2023,762,1,0,0,0,0,0,0,1,0,0,0,0,0,0,0,0
10/1/2023,SWE,144,Sweden,7.645396,1,2023q4,2023,765,1,0,0,0,0,0,0,1,0,0,0,0,0,0,0,0
1/1/2024,SWE,144,Sweden,6.773019,1,2024q1,2024,768,1,0,0,0,0,0,0,1,0,0,0,0,0,0,0,0
4/1/2024,SWE,144,Sweden,8.199677,1,2024q2,2024,771,1,0,0,0,0,0,0,1,0,0,0,0,0,0,0,0
7/1/2024,SWE,144,Sweden,6.714947,1,2024q3,2024,774,1,0,0,0,0,0,0,1,0,0,0,0,0,0,0,0
10/1/2024,SWE,144,Sweden,7.353094,1,2024q4,2024,777,1,0,0,0,0,0,0,1,0,0,0,0,0,0,0,0
1/1/1972,CHE,146,Switzerland,1.4288613,4,1972q1,1972,144,1,0,0,0,0,0,0,1,0,0,0,0,0,1,0,0
4/1/1972,CHE,146,Switzerland,-0.06892307,4,1972q2,1972,147,1,0,0,0,0,0,0,1,0,0,0,0,0,1,0,0
7/1/1972,CHE,146,Switzerland,0.04458474,4,1972q3,1972,150,1,0,0,0,0,0,0,1,0,0,0,0,0,1,0,0
10/1/1972,CHE,146,Switzerland,1.2448597,4,1972q4,1972,153,1,0,0,0,0,0,0,1,0,0,0,0,0,1,0,0
1/1/1973,CHE,146,Switzerland,1.1605303,4,1973q1,1973,156,1,0,0,0,0,0,0,1,0,0,0,0,0,1,0,0
4/1/1973,CHE,146,Switzerland,0.84679378,4,1973q2,1973,159,1,0,0,0,0,0,0,1,0,0,0,0,0,1,0,0
7/1/1973,CHE,146,Switzerland,0.25741644,4,1973q3,1973,162,1,0,0,0,0,0,0,1,0,0,0,0,0,1,0,0
10/1/1973,CHE,146,Switzerland,0.18503364,4,1973q4,1973,165,1,0,0,0,0,0,0,1,0,0,0,0,0,1,0,0
1/1/1974,CHE,146,Switzerland,0.42802105,4,1974q1,1974,168,1,0,0,0,0,0,0,1,0,0,0,0,0,1,0,0
4/1/1974,CHE,146,Switzerland,-0.38105897,4,1974q2,1974,171,1,0,0,0,0,0,0,1,0,0,0,0,0,1,0,0
7/1/1974,CHE,146,Switzerland,-0.63001066,4,1974q3,1974,174,1,0,0,0,0,0,0,1,0,0,0,0,0,1,0,0
10/1/1974,CHE,146,Switzerland,1.7994264,4,1974q4,1974,177,1,0,0,0,0,0,0,1,0,0,0,0,0,1,0,0
1/1/1975,CHE,146,Switzerland,2.624285,4,1975q1,1975,180,1,0,0,0,0,0,0,1,0,0,0,0,0,1,0,0
4/1/1975,CHE,146,Switzerland,3.9307229,4,1975q2,1975,183,1,0,0,0,0,0,0,1,0,0,0,0,0,1,0,0
7/1/1975,CHE,146,Switzerland,4.6338521,4,1975q3,1975,186,1,0,0,0,0,0,0,1,0,0,0,0,0,1,0,0
10/1/1975,CHE,146,Switzerland,6.4379595,4,1975q4,1975,189,1,0,0,0,0,0,0,1,0,0,0,0,0,1,0,0
1/1/1976,CHE,146,Switzerland,6.5842122,4,1976q1,1976,192,1,0,0,0,0,0,0,1,0,0,0,0,0,1,0,0
4/1/1976,CHE,146,Switzerland,6.0981322,4,1976q2,1976,195,1,0,0,0,0,0,0,1,0,0,0,0,0,1,0,0
7/1/1976,CHE,146,Switzerland,3.7586618,4,1976q3,1976,198,1,0,0,0,0,0,0,1,0,0,0,0,0,1,0,0
10/1/1976,CHE,146,Switzerland,5.3926483,4,1976q4,1976,201,1,0,0,0,0,0,0,1,0,0,0,0,0,1,0,0
1/1/1977,CHE,146,Switzerland,6.0698606,4,1977q1,1977,204,1,0,0,0,0,0,0,1,0,0,0,0,0,1,0,0
4/1/1977,CHE,146,Switzerland,4.4004679,4,1977q2,1977,207,1,0,0,0,0,0,0,1,0,0,0,0,0,1,0,0
7/1/1977,CHE,146,Switzerland,3.7230879,4,1977q3,1977,210,1,0,0,0,0,0,0,1,0,0,0,0,0,1,0,0
10/1/1977,CHE,146,Switzerland,5.9729416,4,1977q4,1977,213,1,0,0,0,0,0,0,1,0,0,0,0,0,1,0,0
1/1/1978,CHE,146,Switzerland,6.0263362,4,1978q1,1978,216,1,0,0,0,0,0,0,1,0,0,0,0,0,1,0,0
4/1/1978,CHE,146,Switzerland,3.7978765,4,1978q2,1978,219,1,0,0,0,0,0,0,1,0,0,0,0,0,1,0,0
7/1/1978,CHE,146,Switzerland,3.7885774,4,1978q3,1978,222,1,0,0,0,0,0,0,1,0,0,0,0,0,1,0,0
10/1/1978,CHE,146,Switzerland,4.9991395,4,1978q4,1978,225,1,0,0,0,0,0,0,1,0,0,0,0,0,1,0,0
1/1/1979,CHE,146,Switzerland,5.0150637,4,1979q1,1979,228,1,0,0,0,0,0,0,1,0,0,0,0,0,1,0,0
4/1/1979,CHE,146,Switzerland,3.1580813,4,1979q2,1979,231,1,0,0,0,0,0,0,1,0,0,0,0,0,1,0,0
7/1/1979,CHE,146,Switzerland,0.55883792,4,1979q3,1979,234,1,0,0,0,0,0,0,1,0,0,0,0,0,1,0,0
10/1/1979,CHE,146,Switzerland,0.82678841,4,1979q4,1979,237,1,0,0,0,0,0,0,1,0,0,0,0,0,1,0,0
1/1/1980,CHE,146,Switzerland,0.85644843,4,1980q1,1980,240,1,0,0,0,0,0,0,1,0,0,0,0,0,1,0,0
4/1/1980,CHE,146,Switzerland,-0.8314576,4,1980q2,1980,243,1,0,0,0,0,0,0,1,0,0,0,0,0,1,0,0
7/1/1980,CHE,146,Switzerland,-0.85051134,4,1980q3,1980,246,1,0,0,0,0,0,0,1,0,0,0,0,0,1,0,0
10/1/1980,CHE,146,Switzerland,-1.3102429,4,1980q4,1980,249,1,0,0,0,0,0,0,1,0,0,0,0,0,1,0,0
1/1/1981,CHE,146,Switzerland,4.067006,4,1981q1,1981,252,1,0,0,0,0,0,0,1,0,0,0,0,0,1,0,0
4/1/1981,CHE,146,Switzerland,1.8958367,4,1981q2,1981,255,1,0,0,0,0,0,0,1,0,0,0,0,0,1,0,0
7/1/1981,CHE,146,Switzerland,2.5008358,4,1981q3,1981,258,1,0,0,0,0,0,0,1,0,0,0,0,0,1,0,0
10/1/1981,CHE,146,Switzerland,2.0255916,4,1981q4,1981,261,1,0,0,0,0,0,0,1,0,0,0,0,0,1,0,0
1/1/1982,CHE,146,Switzerland,6.0649492,4,1982q1,1982,264,1,0,0,0,0,0,0,1,0,0,0,0,0,1,0,0
4/1/1982,CHE,146,Switzerland,3.6071297,4,1982q2,1982,267,1,0,0,0,0,0,0,1,0,0,0,0,0,1,0,0
7/1/1982,CHE,146,Switzerland,3.7092816,4,1982q3,1982,270,1,0,0,0,0,0,0,1,0,0,0,0,0,1,0,0
10/1/1982,CHE,146,Switzerland,2.0477781,4,1982q4,1982,273,1,0,0,0,0,0,0,1,0,0,0,0,0,1,0,0
1/1/1983,CHE,146,Switzerland,3.7959527,4,1983q1,1983,276,1,0,0,0,0,0,0,1,0,0,0,0,0,1,0,0
4/1/1983,CHE,146,Switzerland,2.4405381,4,1983q2,1983,279,1,0,0,0,0,0,0,1,0,0,0,0,0,1,0,0
7/1/1983,CHE,146,Switzerland,4.67829,4,1983q3,1983,282,1,0,0,0,0,0,0,1,0,0,0,0,0,1,0,0
10/1/1983,CHE,146,Switzerland,3.7032962,4,1983q4,1983,285,1,0,0,0,0,0,0,1,0,0,0,0,0,1,0,0
1/1/1984,CHE,146,Switzerland,3.2478303,4,1984q1,1984,288,1,0,0,0,0,0,0,1,0,0,0,0,0,1,0,0
4/1/1984,CHE,146,Switzerland,4.9821205,4,1984q2,1984,291,1,0,0,0,0,0,0,1,0,0,0,0,0,1,0,0
7/1/1984,CHE,146,Switzerland,4.7356263,4,1984q3,1984,294,1,0,0,0,0,0,0,1,0,0,0,0,0,1,0,0
10/1/1984,CHE,146,Switzerland,4.605649,4,1984q4,1984,297,1,0,0,0,0,0,0,1,0,0,0,0,0,1,0,0
1/1/1985,CHE,146,Switzerland,5.564796,1,1985q1,1985,300,1,0,0,0,0,0,0,1,0,0,0,0,0,1,0,0
4/1/1985,CHE,146,Switzerland,5.308521,1,1985q2,1985,303,1,0,0,0,0,0,0,1,0,0,0,0,0,1,0,0
7/1/1985,CHE,146,Switzerland,4.92436,1,1985q3,1985,306,1,0,0,0,0,0,0,1,0,0,0,0,0,1,0,0
10/1/1985,CHE,146,Switzerland,6.112167,1,1985q4,1985,309,1,0,0,0,0,0,0,1,0,0,0,0,0,1,0,0
1/1/1986,CHE,146,Switzerland,3.694804,1,1986q1,1986,312,1,0,0,0,0,0,0,1,0,0,0,0,0,1,0,0
4/1/1986,CHE,146,Switzerland,4.815125,1,1986q2,1986,315,1,0,0,0,0,0,0,1,0,0,0,0,0,1,0,0
7/1/1986,CHE,146,Switzerland,2.60101,1,1986q3,1986,318,1,0,0,0,0,0,0,1,0,0,0,0,0,1,0,0
10/1/1986,CHE,146,Switzerland,1.690772,1,1986q4,1986,321,1,0,0,0,0,0,0,1,0,0,0,0,0,1,0,0
1/1/1987,CHE,146,Switzerland,1.869976,1,1987q1,1987,324,1,0,0,0,0,0,0,1,0,0,0,0,0,1,0,0
4/1/1987,CHE,146,Switzerland,2.312085,1,1987q2,1987,327,1,0,0,0,0,0,0,1,0,0,0,0,0,1,0,0
7/1/1987,CHE,146,Switzerland,4.529631,1,1987q3,1987,330,1,0,0,0,0,0,0,1,0,0,0,0,0,1,0,0
10/1/1987,CHE,146,Switzerland,4.727322,1,1987q4,1987,333,1,0,0,0,0,0,0,1,0,0,0,0,0,1,0,0
1/1/1988,CHE,146,Switzerland,5.024975,1,1988q1,1988,336,1,0,0,0,0,0,0,1,0,0,0,0,0,1,0,0
4/1/1988,CHE,146,Switzerland,3.663565,1,1988q2,1988,339,1,0,0,0,0,0,0,1,0,0,0,0,0,1,0,0
7/1/1988,CHE,146,Switzerland,4.047739,1,1988q3,1988,342,1,0,0,0,0,0,0,1,0,0,0,0,0,1,0,0
10/1/1988,CHE,146,Switzerland,4.045145,1,1988q4,1988,345,1,0,0,0,0,0,0,1,0,0,0,0,0,1,0,0
1/1/1989,CHE,146,Switzerland,4.075318,1,1989q1,1989,348,1,0,0,0,0,0,0,1,0,0,0,0,0,1,0,0
4/1/1989,CHE,146,Switzerland,4.019678,1,1989q2,1989,351,1,0,0,0,0,0,0,1,0,0,0,0,0,1,0,0
7/1/1989,CHE,146,Switzerland,3.572156,1,1989q3,1989,354,1,0,0,0,0,0,0,1,0,0,0,0,0,1,0,0
10/1/1989,CHE,146,Switzerland,3.320448,1,1989q4,1989,357,1,0,0,0,0,0,0,1,0,0,0,0,0,1,0,0
1/1/1990,CHE,146,Switzerland,2.635683,1,1990q1,1990,360,1,0,0,0,0,0,0,1,0,0,0,0,0,1,0,0
4/1/1990,CHE,146,Switzerland,3.118385,1,1990q2,1990,363,1,0,0,0,0,0,0,1,0,0,0,0,0,1,0,0
7/1/1990,CHE,146,Switzerland,3.211862,1,1990q3,1990,366,1,0,0,0,0,0,0,1,0,0,0,0,0,1,0,0
10/1/1990,CHE,146,Switzerland,2.770256,1,1990q4,1990,369,1,0,0,0,0,0,0,1,0,0,0,0,0,1,0,0
1/1/1991,CHE,146,Switzerland,3.561698,1,1991q1,1991,372,1,0,0,0,0,0,0,1,0,0,0,0,0,1,0,0
4/1/1991,CHE,146,Switzerland,3.887806,1,1991q2,1991,375,1,0,0,0,0,0,0,1,0,0,0,0,0,1,0,0
7/1/1991,CHE,146,Switzerland,4.597136,1,1991q3,1991,378,1,0,0,0,0,0,0,1,0,0,0,0,0,1,0,0
10/1/1991,CHE,146,Switzerland,4.617022,1,1991q4,1991,381,1,0,0,0,0,0,0,1,0,0,0,0,0,1,0,0
1/1/1992,CHE,146,Switzerland,4.556385,1,1992q1,1992,384,1,0,0,0,0,0,0,1,0,0,0,0,0,1,0,0
4/1/1992,CHE,146,Switzerland,4.349209,1,1992q2,1992,387,1,0,0,0,0,0,0,1,0,0,0,0,0,1,0,0
7/1/1992,CHE,146,Switzerland,4.981318,1,1992q3,1992,390,1,0,0,0,0,0,0,1,0,0,0,0,0,1,0,0
10/1/1992,CHE,146,Switzerland,4.716628,1,1992q4,1992,393,1,0,0,0,0,0,0,1,0,0,0,0,0,1,0,0
1/1/1993,CHE,146,Switzerland,6.639709,1,1993q1,1993,396,1,0,0,0,0,0,0,1,0,0,0,0,0,1,0,0
4/1/1993,CHE,146,Switzerland,5.925593,1,1993q2,1993,399,1,0,0,0,0,0,0,1,0,0,0,0,0,1,0,0
7/1/1993,CHE,146,Switzerland,5.786477,1,1993q3,1993,402,1,0,0,0,0,0,0,1,0,0,0,0,0,1,0,0
10/1/1993,CHE,146,Switzerland,7.386032,1,1993q4,1993,405,1,0,0,0,0,0,0,1,0,0,0,0,0,1,0,0
1/1/1994,CHE,146,Switzerland,6.319781,1,1994q1,1994,408,1,0,0,0,0,0,0,1,0,0,0,0,0,1,0,0
4/1/1994,CHE,146,Switzerland,4.239628,1,1994q2,1994,411,1,0,0,0,0,0,0,1,0,0,0,0,0,1,0,0
7/1/1994,CHE,146,Switzerland,5.064396,1,1994q3,1994,414,1,0,0,0,0,0,0,1,0,0,0,0,0,1,0,0
10/1/1994,CHE,146,Switzerland,6.020389,1,1994q4,1994,417,1,0,0,0,0,0,0,1,0,0,0,0,0,1,0,0
1/1/1995,CHE,146,Switzerland,4.120458,1,1995q1,1995,420,1,0,0,0,0,0,0,1,0,0,0,0,0,1,0,0
4/1/1995,CHE,146,Switzerland,4.247736,1,1995q2,1995,423,1,0,0,0,0,0,0,1,0,0,0,0,0,1,0,0
7/1/1995,CHE,146,Switzerland,5.244322,1,1995q3,1995,426,1,0,0,0,0,0,0,1,0,0,0,0,0,1,0,0
10/1/1995,CHE,146,Switzerland,4.923846,1,1995q4,1995,429,1,0,0,0,0,0,0,1,0,0,0,0,0,1,0,0
1/1/1996,CHE,146,Switzerland,5.623656,1,1996q1,1996,432,1,0,0,0,0,0,0,1,0,0,0,0,0,1,0,0
4/1/1996,CHE,146,Switzerland,4.367901,1,1996q2,1996,435,1,0,0,0,0,0,0,1,0,0,0,0,0,1,0,0
7/1/1996,CHE,146,Switzerland,5.485965,1,1996q3,1996,438,1,0,0,0,0,0,0,1,0,0,0,0,0,1,0,0
10/1/1996,CHE,146,Switzerland,5.214767,1,1996q4,1996,441,1,0,0,0,0,0,0,1,0,0,0,0,0,1,0,0
1/1/1997,CHE,146,Switzerland,8.242056,1,1997q1,1997,444,1,0,0,0,0,0,0,1,0,0,0,0,0,1,0,0
4/1/1997,CHE,146,Switzerland,7.628613,1,1997q2,1997,447,1,0,0,0,0,0,0,1,0,0,0,0,0,1,0,0
7/1/1997,CHE,146,Switzerland,8.680958,1,1997q3,1997,450,1,0,0,0,0,0,0,1,0,0,0,0,0,1,0,0
10/1/1997,CHE,146,Switzerland,9.343861,1,1997q4,1997,453,1,0,0,0,0,0,0,1,0,0,0,0,0,1,0,0
1/1/1998,CHE,146,Switzerland,5.691616,1,1998q1,1998,456,1,0,0,0,0,0,0,1,0,0,0,0,0,1,0,0
4/1/1998,CHE,146,Switzerland,11.19857,1,1998q2,1998,459,1,0,0,0,0,0,0,1,0,0,0,0,0,1,0,0
7/1/1998,CHE,146,Switzerland,7.987693,1,1998q3,1998,462,1,0,0,0,0,0,0,1,0,0,0,0,0,1,0,0
10/1/1998,CHE,146,Switzerland,6.225329,1,1998q4,1998,465,1,0,0,0,0,0,0,1,0,0,0,0,0,1,0,0
1/1/1999,CHE,146,Switzerland,2.035645,1,1999q1,1999,468,1,0,0,0,0,0,0,1,0,0,0,0,0,1,0,0
4/1/1999,CHE,146,Switzerland,10.16389,1,1999q2,1999,471,1,0,0,0,0,0,0,1,0,0,0,0,0,1,0,0
7/1/1999,CHE,146,Switzerland,11.74891,1,1999q3,1999,474,1,0,0,0,0,0,0,1,0,0,0,0,0,1,0,0
10/1/1999,CHE,146,Switzerland,10.06166,1,1999q4,1999,477,1,0,0,0,0,0,0,1,0,0,0,0,0,1,0,0
1/1/2000,CHE,146,Switzerland,8.564095,1,2000q1,2000,480,1,0,0,0,0,0,0,1,0,0,0,0,0,1,0,0
4/1/2000,CHE,146,Switzerland,10.77084,1,2000q2,2000,483,1,0,0,0,0,0,0,1,0,0,0,0,0,1,0,0
7/1/2000,CHE,146,Switzerland,9.76998,1,2000q3,2000,486,1,0,0,0,0,0,0,1,0,0,0,0,0,1,0,0
10/1/2000,CHE,146,Switzerland,12.67781,1,2000q4,2000,489,1,0,0,0,0,0,0,1,0,0,0,0,0,1,0,0
1/1/2001,CHE,146,Switzerland,5.803378,1,2001q1,2001,492,1,0,0,0,0,0,0,1,0,0,0,0,0,1,0,0
4/1/2001,CHE,146,Switzerland,6.216768,1,2001q2,2001,495,1,0,0,0,0,0,0,1,0,0,0,0,0,1,0,0
7/1/2001,CHE,146,Switzerland,4.224156,1,2001q3,2001,498,1,0,0,0,0,0,0,1,0,0,0,0,0,1,0,0
10/1/2001,CHE,146,Switzerland,9.907896,1,2001q4,2001,501,1,0,0,0,0,0,0,1,0,0,0,0,0,1,0,0
1/1/2002,CHE,146,Switzerland,3.175476,1,2002q1,2002,504,1,0,0,0,0,0,0,1,0,0,0,0,0,1,0,0
4/1/2002,CHE,146,Switzerland,6.336533,1,2002q2,2002,507,1,0,0,0,0,0,0,1,0,0,0,0,0,1,0,0
7/1/2002,CHE,146,Switzerland,8.469366,1,2002q3,2002,510,1,0,0,0,0,0,0,1,0,0,0,0,0,1,0,0
10/1/2002,CHE,146,Switzerland,9.502759,1,2002q4,2002,513,1,0,0,0,0,0,0,1,0,0,0,0,0,1,0,0
1/1/2003,CHE,146,Switzerland,9.131135,1,2003q1,2003,516,1,0,0,0,0,0,0,1,0,0,0,0,0,1,0,0
4/1/2003,CHE,146,Switzerland,9.949716,1,2003q2,2003,519,1,0,0,0,0,0,0,1,0,0,0,0,0,1,0,0
7/1/2003,CHE,146,Switzerland,10.24137,1,2003q3,2003,522,1,0,0,0,0,0,0,1,0,0,0,0,0,1,0,0
10/1/2003,CHE,146,Switzerland,14.04933,1,2003q4,2003,525,1,0,0,0,0,0,0,1,0,0,0,0,0,1,0,0
1/1/2004,CHE,146,Switzerland,13.1267,1,2004q1,2004,528,1,0,0,0,0,0,0,1,0,0,0,0,0,1,0,0
4/1/2004,CHE,146,Switzerland,12.8056,1,2004q2,2004,531,1,0,0,0,0,0,0,1,0,0,0,0,0,1,0,0
7/1/2004,CHE,146,Switzerland,12.60637,1,2004q3,2004,534,1,0,0,0,0,0,0,1,0,0,0,0,0,1,0,0
10/1/2004,CHE,146,Switzerland,10.78155,1,2004q4,2004,537,1,0,0,0,0,0,0,1,0,0,0,0,0,1,0,0
1/1/2005,CHE,146,Switzerland,13.12979,1,2005q1,2005,540,1,0,0,0,0,0,0,1,0,0,0,0,0,1,0,0
4/1/2005,CHE,146,Switzerland,11.99715,1,2005q2,2005,543,1,0,0,0,0,0,0,1,0,0,0,0,0,1,0,0
7/1/2005,CHE,146,Switzerland,10.09171,1,2005q3,2005,546,1,0,0,0,0,0,0,1,0,0,0,0,0,1,0,0
10/1/2005,CHE,146,Switzerland,10.44305,1,2005q4,2005,549,1,0,0,0,0,0,0,1,0,0,0,0,0,1,0,0
1/1/2006,CHE,146,Switzerland,13.23347,1,2006q1,2006,552,1,0,0,0,0,0,0,1,0,0,0,0,0,1,0,0
4/1/2006,CHE,146,Switzerland,10.5159,1,2006q2,2006,555,1,0,0,0,0,0,0,1,0,0,0,0,0,1,0,0
7/1/2006,CHE,146,Switzerland,12.33007,1,2006q3,2006,558,1,0,0,0,0,0,0,1,0,0,0,0,0,1,0,0
10/1/2006,CHE,146,Switzerland,14.543,1,2006q4,2006,561,1,0,0,0,0,0,0,1,0,0,0,0,0,1,0,0
1/1/2007,CHE,146,Switzerland,6.887457,1,2007q1,2007,564,1,0,0,0,0,0,0,1,0,0,0,0,0,1,0,0
4/1/2007,CHE,146,Switzerland,10.24511,1,2007q2,2007,567,1,0,0,0,0,0,0,1,0,0,0,0,0,1,0,0
7/1/2007,CHE,146,Switzerland,11.84381,1,2007q3,2007,570,1,0,0,0,0,0,0,1,0,0,0,0,0,1,0,0
10/1/2007,CHE,146,Switzerland,2.953625,1,2007q4,2007,573,1,0,0,0,0,0,0,1,0,0,0,0,0,1,0,0
1/1/2008,CHE,146,Switzerland,1.540375,1,2008q1,2008,576,1,0,0,0,0,0,0,1,0,0,0,0,0,1,0,0
4/1/2008,CHE,146,Switzerland,6.394169,1,2008q2,2008,579,1,0,0,0,0,0,0,1,0,0,0,0,0,1,0,0
7/1/2008,CHE,146,Switzerland,-2.931118,1,2008q3,2008,582,1,0,0,0,0,0,0,1,0,0,0,0,0,1,0,0
10/1/2008,CHE,146,Switzerland,-1.058476,1,2008q4,2008,585,1,0,0,0,0,0,0,1,0,0,0,0,0,1,0,0
1/1/2009,CHE,146,Switzerland,-3.016443,1,2009q1,2009,588,1,0,0,0,0,0,0,1,0,0,0,0,0,1,0,0
4/1/2009,CHE,146,Switzerland,9.091398,1,2009q2,2009,591,1,0,0,0,0,0,0,1,0,0,0,0,0,1,0,0
7/1/2009,CHE,146,Switzerland,7.006122,1,2009q3,2009,594,1,0,0,0,0,0,0,1,0,0,0,0,0,1,0,0
10/1/2009,CHE,146,Switzerland,9.35207,1,2009q4,2009,597,1,0,0,0,0,0,0,1,0,0,0,0,0,1,0,0
1/1/2010,CHE,146,Switzerland,14.21033,1,2010q1,2010,600,1,0,0,0,0,0,0,1,0,0,0,0,0,1,0,0
4/1/2010,CHE,146,Switzerland,12.03021,1,2010q2,2010,603,1,0,0,0,0,0,0,1,0,0,0,0,0,1,0,0
7/1/2010,CHE,146,Switzerland,12.76311,1,2010q3,2010,606,1,0,0,0,0,0,0,1,0,0,0,0,0,1,0,0
10/1/2010,CHE,146,Switzerland,13.73963,1,2010q4,2010,609,1,0,0,0,0,0,0,1,0,0,0,0,0,1,0,0
1/1/2011,CHE,146,Switzerland,7.681743,1,2011q1,2011,612,1,0,0,0,0,0,0,1,0,0,0,0,0,1,0,0
4/1/2011,CHE,146,Switzerland,7.664018,1,2011q2,2011,615,1,0,0,0,0,0,0,1,0,0,0,0,0,1,0,0
7/1/2011,CHE,146,Switzerland,4.182982,1,2011q3,2011,618,1,0,0,0,0,0,0,1,0,0,0,0,0,1,0,0
10/1/2011,CHE,146,Switzerland,5.77481,1,2011q4,2011,621,1,0,0,0,0,0,0,1,0,0,0,0,0,1,0,0
1/1/2012,CHE,146,Switzerland,5.569508,1,2012q1,2012,624,1,0,0,0,0,0,0,1,0,0,0,0,0,1,0,0
4/1/2012,CHE,146,Switzerland,8.934261,1,2012q2,2012,627,1,0,0,0,0,0,0,1,0,0,0,0,0,1,0,0
7/1/2012,CHE,146,Switzerland,9.330935,1,2012q3,2012,630,1,0,0,0,0,0,0,1,0,0,0,0,0,1,0,0
10/1/2012,CHE,146,Switzerland,9.956271,1,2012q4,2012,633,1,0,0,0,0,0,0,1,0,0,0,0,0,1,0,0
1/1/2013,CHE,146,Switzerland,8.242448,1,2013q1,2013,636,1,0,0,0,0,0,0,1,0,0,0,0,0,1,0,0
4/1/2013,CHE,146,Switzerland,11.42022,1,2013q2,2013,639,1,0,0,0,0,0,0,1,0,0,0,0,0,1,0,0
7/1/2013,CHE,146,Switzerland,12.90153,1,2013q3,2013,642,1,0,0,0,0,0,0,1,0,0,0,0,0,1,0,0
10/1/2013,CHE,146,Switzerland,6.650679,1,2013q4,2013,645,1,0,0,0,0,0,0,1,0,0,0,0,0,1,0,0
1/1/2014,CHE,146,Switzerland,6.614734,1,2014q1,2014,648,1,0,0,0,0,0,0,1,0,0,0,0,0,1,0,0
4/1/2014,CHE,146,Switzerland,2.711677,1,2014q2,2014,651,1,0,0,0,0,0,0,1,0,0,0,0,0,1,0,0
7/1/2014,CHE,146,Switzerland,5.139033,1,2014q3,2014,654,1,0,0,0,0,0,0,1,0,0,0,0,0,1,0,0
10/1/2014,CHE,146,Switzerland,12.44284,1,2014q4,2014,657,1,0,0,0,0,0,0,1,0,0,0,0,0,1,0,0
1/1/2015,CHE,146,Switzerland,8.303415,1,2015q1,2015,660,1,0,0,0,0,0,0,1,0,0,0,0,0,1,0,0
4/1/2015,CHE,146,Switzerland,7.432221,1,2015q2,2015,663,1,0,0,0,0,0,0,1,0,0,0,0,0,1,0,0
7/1/2015,CHE,146,Switzerland,10.98002,1,2015q3,2015,666,1,0,0,0,0,0,0,1,0,0,0,0,0,1,0,0
10/1/2015,CHE,146,Switzerland,7.917002,1,2015q4,2015,669,1,0,0,0,0,0,0,1,0,0,0,0,0,1,0,0
1/1/2016,CHE,146,Switzerland,3.51323,1,2016q1,2016,672,1,0,0,0,0,0,0,1,0,0,0,0,0,1,0,0
4/1/2016,CHE,146,Switzerland,7.100641,1,2016q2,2016,675,1,0,0,0,0,0,0,1,0,0,0,0,0,1,0,0
7/1/2016,CHE,146,Switzerland,7.607973,1,2016q3,2016,678,1,0,0,0,0,0,0,1,0,0,0,0,0,1,0,0
10/1/2016,CHE,146,Switzerland,10.50677,1,2016q4,2016,681,1,0,0,0,0,0,0,1,0,0,0,0,0,1,0,0
1/1/2017,CHE,146,Switzerland,3.776483,1,2017q1,2017,684,1,0,0,0,0,0,0,1,0,0,0,0,0,1,0,0
4/1/2017,CHE,146,Switzerland,4.92831,1,2017q2,2017,687,1,0,0,0,0,0,0,1,0,0,0,0,0,1,0,0
7/1/2017,CHE,146,Switzerland,4.75071,1,2017q3,2017,690,1,0,0,0,0,0,0,1,0,0,0,0,0,1,0,0
10/1/2017,CHE,146,Switzerland,6.51193,1,2017q4,2017,693,1,0,0,0,0,0,0,1,0,0,0,0,0,1,0,0
1/1/2018,CHE,146,Switzerland,6.546368,1,2018q1,2018,696,1,0,0,0,0,0,0,1,0,0,0,0,0,1,0,0
4/1/2018,CHE,146,Switzerland,8.415889,1,2018q2,2018,699,1,0,0,0,0,0,0,1,0,0,0,0,0,1,0,0
7/1/2018,CHE,146,Switzerland,4.884659,1,2018q3,2018,702,1,0,0,0,0,0,0,1,0,0,0,0,0,1,0,0
10/1/2018,CHE,146,Switzerland,2.279762,1,2018q4,2018,705,1,0,0,0,0,0,0,1,0,0,0,0,0,1,0,0
1/1/2019,CHE,146,Switzerland,-0.8882828,1,2019q1,2019,708,1,0,0,0,0,0,0,1,0,0,0,0,0,1,0,0
4/1/2019,CHE,146,Switzerland,5.120501,1,2019q2,2019,711,1,0,0,0,0,0,0,1,0,0,0,0,0,1,0,0
7/1/2019,CHE,146,Switzerland,7.808023,1,2019q3,2019,714,1,0,0,0,0,0,0,1,0,0,0,0,0,1,0,0
10/1/2019,CHE,146,Switzerland,1.914153,1,2019q4,2019,717,1,0,0,0,0,0,0,1,0,0,0,0,0,1,0,0
1/1/2020,CHE,146,Switzerland,4.419222,1,2020q1,2020,720,1,0,0,0,0,0,0,1,0,0,0,0,0,1,0,0
4/1/2020,CHE,146,Switzerland,2.696064,1,2020q2,2020,723,1,0,0,0,0,0,0,1,0,0,0,0,0,1,0,0
7/1/2020,CHE,146,Switzerland,7.553248,1,2020q3,2020,726,1,0,0,0,0,0,0,1,0,0,0,0,0,1,0,0
10/1/2020,CHE,146,Switzerland,-12.11504,1,2020q4,2020,729,1,0,0,0,0,0,0,1,0,0,0,0,0,1,0,0
1/1/2021,CHE,146,Switzerland,10.60341,1,2021q1,2021,732,1,0,0,0,0,0,0,1,0,0,0,0,0,1,0,0
4/1/2021,CHE,146,Switzerland,8.085188,1,2021q2,2021,735,1,0,0,0,0,0,0,1,0,0,0,0,0,1,0,0
7/1/2021,CHE,146,Switzerland,10.56698,1,2021q3,2021,738,1,0,0,0,0,0,0,1,0,0,0,0,0,1,0,0
10/1/2021,CHE,146,Switzerland,0.8274553,1,2021q4,2021,741,1,0,0,0,0,0,0,1,0,0,0,0,0,1,0,0
1/1/2022,CHE,146,Switzerland,10.59553,1,2022q1,2022,744,1,0,0,0,0,0,0,1,0,0,0,0,0,1,0,0
4/1/2022,CHE,146,Switzerland,5.325302,1,2022q2,2022,747,1,0,0,0,0,0,0,1,0,0,0,0,0,1,0,0
7/1/2022,CHE,146,Switzerland,12.01928,1,2022q3,2022,750,1,0,0,0,0,0,0,1,0,0,0,0,0,1,0,0
10/1/2022,CHE,146,Switzerland,5.635986,1,2022q4,2022,753,1,0,0,0,0,0,0,1,0,0,0,0,0,1,0,0
1/1/2023,CHE,146,Switzerland,4.202733,1,2023q1,2023,756,1,0,0,0,0,0,0,1,0,0,0,0,0,1,0,0
4/1/2023,CHE,146,Switzerland,4.005444,1,2023q2,2023,759,1,0,0,0,0,0,0,1,0,0,0,0,0,1,0,0
7/1/2023,CHE,146,Switzerland,7.204113,1,2023q3,2023,762,1,0,0,0,0,0,0,1,0,0,0,0,0,1,0,0
10/1/2023,CHE,146,Switzerland,4.738884,1,2023q4,2023,765,1,0,0,0,0,0,0,1,0,0,0,0,0,1,0,0
1/1/2024,CHE,146,Switzerland,9.273867,1,2024q1,2024,768,1,0,0,0,0,0,0,1,0,0,0,0,0,1,0,0
4/1/2024,CHE,146,Switzerland,7.446251,1,2024q2,2024,771,1,0,0,0,0,0,0,1,0,0,0,0,0,1,0,0
7/1/2024,CHE,146,Switzerland,1.088394,1,2024q3,2024,774,1,0,0,0,0,0,0,1,0,0,0,0,0,1,0,0
10/1/2024,CHE,146,Switzerland,4.442353,1,2024q4,2024,777,1,0,0,0,0,0,0,1,0,0,0,0,0,1,0,0
1/1/1961,CAN,156,Canada,-2.85703,4,1961q1,1961,12,1,0,0,0,0,0,0,0,1,0,0,0,0,0,0,0
4/1/1961,CAN,156,Canada,-2.5990721,4,1961q2,1961,15,1,0,0,0,0,0,0,0,1,0,0,0,0,0,0,0
7/1/1961,CAN,156,Canada,-2.5489757,4,1961q3,1961,18,1,0,0,0,0,0,0,0,1,0,0,0,0,0,0,0
10/1/1961,CAN,156,Canada,-3.0384076,4,1961q4,1961,21,1,0,0,0,0,0,0,0,1,0,0,0,0,0,0,0
1/1/1962,CAN,156,Canada,-2.8868494,4,1962q1,1962,24,1,0,0,0,0,0,0,0,1,0,0,0,0,0,0,0
4/1/1962,CAN,156,Canada,-3.2299954,4,1962q2,1962,27,1,0,0,0,0,0,0,0,1,0,0,0,0,0,0,0
7/1/1962,CAN,156,Canada,-2.7480162,4,1962q3,1962,30,1,0,0,0,0,0,0,0,1,0,0,0,0,0,0,0
10/1/1962,CAN,156,Canada,-1.5405689,4,1962q4,1962,33,1,0,0,0,0,0,0,0,1,0,0,0,0,0,0,0
1/1/1963,CAN,156,Canada,-1.5776595,4,1963q1,1963,36,1,0,0,0,0,0,0,0,1,0,0,0,0,0,0,0
4/1/1963,CAN,156,Canada,-1.75403,4,1963q2,1963,39,1,0,0,0,0,0,0,0,1,0,0,0,0,0,0,0
7/1/1963,CAN,156,Canada,-2.4654472,4,1963q3,1963,42,1,0,0,0,0,0,0,0,1,0,0,0,0,0,0,0
10/1/1963,CAN,156,Canada,-1.7833711,4,1963q4,1963,45,1,0,0,0,0,0,0,0,1,0,0,0,0,0,0,0
1/1/1964,CAN,156,Canada,-1.4713764,4,1964q1,1964,48,1,0,0,0,0,0,0,0,1,0,0,0,0,0,0,0
4/1/1964,CAN,156,Canada,-0.81643862,4,1964q2,1964,51,1,0,0,0,0,0,0,0,1,0,0,0,0,0,0,0
7/1/1964,CAN,156,Canada,-0.40278536,4,1964q3,1964,54,1,0,0,0,0,0,0,0,1,0,0,0,0,0,0,0
10/1/1964,CAN,156,Canada,-1.1104866,4,1964q4,1964,57,1,0,0,0,0,0,0,0,1,0,0,0,0,0,0,0
1/1/1965,CAN,156,Canada,-2.9786028,4,1965q1,1965,60,1,0,0,0,0,0,0,0,1,0,0,0,0,0,0,0
4/1/1965,CAN,156,Canada,-3.0888797,4,1965q2,1965,63,1,0,0,0,0,0,0,0,1,0,0,0,0,0,0,0
7/1/1965,CAN,156,Canada,-2.8281686,4,1965q3,1965,66,1,0,0,0,0,0,0,0,1,0,0,0,0,0,0,0
10/1/1965,CAN,156,Canada,-3.3771942,4,1965q4,1965,69,1,0,0,0,0,0,0,0,1,0,0,0,0,0,0,0
1/1/1966,CAN,156,Canada,-2.3492226,4,1966q1,1966,72,1,0,0,0,0,0,0,0,1,0,0,0,0,0,0,0
4/1/1966,CAN,156,Canada,-2.7396339,4,1966q2,1966,75,1,0,0,0,0,0,0,0,1,0,0,0,0,0,0,0
7/1/1966,CAN,156,Canada,-2.0719231,4,1966q3,1966,78,1,0,0,0,0,0,0,0,1,0,0,0,0,0,0,0
10/1/1966,CAN,156,Canada,-3.3063769,4,1966q4,1966,81,1,0,0,0,0,0,0,0,1,0,0,0,0,0,0,0
1/1/1967,CAN,156,Canada,-2.1776619,4,1967q1,1967,84,1,0,0,0,0,0,0,0,1,0,0,0,0,0,0,0
4/1/1967,CAN,156,Canada,-2.2949126,4,1967q2,1967,87,1,0,0,0,0,0,0,0,1,0,0,0,0,0,0,0
7/1/1967,CAN,156,Canada,-1.9291184,4,1967q3,1967,90,1,0,0,0,0,0,0,0,1,0,0,0,0,0,0,0
10/1/1967,CAN,156,Canada,-1.5678401,4,1967q4,1967,93,1,0,0,0,0,0,0,0,1,0,0,0,0,0,0,0
1/1/1968,CAN,156,Canada,-1.5621019,4,1968q1,1968,96,1,0,0,0,0,0,0,0,1,0,0,0,0,0,0,0
4/1/1968,CAN,156,Canada,-0.82373975,4,1968q2,1968,99,1,0,0,0,0,0,0,0,1,0,0,0,0,0,0,0
7/1/1968,CAN,156,Canada,-1.1253125,4,1968q3,1968,102,1,0,0,0,0,0,0,0,1,0,0,0,0,0,0,0
10/1/1968,CAN,156,Canada,-2.0920127,4,1968q4,1968,105,1,0,0,0,0,0,0,0,1,0,0,0,0,0,0,0
1/1/1969,CAN,156,Canada,-2.1276623,4,1969q1,1969,108,1,0,0,0,0,0,0,0,1,0,0,0,0,0,0,0
4/1/1969,CAN,156,Canada,-3.1592744,4,1969q2,1969,111,1,0,0,0,0,0,0,0,1,0,0,0,0,0,0,0
7/1/1969,CAN,156,Canada,-2.7261791,4,1969q3,1969,114,1,0,0,0,0,0,0,0,1,0,0,0,0,0,0,0
10/1/1969,CAN,156,Canada,-2.0425177,4,1969q4,1969,117,1,0,0,0,0,0,0,0,1,0,0,0,0,0,0,0
1/1/1970,CAN,156,Canada,-0.20498436,4,1970q1,1970,120,1,0,0,0,0,0,0,0,1,0,0,0,0,0,0,0
4/1/1970,CAN,156,Canada,0.42574229,4,1970q2,1970,123,1,0,0,0,0,0,0,0,1,0,0,0,0,0,0,0
7/1/1970,CAN,156,Canada,0.20889929,4,1970q3,1970,126,1,0,0,0,0,0,0,0,1,0,0,0,0,0,0,0
10/1/1970,CAN,156,Canada,1.5912523,4,1970q4,1970,129,1,0,0,0,0,0,0,0,1,0,0,0,0,0,0,0
1/1/1971,CAN,156,Canada,-0.06848856,4,1971q1,1971,132,1,0,0,0,0,0,0,0,1,0,0,0,0,0,0,0
4/1/1971,CAN,156,Canada,-0.77025786,4,1971q2,1971,135,1,0,0,0,0,0,0,0,1,0,0,0,0,0,0,0
7/1/1971,CAN,156,Canada,-1.2009088,4,1971q3,1971,138,1,0,0,0,0,0,0,0,1,0,0,0,0,0,0,0
10/1/1971,CAN,156,Canada,-2.2228365,4,1971q4,1971,141,1,0,0,0,0,0,0,0,1,0,0,0,0,0,0,0
1/1/1972,CAN,156,Canada,-2.1799076,4,1972q1,1972,144,1,0,0,0,0,0,0,0,1,0,0,0,0,0,0,0
4/1/1972,CAN,156,Canada,-2.0966343,4,1972q2,1972,147,1,0,0,0,0,0,0,0,1,0,0,0,0,0,0,0
7/1/1972,CAN,156,Canada,-2.8780697,4,1972q3,1972,150,1,0,0,0,0,0,0,0,1,0,0,0,0,0,0,0
10/1/1972,CAN,156,Canada,-1.6424733,4,1972q4,1972,153,1,0,0,0,0,0,0,0,1,0,0,0,0,0,0,0
1/1/1973,CAN,156,Canada,-1.6677146,4,1973q1,1973,156,1,0,0,0,0,0,0,0,1,0,0,0,0,0,0,0
4/1/1973,CAN,156,Canada,-1.3079754,4,1973q2,1973,159,1,0,0,0,0,0,0,0,1,0,0,0,0,0,0,0
7/1/1973,CAN,156,Canada,-1.9723068,4,1973q3,1973,162,1,0,0,0,0,0,0,0,1,0,0,0,0,0,0,0
10/1/1973,CAN,156,Canada,-1.5861575,4,1973q4,1973,165,1,0,0,0,0,0,0,0,1,0,0,0,0,0,0,0
1/1/1974,CAN,156,Canada,-2.1782229,4,1974q1,1974,168,1,0,0,0,0,0,0,0,1,0,0,0,0,0,0,0
4/1/1974,CAN,156,Canada,-2.3981396,4,1974q2,1974,171,1,0,0,0,0,0,0,0,1,0,0,0,0,0,0,0
7/1/1974,CAN,156,Canada,-2.9853828,4,1974q3,1974,174,1,0,0,0,0,0,0,0,1,0,0,0,0,0,0,0
10/1/1974,CAN,156,Canada,-4.1383281,4,1974q4,1974,177,1,0,0,0,0,0,0,0,1,0,0,0,0,0,0,0
1/1/1975,CAN,156,Canada,-5.1957784,4,1975q1,1975,180,1,0,0,0,0,0,0,0,1,0,0,0,0,0,0,0
4/1/1975,CAN,156,Canada,-4.917069,4,1975q2,1975,183,1,0,0,0,0,0,0,0,1,0,0,0,0,0,0,0
7/1/1975,CAN,156,Canada,-4.7493146,4,1975q3,1975,186,1,0,0,0,0,0,0,0,1,0,0,0,0,0,0,0
10/1/1975,CAN,156,Canada,-4.4999384,4,1975q4,1975,189,1,0,0,0,0,0,0,0,1,0,0,0,0,0,0,0
1/1/1976,CAN,156,Canada,-4.3156483,4,1976q1,1976,192,1,0,0,0,0,0,0,0,1,0,0,0,0,0,0,0
4/1/1976,CAN,156,Canada,-3.7490474,4,1976q2,1976,195,1,0,0,0,0,0,0,0,1,0,0,0,0,0,0,0
7/1/1976,CAN,156,Canada,-3.3035665,4,1976q3,1976,198,1,0,0,0,0,0,0,0,1,0,0,0,0,0,0,0
10/1/1976,CAN,156,Canada,-3.7756036,4,1976q4,1976,201,1,0,0,0,0,0,0,0,1,0,0,0,0,0,0,0
1/1/1977,CAN,156,Canada,-3.5050966,4,1977q1,1977,204,1,0,0,0,0,0,0,0,1,0,0,0,0,0,0,0
4/1/1977,CAN,156,Canada,-3.6016276,4,1977q2,1977,207,1,0,0,0,0,0,0,0,1,0,0,0,0,0,0,0
7/1/1977,CAN,156,Canada,-3.480945,4,1977q3,1977,210,1,0,0,0,0,0,0,0,1,0,0,0,0,0,0,0
10/1/1977,CAN,156,Canada,-3.0098176,4,1977q4,1977,213,1,0,0,0,0,0,0,0,1,0,0,0,0,0,0,0
1/1/1978,CAN,156,Canada,-3.0185815,4,1978q1,1978,216,1,0,0,0,0,0,0,0,1,0,0,0,0,0,0,0
4/1/1978,CAN,156,Canada,-3.7348083,4,1978q2,1978,219,1,0,0,0,0,0,0,0,1,0,0,0,0,0,0,0
7/1/1978,CAN,156,Canada,-3.7747495,4,1978q3,1978,222,1,0,0,0,0,0,0,0,1,0,0,0,0,0,0,0
10/1/1978,CAN,156,Canada,-4.9281315,4,1978q4,1978,225,1,0,0,0,0,0,0,0,1,0,0,0,0,0,0,0
1/1/1979,CAN,156,Canada,-3.8972799,4,1979q1,1979,228,1,0,0,0,0,0,0,0,1,0,0,0,0,0,0,0
4/1/1979,CAN,156,Canada,-3.6667658,4,1979q2,1979,231,1,0,0,0,0,0,0,0,1,0,0,0,0,0,0,0
7/1/1979,CAN,156,Canada,-3.3759091,4,1979q3,1979,234,1,0,0,0,0,0,0,0,1,0,0,0,0,0,0,0
10/1/1979,CAN,156,Canada,-3.261645,4,1979q4,1979,237,1,0,0,0,0,0,0,0,1,0,0,0,0,0,0,0
1/1/1980,CAN,156,Canada,-2.3284672,4,1980q1,1980,240,1,0,0,0,0,0,0,0,1,0,0,0,0,0,0,0
4/1/1980,CAN,156,Canada,-3.1482646,4,1980q2,1980,243,1,0,0,0,0,0,0,0,1,0,0,0,0,0,0,0
7/1/1980,CAN,156,Canada,-1.6230295,4,1980q3,1980,246,1,0,0,0,0,0,0,0,1,0,0,0,0,0,0,0
10/1/1980,CAN,156,Canada,-2.2120749,4,1980q4,1980,249,1,0,0,0,0,0,0,0,1,0,0,0,0,0,0,0
1/1/1981,CAN,156,Canada,-4.140543,1,1981q1,1981,252,1,0,0,0,0,0,0,0,1,0,0,0,0,0,0,0
4/1/1981,CAN,156,Canada,-4.626187,1,1981q2,1981,255,1,0,0,0,0,0,0,0,1,0,0,0,0,0,0,0
7/1/1981,CAN,156,Canada,-4.67035,1,1981q3,1981,258,1,0,0,0,0,0,0,0,1,0,0,0,0,0,0,0
10/1/1981,CAN,156,Canada,-3.296622,1,1981q4,1981,261,1,0,0,0,0,0,0,0,1,0,0,0,0,0,0,0
1/1/1982,CAN,156,Canada,-0.4459483,1,1982q1,1982,264,1,0,0,0,0,0,0,0,1,0,0,0,0,0,0,0
4/1/1982,CAN,156,Canada,0.3891172,1,1982q2,1982,267,1,0,0,0,0,0,0,0,1,0,0,0,0,0,0,0
7/1/1982,CAN,156,Canada,1.640826,1,1982q3,1982,270,1,0,0,0,0,0,0,0,1,0,0,0,0,0,0,0
10/1/1982,CAN,156,Canada,0.3424414,1,1982q4,1982,273,1,0,0,0,0,0,0,0,1,0,0,0,0,0,0,0
1/1/1983,CAN,156,Canada,-0.4642443,1,1983q1,1983,276,1,0,0,0,0,0,0,0,1,0,0,0,0,0,0,0
4/1/1983,CAN,156,Canada,0.08850323,1,1983q2,1983,279,1,0,0,0,0,0,0,0,1,0,0,0,0,0,0,0
7/1/1983,CAN,156,Canada,-1.213167,1,1983q3,1983,282,1,0,0,0,0,0,0,0,1,0,0,0,0,0,0,0
10/1/1983,CAN,156,Canada,-1.696001,1,1983q4,1983,285,1,0,0,0,0,0,0,0,1,0,0,0,0,0,0,0
1/1/1984,CAN,156,Canada,-1.259378,1,1984q1,1984,288,1,0,0,0,0,0,0,0,1,0,0,0,0,0,0,0
4/1/1984,CAN,156,Canada,-0.699812,1,1984q2,1984,291,1,0,0,0,0,0,0,0,1,0,0,0,0,0,0,0
7/1/1984,CAN,156,Canada,-0.3439529,1,1984q3,1984,294,1,0,0,0,0,0,0,0,1,0,0,0,0,0,0,0
10/1/1984,CAN,156,Canada,0.4232475,1,1984q4,1984,297,1,0,0,0,0,0,0,0,1,0,0,0,0,0,0,0
1/1/1985,CAN,156,Canada,-0.4015668,1,1985q1,1985,300,1,0,0,0,0,0,0,0,1,0,0,0,0,0,0,0
4/1/1985,CAN,156,Canada,-1.599671,1,1985q2,1985,303,1,0,0,0,0,0,0,0,1,0,0,0,0,0,0,0
7/1/1985,CAN,156,Canada,-2.387114,1,1985q3,1985,306,1,0,0,0,0,0,0,0,1,0,0,0,0,0,0,0
10/1/1985,CAN,156,Canada,-2.190416,1,1985q4,1985,309,1,0,0,0,0,0,0,0,1,0,0,0,0,0,0,0
1/1/1986,CAN,156,Canada,-3.190825,1,1986q1,1986,312,1,0,0,0,0,0,0,0,1,0,0,0,0,0,0,0
4/1/1986,CAN,156,Canada,-2.935225,1,1986q2,1986,315,1,0,0,0,0,0,0,0,1,0,0,0,0,0,0,0
7/1/1986,CAN,156,Canada,-3.244691,1,1986q3,1986,318,1,0,0,0,0,0,0,0,1,0,0,0,0,0,0,0
10/1/1986,CAN,156,Canada,-2.872,1,1986q4,1986,321,1,0,0,0,0,0,0,0,1,0,0,0,0,0,0,0
1/1/1987,CAN,156,Canada,-2.541974,1,1987q1,1987,324,1,0,0,0,0,0,0,0,1,0,0,0,0,0,0,0
4/1/1987,CAN,156,Canada,-2.837404,1,1987q2,1987,327,1,0,0,0,0,0,0,0,1,0,0,0,0,0,0,0
7/1/1987,CAN,156,Canada,-3.164627,1,1987q3,1987,330,1,0,0,0,0,0,0,0,1,0,0,0,0,0,0,0
10/1/1987,CAN,156,Canada,-4.27689,1,1987q4,1987,333,1,0,0,0,0,0,0,0,1,0,0,0,0,0,0,0
1/1/1988,CAN,156,Canada,-3.145276,1,1988q1,1988,336,1,0,0,0,0,0,0,0,1,0,0,0,0,0,0,0
4/1/1988,CAN,156,Canada,-2.669165,1,1988q2,1988,339,1,0,0,0,0,0,0,0,1,0,0,0,0,0,0,0
7/1/1988,CAN,156,Canada,-3.654148,1,1988q3,1988,342,1,0,0,0,0,0,0,0,1,0,0,0,0,0,0,0
10/1/1988,CAN,156,Canada,-2.775483,1,1988q4,1988,345,1,0,0,0,0,0,0,0,1,0,0,0,0,0,0,0
1/1/1989,CAN,156,Canada,-3.178493,1,1989q1,1989,348,1,0,0,0,0,0,0,0,1,0,0,0,0,0,0,0
4/1/1989,CAN,156,Canada,-4.390019,1,1989q2,1989,351,1,0,0,0,0,0,0,0,1,0,0,0,0,0,0,0
7/1/1989,CAN,156,Canada,-3.960349,1,1989q3,1989,354,1,0,0,0,0,0,0,0,1,0,0,0,0,0,0,0
10/1/1989,CAN,156,Canada,-4.273434,1,1989q4,1989,357,1,0,0,0,0,0,0,0,1,0,0,0,0,0,0,0
1/1/1990,CAN,156,Canada,-4.279058,1,1990q1,1990,360,1,0,0,0,0,0,0,0,1,0,0,0,0,0,0,0
4/1/1990,CAN,156,Canada,-3.107426,1,1990q2,1990,363,1,0,0,0,0,0,0,0,1,0,0,0,0,0,0,0
7/1/1990,CAN,156,Canada,-2.919947,1,1990q3,1990,366,1,0,0,0,0,0,0,0,1,0,0,0,0,0,0,0
10/1/1990,CAN,156,Canada,-3.428401,1,1990q4,1990,369,1,0,0,0,0,0,0,0,1,0,0,0,0,0,0,0
1/1/1991,CAN,156,Canada,-3.714078,1,1991q1,1991,372,1,0,0,0,0,0,0,0,1,0,0,0,0,0,0,0
4/1/1991,CAN,156,Canada,-3.459089,1,1991q2,1991,375,1,0,0,0,0,0,0,0,1,0,0,0,0,0,0,0
7/1/1991,CAN,156,Canada,-4.049966,1,1991q3,1991,378,1,0,0,0,0,0,0,0,1,0,0,0,0,0,0,0
10/1/1991,CAN,156,Canada,-3.693138,1,1991q4,1991,381,1,0,0,0,0,0,0,0,1,0,0,0,0,0,0,0
1/1/1992,CAN,156,Canada,-4.092912,1,1992q1,1992,384,1,0,0,0,0,0,0,0,1,0,0,0,0,0,0,0
4/1/1992,CAN,156,Canada,-3.698107,1,1992q2,1992,387,1,0,0,0,0,0,0,0,1,0,0,0,0,0,0,0
7/1/1992,CAN,156,Canada,-3.82507,1,1992q3,1992,390,1,0,0,0,0,0,0,0,1,0,0,0,0,0,0,0
10/1/1992,CAN,156,Canada,-2.827869,1,1992q4,1992,393,1,0,0,0,0,0,0,0,1,0,0,0,0,0,0,0
1/1/1993,CAN,156,Canada,-3.303758,1,1993q1,1993,396,1,0,0,0,0,0,0,0,1,0,0,0,0,0,0,0
4/1/1993,CAN,156,Canada,-3.666416,1,1993q2,1993,399,1,0,0,0,0,0,0,0,1,0,0,0,0,0,0,0
7/1/1993,CAN,156,Canada,-4.137225,1,1993q3,1993,402,1,0,0,0,0,0,0,0,1,0,0,0,0,0,0,0
10/1/1993,CAN,156,Canada,-4.223689,1,1993q4,1993,405,1,0,0,0,0,0,0,0,1,0,0,0,0,0,0,0
1/1/1994,CAN,156,Canada,-2.770185,1,1994q1,1994,408,1,0,0,0,0,0,0,0,1,0,0,0,0,0,0,0
4/1/1994,CAN,156,Canada,-3.264171,1,1994q2,1994,411,1,0,0,0,0,0,0,0,1,0,0,0,0,0,0,0
7/1/1994,CAN,156,Canada,-1.783752,1,1994q3,1994,414,1,0,0,0,0,0,0,0,1,0,0,0,0,0,0,0
10/1/1994,CAN,156,Canada,-1.726222,1,1994q4,1994,417,1,0,0,0,0,0,0,0,1,0,0,0,0,0,0,0
1/1/1995,CAN,156,Canada,-0.8281835,1,1995q1,1995,420,1,0,0,0,0,0,0,0,1,0,0,0,0,0,0,0
4/1/1995,CAN,156,Canada,-2.099279,1,1995q2,1995,423,1,0,0,0,0,0,0,0,1,0,0,0,0,0,0,0
7/1/1995,CAN,156,Canada,-0.8806977,1,1995q3,1995,426,1,0,0,0,0,0,0,0,1,0,0,0,0,0,0,0
10/1/1995,CAN,156,Canada,0.4976923,1,1995q4,1995,429,1,0,0,0,0,0,0,0,1,0,0,0,0,0,0,0
1/1/1996,CAN,156,Canada,0.01042397,1,1996q1,1996,432,1,0,0,0,0,0,0,0,1,0,0,0,0,0,0,0
4/1/1996,CAN,156,Canada,1.202949,1,1996q2,1996,435,1,0,0,0,0,0,0,0,1,0,0,0,0,0,0,0
7/1/1996,CAN,156,Canada,0.4682237,1,1996q3,1996,438,1,0,0,0,0,0,0,0,1,0,0,0,0,0,0,0
10/1/1996,CAN,156,Canada,-0.01276091,1,1996q4,1996,441,1,0,0,0,0,0,0,0,1,0,0,0,0,0,0,0
1/1/1997,CAN,156,Canada,-0.3261011,1,1997q1,1997,444,1,0,0,0,0,0,0,0,1,0,0,0,0,0,0,0
4/1/1997,CAN,156,Canada,-1.029117,1,1997q2,1997,447,1,0,0,0,0,0,0,0,1,0,0,0,0,0,0,0
7/1/1997,CAN,156,Canada,-2.447609,1,1997q3,1997,450,1,0,0,0,0,0,0,0,1,0,0,0,0,0,0,0
10/1/1997,CAN,156,Canada,-1.516916,1,1997q4,1997,453,1,0,0,0,0,0,0,0,1,0,0,0,0,0,0,0
1/1/1998,CAN,156,Canada,-1.66957,1,1998q1,1998,456,1,0,0,0,0,0,0,0,1,0,0,0,0,0,0,0
4/1/1998,CAN,156,Canada,-1.60092,1,1998q2,1998,459,1,0,0,0,0,0,0,0,1,0,0,0,0,0,0,0
7/1/1998,CAN,156,Canada,-1.149891,1,1998q3,1998,462,1,0,0,0,0,0,0,0,1,0,0,0,0,0,0,0
10/1/1998,CAN,156,Canada,-0.9417973,1,1998q4,1998,465,1,0,0,0,0,0,0,0,1,0,0,0,0,0,0,0
1/1/1999,CAN,156,Canada,-0.1468357,1,1999q1,1999,468,1,0,0,0,0,0,0,0,1,0,0,0,0,0,0,0
4/1/1999,CAN,156,Canada,-0.2522702,1,1999q2,1999,471,1,0,0,0,0,0,0,0,1,0,0,0,0,0,0,0
7/1/1999,CAN,156,Canada,0.7241694,1,1999q3,1999,474,1,0,0,0,0,0,0,0,1,0,0,0,0,0,0,0
10/1/1999,CAN,156,Canada,0.3600426,1,1999q4,1999,477,1,0,0,0,0,0,0,0,1,0,0,0,0,0,0,0
1/1/2000,CAN,156,Canada,2.086362,1,2000q1,2000,480,1,0,0,0,0,0,0,0,1,0,0,0,0,0,0,0
4/1/2000,CAN,156,Canada,2.245127,1,2000q2,2000,483,1,0,0,0,0,0,0,0,1,0,0,0,0,0,0,0
7/1/2000,CAN,156,Canada,2.752797,1,2000q3,2000,486,1,0,0,0,0,0,0,0,1,0,0,0,0,0,0,0
10/1/2000,CAN,156,Canada,3.084175,1,2000q4,2000,489,1,0,0,0,0,0,0,0,1,0,0,0,0,0,0,0
1/1/2001,CAN,156,Canada,3.715028,1,2001q1,2001,492,1,0,0,0,0,0,0,0,1,0,0,0,0,0,0,0
4/1/2001,CAN,156,Canada,2.543934,1,2001q2,2001,495,1,0,0,0,0,0,0,0,1,0,0,0,0,0,0,0
7/1/2001,CAN,156,Canada,1.440107,1,2001q3,2001,498,1,0,0,0,0,0,0,0,1,0,0,0,0,0,0,0
10/1/2001,CAN,156,Canada,1.130757,1,2001q4,2001,501,1,0,0,0,0,0,0,0,1,0,0,0,0,0,0,0
1/1/2002,CAN,156,Canada,2.446662,1,2002q1,2002,504,1,0,0,0,0,0,0,0,1,0,0,0,0,0,0,0
4/1/2002,CAN,156,Canada,1.863576,1,2002q2,2002,507,1,0,0,0,0,0,0,0,1,0,0,0,0,0,0,0
7/1/2002,CAN,156,Canada,1.403819,1,2002q3,2002,510,1,0,0,0,0,0,0,0,1,0,0,0,0,0,0,0
10/1/2002,CAN,156,Canada,1.264497,1,2002q4,2002,513,1,0,0,0,0,0,0,0,1,0,0,0,0,0,0,0
1/1/2003,CAN,156,Canada,1.166318,1,2003q1,2003,516,1,0,0,0,0,0,0,0,1,0,0,0,0,0,0,0
4/1/2003,CAN,156,Canada,0.3060466,1,2003q2,2003,519,1,0,0,0,0,0,0,0,1,0,0,0,0,0,0,0
7/1/2003,CAN,156,Canada,1.659069,1,2003q3,2003,522,1,0,0,0,0,0,0,0,1,0,0,0,0,0,0,0
10/1/2003,CAN,156,Canada,1.771096,1,2003q4,2003,525,1,0,0,0,0,0,0,0,1,0,0,0,0,0,0,0
1/1/2004,CAN,156,Canada,2.10613,1,2004q1,2004,528,1,0,0,0,0,0,0,0,1,0,0,0,0,0,0,0
4/1/2004,CAN,156,Canada,2.717769,1,2004q2,2004,531,1,0,0,0,0,0,0,0,1,0,0,0,0,0,0,0
7/1/2004,CAN,156,Canada,2.340841,1,2004q3,2004,534,1,0,0,0,0,0,0,0,1,0,0,0,0,0,0,0
10/1/2004,CAN,156,Canada,2.213769,1,2004q4,2004,537,1,0,0,0,0,0,0,0,1,0,0,0,0,0,0,0
1/1/2005,CAN,156,Canada,0.9029764,1,2005q1,2005,540,1,0,0,0,0,0,0,0,1,0,0,0,0,0,0,0
4/1/2005,CAN,156,Canada,1.108882,1,2005q2,2005,543,1,0,0,0,0,0,0,0,1,0,0,0,0,0,0,0
7/1/2005,CAN,156,Canada,2.202657,1,2005q3,2005,546,1,0,0,0,0,0,0,0,1,0,0,0,0,0,0,0
10/1/2005,CAN,156,Canada,3.400488,1,2005q4,2005,549,1,0,0,0,0,0,0,0,1,0,0,0,0,0,0,0
1/1/2006,CAN,156,Canada,1.850135,1,2006q1,2006,552,1,0,0,0,0,0,0,0,1,0,0,0,0,0,0,0
4/1/2006,CAN,156,Canada,1.215255,1,2006q2,2006,555,1,0,0,0,0,0,0,0,1,0,0,0,0,0,0,0
7/1/2006,CAN,156,Canada,1.311418,1,2006q3,2006,558,1,0,0,0,0,0,0,0,1,0,0,0,0,0,0,0
10/1/2006,CAN,156,Canada,1.4088,1,2006q4,2006,561,1,0,0,0,0,0,0,0,1,0,0,0,0,0,0,0
1/1/2007,CAN,156,Canada,1.02632,1,2007q1,2007,564,1,0,0,0,0,0,0,0,1,0,0,0,0,0,0,0
4/1/2007,CAN,156,Canada,1.498403,1,2007q2,2007,567,1,0,0,0,0,0,0,0,1,0,0,0,0,0,0,0
7/1/2007,CAN,156,Canada,0.3089276,1,2007q3,2007,570,1,0,0,0,0,0,0,0,1,0,0,0,0,0,0,0
10/1/2007,CAN,156,Canada,0.4714218,1,2007q4,2007,573,1,0,0,0,0,0,0,0,1,0,0,0,0,0,0,0
1/1/2008,CAN,156,Canada,0.9017307,1,2008q1,2008,576,1,0,0,0,0,0,0,0,1,0,0,0,0,0,0,0
4/1/2008,CAN,156,Canada,1.328208,1,2008q2,2008,579,1,0,0,0,0,0,0,0,1,0,0,0,0,0,0,0
7/1/2008,CAN,156,Canada,0.9616928,1,2008q3,2008,582,1,0,0,0,0,0,0,0,1,0,0,0,0,0,0,0
10/1/2008,CAN,156,Canada,-2.691938,1,2008q4,2008,585,1,0,0,0,0,0,0,0,1,0,0,0,0,0,0,0
1/1/2009,CAN,156,Canada,-2.739476,1,2009q1,2009,588,1,0,0,0,0,0,0,0,1,0,0,0,0,0,0,0
4/1/2009,CAN,156,Canada,-2.826241,1,2009q2,2009,591,1,0,0,0,0,0,0,0,1,0,0,0,0,0,0,0
7/1/2009,CAN,156,Canada,-3.321334,1,2009q3,2009,594,1,0,0,0,0,0,0,0,1,0,0,0,0,0,0,0
10/1/2009,CAN,156,Canada,-2.752387,1,2009q4,2009,597,1,0,0,0,0,0,0,0,1,0,0,0,0,0,0,0
1/1/2010,CAN,156,Canada,-3.240326,1,2010q1,2010,600,1,0,0,0,0,0,0,0,1,0,0,0,0,0,0,0
4/1/2010,CAN,156,Canada,-3.508746,1,2010q2,2010,603,1,0,0,0,0,0,0,0,1,0,0,0,0,0,0,0
7/1/2010,CAN,156,Canada,-4.812138,1,2010q3,2010,606,1,0,0,0,0,0,0,0,1,0,0,0,0,0,0,0
10/1/2010,CAN,156,Canada,-2.70248,1,2010q4,2010,609,1,0,0,0,0,0,0,0,1,0,0,0,0,0,0,0
1/1/2011,CAN,156,Canada,-3.085241,1,2011q1,2011,612,1,0,0,0,0,0,0,0,1,0,0,0,0,0,0,0
4/1/2011,CAN,156,Canada,-3.117308,1,2011q2,2011,615,1,0,0,0,0,0,0,0,1,0,0,0,0,0,0,0
7/1/2011,CAN,156,Canada,-2.22271,1,2011q3,2011,618,1,0,0,0,0,0,0,0,1,0,0,0,0,0,0,0
10/1/2011,CAN,156,Canada,-2.442324,1,2011q4,2011,621,1,0,0,0,0,0,0,0,1,0,0,0,0,0,0,0
1/1/2012,CAN,156,Canada,-2.906034,1,2012q1,2012,624,1,0,0,0,0,0,0,0,1,0,0,0,0,0,0,0
4/1/2012,CAN,156,Canada,-3.810479,1,2012q2,2012,627,1,0,0,0,0,0,0,0,1,0,0,0,0,0,0,0
7/1/2012,CAN,156,Canada,-3.777485,1,2012q3,2012,630,1,0,0,0,0,0,0,0,1,0,0,0,0,0,0,0
10/1/2012,CAN,156,Canada,-3.638919,1,2012q4,2012,633,1,0,0,0,0,0,0,0,1,0,0,0,0,0,0,0
1/1/2013,CAN,156,Canada,-3.222218,1,2013q1,2013,636,1,0,0,0,0,0,0,0,1,0,0,0,0,0,0,0
4/1/2013,CAN,156,Canada,-3.307339,1,2013q2,2013,639,1,0,0,0,0,0,0,0,1,0,0,0,0,0,0,0
7/1/2013,CAN,156,Canada,-2.941183,1,2013q3,2013,642,1,0,0,0,0,0,0,0,1,0,0,0,0,0,0,0
10/1/2013,CAN,156,Canada,-3.099439,1,2013q4,2013,645,1,0,0,0,0,0,0,0,1,0,0,0,0,0,0,0
1/1/2014,CAN,156,Canada,-2.404948,1,2014q1,2014,648,1,0,0,0,0,0,0,0,1,0,0,0,0,0,0,0
4/1/2014,CAN,156,Canada,-2.055115,1,2014q2,2014,651,1,0,0,0,0,0,0,0,1,0,0,0,0,0,0,0
7/1/2014,CAN,156,Canada,-1.89672,1,2014q3,2014,654,1,0,0,0,0,0,0,0,1,0,0,0,0,0,0,0
10/1/2014,CAN,156,Canada,-2.921432,1,2014q4,2014,657,1,0,0,0,0,0,0,0,1,0,0,0,0,0,0,0
1/1/2015,CAN,156,Canada,-3.894371,1,2015q1,2015,660,1,0,0,0,0,0,0,0,1,0,0,0,0,0,0,0
4/1/2015,CAN,156,Canada,-3.356105,1,2015q2,2015,663,1,0,0,0,0,0,0,0,1,0,0,0,0,0,0,0
7/1/2015,CAN,156,Canada,-3.135246,1,2015q3,2015,666,1,0,0,0,0,0,0,0,1,0,0,0,0,0,0,0
10/1/2015,CAN,156,Canada,-3.597566,1,2015q4,2015,669,1,0,0,0,0,0,0,0,1,0,0,0,0,0,0,0
1/1/2016,CAN,156,Canada,-3.731348,1,2016q1,2016,672,1,0,0,0,0,0,0,0,1,0,0,0,0,0,0,0
4/1/2016,CAN,156,Canada,-3.557572,1,2016q2,2016,675,1,0,0,0,0,0,0,0,1,0,0,0,0,0,0,0
7/1/2016,CAN,156,Canada,-3.225084,1,2016q3,2016,678,1,0,0,0,0,0,0,0,1,0,0,0,0,0,0,0
10/1/2016,CAN,156,Canada,-1.876535,1,2016q4,2016,681,1,0,0,0,0,0,0,0,1,0,0,0,0,0,0,0
1/1/2017,CAN,156,Canada,-2.386397,1,2017q1,2017,684,1,0,0,0,0,0,0,0,1,0,0,0,0,0,0,0
4/1/2017,CAN,156,Canada,-2.808988,1,2017q2,2017,687,1,0,0,0,0,0,0,0,1,0,0,0,0,0,0,0
7/1/2017,CAN,156,Canada,-3.142848,1,2017q3,2017,690,1,0,0,0,0,0,0,0,1,0,0,0,0,0,0,0
10/1/2017,CAN,156,Canada,-2.865436,1,2017q4,2017,693,1,0,0,0,0,0,0,0,1,0,0,0,0,0,0,0
1/1/2018,CAN,156,Canada,-2.728688,1,2018q1,2018,696,1,0,0,0,0,0,0,0,1,0,0,0,0,0,0,0
4/1/2018,CAN,156,Canada,-2.24386,1,2018q2,2018,699,1,0,0,0,0,0,0,0,1,0,0,0,0,0,0,0
7/1/2018,CAN,156,Canada,-1.627657,1,2018q3,2018,702,1,0,0,0,0,0,0,0,1,0,0,0,0,0,0,0
10/1/2018,CAN,156,Canada,-2.919952,1,2018q4,2018,705,1,0,0,0,0,0,0,0,1,0,0,0,0,0,0,0
1/1/2019,CAN,156,Canada,-3.080948,1,2019q1,2019,708,1,0,0,0,0,0,0,0,1,0,0,0,0,0,0,0
4/1/2019,CAN,156,Canada,-1.128215,1,2019q2,2019,711,1,0,0,0,0,0,0,0,1,0,0,0,0,0,0,0
7/1/2019,CAN,156,Canada,-2.178365,1,2019q3,2019,714,1,0,0,0,0,0,0,0,1,0,0,0,0,0,0,0
10/1/2019,CAN,156,Canada,-1.452822,1,2019q4,2019,717,1,0,0,0,0,0,0,0,1,0,0,0,0,0,0,0
1/1/2020,CAN,156,Canada,-3.115712,1,2020q1,2020,720,1,0,0,0,0,0,0,0,1,0,0,0,0,0,0,0
4/1/2020,CAN,156,Canada,-1.404809,1,2020q2,2020,723,1,0,0,0,0,0,0,0,1,0,0,0,0,0,0,0
7/1/2020,CAN,156,Canada,-2.203443,1,2020q3,2020,726,1,0,0,0,0,0,0,0,1,0,0,0,0,0,0,0
10/1/2020,CAN,156,Canada,-1.288687,1,2020q4,2020,729,1,0,0,0,0,0,0,0,1,0,0,0,0,0,0,0
1/1/2021,CAN,156,Canada,-0.2847756,1,2021q1,2021,732,1,0,0,0,0,0,0,0,1,0,0,0,0,0,0,0
4/1/2021,CAN,156,Canada,-0.1004817,1,2021q2,2021,735,1,0,0,0,0,0,0,0,1,0,0,0,0,0,0,0
7/1/2021,CAN,156,Canada,0.3567271,1,2021q3,2021,738,1,0,0,0,0,0,0,0,1,0,0,0,0,0,0,0
10/1/2021,CAN,156,Canada,-0.06269348,1,2021q4,2021,741,1,0,0,0,0,0,0,0,1,0,0,0,0,0,0,0
1/1/2022,CAN,156,Canada,0.4634054,1,2022q1,2022,744,1,0,0,0,0,0,0,0,1,0,0,0,0,0,0,0
4/1/2022,CAN,156,Canada,0.8620905,1,2022q2,2022,747,1,0,0,0,0,0,0,0,1,0,0,0,0,0,0,0
7/1/2022,CAN,156,Canada,-1.157378,1,2022q3,2022,750,1,0,0,0,0,0,0,0,1,0,0,0,0,0,0,0
10/1/2022,CAN,156,Canada,-1.36754,1,2022q4,2022,753,1,0,0,0,0,0,0,0,1,0,0,0,0,0,0,0
1/1/2023,CAN,156,Canada,-0.5427424,1,2023q1,2023,756,1,0,0,0,0,0,0,0,1,0,0,0,0,0,0,0
4/1/2023,CAN,156,Canada,-0.8146205,1,2023q2,2023,759,1,0,0,0,0,0,0,0,1,0,0,0,0,0,0,0
7/1/2023,CAN,156,Canada,-1.084588,1,2023q3,2023,762,1,0,0,0,0,0,0,0,1,0,0,0,0,0,0,0
10/1/2023,CAN,156,Canada,-0.07408604,1,2023q4,2023,765,1,0,0,0,0,0,0,0,1,0,0,0,0,0,0,0
1/1/2024,CAN,156,Canada,-0.2971103,1,2024q1,2024,768,1,0,0,0,0,0,0,0,1,0,0,0,0,0,0,0
4/1/2024,CAN,156,Canada,-0.6236737,1,2024q2,2024,771,1,0,0,0,0,0,0,0,1,0,0,0,0,0,0,0
7/1/2024,CAN,156,Canada,-0.4693485,1,2024q3,2024,774,1,0,0,0,0,0,0,0,1,0,0,0,0,0,0,0
10/1/2024,CAN,156,Canada,-0.6368964,1,2024q4,2024,777,1,0,0,0,0,0,0,0,1,0,0,0,0,0,0,0
1/1/1977,JPN,158,Japan,1.1069066,4,1977q1,1977,204,1,0,0,1,0,0,0,0,0,0,0,0,0,0,0,0
4/1/1977,JPN,158,Japan,1.2782052,4,1977q2,1977,207,1,0,0,1,0,0,0,0,0,0,0,0,0,0,0,0
7/1/1977,JPN,158,Japan,1.5631935,4,1977q3,1977,210,1,0,0,1,0,0,0,0,0,0,0,0,0,0,0,0
10/1/1977,JPN,158,Japan,2.0289892,4,1977q4,1977,213,1,0,0,1,0,0,0,0,0,0,0,0,0,0,0,0
1/1/1978,JPN,158,Japan,2.3053269,4,1978q1,1978,216,1,0,0,1,0,0,0,0,0,0,0,0,0,0,0,0
4/1/1978,JPN,158,Japan,1.827356,4,1978q2,1978,219,1,0,0,1,0,0,0,0,0,0,0,0,0,0,0,0
7/1/1978,JPN,158,Japan,1.5841027,4,1978q3,1978,222,1,0,0,1,0,0,0,0,0,0,0,0,0,0,0,0
10/1/1978,JPN,158,Japan,0.84497813,4,1978q4,1978,225,1,0,0,1,0,0,0,0,0,0,0,0,0,0,0,0
1/1/1979,JPN,158,Japan,0.31119905,4,1979q1,1979,228,1,0,0,1,0,0,0,0,0,0,0,0,0,0,0,0
4/1/1979,JPN,158,Japan,-0.50503841,4,1979q2,1979,231,1,0,0,1,0,0,0,0,0,0,0,0,0,0,0,0
7/1/1979,JPN,158,Japan,-1.6045856,4,1979q3,1979,234,1,0,0,1,0,0,0,0,0,0,0,0,0,0,0,0
10/1/1979,JPN,158,Japan,-1.7880261,4,1979q4,1979,237,1,0,0,1,0,0,0,0,0,0,0,0,0,0,0,0
1/1/1980,JPN,158,Japan,-1.8270288,4,1980q1,1980,240,1,0,0,1,0,0,0,0,0,0,0,0,0,0,0,0
4/1/1980,JPN,158,Japan,-1.7548599,4,1980q2,1980,243,1,0,0,1,0,0,0,0,0,0,0,0,0,0,0,0
7/1/1980,JPN,158,Japan,-0.71813793,4,1980q3,1980,246,1,0,0,1,0,0,0,0,0,0,0,0,0,0,0,0
10/1/1980,JPN,158,Japan,-0.01939283,4,1980q4,1980,249,1,0,0,1,0,0,0,0,0,0,0,0,0,0,0,0
1/1/1981,JPN,158,Japan,0.04213638,4,1981q1,1981,252,1,0,0,1,0,0,0,0,0,0,0,0,0,0,0,0
4/1/1981,JPN,158,Japan,0.33584571,4,1981q2,1981,255,1,0,0,1,0,0,0,0,0,0,0,0,0,0,0,0
7/1/1981,JPN,158,Japan,0.87634024,4,1981q3,1981,258,1,0,0,1,0,0,0,0,0,0,0,0,0,0,0,0
10/1/1981,JPN,158,Japan,0.44966651,4,1981q4,1981,261,1,0,0,1,0,0,0,0,0,0,0,0,0,0,0,0
1/1/1982,JPN,158,Japan,0.43632393,4,1982q1,1982,264,1,0,0,1,0,0,0,0,0,0,0,0,0,0,0,0
4/1/1982,JPN,158,Japan,0.69075164,4,1982q2,1982,267,1,0,0,1,0,0,0,0,0,0,0,0,0,0,0,0
7/1/1982,JPN,158,Japan,0.80251724,4,1982q3,1982,270,1,0,0,1,0,0,0,0,0,0,0,0,0,0,0,0
10/1/1982,JPN,158,Japan,0.63387325,4,1982q4,1982,273,1,0,0,1,0,0,0,0,0,0,0,0,0,0,0,0
1/1/1983,JPN,158,Japan,1.2523845,4,1983q1,1983,276,1,0,0,1,0,0,0,0,0,0,0,0,0,0,0,0
4/1/1983,JPN,158,Japan,1.7731236,4,1983q2,1983,279,1,0,0,1,0,0,0,0,0,0,0,0,0,0,0,0
7/1/1983,JPN,158,Japan,2.0020093,4,1983q3,1983,282,1,0,0,1,0,0,0,0,0,0,0,0,0,0,0,0
10/1/1983,JPN,158,Japan,1.8338169,4,1983q4,1983,285,1,0,0,1,0,0,0,0,0,0,0,0,0,0,0,0
1/1/1984,JPN,158,Japan,2.2568785,4,1984q1,1984,288,1,0,0,1,0,0,0,0,0,0,0,0,0,0,0,0
4/1/1984,JPN,158,Japan,2.7576811,4,1984q2,1984,291,1,0,0,1,0,0,0,0,0,0,0,0,0,0,0,0
7/1/1984,JPN,158,Japan,2.5927114,4,1984q3,1984,294,1,0,0,1,0,0,0,0,0,0,0,0,0,0,0,0
10/1/1984,JPN,158,Japan,3.523806,4,1984q4,1984,297,1,0,0,1,0,0,0,0,0,0,0,0,0,0,0,0
1/1/1985,JPN,158,Japan,3.0709639,4,1985q1,1985,300,1,0,0,1,0,0,0,0,0,0,0,0,0,0,0,0
4/1/1985,JPN,158,Japan,3.8102393,4,1985q2,1985,303,1,0,0,1,0,0,0,0,0,0,0,0,0,0,0,0
7/1/1985,JPN,158,Japan,3.4234891,4,1985q3,1985,306,1,0,0,1,0,0,0,0,0,0,0,0,0,0,0,0
10/1/1985,JPN,158,Japan,3.8209115,4,1985q4,1985,309,1,0,0,1,0,0,0,0,0,0,0,0,0,0,0,0
1/1/1986,JPN,158,Japan,3.4935523,4,1986q1,1986,312,1,0,0,1,0,0,0,0,0,0,0,0,0,0,0,0
4/1/1986,JPN,158,Japan,4.230924,4,1986q2,1986,315,1,0,0,1,0,0,0,0,0,0,0,0,0,0,0,0
7/1/1986,JPN,158,Japan,4.3298167,4,1986q3,1986,318,1,0,0,1,0,0,0,0,0,0,0,0,0,0,0,0
10/1/1986,JPN,158,Japan,4.3386743,4,1986q4,1986,321,1,0,0,1,0,0,0,0,0,0,0,0,0,0,0,0
1/1/1987,JPN,158,Japan,4.0034565,4,1987q1,1987,324,1,0,0,1,0,0,0,0,0,0,0,0,0,0,0,0
4/1/1987,JPN,158,Japan,3.4887512,4,1987q2,1987,327,1,0,0,1,0,0,0,0,0,0,0,0,0,0,0,0
7/1/1987,JPN,158,Japan,3.2630357,4,1987q3,1987,330,1,0,0,1,0,0,0,0,0,0,0,0,0,0,0,0
10/1/1987,JPN,158,Japan,2.7373515,4,1987q4,1987,333,1,0,0,1,0,0,0,0,0,0,0,0,0,0,0,0
1/1/1988,JPN,158,Japan,2.7415518,4,1988q1,1988,336,1,0,0,1,0,0,0,0,0,0,0,0,0,0,0,0
4/1/1988,JPN,158,Japan,2.4663391,4,1988q2,1988,339,1,0,0,1,0,0,0,0,0,0,0,0,0,0,0,0
7/1/1988,JPN,158,Japan,2.6593288,4,1988q3,1988,342,1,0,0,1,0,0,0,0,0,0,0,0,0,0,0,0
10/1/1988,JPN,158,Japan,2.9667534,4,1988q4,1988,345,1,0,0,1,0,0,0,0,0,0,0,0,0,0,0,0
1/1/1989,JPN,158,Japan,2.406733,4,1989q1,1989,348,1,0,0,1,0,0,0,0,0,0,0,0,0,0,0,0
4/1/1989,JPN,158,Japan,2.139092,4,1989q2,1989,351,1,0,0,1,0,0,0,0,0,0,0,0,0,0,0,0
7/1/1989,JPN,158,Japan,2.201931,4,1989q3,1989,354,1,0,0,1,0,0,0,0,0,0,0,0,0,0,0,0
10/1/1989,JPN,158,Japan,1.9705213,4,1989q4,1989,357,1,0,0,1,0,0,0,0,0,0,0,0,0,0,0,0
1/1/1990,JPN,158,Japan,2.3390379,4,1990q1,1990,360,1,0,0,1,0,0,0,0,0,0,0,0,0,0,0,0
4/1/1990,JPN,158,Japan,1.6258242,4,1990q2,1990,363,1,0,0,1,0,0,0,0,0,0,0,0,0,0,0,0
7/1/1990,JPN,158,Japan,1.2894359,4,1990q3,1990,366,1,0,0,1,0,0,0,0,0,0,0,0,0,0,0,0
10/1/1990,JPN,158,Japan,0.76886547,4,1990q4,1990,369,1,0,0,1,0,0,0,0,0,0,0,0,0,0,0,0
1/1/1991,JPN,158,Japan,1.2431641,4,1991q1,1991,372,1,0,0,1,0,0,0,0,0,0,0,0,0,0,0,0
4/1/1991,JPN,158,Japan,2.0407875,4,1991q2,1991,375,1,0,0,1,0,0,0,0,0,0,0,0,0,0,0,0
7/1/1991,JPN,158,Japan,2.1493043,4,1991q3,1991,378,1,0,0,1,0,0,0,0,0,0,0,0,0,0,0,0
10/1/1991,JPN,158,Japan,2.287331,4,1991q4,1991,381,1,0,0,1,0,0,0,0,0,0,0,0,0,0,0,0
1/1/1992,JPN,158,Japan,2.9549394,4,1992q1,1992,384,1,0,0,1,0,0,0,0,0,0,0,0,0,0,0,0
4/1/1992,JPN,158,Japan,2.7133067,4,1992q2,1992,387,1,0,0,1,0,0,0,0,0,0,0,0,0,0,0,0
7/1/1992,JPN,158,Japan,2.815051,4,1992q3,1992,390,1,0,0,1,0,0,0,0,0,0,0,0,0,0,0,0
10/1/1992,JPN,158,Japan,3.2752857,4,1992q4,1992,393,1,0,0,1,0,0,0,0,0,0,0,0,0,0,0,0
1/1/1993,JPN,158,Japan,3.2768607,4,1993q1,1993,396,1,0,0,1,0,0,0,0,0,0,0,0,0,0,0,0
4/1/1993,JPN,158,Japan,2.8234127,4,1993q2,1993,399,1,0,0,1,0,0,0,0,0,0,0,0,0,0,0,0
7/1/1993,JPN,158,Japan,2.9243659,4,1993q3,1993,402,1,0,0,1,0,0,0,0,0,0,0,0,0,0,0,0
10/1/1993,JPN,158,Japan,2.9577144,4,1993q4,1993,405,1,0,0,1,0,0,0,0,0,0,0,0,0,0,0,0
1/1/1994,JPN,158,Japan,2.9303696,4,1994q1,1994,408,1,0,0,1,0,0,0,0,0,0,0,0,0,0,0,0
4/1/1994,JPN,158,Japan,2.7589504,4,1994q2,1994,411,1,0,0,1,0,0,0,0,0,0,0,0,0,0,0,0
7/1/1994,JPN,158,Japan,2.4310456,4,1994q3,1994,414,1,0,0,1,0,0,0,0,0,0,0,0,0,0,0,0
10/1/1994,JPN,158,Japan,2.5506119,4,1994q4,1994,417,1,0,0,1,0,0,0,0,0,0,0,0,0,0,0,0
1/1/1995,JPN,158,Japan,2.1558858,4,1995q1,1995,420,1,0,0,1,0,0,0,0,0,0,0,0,0,0,0,0
4/1/1995,JPN,158,Japan,2.1629549,4,1995q2,1995,423,1,0,0,1,0,0,0,0,0,0,0,0,0,0,0,0
7/1/1995,JPN,158,Japan,2.1868125,4,1995q3,1995,426,1,0,0,1,0,0,0,0,0,0,0,0,0,0,0,0
10/1/1995,JPN,158,Japan,1.8291324,4,1995q4,1995,429,1,0,0,1,0,0,0,0,0,0,0,0,0,0,0,0
1/1/1996,JPN,158,Japan,1.561648,1,1996q1,1996,432,1,0,0,1,0,0,0,0,0,0,0,0,0,0,0,0
4/1/1996,JPN,158,Japan,1.211774,1,1996q2,1996,435,1,0,0,1,0,0,0,0,0,0,0,0,0,0,0,0
7/1/1996,JPN,158,Japan,1.385028,1,1996q3,1996,438,1,0,0,1,0,0,0,0,0,0,0,0,0,0,0,0
10/1/1996,JPN,158,Japan,1.467054,1,1996q4,1996,441,1,0,0,1,0,0,0,0,0,0,0,0,0,0,0,0
1/1/1997,JPN,158,Japan,1.480338,1,1997q1,1997,444,1,0,0,1,0,0,0,0,0,0,0,0,0,0,0,0
4/1/1997,JPN,158,Japan,2.160958,1,1997q2,1997,447,1,0,0,1,0,0,0,0,0,0,0,0,0,0,0,0
7/1/1997,JPN,158,Japan,2.062104,1,1997q3,1997,450,1,0,0,1,0,0,0,0,0,0,0,0,0,0,0,0
10/1/1997,JPN,158,Japan,2.766055,1,1997q4,1997,453,1,0,0,1,0,0,0,0,0,0,0,0,0,0,0,0
1/1/1998,JPN,158,Japan,2.771837,1,1998q1,1998,456,1,0,0,1,0,0,0,0,0,0,0,0,0,0,0,0
4/1/1998,JPN,158,Japan,2.761667,1,1998q2,1998,459,1,0,0,1,0,0,0,0,0,0,0,0,0,0,0,0
7/1/1998,JPN,158,Japan,2.981617,1,1998q3,1998,462,1,0,0,1,0,0,0,0,0,0,0,0,0,0,0,0
10/1/1998,JPN,158,Japan,2.721294,1,1998q4,1998,465,1,0,0,1,0,0,0,0,0,0,0,0,0,0,0,0
1/1/1999,JPN,158,Japan,2.311399,1,1999q1,1999,468,1,0,0,1,0,0,0,0,0,0,0,0,0,0,0,0
4/1/1999,JPN,158,Japan,2.480992,1,1999q2,1999,471,1,0,0,1,0,0,0,0,0,0,0,0,0,0,0,0
7/1/1999,JPN,158,Japan,2.594899,1,1999q3,1999,474,1,0,0,1,0,0,0,0,0,0,0,0,0,0,0,0
10/1/1999,JPN,158,Japan,2.498083,1,1999q4,1999,477,1,0,0,1,0,0,0,0,0,0,0,0,0,0,0,0
1/1/2000,JPN,158,Japan,2.603183,1,2000q1,2000,480,1,0,0,1,0,0,0,0,0,0,0,0,0,0,0,0
4/1/2000,JPN,158,Japan,2.863078,1,2000q2,2000,483,1,0,0,1,0,0,0,0,0,0,0,0,0,0,0,0
7/1/2000,JPN,158,Japan,2.773153,1,2000q3,2000,486,1,0,0,1,0,0,0,0,0,0,0,0,0,0,0,0
10/1/2000,JPN,158,Japan,2.271562,1,2000q4,2000,489,1,0,0,1,0,0,0,0,0,0,0,0,0,0,0,0
1/1/2001,JPN,158,Japan,2.11112,1,2001q1,2001,492,1,0,0,1,0,0,0,0,0,0,0,0,0,0,0,0
4/1/2001,JPN,158,Japan,1.672229,1,2001q2,2001,495,1,0,0,1,0,0,0,0,0,0,0,0,0,0,0,0
7/1/2001,JPN,158,Japan,1.904807,1,2001q3,2001,498,1,0,0,1,0,0,0,0,0,0,0,0,0,0,0,0
10/1/2001,JPN,158,Japan,2.275564,1,2001q4,2001,501,1,0,0,1,0,0,0,0,0,0,0,0,0,0,0,0
1/1/2002,JPN,158,Japan,2.741878,1,2002q1,2002,504,1,0,0,1,0,0,0,0,0,0,0,0,0,0,0,0
4/1/2002,JPN,158,Japan,2.680758,1,2002q2,2002,507,1,0,0,1,0,0,0,0,0,0,0,0,0,0,0,0
7/1/2002,JPN,158,Japan,2.452226,1,2002q3,2002,510,1,0,0,1,0,0,0,0,0,0,0,0,0,0,0,0
10/1/2002,JPN,158,Japan,2.505239,1,2002q4,2002,513,1,0,0,1,0,0,0,0,0,0,0,0,0,0,0,0
1/1/2003,JPN,158,Japan,2.440193,1,2003q1,2003,516,1,0,0,1,0,0,0,0,0,0,0,0,0,0,0,0
4/1/2003,JPN,158,Japan,3.106075,1,2003q2,2003,519,1,0,0,1,0,0,0,0,0,0,0,0,0,0,0,0
7/1/2003,JPN,158,Japan,3.368532,1,2003q3,2003,522,1,0,0,1,0,0,0,0,0,0,0,0,0,0,0,0
10/1/2003,JPN,158,Japan,3.365833,1,2003q4,2003,525,1,0,0,1,0,0,0,0,0,0,0,0,0,0,0,0
1/1/2004,JPN,158,Japan,3.705787,1,2004q1,2004,528,1,0,0,1,0,0,0,0,0,0,0,0,0,0,0,0
4/1/2004,JPN,158,Japan,3.887585,1,2004q2,2004,531,1,0,0,1,0,0,0,0,0,0,0,0,0,0,0,0
7/1/2004,JPN,158,Japan,3.717203,1,2004q3,2004,534,1,0,0,1,0,0,0,0,0,0,0,0,0,0,0,0
10/1/2004,JPN,158,Japan,3.5888,1,2004q4,2004,537,1,0,0,1,0,0,0,0,0,0,0,0,0,0,0,0
1/1/2005,JPN,158,Japan,3.360258,1,2005q1,2005,540,1,0,0,1,0,0,0,0,0,0,0,0,0,0,0,0
4/1/2005,JPN,158,Japan,3.477873,1,2005q2,2005,543,1,0,0,1,0,0,0,0,0,0,0,0,0,0,0,0
7/1/2005,JPN,158,Japan,3.364579,1,2005q3,2005,546,1,0,0,1,0,0,0,0,0,0,0,0,0,0,0,0
10/1/2005,JPN,158,Japan,3.875153,1,2005q4,2005,549,1,0,0,1,0,0,0,0,0,0,0,0,0,0,0,0
1/1/2006,JPN,158,Japan,3.808506,1,2006q1,2006,552,1,0,0,1,0,0,0,0,0,0,0,0,0,0,0,0
4/1/2006,JPN,158,Japan,3.508575,1,2006q2,2006,555,1,0,0,1,0,0,0,0,0,0,0,0,0,0,0,0
7/1/2006,JPN,158,Japan,3.650368,1,2006q3,2006,558,1,0,0,1,0,0,0,0,0,0,0,0,0,0,0,0
10/1/2006,JPN,158,Japan,4.374598,1,2006q4,2006,561,1,0,0,1,0,0,0,0,0,0,0,0,0,0,0,0
1/1/2007,JPN,158,Japan,4.599821,1,2007q1,2007,564,1,0,0,1,0,0,0,0,0,0,0,0,0,0,0,0
4/1/2007,JPN,158,Japan,4.625998,1,2007q2,2007,567,1,0,0,1,0,0,0,0,0,0,0,0,0,0,0,0
7/1/2007,JPN,158,Japan,4.606484,1,2007q3,2007,570,1,0,0,1,0,0,0,0,0,0,0,0,0,0,0,0
10/1/2007,JPN,158,Japan,4.764271,1,2007q4,2007,573,1,0,0,1,0,0,0,0,0,0,0,0,0,0,0,0
1/1/2008,JPN,158,Japan,4.196855,1,2008q1,2008,576,1,0,0,1,0,0,0,0,0,0,0,0,0,0,0,0
4/1/2008,JPN,158,Japan,2.973698,1,2008q2,2008,579,1,0,0,1,0,0,0,0,0,0,0,0,0,0,0,0
7/1/2008,JPN,158,Japan,2.225714,1,2008q3,2008,582,1,0,0,1,0,0,0,0,0,0,0,0,0,0,0,0
10/1/2008,JPN,158,Japan,1.729281,1,2008q4,2008,585,1,0,0,1,0,0,0,0,0,0,0,0,0,0,0,0
1/1/2009,JPN,158,Japan,1.482996,1,2009q1,2009,588,1,0,0,1,0,0,0,0,0,0,0,0,0,0,0,0
4/1/2009,JPN,158,Japan,2.836333,1,2009q2,2009,591,1,0,0,1,0,0,0,0,0,0,0,0,0,0,0,0
7/1/2009,JPN,158,Japan,2.894526,1,2009q3,2009,594,1,0,0,1,0,0,0,0,0,0,0,0,0,0,0,0
10/1/2009,JPN,158,Japan,3.809811,1,2009q4,2009,597,1,0,0,1,0,0,0,0,0,0,0,0,0,0,0,0
1/1/2010,JPN,158,Japan,3.875749,1,2010q1,2010,600,1,0,0,1,0,0,0,0,0,0,0,0,0,0,0,0
4/1/2010,JPN,158,Japan,3.655946,1,2010q2,2010,603,1,0,0,1,0,0,0,0,0,0,0,0,0,0,0,0
7/1/2010,JPN,158,Japan,3.756486,1,2010q3,2010,606,1,0,0,1,0,0,0,0,0,0,0,0,0,0,0,0
10/1/2010,JPN,158,Japan,4.050756,1,2010q4,2010,609,1,0,0,1,0,0,0,0,0,0,0,0,0,0,0,0
1/1/2011,JPN,158,Japan,3.037825,1,2011q1,2011,612,1,0,0,1,0,0,0,0,0,0,0,0,0,0,0,0
4/1/2011,JPN,158,Japan,1.622299,1,2011q2,2011,615,1,0,0,1,0,0,0,0,0,0,0,0,0,0,0,0
7/1/2011,JPN,158,Japan,2.049469,1,2011q3,2011,618,1,0,0,1,0,0,0,0,0,0,0,0,0,0,0,0
10/1/2011,JPN,158,Japan,1.523657,1,2011q4,2011,621,1,0,0,1,0,0,0,0,0,0,0,0,0,0,0,0
1/1/2012,JPN,158,Japan,1.277785,1,2012q1,2012,624,1,0,0,1,0,0,0,0,0,0,0,0,0,0,0,0
4/1/2012,JPN,158,Japan,1.049825,1,2012q2,2012,627,1,0,0,1,0,0,0,0,0,0,0,0,0,0,0,0
7/1/2012,JPN,158,Japan,0.6478013,1,2012q3,2012,630,1,0,0,1,0,0,0,0,0,0,0,0,0,0,0,0
10/1/2012,JPN,158,Japan,1.045867,1,2012q4,2012,633,1,0,0,1,0,0,0,0,0,0,0,0,0,0,0,0
1/1/2013,JPN,158,Japan,0.7291632,1,2013q1,2013,636,1,0,0,1,0,0,0,0,0,0,0,0,0,0,0,0
4/1/2013,JPN,158,Japan,1.772642,1,2013q2,2013,639,1,0,0,1,0,0,0,0,0,0,0,0,0,0,0,0
7/1/2013,JPN,158,Japan,0.779662,1,2013q3,2013,642,1,0,0,1,0,0,0,0,0,0,0,0,0,0,0,0
10/1/2013,JPN,158,Japan,0.2631464,1,2013q4,2013,645,1,0,0,1,0,0,0,0,0,0,0,0,0,0,0,0
1/1/2014,JPN,158,Japan,-0.7256809,1,2014q1,2014,648,1,0,0,1,0,0,0,0,0,0,0,0,0,0,0,0
4/1/2014,JPN,158,Japan,0.8585923,1,2014q2,2014,651,1,0,0,1,0,0,0,0,0,0,0,0,0,0,0,0
7/1/2014,JPN,158,Japan,0.7276248,1,2014q3,2014,654,1,0,0,1,0,0,0,0,0,0,0,0,0,0,0,0
10/1/2014,JPN,158,Japan,2.279002,1,2014q4,2014,657,1,0,0,1,0,0,0,0,0,0,0,0,0,0,0,0
1/1/2015,JPN,158,Japan,2.788721,1,2015q1,2015,660,1,0,0,1,0,0,0,0,0,0,0,0,0,0,0,0
4/1/2015,JPN,158,Japan,3.168376,1,2015q2,2015,663,1,0,0,1,0,0,0,0,0,0,0,0,0,0,0,0
7/1/2015,JPN,158,Japan,2.901958,1,2015q3,2015,666,1,0,0,1,0,0,0,0,0,0,0,0,0,0,0,0
10/1/2015,JPN,158,Japan,3.460315,1,2015q4,2015,669,1,0,0,1,0,0,0,0,0,0,0,0,0,0,0,0
1/1/2016,JPN,158,Japan,3.897405,1,2016q1,2016,672,1,0,0,1,0,0,0,0,0,0,0,0,0,0,0,0
4/1/2016,JPN,158,Japan,3.81261,1,2016q2,2016,675,1,0,0,1,0,0,0,0,0,0,0,0,0,0,0,0
7/1/2016,JPN,158,Japan,3.767303,1,2016q3,2016,678,1,0,0,1,0,0,0,0,0,0,0,0,0,0,0,0
10/1/2016,JPN,158,Japan,3.909477,1,2016q4,2016,681,1,0,0,1,0,0,0,0,0,0,0,0,0,0,0,0
1/1/2017,JPN,158,Japan,4.361997,1,2017q1,2017,684,1,0,0,1,0,0,0,0,0,0,0,0,0,0,0,0
4/1/2017,JPN,158,Japan,3.743685,1,2017q2,2017,687,1,0,0,1,0,0,0,0,0,0,0,0,0,0,0,0
7/1/2017,JPN,158,Japan,4.478153,1,2017q3,2017,690,1,0,0,1,0,0,0,0,0,0,0,0,0,0,0,0
10/1/2017,JPN,158,Japan,4.102674,1,2017q4,2017,693,1,0,0,1,0,0,0,0,0,0,0,0,0,0,0,0
1/1/2018,JPN,158,Japan,3.748173,1,2018q1,2018,696,1,0,0,1,0,0,0,0,0,0,0,0,0,0,0,0
4/1/2018,JPN,158,Japan,3.977902,1,2018q2,2018,699,1,0,0,1,0,0,0,0,0,0,0,0,0,0,0,0
7/1/2018,JPN,158,Japan,3.378671,1,2018q3,2018,702,1,0,0,1,0,0,0,0,0,0,0,0,0,0,0,0
10/1/2018,JPN,158,Japan,2.933897,1,2018q4,2018,705,1,0,0,1,0,0,0,0,0,0,0,0,0,0,0,0
1/1/2019,JPN,158,Japan,3.661855,1,2019q1,2019,708,1,0,0,1,0,0,0,0,0,0,0,0,0,0,0,0
4/1/2019,JPN,158,Japan,3.438574,1,2019q2,2019,711,1,0,0,1,0,0,0,0,0,0,0,0,0,0,0,0
7/1/2019,JPN,158,Japan,3.071258,1,2019q3,2019,714,1,0,0,1,0,0,0,0,0,0,0,0,0,0,0,0
10/1/2019,JPN,158,Japan,3.357049,1,2019q4,2019,717,1,0,0,1,0,0,0,0,0,0,0,0,0,0,0,0
1/1/2020,JPN,158,Japan,3.593269,1,2020q1,2020,720,1,0,0,1,0,0,0,0,0,0,0,0,0,0,0,0
4/1/2020,JPN,158,Japan,1.110444,1,2020q2,2020,723,1,0,0,1,0,0,0,0,0,0,0,0,0,0,0,0
7/1/2020,JPN,158,Japan,2.67326,1,2020q3,2020,726,1,0,0,1,0,0,0,0,0,0,0,0,0,0,0,0
10/1/2020,JPN,158,Japan,4.225769,1,2020q4,2020,729,1,0,0,1,0,0,0,0,0,0,0,0,0,0,0,0
1/1/2021,JPN,158,Japan,4.356,1,2021q1,2021,732,1,0,0,1,0,0,0,0,0,0,0,0,0,0,0,0
4/1/2021,JPN,158,Japan,4.384868,1,2021q2,2021,735,1,0,0,1,0,0,0,0,0,0,0,0,0,0,0,0
7/1/2021,JPN,158,Japan,3.373463,1,2021q3,2021,738,1,0,0,1,0,0,0,0,0,0,0,0,0,0,0,0
10/1/2021,JPN,158,Japan,3.32491,1,2021q4,2021,741,1,0,0,1,0,0,0,0,0,0,0,0,0,0,0,0
1/1/2022,JPN,158,Japan,3.512347,1,2022q1,2022,744,1,0,0,1,0,0,0,0,0,0,0,0,0,0,0,0
4/1/2022,JPN,158,Japan,1.905318,1,2022q2,2022,747,1,0,0,1,0,0,0,0,0,0,0,0,0,0,0,0
7/1/2022,JPN,158,Japan,0.3310383,1,2022q3,2022,750,1,0,0,1,0,0,0,0,0,0,0,0,0,0,0,0
10/1/2022,JPN,158,Japan,1.908977,1,2022q4,2022,753,1,0,0,1,0,0,0,0,0,0,0,0,0,0,0,0
1/1/2023,JPN,158,Japan,2.193739,1,2023q1,2023,756,1,0,0,1,0,0,0,0,0,0,0,0,0,0,0,0
4/1/2023,JPN,158,Japan,4.079682,1,2023q2,2023,759,1,0,0,1,0,0,0,0,0,0,0,0,0,0,0,0
7/1/2023,JPN,158,Japan,4.365441,1,2023q3,2023,762,1,0,0,1,0,0,0,0,0,0,0,0,0,0,0,0
10/1/2023,JPN,158,Japan,4.575593,1,2023q4,2023,765,1,0,0,1,0,0,0,0,0,0,0,0,0,0,0,0
1/1/2024,JPN,158,Japan,4.39843,1,2024q1,2024,768,1,0,0,1,0,0,0,0,0,0,0,0,0,0,0,0
4/1/2024,JPN,158,Japan,4.718997,1,2024q2,2024,771,1,0,0,1,0,0,0,0,0,0,0,0,0,0,0,0
7/1/2024,JPN,158,Japan,4.731396,1,2024q3,2024,774,1,0,0,1,0,0,0,0,0,0,0,0,0,0,0,0
10/1/2024,JPN,158,Japan,5.295128,1,2024q4,2024,777,1,0,0,1,0,0,0,0,0,0,0,0,0,0,0,0
1/1/2025,JPN,158,Japan,4.906077,1,2025q1,2025,780,1,0,0,1,0,0,0,0,0,0,0,0,0,0,0,0
1/1/1975,FIN,172,Finland,-7.2580031,4,1975q1,1975,180,1,0,0,0,0,0,0,1,0,0,0,0,0,0,0,0
4/1/1975,FIN,172,Finland,-6.1570093,4,1975q2,1975,183,1,0,0,0,0,0,0,1,0,0,0,0,0,0,0,0
7/1/1975,FIN,172,Finland,-5.4621783,4,1975q3,1975,186,1,0,0,0,0,0,0,1,0,0,0,0,0,0,0,0
10/1/1975,FIN,172,Finland,-4.0425122,4,1975q4,1975,189,1,0,0,0,0,0,0,1,0,0,0,0,0,0,0,0
1/1/1976,FIN,172,Finland,-3.8908599,4,1976q1,1976,192,1,0,0,0,0,0,0,1,0,0,0,0,0,0,0,0
4/1/1976,FIN,172,Finland,-1.2297764,4,1976q2,1976,195,1,0,0,0,0,0,0,1,0,0,0,0,0,0,0,0
7/1/1976,FIN,172,Finland,-2.6817753,4,1976q3,1976,198,1,0,0,0,0,0,0,1,0,0,0,0,0,0,0,0
10/1/1976,FIN,172,Finland,-2.739909,4,1976q4,1976,201,1,0,0,0,0,0,0,1,0,0,0,0,0,0,0,0
1/1/1977,FIN,172,Finland,-0.39174303,4,1977q1,1977,204,1,0,0,0,0,0,0,1,0,0,0,0,0,0,0,0
4/1/1977,FIN,172,Finland,-2.6302585,4,1977q2,1977,207,1,0,0,0,0,0,0,1,0,0,0,0,0,0,0,0
7/1/1977,FIN,172,Finland,1.3535323,4,1977q3,1977,210,1,0,0,0,0,0,0,1,0,0,0,0,0,0,0,0
10/1/1977,FIN,172,Finland,0.41302192,4,1977q4,1977,213,1,0,0,0,0,0,0,1,0,0,0,0,0,0,0,0
1/1/1978,FIN,172,Finland,0.18251541,4,1978q1,1978,216,1,0,0,0,0,0,0,1,0,0,0,0,0,0,0,0
4/1/1978,FIN,172,Finland,1.4139617,4,1978q2,1978,219,1,0,0,0,0,0,0,1,0,0,0,0,0,0,0,0
7/1/1978,FIN,172,Finland,2.1174356,4,1978q3,1978,222,1,0,0,0,0,0,0,1,0,0,0,0,0,0,0,0
10/1/1978,FIN,172,Finland,2.740197,4,1978q4,1978,225,1,0,0,0,0,0,0,1,0,0,0,0,0,0,0,0
1/1/1979,FIN,172,Finland,0.92861298,4,1979q1,1979,228,1,0,0,0,0,0,0,1,0,0,0,0,0,0,0,0
4/1/1979,FIN,172,Finland,0.88270537,4,1979q2,1979,231,1,0,0,0,0,0,0,1,0,0,0,0,0,0,0,0
7/1/1979,FIN,172,Finland,-1.1535792,4,1979q3,1979,234,1,0,0,0,0,0,0,1,0,0,0,0,0,0,0,0
10/1/1979,FIN,172,Finland,-1.6024922,4,1979q4,1979,237,1,0,0,0,0,0,0,1,0,0,0,0,0,0,0,0
1/1/1980,FIN,172,Finland,-2.1339909,4,1980q1,1980,240,1,0,0,0,0,0,0,1,0,0,0,0,0,0,0,0
4/1/1980,FIN,172,Finland,-2.8850676,4,1980q2,1980,243,1,0,0,0,0,0,0,1,0,0,0,0,0,0,0,0
7/1/1980,FIN,172,Finland,-3.2215549,4,1980q3,1980,246,1,0,0,0,0,0,0,1,0,0,0,0,0,0,0,0
10/1/1980,FIN,172,Finland,-1.1735436,4,1980q4,1980,249,1,0,0,0,0,0,0,1,0,0,0,0,0,0,0,0
1/1/1981,FIN,172,Finland,0.19345901,4,1981q1,1981,252,1,0,0,0,0,0,0,1,0,0,0,0,0,0,0,0
4/1/1981,FIN,172,Finland,-0.95018367,4,1981q2,1981,255,1,0,0,0,0,0,0,1,0,0,0,0,0,0,0,0
7/1/1981,FIN,172,Finland,-0.76042079,4,1981q3,1981,258,1,0,0,0,0,0,0,1,0,0,0,0,0,0,0,0
10/1/1981,FIN,172,Finland,-0.83487232,4,1981q4,1981,261,1,0,0,0,0,0,0,1,0,0,0,0,0,0,0,0
1/1/1982,FIN,172,Finland,0.20464633,4,1982q1,1982,264,1,0,0,0,0,0,0,1,0,0,0,0,0,0,0,0
4/1/1982,FIN,172,Finland,-0.81484888,4,1982q2,1982,267,1,0,0,0,0,0,0,1,0,0,0,0,0,0,0,0
7/1/1982,FIN,172,Finland,-1.8754148,4,1982q3,1982,270,1,0,0,0,0,0,0,1,0,0,0,0,0,0,0,0
10/1/1982,FIN,172,Finland,-2.8155803,4,1982q4,1982,273,1,0,0,0,0,0,0,1,0,0,0,0,0,0,0,0
1/1/1983,FIN,172,Finland,-2.2508727,4,1983q1,1983,276,1,0,0,0,0,0,0,1,0,0,0,0,0,0,0,0
4/1/1983,FIN,172,Finland,-1.6808019,4,1983q2,1983,279,1,0,0,0,0,0,0,1,0,0,0,0,0,0,0,0
7/1/1983,FIN,172,Finland,-1.8315804,4,1983q3,1983,282,1,0,0,0,0,0,0,1,0,0,0,0,0,0,0,0
10/1/1983,FIN,172,Finland,-1.3266465,4,1983q4,1983,285,1,0,0,0,0,0,0,1,0,0,0,0,0,0,0,0
1/1/1984,FIN,172,Finland,0.56745793,4,1984q1,1984,288,1,0,0,0,0,0,0,1,0,0,0,0,0,0,0,0
4/1/1984,FIN,172,Finland,-0.13068543,4,1984q2,1984,291,1,0,0,0,0,0,0,1,0,0,0,0,0,0,0,0
7/1/1984,FIN,172,Finland,-0.60288874,4,1984q3,1984,294,1,0,0,0,0,0,0,1,0,0,0,0,0,0,0,0
10/1/1984,FIN,172,Finland,0.26945442,4,1984q4,1984,297,1,0,0,0,0,0,0,1,0,0,0,0,0,0,0,0
1/1/1985,FIN,172,Finland,-0.96287907,4,1985q1,1985,300,1,0,0,0,0,0,0,1,0,0,0,0,0,0,0,0
4/1/1985,FIN,172,Finland,-0.80082896,4,1985q2,1985,303,1,0,0,0,0,0,0,1,0,0,0,0,0,0,0,0
7/1/1985,FIN,172,Finland,0.13162142,4,1985q3,1985,306,1,0,0,0,0,0,0,1,0,0,0,0,0,0,0,0
10/1/1985,FIN,172,Finland,-2.7883327,4,1985q4,1985,309,1,0,0,0,0,0,0,1,0,0,0,0,0,0,0,0
1/1/1986,FIN,172,Finland,-2.758906,4,1986q1,1986,312,1,0,0,0,0,0,0,1,0,0,0,0,0,0,0,0
4/1/1986,FIN,172,Finland,-0.40883453,4,1986q2,1986,315,1,0,0,0,0,0,0,1,0,0,0,0,0,0,0,0
7/1/1986,FIN,172,Finland,-1.133963,4,1986q3,1986,318,1,0,0,0,0,0,0,1,0,0,0,0,0,0,0,0
10/1/1986,FIN,172,Finland,0.70761915,4,1986q4,1986,321,1,0,0,0,0,0,0,1,0,0,0,0,0,0,0,0
1/1/1987,FIN,172,Finland,-1.6748776,4,1987q1,1987,324,1,0,0,0,0,0,0,1,0,0,0,0,0,0,0,0
4/1/1987,FIN,172,Finland,-1.6609463,4,1987q2,1987,327,1,0,0,0,0,0,0,1,0,0,0,0,0,0,0,0
7/1/1987,FIN,172,Finland,-0.72353066,4,1987q3,1987,330,1,0,0,0,0,0,0,1,0,0,0,0,0,0,0,0
10/1/1987,FIN,172,Finland,-2.5115348,4,1987q4,1987,333,1,0,0,0,0,0,0,1,0,0,0,0,0,0,0,0
1/1/1988,FIN,172,Finland,-1.6764526,4,1988q1,1988,336,1,0,0,0,0,0,0,1,0,0,0,0,0,0,0,0
4/1/1988,FIN,172,Finland,-2.2151548,4,1988q2,1988,339,1,0,0,0,0,0,0,1,0,0,0,0,0,0,0,0
7/1/1988,FIN,172,Finland,-3.3051582,4,1988q3,1988,342,1,0,0,0,0,0,0,1,0,0,0,0,0,0,0,0
10/1/1988,FIN,172,Finland,-1.4002883,4,1988q4,1988,345,1,0,0,0,0,0,0,1,0,0,0,0,0,0,0,0
1/1/1989,FIN,172,Finland,-2.2820215,4,1989q1,1989,348,1,0,0,0,0,0,0,1,0,0,0,0,0,0,0,0
4/1/1989,FIN,172,Finland,-3.8953316,4,1989q2,1989,351,1,0,0,0,0,0,0,1,0,0,0,0,0,0,0,0
7/1/1989,FIN,172,Finland,-5.0385503,4,1989q3,1989,354,1,0,0,0,0,0,0,1,0,0,0,0,0,0,0,0
10/1/1989,FIN,172,Finland,-4.6860203,4,1989q4,1989,357,1,0,0,0,0,0,0,1,0,0,0,0,0,0,0,0
1/1/1990,FIN,172,Finland,-3.2609667,4,1990q1,1990,360,1,0,0,0,0,0,0,1,0,0,0,0,0,0,0,0
4/1/1990,FIN,172,Finland,-4.2993504,4,1990q2,1990,363,1,0,0,0,0,0,0,1,0,0,0,0,0,0,0,0
7/1/1990,FIN,172,Finland,-4.3645419,4,1990q3,1990,366,1,0,0,0,0,0,0,1,0,0,0,0,0,0,0,0
10/1/1990,FIN,172,Finland,-4.9433357,4,1990q4,1990,369,1,0,0,0,0,0,0,1,0,0,0,0,0,0,0,0
1/1/1991,FIN,172,Finland,-4.9929519,4,1991q1,1991,372,1,0,0,0,0,0,0,1,0,0,0,0,0,0,0,0
4/1/1991,FIN,172,Finland,-4.9293905,4,1991q2,1991,375,1,0,0,0,0,0,0,1,0,0,0,0,0,0,0,0
7/1/1991,FIN,172,Finland,-3.8127777,4,1991q3,1991,378,1,0,0,0,0,0,0,1,0,0,0,0,0,0,0,0
10/1/1991,FIN,172,Finland,-4.820056,4,1991q4,1991,381,1,0,0,0,0,0,0,1,0,0,0,0,0,0,0,0
1/1/1992,FIN,172,Finland,-5.3587675,4,1992q1,1992,384,1,0,0,0,0,0,0,1,0,0,0,0,0,0,0,0
4/1/1992,FIN,172,Finland,-4.8468901,4,1992q2,1992,387,1,0,0,0,0,0,0,1,0,0,0,0,0,0,0,0
7/1/1992,FIN,172,Finland,-4.1251948,4,1992q3,1992,390,1,0,0,0,0,0,0,1,0,0,0,0,0,0,0,0
10/1/1992,FIN,172,Finland,-4.1801816,4,1992q4,1992,393,1,0,0,0,0,0,0,1,0,0,0,0,0,0,0,0
1/1/1993,FIN,172,Finland,-4.667025,4,1993q1,1993,396,1,0,0,0,0,0,0,1,0,0,0,0,0,0,0,0
4/1/1993,FIN,172,Finland,-2.1070153,4,1993q2,1993,399,1,0,0,0,0,0,0,1,0,0,0,0,0,0,0,0
7/1/1993,FIN,172,Finland,-0.34421799,4,1993q3,1993,402,1,0,0,0,0,0,0,1,0,0,0,0,0,0,0,0
10/1/1993,FIN,172,Finland,0.77064869,4,1993q4,1993,405,1,0,0,0,0,0,0,1,0,0,0,0,0,0,0,0
1/1/1994,FIN,172,Finland,1.0832871,4,1994q1,1994,408,1,0,0,0,0,0,0,1,0,0,0,0,0,0,0,0
4/1/1994,FIN,172,Finland,1.7446298,4,1994q2,1994,411,1,0,0,0,0,0,0,1,0,0,0,0,0,0,0,0
7/1/1994,FIN,172,Finland,2.0687776,4,1994q3,1994,414,1,0,0,0,0,0,0,1,0,0,0,0,0,0,0,0
10/1/1994,FIN,172,Finland,-0.40950653,4,1994q4,1994,417,1,0,0,0,0,0,0,1,0,0,0,0,0,0,0,0
1/1/1995,FIN,172,Finland,4.895423,1,1995q1,1995,420,1,0,0,0,0,0,0,1,0,0,0,0,0,0,0,0
4/1/1995,FIN,172,Finland,3.887723,1,1995q2,1995,423,1,0,0,0,0,0,0,1,0,0,0,0,0,0,0,0
7/1/1995,FIN,172,Finland,3.720242,1,1995q3,1995,426,1,0,0,0,0,0,0,1,0,0,0,0,0,0,0,0
10/1/1995,FIN,172,Finland,4.149914,1,1995q4,1995,429,1,0,0,0,0,0,0,1,0,0,0,0,0,0,0,0
1/1/1996,FIN,172,Finland,4.170078,1,1996q1,1996,432,1,0,0,0,0,0,0,1,0,0,0,0,0,0,0,0
4/1/1996,FIN,172,Finland,4.117079,1,1996q2,1996,435,1,0,0,0,0,0,0,1,0,0,0,0,0,0,0,0
7/1/1996,FIN,172,Finland,4.261399,1,1996q3,1996,438,1,0,0,0,0,0,0,1,0,0,0,0,0,0,0,0
10/1/1996,FIN,172,Finland,2.9196,1,1996q4,1996,441,1,0,0,0,0,0,0,1,0,0,0,0,0,0,0,0
1/1/1997,FIN,172,Finland,3.984279,1,1997q1,1997,444,1,0,0,0,0,0,0,1,0,0,0,0,0,0,0,0
4/1/1997,FIN,172,Finland,4.934908,1,1997q2,1997,447,1,0,0,0,0,0,0,1,0,0,0,0,0,0,0,0
7/1/1997,FIN,172,Finland,5.441273,1,1997q3,1997,450,1,0,0,0,0,0,0,1,0,0,0,0,0,0,0,0
10/1/1997,FIN,172,Finland,6.135689,1,1997q4,1997,453,1,0,0,0,0,0,0,1,0,0,0,0,0,0,0,0
1/1/1998,FIN,172,Finland,4.648374,1,1998q1,1998,456,1,0,0,0,0,0,0,1,0,0,0,0,0,0,0,0
4/1/1998,FIN,172,Finland,5.712809,1,1998q2,1998,459,1,0,0,0,0,0,0,1,0,0,0,0,0,0,0,0
7/1/1998,FIN,172,Finland,4.535039,1,1998q3,1998,462,1,0,0,0,0,0,0,1,0,0,0,0,0,0,0,0
10/1/1998,FIN,172,Finland,5.562726,1,1998q4,1998,465,1,0,0,0,0,0,0,1,0,0,0,0,0,0,0,0
1/1/1999,FIN,172,Finland,1.999952,1,1999q1,1999,468,1,0,0,0,0,0,0,1,0,0,0,0,0,0,1,1
4/1/1999,FIN,172,Finland,6.402852,1,1999q2,1999,471,1,0,0,0,0,0,0,1,0,0,0,0,0,0,1,0
7/1/1999,FIN,172,Finland,5.31351,1,1999q3,1999,474,1,0,0,0,0,0,0,1,0,0,0,0,0,0,1,0
10/1/1999,FIN,172,Finland,5.929882,1,1999q4,1999,477,1,0,0,0,0,0,0,1,0,0,0,0,0,0,1,0
1/1/2000,FIN,172,Finland,6.575613,1,2000q1,2000,480,1,0,0,0,0,0,0,1,0,0,0,0,0,0,1,0
4/1/2000,FIN,172,Finland,7.077314,1,2000q2,2000,483,1,0,0,0,0,0,0,1,0,0,0,0,0,0,1,0
7/1/2000,FIN,172,Finland,9.127473,1,2000q3,2000,486,1,0,0,0,0,0,0,1,0,0,0,0,0,0,1,0
10/1/2000,FIN,172,Finland,6.160552,1,2000q4,2000,489,1,0,0,0,0,0,0,1,0,0,0,0,0,0,1,0
1/1/2001,FIN,172,Finland,8.297106,1,2001q1,2001,492,1,0,0,0,0,0,0,1,0,0,0,0,0,0,1,0
4/1/2001,FIN,172,Finland,7.94347,1,2001q2,2001,495,1,0,0,0,0,0,0,1,0,0,0,0,0,0,1,0
7/1/2001,FIN,172,Finland,8.101281,1,2001q3,2001,498,1,0,0,0,0,0,0,1,0,0,0,0,0,0,1,0
10/1/2001,FIN,172,Finland,8.243198,1,2001q4,2001,501,1,0,0,0,0,0,0,1,0,0,0,0,0,0,1,0
1/1/2002,FIN,172,Finland,8.290369,1,2002q1,2002,504,1,0,0,0,0,0,0,1,0,0,0,0,0,0,1,0
4/1/2002,FIN,172,Finland,7.786219,1,2002q2,2002,507,1,0,0,0,0,0,0,1,0,0,0,0,0,0,1,0
7/1/2002,FIN,172,Finland,8.666006,1,2002q3,2002,510,1,0,0,0,0,0,0,1,0,0,0,0,0,0,1,0
10/1/2002,FIN,172,Finland,7.667411,1,2002q4,2002,513,1,0,0,0,0,0,0,1,0,0,0,0,0,0,1,0
1/1/2003,FIN,172,Finland,4.60785,1,2003q1,2003,516,1,0,0,0,0,0,0,1,0,0,0,0,0,0,1,0
4/1/2003,FIN,172,Finland,5.662157,1,2003q2,2003,519,1,0,0,0,0,0,0,1,0,0,0,0,0,0,1,0
7/1/2003,FIN,172,Finland,4.865991,1,2003q3,2003,522,1,0,0,0,0,0,0,1,0,0,0,0,0,0,1,0
10/1/2003,FIN,172,Finland,3.587754,1,2003q4,2003,525,1,0,0,0,0,0,0,1,0,0,0,0,0,0,1,0
1/1/2004,FIN,172,Finland,5.580541,1,2004q1,2004,528,1,0,0,0,0,0,0,1,0,0,0,0,0,0,1,0
4/1/2004,FIN,172,Finland,4.794209,1,2004q2,2004,531,1,0,0,0,0,0,0,1,0,0,0,0,0,0,1,0
7/1/2004,FIN,172,Finland,5.441517,1,2004q3,2004,534,1,0,0,0,0,0,0,1,0,0,0,0,0,0,1,0
10/1/2004,FIN,172,Finland,7.03727,1,2004q4,2004,537,1,0,0,0,0,0,0,1,0,0,0,0,0,0,1,0
1/1/2005,FIN,172,Finland,3.293494,1,2005q1,2005,540,1,0,0,0,0,0,0,1,0,0,0,0,0,0,1,0
4/1/2005,FIN,172,Finland,2.023208,1,2005q2,2005,543,1,0,0,0,0,0,0,1,0,0,0,0,0,0,1,0
7/1/2005,FIN,172,Finland,4.102925,1,2005q3,2005,546,1,0,0,0,0,0,0,1,0,0,0,0,0,0,1,0
10/1/2005,FIN,172,Finland,4.283081,1,2005q4,2005,549,1,0,0,0,0,0,0,1,0,0,0,0,0,0,1,0
1/1/2006,FIN,172,Finland,3.313912,1,2006q1,2006,552,1,0,0,0,0,0,0,1,0,0,0,0,0,0,1,0
4/1/2006,FIN,172,Finland,4.798417,1,2006q2,2006,555,1,0,0,0,0,0,0,1,0,0,0,0,0,0,1,0
7/1/2006,FIN,172,Finland,4.160751,1,2006q3,2006,558,1,0,0,0,0,0,0,1,0,0,0,0,0,0,1,0
10/1/2006,FIN,172,Finland,3.256534,1,2006q4,2006,561,1,0,0,0,0,0,0,1,0,0,0,0,0,0,1,0
1/1/2007,FIN,172,Finland,2.804844,1,2007q1,2007,564,1,0,0,0,0,0,0,1,0,0,0,0,0,0,1,0
4/1/2007,FIN,172,Finland,4.036814,1,2007q2,2007,567,1,0,0,0,0,0,0,1,0,0,0,0,0,0,1,0
7/1/2007,FIN,172,Finland,5.832438,1,2007q3,2007,570,1,0,0,0,0,0,0,1,0,0,0,0,0,0,1,0
10/1/2007,FIN,172,Finland,3.909659,1,2007q4,2007,573,1,0,0,0,0,0,0,1,0,0,0,0,0,0,1,0
1/1/2008,FIN,172,Finland,4.310317,1,2008q1,2008,576,1,0,0,0,0,0,0,1,0,0,0,0,0,0,1,0
4/1/2008,FIN,172,Finland,1.721683,1,2008q2,2008,579,1,0,0,0,0,0,0,1,0,0,0,0,0,0,1,0
7/1/2008,FIN,172,Finland,1.328779,1,2008q3,2008,582,1,0,0,0,0,0,0,1,0,0,0,0,0,0,1,0
10/1/2008,FIN,172,Finland,0.06019297,1,2008q4,2008,585,1,0,0,0,0,0,0,1,0,0,0,0,0,0,1,0
1/1/2009,FIN,172,Finland,3.980995,1,2009q1,2009,588,1,0,0,0,0,0,0,1,0,0,0,0,0,0,1,0
4/1/2009,FIN,172,Finland,1.156349,1,2009q2,2009,591,1,0,0,0,0,0,0,1,0,0,0,0,0,0,1,0
7/1/2009,FIN,172,Finland,1.416263,1,2009q3,2009,594,1,0,0,0,0,0,0,1,0,0,0,0,0,0,1,0
10/1/2009,FIN,172,Finland,1.29654,1,2009q4,2009,597,1,0,0,0,0,0,0,1,0,0,0,0,0,0,1,0
1/1/2010,FIN,172,Finland,2.434111,1,2010q1,2010,600,1,0,0,0,0,0,0,1,0,0,0,0,0,0,1,0
4/1/2010,FIN,172,Finland,2.125087,1,2010q2,2010,603,1,0,0,0,0,0,0,1,0,0,0,0,0,0,1,0
7/1/2010,FIN,172,Finland,0.2136781,1,2010q3,2010,606,1,0,0,0,0,0,0,1,0,0,0,0,0,0,1,0
10/1/2010,FIN,172,Finland,1.348473,1,2010q4,2010,609,1,0,0,0,0,0,0,1,0,0,0,0,0,0,1,0
1/1/2011,FIN,172,Finland,-0.302333,1,2011q1,2011,612,1,0,0,0,0,0,0,1,0,0,0,0,0,0,1,0
4/1/2011,FIN,172,Finland,-0.4324883,1,2011q2,2011,615,1,0,0,0,0,0,0,1,0,0,0,0,0,0,1,0
7/1/2011,FIN,172,Finland,-0.59794,1,2011q3,2011,618,1,0,0,0,0,0,0,1,0,0,0,0,0,0,1,0
10/1/2011,FIN,172,Finland,-3.341131,1,2011q4,2011,621,1,0,0,0,0,0,0,1,0,0,0,0,0,0,1,0
1/1/2012,FIN,172,Finland,-4.955816,1,2012q1,2012,624,1,0,0,0,0,0,0,1,0,0,0,0,0,0,1,0
4/1/2012,FIN,172,Finland,0.1700508,1,2012q2,2012,627,1,0,0,0,0,0,0,1,0,0,0,0,0,0,1,0
7/1/2012,FIN,172,Finland,-2.266728,1,2012q3,2012,630,1,0,0,0,0,0,0,1,0,0,0,0,0,0,1,0
10/1/2012,FIN,172,Finland,-2.075153,1,2012q4,2012,633,1,0,0,0,0,0,0,1,0,0,0,0,0,0,1,0
1/1/2013,FIN,172,Finland,-2.469109,1,2013q1,2013,636,1,0,0,0,0,0,0,1,0,0,0,0,0,0,1,0
4/1/2013,FIN,172,Finland,-1.165393,1,2013q2,2013,639,1,0,0,0,0,0,0,1,0,0,0,0,0,0,1,0
7/1/2013,FIN,172,Finland,-3.141851,1,2013q3,2013,642,1,0,0,0,0,0,0,1,0,0,0,0,0,0,1,0
10/1/2013,FIN,172,Finland,-2.202459,1,2013q4,2013,645,1,0,0,0,0,0,0,1,0,0,0,0,0,0,1,0
1/1/2014,FIN,172,Finland,-1.400777,1,2014q1,2014,648,1,0,0,0,0,0,0,1,0,0,0,0,0,0,1,0
4/1/2014,FIN,172,Finland,-1.265135,1,2014q2,2014,651,1,0,0,0,0,0,0,1,0,0,0,0,0,0,1,0
7/1/2014,FIN,172,Finland,-2.216139,1,2014q3,2014,654,1,0,0,0,0,0,0,1,0,0,0,0,0,0,1,0
10/1/2014,FIN,172,Finland,-1.356655,1,2014q4,2014,657,1,0,0,0,0,0,0,1,0,0,0,0,0,0,1,0
1/1/2015,FIN,172,Finland,-1.344074,1,2015q1,2015,660,1,0,0,0,0,0,0,1,0,0,0,0,0,0,1,0
4/1/2015,FIN,172,Finland,0.2833209,1,2015q2,2015,663,1,0,0,0,0,0,0,1,0,0,0,0,0,0,1,0
7/1/2015,FIN,172,Finland,-0.3147424,1,2015q3,2015,666,1,0,0,0,0,0,0,1,0,0,0,0,0,0,1,0
10/1/2015,FIN,172,Finland,-2.313915,1,2015q4,2015,669,1,0,0,0,0,0,0,1,0,0,0,0,0,0,1,0
1/1/2016,FIN,172,Finland,-1.150426,1,2016q1,2016,672,1,0,0,0,0,0,0,1,0,0,0,0,0,0,1,0
4/1/2016,FIN,172,Finland,-1.070246,1,2016q2,2016,675,1,0,0,0,0,0,0,1,0,0,0,0,0,0,1,0
7/1/2016,FIN,172,Finland,-2.198103,1,2016q3,2016,678,1,0,0,0,0,0,0,1,0,0,0,0,0,0,1,0
10/1/2016,FIN,172,Finland,-2.541174,1,2016q4,2016,681,1,0,0,0,0,0,0,1,0,0,0,0,0,0,1,0
1/1/2017,FIN,172,Finland,-0.9522601,1,2017q1,2017,684,1,0,0,0,0,0,0,1,0,0,0,0,0,0,1,0
4/1/2017,FIN,172,Finland,-0.399327,1,2017q2,2017,687,1,0,0,0,0,0,0,1,0,0,0,0,0,0,1,0
7/1/2017,FIN,172,Finland,-1.008056,1,2017q3,2017,690,1,0,0,0,0,0,0,1,0,0,0,0,0,0,1,0
10/1/2017,FIN,172,Finland,-0.5586181,1,2017q4,2017,693,1,0,0,0,0,0,0,1,0,0,0,0,0,0,1,0
1/1/2018,FIN,172,Finland,-1.728334,1,2018q1,2018,696,1,0,0,0,0,0,0,1,0,0,0,0,0,0,1,0
4/1/2018,FIN,172,Finland,-1.074443,1,2018q2,2018,699,1,0,0,0,0,0,0,1,0,0,0,0,0,0,1,0
7/1/2018,FIN,172,Finland,-2.503026,1,2018q3,2018,702,1,0,0,0,0,0,0,1,0,0,0,0,0,0,1,0
10/1/2018,FIN,172,Finland,-1.69193,1,2018q4,2018,705,1,0,0,0,0,0,0,1,0,0,0,0,0,0,1,0
1/1/2019,FIN,172,Finland,0.2554136,1,2019q1,2019,708,1,0,0,0,0,0,0,1,0,0,0,0,0,0,1,0
4/1/2019,FIN,172,Finland,0.3880104,1,2019q2,2019,711,1,0,0,0,0,0,0,1,0,0,0,0,0,0,1,0
7/1/2019,FIN,172,Finland,-0.4090565,1,2019q3,2019,714,1,0,0,0,0,0,0,1,0,0,0,0,0,0,1,0
10/1/2019,FIN,172,Finland,0.2624357,1,2019q4,2019,717,1,0,0,0,0,0,0,1,0,0,0,0,0,0,1,0
1/1/2020,FIN,172,Finland,-1.971412,1,2020q1,2020,720,1,0,0,0,0,0,0,1,0,0,0,0,0,0,1,0
4/1/2020,FIN,172,Finland,1.215727,1,2020q2,2020,723,1,0,0,0,0,0,0,1,0,0,0,0,0,0,1,0
7/1/2020,FIN,172,Finland,-0.5384654,1,2020q3,2020,726,1,0,0,0,0,0,0,1,0,0,0,0,0,0,1,0
10/1/2020,FIN,172,Finland,2.143838,1,2020q4,2020,729,1,0,0,0,0,0,0,1,0,0,0,0,0,0,1,0
1/1/2021,FIN,172,Finland,0.2327536,1,2021q1,2021,732,1,0,0,0,0,0,0,1,0,0,0,0,0,0,1,0
4/1/2021,FIN,172,Finland,2.679849,1,2021q2,2021,735,1,0,0,0,0,0,0,1,0,0,0,0,0,0,1,0
7/1/2021,FIN,172,Finland,1.20252,1,2021q3,2021,738,1,0,0,0,0,0,0,1,0,0,0,0,0,0,1,0
10/1/2021,FIN,172,Finland,-4.656013,1,2021q4,2021,741,1,0,0,0,0,0,0,1,0,0,0,0,0,0,1,0
1/1/2022,FIN,172,Finland,-2.327008,1,2022q1,2022,744,1,0,0,0,0,0,0,1,0,0,0,0,0,0,1,0
4/1/2022,FIN,172,Finland,-3.364342,1,2022q2,2022,747,1,0,0,0,0,0,0,1,0,0,0,0,0,0,1,0
7/1/2022,FIN,172,Finland,-2.512846,1,2022q3,2022,750,1,0,0,0,0,0,0,1,0,0,0,0,0,0,1,0
10/1/2022,FIN,172,Finland,-1.53826,1,2022q4,2022,753,1,0,0,0,0,0,0,1,0,0,0,0,0,0,1,0
1/1/2023,FIN,172,Finland,1.012113,1,2023q1,2023,756,1,0,0,0,0,0,0,1,0,0,0,0,0,0,1,0
4/1/2023,FIN,172,Finland,-1.081915,1,2023q2,2023,759,1,0,0,0,0,0,0,1,0,0,0,0,0,0,1,0
7/1/2023,FIN,172,Finland,0.06440417,1,2023q3,2023,762,1,0,0,0,0,0,0,1,0,0,0,0,0,0,1,0
10/1/2023,FIN,172,Finland,-1.444749,1,2023q4,2023,765,1,0,0,0,0,0,0,1,0,0,0,0,0,0,1,0
1/1/2024,FIN,172,Finland,-0.2054753,1,2024q1,2024,768,1,0,0,0,0,0,0,1,0,0,0,0,0,0,1,0
4/1/2024,FIN,172,Finland,0.4721516,1,2024q2,2024,771,1,0,0,0,0,0,0,1,0,0,0,0,0,0,1,0
7/1/2024,FIN,172,Finland,1.127453,1,2024q3,2024,774,1,0,0,0,0,0,0,1,0,0,0,0,0,0,1,0
10/1/2024,FIN,172,Finland,-1.146887,1,2024q4,2024,777,1,0,0,0,0,0,0,1,0,0,0,0,0,0,1,0
1/1/1976,GRC,174,Greece,-3.7544096,4,1976q1,1976,192,1,0,0,0,0,0,0,1,0,0,0,0,1,0,0,0
4/1/1976,GRC,174,Greece,-2.393577,4,1976q2,1976,195,1,0,0,0,0,0,0,1,0,0,0,0,1,0,0,0
7/1/1976,GRC,174,Greece,-3.49994,4,1976q3,1976,198,1,0,0,0,0,0,0,1,0,0,0,0,1,0,0,0
10/1/1976,GRC,174,Greece,-2.9368009,4,1976q4,1976,201,1,0,0,0,0,0,0,1,0,0,0,0,1,0,0,0
1/1/1977,GRC,174,Greece,-2.1810569,4,1977q1,1977,204,1,0,0,0,0,0,0,1,0,0,0,0,1,0,0,0
4/1/1977,GRC,174,Greece,-4.2064523,4,1977q2,1977,207,1,0,0,0,0,0,0,1,0,0,0,0,1,0,0,0
7/1/1977,GRC,174,Greece,-1.9484996,4,1977q3,1977,210,1,0,0,0,0,0,0,1,0,0,0,0,1,0,0,0
10/1/1977,GRC,174,Greece,-4.0540413,4,1977q4,1977,213,1,0,0,0,0,0,0,1,0,0,0,0,1,0,0,0
1/1/1978,GRC,174,Greece,-2.9868599,4,1978q1,1978,216,1,0,0,0,0,0,0,1,0,0,0,0,1,0,0,0
4/1/1978,GRC,174,Greece,-2.0506361,4,1978q2,1978,219,1,0,0,0,0,0,0,1,0,0,0,0,1,0,0,0
7/1/1978,GRC,174,Greece,-3.1323367,4,1978q3,1978,222,1,0,0,0,0,0,0,1,0,0,0,0,1,0,0,0
10/1/1978,GRC,174,Greece,-1.2842278,4,1978q4,1978,225,1,0,0,0,0,0,0,1,0,0,0,0,1,0,0,0
1/1/1979,GRC,174,Greece,-3.101721,4,1979q1,1979,228,1,0,0,0,0,0,0,1,0,0,0,0,1,0,0,0
4/1/1979,GRC,174,Greece,-3.6479946,4,1979q2,1979,231,1,0,0,0,0,0,0,1,0,0,0,0,1,0,0,0
7/1/1979,GRC,174,Greece,-4.4878575,4,1979q3,1979,234,1,0,0,0,0,0,0,1,0,0,0,0,1,0,0,0
10/1/1979,GRC,174,Greece,-3.2680449,4,1979q4,1979,237,1,0,0,0,0,0,0,1,0,0,0,0,1,0,0,0
1/1/1980,GRC,174,Greece,-4.0066744,4,1980q1,1980,240,1,0,0,0,0,0,0,1,0,0,0,0,1,0,0,0
4/1/1980,GRC,174,Greece,-4.6534886,4,1980q2,1980,243,1,0,0,0,0,0,0,1,0,0,0,0,1,0,0,0
7/1/1980,GRC,174,Greece,-2.8454482,4,1980q3,1980,246,1,0,0,0,0,0,0,1,0,0,0,0,1,0,0,0
10/1/1980,GRC,174,Greece,-5.0678919,4,1980q4,1980,249,1,0,0,0,0,0,0,1,0,0,0,0,1,0,0,0
1/1/1981,GRC,174,Greece,-4.3205439,4,1981q1,1981,252,1,0,0,0,0,0,0,1,0,0,0,0,1,0,0,0
4/1/1981,GRC,174,Greece,-5.4646757,4,1981q2,1981,255,1,0,0,0,0,0,0,1,0,0,0,0,1,0,0,0
7/1/1981,GRC,174,Greece,-4.3214885,4,1981q3,1981,258,1,0,0,0,0,0,0,1,0,0,0,0,1,0,0,0
10/1/1981,GRC,174,Greece,-5.1416382,4,1981q4,1981,261,1,0,0,0,0,0,0,1,0,0,0,0,1,0,0,0
1/1/1982,GRC,174,Greece,-2.539016,4,1982q1,1982,264,1,0,0,0,0,0,0,1,0,0,0,0,1,0,0,0
4/1/1982,GRC,174,Greece,-3.0088681,4,1982q2,1982,267,1,0,0,0,0,0,0,1,0,0,0,0,1,0,0,0
7/1/1982,GRC,174,Greece,-5.6494074,4,1982q3,1982,270,1,0,0,0,0,0,0,1,0,0,0,0,1,0,0,0
10/1/1982,GRC,174,Greece,-3.7902032,4,1982q4,1982,273,1,0,0,0,0,0,0,1,0,0,0,0,1,0,0,0
1/1/1983,GRC,174,Greece,-5.1485263,4,1983q1,1983,276,1,0,0,0,0,0,0,1,0,0,0,0,1,0,0,0
4/1/1983,GRC,174,Greece,-2.537733,4,1983q2,1983,279,1,0,0,0,0,0,0,1,0,0,0,0,1,0,0,0
7/1/1983,GRC,174,Greece,-4.8890715,4,1983q3,1983,282,1,0,0,0,0,0,0,1,0,0,0,0,1,0,0,0
10/1/1983,GRC,174,Greece,-3.8700105,4,1983q4,1983,285,1,0,0,0,0,0,0,1,0,0,0,0,1,0,0,0
1/1/1984,GRC,174,Greece,-4.8906457,4,1984q1,1984,288,1,0,0,0,0,0,0,1,0,0,0,0,1,0,0,0
4/1/1984,GRC,174,Greece,-4.4071978,4,1984q2,1984,291,1,0,0,0,0,0,0,1,0,0,0,0,1,0,0,0
7/1/1984,GRC,174,Greece,-3.7818403,4,1984q3,1984,294,1,0,0,0,0,0,0,1,0,0,0,0,1,0,0,0
10/1/1984,GRC,174,Greece,-5.8558271,4,1984q4,1984,297,1,0,0,0,0,0,0,1,0,0,0,0,1,0,0,0
1/1/1985,GRC,174,Greece,-7.2248666,4,1985q1,1985,300,1,0,0,0,0,0,0,1,0,0,0,0,1,0,0,0
4/1/1985,GRC,174,Greece,-7.3543927,4,1985q2,1985,303,1,0,0,0,0,0,0,1,0,0,0,0,1,0,0,0
7/1/1985,GRC,174,Greece,-7.5348452,4,1985q3,1985,306,1,0,0,0,0,0,0,1,0,0,0,0,1,0,0,0
10/1/1985,GRC,174,Greece,-6.5321923,4,1985q4,1985,309,1,0,0,0,0,0,0,1,0,0,0,0,1,0,0,0
1/1/1986,GRC,174,Greece,-4.1587212,4,1986q1,1986,312,1,0,0,0,0,0,0,1,0,0,0,0,1,0,0,0
4/1/1986,GRC,174,Greece,-3.6972519,4,1986q2,1986,315,1,0,0,0,0,0,0,1,0,0,0,0,1,0,0,0
7/1/1986,GRC,174,Greece,-3.574679,4,1986q3,1986,318,1,0,0,0,0,0,0,1,0,0,0,0,1,0,0,0
10/1/1986,GRC,174,Greece,-1.7290838,4,1986q4,1986,321,1,0,0,0,0,0,0,1,0,0,0,0,1,0,0,0
1/1/1987,GRC,174,Greece,-1.9430878,4,1987q1,1987,324,1,0,0,0,0,0,0,1,0,0,0,0,1,0,0,0
4/1/1987,GRC,174,Greece,-3.4177824,4,1987q2,1987,327,1,0,0,0,0,0,0,1,0,0,0,0,1,0,0,0
7/1/1987,GRC,174,Greece,0.10394057,4,1987q3,1987,330,1,0,0,0,0,0,0,1,0,0,0,0,1,0,0,0
10/1/1987,GRC,174,Greece,-2.3301168,4,1987q4,1987,333,1,0,0,0,0,0,0,1,0,0,0,0,1,0,0,0
1/1/1988,GRC,174,Greece,-2.3046006,4,1988q1,1988,336,1,0,0,0,0,0,0,1,0,0,0,0,1,0,0,0
4/1/1988,GRC,174,Greece,-1.1442783,4,1988q2,1988,339,1,0,0,0,0,0,0,1,0,0,0,0,1,0,0,0
7/1/1988,GRC,174,Greece,-0.24593115,4,1988q3,1988,342,1,0,0,0,0,0,0,1,0,0,0,0,1,0,0,0
10/1/1988,GRC,174,Greece,-1.3766147,4,1988q4,1988,345,1,0,0,0,0,0,0,1,0,0,0,0,1,0,0,0
1/1/1989,GRC,174,Greece,-0.72989702,4,1989q1,1989,348,1,0,0,0,0,0,0,1,0,0,0,0,1,0,0,0
4/1/1989,GRC,174,Greece,-3.6102865,4,1989q2,1989,351,1,0,0,0,0,0,0,1,0,0,0,0,1,0,0,0
7/1/1989,GRC,174,Greece,-5.0285554,4,1989q3,1989,354,1,0,0,0,0,0,0,1,0,0,0,0,1,0,0,0
10/1/1989,GRC,174,Greece,-4.1052643,4,1989q4,1989,357,1,0,0,0,0,0,0,1,0,0,0,0,1,0,0,0
1/1/1990,GRC,174,Greece,-5.7739422,4,1990q1,1990,360,1,0,0,0,0,0,0,1,0,0,0,0,1,0,0,0
4/1/1990,GRC,174,Greece,-3.2709065,4,1990q2,1990,363,1,0,0,0,0,0,0,1,0,0,0,0,1,0,0,0
7/1/1990,GRC,174,Greece,-3.9938659,4,1990q3,1990,366,1,0,0,0,0,0,0,1,0,0,0,0,1,0,0,0
10/1/1990,GRC,174,Greece,-2.7847792,4,1990q4,1990,369,1,0,0,0,0,0,0,1,0,0,0,0,1,0,0,0
1/1/1991,GRC,174,Greece,-4.5075676,4,1991q1,1991,372,1,0,0,0,0,0,0,1,0,0,0,0,1,0,0,0
4/1/1991,GRC,174,Greece,-1.051326,4,1991q2,1991,375,1,0,0,0,0,0,0,1,0,0,0,0,1,0,0,0
7/1/1991,GRC,174,Greece,0.48224043,4,1991q3,1991,378,1,0,0,0,0,0,0,1,0,0,0,0,1,0,0,0
10/1/1991,GRC,174,Greece,-1.3167163,4,1991q4,1991,381,1,0,0,0,0,0,0,1,0,0,0,0,1,0,0,0
1/1/1992,GRC,174,Greece,-1.3311815,4,1992q1,1992,384,1,0,0,0,0,0,0,1,0,0,0,0,1,0,0,0
4/1/1992,GRC,174,Greece,-0.79628321,4,1992q2,1992,387,1,0,0,0,0,0,0,1,0,0,0,0,1,0,0,0
7/1/1992,GRC,174,Greece,-4.5951919,4,1992q3,1992,390,1,0,0,0,0,0,0,1,0,0,0,0,1,0,0,0
10/1/1992,GRC,174,Greece,-0.67845817,4,1992q4,1992,393,1,0,0,0,0,0,0,1,0,0,0,0,1,0,0,0
1/1/1993,GRC,174,Greece,0.35032628,4,1993q1,1993,396,1,0,0,0,0,0,0,1,0,0,0,0,1,0,0,0
4/1/1993,GRC,174,Greece,-1.1765133,4,1993q2,1993,399,1,0,0,0,0,0,0,1,0,0,0,0,1,0,0,0
7/1/1993,GRC,174,Greece,1.8366241,4,1993q3,1993,402,1,0,0,0,0,0,0,1,0,0,0,0,1,0,0,0
10/1/1993,GRC,174,Greece,-3.892851,4,1993q4,1993,405,1,0,0,0,0,0,0,1,0,0,0,0,1,0,0,0
1/1/1994,GRC,174,Greece,0.41731946,4,1994q1,1994,408,1,0,0,0,0,0,0,1,0,0,0,0,1,0,0,0
4/1/1994,GRC,174,Greece,-1.5912346,4,1994q2,1994,411,1,0,0,0,0,0,0,1,0,0,0,0,1,0,0,0
7/1/1994,GRC,174,Greece,0.64206114,4,1994q3,1994,414,1,0,0,0,0,0,0,1,0,0,0,0,1,0,0,0
10/1/1994,GRC,174,Greece,-0.46600484,4,1994q4,1994,417,1,0,0,0,0,0,0,1,0,0,0,0,1,0,0,0
1/1/1995,GRC,174,Greece,-1.3618538,4,1995q1,1995,420,1,0,0,0,0,0,0,1,0,0,0,0,1,0,0,0
4/1/1995,GRC,174,Greece,-2.3269178,4,1995q2,1995,423,1,0,0,0,0,0,0,1,0,0,0,0,1,0,0,0
7/1/1995,GRC,174,Greece,-3.7372964,4,1995q3,1995,426,1,0,0,0,0,0,0,1,0,0,0,0,1,0,0,0
10/1/1995,GRC,174,Greece,-1.3408155,4,1995q4,1995,429,1,0,0,0,0,0,0,1,0,0,0,0,1,0,0,0
1/1/1996,GRC,174,Greece,-2.7950984,4,1996q1,1996,432,1,0,0,0,0,0,0,1,0,0,0,0,1,0,0,0
4/1/1996,GRC,174,Greece,-3.7068969,4,1996q2,1996,435,1,0,0,0,0,0,0,1,0,0,0,0,1,0,0,0
7/1/1996,GRC,174,Greece,-3.6390538,4,1996q3,1996,438,1,0,0,0,0,0,0,1,0,0,0,0,1,0,0,0
10/1/1996,GRC,174,Greece,-3.085928,4,1996q4,1996,441,1,0,0,0,0,0,0,1,0,0,0,0,1,0,0,0
1/1/1997,GRC,174,Greece,-4.0729403,4,1997q1,1997,444,1,0,0,0,0,0,0,1,0,0,0,0,1,0,0,0
4/1/1997,GRC,174,Greece,-4.0297685,4,1997q2,1997,447,1,0,0,0,0,0,0,1,0,0,0,0,1,0,0,0
7/1/1997,GRC,174,Greece,-4.1503782,4,1997q3,1997,450,1,0,0,0,0,0,0,1,0,0,0,0,1,0,0,0
10/1/1997,GRC,174,Greece,-2.0577103,4,1997q4,1997,453,1,0,0,0,0,0,0,1,0,0,0,0,1,0,0,0
1/1/1998,GRC,174,Greece,-2.1579173,4,1998q1,1998,456,1,0,0,0,0,0,0,1,0,0,0,0,1,0,0,0
4/1/1998,GRC,174,Greece,-1.9412029,4,1998q2,1998,459,1,0,0,0,0,0,0,1,0,0,0,0,1,0,0,0
7/1/1998,GRC,174,Greece,-4.6734936,4,1998q3,1998,462,1,0,0,0,0,0,0,1,0,0,0,0,1,0,0,0
10/1/1998,GRC,174,Greece,-2.3082854,4,1998q4,1998,465,1,0,0,0,0,0,0,1,0,0,0,0,1,0,0,0
1/1/1999,GRC,174,Greece,-3.0939186,4,1999q1,1999,468,1,0,0,0,0,0,0,1,0,0,0,0,1,0,0,0
4/1/1999,GRC,174,Greece,-4.7855179,4,1999q2,1999,471,1,0,0,0,0,0,0,1,0,0,0,0,1,0,0,0
7/1/1999,GRC,174,Greece,-6.1388045,4,1999q3,1999,474,1,0,0,0,0,0,0,1,0,0,0,0,1,0,0,0
10/1/1999,GRC,174,Greece,-7.3108678,4,1999q4,1999,477,1,0,0,0,0,0,0,1,0,0,0,0,1,0,0,0
1/1/2000,GRC,174,Greece,-8.7649086,4,2000q1,2000,480,1,0,0,0,0,0,0,1,0,0,0,0,1,0,0,0
4/1/2000,GRC,174,Greece,-7.4582179,4,2000q2,2000,483,1,0,0,0,0,0,0,1,0,0,0,0,1,0,0,0
7/1/2000,GRC,174,Greece,-6.7782794,4,2000q3,2000,486,1,0,0,0,0,0,0,1,0,0,0,0,1,0,0,0
10/1/2000,GRC,174,Greece,-7.2444119,4,2000q4,2000,489,1,0,0,0,0,0,0,1,0,0,0,0,1,0,0,0
1/1/2001,GRC,174,Greece,-6.6566841,4,2001q1,2001,492,1,0,0,0,0,0,0,1,0,0,0,0,1,0,1,1
4/1/2001,GRC,174,Greece,-6.5952455,4,2001q2,2001,495,1,0,0,0,0,0,0,1,0,0,0,0,1,0,1,0
7/1/2001,GRC,174,Greece,-8.2221176,4,2001q3,2001,498,1,0,0,0,0,0,0,1,0,0,0,0,1,0,1,0
10/1/2001,GRC,174,Greece,-7.6080622,4,2001q4,2001,501,1,0,0,0,0,0,0,1,0,0,0,0,1,0,1,0
1/1/2002,GRC,174,Greece,-6.892802,1,2002q1,2002,504,1,0,0,0,0,0,0,1,0,0,0,0,1,0,1,0
4/1/2002,GRC,174,Greece,-6.749568,1,2002q2,2002,507,1,0,0,0,0,0,0,1,0,0,0,0,1,0,1,0
7/1/2002,GRC,174,Greece,-5.903566,1,2002q3,2002,510,1,0,0,0,0,0,0,1,0,0,0,0,1,0,1,0
10/1/2002,GRC,174,Greece,-7.962652,1,2002q4,2002,513,1,0,0,0,0,0,0,1,0,0,0,0,1,0,1,0
1/1/2003,GRC,174,Greece,-9.09732,1,2003q1,2003,516,1,0,0,0,0,0,0,1,0,0,0,0,1,0,1,0
4/1/2003,GRC,174,Greece,-8.127007,1,2003q2,2003,519,1,0,0,0,0,0,0,1,0,0,0,0,1,0,1,0
7/1/2003,GRC,174,Greece,-7.898688,1,2003q3,2003,522,1,0,0,0,0,0,0,1,0,0,0,0,1,0,1,0
10/1/2003,GRC,174,Greece,-8.607635,1,2003q4,2003,525,1,0,0,0,0,0,0,1,0,0,0,0,1,0,1,0
1/1/2004,GRC,174,Greece,-6.760818,1,2004q1,2004,528,1,0,0,0,0,0,0,1,0,0,0,0,1,0,1,0
4/1/2004,GRC,174,Greece,-9.358751,1,2004q2,2004,531,1,0,0,0,0,0,0,1,0,0,0,0,1,0,1,0
7/1/2004,GRC,174,Greece,-6.60201,1,2004q3,2004,534,1,0,0,0,0,0,0,1,0,0,0,0,1,0,1,0
10/1/2004,GRC,174,Greece,-7.331815,1,2004q4,2004,537,1,0,0,0,0,0,0,1,0,0,0,0,1,0,1,0
1/1/2005,GRC,174,Greece,-9.005689,1,2005q1,2005,540,1,0,0,0,0,0,0,1,0,0,0,0,1,0,1,0
4/1/2005,GRC,174,Greece,-7.445336,1,2005q2,2005,543,1,0,0,0,0,0,0,1,0,0,0,0,1,0,1,0
7/1/2005,GRC,174,Greece,-8.738561,1,2005q3,2005,546,1,0,0,0,0,0,0,1,0,0,0,0,1,0,1,0
10/1/2005,GRC,174,Greece,-10.30042,1,2005q4,2005,549,1,0,0,0,0,0,0,1,0,0,0,0,1,0,1,0
1/1/2006,GRC,174,Greece,-11.08599,1,2006q1,2006,552,1,0,0,0,0,0,0,1,0,0,0,0,1,0,1,0
4/1/2006,GRC,174,Greece,-12.48256,1,2006q2,2006,555,1,0,0,0,0,0,0,1,0,0,0,0,1,0,1,0
7/1/2006,GRC,174,Greece,-11.03827,1,2006q3,2006,558,1,0,0,0,0,0,0,1,0,0,0,0,1,0,1,0
10/1/2006,GRC,174,Greece,-11.58013,1,2006q4,2006,561,1,0,0,0,0,0,0,1,0,0,0,0,1,0,1,0
1/1/2007,GRC,174,Greece,-16.15637,1,2007q1,2007,564,1,0,0,0,0,0,0,1,0,0,0,0,1,0,1,0
4/1/2007,GRC,174,Greece,-13.44401,1,2007q2,2007,567,1,0,0,0,0,0,0,1,0,0,0,0,1,0,1,0
7/1/2007,GRC,174,Greece,-13.72627,1,2007q3,2007,570,1,0,0,0,0,0,0,1,0,0,0,0,1,0,1,0
10/1/2007,GRC,174,Greece,-15.98314,1,2007q4,2007,573,1,0,0,0,0,0,0,1,0,0,0,0,1,0,1,0
1/1/2008,GRC,174,Greece,-14.09928,1,2008q1,2008,576,1,0,0,0,0,0,0,1,0,0,0,0,1,0,1,0
4/1/2008,GRC,174,Greece,-15.65736,1,2008q2,2008,579,1,0,0,0,0,0,0,1,0,0,0,0,1,0,1,0
7/1/2008,GRC,174,Greece,-15.42497,1,2008q3,2008,582,1,0,0,0,0,0,0,1,0,0,0,0,1,0,1,0
10/1/2008,GRC,174,Greece,-13.83595,1,2008q4,2008,585,1,0,0,0,0,0,0,1,0,0,0,0,1,0,1,0
1/1/2009,GRC,174,Greece,-12.13199,1,2009q1,2009,588,1,0,0,0,0,0,0,1,0,0,0,0,1,0,1,0
4/1/2009,GRC,174,Greece,-12.16062,1,2009q2,2009,591,1,0,0,0,0,0,0,1,0,0,0,0,1,0,1,0
7/1/2009,GRC,174,Greece,-12.1759,1,2009q3,2009,594,1,0,0,0,0,0,0,1,0,0,0,0,1,0,1,0
10/1/2009,GRC,174,Greece,-12.54644,1,2009q4,2009,597,1,0,0,0,0,0,0,1,0,0,0,0,1,0,1,0
1/1/2010,GRC,174,Greece,-13.58642,1,2010q1,2010,600,1,0,0,0,0,0,0,1,0,0,0,0,1,0,1,0
4/1/2010,GRC,174,Greece,-6.111825,1,2010q2,2010,603,1,0,0,0,0,0,0,1,0,0,0,0,1,0,1,0
7/1/2010,GRC,174,Greece,-9.371013,1,2010q3,2010,606,1,0,0,0,0,0,0,1,0,0,0,0,1,0,1,0
10/1/2010,GRC,174,Greece,-9.032507,1,2010q4,2010,609,1,0,0,0,0,0,0,1,0,0,0,0,1,0,1,0
1/1/2011,GRC,174,Greece,-9.667065,1,2011q1,2011,612,1,0,0,0,0,0,0,1,0,0,0,0,1,0,1,0
4/1/2011,GRC,174,Greece,-9.491076,1,2011q2,2011,615,1,0,0,0,0,0,0,1,0,0,0,0,1,0,1,0
7/1/2011,GRC,174,Greece,-8.841205,1,2011q3,2011,618,1,0,0,0,0,0,0,1,0,0,0,0,1,0,1,0
10/1/2011,GRC,174,Greece,-7.403835,1,2011q4,2011,621,1,0,0,0,0,0,0,1,0,0,0,0,1,0,1,0
1/1/2012,GRC,174,Greece,-7.876708,1,2012q1,2012,624,1,0,0,0,0,0,0,1,0,0,0,0,1,0,1,0
4/1/2012,GRC,174,Greece,-3.128074,1,2012q2,2012,627,1,0,0,0,0,0,0,1,0,0,0,0,1,0,1,0
7/1/2012,GRC,174,Greece,-1.040615,1,2012q3,2012,630,1,0,0,0,0,0,0,1,0,0,0,0,1,0,1,0
10/1/2012,GRC,174,Greece,-2.693259,1,2012q4,2012,633,1,0,0,0,0,0,0,1,0,0,0,0,1,0,1,0
1/1/2013,GRC,174,Greece,-5.776595,1,2013q1,2013,636,1,0,0,0,0,0,0,1,0,0,0,0,1,0,1,0
4/1/2013,GRC,174,Greece,-2.378683,1,2013q2,2013,639,1,0,0,0,0,0,0,1,0,0,0,0,1,0,1,0
7/1/2013,GRC,174,Greece,2.319647,1,2013q3,2013,642,1,0,0,0,0,0,0,1,0,0,0,0,1,0,1,0
10/1/2013,GRC,174,Greece,-0.4730987,1,2013q4,2013,645,1,0,0,0,0,0,0,1,0,0,0,0,1,0,1,0
1/1/2014,GRC,174,Greece,-0.2490798,1,2014q1,2014,648,1,0,0,0,0,0,0,1,0,0,0,0,1,0,1,0
4/1/2014,GRC,174,Greece,-0.7698922,1,2014q2,2014,651,1,0,0,0,0,0,0,1,0,0,0,0,1,0,1,0
7/1/2014,GRC,174,Greece,0.01496209,1,2014q3,2014,654,1,0,0,0,0,0,0,1,0,0,0,0,1,0,1,0
10/1/2014,GRC,174,Greece,-2.993453,1,2014q4,2014,657,1,0,0,0,0,0,0,1,0,0,0,0,1,0,1,0
1/1/2015,GRC,174,Greece,-4.655794,1,2015q1,2015,660,1,0,0,0,0,0,0,1,0,0,0,0,1,0,1,0
4/1/2015,GRC,174,Greece,-2.444062,1,2015q2,2015,663,1,0,0,0,0,0,0,1,0,0,0,0,1,0,1,0
7/1/2015,GRC,174,Greece,2.880544,1,2015q3,2015,666,1,0,0,0,0,0,0,1,0,0,0,0,1,0,1,0
10/1/2015,GRC,174,Greece,-0.6756557,1,2015q4,2015,669,1,0,0,0,0,0,0,1,0,0,0,0,1,0,1,0
1/1/2016,GRC,174,Greece,-2.109939,1,2016q1,2016,672,1,0,0,0,0,0,0,1,0,0,0,0,1,0,1,0
4/1/2016,GRC,174,Greece,-1.548727,1,2016q2,2016,675,1,0,0,0,0,0,0,1,0,0,0,0,1,0,1,0
7/1/2016,GRC,174,Greece,-1.000033,1,2016q3,2016,678,1,0,0,0,0,0,0,1,0,0,0,0,1,0,1,0
10/1/2016,GRC,174,Greece,-3.560345,1,2016q4,2016,681,1,0,0,0,0,0,0,1,0,0,0,0,1,0,1,0
1/1/2017,GRC,174,Greece,-1.527317,1,2017q1,2017,684,1,0,0,0,0,0,0,1,0,0,0,0,1,0,1,0
4/1/2017,GRC,174,Greece,-1.796576,1,2017q2,2017,687,1,0,0,0,0,0,0,1,0,0,0,0,1,0,1,0
7/1/2017,GRC,174,Greece,-1.96087,1,2017q3,2017,690,1,0,0,0,0,0,0,1,0,0,0,0,1,0,1,0
10/1/2017,GRC,174,Greece,-3.957435,1,2017q4,2017,693,1,0,0,0,0,0,0,1,0,0,0,0,1,0,1,0
1/1/2018,GRC,174,Greece,-1.682759,1,2018q1,2018,696,1,0,0,0,0,0,0,1,0,0,0,0,1,0,1,0
4/1/2018,GRC,174,Greece,-3.342233,1,2018q2,2018,699,1,0,0,0,0,0,0,1,0,0,0,0,1,0,1,0
7/1/2018,GRC,174,Greece,-4.496666,1,2018q3,2018,702,1,0,0,0,0,0,0,1,0,0,0,0,1,0,1,0
10/1/2018,GRC,174,Greece,-3.066645,1,2018q4,2018,705,1,0,0,0,0,0,0,1,0,0,0,0,1,0,1,0
1/1/2019,GRC,174,Greece,-3.109181,1,2019q1,2019,708,1,0,0,0,0,0,0,1,0,0,0,0,1,0,1,0
4/1/2019,GRC,174,Greece,0.121346,1,2019q2,2019,711,1,0,0,0,0,0,0,1,0,0,0,0,1,0,1,0
7/1/2019,GRC,174,Greece,-2.548792,1,2019q3,2019,714,1,0,0,0,0,0,0,1,0,0,0,0,1,0,1,0
10/1/2019,GRC,174,Greece,-0.8539594,1,2019q4,2019,717,1,0,0,0,0,0,0,1,0,0,0,0,1,0,1,0
1/1/2020,GRC,174,Greece,-2.491183,1,2020q1,2020,720,1,0,0,0,0,0,0,1,0,0,0,0,1,0,1,0
4/1/2020,GRC,174,Greece,-7.886956,1,2020q2,2020,723,1,0,0,0,0,0,0,1,0,0,0,0,1,0,1,0
7/1/2020,GRC,174,Greece,-6.518948,1,2020q3,2020,726,1,0,0,0,0,0,0,1,0,0,0,0,1,0,1,0
10/1/2020,GRC,174,Greece,-3.011328,1,2020q4,2020,729,1,0,0,0,0,0,0,1,0,0,0,0,1,0,1,0
1/1/2021,GRC,174,Greece,-2.974544,1,2021q1,2021,732,1,0,0,0,0,0,0,1,0,0,0,0,1,0,1,0
4/1/2021,GRC,174,Greece,-10.48229,1,2021q2,2021,735,1,0,0,0,0,0,0,1,0,0,0,0,1,0,1,0
7/1/2021,GRC,174,Greece,-5.566848,1,2021q3,2021,738,1,0,0,0,0,0,0,1,0,0,0,0,1,0,1,0
10/1/2021,GRC,174,Greece,-7.200028,1,2021q4,2021,741,1,0,0,0,0,0,0,1,0,0,0,0,1,0,1,0
1/1/2022,GRC,174,Greece,-9.294035,1,2022q1,2022,744,1,0,0,0,0,0,0,1,0,0,0,0,1,0,1,0
4/1/2022,GRC,174,Greece,-10.78739,1,2022q2,2022,747,1,0,0,0,0,0,0,1,0,0,0,0,1,0,1,0
7/1/2022,GRC,174,Greece,-7.195531,1,2022q3,2022,750,1,0,0,0,0,0,0,1,0,0,0,0,1,0,1,0
10/1/2022,GRC,174,Greece,-12.81263,1,2022q4,2022,753,1,0,0,0,0,0,0,1,0,0,0,0,1,0,1,0
1/1/2023,GRC,174,Greece,-3.549994,1,2023q1,2023,756,1,0,0,0,0,0,0,1,0,0,0,0,1,0,1,0
4/1/2023,GRC,174,Greece,-7.127369,1,2023q2,2023,759,1,0,0,0,0,0,0,1,0,0,0,0,1,0,1,0
7/1/2023,GRC,174,Greece,-6.284814,1,2023q3,2023,762,1,0,0,0,0,0,0,1,0,0,0,0,1,0,1,0
10/1/2023,GRC,174,Greece,-9.01485,1,2023q4,2023,765,1,0,0,0,0,0,0,1,0,0,0,0,1,0,1,0
1/1/2024,GRC,174,Greece,-6.133414,1,2024q1,2024,768,1,0,0,0,0,0,0,1,0,0,0,0,1,0,1,0
4/1/2024,GRC,174,Greece,-7.511355,1,2024q2,2024,771,1,0,0,0,0,0,0,1,0,0,0,0,1,0,1,0
7/1/2024,GRC,174,Greece,-5.890705,1,2024q3,2024,774,1,0,0,0,0,0,0,1,0,0,0,0,1,0,1,0
10/1/2024,GRC,174,Greece,-6.678319,1,2024q4,2024,777,1,0,0,0,0,0,0,1,0,0,0,0,1,0,1,0
1/1/1976,ISL,176,Iceland,-9.4114162,4,1976q1,1976,192,1,0,0,0,0,0,0,1,0,0,0,0,0,0,0,0
4/1/1976,ISL,176,Iceland,4.1512746,4,1976q2,1976,195,1,0,0,0,0,0,0,1,0,0,0,0,0,0,0,0
7/1/1976,ISL,176,Iceland,3.9688904,4,1976q3,1976,198,1,0,0,0,0,0,0,1,0,0,0,0,0,0,0,0
10/1/1976,ISL,176,Iceland,-4.8334062,4,1976q4,1976,201,1,0,0,0,0,0,0,1,0,0,0,0,0,0,0,0
1/1/1977,ISL,176,Iceland,-2.6881143,4,1977q1,1977,204,1,0,0,0,0,0,0,1,0,0,0,0,0,0,0,0
4/1/1977,ISL,176,Iceland,-1.7503457,4,1977q2,1977,207,1,0,0,0,0,0,0,1,0,0,0,0,0,0,0,0
7/1/1977,ISL,176,Iceland,-2.1416571,4,1977q3,1977,210,1,0,0,0,0,0,0,1,0,0,0,0,0,0,0,0
10/1/1977,ISL,176,Iceland,-2.4887592,4,1977q4,1977,213,1,0,0,0,0,0,0,1,0,0,0,0,0,0,0,0
1/1/1978,ISL,176,Iceland,-5.2072395,4,1978q1,1978,216,1,0,0,0,0,0,0,1,0,0,0,0,0,0,0,0
4/1/1978,ISL,176,Iceland,-0.75107352,4,1978q2,1978,219,1,0,0,0,0,0,0,1,0,0,0,0,0,0,0,0
7/1/1978,ISL,176,Iceland,5.7432584,4,1978q3,1978,222,1,0,0,0,0,0,0,1,0,0,0,0,0,0,0,0
10/1/1978,ISL,176,Iceland,3.451864,4,1978q4,1978,225,1,0,0,0,0,0,0,1,0,0,0,0,0,0,0,0
1/1/1979,ISL,176,Iceland,0.18800864,4,1979q1,1979,228,1,0,0,0,0,0,0,1,0,0,0,0,0,0,0,0
4/1/1979,ISL,176,Iceland,-0.76005627,4,1979q2,1979,231,1,0,0,0,0,0,0,1,0,0,0,0,0,0,0,0
7/1/1979,ISL,176,Iceland,-1.6572751,4,1979q3,1979,234,1,0,0,0,0,0,0,1,0,0,0,0,0,0,0,0
10/1/1979,ISL,176,Iceland,-0.48582316,4,1979q4,1979,237,1,0,0,0,0,0,0,1,0,0,0,0,0,0,0,0
1/1/1980,ISL,176,Iceland,-6.1395034,4,1980q1,1980,240,1,0,0,0,0,0,0,1,0,0,0,0,0,0,0,0
4/1/1980,ISL,176,Iceland,-4.1779727,4,1980q2,1980,243,1,0,0,0,0,0,0,1,0,0,0,0,0,0,0,0
7/1/1980,ISL,176,Iceland,0.48738997,4,1980q3,1980,246,1,0,0,0,0,0,0,1,0,0,0,0,0,0,0,0
10/1/1980,ISL,176,Iceland,0,4,1980q4,1980,249,1,0,0,0,0,0,0,1,0,0,0,0,0,0,0,0
1/1/1981,ISL,176,Iceland,-6.0984362,4,1981q1,1981,252,1,0,0,0,0,0,0,1,0,0,0,0,0,0,0,0
4/1/1981,ISL,176,Iceland,-5.6983981,4,1981q2,1981,255,1,0,0,0,0,0,0,1,0,0,0,0,0,0,0,0
7/1/1981,ISL,176,Iceland,-1.381633,4,1981q3,1981,258,1,0,0,0,0,0,0,1,0,0,0,0,0,0,0,0
10/1/1981,ISL,176,Iceland,-4.6727218,4,1981q4,1981,261,1,0,0,0,0,0,0,1,0,0,0,0,0,0,0,0
1/1/1982,ISL,176,Iceland,-8.331307,4,1982q1,1982,264,1,0,0,0,0,0,0,1,0,0,0,0,0,0,0,0
4/1/1982,ISL,176,Iceland,-10.445708,4,1982q2,1982,267,1,0,0,0,0,0,0,1,0,0,0,0,0,0,0,0
7/1/1982,ISL,176,Iceland,-10.518116,4,1982q3,1982,270,1,0,0,0,0,0,0,1,0,0,0,0,0,0,0,0
10/1/1982,ISL,176,Iceland,-5.8195755,4,1982q4,1982,273,1,0,0,0,0,0,0,1,0,0,0,0,0,0,0,0
1/1/1983,ISL,176,Iceland,-3.2366786,4,1983q1,1983,276,1,0,0,0,0,0,0,1,0,0,0,0,0,0,0,0
4/1/1983,ISL,176,Iceland,-1.2288183,4,1983q2,1983,279,1,0,0,0,0,0,0,1,0,0,0,0,0,0,0,0
7/1/1983,ISL,176,Iceland,-0.35927652,4,1983q3,1983,282,1,0,0,0,0,0,0,1,0,0,0,0,0,0,0,0
10/1/1983,ISL,176,Iceland,-3.6973268,4,1983q4,1983,285,1,0,0,0,0,0,0,1,0,0,0,0,0,0,0,0
1/1/1984,ISL,176,Iceland,-3.7941154,4,1984q1,1984,288,1,0,0,0,0,0,0,1,0,0,0,0,0,0,0,0
4/1/1984,ISL,176,Iceland,-8.2571954,4,1984q2,1984,291,1,0,0,0,0,0,0,1,0,0,0,0,0,0,0,0
7/1/1984,ISL,176,Iceland,-1.4265409,4,1984q3,1984,294,1,0,0,0,0,0,0,1,0,0,0,0,0,0,0,0
10/1/1984,ISL,176,Iceland,-6.0972981,4,1984q4,1984,297,1,0,0,0,0,0,0,1,0,0,0,0,0,0,0,0
1/1/1985,ISL,176,Iceland,-6.9831774,4,1985q1,1985,300,1,0,0,0,0,0,0,1,0,0,0,0,0,0,0,0
4/1/1985,ISL,176,Iceland,-3.7926853,4,1985q2,1985,303,1,0,0,0,0,0,0,1,0,0,0,0,0,0,0,0
7/1/1985,ISL,176,Iceland,1.7583402,4,1985q3,1985,306,1,0,0,0,0,0,0,1,0,0,0,0,0,0,0,0
10/1/1985,ISL,176,Iceland,-6.8295516,4,1985q4,1985,309,1,0,0,0,0,0,0,1,0,0,0,0,0,0,0,0
1/1/1986,ISL,176,Iceland,-1.5414901,4,1986q1,1986,312,1,0,0,0,0,0,0,1,0,0,0,0,0,0,0,0
4/1/1986,ISL,176,Iceland,3.6885016,4,1986q2,1986,315,1,0,0,0,0,0,0,1,0,0,0,0,0,0,0,0
7/1/1986,ISL,176,Iceland,2.9376177,4,1986q3,1986,318,1,0,0,0,0,0,0,1,0,0,0,0,0,0,0,0
10/1/1986,ISL,176,Iceland,-3.2042228,4,1986q4,1986,321,1,0,0,0,0,0,0,1,0,0,0,0,0,0,0,0
1/1/1987,ISL,176,Iceland,-4.4034671,4,1987q1,1987,324,1,0,0,0,0,0,0,1,0,0,0,0,0,0,0,0
4/1/1987,ISL,176,Iceland,1.5800338,4,1987q2,1987,327,1,0,0,0,0,0,0,1,0,0,0,0,0,0,0,0
7/1/1987,ISL,176,Iceland,-2.1224968,4,1987q3,1987,330,1,0,0,0,0,0,0,1,0,0,0,0,0,0,0,0
10/1/1987,ISL,176,Iceland,-7.7834323,4,1987q4,1987,333,1,0,0,0,0,0,0,1,0,0,0,0,0,0,0,0
1/1/1988,ISL,176,Iceland,-5.5848297,4,1988q1,1988,336,1,0,0,0,0,0,0,1,0,0,0,0,0,0,0,0
4/1/1988,ISL,176,Iceland,-3.709165,4,1988q2,1988,339,1,0,0,0,0,0,0,1,0,0,0,0,0,0,0,0
7/1/1988,ISL,176,Iceland,-2.3282131,4,1988q3,1988,342,1,0,0,0,0,0,0,1,0,0,0,0,0,0,0,0
10/1/1988,ISL,176,Iceland,-4.1216988,4,1988q4,1988,345,1,0,0,0,0,0,0,1,0,0,0,0,0,0,0,0
1/1/1989,ISL,176,Iceland,-0.70414804,4,1989q1,1989,348,1,0,0,0,0,0,0,1,0,0,0,0,0,0,0,0
4/1/1989,ISL,176,Iceland,-4.204499,4,1989q2,1989,351,1,0,0,0,0,0,0,1,0,0,0,0,0,0,0,0
7/1/1989,ISL,176,Iceland,-0.41728434,4,1989q3,1989,354,1,0,0,0,0,0,0,1,0,0,0,0,0,0,0,0
10/1/1989,ISL,176,Iceland,-2.1983376,4,1989q4,1989,357,1,0,0,0,0,0,0,1,0,0,0,0,0,0,0,0
1/1/1990,ISL,176,Iceland,0.05605204,4,1990q1,1990,360,1,0,0,0,0,0,0,1,0,0,0,0,0,0,0,0
4/1/1990,ISL,176,Iceland,-5.6435961,4,1990q2,1990,363,1,0,0,0,0,0,0,1,0,0,0,0,0,0,0,0
7/1/1990,ISL,176,Iceland,1.8535744,4,1990q3,1990,366,1,0,0,0,0,0,0,1,0,0,0,0,0,0,0,0
10/1/1990,ISL,176,Iceland,-4.4996336,4,1990q4,1990,369,1,0,0,0,0,0,0,1,0,0,0,0,0,0,0,0
1/1/1991,ISL,176,Iceland,-2.5627531,4,1991q1,1991,372,1,0,0,0,0,0,0,1,0,0,0,0,0,0,0,0
4/1/1991,ISL,176,Iceland,-9.3537793,4,1991q2,1991,375,1,0,0,0,0,0,0,1,0,0,0,0,0,0,0,0
7/1/1991,ISL,176,Iceland,0.31429906,4,1991q3,1991,378,1,0,0,0,0,0,0,1,0,0,0,0,0,0,0,0
10/1/1991,ISL,176,Iceland,-4.5602068,4,1991q4,1991,381,1,0,0,0,0,0,0,1,0,0,0,0,0,0,0,0
1/1/1992,ISL,176,Iceland,-1.5921017,4,1992q1,1992,384,1,0,0,0,0,0,0,1,0,0,0,0,0,0,0,0
4/1/1992,ISL,176,Iceland,-2.9567005,4,1992q2,1992,387,1,0,0,0,0,0,0,1,0,0,0,0,0,0,0,0
7/1/1992,ISL,176,Iceland,1.2143785,4,1992q3,1992,390,1,0,0,0,0,0,0,1,0,0,0,0,0,0,0,0
10/1/1992,ISL,176,Iceland,-6.5121539,4,1992q4,1992,393,1,0,0,0,0,0,0,1,0,0,0,0,0,0,0,0
1/1/1993,ISL,176,Iceland,-1.4206982,4,1993q1,1993,396,1,0,0,0,0,0,0,1,0,0,0,0,0,0,0,0
4/1/1993,ISL,176,Iceland,-0.49075833,4,1993q2,1993,399,1,0,0,0,0,0,0,1,0,0,0,0,0,0,0,0
7/1/1993,ISL,176,Iceland,4.0374134,4,1993q3,1993,402,1,0,0,0,0,0,0,1,0,0,0,0,0,0,0,0
10/1/1993,ISL,176,Iceland,0.39642146,4,1993q4,1993,405,1,0,0,0,0,0,0,1,0,0,0,0,0,0,0,0
1/1/1994,ISL,176,Iceland,3.5946731,4,1994q1,1994,408,1,0,0,0,0,0,0,1,0,0,0,0,0,0,0,0
4/1/1994,ISL,176,Iceland,0.03948049,4,1994q2,1994,411,1,0,0,0,0,0,0,1,0,0,0,0,0,0,0,0
7/1/1994,ISL,176,Iceland,3.992876,4,1994q3,1994,414,1,0,0,0,0,0,0,1,0,0,0,0,0,0,0,0
10/1/1994,ISL,176,Iceland,-0.28057762,4,1994q4,1994,417,1,0,0,0,0,0,0,1,0,0,0,0,0,0,0,0
1/1/1995,ISL,176,Iceland,0.2359249,1,1995q1,1995,420,1,0,0,0,0,0,0,1,0,0,0,0,0,0,0,0
4/1/1995,ISL,176,Iceland,1.08837,1,1995q2,1995,423,1,0,0,0,0,0,0,1,0,0,0,0,0,0,0,0
7/1/1995,ISL,176,Iceland,-0.1087605,1,1995q3,1995,426,1,0,0,0,0,0,0,1,0,0,0,0,0,0,0,0
10/1/1995,ISL,176,Iceland,-0.4999651,1,1995q4,1995,429,1,0,0,0,0,0,0,1,0,0,0,0,0,0,0,0
1/1/1996,ISL,176,Iceland,-1.329066,1,1996q1,1996,432,1,0,0,0,0,0,0,1,0,0,0,0,0,0,0,0
4/1/1996,ISL,176,Iceland,-2.137384,1,1996q2,1996,435,1,0,0,0,0,0,0,1,0,0,0,0,0,0,0,0
7/1/1996,ISL,176,Iceland,-3.922252,1,1996q3,1996,438,1,0,0,0,0,0,0,1,0,0,0,0,0,0,0,0
10/1/1996,ISL,176,Iceland,-2.650123,1,1996q4,1996,441,1,0,0,0,0,0,0,1,0,0,0,0,0,0,0,0
1/1/1997,ISL,176,Iceland,-1.424916,1,1997q1,1997,444,1,0,0,0,0,0,0,1,0,0,0,0,0,0,0,0
4/1/1997,ISL,176,Iceland,-1.545535,1,1997q2,1997,447,1,0,0,0,0,0,0,1,0,0,0,0,0,0,0,0
7/1/1997,ISL,176,Iceland,-3.755451,1,1997q3,1997,450,1,0,0,0,0,0,0,1,0,0,0,0,0,0,0,0
10/1/1997,ISL,176,Iceland,-2.529812,1,1997q4,1997,453,1,0,0,0,0,0,0,1,0,0,0,0,0,0,0,0
1/1/1998,ISL,176,Iceland,-13.81411,1,1998q1,1998,456,1,0,0,0,0,0,0,1,0,0,0,0,0,0,0,0
4/1/1998,ISL,176,Iceland,-4.16331,1,1998q2,1998,459,1,0,0,0,0,0,0,1,0,0,0,0,0,0,0,0
7/1/1998,ISL,176,Iceland,-6.274148,1,1998q3,1998,462,1,0,0,0,0,0,0,1,0,0,0,0,0,0,0,0
10/1/1998,ISL,176,Iceland,-5.169765,1,1998q4,1998,465,1,0,0,0,0,0,0,1,0,0,0,0,0,0,0,0
1/1/1999,ISL,176,Iceland,-6.090353,1,1999q1,1999,468,1,0,0,0,0,0,0,1,0,0,0,0,0,0,0,0
4/1/1999,ISL,176,Iceland,-7.873634,1,1999q2,1999,471,1,0,0,0,0,0,0,1,0,0,0,0,0,0,0,0
7/1/1999,ISL,176,Iceland,-8.865215,1,1999q3,1999,474,1,0,0,0,0,0,0,1,0,0,0,0,0,0,0,0
10/1/1999,ISL,176,Iceland,-5.342965,1,1999q4,1999,477,1,0,0,0,0,0,0,1,0,0,0,0,0,0,0,0
1/1/2000,ISL,176,Iceland,-8.868649,1,2000q1,2000,480,1,0,0,0,0,0,0,1,0,0,0,0,0,0,0,0
4/1/2000,ISL,176,Iceland,-9.851244,1,2000q2,2000,483,1,0,0,0,0,0,0,1,0,0,0,0,0,0,0,0
7/1/2000,ISL,176,Iceland,-8.77168,1,2000q3,2000,486,1,0,0,0,0,0,0,1,0,0,0,0,0,0,0,0
10/1/2000,ISL,176,Iceland,-13.16262,1,2000q4,2000,489,1,0,0,0,0,0,0,1,0,0,0,0,0,0,0,0
1/1/2001,ISL,176,Iceland,-12.09006,1,2001q1,2001,492,1,0,0,0,0,0,0,1,0,0,0,0,0,0,0,0
4/1/2001,ISL,176,Iceland,-4.291818,1,2001q2,2001,495,1,0,0,0,0,0,0,1,0,0,0,0,0,0,0,0
7/1/2001,ISL,176,Iceland,-6.297895,1,2001q3,2001,498,1,0,0,0,0,0,0,1,0,0,0,0,0,0,0,0
10/1/2001,ISL,176,Iceland,3.873732,1,2001q4,2001,501,1,0,0,0,0,0,0,1,0,0,0,0,0,0,0,0
1/1/2002,ISL,176,Iceland,0.09808338,1,2002q1,2002,504,1,0,0,0,0,0,0,1,0,0,0,0,0,0,0,0
4/1/2002,ISL,176,Iceland,1.40626,1,2002q2,2002,507,1,0,0,0,0,0,0,1,0,0,0,0,0,0,0,0
7/1/2002,ISL,176,Iceland,2.059891,1,2002q3,2002,510,1,0,0,0,0,0,0,1,0,0,0,0,0,0,0,0
10/1/2002,ISL,176,Iceland,1.569399,1,2002q4,2002,513,1,0,0,0,0,0,0,1,0,0,0,0,0,0,0,0
1/1/2003,ISL,176,Iceland,0.4669479,1,2003q1,2003,516,1,0,0,0,0,0,0,1,0,0,0,0,0,0,0,0
4/1/2003,ISL,176,Iceland,-4.468966,1,2003q2,2003,519,1,0,0,0,0,0,0,1,0,0,0,0,0,0,0,0
7/1/2003,ISL,176,Iceland,-6.757963,1,2003q3,2003,522,1,0,0,0,0,0,0,1,0,0,0,0,0,0,0,0
10/1/2003,ISL,176,Iceland,-8.491973,1,2003q4,2003,525,1,0,0,0,0,0,0,1,0,0,0,0,0,0,0,0
1/1/2004,ISL,176,Iceland,-6.508071,1,2004q1,2004,528,1,0,0,0,0,0,0,1,0,0,0,0,0,0,0,0
4/1/2004,ISL,176,Iceland,-10.63694,1,2004q2,2004,531,1,0,0,0,0,0,0,1,0,0,0,0,0,0,0,0
7/1/2004,ISL,176,Iceland,-7.53859,1,2004q3,2004,534,1,0,0,0,0,0,0,1,0,0,0,0,0,0,0,0
10/1/2004,ISL,176,Iceland,-15.38316,1,2004q4,2004,537,1,0,0,0,0,0,0,1,0,0,0,0,0,0,0,0
1/1/2005,ISL,176,Iceland,-12.58936,1,2005q1,2005,540,1,0,0,0,0,0,0,1,0,0,0,0,0,0,0,0
4/1/2005,ISL,176,Iceland,-10.53877,1,2005q2,2005,543,1,0,0,0,0,0,0,1,0,0,0,0,0,0,0,0
7/1/2005,ISL,176,Iceland,-15.73875,1,2005q3,2005,546,1,0,0,0,0,0,0,1,0,0,0,0,0,0,0,0
10/1/2005,ISL,176,Iceland,-23.9011,1,2005q4,2005,549,1,0,0,0,0,0,0,1,0,0,0,0,0,0,0,0
1/1/2006,ISL,176,Iceland,-20.95064,1,2006q1,2006,552,1,0,0,0,0,0,0,1,0,0,0,0,0,0,0,0
4/1/2006,ISL,176,Iceland,-18.7148,1,2006q2,2006,555,1,0,0,0,0,0,0,1,0,0,0,0,0,0,0,0
7/1/2006,ISL,176,Iceland,-23.72753,1,2006q3,2006,558,1,0,0,0,0,0,0,1,0,0,0,0,0,0,0,0
10/1/2006,ISL,176,Iceland,-26.67433,1,2006q4,2006,561,1,0,0,0,0,0,0,1,0,0,0,0,0,0,0,0
1/1/2007,ISL,176,Iceland,-20.15798,1,2007q1,2007,564,1,0,0,0,0,0,0,1,0,0,0,0,0,0,0,0
4/1/2007,ISL,176,Iceland,-18.94932,1,2007q2,2007,567,1,0,0,0,0,0,0,1,0,0,0,0,0,0,0,0
7/1/2007,ISL,176,Iceland,0.03301033,1,2007q3,2007,570,1,0,0,0,0,0,0,1,0,0,0,0,0,0,0,0
10/1/2007,ISL,176,Iceland,-14.21644,1,2007q4,2007,573,1,0,0,0,0,0,0,1,0,0,0,0,0,0,0,0
1/1/2008,ISL,176,Iceland,-17.4061,1,2008q1,2008,576,1,0,0,0,0,0,0,1,0,0,0,0,0,0,0,0
4/1/2008,ISL,176,Iceland,-30.08616,1,2008q2,2008,579,1,0,0,0,0,0,0,1,0,0,0,0,0,0,0,0
7/1/2008,ISL,176,Iceland,-29.58108,1,2008q3,2008,582,1,0,0,0,0,0,0,1,0,0,0,0,0,0,0,0
10/1/2008,ISL,176,Iceland,-6.209956,1,2008q4,2008,585,1,0,0,0,0,0,0,1,0,0,0,0,0,0,0,0
1/1/2009,ISL,176,Iceland,-16.41809,1,2009q1,2009,588,1,0,0,0,0,0,0,1,0,0,0,0,0,0,0,0
4/1/2009,ISL,176,Iceland,-5.408584,1,2009q2,2009,591,1,0,0,0,0,0,0,1,0,0,0,0,0,0,0,0
7/1/2009,ISL,176,Iceland,-14.89561,1,2009q3,2009,594,1,0,0,0,0,0,0,1,0,0,0,0,0,0,0,0
10/1/2009,ISL,176,Iceland,0.8453323,1,2009q4,2009,597,1,0,0,0,0,0,0,1,0,0,0,0,0,0,0,0
1/1/2010,ISL,176,Iceland,-1.787938,1,2010q1,2010,600,1,0,0,0,0,0,0,1,0,0,0,0,0,0,0,0
4/1/2010,ISL,176,Iceland,-7.50843,1,2010q2,2010,603,1,0,0,0,0,0,0,1,0,0,0,0,0,0,0,0
7/1/2010,ISL,176,Iceland,-7.550204,1,2010q3,2010,606,1,0,0,0,0,0,0,1,0,0,0,0,0,0,0,0
10/1/2010,ISL,176,Iceland,-6.947715,1,2010q4,2010,609,1,0,0,0,0,0,0,1,0,0,0,0,0,0,0,0
1/1/2011,ISL,176,Iceland,-9.458465,1,2011q1,2011,612,1,0,0,0,0,0,0,1,0,0,0,0,0,0,0,0
4/1/2011,ISL,176,Iceland,-1.370237,1,2011q2,2011,615,1,0,0,0,0,0,0,1,0,0,0,0,0,0,0,0
7/1/2011,ISL,176,Iceland,-3.088697,1,2011q3,2011,618,1,0,0,0,0,0,0,1,0,0,0,0,0,0,0,0
10/1/2011,ISL,176,Iceland,-5.571434,1,2011q4,2011,621,1,0,0,0,0,0,0,1,0,0,0,0,0,0,0,0
1/1/2012,ISL,176,Iceland,-8.281453,1,2012q1,2012,624,1,0,0,0,0,0,0,1,0,0,0,0,0,0,0,0
4/1/2012,ISL,176,Iceland,-6.715797,1,2012q2,2012,627,1,0,0,0,0,0,0,1,0,0,0,0,0,0,0,0
7/1/2012,ISL,176,Iceland,-0.7225673,1,2012q3,2012,630,1,0,0,0,0,0,0,1,0,0,0,0,0,0,0,0
10/1/2012,ISL,176,Iceland,0.8337031,1,2012q4,2012,633,1,0,0,0,0,0,0,1,0,0,0,0,0,0,0,0
1/1/2013,ISL,176,Iceland,6.438807,1,2013q1,2013,636,1,0,0,0,0,0,0,1,0,0,0,0,0,0,0,0
4/1/2013,ISL,176,Iceland,3.78904,1,2013q2,2013,639,1,0,0,0,0,0,0,1,0,0,0,0,0,0,0,0
7/1/2013,ISL,176,Iceland,6.23073,1,2013q3,2013,642,1,0,0,0,0,0,0,1,0,0,0,0,0,0,0,0
10/1/2013,ISL,176,Iceland,8.294911,1,2013q4,2013,645,1,0,0,0,0,0,0,1,0,0,0,0,0,0,0,0
1/1/2014,ISL,176,Iceland,1.272477,1,2014q1,2014,648,1,0,0,0,0,0,0,1,0,0,0,0,0,0,0,0
4/1/2014,ISL,176,Iceland,4.858154,1,2014q2,2014,651,1,0,0,0,0,0,0,1,0,0,0,0,0,0,0,0
7/1/2014,ISL,176,Iceland,2.362903,1,2014q3,2014,654,1,0,0,0,0,0,0,1,0,0,0,0,0,0,0,0
10/1/2014,ISL,176,Iceland,8.080157,1,2014q4,2014,657,1,0,0,0,0,0,0,1,0,0,0,0,0,0,0,0
1/1/2015,ISL,176,Iceland,3.65904,1,2015q1,2015,660,1,0,0,0,0,0,0,1,0,0,0,0,0,0,0,0
4/1/2015,ISL,176,Iceland,8.184137,1,2015q2,2015,663,1,0,0,0,0,0,0,1,0,0,0,0,0,0,0,0
7/1/2015,ISL,176,Iceland,3.623284,1,2015q3,2015,666,1,0,0,0,0,0,0,1,0,0,0,0,0,0,0,0
10/1/2015,ISL,176,Iceland,5.847563,1,2015q4,2015,669,1,0,0,0,0,0,0,1,0,0,0,0,0,0,0,0
1/1/2016,ISL,176,Iceland,3.952537,1,2016q1,2016,672,1,0,0,0,0,0,0,1,0,0,0,0,0,0,0,0
4/1/2016,ISL,176,Iceland,7.290003,1,2016q2,2016,675,1,0,0,0,0,0,0,1,0,0,0,0,0,0,0,0
7/1/2016,ISL,176,Iceland,8.816508,1,2016q3,2016,678,1,0,0,0,0,0,0,1,0,0,0,0,0,0,0,0
10/1/2016,ISL,176,Iceland,10.20229,1,2016q4,2016,681,1,0,0,0,0,0,0,1,0,0,0,0,0,0,0,0
1/1/2017,ISL,176,Iceland,4.427526,1,2017q1,2017,684,1,0,0,0,0,0,0,1,0,0,0,0,0,0,0,0
4/1/2017,ISL,176,Iceland,4.310102,1,2017q2,2017,687,1,0,0,0,0,0,0,1,0,0,0,0,0,0,0,0
7/1/2017,ISL,176,Iceland,3.447897,1,2017q3,2017,690,1,0,0,0,0,0,0,1,0,0,0,0,0,0,0,0
10/1/2017,ISL,176,Iceland,4.903152,1,2017q4,2017,693,1,0,0,0,0,0,0,1,0,0,0,0,0,0,0,0
1/1/2018,ISL,176,Iceland,5.019902,1,2018q1,2018,696,1,0,0,0,0,0,0,1,0,0,0,0,0,0,0,0
4/1/2018,ISL,176,Iceland,3.341896,1,2018q2,2018,699,1,0,0,0,0,0,0,1,0,0,0,0,0,0,0,0
7/1/2018,ISL,176,Iceland,3.70661,1,2018q3,2018,702,1,0,0,0,0,0,0,1,0,0,0,0,0,0,0,0
10/1/2018,ISL,176,Iceland,4.476674,1,2018q4,2018,705,1,0,0,0,0,0,0,1,0,0,0,0,0,0,0,0
1/1/2019,ISL,176,Iceland,10.08735,1,2019q1,2019,708,1,0,0,0,0,0,0,1,0,0,0,0,0,0,0,0
4/1/2019,ISL,176,Iceland,5.136735,1,2019q2,2019,711,1,0,0,0,0,0,0,1,0,0,0,0,0,0,0,0
7/1/2019,ISL,176,Iceland,3.710648,1,2019q3,2019,714,1,0,0,0,0,0,0,1,0,0,0,0,0,0,0,0
10/1/2019,ISL,176,Iceland,7.145217,1,2019q4,2019,717,1,0,0,0,0,0,0,1,0,0,0,0,0,0,0,0
1/1/2020,ISL,176,Iceland,4.29305,1,2020q1,2020,720,1,0,0,0,0,0,0,1,0,0,0,0,0,0,0,0
4/1/2020,ISL,176,Iceland,0.3774492,1,2020q2,2020,723,1,0,0,0,0,0,0,1,0,0,0,0,0,0,0,0
7/1/2020,ISL,176,Iceland,-0.3887998,1,2020q3,2020,726,1,0,0,0,0,0,0,1,0,0,0,0,0,0,0,0
10/1/2020,ISL,176,Iceland,1.930872,1,2020q4,2020,729,1,0,0,0,0,0,0,1,0,0,0,0,0,0,0,0
1/1/2021,ISL,176,Iceland,-3.446146,1,2021q1,2021,732,1,0,0,0,0,0,0,1,0,0,0,0,0,0,0,0
4/1/2021,ISL,176,Iceland,-3.294828,1,2021q2,2021,735,1,0,0,0,0,0,0,1,0,0,0,0,0,0,0,0
7/1/2021,ISL,176,Iceland,-1.073916,1,2021q3,2021,738,1,0,0,0,0,0,0,1,0,0,0,0,0,0,0,0
10/1/2021,ISL,176,Iceland,-4.548525,1,2021q4,2021,741,1,0,0,0,0,0,0,1,0,0,0,0,0,0,0,0
1/1/2022,ISL,176,Iceland,-2.989588,1,2022q1,2022,744,1,0,0,0,0,0,0,1,0,0,0,0,0,0,0,0
4/1/2022,ISL,176,Iceland,-2.810189,1,2022q2,2022,747,1,0,0,0,0,0,0,1,0,0,0,0,0,0,0,0
7/1/2022,ISL,176,Iceland,-3.669192,1,2022q3,2022,750,1,0,0,0,0,0,0,1,0,0,0,0,0,0,0,0
10/1/2022,ISL,176,Iceland,-0.8069037,1,2022q4,2022,753,1,0,0,0,0,0,0,1,0,0,0,0,0,0,0,0
1/1/2023,ISL,176,Iceland,-0.4072025,1,2023q1,2023,756,1,0,0,0,0,0,0,1,0,0,0,0,0,0,0,0
4/1/2023,ISL,176,Iceland,0.7762032,1,2023q2,2023,759,1,0,0,0,0,0,0,1,0,0,0,0,0,0,0,0
7/1/2023,ISL,176,Iceland,0.9314893,1,2023q3,2023,762,1,0,0,0,0,0,0,1,0,0,0,0,0,0,0,0
10/1/2023,ISL,176,Iceland,1.241103,1,2023q4,2023,765,1,0,0,0,0,0,0,1,0,0,0,0,0,0,0,0
1/1/2024,ISL,176,Iceland,-1.341762,1,2024q1,2024,768,1,0,0,0,0,0,0,1,0,0,0,0,0,0,0,0
4/1/2024,ISL,176,Iceland,-2.050509,1,2024q2,2024,771,1,0,0,0,0,0,0,1,0,0,0,0,0,0,0,0
7/1/2024,ISL,176,Iceland,-1.841935,1,2024q3,2024,774,1,0,0,0,0,0,0,1,0,0,0,0,0,0,0,0
10/1/2024,ISL,176,Iceland,-5.083526,1,2024q4,2024,777,1,0,0,0,0,0,0,1,0,0,0,0,0,0,0,0
1/1/1990,IRL,178,Ireland,5.0156459,4,1990q1,1990,360,1,0,0,0,0,0,0,1,0,0,0,0,0,1,0,0
4/1/1990,IRL,178,Ireland,-0.34005151,4,1990q2,1990,363,1,0,0,0,0,0,0,1,0,0,0,0,0,1,0,0
7/1/1990,IRL,178,Ireland,-0.83764987,4,1990q3,1990,366,1,0,0,0,0,0,0,1,0,0,0,0,0,1,0,0
10/1/1990,IRL,178,Ireland,-6.7074299,4,1990q4,1990,369,1,0,0,0,0,0,0,1,0,0,0,0,0,1,0,0
1/1/1991,IRL,178,Ireland,0.90827951,4,1991q1,1991,372,1,0,0,0,0,0,0,1,0,0,0,0,0,1,0,0
4/1/1991,IRL,178,Ireland,-1.633534,4,1991q2,1991,375,1,0,0,0,0,0,0,1,0,0,0,0,0,1,0,0
7/1/1991,IRL,178,Ireland,1.536788,4,1991q3,1991,378,1,0,0,0,0,0,0,1,0,0,0,0,0,1,0,0
10/1/1991,IRL,178,Ireland,1.921338,4,1991q4,1991,381,1,0,0,0,0,0,0,1,0,0,0,0,0,1,0,0
1/1/1992,IRL,178,Ireland,1.530167,4,1992q1,1992,384,1,0,0,0,0,0,0,1,0,0,0,0,0,1,0,0
4/1/1992,IRL,178,Ireland,2.7979769,4,1992q2,1992,387,1,0,0,0,0,0,0,1,0,0,0,0,0,1,0,0
7/1/1992,IRL,178,Ireland,0.7044882,4,1992q3,1992,390,1,0,0,0,0,0,0,1,0,0,0,0,0,1,0,0
10/1/1992,IRL,178,Ireland,-0.95078182,4,1992q4,1992,393,1,0,0,0,0,0,0,1,0,0,0,0,0,1,0,0
1/1/1993,IRL,178,Ireland,2.42288,4,1993q1,1993,396,1,0,0,0,0,0,0,1,0,0,0,0,0,1,0,0
4/1/1993,IRL,178,Ireland,3.8639929,4,1993q2,1993,399,1,0,0,0,0,0,0,1,0,0,0,0,0,1,0,0
7/1/1993,IRL,178,Ireland,2.4169331,4,1993q3,1993,402,1,0,0,0,0,0,0,1,0,0,0,0,0,1,0,0
10/1/1993,IRL,178,Ireland,5.6170821,4,1993q4,1993,405,1,0,0,0,0,0,0,1,0,0,0,0,0,1,0,0
1/1/1994,IRL,178,Ireland,1.264828,4,1994q1,1994,408,1,0,0,0,0,0,0,1,0,0,0,0,0,1,0,0
4/1/1994,IRL,178,Ireland,2.2287272,4,1994q2,1994,411,1,0,0,0,0,0,0,1,0,0,0,0,0,1,0,0
7/1/1994,IRL,178,Ireland,3.240139,4,1994q3,1994,414,1,0,0,0,0,0,0,1,0,0,0,0,0,1,0,0
10/1/1994,IRL,178,Ireland,3.844301,4,1994q4,1994,417,1,0,0,0,0,0,0,1,0,0,0,0,0,1,0,0
1/1/1995,IRL,178,Ireland,4.6387471,4,1995q1,1995,420,1,0,0,0,0,0,0,1,0,0,0,0,0,1,0,0
4/1/1995,IRL,178,Ireland,3.8641918,4,1995q2,1995,423,1,0,0,0,0,0,0,1,0,0,0,0,0,1,0,0
7/1/1995,IRL,178,Ireland,1.213875,4,1995q3,1995,426,1,0,0,0,0,0,0,1,0,0,0,0,0,1,0,0
10/1/1995,IRL,178,Ireland,0.6259426,4,1995q4,1995,429,1,0,0,0,0,0,0,1,0,0,0,0,0,1,0,0
1/1/1996,IRL,178,Ireland,2.9691091,4,1996q1,1996,432,1,0,0,0,0,0,0,1,0,0,0,0,0,1,0,0
4/1/1996,IRL,178,Ireland,1.94178,4,1996q2,1996,435,1,0,0,0,0,0,0,1,0,0,0,0,0,1,0,0
7/1/1996,IRL,178,Ireland,3.8392209,4,1996q3,1996,438,1,0,0,0,0,0,0,1,0,0,0,0,0,1,0,0
10/1/1996,IRL,178,Ireland,2.1208351,4,1996q4,1996,441,1,0,0,0,0,0,0,1,0,0,0,0,0,1,0,0
1/1/1997,IRL,178,Ireland,1.3868069,4,1997q1,1997,444,1,0,0,0,0,0,0,1,0,0,0,0,0,1,0,0
4/1/1997,IRL,178,Ireland,1.098623,4,1997q2,1997,447,1,0,0,0,0,0,0,1,0,0,0,0,0,1,0,0
7/1/1997,IRL,178,Ireland,4.4197038,4,1997q3,1997,450,1,0,0,0,0,0,0,1,0,0,0,0,0,1,0,0
10/1/1997,IRL,178,Ireland,2.5962001,4,1997q4,1997,453,1,0,0,0,0,0,0,1,0,0,0,0,0,1,0,0
1/1/1998,IRL,178,Ireland,1.73134,4,1998q1,1998,456,1,0,0,0,0,0,0,1,0,0,0,0,0,1,0,0
4/1/1998,IRL,178,Ireland,1.5442249,4,1998q2,1998,459,1,0,0,0,0,0,0,1,0,0,0,0,0,1,0,0
7/1/1998,IRL,178,Ireland,1.3450021,4,1998q3,1998,462,1,0,0,0,0,0,0,1,0,0,0,0,0,1,0,0
10/1/1998,IRL,178,Ireland,-1.3617081,4,1998q4,1998,465,1,0,0,0,0,0,0,1,0,0,0,0,0,1,0,0
1/1/1999,IRL,178,Ireland,1.9135229,4,1999q1,1999,468,1,0,0,0,0,0,0,1,0,0,0,0,0,1,1,1
4/1/1999,IRL,178,Ireland,1.0548269,4,1999q2,1999,471,1,0,0,0,0,0,0,1,0,0,0,0,0,1,1,0
7/1/1999,IRL,178,Ireland,-0.55023287,4,1999q3,1999,474,1,0,0,0,0,0,0,1,0,0,0,0,0,1,1,0
10/1/1999,IRL,178,Ireland,0.1510827,4,1999q4,1999,477,1,0,0,0,0,0,0,1,0,0,0,0,0,1,1,0
1/1/2000,IRL,178,Ireland,0.0459954,4,2000q1,2000,480,1,0,0,0,0,0,0,1,0,0,0,0,0,1,1,0
4/1/2000,IRL,178,Ireland,3.0677181,4,2000q2,2000,483,1,0,0,0,0,0,0,1,0,0,0,0,0,1,1,0
7/1/2000,IRL,178,Ireland,-1.1713031,4,2000q3,2000,486,1,0,0,0,0,0,0,1,0,0,0,0,0,1,1,0
10/1/2000,IRL,178,Ireland,-1.5969271,4,2000q4,2000,489,1,0,0,0,0,0,0,1,0,0,0,0,0,1,1,0
1/1/2001,IRL,178,Ireland,-0.08963913,4,2001q1,2001,492,1,0,0,0,0,0,0,1,0,0,0,0,0,1,1,0
4/1/2001,IRL,178,Ireland,0.65320982,4,2001q2,2001,495,1,0,0,0,0,0,0,1,0,0,0,0,0,1,1,0
7/1/2001,IRL,178,Ireland,-0.29557792,4,2001q3,2001,498,1,0,0,0,0,0,0,1,0,0,0,0,0,1,1,0
10/1/2001,IRL,178,Ireland,-2.7817521,4,2001q4,2001,501,1,0,0,0,0,0,0,1,0,0,0,0,0,1,1,0
1/1/2002,IRL,178,Ireland,2.268421,1,2002q1,2002,504,1,0,0,0,0,0,0,1,0,0,0,0,0,1,1,0
4/1/2002,IRL,178,Ireland,-3.103769,1,2002q2,2002,507,1,0,0,0,0,0,0,1,0,0,0,0,0,1,1,0
7/1/2002,IRL,178,Ireland,0.3610301,1,2002q3,2002,510,1,0,0,0,0,0,0,1,0,0,0,0,0,1,1,0
10/1/2002,IRL,178,Ireland,1.116659,1,2002q4,2002,513,1,0,0,0,0,0,0,1,0,0,0,0,0,1,1,0
1/1/2003,IRL,178,Ireland,-0.507866,1,2003q1,2003,516,1,0,0,0,0,0,0,1,0,0,0,0,0,1,1,0
4/1/2003,IRL,178,Ireland,1.850328,1,2003q2,2003,519,1,0,0,0,0,0,0,1,0,0,0,0,0,1,1,0
7/1/2003,IRL,178,Ireland,-0.08443651,1,2003q3,2003,522,1,0,0,0,0,0,0,1,0,0,0,0,0,1,1,0
10/1/2003,IRL,178,Ireland,0.5910881,1,2003q4,2003,525,1,0,0,0,0,0,0,1,0,0,0,0,0,1,1,0
1/1/2004,IRL,178,Ireland,0.6808636,1,2004q1,2004,528,1,0,0,0,0,0,0,1,0,0,0,0,0,1,1,0
4/1/2004,IRL,178,Ireland,0.7949237,1,2004q2,2004,531,1,0,0,0,0,0,0,1,0,0,0,0,0,1,1,0
7/1/2004,IRL,178,Ireland,-1.061646,1,2004q3,2004,534,1,0,0,0,0,0,0,1,0,0,0,0,0,1,1,0
10/1/2004,IRL,178,Ireland,-0.8252876,1,2004q4,2004,537,1,0,0,0,0,0,0,1,0,0,0,0,0,1,1,0
1/1/2005,IRL,178,Ireland,-1.972589,1,2005q1,2005,540,1,0,0,0,0,0,0,1,0,0,0,0,0,1,1,0
4/1/2005,IRL,178,Ireland,-3.500732,1,2005q2,2005,543,1,0,0,0,0,0,0,1,0,0,0,0,0,1,1,0
7/1/2005,IRL,178,Ireland,-5.969265,1,2005q3,2005,546,1,0,0,0,0,0,0,1,0,0,0,0,0,1,1,0
10/1/2005,IRL,178,Ireland,-4.237462,1,2005q4,2005,549,1,0,0,0,0,0,0,1,0,0,0,0,0,1,1,0
1/1/2006,IRL,178,Ireland,-6.049853,1,2006q1,2006,552,1,0,0,0,0,0,0,1,0,0,0,0,0,1,1,0
4/1/2006,IRL,178,Ireland,-5.784582,1,2006q2,2006,555,1,0,0,0,0,0,0,1,0,0,0,0,0,1,1,0
7/1/2006,IRL,178,Ireland,-5.669176,1,2006q3,2006,558,1,0,0,0,0,0,0,1,0,0,0,0,0,1,1,0
10/1/2006,IRL,178,Ireland,-5.20316,1,2006q4,2006,561,1,0,0,0,0,0,0,1,0,0,0,0,0,1,1,0
1/1/2007,IRL,178,Ireland,-6.336717,1,2007q1,2007,564,1,0,0,0,0,0,0,1,0,0,0,0,0,1,1,0
4/1/2007,IRL,178,Ireland,-6.638995,1,2007q2,2007,567,1,0,0,0,0,0,0,1,0,0,0,0,0,1,1,0
7/1/2007,IRL,178,Ireland,-7.650414,1,2007q3,2007,570,1,0,0,0,0,0,0,1,0,0,0,0,0,1,1,0
10/1/2007,IRL,178,Ireland,-5.426839,1,2007q4,2007,573,1,0,0,0,0,0,0,1,0,0,0,0,0,1,1,0
1/1/2008,IRL,178,Ireland,-7.838625,1,2008q1,2008,576,1,0,0,0,0,0,0,1,0,0,0,0,0,1,1,0
4/1/2008,IRL,178,Ireland,-6.910849,1,2008q2,2008,579,1,0,0,0,0,0,0,1,0,0,0,0,0,1,1,0
7/1/2008,IRL,178,Ireland,-6.290412,1,2008q3,2008,582,1,0,0,0,0,0,0,1,0,0,0,0,0,1,1,0
10/1/2008,IRL,178,Ireland,-3.470364,1,2008q4,2008,585,1,0,0,0,0,0,0,1,0,0,0,0,0,1,1,0
1/1/2009,IRL,178,Ireland,-6.131943,1,2009q1,2009,588,1,0,0,0,0,0,0,1,0,0,0,0,0,1,1,0
4/1/2009,IRL,178,Ireland,-4.594769,1,2009q2,2009,591,1,0,0,0,0,0,0,1,0,0,0,0,0,1,1,0
7/1/2009,IRL,178,Ireland,-4.008592,1,2009q3,2009,594,1,0,0,0,0,0,0,1,0,0,0,0,0,1,1,0
10/1/2009,IRL,178,Ireland,-3.709922,1,2009q4,2009,597,1,0,0,0,0,0,0,1,0,0,0,0,0,1,1,0
1/1/2010,IRL,178,Ireland,-3.36053,1,2010q1,2010,600,1,0,0,0,0,0,0,1,0,0,0,0,0,1,1,0
4/1/2010,IRL,178,Ireland,-2.422593,1,2010q2,2010,603,1,0,0,0,0,0,0,1,0,0,0,0,0,1,1,0
7/1/2010,IRL,178,Ireland,0.3703851,1,2010q3,2010,606,1,0,0,0,0,0,0,1,0,0,0,0,0,1,1,0
10/1/2010,IRL,178,Ireland,0.4183005,1,2010q4,2010,609,1,0,0,0,0,0,0,1,0,0,0,0,0,1,1,0
1/1/2011,IRL,178,Ireland,-3.118197,1,2011q1,2011,612,1,0,0,0,0,0,0,1,0,0,0,0,0,1,1,0
4/1/2011,IRL,178,Ireland,-2.015266,1,2011q2,2011,615,1,0,0,0,0,0,0,1,0,0,0,0,0,1,1,0
7/1/2011,IRL,178,Ireland,-0.8587477,1,2011q3,2011,618,1,0,0,0,0,0,0,1,0,0,0,0,0,1,1,0
10/1/2011,IRL,178,Ireland,-2.221516,1,2011q4,2011,621,1,0,0,0,0,0,0,1,0,0,0,0,0,1,1,0
1/1/2012,IRL,178,Ireland,-5.394824,1,2012q1,2012,624,1,0,0,0,0,0,0,1,0,0,0,0,0,1,1,0
4/1/2012,IRL,178,Ireland,-4.119349,1,2012q2,2012,627,1,0,0,0,0,0,0,1,0,0,0,0,0,1,1,0
7/1/2012,IRL,178,Ireland,-3.166016,1,2012q3,2012,630,1,0,0,0,0,0,0,1,0,0,0,0,0,1,1,0
10/1/2012,IRL,178,Ireland,-1.890659,1,2012q4,2012,633,1,0,0,0,0,0,0,1,0,0,0,0,0,1,1,0
1/1/2013,IRL,178,Ireland,0.4796437,1,2013q1,2013,636,1,0,0,0,0,0,0,1,0,0,0,0,0,1,1,0
4/1/2013,IRL,178,Ireland,1.808077,1,2013q2,2013,639,1,0,0,0,0,0,0,1,0,0,0,0,0,1,1,0
7/1/2013,IRL,178,Ireland,3.359882,1,2013q3,2013,642,1,0,0,0,0,0,0,1,0,0,0,0,0,1,1,0
10/1/2013,IRL,178,Ireland,3.911269,1,2013q4,2013,645,1,0,0,0,0,0,0,1,0,0,0,0,0,1,1,0
1/1/2014,IRL,178,Ireland,-2.152278,1,2014q1,2014,648,1,0,0,0,0,0,0,1,0,0,0,0,0,1,1,0
4/1/2014,IRL,178,Ireland,5.048862,1,2014q2,2014,651,1,0,0,0,0,0,0,1,0,0,0,0,0,1,1,0
7/1/2014,IRL,178,Ireland,3.069256,1,2014q3,2014,654,1,0,0,0,0,0,0,1,0,0,0,0,0,1,1,0
10/1/2014,IRL,178,Ireland,2.369533,1,2014q4,2014,657,1,0,0,0,0,0,0,1,0,0,0,0,0,1,1,0
1/1/2015,IRL,178,Ireland,5.871955,1,2015q1,2015,660,1,0,0,0,0,0,0,1,0,0,0,0,0,1,1,0
4/1/2015,IRL,178,Ireland,13.15673,1,2015q2,2015,663,1,0,0,0,0,0,0,1,0,0,0,0,0,1,1,0
7/1/2015,IRL,178,Ireland,6.054343,1,2015q3,2015,666,1,0,0,0,0,0,0,1,0,0,0,0,0,1,1,0
10/1/2015,IRL,178,Ireland,1.139865,1,2015q4,2015,669,1,0,0,0,0,0,0,1,0,0,0,0,0,1,1,0
1/1/2016,IRL,178,Ireland,0.89118,1,2016q1,2016,672,1,0,0,0,0,0,0,1,0,0,0,0,0,1,1,0
4/1/2016,IRL,178,Ireland,1.272527,1,2016q2,2016,675,1,0,0,0,0,0,0,1,0,0,0,0,0,1,1,0
7/1/2016,IRL,178,Ireland,-5.430711,1,2016q3,2016,678,1,0,0,0,0,0,0,1,0,0,0,0,0,1,1,0
10/1/2016,IRL,178,Ireland,-1.87396,1,2016q4,2016,681,1,0,0,0,0,0,0,1,0,0,0,0,0,1,1,0
1/1/2017,IRL,178,Ireland,6.370297,1,2017q1,2017,684,1,0,0,0,0,0,0,1,0,0,0,0,0,1,1,0
4/1/2017,IRL,178,Ireland,-38.66176,1,2017q2,2017,687,1,0,0,0,0,0,0,1,0,0,0,0,0,1,1,0
7/1/2017,IRL,178,Ireland,13.29802,1,2017q3,2017,690,1,0,0,0,0,0,0,1,0,0,0,0,0,1,1,0
10/1/2017,IRL,178,Ireland,20.73932,1,2017q4,2017,693,1,0,0,0,0,0,0,1,0,0,0,0,0,1,1,0
1/1/2018,IRL,178,Ireland,10.17505,1,2018q1,2018,696,1,0,0,0,0,0,0,1,0,0,0,0,0,1,1,0
4/1/2018,IRL,178,Ireland,13.42332,1,2018q2,2018,699,1,0,0,0,0,0,0,1,0,0,0,0,0,1,1,0
7/1/2018,IRL,178,Ireland,3.93479,1,2018q3,2018,702,1,0,0,0,0,0,0,1,0,0,0,0,0,1,1,0
10/1/2018,IRL,178,Ireland,-7.005535,1,2018q4,2018,705,1,0,0,0,0,0,0,1,0,0,0,0,0,1,1,0
1/1/2019,IRL,178,Ireland,5.688627,1,2019q1,2019,708,1,0,0,0,0,0,0,1,0,0,0,0,0,1,1,0
4/1/2019,IRL,178,Ireland,-34.45692,1,2019q2,2019,711,1,0,0,0,0,0,0,1,0,0,0,0,0,1,1,0
7/1/2019,IRL,178,Ireland,2.761258,1,2019q3,2019,714,1,0,0,0,0,0,0,1,0,0,0,0,0,1,1,0
10/1/2019,IRL,178,Ireland,-44.08493,1,2019q4,2019,717,1,0,0,0,0,0,0,1,0,0,0,0,0,1,1,0
1/1/2020,IRL,178,Ireland,-58.29581,1,2020q1,2020,720,1,0,0,0,0,0,0,1,0,0,0,0,0,1,1,0
4/1/2020,IRL,178,Ireland,16.12844,1,2020q2,2020,723,1,0,0,0,0,0,0,1,0,0,0,0,0,1,1,0
7/1/2020,IRL,178,Ireland,2.859122,1,2020q3,2020,726,1,0,0,0,0,0,0,1,0,0,0,0,0,1,1,0
10/1/2020,IRL,178,Ireland,9.858567,1,2020q4,2020,729,1,0,0,0,0,0,0,1,0,0,0,0,0,1,1,0
1/1/2021,IRL,178,Ireland,12.8488,1,2021q1,2021,732,1,0,0,0,0,0,0,1,0,0,0,0,0,1,1,0
4/1/2021,IRL,178,Ireland,15.92262,1,2021q2,2021,735,1,0,0,0,0,0,0,1,0,0,0,0,0,1,1,0
7/1/2021,IRL,178,Ireland,10.60186,1,2021q3,2021,738,1,0,0,0,0,0,0,1,0,0,0,0,0,1,1,0
10/1/2021,IRL,178,Ireland,12.1038,1,2021q4,2021,741,1,0,0,0,0,0,0,1,0,0,0,0,0,1,1,0
1/1/2022,IRL,178,Ireland,10.00368,1,2022q1,2022,744,1,0,0,0,0,0,0,1,0,0,0,0,0,1,1,0
4/1/2022,IRL,178,Ireland,11.05611,1,2022q2,2022,747,1,0,0,0,0,0,0,1,0,0,0,0,0,1,1,0
7/1/2022,IRL,178,Ireland,0.8366034,1,2022q3,2022,750,1,0,0,0,0,0,0,1,0,0,0,0,0,1,1,0
10/1/2022,IRL,178,Ireland,11.79627,1,2022q4,2022,753,1,0,0,0,0,0,0,1,0,0,0,0,0,1,1,0
1/1/2023,IRL,178,Ireland,9.175059,1,2023q1,2023,756,1,0,0,0,0,0,0,1,0,0,0,0,0,1,1,0
4/1/2023,IRL,178,Ireland,8.807662,1,2023q2,2023,759,1,0,0,0,0,0,0,1,0,0,0,0,0,1,1,0
7/1/2023,IRL,178,Ireland,7.352577,1,2023q3,2023,762,1,0,0,0,0,0,0,1,0,0,0,0,0,1,1,0
10/1/2023,IRL,178,Ireland,6.45313,1,2023q4,2023,765,1,0,0,0,0,0,0,1,0,0,0,0,0,1,1,0
1/1/2024,IRL,178,Ireland,13.06906,1,2024q1,2024,768,1,0,0,0,0,0,0,1,0,0,0,0,0,1,1,0
4/1/2024,IRL,178,Ireland,25.32199,1,2024q2,2024,771,1,0,0,0,0,0,0,1,0,0,0,0,0,1,1,0
7/1/2024,IRL,178,Ireland,10.56283,1,2024q3,2024,774,1,0,0,0,0,0,0,1,0,0,0,0,0,1,1,0
10/1/2024,IRL,178,Ireland,18.90535,1,2024q4,2024,777,1,0,0,0,0,0,0,1,0,0,0,0,0,1,1,0
1/1/2004,MLT,181,Malta,-1.0304047,2,2004q1,2004,528,1,0,0,0,0,0,0,1,0,0,0,0,0,1,0,0
4/1/2004,MLT,181,Malta,-7.1535963,2,2004q2,2004,531,1,0,0,0,0,0,0,1,0,0,0,0,0,1,0,0
7/1/2004,MLT,181,Malta,-1.61198,2,2004q3,2004,534,1,0,0,0,0,0,0,1,0,0,0,0,0,1,0,0
10/1/2004,MLT,181,Malta,-8.4381077,2,2004q4,2004,537,1,0,0,0,0,0,0,1,0,0,0,0,0,1,0,0
1/1/2005,MLT,181,Malta,-10.028794,2,2005q1,2005,540,1,0,0,0,0,0,0,1,0,0,0,0,0,1,0,0
4/1/2005,MLT,181,Malta,-7.7229549,2,2005q2,2005,543,1,0,0,0,0,0,0,1,0,0,0,0,0,1,0,0
7/1/2005,MLT,181,Malta,-4.6907794,2,2005q3,2005,546,1,0,0,0,0,0,0,1,0,0,0,0,0,1,0,0
10/1/2005,MLT,181,Malta,-10.878406,2,2005q4,2005,549,1,0,0,0,0,0,0,1,0,0,0,0,0,1,0,0
1/1/2006,MLT,181,Malta,-4.3924335,2,2006q1,2006,552,1,0,0,0,0,0,0,1,0,0,0,0,0,1,0,0
4/1/2006,MLT,181,Malta,-11.036659,2,2006q2,2006,555,1,0,0,0,0,0,0,1,0,0,0,0,0,1,0,0
7/1/2006,MLT,181,Malta,-7.3856462,2,2006q3,2006,558,1,0,0,0,0,0,0,1,0,0,0,0,0,1,0,0
10/1/2006,MLT,181,Malta,-1.131554,2,2006q4,2006,561,1,0,0,0,0,0,0,1,0,0,0,0,0,1,0,0
1/1/2007,MLT,181,Malta,-1.0009183,2,2007q1,2007,564,1,0,0,0,0,0,0,1,0,0,0,0,0,1,0,0
4/1/2007,MLT,181,Malta,-0.82794779,2,2007q2,2007,567,1,0,0,0,0,0,0,1,0,0,0,0,0,1,0,0
7/1/2007,MLT,181,Malta,-2.5450311,2,2007q3,2007,570,1,0,0,0,0,0,0,1,0,0,0,0,0,1,0,0
10/1/2007,MLT,181,Malta,-8.1334589,2,2007q4,2007,573,1,0,0,0,0,0,0,1,0,0,0,0,0,1,0,0
1/1/2008,MLT,181,Malta,2.5348803,2,2008q1,2008,576,1,0,0,0,0,0,0,1,0,0,0,0,0,1,1,1
4/1/2008,MLT,181,Malta,-4.9161487,2,2008q2,2008,579,1,0,0,0,0,0,0,1,0,0,0,0,0,1,1,0
7/1/2008,MLT,181,Malta,-1.9283555,2,2008q3,2008,582,1,0,0,0,0,0,0,1,0,0,0,0,0,1,1,0
10/1/2008,MLT,181,Malta,-5.3856357,2,2008q4,2008,585,1,0,0,0,0,0,0,1,0,0,0,0,0,1,1,0
1/1/2009,MLT,181,Malta,-13.831517,2,2009q1,2009,588,1,0,0,0,0,0,0,1,0,0,0,0,0,1,1,0
4/1/2009,MLT,181,Malta,-0.30217768,2,2009q2,2009,591,1,0,0,0,0,0,0,1,0,0,0,0,0,1,1,0
7/1/2009,MLT,181,Malta,-12.032819,2,2009q3,2009,594,1,0,0,0,0,0,0,1,0,0,0,0,0,1,1,0
10/1/2009,MLT,181,Malta,-7.768332,2,2009q4,2009,597,1,0,0,0,0,0,0,1,0,0,0,0,0,1,1,0
1/1/2010,MLT,181,Malta,-7.3700396,2,2010q1,2010,600,1,0,0,0,0,0,0,1,0,0,0,0,0,1,1,0
4/1/2010,MLT,181,Malta,-0.09747106,2,2010q2,2010,603,1,0,0,0,0,0,0,1,0,0,0,0,0,1,1,0
7/1/2010,MLT,181,Malta,-10.649712,2,2010q3,2010,606,1,0,0,0,0,0,0,1,0,0,0,0,0,1,1,0
10/1/2010,MLT,181,Malta,-6.3680937,2,2010q4,2010,609,1,0,0,0,0,0,0,1,0,0,0,0,0,1,1,0
1/1/2011,MLT,181,Malta,-6.9057678,2,2011q1,2011,612,1,0,0,0,0,0,0,1,0,0,0,0,0,1,1,0
4/1/2011,MLT,181,Malta,-4.532951,2,2011q2,2011,615,1,0,0,0,0,0,0,1,0,0,0,0,0,1,1,0
7/1/2011,MLT,181,Malta,2.4430159,2,2011q3,2011,618,1,0,0,0,0,0,0,1,0,0,0,0,0,1,1,0
10/1/2011,MLT,181,Malta,0.02099582,2,2011q4,2011,621,1,0,0,0,0,0,0,1,0,0,0,0,0,1,1,0
1/1/2012,MLT,181,Malta,0.46906807,2,2012q1,2012,624,1,0,0,0,0,0,0,1,0,0,0,0,0,1,1,0
4/1/2012,MLT,181,Malta,-4.9094111,2,2012q2,2012,627,1,0,0,0,0,0,0,1,0,0,0,0,0,1,1,0
7/1/2012,MLT,181,Malta,0.60074402,2,2012q3,2012,630,1,0,0,0,0,0,0,1,0,0,0,0,0,1,1,0
10/1/2012,MLT,181,Malta,1.6533804,2,2012q4,2012,633,1,0,0,0,0,0,0,1,0,0,0,0,0,1,1,0
1/1/2013,MLT,181,Malta,-3.2619155,2,2013q1,2013,636,1,0,0,0,0,0,0,1,0,0,0,0,0,1,1,0
4/1/2013,MLT,181,Malta,0.19981338,2,2013q2,2013,639,1,0,0,0,0,0,0,1,0,0,0,0,0,1,1,0
7/1/2013,MLT,181,Malta,1.3637911,2,2013q3,2013,642,1,0,0,0,0,0,0,1,0,0,0,0,0,1,1,0
10/1/2013,MLT,181,Malta,1.2053006,2,2013q4,2013,645,1,0,0,0,0,0,0,1,0,0,0,0,0,1,1,0
1/1/2014,MLT,181,Malta,3.9008344,2,2014q1,2014,648,1,0,0,0,0,0,0,1,0,0,0,0,0,1,1,0
4/1/2014,MLT,181,Malta,7.4080466,2,2014q2,2014,651,1,0,0,0,0,0,0,1,0,0,0,0,0,1,1,0
7/1/2014,MLT,181,Malta,7.065703,2,2014q3,2014,654,1,0,0,0,0,0,0,1,0,0,0,0,0,1,1,0
10/1/2014,MLT,181,Malta,3.0943944,2,2014q4,2014,657,1,0,0,0,0,0,0,1,0,0,0,0,0,1,1,0
1/1/2015,MLT,181,Malta,8.2555902,2,2015q1,2015,660,1,0,0,0,0,0,0,1,0,0,0,0,0,1,1,0
4/1/2015,MLT,181,Malta,0.7816598,2,2015q2,2015,663,1,0,0,0,0,0,0,1,0,0,0,0,0,1,1,0
7/1/2015,MLT,181,Malta,-2.1159742,2,2015q3,2015,666,1,0,0,0,0,0,0,1,0,0,0,0,0,1,1,0
10/1/2015,MLT,181,Malta,3.5817715,2,2015q4,2015,669,1,0,0,0,0,0,0,1,0,0,0,0,0,1,1,0
1/1/2016,MLT,181,Malta,-2.1247546,2,2016q1,2016,672,1,0,0,0,0,0,0,1,0,0,0,0,0,1,1,0
4/1/2016,MLT,181,Malta,-3.7394633,2,2016q2,2016,675,1,0,0,0,0,0,0,1,0,0,0,0,0,1,1,0
7/1/2016,MLT,181,Malta,2.2908352,2,2016q3,2016,678,1,0,0,0,0,0,0,1,0,0,0,0,0,1,1,0
10/1/2016,MLT,181,Malta,0.52270307,2,2016q4,2016,681,1,0,0,0,0,0,0,1,0,0,0,0,0,1,1,0
1/1/2017,MLT,181,Malta,12.438514,2,2017q1,2017,684,1,0,0,0,0,0,0,1,0,0,0,0,0,1,1,0
4/1/2017,MLT,181,Malta,20.659679,2,2017q2,2017,687,1,0,0,0,0,0,0,1,0,0,0,0,0,1,1,0
7/1/2017,MLT,181,Malta,19.327527,2,2017q3,2017,690,1,0,0,0,0,0,0,1,0,0,0,0,0,1,1,0
10/1/2017,MLT,181,Malta,22.177538,2,2017q4,2017,693,1,0,0,0,0,0,0,1,0,0,0,0,0,1,1,0
1/1/2018,MLT,181,Malta,16.934394,2,2018q1,2018,696,1,0,0,0,0,0,0,1,0,0,0,0,0,1,1,0
4/1/2018,MLT,181,Malta,13.409921,2,2018q2,2018,699,1,0,0,0,0,0,0,1,0,0,0,0,0,1,1,0
7/1/2018,MLT,181,Malta,13.562883,2,2018q3,2018,702,1,0,0,0,0,0,0,1,0,0,0,0,0,1,1,0
10/1/2018,MLT,181,Malta,9.0655267,2,2018q4,2018,705,1,0,0,0,0,0,0,1,0,0,0,0,0,1,1,0
1/1/2019,MLT,181,Malta,12.789278,2,2019q1,2019,708,1,0,0,0,0,0,0,1,0,0,0,0,0,1,1,0
4/1/2019,MLT,181,Malta,19.857713,2,2019q2,2019,711,1,0,0,0,0,0,0,1,0,0,0,0,0,1,1,0
7/1/2019,MLT,181,Malta,17.829984,2,2019q3,2019,714,1,0,0,0,0,0,0,1,0,0,0,0,0,1,1,0
10/1/2019,MLT,181,Malta,20.127503,2,2019q4,2019,717,1,0,0,0,0,0,0,1,0,0,0,0,0,1,1,0
1/1/2020,MLT,181,Malta,17.380963,2,2020q1,2020,720,1,0,0,0,0,0,0,1,0,0,0,0,0,1,1,0
4/1/2020,MLT,181,Malta,15.256402,2,2020q2,2020,723,1,0,0,0,0,0,0,1,0,0,0,0,0,1,1,0
7/1/2020,MLT,181,Malta,11.068645,2,2020q3,2020,726,1,0,0,0,0,0,0,1,0,0,0,0,0,1,1,0
10/1/2020,MLT,181,Malta,19.992047,2,2020q4,2020,729,1,0,0,0,0,0,0,1,0,0,0,0,0,1,1,0
1/1/2021,MLT,181,Malta,9.5162389,2,2021q1,2021,732,1,0,0,0,0,0,0,1,0,0,0,0,0,1,1,0
4/1/2021,MLT,181,Malta,10.122822,2,2021q2,2021,735,1,0,0,0,0,0,0,1,0,0,0,0,0,1,1,0
7/1/2021,MLT,181,Malta,9.4271364,2,2021q3,2021,738,1,0,0,0,0,0,0,1,0,0,0,0,0,1,1,0
10/1/2021,MLT,181,Malta,8.0792236,2,2021q4,2021,741,1,0,0,0,0,0,0,1,0,0,0,0,0,1,1,0
1/1/2022,MLT,181,Malta,0.69502549,2,2022q1,2022,744,1,0,0,0,0,0,0,1,0,0,0,0,0,1,1,0
4/1/2022,MLT,181,Malta,-5.7934808,2,2022q2,2022,747,1,0,0,0,0,0,0,1,0,0,0,0,0,1,1,0
7/1/2022,MLT,181,Malta,-1.6872237,2,2022q3,2022,750,1,0,0,0,0,0,0,1,0,0,0,0,0,1,1,0
10/1/2022,MLT,181,Malta,3.3056467,2,2022q4,2022,753,1,0,0,0,0,0,0,1,0,0,0,0,0,1,1,0
1/1/2023,MLT,181,Malta,6.8478561,2,2023q1,2023,756,1,0,0,0,0,0,0,1,0,0,0,0,0,1,1,0
4/1/2023,MLT,181,Malta,5.6377859,2,2023q2,2023,759,1,0,0,0,0,0,0,1,0,0,0,0,0,1,1,0
7/1/2023,MLT,181,Malta,7.8557484,2,2023q3,2023,762,1,0,0,0,0,0,0,1,0,0,0,0,0,1,1,0
10/1/2023,MLT,181,Malta,4.7257581,2,2023q4,2023,765,1,0,0,0,0,0,0,1,0,0,0,0,0,1,1,0
1/1/2024,MLT,181,Malta,6.729473,2,2024q1,2024,768,1,0,0,0,0,0,0,1,0,0,0,0,0,1,1,0
4/1/2024,MLT,181,Malta,8.5255862,2,2024q2,2024,771,1,0,0,0,0,0,0,1,0,0,0,0,0,1,1,0
7/1/2024,MLT,181,Malta,4.914738,2,2024q3,2024,774,1,0,0,0,0,0,0,1,0,0,0,0,0,1,1,0
1/1/1977,PRT,182,Portugal,-6.9317289,4,1977q1,1977,204,1,0,0,0,0,0,0,1,0,0,0,0,0,0,0,0
4/1/1977,PRT,182,Portugal,-7.589287,4,1977q2,1977,207,1,0,0,0,0,0,0,1,0,0,0,0,0,0,0,0
7/1/1977,PRT,182,Portugal,-6.1916021,4,1977q3,1977,210,1,0,0,0,0,0,0,1,0,0,0,0,0,0,0,0
10/1/1977,PRT,182,Portugal,-3.7174268,4,1977q4,1977,213,1,0,0,0,0,0,0,1,0,0,0,0,0,0,0,0
1/1/1978,PRT,182,Portugal,-3.5286377,4,1978q1,1978,216,1,0,0,0,0,0,0,1,0,0,0,0,0,0,0,0
4/1/1978,PRT,182,Portugal,-2.6023063,4,1978q2,1978,219,1,0,0,0,0,0,0,1,0,0,0,0,0,0,0,0
7/1/1978,PRT,182,Portugal,-4.1941755,4,1978q3,1978,222,1,0,0,0,0,0,0,1,0,0,0,0,0,0,0,0
10/1/1978,PRT,182,Portugal,-0.61962728,4,1978q4,1978,225,1,0,0,0,0,0,0,1,0,0,0,0,0,0,0,0
1/1/1979,PRT,182,Portugal,-0.68313869,4,1979q1,1979,228,1,0,0,0,0,0,0,1,0,0,0,0,0,0,0,0
4/1/1979,PRT,182,Portugal,1.2619454,4,1979q2,1979,231,1,0,0,0,0,0,0,1,0,0,0,0,0,0,0,0
7/1/1979,PRT,182,Portugal,0.40147962,4,1979q3,1979,234,1,0,0,0,0,0,0,1,0,0,0,0,0,0,0,0
10/1/1979,PRT,182,Portugal,-2.2999101,4,1979q4,1979,237,1,0,0,0,0,0,0,1,0,0,0,0,0,0,0,0
1/1/1980,PRT,182,Portugal,-4.7020304,4,1980q1,1980,240,1,0,0,0,0,0,0,1,0,0,0,0,0,0,0,0
4/1/1980,PRT,182,Portugal,-2.5887554,4,1980q2,1980,243,1,0,0,0,0,0,0,1,0,0,0,0,0,0,0,0
7/1/1980,PRT,182,Portugal,-6.1849481,4,1980q3,1980,246,1,0,0,0,0,0,0,1,0,0,0,0,0,0,0,0
10/1/1980,PRT,182,Portugal,-3.9293832,4,1980q4,1980,249,1,0,0,0,0,0,0,1,0,0,0,0,0,0,0,0
1/1/1981,PRT,182,Portugal,-21.409748,4,1981q1,1981,252,1,0,0,0,0,0,0,1,0,0,0,0,0,0,0,0
4/1/1981,PRT,182,Portugal,-20.103985,4,1981q2,1981,255,1,0,0,0,0,0,0,1,0,0,0,0,0,0,0,0
7/1/1981,PRT,182,Portugal,-16.737334,4,1981q3,1981,258,1,0,0,0,0,0,0,1,0,0,0,0,0,0,0,0
10/1/1981,PRT,182,Portugal,-20.120004,4,1981q4,1981,261,1,0,0,0,0,0,0,1,0,0,0,0,0,0,0,0
1/1/1982,PRT,182,Portugal,-15.451761,4,1982q1,1982,264,1,0,0,0,0,0,0,1,0,0,0,0,0,0,0,0
4/1/1982,PRT,182,Portugal,-17.606223,4,1982q2,1982,267,1,0,0,0,0,0,0,1,0,0,0,0,0,0,0,0
7/1/1982,PRT,182,Portugal,-15.268339,4,1982q3,1982,270,1,0,0,0,0,0,0,1,0,0,0,0,0,0,0,0
10/1/1982,PRT,182,Portugal,-9.7235246,4,1982q4,1982,273,1,0,0,0,0,0,0,1,0,0,0,0,0,0,0,0
1/1/1983,PRT,182,Portugal,-11.607803,4,1983q1,1983,276,1,0,0,0,0,0,0,1,0,0,0,0,0,0,0,0
4/1/1983,PRT,182,Portugal,-10.068933,4,1983q2,1983,279,1,0,0,0,0,0,0,1,0,0,0,0,0,0,0,0
7/1/1983,PRT,182,Portugal,-5.0856742,4,1983q3,1983,282,1,0,0,0,0,0,0,1,0,0,0,0,0,0,0,0
10/1/1983,PRT,182,Portugal,-5.7785224,4,1983q4,1983,285,1,0,0,0,0,0,0,1,0,0,0,0,0,0,0,0
1/1/1984,PRT,182,Portugal,-3.7640822,4,1984q1,1984,288,1,0,0,0,0,0,0,1,0,0,0,0,0,0,0,0
4/1/1984,PRT,182,Portugal,-4.9077197,4,1984q2,1984,291,1,0,0,0,0,0,0,1,0,0,0,0,0,0,0,0
7/1/1984,PRT,182,Portugal,-0.36965209,4,1984q3,1984,294,1,0,0,0,0,0,0,1,0,0,0,0,0,0,0,0
10/1/1984,PRT,182,Portugal,-3.9785104,4,1984q4,1984,297,1,0,0,0,0,0,0,1,0,0,0,0,0,0,0,0
1/1/1985,PRT,182,Portugal,-1.3517217,4,1985q1,1985,300,1,0,0,0,0,0,0,1,0,0,0,0,0,0,0,0
4/1/1985,PRT,182,Portugal,0.73019794,4,1985q2,1985,303,1,0,0,0,0,0,0,1,0,0,0,0,0,0,0,0
7/1/1985,PRT,182,Portugal,1.8080455,4,1985q3,1985,306,1,0,0,0,0,0,0,1,0,0,0,0,0,0,0,0
10/1/1985,PRT,182,Portugal,4.6817764,4,1985q4,1985,309,1,0,0,0,0,0,0,1,0,0,0,0,0,0,0,0
1/1/1986,PRT,182,Portugal,3.0823046,4,1986q1,1986,312,1,0,0,0,0,0,0,1,0,0,0,0,0,0,0,0
4/1/1986,PRT,182,Portugal,3.9508749,4,1986q2,1986,315,1,0,0,0,0,0,0,1,0,0,0,0,0,0,0,0
7/1/1986,PRT,182,Portugal,3.3407144,4,1986q3,1986,318,1,0,0,0,0,0,0,1,0,0,0,0,0,0,0,0
10/1/1986,PRT,182,Portugal,3.0114652,4,1986q4,1986,321,1,0,0,0,0,0,0,1,0,0,0,0,0,0,0,0
1/1/1987,PRT,182,Portugal,2.2778325,4,1987q1,1987,324,1,0,0,0,0,0,0,1,0,0,0,0,0,0,0,0
4/1/1987,PRT,182,Portugal,0.66351411,4,1987q2,1987,327,1,0,0,0,0,0,0,1,0,0,0,0,0,0,0,0
7/1/1987,PRT,182,Portugal,0.36964067,4,1987q3,1987,330,1,0,0,0,0,0,0,1,0,0,0,0,0,0,0,0
10/1/1987,PRT,182,Portugal,0.8703826,4,1987q4,1987,333,1,0,0,0,0,0,0,1,0,0,0,0,0,0,0,0
1/1/1988,PRT,182,Portugal,-1.7081741,4,1988q1,1988,336,1,0,0,0,0,0,0,1,0,0,0,0,0,0,0,0
4/1/1988,PRT,182,Portugal,-1.7559149,4,1988q2,1988,339,1,0,0,0,0,0,0,1,0,0,0,0,0,0,0,0
7/1/1988,PRT,182,Portugal,-2.365297,4,1988q3,1988,342,1,0,0,0,0,0,0,1,0,0,0,0,0,0,0,0
10/1/1988,PRT,182,Portugal,-2.6373704,4,1988q4,1988,345,1,0,0,0,0,0,0,1,0,0,0,0,0,0,0,0
1/1/1989,PRT,182,Portugal,0.74845666,4,1989q1,1989,348,1,0,0,0,0,0,0,1,0,0,0,0,0,0,0,0
4/1/1989,PRT,182,Portugal,-0.53055865,4,1989q2,1989,351,1,0,0,0,0,0,0,1,0,0,0,0,0,0,0,0
7/1/1989,PRT,182,Portugal,-0.55991996,4,1989q3,1989,354,1,0,0,0,0,0,0,1,0,0,0,0,0,0,0,0
10/1/1989,PRT,182,Portugal,1.2406613,4,1989q4,1989,357,1,0,0,0,0,0,0,1,0,0,0,0,0,0,0,0
1/1/1990,PRT,182,Portugal,0.31819427,4,1990q1,1990,360,1,0,0,0,0,0,0,1,0,0,0,0,0,0,0,0
4/1/1990,PRT,182,Portugal,-0.21430155,4,1990q2,1990,363,1,0,0,0,0,0,0,1,0,0,0,0,0,0,0,0
7/1/1990,PRT,182,Portugal,0.48867904,4,1990q3,1990,366,1,0,0,0,0,0,0,1,0,0,0,0,0,0,0,0
10/1/1990,PRT,182,Portugal,-1.5819366,4,1990q4,1990,369,1,0,0,0,0,0,0,1,0,0,0,0,0,0,0,0
1/1/1991,PRT,182,Portugal,-2.1236222,4,1991q1,1991,372,1,0,0,0,0,0,0,1,0,0,0,0,0,0,0,0
4/1/1991,PRT,182,Portugal,-1.1184151,4,1991q2,1991,375,1,0,0,0,0,0,0,1,0,0,0,0,0,0,0,0
7/1/1991,PRT,182,Portugal,-0.14898114,4,1991q3,1991,378,1,0,0,0,0,0,0,1,0,0,0,0,0,0,0,0
10/1/1991,PRT,182,Portugal,-0.64352728,4,1991q4,1991,381,1,0,0,0,0,0,0,1,0,0,0,0,0,0,0,0
1/1/1992,PRT,182,Portugal,3.1155835,4,1992q1,1992,384,1,0,0,0,0,0,0,1,0,0,0,0,0,0,0,0
4/1/1992,PRT,182,Portugal,0.70210673,4,1992q2,1992,387,1,0,0,0,0,0,0,1,0,0,0,0,0,0,0,0
7/1/1992,PRT,182,Portugal,-2.6280764,4,1992q3,1992,390,1,0,0,0,0,0,0,1,0,0,0,0,0,0,0,0
10/1/1992,PRT,182,Portugal,-2.015812,4,1992q4,1992,393,1,0,0,0,0,0,0,1,0,0,0,0,0,0,0,0
1/1/1993,PRT,182,Portugal,-1.0182478,4,1993q1,1993,396,1,0,0,0,0,0,0,1,0,0,0,0,0,0,0,0
4/1/1993,PRT,182,Portugal,0.51511109,4,1993q2,1993,399,1,0,0,0,0,0,0,1,0,0,0,0,0,0,0,0
7/1/1993,PRT,182,Portugal,1.1910125,4,1993q3,1993,402,1,0,0,0,0,0,0,1,0,0,0,0,0,0,0,0
10/1/1993,PRT,182,Portugal,0.6903484,4,1993q4,1993,405,1,0,0,0,0,0,0,1,0,0,0,0,0,0,0,0
1/1/1994,PRT,182,Portugal,-3.6713939,4,1994q1,1994,408,1,0,0,0,0,0,0,1,0,0,0,0,0,0,0,0
4/1/1994,PRT,182,Portugal,0.7188597,4,1994q2,1994,411,1,0,0,0,0,0,0,1,0,0,0,0,0,0,0,0
7/1/1994,PRT,182,Portugal,-2.6082631,4,1994q3,1994,414,1,0,0,0,0,0,0,1,0,0,0,0,0,0,0,0
10/1/1994,PRT,182,Portugal,-4.2926247,4,1994q4,1994,417,1,0,0,0,0,0,0,1,0,0,0,0,0,0,0,0
1/1/1995,PRT,182,Portugal,-0.070075,4,1995q1,1995,420,1,0,0,0,0,0,0,1,0,0,0,0,0,0,0,0
4/1/1995,PRT,182,Portugal,-1.7056693,4,1995q2,1995,423,1,0,0,0,0,0,0,1,0,0,0,0,0,0,0,0
7/1/1995,PRT,182,Portugal,0.53326592,4,1995q3,1995,426,1,0,0,0,0,0,0,1,0,0,0,0,0,0,0,0
10/1/1995,PRT,182,Portugal,0.6638164,4,1995q4,1995,429,1,0,0,0,0,0,0,1,0,0,0,0,0,0,0,0
1/1/1996,PRT,182,Portugal,-3.660587,1,1996q1,1996,432,1,0,0,0,0,0,0,1,0,0,0,0,0,0,0,0
4/1/1996,PRT,182,Portugal,-4.781162,1,1996q2,1996,435,1,0,0,0,0,0,0,1,0,0,0,0,0,0,0,0
7/1/1996,PRT,182,Portugal,-4.404548,1,1996q3,1996,438,1,0,0,0,0,0,0,1,0,0,0,0,0,0,0,0
10/1/1996,PRT,182,Portugal,-5.368133,1,1996q4,1996,441,1,0,0,0,0,0,0,1,0,0,0,0,0,0,0,0
1/1/1997,PRT,182,Portugal,-5.887766,1,1997q1,1997,444,1,0,0,0,0,0,0,1,0,0,0,0,0,0,0,0
4/1/1997,PRT,182,Portugal,-5.448541,1,1997q2,1997,447,1,0,0,0,0,0,0,1,0,0,0,0,0,0,0,0
7/1/1997,PRT,182,Portugal,-6.283845,1,1997q3,1997,450,1,0,0,0,0,0,0,1,0,0,0,0,0,0,0,0
10/1/1997,PRT,182,Portugal,-6.928086,1,1997q4,1997,453,1,0,0,0,0,0,0,1,0,0,0,0,0,0,0,0
1/1/1998,PRT,182,Portugal,-7.452546,1,1998q1,1998,456,1,0,0,0,0,0,0,1,0,0,0,0,0,0,0,0
4/1/1998,PRT,182,Portugal,-7.467983,1,1998q2,1998,459,1,0,0,0,0,0,0,1,0,0,0,0,0,0,0,0
7/1/1998,PRT,182,Portugal,-6.698242,1,1998q3,1998,462,1,0,0,0,0,0,0,1,0,0,0,0,0,0,0,0
10/1/1998,PRT,182,Portugal,-8.656093,1,1998q4,1998,465,1,0,0,0,0,0,0,1,0,0,0,0,0,0,0,0
1/1/1999,PRT,182,Portugal,-7.529354,1,1999q1,1999,468,1,0,0,0,0,0,0,1,0,0,0,0,0,0,1,1
4/1/1999,PRT,182,Portugal,-8.409563,1,1999q2,1999,471,1,0,0,0,0,0,0,1,0,0,0,0,0,0,1,0
7/1/1999,PRT,182,Portugal,-9.529704,1,1999q3,1999,474,1,0,0,0,0,0,0,1,0,0,0,0,0,0,1,0
10/1/1999,PRT,182,Portugal,-10.24076,1,1999q4,1999,477,1,0,0,0,0,0,0,1,0,0,0,0,0,0,1,0
1/1/2000,PRT,182,Portugal,-11.65166,1,2000q1,2000,480,1,0,0,0,0,0,0,1,0,0,0,0,0,0,1,0
4/1/2000,PRT,182,Portugal,-11.04405,1,2000q2,2000,483,1,0,0,0,0,0,0,1,0,0,0,0,0,0,1,0
7/1/2000,PRT,182,Portugal,-10.07904,1,2000q3,2000,486,1,0,0,0,0,0,0,1,0,0,0,0,0,0,1,0
10/1/2000,PRT,182,Portugal,-10.41404,1,2000q4,2000,489,1,0,0,0,0,0,0,1,0,0,0,0,0,0,1,0
1/1/2001,PRT,182,Portugal,-10.28602,1,2001q1,2001,492,1,0,0,0,0,0,0,1,0,0,0,0,0,0,1,0
4/1/2001,PRT,182,Portugal,-11.48851,1,2001q2,2001,495,1,0,0,0,0,0,0,1,0,0,0,0,0,0,1,0
7/1/2001,PRT,182,Portugal,-10.75193,1,2001q3,2001,498,1,0,0,0,0,0,0,1,0,0,0,0,0,0,1,0
10/1/2001,PRT,182,Portugal,-9.177346,1,2001q4,2001,501,1,0,0,0,0,0,0,1,0,0,0,0,0,0,1,0
1/1/2002,PRT,182,Portugal,-8.963917,1,2002q1,2002,504,1,0,0,0,0,0,0,1,0,0,0,0,0,0,1,0
4/1/2002,PRT,182,Portugal,-9.06732,1,2002q2,2002,507,1,0,0,0,0,0,0,1,0,0,0,0,0,0,1,0
7/1/2002,PRT,182,Portugal,-8.642365,1,2002q3,2002,510,1,0,0,0,0,0,0,1,0,0,0,0,0,0,1,0
10/1/2002,PRT,182,Portugal,-7.071502,1,2002q4,2002,513,1,0,0,0,0,0,0,1,0,0,0,0,0,0,1,0
1/1/2003,PRT,182,Portugal,-6.024207,1,2003q1,2003,516,1,0,0,0,0,0,0,1,0,0,0,0,0,0,1,0
4/1/2003,PRT,182,Portugal,-6.039857,1,2003q2,2003,519,1,0,0,0,0,0,0,1,0,0,0,0,0,0,1,0
7/1/2003,PRT,182,Portugal,-7.282978,1,2003q3,2003,522,1,0,0,0,0,0,0,1,0,0,0,0,0,0,1,0
10/1/2003,PRT,182,Portugal,-7.515141,1,2003q4,2003,525,1,0,0,0,0,0,0,1,0,0,0,0,0,0,1,0
1/1/2004,PRT,182,Portugal,-7.502826,1,2004q1,2004,528,1,0,0,0,0,0,0,1,0,0,0,0,0,0,1,0
4/1/2004,PRT,182,Portugal,-6.928461,1,2004q2,2004,531,1,0,0,0,0,0,0,1,0,0,0,0,0,0,1,0
7/1/2004,PRT,182,Portugal,-8.528193,1,2004q3,2004,534,1,0,0,0,0,0,0,1,0,0,0,0,0,0,1,0
10/1/2004,PRT,182,Portugal,-8.974759,1,2004q4,2004,537,1,0,0,0,0,0,0,1,0,0,0,0,0,0,1,0
1/1/2005,PRT,182,Portugal,-9.781316,1,2005q1,2005,540,1,0,0,0,0,0,0,1,0,0,0,0,0,0,1,0
4/1/2005,PRT,182,Portugal,-9.415778,1,2005q2,2005,543,1,0,0,0,0,0,0,1,0,0,0,0,0,0,1,0
7/1/2005,PRT,182,Portugal,-9.803566,1,2005q3,2005,546,1,0,0,0,0,0,0,1,0,0,0,0,0,0,1,0
10/1/2005,PRT,182,Portugal,-9.735446,1,2005q4,2005,549,1,0,0,0,0,0,0,1,0,0,0,0,0,0,1,0
1/1/2006,PRT,182,Portugal,-12.00821,1,2006q1,2006,552,1,0,0,0,0,0,0,1,0,0,0,0,0,0,1,0
4/1/2006,PRT,182,Portugal,-10.43777,1,2006q2,2006,555,1,0,0,0,0,0,0,1,0,0,0,0,0,0,1,0
7/1/2006,PRT,182,Portugal,-8.591498,1,2006q3,2006,558,1,0,0,0,0,0,0,1,0,0,0,0,0,0,1,0
10/1/2006,PRT,182,Portugal,-9.542582,1,2006q4,2006,561,1,0,0,0,0,0,0,1,0,0,0,0,0,0,1,0
1/1/2007,PRT,182,Portugal,-8.587009,1,2007q1,2007,564,1,0,0,0,0,0,0,1,0,0,0,0,0,0,1,0
4/1/2007,PRT,182,Portugal,-8.904764,1,2007q2,2007,567,1,0,0,0,0,0,0,1,0,0,0,0,0,0,1,0
7/1/2007,PRT,182,Portugal,-9.833925,1,2007q3,2007,570,1,0,0,0,0,0,0,1,0,0,0,0,0,0,1,0
10/1/2007,PRT,182,Portugal,-11.11122,1,2007q4,2007,573,1,0,0,0,0,0,0,1,0,0,0,0,0,0,1,0
1/1/2008,PRT,182,Portugal,-11.4091,1,2008q1,2008,576,1,0,0,0,0,0,0,1,0,0,0,0,0,0,1,0
4/1/2008,PRT,182,Portugal,-12.07505,1,2008q2,2008,579,1,0,0,0,0,0,0,1,0,0,0,0,0,0,1,0
7/1/2008,PRT,182,Portugal,-12.20761,1,2008q3,2008,582,1,0,0,0,0,0,0,1,0,0,0,0,0,0,1,0
10/1/2008,PRT,182,Portugal,-11.52761,1,2008q4,2008,585,1,0,0,0,0,0,0,1,0,0,0,0,0,0,1,0
1/1/2009,PRT,182,Portugal,-10.86583,1,2009q1,2009,588,1,0,0,0,0,0,0,1,0,0,0,0,0,0,1,0
4/1/2009,PRT,182,Portugal,-9.770326,1,2009q2,2009,591,1,0,0,0,0,0,0,1,0,0,0,0,0,0,1,0
7/1/2009,PRT,182,Portugal,-11.14496,1,2009q3,2009,594,1,0,0,0,0,0,0,1,0,0,0,0,0,0,1,0
10/1/2009,PRT,182,Portugal,-9.844376,1,2009q4,2009,597,1,0,0,0,0,0,0,1,0,0,0,0,0,0,1,0
1/1/2010,PRT,182,Portugal,-10.15631,1,2010q1,2010,600,1,0,0,0,0,0,0,1,0,0,0,0,0,0,1,0
4/1/2010,PRT,182,Portugal,-10.49829,1,2010q2,2010,603,1,0,0,0,0,0,0,1,0,0,0,0,0,0,1,0
7/1/2010,PRT,182,Portugal,-8.330894,1,2010q3,2010,606,1,0,0,0,0,0,0,1,0,0,0,0,0,0,1,0
10/1/2010,PRT,182,Portugal,-11.55699,1,2010q4,2010,609,1,0,0,0,0,0,0,1,0,0,0,0,0,0,1,0
1/1/2011,PRT,182,Portugal,-7.616035,1,2011q1,2011,612,1,0,0,0,0,0,0,1,0,0,0,0,0,0,1,0
4/1/2011,PRT,182,Portugal,-7.071508,1,2011q2,2011,615,1,0,0,0,0,0,0,1,0,0,0,0,0,0,1,0
7/1/2011,PRT,182,Portugal,-5.246262,1,2011q3,2011,618,1,0,0,0,0,0,0,1,0,0,0,0,0,0,1,0
10/1/2011,PRT,182,Portugal,-4.492436,1,2011q4,2011,621,1,0,0,0,0,0,0,1,0,0,0,0,0,0,1,0
1/1/2012,PRT,182,Portugal,-3.655267,1,2012q1,2012,624,1,0,0,0,0,0,0,1,0,0,0,0,0,0,1,0
4/1/2012,PRT,182,Portugal,-0.5435809,1,2012q2,2012,627,1,0,0,0,0,0,0,1,0,0,0,0,0,0,1,0
7/1/2012,PRT,182,Portugal,-0.4520573,1,2012q3,2012,630,1,0,0,0,0,0,0,1,0,0,0,0,0,0,1,0
10/1/2012,PRT,182,Portugal,0.735428,1,2012q4,2012,633,1,0,0,0,0,0,0,1,0,0,0,0,0,0,1,0
1/1/2013,PRT,182,Portugal,1.639611,1,2013q1,2013,636,1,0,0,0,0,0,0,1,0,0,0,0,0,0,1,0
4/1/2013,PRT,182,Portugal,1.989477,1,2013q2,2013,639,1,0,0,0,0,0,0,1,0,0,0,0,0,0,1,0
7/1/2013,PRT,182,Portugal,1.786018,1,2013q3,2013,642,1,0,0,0,0,0,0,1,0,0,0,0,0,0,1,0
10/1/2013,PRT,182,Portugal,1.212055,1,2013q4,2013,645,1,0,0,0,0,0,0,1,0,0,0,0,0,0,1,0
1/1/2014,PRT,182,Portugal,1.162713,1,2014q1,2014,648,1,0,0,0,0,0,0,1,0,0,0,0,0,0,1,0
4/1/2014,PRT,182,Portugal,1.072037,1,2014q2,2014,651,1,0,0,0,0,0,0,1,0,0,0,0,0,0,1,0
7/1/2014,PRT,182,Portugal,-0.853106,1,2014q3,2014,654,1,0,0,0,0,0,0,1,0,0,0,0,0,0,1,0
10/1/2014,PRT,182,Portugal,1.128384,1,2014q4,2014,657,1,0,0,0,0,0,0,1,0,0,0,0,0,0,1,0
1/1/2015,PRT,182,Portugal,1.582866,1,2015q1,2015,660,1,0,0,0,0,0,0,1,0,0,0,0,0,0,1,0
4/1/2015,PRT,182,Portugal,-0.5314748,1,2015q2,2015,663,1,0,0,0,0,0,0,1,0,0,0,0,0,0,1,0
7/1/2015,PRT,182,Portugal,1.01807,1,2015q3,2015,666,1,0,0,0,0,0,0,1,0,0,0,0,0,0,1,0
10/1/2015,PRT,182,Portugal,0.3133307,1,2015q4,2015,669,1,0,0,0,0,0,0,1,0,0,0,0,0,0,1,0
1/1/2016,PRT,182,Portugal,0.7772418,1,2016q1,2016,672,1,0,0,0,0,0,0,1,0,0,0,0,0,0,1,0
4/1/2016,PRT,182,Portugal,1.64405,1,2016q2,2016,675,1,0,0,0,0,0,0,1,0,0,0,0,0,0,1,0
7/1/2016,PRT,182,Portugal,1.760442,1,2016q3,2016,678,1,0,0,0,0,0,0,1,0,0,0,0,0,0,1,0
10/1/2016,PRT,182,Portugal,0.754279,1,2016q4,2016,681,1,0,0,0,0,0,0,1,0,0,0,0,0,0,1,0
1/1/2017,PRT,182,Portugal,1.438198,1,2017q1,2017,684,1,0,0,0,0,0,0,1,0,0,0,0,0,0,1,0
4/1/2017,PRT,182,Portugal,0.4908963,1,2017q2,2017,687,1,0,0,0,0,0,0,1,0,0,0,0,0,0,1,0
7/1/2017,PRT,182,Portugal,1.930042,1,2017q3,2017,690,1,0,0,0,0,0,0,1,0,0,0,0,0,0,1,0
10/1/2017,PRT,182,Portugal,1.392931,1,2017q4,2017,693,1,0,0,0,0,0,0,1,0,0,0,0,0,0,1,0
1/1/2018,PRT,182,Portugal,0.804248,1,2018q1,2018,696,1,0,0,0,0,0,0,1,0,0,0,0,0,0,1,0
4/1/2018,PRT,182,Portugal,1.04367,1,2018q2,2018,699,1,0,0,0,0,0,0,1,0,0,0,0,0,0,1,0
7/1/2018,PRT,182,Portugal,1.140015,1,2018q3,2018,702,1,0,0,0,0,0,0,1,0,0,0,0,0,0,1,0
10/1/2018,PRT,182,Portugal,-0.1036684,1,2018q4,2018,705,1,0,0,0,0,0,0,1,0,0,0,0,0,0,1,0
1/1/2019,PRT,182,Portugal,0.3275106,1,2019q1,2019,708,1,0,0,0,0,0,0,1,0,0,0,0,0,0,1,0
4/1/2019,PRT,182,Portugal,0.3829048,1,2019q2,2019,711,1,0,0,0,0,0,0,1,0,0,0,0,0,0,1,0
7/1/2019,PRT,182,Portugal,0.9017612,1,2019q3,2019,714,1,0,0,0,0,0,0,1,0,0,0,0,0,0,1,0
10/1/2019,PRT,182,Portugal,1.408366,1,2019q4,2019,717,1,0,0,0,0,0,0,1,0,0,0,0,0,0,1,0
1/1/2020,PRT,182,Portugal,-0.1226626,1,2020q1,2020,720,1,0,0,0,0,0,0,1,0,0,0,0,0,0,1,0
4/1/2020,PRT,182,Portugal,-2.633997,1,2020q2,2020,723,1,0,0,0,0,0,0,1,0,0,0,0,0,0,1,0
7/1/2020,PRT,182,Portugal,-0.605616,1,2020q3,2020,726,1,0,0,0,0,0,0,1,0,0,0,0,0,0,1,0
10/1/2020,PRT,182,Portugal,0.7717518,1,2020q4,2020,729,1,0,0,0,0,0,0,1,0,0,0,0,0,0,1,0
1/1/2021,PRT,182,Portugal,0.4940522,1,2021q1,2021,732,1,0,0,0,0,0,0,1,0,0,0,0,0,0,1,0
4/1/2021,PRT,182,Portugal,-1.711353,1,2021q2,2021,735,1,0,0,0,0,0,0,1,0,0,0,0,0,0,1,0
7/1/2021,PRT,182,Portugal,-0.9654651,1,2021q3,2021,738,1,0,0,0,0,0,0,1,0,0,0,0,0,0,1,0
10/1/2021,PRT,182,Portugal,-0.9074228,1,2021q4,2021,741,1,0,0,0,0,0,0,1,0,0,0,0,0,0,1,0
1/1/2022,PRT,182,Portugal,-2.356379,1,2022q1,2022,744,1,0,0,0,0,0,0,1,0,0,0,0,0,0,1,0
4/1/2022,PRT,182,Portugal,-2.725447,1,2022q2,2022,747,1,0,0,0,0,0,0,1,0,0,0,0,0,0,1,0
7/1/2022,PRT,182,Portugal,-1.98183,1,2022q3,2022,750,1,0,0,0,0,0,0,1,0,0,0,0,0,0,1,0
10/1/2022,PRT,182,Portugal,-1.105914,1,2022q4,2022,753,1,0,0,0,0,0,0,1,0,0,0,0,0,0,1,0
1/1/2023,PRT,182,Portugal,0.6547562,1,2023q1,2023,756,1,0,0,0,0,0,0,1,0,0,0,0,0,0,1,0
4/1/2023,PRT,182,Portugal,1.246245,1,2023q2,2023,759,1,0,0,0,0,0,0,1,0,0,0,0,0,0,1,0
7/1/2023,PRT,182,Portugal,0.6347854,1,2023q3,2023,762,1,0,0,0,0,0,0,1,0,0,0,0,0,0,1,0
10/1/2023,PRT,182,Portugal,0.3802292,1,2023q4,2023,765,1,0,0,0,0,0,0,1,0,0,0,0,0,0,1,0
1/1/2024,PRT,182,Portugal,2.92506,1,2024q1,2024,768,1,0,0,0,0,0,0,1,0,0,0,0,0,0,1,0
4/1/2024,PRT,182,Portugal,2.453037,1,2024q2,2024,771,1,0,0,0,0,0,0,1,0,0,0,0,0,0,1,0
7/1/2024,PRT,182,Portugal,1.784132,1,2024q3,2024,774,1,0,0,0,0,0,0,1,0,0,0,0,0,0,1,0
10/1/2024,PRT,182,Portugal,1.701056,1,2024q4,2024,777,1,0,0,0,0,0,0,1,0,0,0,0,0,0,1,0
1/1/1975,ESP,184,Spain,-4.3099021,4,1975q1,1975,180,1,0,0,0,0,0,0,1,0,0,0,0,0,0,0,0
4/1/1975,ESP,184,Spain,-3.7045796,4,1975q2,1975,183,1,0,0,0,0,0,0,1,0,0,0,0,0,0,0,0
7/1/1975,ESP,184,Spain,-3.5595329,4,1975q3,1975,186,1,0,0,0,0,0,0,1,0,0,0,0,0,0,0,0
10/1/1975,ESP,184,Spain,-3.3355992,4,1975q4,1975,189,1,0,0,0,0,0,0,1,0,0,0,0,0,0,0,0
1/1/1976,ESP,184,Spain,-3.3821216,4,1976q1,1976,192,1,0,0,0,0,0,0,1,0,0,0,0,0,0,0,0
4/1/1976,ESP,184,Spain,-4.5903553,4,1976q2,1976,195,1,0,0,0,0,0,0,1,0,0,0,0,0,0,0,0
7/1/1976,ESP,184,Spain,-5.1578582,4,1976q3,1976,198,1,0,0,0,0,0,0,1,0,0,0,0,0,0,0,0
10/1/1976,ESP,184,Spain,-4.1097389,4,1976q4,1976,201,1,0,0,0,0,0,0,1,0,0,0,0,0,0,0,0
1/1/1977,ESP,184,Spain,-2.6588212,4,1977q1,1977,204,1,0,0,0,0,0,0,1,0,0,0,0,0,0,0,0
4/1/1977,ESP,184,Spain,-3.5247895,4,1977q2,1977,207,1,0,0,0,0,0,0,1,0,0,0,0,0,0,0,0
7/1/1977,ESP,184,Spain,-0.71354767,4,1977q3,1977,210,1,0,0,0,0,0,0,1,0,0,0,0,0,0,0,0
10/1/1977,ESP,184,Spain,-0.84108825,4,1977q4,1977,213,1,0,0,0,0,0,0,1,0,0,0,0,0,0,0,0
1/1/1978,ESP,184,Spain,-0.38479273,4,1978q1,1978,216,1,0,0,0,0,0,0,1,0,0,0,0,0,0,0,0
4/1/1978,ESP,184,Spain,1.1168777,4,1978q2,1978,219,1,0,0,0,0,0,0,1,0,0,0,0,0,0,0,0
7/1/1978,ESP,184,Spain,1.072844,4,1978q3,1978,222,1,0,0,0,0,0,0,1,0,0,0,0,0,0,0,0
10/1/1978,ESP,184,Spain,1.0648316,4,1978q4,1978,225,1,0,0,0,0,0,0,1,0,0,0,0,0,0,0,0
1/1/1979,ESP,184,Spain,1.2601444,4,1979q1,1979,228,1,0,0,0,0,0,0,1,0,0,0,0,0,0,0,0
4/1/1979,ESP,184,Spain,1.8449407,4,1979q2,1979,231,1,0,0,0,0,0,0,1,0,0,0,0,0,0,0,0
7/1/1979,ESP,184,Spain,-0.80097865,4,1979q3,1979,234,1,0,0,0,0,0,0,1,0,0,0,0,0,0,0,0
10/1/1979,ESP,184,Spain,-0.80823159,4,1979q4,1979,237,1,0,0,0,0,0,0,1,0,0,0,0,0,0,0,0
1/1/1980,ESP,184,Spain,-2.452273,4,1980q1,1980,240,1,0,0,0,0,0,0,1,0,0,0,0,0,0,0,0
4/1/1980,ESP,184,Spain,-2.2393659,4,1980q2,1980,243,1,0,0,0,0,0,0,1,0,0,0,0,0,0,0,0
7/1/1980,ESP,184,Spain,-3.8292991,4,1980q3,1980,246,1,0,0,0,0,0,0,1,0,0,0,0,0,0,0,0
10/1/1980,ESP,184,Spain,-1.9045315,4,1980q4,1980,249,1,0,0,0,0,0,0,1,0,0,0,0,0,0,0,0
1/1/1981,ESP,184,Spain,-3.0556291,4,1981q1,1981,252,1,0,0,0,0,0,0,1,0,0,0,0,0,0,0,0
4/1/1981,ESP,184,Spain,-3.6804171,4,1981q2,1981,255,1,0,0,0,0,0,0,1,0,0,0,0,0,0,0,0
7/1/1981,ESP,184,Spain,-1.3597125,4,1981q3,1981,258,1,0,0,0,0,0,0,1,0,0,0,0,0,0,0,0
10/1/1981,ESP,184,Spain,-3.044067,4,1981q4,1981,261,1,0,0,0,0,0,0,1,0,0,0,0,0,0,0,0
1/1/1982,ESP,184,Spain,-1.7280939,4,1982q1,1982,264,1,0,0,0,0,0,0,1,0,0,0,0,0,0,0,0
4/1/1982,ESP,184,Spain,-2.9780907,4,1982q2,1982,267,1,0,0,0,0,0,0,1,0,0,0,0,0,0,0,0
7/1/1982,ESP,184,Spain,-2.3326823,4,1982q3,1982,270,1,0,0,0,0,0,0,1,0,0,0,0,0,0,0,0
10/1/1982,ESP,184,Spain,-3.206268,4,1982q4,1982,273,1,0,0,0,0,0,0,1,0,0,0,0,0,0,0,0
1/1/1983,ESP,184,Spain,-3.4831784,4,1983q1,1983,276,1,0,0,0,0,0,0,1,0,0,0,0,0,0,0,0
4/1/1983,ESP,184,Spain,-2.190483,4,1983q2,1983,279,1,0,0,0,0,0,0,1,0,0,0,0,0,0,0,0
7/1/1983,ESP,184,Spain,-1.1297174,4,1983q3,1983,282,1,0,0,0,0,0,0,1,0,0,0,0,0,0,0,0
10/1/1983,ESP,184,Spain,-0.61771211,4,1983q4,1983,285,1,0,0,0,0,0,0,1,0,0,0,0,0,0,0,0
1/1/1984,ESP,184,Spain,0.47304648,4,1984q1,1984,288,1,0,0,0,0,0,0,1,0,0,0,0,0,0,0,0
4/1/1984,ESP,184,Spain,2.0282596,4,1984q2,1984,291,1,0,0,0,0,0,0,1,0,0,0,0,0,0,0,0
7/1/1984,ESP,184,Spain,1.3795559,4,1984q3,1984,294,1,0,0,0,0,0,0,1,0,0,0,0,0,0,0,0
10/1/1984,ESP,184,Spain,0.63502752,4,1984q4,1984,297,1,0,0,0,0,0,0,1,0,0,0,0,0,0,0,0
1/1/1985,ESP,184,Spain,0.60189531,4,1985q1,1985,300,1,0,0,0,0,0,0,1,0,0,0,0,0,0,0,0
4/1/1985,ESP,184,Spain,0.90340386,4,1985q2,1985,303,1,0,0,0,0,0,0,1,0,0,0,0,0,0,0,0
7/1/1985,ESP,184,Spain,1.7613342,4,1985q3,1985,306,1,0,0,0,0,0,0,1,0,0,0,0,0,0,0,0
10/1/1985,ESP,184,Spain,2.7372902,4,1985q4,1985,309,1,0,0,0,0,0,0,1,0,0,0,0,0,0,0,0
1/1/1986,ESP,184,Spain,2.0270297,4,1986q1,1986,312,1,0,0,0,0,0,0,1,0,0,0,0,0,0,0,0
4/1/1986,ESP,184,Spain,1.9069104,4,1986q2,1986,315,1,0,0,0,0,0,0,1,0,0,0,0,0,0,0,0
7/1/1986,ESP,184,Spain,1.6192538,4,1986q3,1986,318,1,0,0,0,0,0,0,1,0,0,0,0,0,0,0,0
10/1/1986,ESP,184,Spain,0.98235615,4,1986q4,1986,321,1,0,0,0,0,0,0,1,0,0,0,0,0,0,0,0
1/1/1987,ESP,184,Spain,0.69577212,4,1987q1,1987,324,1,0,0,0,0,0,0,1,0,0,0,0,0,0,0,0
4/1/1987,ESP,184,Spain,0.6816082,4,1987q2,1987,327,1,0,0,0,0,0,0,1,0,0,0,0,0,0,0,0
7/1/1987,ESP,184,Spain,-0.00277051,4,1987q3,1987,330,1,0,0,0,0,0,0,1,0,0,0,0,0,0,0,0
10/1/1987,ESP,184,Spain,-1.2698799,4,1987q4,1987,333,1,0,0,0,0,0,0,1,0,0,0,0,0,0,0,0
1/1/1988,ESP,184,Spain,-0.46870325,4,1988q1,1988,336,1,0,0,0,0,0,0,1,0,0,0,0,0,0,0,0
4/1/1988,ESP,184,Spain,-0.43637777,4,1988q2,1988,339,1,0,0,0,0,0,0,1,0,0,0,0,0,0,0,0
7/1/1988,ESP,184,Spain,-1.1432065,4,1988q3,1988,342,1,0,0,0,0,0,0,1,0,0,0,0,0,0,0,0
10/1/1988,ESP,184,Spain,-2.089195,4,1988q4,1988,345,1,0,0,0,0,0,0,1,0,0,0,0,0,0,0,0
1/1/1989,ESP,184,Spain,-1.9981748,4,1989q1,1989,348,1,0,0,0,0,0,0,1,0,0,0,0,0,0,0,0
4/1/1989,ESP,184,Spain,-3.0226285,4,1989q2,1989,351,1,0,0,0,0,0,0,1,0,0,0,0,0,0,0,0
7/1/1989,ESP,184,Spain,-3.4602452,4,1989q3,1989,354,1,0,0,0,0,0,0,1,0,0,0,0,0,0,0,0
10/1/1989,ESP,184,Spain,-2.6281058,4,1989q4,1989,357,1,0,0,0,0,0,0,1,0,0,0,0,0,0,0,0
1/1/1990,ESP,184,Spain,-3.5372102,4,1990q1,1990,360,1,0,0,0,0,0,0,1,0,0,0,0,0,0,0,0
4/1/1990,ESP,184,Spain,-3.4578776,4,1990q2,1990,363,1,0,0,0,0,0,0,1,0,0,0,0,0,0,0,0
7/1/1990,ESP,184,Spain,-3.3655981,4,1990q3,1990,366,1,0,0,0,0,0,0,1,0,0,0,0,0,0,0,0
10/1/1990,ESP,184,Spain,-3.7789422,4,1990q4,1990,369,1,0,0,0,0,0,0,1,0,0,0,0,0,0,0,0
1/1/1991,ESP,184,Spain,-3.4378991,4,1991q1,1991,372,1,0,0,0,0,0,0,1,0,0,0,0,0,0,0,0
4/1/1991,ESP,184,Spain,-4.1020723,4,1991q2,1991,375,1,0,0,0,0,0,0,1,0,0,0,0,0,0,0,0
7/1/1991,ESP,184,Spain,-3.9924029,4,1991q3,1991,378,1,0,0,0,0,0,0,1,0,0,0,0,0,0,0,0
10/1/1991,ESP,184,Spain,-3.2747435,4,1991q4,1991,381,1,0,0,0,0,0,0,1,0,0,0,0,0,0,0,0
1/1/1992,ESP,184,Spain,-3.9267616,4,1992q1,1992,384,1,0,0,0,0,0,0,1,0,0,0,0,0,0,0,0
4/1/1992,ESP,184,Spain,-4.3027813,4,1992q2,1992,387,1,0,0,0,0,0,0,1,0,0,0,0,0,0,0,0
7/1/1992,ESP,184,Spain,-3.8162858,4,1992q3,1992,390,1,0,0,0,0,0,0,1,0,0,0,0,0,0,0,0
10/1/1992,ESP,184,Spain,-2.1187263,4,1992q4,1992,393,1,0,0,0,0,0,0,1,0,0,0,0,0,0,0,0
1/1/1993,ESP,184,Spain,-1.6891501,4,1993q1,1993,396,1,0,0,0,0,0,0,1,0,0,0,0,0,0,0,0
4/1/1993,ESP,184,Spain,-1.3836577,4,1993q2,1993,399,1,0,0,0,0,0,0,1,0,0,0,0,0,0,0,0
7/1/1993,ESP,184,Spain,-0.76169247,4,1993q3,1993,402,1,0,0,0,0,0,0,1,0,0,0,0,0,0,0,0
10/1/1993,ESP,184,Spain,-0.70686267,4,1993q4,1993,405,1,0,0,0,0,0,0,1,0,0,0,0,0,0,0,0
1/1/1994,ESP,184,Spain,-0.87443318,4,1994q1,1994,408,1,0,0,0,0,0,0,1,0,0,0,0,0,0,0,0
4/1/1994,ESP,184,Spain,-0.91068012,4,1994q2,1994,411,1,0,0,0,0,0,0,1,0,0,0,0,0,0,0,0
7/1/1994,ESP,184,Spain,-1.570673,4,1994q3,1994,414,1,0,0,0,0,0,0,1,0,0,0,0,0,0,0,0
10/1/1994,ESP,184,Spain,-1.5670346,4,1994q4,1994,417,1,0,0,0,0,0,0,1,0,0,0,0,0,0,0,0
1/1/1995,ESP,184,Spain,-1.677213,1,1995q1,1995,420,1,0,0,0,0,0,0,1,0,0,0,0,0,0,0,0
4/1/1995,ESP,184,Spain,-1.567456,1,1995q2,1995,423,1,0,0,0,0,0,0,1,0,0,0,0,0,0,0,0
7/1/1995,ESP,184,Spain,-1.608244,1,1995q3,1995,426,1,0,0,0,0,0,0,1,0,0,0,0,0,0,0,0
10/1/1995,ESP,184,Spain,-0.9563356,1,1995q4,1995,429,1,0,0,0,0,0,0,1,0,0,0,0,0,0,0,0
1/1/1996,ESP,184,Spain,-1.129307,1,1996q1,1996,432,1,0,0,0,0,0,0,1,0,0,0,0,0,0,0,0
4/1/1996,ESP,184,Spain,-1.490234,1,1996q2,1996,435,1,0,0,0,0,0,0,1,0,0,0,0,0,0,0,0
7/1/1996,ESP,184,Spain,-0.4059844,1,1996q3,1996,438,1,0,0,0,0,0,0,1,0,0,0,0,0,0,0,0
10/1/1996,ESP,184,Spain,-0.7809547,1,1996q4,1996,441,1,0,0,0,0,0,0,1,0,0,0,0,0,0,0,0
1/1/1997,ESP,184,Spain,-1.27255,1,1997q1,1997,444,1,0,0,0,0,0,0,1,0,0,0,0,0,0,0,0
4/1/1997,ESP,184,Spain,-0.5140796,1,1997q2,1997,447,1,0,0,0,0,0,0,1,0,0,0,0,0,0,0,0
7/1/1997,ESP,184,Spain,-0.4821734,1,1997q3,1997,450,1,0,0,0,0,0,0,1,0,0,0,0,0,0,0,0
10/1/1997,ESP,184,Spain,-0.9888543,1,1997q4,1997,453,1,0,0,0,0,0,0,1,0,0,0,0,0,0,0,0
1/1/1998,ESP,184,Spain,-1.598043,1,1998q1,1998,456,1,0,0,0,0,0,0,1,0,0,0,0,0,0,0,0
4/1/1998,ESP,184,Spain,-1.161345,1,1998q2,1998,459,1,0,0,0,0,0,0,1,0,0,0,0,0,0,0,0
7/1/1998,ESP,184,Spain,-1.409748,1,1998q3,1998,462,1,0,0,0,0,0,0,1,0,0,0,0,0,0,0,0
10/1/1998,ESP,184,Spain,-2.459421,1,1998q4,1998,465,1,0,0,0,0,0,0,1,0,0,0,0,0,0,0,0
1/1/1999,ESP,184,Spain,-2.261466,1,1999q1,1999,468,1,0,0,0,0,0,0,1,0,0,0,0,0,0,1,1
4/1/1999,ESP,184,Spain,-3.249443,1,1999q2,1999,471,1,0,0,0,0,0,0,1,0,0,0,0,0,0,1,0
7/1/1999,ESP,184,Spain,-3.785571,1,1999q3,1999,474,1,0,0,0,0,0,0,1,0,0,0,0,0,0,1,0
10/1/1999,ESP,184,Spain,-3.582482,1,1999q4,1999,477,1,0,0,0,0,0,0,1,0,0,0,0,0,0,1,0
1/1/2000,ESP,184,Spain,-4.010315,1,2000q1,2000,480,1,0,0,0,0,0,0,1,0,0,0,0,0,0,1,0
4/1/2000,ESP,184,Spain,-4.242543,1,2000q2,2000,483,1,0,0,0,0,0,0,1,0,0,0,0,0,0,1,0
7/1/2000,ESP,184,Spain,-4.606483,1,2000q3,2000,486,1,0,0,0,0,0,0,1,0,0,0,0,0,0,1,0
10/1/2000,ESP,184,Spain,-4.232476,1,2000q4,2000,489,1,0,0,0,0,0,0,1,0,0,0,0,0,0,1,0
1/1/2001,ESP,184,Spain,-4.282347,1,2001q1,2001,492,1,0,0,0,0,0,0,1,0,0,0,0,0,0,1,0
4/1/2001,ESP,184,Spain,-4.771015,1,2001q2,2001,495,1,0,0,0,0,0,0,1,0,0,0,0,0,0,1,0
7/1/2001,ESP,184,Spain,-4.29331,1,2001q3,2001,498,1,0,0,0,0,0,0,1,0,0,0,0,0,0,1,0
10/1/2001,ESP,184,Spain,-3.99822,1,2001q4,2001,501,1,0,0,0,0,0,0,1,0,0,0,0,0,0,1,0
1/1/2002,ESP,184,Spain,-3.694186,1,2002q1,2002,504,1,0,0,0,0,0,0,1,0,0,0,0,0,0,1,0
4/1/2002,ESP,184,Spain,-3.607063,1,2002q2,2002,507,1,0,0,0,0,0,0,1,0,0,0,0,0,0,1,0
7/1/2002,ESP,184,Spain,-3.155812,1,2002q3,2002,510,1,0,0,0,0,0,0,1,0,0,0,0,0,0,1,0
10/1/2002,ESP,184,Spain,-4.229499,1,2002q4,2002,513,1,0,0,0,0,0,0,1,0,0,0,0,0,0,1,0
1/1/2003,ESP,184,Spain,-3.641087,1,2003q1,2003,516,1,0,0,0,0,0,0,1,0,0,0,0,0,0,1,0
4/1/2003,ESP,184,Spain,-3.639296,1,2003q2,2003,519,1,0,0,0,0,0,0,1,0,0,0,0,0,0,1,0
7/1/2003,ESP,184,Spain,-4.205832,1,2003q3,2003,522,1,0,0,0,0,0,0,1,0,0,0,0,0,0,1,0
10/1/2003,ESP,184,Spain,-4.102512,1,2003q4,2003,525,1,0,0,0,0,0,0,1,0,0,0,0,0,0,1,0
1/1/2004,ESP,184,Spain,-4.559719,1,2004q1,2004,528,1,0,0,0,0,0,0,1,0,0,0,0,0,0,1,0
4/1/2004,ESP,184,Spain,-5.759025,1,2004q2,2004,531,1,0,0,0,0,0,0,1,0,0,0,0,0,0,1,0
7/1/2004,ESP,184,Spain,-5.758807,1,2004q3,2004,534,1,0,0,0,0,0,0,1,0,0,0,0,0,0,1,0
10/1/2004,ESP,184,Spain,-5.82585,1,2004q4,2004,537,1,0,0,0,0,0,0,1,0,0,0,0,0,0,1,0
1/1/2005,ESP,184,Spain,-7.023088,1,2005q1,2005,540,1,0,0,0,0,0,0,1,0,0,0,0,0,0,1,0
4/1/2005,ESP,184,Spain,-7.176624,1,2005q2,2005,543,1,0,0,0,0,0,0,1,0,0,0,0,0,0,1,0
7/1/2005,ESP,184,Spain,-7.204846,1,2005q3,2005,546,1,0,0,0,0,0,0,1,0,0,0,0,0,0,1,0
10/1/2005,ESP,184,Spain,-7.189205,1,2005q4,2005,549,1,0,0,0,0,0,0,1,0,0,0,0,0,0,1,0
1/1/2006,ESP,184,Spain,-8.247695,1,2006q1,2006,552,1,0,0,0,0,0,0,1,0,0,0,0,0,0,1,0
4/1/2006,ESP,184,Spain,-8.426324,1,2006q2,2006,555,1,0,0,0,0,0,0,1,0,0,0,0,0,0,1,0
7/1/2006,ESP,184,Spain,-8.899609,1,2006q3,2006,558,1,0,0,0,0,0,0,1,0,0,0,0,0,0,1,0
10/1/2006,ESP,184,Spain,-9.260303,1,2006q4,2006,561,1,0,0,0,0,0,0,1,0,0,0,0,0,0,1,0
1/1/2007,ESP,184,Spain,-8.425164,1,2007q1,2007,564,1,0,0,0,0,0,0,1,0,0,0,0,0,0,1,0
4/1/2007,ESP,184,Spain,-9.118324,1,2007q2,2007,567,1,0,0,0,0,0,0,1,0,0,0,0,0,0,1,0
7/1/2007,ESP,184,Spain,-9.916059,1,2007q3,2007,570,1,0,0,0,0,0,0,1,0,0,0,0,0,0,1,0
10/1/2007,ESP,184,Spain,-9.909698,1,2007q4,2007,573,1,0,0,0,0,0,0,1,0,0,0,0,0,0,1,0
1/1/2008,ESP,184,Spain,-9.992474,1,2008q1,2008,576,1,0,0,0,0,0,0,1,0,0,0,0,0,0,1,0
4/1/2008,ESP,184,Spain,-9.37635,1,2008q2,2008,579,1,0,0,0,0,0,0,1,0,0,0,0,0,0,1,0
7/1/2008,ESP,184,Spain,-8.22807,1,2008q3,2008,582,1,0,0,0,0,0,0,1,0,0,0,0,0,0,1,0
10/1/2008,ESP,184,Spain,-7.351409,1,2008q4,2008,585,1,0,0,0,0,0,0,1,0,0,0,0,0,0,1,0
1/1/2009,ESP,184,Spain,-4.680595,1,2009q1,2009,588,1,0,0,0,0,0,0,1,0,0,0,0,0,0,1,0
4/1/2009,ESP,184,Spain,-3.412457,1,2009q2,2009,591,1,0,0,0,0,0,0,1,0,0,0,0,0,0,1,0
7/1/2009,ESP,184,Spain,-3.753004,1,2009q3,2009,594,1,0,0,0,0,0,0,1,0,0,0,0,0,0,1,0
10/1/2009,ESP,184,Spain,-4.053769,1,2009q4,2009,597,1,0,0,0,0,0,0,1,0,0,0,0,0,0,1,0
1/1/2010,ESP,184,Spain,-3.103961,1,2010q1,2010,600,1,0,0,0,0,0,0,1,0,0,0,0,0,0,1,0
4/1/2010,ESP,184,Spain,-4.147881,1,2010q2,2010,603,1,0,0,0,0,0,0,1,0,0,0,0,0,0,1,0
7/1/2010,ESP,184,Spain,-3.867902,1,2010q3,2010,606,1,0,0,0,0,0,0,1,0,0,0,0,0,0,1,0
10/1/2010,ESP,184,Spain,-3.150236,1,2010q4,2010,609,1,0,0,0,0,0,0,1,0,0,0,0,0,0,1,0
1/1/2011,ESP,184,Spain,-3.047336,1,2011q1,2011,612,1,0,0,0,0,0,0,1,0,0,0,0,0,0,1,0
4/1/2011,ESP,184,Spain,-2.418126,1,2011q2,2011,615,1,0,0,0,0,0,0,1,0,0,0,0,0,0,1,0
7/1/2011,ESP,184,Spain,-2.589342,1,2011q3,2011,618,1,0,0,0,0,0,0,1,0,0,0,0,0,0,1,0
10/1/2011,ESP,184,Spain,-2.607453,1,2011q4,2011,621,1,0,0,0,0,0,0,1,0,0,0,0,0,0,1,0
1/1/2012,ESP,184,Spain,-1.53353,1,2012q1,2012,624,1,0,0,0,0,0,0,1,0,0,0,0,0,0,1,0
4/1/2012,ESP,184,Spain,-0.6521643,1,2012q2,2012,627,1,0,0,0,0,0,0,1,0,0,0,0,0,0,1,0
7/1/2012,ESP,184,Spain,0.830497,1,2012q3,2012,630,1,0,0,0,0,0,0,1,0,0,0,0,0,0,1,0
10/1/2012,ESP,184,Spain,1.939847,1,2012q4,2012,633,1,0,0,0,0,0,0,1,0,0,0,0,0,0,1,0
1/1/2013,ESP,184,Spain,1.90001,1,2013q1,2013,636,1,0,0,0,0,0,0,1,0,0,0,0,0,0,1,0
4/1/2013,ESP,184,Spain,2.749113,1,2013q2,2013,639,1,0,0,0,0,0,0,1,0,0,0,0,0,0,1,0
7/1/2013,ESP,184,Spain,1.689962,1,2013q3,2013,642,1,0,0,0,0,0,0,1,0,0,0,0,0,0,1,0
10/1/2013,ESP,184,Spain,1.73474,1,2013q4,2013,645,1,0,0,0,0,0,0,1,0,0,0,0,0,0,1,0
1/1/2014,ESP,184,Spain,1.414347,1,2014q1,2014,648,1,0,0,0,0,0,0,1,0,0,0,0,0,0,1,0
4/1/2014,ESP,184,Spain,0.9557625,1,2014q2,2014,651,1,0,0,0,0,0,0,1,0,0,0,0,0,0,1,0
7/1/2014,ESP,184,Spain,1.964429,1,2014q3,2014,654,1,0,0,0,0,0,0,1,0,0,0,0,0,0,1,0
10/1/2014,ESP,184,Spain,2.756443,1,2014q4,2014,657,1,0,0,0,0,0,0,1,0,0,0,0,0,0,1,0
1/1/2015,ESP,184,Spain,2.23788,1,2015q1,2015,660,1,0,0,0,0,0,0,1,0,0,0,0,0,0,1,0
4/1/2015,ESP,184,Spain,1.870424,1,2015q2,2015,663,1,0,0,0,0,0,0,1,0,0,0,0,0,0,1,0
7/1/2015,ESP,184,Spain,2.212132,1,2015q3,2015,666,1,0,0,0,0,0,0,1,0,0,0,0,0,0,1,0
10/1/2015,ESP,184,Spain,2.132068,1,2015q4,2015,669,1,0,0,0,0,0,0,1,0,0,0,0,0,0,1,0
1/1/2016,ESP,184,Spain,2.739547,1,2016q1,2016,672,1,0,0,0,0,0,0,1,0,0,0,0,0,0,1,0
4/1/2016,ESP,184,Spain,3.494823,1,2016q2,2016,675,1,0,0,0,0,0,0,1,0,0,0,0,0,0,1,0
7/1/2016,ESP,184,Spain,3.459075,1,2016q3,2016,678,1,0,0,0,0,0,0,1,0,0,0,0,0,0,1,0
10/1/2016,ESP,184,Spain,3.164017,1,2016q4,2016,681,1,0,0,0,0,0,0,1,0,0,0,0,0,0,1,0
1/1/2017,ESP,184,Spain,2.799022,1,2017q1,2017,684,1,0,0,0,0,0,0,1,0,0,0,0,0,0,1,0
4/1/2017,ESP,184,Spain,2.897317,1,2017q2,2017,687,1,0,0,0,0,0,0,1,0,0,0,0,0,0,1,0
7/1/2017,ESP,184,Spain,2.739221,1,2017q3,2017,690,1,0,0,0,0,0,0,1,0,0,0,0,0,0,1,0
10/1/2017,ESP,184,Spain,2.782769,1,2017q4,2017,693,1,0,0,0,0,0,0,1,0,0,0,0,0,0,1,0
1/1/2018,ESP,184,Spain,2.227174,1,2018q1,2018,696,1,0,0,0,0,0,0,1,0,0,0,0,0,0,1,0
4/1/2018,ESP,184,Spain,1.980225,1,2018q2,2018,699,1,0,0,0,0,0,0,1,0,0,0,0,0,0,1,0
7/1/2018,ESP,184,Spain,1.686061,1,2018q3,2018,702,1,0,0,0,0,0,0,1,0,0,0,0,0,0,1,0
10/1/2018,ESP,184,Spain,1.748717,1,2018q4,2018,705,1,0,0,0,0,0,0,1,0,0,0,0,0,0,1,0
1/1/2019,ESP,184,Spain,1.951321,1,2019q1,2019,708,1,0,0,0,0,0,0,1,0,0,0,0,0,0,1,0
4/1/2019,ESP,184,Spain,2.409933,1,2019q2,2019,711,1,0,0,0,0,0,0,1,0,0,0,0,0,0,1,0
7/1/2019,ESP,184,Spain,1.910934,1,2019q3,2019,714,1,0,0,0,0,0,0,1,0,0,0,0,0,0,1,0
10/1/2019,ESP,184,Spain,2.428478,1,2019q4,2019,717,1,0,0,0,0,0,0,1,0,0,0,0,0,0,1,0
1/1/2020,ESP,184,Spain,1.584941,1,2020q1,2020,720,1,0,0,0,0,0,0,1,0,0,0,0,0,0,1,0
4/1/2020,ESP,184,Spain,-0.1225743,1,2020q2,2020,723,1,0,0,0,0,0,0,1,0,0,0,0,0,0,1,0
7/1/2020,ESP,184,Spain,0.7293636,1,2020q3,2020,726,1,0,0,0,0,0,0,1,0,0,0,0,0,0,1,0
10/1/2020,ESP,184,Spain,2.061247,1,2020q4,2020,729,1,0,0,0,0,0,0,1,0,0,0,0,0,0,1,0
1/1/2021,ESP,184,Spain,0.7583528,1,2021q1,2021,732,1,0,0,0,0,0,0,1,0,0,0,0,0,0,1,0
4/1/2021,ESP,184,Spain,0.08902183,1,2021q2,2021,735,1,0,0,0,0,0,0,1,0,0,0,0,0,0,1,0
7/1/2021,ESP,184,Spain,1.357689,1,2021q3,2021,738,1,0,0,0,0,0,0,1,0,0,0,0,0,0,1,0
10/1/2021,ESP,184,Spain,1.133596,1,2021q4,2021,741,1,0,0,0,0,0,0,1,0,0,0,0,0,0,1,0
1/1/2022,ESP,184,Spain,0.01215853,1,2022q1,2022,744,1,0,0,0,0,0,0,1,0,0,0,0,0,0,1,0
4/1/2022,ESP,184,Spain,-0.2843346,1,2022q2,2022,747,1,0,0,0,0,0,0,1,0,0,0,0,0,0,1,0
7/1/2022,ESP,184,Spain,0.1831649,1,2022q3,2022,750,1,0,0,0,0,0,0,1,0,0,0,0,0,0,1,0
10/1/2022,ESP,184,Spain,1.828918,1,2022q4,2022,753,1,0,0,0,0,0,0,1,0,0,0,0,0,0,1,0
1/1/2023,ESP,184,Spain,3.806514,1,2023q1,2023,756,1,0,0,0,0,0,0,1,0,0,0,0,0,0,1,0
4/1/2023,ESP,184,Spain,2.130339,1,2023q2,2023,759,1,0,0,0,0,0,0,1,0,0,0,0,0,0,1,0
7/1/2023,ESP,184,Spain,2.520343,1,2023q3,2023,762,1,0,0,0,0,0,0,1,0,0,0,0,0,0,1,0
10/1/2023,ESP,184,Spain,2.77392,1,2023q4,2023,765,1,0,0,0,0,0,0,1,0,0,0,0,0,0,1,0
1/1/2024,ESP,184,Spain,3.642418,1,2024q1,2024,768,1,0,0,0,0,0,0,1,0,0,0,0,0,0,1,0
4/1/2024,ESP,184,Spain,3.08774,1,2024q2,2024,771,1,0,0,0,0,0,0,1,0,0,0,0,0,0,1,0
7/1/2024,ESP,184,Spain,3.137316,1,2024q3,2024,774,1,0,0,0,0,0,0,1,0,0,0,0,0,0,1,0
10/1/2024,ESP,184,Spain,2.807111,1,2024q4,2024,777,1,0,0,0,0,0,0,1,0,0,0,0,0,0,1,0
1/1/1987,TUR,186,Turkey,-2.0434037,4,1987q1,1987,324,0,1,1,0,1,0,0,0,0,0,0,0,1,0,0,0
4/1/1987,TUR,186,Turkey,0.67961336,4,1987q2,1987,327,0,1,1,0,1,0,0,0,0,0,0,0,1,0,0,0
7/1/1987,TUR,186,Turkey,-0.22882184,4,1987q3,1987,330,0,1,1,0,1,0,0,0,0,0,0,0,1,0,0,0
10/1/1987,TUR,186,Turkey,-3.0420511,4,1987q4,1987,333,0,1,1,0,1,0,0,0,0,0,0,0,1,0,0,0
1/1/1988,TUR,186,Turkey,-1.3523717,4,1988q1,1988,336,0,1,1,0,1,0,0,0,0,0,0,0,1,0,0,0
4/1/1988,TUR,186,Turkey,0.92215979,4,1988q2,1988,339,0,1,1,0,1,0,0,0,0,0,0,0,1,0,0,0
7/1/1988,TUR,186,Turkey,1.76119,4,1988q3,1988,342,0,1,1,0,1,0,0,0,0,0,0,0,1,0,0,0
10/1/1988,TUR,186,Turkey,5.2191686,4,1988q4,1988,345,0,1,1,0,1,0,0,0,0,0,0,0,1,0,0,0
1/1/1989,TUR,186,Turkey,3.3234251,4,1989q1,1989,348,0,1,1,0,1,0,0,0,0,0,0,0,1,0,0,0
4/1/1989,TUR,186,Turkey,0.21535768,4,1989q2,1989,351,0,1,1,0,1,0,0,0,0,0,0,0,1,0,0,0
7/1/1989,TUR,186,Turkey,-0.25940609,4,1989q3,1989,354,0,1,1,0,1,0,0,0,0,0,0,0,1,0,0,0
10/1/1989,TUR,186,Turkey,0.59720286,4,1989q4,1989,357,0,1,1,0,1,0,0,0,0,0,0,0,1,0,0,0
1/1/1990,TUR,186,Turkey,-2.7296827,4,1990q1,1990,360,0,1,1,0,1,0,0,0,0,0,0,0,1,0,0,0
4/1/1990,TUR,186,Turkey,-1.2792636,4,1990q2,1990,363,0,1,1,0,1,0,0,0,0,0,0,0,1,0,0,0
7/1/1990,TUR,186,Turkey,-2.5991902,4,1990q3,1990,366,0,1,1,0,1,0,0,0,0,0,0,0,1,0,0,0
10/1/1990,TUR,186,Turkey,-1.445796,4,1990q4,1990,369,0,1,1,0,1,0,0,0,0,0,0,0,1,0,0,0
1/1/1991,TUR,186,Turkey,-0.03646761,4,1991q1,1991,372,0,1,1,0,1,0,0,0,0,0,0,0,1,0,0,0
4/1/1991,TUR,186,Turkey,1.3464112,4,1991q2,1991,375,0,1,1,0,1,0,0,0,0,0,0,0,1,0,0,0
7/1/1991,TUR,186,Turkey,-0.20579864,4,1991q3,1991,378,0,1,1,0,1,0,0,0,0,0,0,0,1,0,0,0
10/1/1991,TUR,186,Turkey,-0.77657012,4,1991q4,1991,381,0,1,1,0,1,0,0,0,0,0,0,0,1,0,0,0
1/1/1992,TUR,186,Turkey,0.14260839,4,1992q1,1992,384,0,1,1,0,1,0,0,0,0,0,0,0,1,0,0,0
4/1/1992,TUR,186,Turkey,-1.0763265,4,1992q2,1992,387,0,1,1,0,1,0,0,0,0,0,0,0,1,0,0,0
7/1/1992,TUR,186,Turkey,-1.7058166,4,1992q3,1992,390,0,1,1,0,1,0,0,0,0,0,0,0,1,0,0,0
10/1/1992,TUR,186,Turkey,-0.26606077,4,1992q4,1992,393,0,1,1,0,1,0,0,0,0,0,0,0,1,0,0,0
1/1/1993,TUR,186,Turkey,-2.2682346,4,1993q1,1993,396,0,1,1,0,1,0,0,0,0,0,0,0,1,0,0,0
4/1/1993,TUR,186,Turkey,-5.4200719,4,1993q2,1993,399,0,1,1,0,1,0,0,0,0,0,0,0,1,0,0,0
7/1/1993,TUR,186,Turkey,-4.5727783,4,1993q3,1993,402,0,1,1,0,1,0,0,0,0,0,0,0,1,0,0,0
10/1/1993,TUR,186,Turkey,-3.4854088,4,1993q4,1993,405,0,1,1,0,1,0,0,0,0,0,0,0,1,0,0,0
1/1/1994,TUR,186,Turkey,-4.3348819,4,1994q1,1994,408,0,1,1,0,1,0,0,0,0,0,0,0,1,0,0,0
4/1/1994,TUR,186,Turkey,6.4476348,4,1994q2,1994,411,0,1,1,0,1,0,0,0,0,0,0,0,1,0,0,0
7/1/1994,TUR,186,Turkey,3.5003255,4,1994q3,1994,414,0,1,1,0,1,0,0,0,0,0,0,0,1,0,0,0
10/1/1994,TUR,186,Turkey,1.432057,4,1994q4,1994,417,0,1,1,0,1,0,0,0,0,0,0,0,1,0,0,0
1/1/1995,TUR,186,Turkey,2.005971,4,1995q1,1995,420,0,1,1,0,1,0,0,0,0,0,0,0,1,0,0,0
4/1/1995,TUR,186,Turkey,-0.30183384,4,1995q2,1995,423,0,1,1,0,1,0,0,0,0,0,0,0,1,0,0,0
7/1/1995,TUR,186,Turkey,-1.8548268,4,1995q3,1995,426,0,1,1,0,1,0,0,0,0,0,0,0,1,0,0,0
10/1/1995,TUR,186,Turkey,-5.6046058,4,1995q4,1995,429,0,1,1,0,1,0,0,0,0,0,0,0,1,0,0,0
1/1/1996,TUR,186,Turkey,-0.81247991,4,1996q1,1996,432,0,1,1,0,1,0,0,0,0,0,0,0,1,0,0,0
4/1/1996,TUR,186,Turkey,-3.0391615,4,1996q2,1996,435,0,1,1,0,1,0,0,0,0,0,0,0,1,0,0,0
7/1/1996,TUR,186,Turkey,-1.1352872,4,1996q3,1996,438,0,1,1,0,1,0,0,0,0,0,0,0,1,0,0,0
10/1/1996,TUR,186,Turkey,-1.8985886,4,1996q4,1996,441,0,1,1,0,1,0,0,0,0,0,0,0,1,0,0,0
1/1/1997,TUR,186,Turkey,-3.1689517,4,1997q1,1997,444,0,1,1,0,1,0,0,0,0,0,0,0,1,0,0,0
4/1/1997,TUR,186,Turkey,-1.7102622,4,1997q2,1997,447,0,1,1,0,1,0,0,0,0,0,0,0,1,0,0,0
7/1/1997,TUR,186,Turkey,-0.37281916,4,1997q3,1997,450,0,1,1,0,1,0,0,0,0,0,0,0,1,0,0,0
10/1/1997,TUR,186,Turkey,-2.4670823,4,1997q4,1997,453,0,1,1,0,1,0,0,0,0,0,0,0,1,0,0,0
1/1/1998,TUR,186,Turkey,-0.5899339,1,1998q1,1998,456,0,1,1,0,1,0,0,0,0,0,0,0,1,0,0,0
4/1/1998,TUR,186,Turkey,0.5224785,1,1998q2,1998,459,0,1,1,0,1,0,0,0,0,0,0,0,1,0,0,0
7/1/1998,TUR,186,Turkey,0.1644108,1,1998q3,1998,462,0,1,1,0,1,0,0,0,0,0,0,0,1,0,0,0
10/1/1998,TUR,186,Turkey,3.358641,1,1998q4,1998,465,0,1,1,0,1,0,0,0,0,0,0,0,1,0,0,0
1/1/1999,TUR,186,Turkey,3.279194,1,1999q1,1999,468,0,1,1,0,1,0,0,0,0,0,0,0,1,0,0,0
4/1/1999,TUR,186,Turkey,-1.214458,1,1999q2,1999,471,0,1,1,0,1,0,0,0,0,0,0,0,1,0,0,0
7/1/1999,TUR,186,Turkey,-0.8703775,1,1999q3,1999,474,0,1,1,0,1,0,0,0,0,0,0,0,1,0,0,0
10/1/1999,TUR,186,Turkey,-1.30799,1,1999q4,1999,477,0,1,1,0,1,0,0,0,0,0,0,0,1,0,0,0
1/1/2000,TUR,186,Turkey,-2.752553,1,2000q1,2000,480,0,1,1,0,1,0,0,0,0,0,0,0,1,0,0,0
4/1/2000,TUR,186,Turkey,-4.130358,1,2000q2,2000,483,0,1,1,0,1,0,0,0,0,0,0,0,1,0,0,0
7/1/2000,TUR,186,Turkey,-3.863205,1,2000q3,2000,486,0,1,1,0,1,0,0,0,0,0,0,0,1,0,0,0
10/1/2000,TUR,186,Turkey,-3.420275,1,2000q4,2000,489,0,1,1,0,1,0,0,0,0,0,0,0,1,0,0,0
1/1/2001,TUR,186,Turkey,0.2983859,1,2001q1,2001,492,0,1,1,0,1,0,0,0,0,0,0,0,1,0,0,0
4/1/2001,TUR,186,Turkey,3.675511,1,2001q2,2001,495,0,1,1,0,1,0,0,0,0,0,0,0,1,0,0,0
7/1/2001,TUR,186,Turkey,1.749363,1,2001q3,2001,498,0,1,1,0,1,0,0,0,0,0,0,0,1,0,0,0
10/1/2001,TUR,186,Turkey,2.202521,1,2001q4,2001,501,0,1,1,0,1,0,0,0,0,0,0,0,1,0,0,0
1/1/2002,TUR,186,Turkey,0.3257455,1,2002q1,2002,504,0,1,1,0,1,0,0,0,0,0,0,0,1,0,0,0
4/1/2002,TUR,186,Turkey,-0.3464894,1,2002q2,2002,507,0,1,1,0,1,0,0,0,0,0,0,0,1,0,0,0
7/1/2002,TUR,186,Turkey,-0.4595126,1,2002q3,2002,510,0,1,1,0,1,0,0,0,0,0,0,0,1,0,0,0
10/1/2002,TUR,186,Turkey,-0.9676374,1,2002q4,2002,513,0,1,1,0,1,0,0,0,0,0,0,0,1,0,0,0
1/1/2003,TUR,186,Turkey,-3.466181,1,2003q1,2003,516,0,1,1,0,1,0,0,0,0,0,0,0,1,0,0,0
4/1/2003,TUR,186,Turkey,-2.579584,1,2003q2,2003,519,0,1,1,0,1,0,0,0,0,0,0,0,1,0,0,0
7/1/2003,TUR,186,Turkey,-1.56643,1,2003q3,2003,522,0,1,1,0,1,0,0,0,0,0,0,0,1,0,0,0
10/1/2003,TUR,186,Turkey,-3.511769,1,2003q4,2003,525,0,1,1,0,1,0,0,0,0,0,0,0,1,0,0,0
1/1/2004,TUR,186,Turkey,-4.318646,1,2004q1,2004,528,0,1,1,0,1,0,0,0,0,0,0,0,1,0,0,0
4/1/2004,TUR,186,Turkey,-3.55244,1,2004q2,2004,531,0,1,1,0,1,0,0,0,0,0,0,0,1,0,0,0
7/1/2004,TUR,186,Turkey,-3.239846,1,2004q3,2004,534,0,1,1,0,1,0,0,0,0,0,0,0,1,0,0,0
10/1/2004,TUR,186,Turkey,-3.790481,1,2004q4,2004,537,0,1,1,0,1,0,0,0,0,0,0,0,1,0,0,0
1/1/2005,TUR,186,Turkey,-3.650585,1,2005q1,2005,540,0,1,1,0,1,0,0,0,0,0,0,0,1,0,0,0
4/1/2005,TUR,186,Turkey,-4.383963,1,2005q2,2005,543,0,1,1,0,1,0,0,0,0,0,0,0,1,0,0,0
7/1/2005,TUR,186,Turkey,-4.508875,1,2005q3,2005,546,0,1,1,0,1,0,0,0,0,0,0,0,1,0,0,0
10/1/2005,TUR,186,Turkey,-4.829735,1,2005q4,2005,549,0,1,1,0,1,0,0,0,0,0,0,0,1,0,0,0
1/1/2006,TUR,186,Turkey,-5.454292,1,2006q1,2006,552,0,1,1,0,1,0,0,0,0,0,0,0,1,0,0,0
4/1/2006,TUR,186,Turkey,-6.786087,1,2006q2,2006,555,0,1,1,0,1,0,0,0,0,0,0,0,1,0,0,0
7/1/2006,TUR,186,Turkey,-5.855851,1,2006q3,2006,558,0,1,1,0,1,0,0,0,0,0,0,0,1,0,0,0
10/1/2006,TUR,186,Turkey,-5.087466,1,2006q4,2006,561,0,1,1,0,1,0,0,0,0,0,0,0,1,0,0,0
1/1/2007,TUR,186,Turkey,-5.179799,1,2007q1,2007,564,0,1,1,0,1,0,0,0,0,0,0,0,1,0,0,0
4/1/2007,TUR,186,Turkey,-5.038673,1,2007q2,2007,567,0,1,1,0,1,0,0,0,0,0,0,0,1,0,0,0
7/1/2007,TUR,186,Turkey,-5.851686,1,2007q3,2007,570,0,1,1,0,1,0,0,0,0,0,0,0,1,0,0,0
10/1/2007,TUR,186,Turkey,-5.839298,1,2007q4,2007,573,0,1,1,0,1,0,0,0,0,0,0,0,1,0,0,0
1/1/2008,TUR,186,Turkey,-5.084235,1,2008q1,2008,576,0,1,1,0,1,0,0,0,0,0,0,0,1,0,0,0
4/1/2008,TUR,186,Turkey,-6.294838,1,2008q2,2008,579,0,1,1,0,1,0,0,0,0,0,0,0,1,0,0,0
7/1/2008,TUR,186,Turkey,-5.498636,1,2008q3,2008,582,0,1,1,0,1,0,0,0,0,0,0,0,1,0,0,0
10/1/2008,TUR,186,Turkey,-3.406262,1,2008q4,2008,585,0,1,1,0,1,0,0,0,0,0,0,0,1,0,0,0
1/1/2009,TUR,186,Turkey,0.4776632,1,2009q1,2009,588,0,1,1,0,1,0,0,0,0,0,0,0,1,0,0,0
4/1/2009,TUR,186,Turkey,-2.008806,1,2009q2,2009,591,0,1,1,0,1,0,0,0,0,0,0,0,1,0,0,0
7/1/2009,TUR,186,Turkey,-3.071263,1,2009q3,2009,594,0,1,1,0,1,0,0,0,0,0,0,0,1,0,0,0
10/1/2009,TUR,186,Turkey,-2.392714,1,2009q4,2009,597,0,1,1,0,1,0,0,0,0,0,0,0,1,0,0,0
1/1/2010,TUR,186,Turkey,-3.981263,1,2010q1,2010,600,0,1,1,0,1,0,0,0,0,0,0,0,1,0,0,0
4/1/2010,TUR,186,Turkey,-4.401664,1,2010q2,2010,603,0,1,1,0,1,0,0,0,0,0,0,0,1,0,0,0
7/1/2010,TUR,186,Turkey,-6.570377,1,2010q3,2010,606,0,1,1,0,1,0,0,0,0,0,0,0,1,0,0,0
10/1/2010,TUR,186,Turkey,-7.665078,1,2010q4,2010,609,0,1,1,0,1,0,0,0,0,0,0,0,1,0,0,0
1/1/2011,TUR,186,Turkey,-9.235,1,2011q1,2011,612,0,1,1,0,1,0,0,0,0,0,0,0,1,0,0,0
4/1/2011,TUR,186,Turkey,-9.338149,1,2011q2,2011,615,0,1,1,0,1,0,0,0,0,0,0,0,1,0,0,0
7/1/2011,TUR,186,Turkey,-9.018369,1,2011q3,2011,618,0,1,1,0,1,0,0,0,0,0,0,0,1,0,0,0
10/1/2011,TUR,186,Turkey,-7.582841,1,2011q4,2011,621,0,1,1,0,1,0,0,0,0,0,0,0,1,0,0,0
1/1/2012,TUR,186,Turkey,-6.838719,1,2012q1,2012,624,0,1,1,0,1,0,0,0,0,0,0,0,1,0,0,0
4/1/2012,TUR,186,Turkey,-5.102082,1,2012q2,2012,627,0,1,1,0,1,0,0,0,0,0,0,0,1,0,0,0
7/1/2012,TUR,186,Turkey,-3.96414,1,2012q3,2012,630,0,1,1,0,1,0,0,0,0,0,0,0,1,0,0,0
10/1/2012,TUR,186,Turkey,-3.71226,1,2012q4,2012,633,0,1,1,0,1,0,0,0,0,0,0,0,1,0,0,0
1/1/2013,TUR,186,Turkey,-4.845855,1,2013q1,2013,636,0,1,1,0,1,0,0,0,0,0,0,0,1,0,0,0
4/1/2013,TUR,186,Turkey,-5.451905,1,2013q2,2013,639,0,1,1,0,1,0,0,0,0,0,0,0,1,0,0,0
7/1/2013,TUR,186,Turkey,-5.092165,1,2013q3,2013,642,0,1,1,0,1,0,0,0,0,0,0,0,1,0,0,0
10/1/2013,TUR,186,Turkey,-5.083229,1,2013q4,2013,645,0,1,1,0,1,0,0,0,0,0,0,0,1,0,0,0
1/1/2014,TUR,186,Turkey,-3.095314,1,2014q1,2014,648,0,1,1,0,1,0,0,0,0,0,0,0,1,0,0,0
4/1/2014,TUR,186,Turkey,-3.038724,1,2014q2,2014,651,0,1,1,0,1,0,0,0,0,0,0,0,1,0,0,0
7/1/2014,TUR,186,Turkey,-3.217386,1,2014q3,2014,654,0,1,1,0,1,0,0,0,0,0,0,0,1,0,0,0
10/1/2014,TUR,186,Turkey,-4.406537,1,2014q4,2014,657,0,1,1,0,1,0,0,0,0,0,0,0,1,0,0,0
1/1/2015,TUR,186,Turkey,-2.35993,1,2015q1,2015,660,0,1,1,0,1,0,0,0,0,0,0,0,1,0,0,0
4/1/2015,TUR,186,Turkey,-2.787922,1,2015q2,2015,663,0,1,1,0,1,0,0,0,0,0,0,0,1,0,0,0
7/1/2015,TUR,186,Turkey,-2.022199,1,2015q3,2015,666,0,1,1,0,1,0,0,0,0,0,0,0,1,0,0,0
10/1/2015,TUR,186,Turkey,-2.649471,1,2015q4,2015,669,0,1,1,0,1,0,0,0,0,0,0,0,1,0,0,0
1/1/2016,TUR,186,Turkey,-1.945981,1,2016q1,2016,672,0,1,1,0,1,0,0,0,0,0,0,0,1,0,0,0
4/1/2016,TUR,186,Turkey,-2.86968,1,2016q2,2016,675,0,1,1,0,1,0,0,0,0,0,0,0,1,0,0,0
7/1/2016,TUR,186,Turkey,-2.692933,1,2016q3,2016,678,0,1,1,0,1,0,0,0,0,0,0,0,1,0,0,0
10/1/2016,TUR,186,Turkey,-2.441213,1,2016q4,2016,681,0,1,1,0,1,0,0,0,0,0,0,0,1,0,0,0
1/1/2017,TUR,186,Turkey,-2.203783,1,2017q1,2017,684,0,1,1,0,1,0,0,0,0,0,0,0,1,0,0,0
4/1/2017,TUR,186,Turkey,-3.529268,1,2017q2,2017,687,0,1,1,0,1,0,0,0,0,0,0,0,1,0,0,0
7/1/2017,TUR,186,Turkey,-5.060977,1,2017q3,2017,690,0,1,1,0,1,0,0,0,0,0,0,0,1,0,0,0
10/1/2017,TUR,186,Turkey,-5.758745,1,2017q4,2017,693,0,1,1,0,1,0,0,0,0,0,0,0,1,0,0,0
1/1/2018,TUR,186,Turkey,-5.180743,1,2018q1,2018,696,0,1,1,0,1,0,0,0,0,0,0,0,1,0,0,0
4/1/2018,TUR,186,Turkey,-4.435331,1,2018q2,2018,699,0,1,1,0,1,0,0,0,0,0,0,0,1,0,0,0
7/1/2018,TUR,186,Turkey,0.00508674,1,2018q3,2018,702,0,1,1,0,1,0,0,0,0,0,0,0,1,0,0,0
10/1/2018,TUR,186,Turkey,3.26629,1,2018q4,2018,705,0,1,1,0,1,0,0,0,0,0,0,0,1,0,0,0
1/1/2019,TUR,186,Turkey,2.171178,1,2019q1,2019,708,0,1,1,0,1,0,0,0,0,0,0,0,1,0,0,0
4/1/2019,TUR,186,Turkey,2.785485,1,2019q2,2019,711,0,1,1,0,1,0,0,0,0,0,0,0,1,0,0,0
7/1/2019,TUR,186,Turkey,2.379778,1,2019q3,2019,714,0,1,1,0,1,0,0,0,0,0,0,0,1,0,0,0
10/1/2019,TUR,186,Turkey,0.1589014,1,2019q4,2019,717,0,1,1,0,1,0,0,0,0,0,0,0,1,0,0,0
1/1/2020,TUR,186,Turkey,-0.9585317,1,2020q1,2020,720,0,1,1,0,1,0,0,0,0,0,0,0,1,0,0,0
4/1/2020,TUR,186,Turkey,-5.804564,1,2020q2,2020,723,0,1,1,0,1,0,0,0,0,0,0,0,1,0,0,0
7/1/2020,TUR,186,Turkey,-5.289056,1,2020q3,2020,726,0,1,1,0,1,0,0,0,0,0,0,0,1,0,0,0
10/1/2020,TUR,186,Turkey,-4.258051,1,2020q4,2020,729,0,1,1,0,1,0,0,0,0,0,0,0,1,0,0,0
1/1/2021,TUR,186,Turkey,-1.243956,1,2021q1,2021,732,0,1,1,0,1,0,0,0,0,0,0,0,1,0,0,0
4/1/2021,TUR,186,Turkey,-1.082126,1,2021q2,2021,735,0,1,1,0,1,0,0,0,0,0,0,0,1,0,0,0
7/1/2021,TUR,186,Turkey,0.1611445,1,2021q3,2021,738,0,1,1,0,1,0,0,0,0,0,0,0,1,0,0,0
10/1/2021,TUR,186,Turkey,-1.568682,1,2021q4,2021,741,0,1,1,0,1,0,0,0,0,0,0,0,1,0,0,0
1/1/2022,TUR,186,Turkey,-5.795862,1,2022q1,2022,744,0,1,1,0,1,0,0,0,0,0,0,0,1,0,0,0
4/1/2022,TUR,186,Turkey,-3.38594,1,2022q2,2022,747,0,1,1,0,1,0,0,0,0,0,0,0,1,0,0,0
7/1/2022,TUR,186,Turkey,-6.649781,1,2022q3,2022,750,0,1,1,0,1,0,0,0,0,0,0,0,1,0,0,0
10/1/2022,TUR,186,Turkey,-4.627844,1,2022q4,2022,753,0,1,1,0,1,0,0,0,0,0,0,0,1,0,0,0
1/1/2023,TUR,186,Turkey,-5.720863,1,2023q1,2023,756,0,1,1,0,1,0,0,0,0,0,0,0,1,0,0,0
4/1/2023,TUR,186,Turkey,-2.763407,1,2023q2,2023,759,0,1,1,0,1,0,0,0,0,0,0,0,1,0,0,0
7/1/2023,TUR,186,Turkey,-3.784842,1,2023q3,2023,762,0,1,1,0,1,0,0,0,0,0,0,0,1,0,0,0
10/1/2023,TUR,186,Turkey,-1.53581,1,2023q4,2023,765,0,1,1,0,1,0,0,0,0,0,0,0,1,0,0,0
1/1/2024,TUR,186,Turkey,-0.5091884,1,2024q1,2024,768,0,1,1,0,1,0,0,0,0,0,0,0,1,0,0,0
4/1/2024,TUR,186,Turkey,-0.5633373,1,2024q2,2024,771,0,1,1,0,1,0,0,0,0,0,0,0,1,0,0,0
7/1/2024,TUR,186,Turkey,0.06390931,1,2024q3,2024,774,0,1,1,0,1,0,0,0,0,0,0,0,1,0,0,0
10/1/2024,TUR,186,Turkey,-1.42898,1,2024q4,2024,777,0,1,1,0,1,0,0,0,0,0,0,0,1,0,0,0
1/1/1960,AUS,193,Australia,-1.56025,1,1960q1,1960,0,1,0,0,1,0,0,0,0,0,0,0,0,0,0,0,0
4/1/1960,AUS,193,Australia,-3.403381,1,1960q2,1960,3,1,0,0,1,0,0,0,0,0,0,0,0,0,0,0,0
7/1/1960,AUS,193,Australia,-5.5,1,1960q3,1960,6,1,0,0,1,0,0,0,0,0,0,0,0,0,0,0,0
10/1/1960,AUS,193,Australia,-4.290876,1,1960q4,1960,9,1,0,0,1,0,0,0,0,0,0,0,0,0,0,0,0
1/1/1961,AUS,193,Australia,-3.528613,1,1961q1,1961,12,1,0,0,1,0,0,0,0,0,0,0,0,0,0,0,0
4/1/1961,AUS,193,Australia,0.04627487,1,1961q2,1961,15,1,0,0,1,0,0,0,0,0,0,0,0,0,0,0,0
7/1/1961,AUS,193,Australia,0.646502,1,1961q3,1961,18,1,0,0,1,0,0,0,0,0,0,0,0,0,0,0,0
10/1/1961,AUS,193,Australia,2.289901,1,1961q4,1961,21,1,0,0,1,0,0,0,0,0,0,0,0,0,0,0,0
1/1/1962,AUS,193,Australia,0.6224989,1,1962q1,1962,24,1,0,0,1,0,0,0,0,0,0,0,0,0,0,0,0
4/1/1962,AUS,193,Australia,0.02176752,1,1962q2,1962,27,1,0,0,1,0,0,0,0,0,0,0,0,0,0,0,0
7/1/1962,AUS,193,Australia,-2.816599,1,1962q3,1962,30,1,0,0,1,0,0,0,0,0,0,0,0,0,0,0,0
10/1/1962,AUS,193,Australia,-1.233793,1,1962q4,1962,33,1,0,0,1,0,0,0,0,0,0,0,0,0,0,0,0
1/1/1963,AUS,193,Australia,-1.137056,1,1963q1,1963,36,1,0,0,1,0,0,0,0,0,0,0,0,0,0,0,0
4/1/1963,AUS,193,Australia,-1.124744,1,1963q2,1963,39,1,0,0,1,0,0,0,0,0,0,0,0,0,0,0,0
7/1/1963,AUS,193,Australia,-0.368932,1,1963q3,1963,42,1,0,0,1,0,0,0,0,0,0,0,0,0,0,0,0
10/1/1963,AUS,193,Australia,1.978315,1,1963q4,1963,45,1,0,0,1,0,0,0,0,0,0,0,0,0,0,0,0
1/1/1964,AUS,193,Australia,0.7520211,1,1964q1,1964,48,1,0,0,1,0,0,0,0,0,0,0,0,0,0,0,0
4/1/1964,AUS,193,Australia,-0.8180331,1,1964q2,1964,51,1,0,0,1,0,0,0,0,0,0,0,0,0,0,0,0
7/1/1964,AUS,193,Australia,-2.488364,1,1964q3,1964,54,1,0,0,1,0,0,0,0,0,0,0,0,0,0,0,0
10/1/1964,AUS,193,Australia,-2.168257,1,1964q4,1964,57,1,0,0,1,0,0,0,0,0,0,0,0,0,0,0,0
1/1/1965,AUS,193,Australia,-3.161853,1,1965q1,1965,60,1,0,0,1,0,0,0,0,0,0,0,0,0,0,0,0
4/1/1965,AUS,193,Australia,-3.185247,1,1965q2,1965,63,1,0,0,1,0,0,0,0,0,0,0,0,0,0,0,0
7/1/1965,AUS,193,Australia,-4.376879,1,1965q3,1965,66,1,0,0,1,0,0,0,0,0,0,0,0,0,0,0,0
10/1/1965,AUS,193,Australia,-3.648671,1,1965q4,1965,69,1,0,0,1,0,0,0,0,0,0,0,0,0,0,0,0
1/1/1966,AUS,193,Australia,-2.692055,1,1966q1,1966,72,1,0,0,1,0,0,0,0,0,0,0,0,0,0,0,0
4/1/1966,AUS,193,Australia,-1.648,1,1966q2,1966,75,1,0,0,1,0,0,0,0,0,0,0,0,0,0,0,0
7/1/1966,AUS,193,Australia,-1.8663,1,1966q3,1966,78,1,0,0,1,0,0,0,0,0,0,0,0,0,0,0,0
10/1/1966,AUS,193,Australia,-1.805701,1,1966q4,1966,81,1,0,0,1,0,0,0,0,0,0,0,0,0,0,0,0
1/1/1967,AUS,193,Australia,-2.479101,1,1967q1,1967,84,1,0,0,1,0,0,0,0,0,0,0,0,0,0,0,0
4/1/1967,AUS,193,Australia,-1.860332,1,1967q2,1967,87,1,0,0,1,0,0,0,0,0,0,0,0,0,0,0,0
7/1/1967,AUS,193,Australia,-2.861573,1,1967q3,1967,90,1,0,0,1,0,0,0,0,0,0,0,0,0,0,0,0
10/1/1967,AUS,193,Australia,-2.819627,1,1967q4,1967,93,1,0,0,1,0,0,0,0,0,0,0,0,0,0,0,0
1/1/1968,AUS,193,Australia,-5.119129,1,1968q1,1968,96,1,0,0,1,0,0,0,0,0,0,0,0,0,0,0,0
4/1/1968,AUS,193,Australia,-3.159851,1,1968q2,1968,99,1,0,0,1,0,0,0,0,0,0,0,0,0,0,0,0
7/1/1968,AUS,193,Australia,-3.635895,1,1968q3,1968,102,1,0,0,1,0,0,0,0,0,0,0,0,0,0,0,0
10/1/1968,AUS,193,Australia,-2.313625,1,1968q4,1968,105,1,0,0,1,0,0,0,0,0,0,0,0,0,0,0,0
1/1/1969,AUS,193,Australia,-2.305928,1,1969q1,1969,108,1,0,0,1,0,0,0,0,0,0,0,0,0,0,0,0
4/1/1969,AUS,193,Australia,-2.246928,1,1969q2,1969,111,1,0,0,1,0,0,0,0,0,0,0,0,0,0,0,0
7/1/1969,AUS,193,Australia,-1.354861,1,1969q3,1969,114,1,0,0,1,0,0,0,0,0,0,0,0,0,0,0,0
10/1/1969,AUS,193,Australia,-1.642054,1,1969q4,1969,117,1,0,0,1,0,0,0,0,0,0,0,0,0,0,0,0
1/1/1970,AUS,193,Australia,-1.322865,1,1970q1,1970,120,1,0,0,1,0,0,0,0,0,0,0,0,0,0,0,0
4/1/1970,AUS,193,Australia,-1.791632,1,1970q2,1970,123,1,0,0,1,0,0,0,0,0,0,0,0,0,0,0,0
7/1/1970,AUS,193,Australia,-1.419899,1,1970q3,1970,126,1,0,0,1,0,0,0,0,0,0,0,0,0,0,0,0
10/1/1970,AUS,193,Australia,-1.589069,1,1970q4,1970,129,1,0,0,1,0,0,0,0,0,0,0,0,0,0,0,0
1/1/1971,AUS,193,Australia,-2.036839,1,1971q1,1971,132,1,0,0,1,0,0,0,0,0,0,0,0,0,0,0,0
4/1/1971,AUS,193,Australia,-1.086439,1,1971q2,1971,135,1,0,0,1,0,0,0,0,0,0,0,0,0,0,0,0
7/1/1971,AUS,193,Australia,-0.7796735,1,1971q3,1971,138,1,0,0,1,0,0,0,0,0,0,0,0,0,0,0,0
10/1/1971,AUS,193,Australia,-1.328082,1,1971q4,1971,141,1,0,0,1,0,0,0,0,0,0,0,0,0,0,0,0
1/1/1972,AUS,193,Australia,-0.09893866,1,1972q1,1972,144,1,0,0,1,0,0,0,0,0,0,0,0,0,0,0,0
4/1/1972,AUS,193,Australia,1.204297,1,1972q2,1972,147,1,0,0,1,0,0,0,0,0,0,0,0,0,0,0,0
7/1/1972,AUS,193,Australia,1.70911,1,1972q3,1972,150,1,0,0,1,0,0,0,0,0,0,0,0,0,0,0,0
10/1/1972,AUS,193,Australia,2.274419,1,1972q4,1972,153,1,0,0,1,0,0,0,0,0,0,0,0,0,0,0,0
1/1/1973,AUS,193,Australia,2.040013,1,1973q1,1973,156,1,0,0,1,0,0,0,0,0,0,0,0,0,0,0,0
4/1/1973,AUS,193,Australia,1.677575,1,1973q2,1973,159,1,0,0,1,0,0,0,0,0,0,0,0,0,0,0,0
7/1/1973,AUS,193,Australia,0.4203177,1,1973q3,1973,162,1,0,0,1,0,0,0,0,0,0,0,0,0,0,0,0
10/1/1973,AUS,193,Australia,0.4342017,1,1973q4,1973,165,1,0,0,1,0,0,0,0,0,0,0,0,0,0,0,0
1/1/1974,AUS,193,Australia,-1.806685,1,1974q1,1974,168,1,0,0,1,0,0,0,0,0,0,0,0,0,0,0,0
4/1/1974,AUS,193,Australia,-3.36758,1,1974q2,1974,171,1,0,0,1,0,0,0,0,0,0,0,0,0,0,0,0
7/1/1974,AUS,193,Australia,-3.080045,1,1974q3,1974,174,1,0,0,1,0,0,0,0,0,0,0,0,0,0,0,0
10/1/1974,AUS,193,Australia,-2.391341,1,1974q4,1974,177,1,0,0,1,0,0,0,0,0,0,0,0,0,0,0,0
1/1/1975,AUS,193,Australia,-0.3444636,1,1975q1,1975,180,1,0,0,1,0,0,0,0,0,0,0,0,0,0,0,0
4/1/1975,AUS,193,Australia,0.228359,1,1975q2,1975,183,1,0,0,1,0,0,0,0,0,0,0,0,0,0,0,0
7/1/1975,AUS,193,Australia,-0.9998969,1,1975q3,1975,186,1,0,0,1,0,0,0,0,0,0,0,0,0,0,0,0
10/1/1975,AUS,193,Australia,-1.740584,1,1975q4,1975,189,1,0,0,1,0,0,0,0,0,0,0,0,0,0,0,0
1/1/1976,AUS,193,Australia,-1.70868,1,1976q1,1976,192,1,0,0,1,0,0,0,0,0,0,0,0,0,0,0,0
4/1/1976,AUS,193,Australia,-1.011691,1,1976q2,1976,195,1,0,0,1,0,0,0,0,0,0,0,0,0,0,0,0
7/1/1976,AUS,193,Australia,-1.151373,1,1976q3,1976,198,1,0,0,1,0,0,0,0,0,0,0,0,0,0,0,0
10/1/1976,AUS,193,Australia,-1.76,1,1976q4,1976,201,1,0,0,1,0,0,0,0,0,0,0,0,0,0,0,0
1/1/1977,AUS,193,Australia,-2.949051,1,1977q1,1977,204,1,0,0,1,0,0,0,0,0,0,0,0,0,0,0,0
4/1/1977,AUS,193,Australia,-2.796479,1,1977q2,1977,207,1,0,0,1,0,0,0,0,0,0,0,0,0,0,0,0
7/1/1977,AUS,193,Australia,-3.022561,1,1977q3,1977,210,1,0,0,1,0,0,0,0,0,0,0,0,0,0,0,0
10/1/1977,AUS,193,Australia,-1.084337,1,1977q4,1977,213,1,0,0,1,0,0,0,0,0,0,0,0,0,0,0,0
1/1/1978,AUS,193,Australia,-2.885954,1,1978q1,1978,216,1,0,0,1,0,0,0,0,0,0,0,0,0,0,0,0
4/1/1978,AUS,193,Australia,-2.981257,1,1978q2,1978,219,1,0,0,1,0,0,0,0,0,0,0,0,0,0,0,0
7/1/1978,AUS,193,Australia,-3.609049,1,1978q3,1978,222,1,0,0,1,0,0,0,0,0,0,0,0,0,0,0,0
10/1/1978,AUS,193,Australia,-3.533788,1,1978q4,1978,225,1,0,0,1,0,0,0,0,0,0,0,0,0,0,0,0
1/1/1979,AUS,193,Australia,-1.944836,1,1979q1,1979,228,1,0,0,1,0,0,0,0,0,0,0,0,0,0,0,0
4/1/1979,AUS,193,Australia,-1.921835,1,1979q2,1979,231,1,0,0,1,0,0,0,0,0,0,0,0,0,0,0,0
7/1/1979,AUS,193,Australia,-1.701424,1,1979q3,1979,234,1,0,0,1,0,0,0,0,0,0,0,0,0,0,0,0
10/1/1979,AUS,193,Australia,-0.6694686,1,1979q4,1979,237,1,0,0,1,0,0,0,0,0,0,0,0,0,0,0,0
1/1/1980,AUS,193,Australia,-0.9000584,1,1980q1,1980,240,1,0,0,1,0,0,0,0,0,0,0,0,0,0,0,0
4/1/1980,AUS,193,Australia,-1.711918,1,1980q2,1980,243,1,0,0,1,0,0,0,0,0,0,0,0,0,0,0,0
7/1/1980,AUS,193,Australia,-3.756778,1,1980q3,1980,246,1,0,0,1,0,0,0,0,0,0,0,0,0,0,0,0
10/1/1980,AUS,193,Australia,-3.200635,1,1980q4,1980,249,1,0,0,1,0,0,0,0,0,0,0,0,0,0,0,0
1/1/1981,AUS,193,Australia,-2.855661,1,1981q1,1981,252,1,0,0,1,0,0,0,0,0,0,0,0,0,0,0,0
4/1/1981,AUS,193,Australia,-4.156247,1,1981q2,1981,255,1,0,0,1,0,0,0,0,0,0,0,0,0,0,0,0
7/1/1981,AUS,193,Australia,-4.065465,1,1981q3,1981,258,1,0,0,1,0,0,0,0,0,0,0,0,0,0,0,0
10/1/1981,AUS,193,Australia,-5.332472,1,1981q4,1981,261,1,0,0,1,0,0,0,0,0,0,0,0,0,0,0,0
1/1/1982,AUS,193,Australia,-5.389965,1,1982q1,1982,264,1,0,0,1,0,0,0,0,0,0,0,0,0,0,0,0
4/1/1982,AUS,193,Australia,-4.715709,1,1982q2,1982,267,1,0,0,1,0,0,0,0,0,0,0,0,0,0,0,0
7/1/1982,AUS,193,Australia,-3.361399,1,1982q3,1982,270,1,0,0,1,0,0,0,0,0,0,0,0,0,0,0,0
10/1/1982,AUS,193,Australia,-3.331007,1,1982q4,1982,273,1,0,0,1,0,0,0,0,0,0,0,0,0,0,0,0
1/1/1983,AUS,193,Australia,-3.486665,1,1983q1,1983,276,1,0,0,1,0,0,0,0,0,0,0,0,0,0,0,0
4/1/1983,AUS,193,Australia,-2.929035,1,1983q2,1983,279,1,0,0,1,0,0,0,0,0,0,0,0,0,0,0,0
7/1/1983,AUS,193,Australia,-3.64713,1,1983q3,1983,282,1,0,0,1,0,0,0,0,0,0,0,0,0,0,0,0
10/1/1983,AUS,193,Australia,-2.688418,1,1983q4,1983,285,1,0,0,1,0,0,0,0,0,0,0,0,0,0,0,0
1/1/1984,AUS,193,Australia,-3.956241,1,1984q1,1984,288,1,0,0,1,0,0,0,0,0,0,0,0,0,0,0,0
4/1/1984,AUS,193,Australia,-3.412817,1,1984q2,1984,291,1,0,0,1,0,0,0,0,0,0,0,0,0,0,0,0
7/1/1984,AUS,193,Australia,-4.32843,1,1984q3,1984,294,1,0,0,1,0,0,0,0,0,0,0,0,0,0,0,0
10/1/1984,AUS,193,Australia,-5.106146,1,1984q4,1984,297,1,0,0,1,0,0,0,0,0,0,0,0,0,0,0,0
1/1/1985,AUS,193,Australia,-4.013552,1,1985q1,1985,300,1,0,0,1,0,0,0,0,0,0,0,0,0,0,0,0
4/1/1985,AUS,193,Australia,-4.435621,1,1985q2,1985,303,1,0,0,1,0,0,0,0,0,0,0,0,0,0,0,0
7/1/1985,AUS,193,Australia,-5.521027,1,1985q3,1985,306,1,0,0,1,0,0,0,0,0,0,0,0,0,0,0,0
10/1/1985,AUS,193,Australia,-5.612292,1,1985q4,1985,309,1,0,0,1,0,0,0,0,0,0,0,0,0,0,0,0
1/1/1986,AUS,193,Australia,-5.890929,1,1986q1,1986,312,1,0,0,1,0,0,0,0,0,0,0,0,0,0,0,0
4/1/1986,AUS,193,Australia,-5.509555,1,1986q2,1986,315,1,0,0,1,0,0,0,0,0,0,0,0,0,0,0,0
7/1/1986,AUS,193,Australia,-4.716912,1,1986q3,1986,318,1,0,0,1,0,0,0,0,0,0,0,0,0,0,0,0
10/1/1986,AUS,193,Australia,-4.314732,1,1986q4,1986,321,1,0,0,1,0,0,0,0,0,0,0,0,0,0,0,0
1/1/1987,AUS,193,Australia,-4.010451,1,1987q1,1987,324,1,0,0,1,0,0,0,0,0,0,0,0,0,0,0,0
4/1/1987,AUS,193,Australia,-3.165215,1,1987q2,1987,327,1,0,0,1,0,0,0,0,0,0,0,0,0,0,0,0
7/1/1987,AUS,193,Australia,-3.227181,1,1987q3,1987,330,1,0,0,1,0,0,0,0,0,0,0,0,0,0,0,0
10/1/1987,AUS,193,Australia,-3.243555,1,1987q4,1987,333,1,0,0,1,0,0,0,0,0,0,0,0,0,0,0,0
1/1/1988,AUS,193,Australia,-2.999698,1,1988q1,1988,336,1,0,0,1,0,0,0,0,0,0,0,0,0,0,0,0
4/1/1988,AUS,193,Australia,-3.596384,1,1988q2,1988,339,1,0,0,1,0,0,0,0,0,0,0,0,0,0,0,0
7/1/1988,AUS,193,Australia,-3.912741,1,1988q3,1988,342,1,0,0,1,0,0,0,0,0,0,0,0,0,0,0,0
10/1/1988,AUS,193,Australia,-4.712077,1,1988q4,1988,345,1,0,0,1,0,0,0,0,0,0,0,0,0,0,0,0
1/1/1989,AUS,193,Australia,-5.58857,1,1989q1,1989,348,1,0,0,1,0,0,0,0,0,0,0,0,0,0,0,0
4/1/1989,AUS,193,Australia,-5.892011,1,1989q2,1989,351,1,0,0,1,0,0,0,0,0,0,0,0,0,0,0,0
7/1/1989,AUS,193,Australia,-6.271463,1,1989q3,1989,354,1,0,0,1,0,0,0,0,0,0,0,0,0,0,0,0
10/1/1989,AUS,193,Australia,-6.120214,1,1989q4,1989,357,1,0,0,1,0,0,0,0,0,0,0,0,0,0,0,0
1/1/1990,AUS,193,Australia,-6.177765,1,1990q1,1990,360,1,0,0,1,0,0,0,0,0,0,0,0,0,0,0,0
4/1/1990,AUS,193,Australia,-4.371108,1,1990q2,1990,363,1,0,0,1,0,0,0,0,0,0,0,0,0,0,0,0
7/1/1990,AUS,193,Australia,-4.046868,1,1990q3,1990,366,1,0,0,1,0,0,0,0,0,0,0,0,0,0,0,0
10/1/1990,AUS,193,Australia,-4.861277,1,1990q4,1990,369,1,0,0,1,0,0,0,0,0,0,0,0,0,0,0,0
1/1/1991,AUS,193,Australia,-3.817672,1,1991q1,1991,372,1,0,0,1,0,0,0,0,0,0,0,0,0,0,0,0
4/1/1991,AUS,193,Australia,-3.267664,1,1991q2,1991,375,1,0,0,1,0,0,0,0,0,0,0,0,0,0,0,0
7/1/1991,AUS,193,Australia,-3.108396,1,1991q3,1991,378,1,0,0,1,0,0,0,0,0,0,0,0,0,0,0,0
10/1/1991,AUS,193,Australia,-2.961971,1,1991q4,1991,381,1,0,0,1,0,0,0,0,0,0,0,0,0,0,0,0
1/1/1992,AUS,193,Australia,-2.996497,1,1992q1,1992,384,1,0,0,1,0,0,0,0,0,0,0,0,0,0,0,0
4/1/1992,AUS,193,Australia,-3.212803,1,1992q2,1992,387,1,0,0,1,0,0,0,0,0,0,0,0,0,0,0,0
7/1/1992,AUS,193,Australia,-3.752588,1,1992q3,1992,390,1,0,0,1,0,0,0,0,0,0,0,0,0,0,0,0
10/1/1992,AUS,193,Australia,-3.16806,1,1992q4,1992,393,1,0,0,1,0,0,0,0,0,0,0,0,0,0,0,0
1/1/1993,AUS,193,Australia,-2.86465,1,1993q1,1993,396,1,0,0,1,0,0,0,0,0,0,0,0,0,0,0,0
4/1/1993,AUS,193,Australia,-3.094883,1,1993q2,1993,399,1,0,0,1,0,0,0,0,0,0,0,0,0,0,0,0
7/1/1993,AUS,193,Australia,-3.244007,1,1993q3,1993,402,1,0,0,1,0,0,0,0,0,0,0,0,0,0,0,0
10/1/1993,AUS,193,Australia,-2.940032,1,1993q4,1993,405,1,0,0,1,0,0,0,0,0,0,0,0,0,0,0,0
1/1/1994,AUS,193,Australia,-2.77879,1,1994q1,1994,408,1,0,0,1,0,0,0,0,0,0,0,0,0,0,0,0
4/1/1994,AUS,193,Australia,-4.363286,1,1994q2,1994,411,1,0,0,1,0,0,0,0,0,0,0,0,0,0,0,0
7/1/1994,AUS,193,Australia,-5.508598,1,1994q3,1994,414,1,0,0,1,0,0,0,0,0,0,0,0,0,0,0,0
10/1/1994,AUS,193,Australia,-5.244024,1,1994q4,1994,417,1,0,0,1,0,0,0,0,0,0,0,0,0,0,0,0
1/1/1995,AUS,193,Australia,-5.847127,1,1995q1,1995,420,1,0,0,1,0,0,0,0,0,0,0,0,0,0,0,0
4/1/1995,AUS,193,Australia,-5.019877,1,1995q2,1995,423,1,0,0,1,0,0,0,0,0,0,0,0,0,0,0,0
7/1/1995,AUS,193,Australia,-4.253043,1,1995q3,1995,426,1,0,0,1,0,0,0,0,0,0,0,0,0,0,0,0
10/1/1995,AUS,193,Australia,-4.744969,1,1995q4,1995,429,1,0,0,1,0,0,0,0,0,0,0,0,0,0,0,0
1/1/1996,AUS,193,Australia,-4.014475,1,1996q1,1996,432,1,0,0,1,0,0,0,0,0,0,0,0,0,0,0,0
4/1/1996,AUS,193,Australia,-2.69683,1,1996q2,1996,435,1,0,0,1,0,0,0,0,0,0,0,0,0,0,0,0
7/1/1996,AUS,193,Australia,-3.864173,1,1996q3,1996,438,1,0,0,1,0,0,0,0,0,0,0,0,0,0,0,0
10/1/1996,AUS,193,Australia,-3.429976,1,1996q4,1996,441,1,0,0,1,0,0,0,0,0,0,0,0,0,0,0,0
1/1/1997,AUS,193,Australia,-2.968156,1,1997q1,1997,444,1,0,0,1,0,0,0,0,0,0,0,0,0,0,0,0
4/1/1997,AUS,193,Australia,-1.906937,1,1997q2,1997,447,1,0,0,1,0,0,0,0,0,0,0,0,0,0,0,0
7/1/1997,AUS,193,Australia,-3.129308,1,1997q3,1997,450,1,0,0,1,0,0,0,0,0,0,0,0,0,0,0,0
10/1/1997,AUS,193,Australia,-3.676456,1,1997q4,1997,453,1,0,0,1,0,0,0,0,0,0,0,0,0,0,0,0
1/1/1998,AUS,193,Australia,-4.996163,1,1998q1,1998,456,1,0,0,1,0,0,0,0,0,0,0,0,0,0,0,0
4/1/1998,AUS,193,Australia,-4.183969,1,1998q2,1998,459,1,0,0,1,0,0,0,0,0,0,0,0,0,0,0,0
7/1/1998,AUS,193,Australia,-5.535,1,1998q3,1998,462,1,0,0,1,0,0,0,0,0,0,0,0,0,0,0,0
10/1/1998,AUS,193,Australia,-4.904662,1,1998q4,1998,465,1,0,0,1,0,0,0,0,0,0,0,0,0,0,0,0
1/1/1999,AUS,193,Australia,-5.61097,1,1999q1,1999,468,1,0,0,1,0,0,0,0,0,0,0,0,0,0,0,0
4/1/1999,AUS,193,Australia,-5.922125,1,1999q2,1999,471,1,0,0,1,0,0,0,0,0,0,0,0,0,0,0,0
7/1/1999,AUS,193,Australia,-5.682498,1,1999q3,1999,474,1,0,0,1,0,0,0,0,0,0,0,0,0,0,0,0
10/1/1999,AUS,193,Australia,-4.724804,1,1999q4,1999,477,1,0,0,1,0,0,0,0,0,0,0,0,0,0,0,0
1/1/2000,AUS,193,Australia,-4.925318,1,2000q1,2000,480,1,0,0,1,0,0,0,0,0,0,0,0,0,0,0,0
4/1/2000,AUS,193,Australia,-4.883241,1,2000q2,2000,483,1,0,0,1,0,0,0,0,0,0,0,0,0,0,0,0
7/1/2000,AUS,193,Australia,-3.16322,1,2000q3,2000,486,1,0,0,1,0,0,0,0,0,0,0,0,0,0,0,0
10/1/2000,AUS,193,Australia,-3.262301,1,2000q4,2000,489,1,0,0,1,0,0,0,0,0,0,0,0,0,0,0,0
1/1/2001,AUS,193,Australia,-2.483551,1,2001q1,2001,492,1,0,0,1,0,0,0,0,0,0,0,0,0,0,0,0
4/1/2001,AUS,193,Australia,-2.084464,1,2001q2,2001,495,1,0,0,1,0,0,0,0,0,0,0,0,0,0,0,0
7/1/2001,AUS,193,Australia,-1.621932,1,2001q3,2001,498,1,0,0,1,0,0,0,0,0,0,0,0,0,0,0,0
10/1/2001,AUS,193,Australia,-2.801462,1,2001q4,2001,501,1,0,0,1,0,0,0,0,0,0,0,0,0,0,0,0
1/1/2002,AUS,193,Australia,-2.601898,1,2002q1,2002,504,1,0,0,1,0,0,0,0,0,0,0,0,0,0,0,0
4/1/2002,AUS,193,Australia,-3.554332,1,2002q2,2002,507,1,0,0,1,0,0,0,0,0,0,0,0,0,0,0,0
7/1/2002,AUS,193,Australia,-3.953448,1,2002q3,2002,510,1,0,0,1,0,0,0,0,0,0,0,0,0,0,0,0
10/1/2002,AUS,193,Australia,-5.025901,1,2002q4,2002,513,1,0,0,1,0,0,0,0,0,0,0,0,0,0,0,0
1/1/2003,AUS,193,Australia,-4.917587,1,2003q1,2003,516,1,0,0,1,0,0,0,0,0,0,0,0,0,0,0,0
4/1/2003,AUS,193,Australia,-5.594864,1,2003q2,2003,519,1,0,0,1,0,0,0,0,0,0,0,0,0,0,0,0
7/1/2003,AUS,193,Australia,-5.373788,1,2003q3,2003,522,1,0,0,1,0,0,0,0,0,0,0,0,0,0,0,0
10/1/2003,AUS,193,Australia,-5.399491,1,2003q4,2003,525,1,0,0,1,0,0,0,0,0,0,0,0,0,0,0,0
1/1/2004,AUS,193,Australia,-5.752287,1,2004q1,2004,528,1,0,0,1,0,0,0,0,0,0,0,0,0,0,0,0
4/1/2004,AUS,193,Australia,-5.518628,1,2004q2,2004,531,1,0,0,1,0,0,0,0,0,0,0,0,0,0,0,0
7/1/2004,AUS,193,Australia,-6.611853,1,2004q3,2004,534,1,0,0,1,0,0,0,0,0,0,0,0,0,0,0,0
10/1/2004,AUS,193,Australia,-7.300016,1,2004q4,2004,537,1,0,0,1,0,0,0,0,0,0,0,0,0,0,0,0
1/1/2005,AUS,193,Australia,-6.519297,1,2005q1,2005,540,1,0,0,1,0,0,0,0,0,0,0,0,0,0,0,0
4/1/2005,AUS,193,Australia,-5.693221,1,2005q2,2005,543,1,0,0,1,0,0,0,0,0,0,0,0,0,0,0,0
7/1/2005,AUS,193,Australia,-5.97789,1,2005q3,2005,546,1,0,0,1,0,0,0,0,0,0,0,0,0,0,0,0
10/1/2005,AUS,193,Australia,-5.641781,1,2005q4,2005,549,1,0,0,1,0,0,0,0,0,0,0,0,0,0,0,0
1/1/2006,AUS,193,Australia,-5.54039,1,2006q1,2006,552,1,0,0,1,0,0,0,0,0,0,0,0,0,0,0,0
4/1/2006,AUS,193,Australia,-6.237075,1,2006q2,2006,555,1,0,0,1,0,0,0,0,0,0,0,0,0,0,0,0
7/1/2006,AUS,193,Australia,-5.698946,1,2006q3,2006,558,1,0,0,1,0,0,0,0,0,0,0,0,0,0,0,0
10/1/2006,AUS,193,Australia,-6.016746,1,2006q4,2006,561,1,0,0,1,0,0,0,0,0,0,0,0,0,0,0,0
1/1/2007,AUS,193,Australia,-6.217285,1,2007q1,2007,564,1,0,0,1,0,0,0,0,0,0,0,0,0,0,0,0
4/1/2007,AUS,193,Australia,-6.601784,1,2007q2,2007,567,1,0,0,1,0,0,0,0,0,0,0,0,0,0,0,0
7/1/2007,AUS,193,Australia,-6.812156,1,2007q3,2007,570,1,0,0,1,0,0,0,0,0,0,0,0,0,0,0,0
10/1/2007,AUS,193,Australia,-7.323353,1,2007q4,2007,573,1,0,0,1,0,0,0,0,0,0,0,0,0,0,0,0
1/1/2008,AUS,193,Australia,-6.81004,1,2008q1,2008,576,1,0,0,1,0,0,0,0,0,0,0,0,0,0,0,0
4/1/2008,AUS,193,Australia,-5.816189,1,2008q2,2008,579,1,0,0,1,0,0,0,0,0,0,0,0,0,0,0,0
7/1/2008,AUS,193,Australia,-4.006822,1,2008q3,2008,582,1,0,0,1,0,0,0,0,0,0,0,0,0,0,0,0
10/1/2008,AUS,193,Australia,-2.922323,1,2008q4,2008,585,1,0,0,1,0,0,0,0,0,0,0,0,0,0,0,0
1/1/2009,AUS,193,Australia,-1.378682,1,2009q1,2009,588,1,0,0,1,0,0,0,0,0,0,0,0,0,0,0,0
4/1/2009,AUS,193,Australia,-4.955766,1,2009q2,2009,591,1,0,0,1,0,0,0,0,0,0,0,0,0,0,0,0
7/1/2009,AUS,193,Australia,-5.288385,1,2009q3,2009,594,1,0,0,1,0,0,0,0,0,0,0,0,0,0,0,0
10/1/2009,AUS,193,Australia,-6.426241,1,2009q4,2009,597,1,0,0,1,0,0,0,0,0,0,0,0,0,0,0,0
1/1/2010,AUS,193,Australia,-5.513079,1,2010q1,2010,600,1,0,0,1,0,0,0,0,0,0,0,0,0,0,0,0
4/1/2010,AUS,193,Australia,-2.896023,1,2010q2,2010,603,1,0,0,1,0,0,0,0,0,0,0,0,0,0,0,0
7/1/2010,AUS,193,Australia,-2.992266,1,2010q3,2010,606,1,0,0,1,0,0,0,0,0,0,0,0,0,0,0,0
10/1/2010,AUS,193,Australia,-3.448885,1,2010q4,2010,609,1,0,0,1,0,0,0,0,0,0,0,0,0,0,0,0
1/1/2011,AUS,193,Australia,-3.34656,1,2011q1,2011,612,1,0,0,1,0,0,0,0,0,0,0,0,0,0,0,0
4/1/2011,AUS,193,Australia,-3.0295,1,2011q2,2011,615,1,0,0,1,0,0,0,0,0,0,0,0,0,0,0,0
7/1/2011,AUS,193,Australia,-2.678574,1,2011q3,2011,618,1,0,0,1,0,0,0,0,0,0,0,0,0,0,0,0
10/1/2011,AUS,193,Australia,-2.878027,1,2011q4,2011,621,1,0,0,1,0,0,0,0,0,0,0,0,0,0,0,0
1/1/2012,AUS,193,Australia,-4.666444,1,2012q1,2012,624,1,0,0,1,0,0,0,0,0,0,0,0,0,0,0,0
4/1/2012,AUS,193,Australia,-3.71646,1,2012q2,2012,627,1,0,0,1,0,0,0,0,0,0,0,0,0,0,0,0
7/1/2012,AUS,193,Australia,-4.269623,1,2012q3,2012,630,1,0,0,1,0,0,0,0,0,0,0,0,0,0,0,0
10/1/2012,AUS,193,Australia,-4.780612,1,2012q4,2012,633,1,0,0,1,0,0,0,0,0,0,0,0,0,0,0,0
1/1/2013,AUS,193,Australia,-3.478816,1,2013q1,2013,636,1,0,0,1,0,0,0,0,0,0,0,0,0,0,0,0
4/1/2013,AUS,193,Australia,-3.5796,1,2013q2,2013,639,1,0,0,1,0,0,0,0,0,0,0,0,0,0,0,0
7/1/2013,AUS,193,Australia,-3.724791,1,2013q3,2013,642,1,0,0,1,0,0,0,0,0,0,0,0,0,0,0,0
10/1/2013,AUS,193,Australia,-2.78259,1,2013q4,2013,645,1,0,0,1,0,0,0,0,0,0,0,0,0,0,0,0
1/1/2014,AUS,193,Australia,-2.652899,1,2014q1,2014,648,1,0,0,1,0,0,0,0,0,0,0,0,0,0,0,0
4/1/2014,AUS,193,Australia,-3.184188,1,2014q2,2014,651,1,0,0,1,0,0,0,0,0,0,0,0,0,0,0,0
7/1/2014,AUS,193,Australia,-3.390676,1,2014q3,2014,654,1,0,0,1,0,0,0,0,0,0,0,0,0,0,0,0
10/1/2014,AUS,193,Australia,-3.117937,1,2014q4,2014,657,1,0,0,1,0,0,0,0,0,0,0,0,0,0,0,0
1/1/2015,AUS,193,Australia,-3.31715,1,2015q1,2015,660,1,0,0,1,0,0,0,0,0,0,0,0,0,0,0,0
4/1/2015,AUS,193,Australia,-5.195092,1,2015q2,2015,663,1,0,0,1,0,0,0,0,0,0,0,0,0,0,0,0
7/1/2015,AUS,193,Australia,-4.975709,1,2015q3,2015,666,1,0,0,1,0,0,0,0,0,0,0,0,0,0,0,0
10/1/2015,AUS,193,Australia,-5.360752,1,2015q4,2015,669,1,0,0,1,0,0,0,0,0,0,0,0,0,0,0,0
1/1/2016,AUS,193,Australia,-4.424807,1,2016q1,2016,672,1,0,0,1,0,0,0,0,0,0,0,0,0,0,0,0
4/1/2016,AUS,193,Australia,-4.426237,1,2016q2,2016,675,1,0,0,1,0,0,0,0,0,0,0,0,0,0,0,0
7/1/2016,AUS,193,Australia,-3.568628,1,2016q3,2016,678,1,0,0,1,0,0,0,0,0,0,0,0,0,0,0,0
10/1/2016,AUS,193,Australia,-1.499835,1,2016q4,2016,681,1,0,0,1,0,0,0,0,0,0,0,0,0,0,0,0
1/1/2017,AUS,193,Australia,-2.266042,1,2017q1,2017,684,1,0,0,1,0,0,0,0,0,0,0,0,0,0,0,0
4/1/2017,AUS,193,Australia,-2.724545,1,2017q2,2017,687,1,0,0,1,0,0,0,0,0,0,0,0,0,0,0,0
7/1/2017,AUS,193,Australia,-2.822313,1,2017q3,2017,690,1,0,0,1,0,0,0,0,0,0,0,0,0,0,0,0
10/1/2017,AUS,193,Australia,-3.515443,1,2017q4,2017,693,1,0,0,1,0,0,0,0,0,0,0,0,0,0,0,0
1/1/2018,AUS,193,Australia,-3.054603,1,2018q1,2018,696,1,0,0,1,0,0,0,0,0,0,0,0,0,0,0,0
4/1/2018,AUS,193,Australia,-3.10786,1,2018q2,2018,699,1,0,0,1,0,0,0,0,0,0,0,0,0,0,0,0
7/1/2018,AUS,193,Australia,-2.382249,1,2018q3,2018,702,1,0,0,1,0,0,0,0,0,0,0,0,0,0,0,0
10/1/2018,AUS,193,Australia,-1.761819,1,2018q4,2018,705,1,0,0,1,0,0,0,0,0,0,0,0,0,0,0,0
1/1/2019,AUS,193,Australia,-1.253917,1,2019q1,2019,708,1,0,0,1,0,0,0,0,0,0,0,0,0,0,0,0
4/1/2019,AUS,193,Australia,0.2862954,1,2019q2,2019,711,1,0,0,1,0,0,0,0,0,0,0,0,0,0,0,0
7/1/2019,AUS,193,Australia,0.9547155,1,2019q3,2019,714,1,0,0,1,0,0,0,0,0,0,0,0,0,0,0,0
10/1/2019,AUS,193,Australia,-0.1019909,1,2019q4,2019,717,1,0,0,1,0,0,0,0,0,0,0,0,0,0,0,0
1/1/2020,AUS,193,Australia,0.6609936,1,2020q1,2020,720,1,0,0,1,0,0,0,0,0,0,0,0,0,0,0,0
4/1/2020,AUS,193,Australia,2.658056,1,2020q2,2020,723,1,0,0,1,0,0,0,0,0,0,0,0,0,0,0,0
7/1/2020,AUS,193,Australia,1.536154,1,2020q3,2020,726,1,0,0,1,0,0,0,0,0,0,0,0,0,0,0,0
10/1/2020,AUS,193,Australia,2.134148,1,2020q4,2020,729,1,0,0,1,0,0,0,0,0,0,0,0,0,0,0,0
1/1/2021,AUS,193,Australia,3.027812,1,2021q1,2021,732,1,0,0,1,0,0,0,0,0,0,0,0,0,0,0,0
4/1/2021,AUS,193,Australia,2.993596,1,2021q2,2021,735,1,0,0,1,0,0,0,0,0,0,0,0,0,0,0,0
7/1/2021,AUS,193,Australia,3.531824,1,2021q3,2021,738,1,0,0,1,0,0,0,0,0,0,0,0,0,0,0,0
10/1/2021,AUS,193,Australia,0.1244254,1,2021q4,2021,741,1,0,0,1,0,0,0,0,0,0,0,0,0,0,0,0
1/1/2022,AUS,193,Australia,0.07601423,1,2022q1,2022,744,1,0,0,1,0,0,0,0,0,0,0,0,0,0,0,0
4/1/2022,AUS,193,Australia,1.418069,1,2022q2,2022,747,1,0,0,1,0,0,0,0,0,0,0,0,0,0,0,0
7/1/2022,AUS,193,Australia,-0.587985,1,2022q3,2022,750,1,0,0,1,0,0,0,0,0,0,0,0,0,0,0,0
10/1/2022,AUS,193,Australia,0.5775558,1,2022q4,2022,753,1,0,0,1,0,0,0,0,0,0,0,0,0,0,0,0
1/1/2023,AUS,193,Australia,0.4252723,1,2023q1,2023,756,1,0,0,1,0,0,0,0,0,0,0,0,0,0,0,0
4/1/2023,AUS,193,Australia,-0.3235381,1,2023q2,2023,759,1,0,0,1,0,0,0,0,0,0,0,0,0,0,0,0
7/1/2023,AUS,193,Australia,-1.075205,1,2023q3,2023,762,1,0,0,1,0,0,0,0,0,0,0,0,0,0,0,0
10/1/2023,AUS,193,Australia,-0.2000156,1,2023q4,2023,765,1,0,0,1,0,0,0,0,0,0,0,0,0,0,0,0
1/1/2024,AUS,193,Australia,-1.441423,1,2024q1,2024,768,1,0,0,1,0,0,0,0,0,0,0,0,0,0,0,0
4/1/2024,AUS,193,Australia,-2.407364,1,2024q2,2024,771,1,0,0,1,0,0,0,0,0,0,0,0,0,0,0,0
7/1/2024,AUS,193,Australia,-2.042296,1,2024q3,2024,774,1,0,0,1,0,0,0,0,0,0,0,0,0,0,0,0
10/1/2024,AUS,193,Australia,-1.81671,1,2024q4,2024,777,1,0,0,1,0,0,0,0,0,0,0,0,0,0,0,0
1/1/1980,NZL,196,New Zealand,-7.2368311,4,1980q1,1980,240,1,0,0,1,0,0,0,0,0,0,0,0,0,0,0,0
4/1/1980,NZL,196,New Zealand,-3.2435128,4,1980q2,1980,243,1,0,0,1,0,0,0,0,0,0,0,0,0,0,0,0
7/1/1980,NZL,196,New Zealand,-4.0530706,4,1980q3,1980,246,1,0,0,1,0,0,0,0,0,0,0,0,0,0,0,0
10/1/1980,NZL,196,New Zealand,-3.0301708,4,1980q4,1980,249,1,0,0,1,0,0,0,0,0,0,0,0,0,0,0,0
1/1/1981,NZL,196,New Zealand,-3.3081889,4,1981q1,1981,252,1,0,0,1,0,0,0,0,0,0,0,0,0,0,0,0
4/1/1981,NZL,196,New Zealand,-4.6125797,4,1981q2,1981,255,1,0,0,1,0,0,0,0,0,0,0,0,0,0,0,0
7/1/1981,NZL,196,New Zealand,-4.9317511,4,1981q3,1981,258,1,0,0,1,0,0,0,0,0,0,0,0,0,0,0,0
10/1/1981,NZL,196,New Zealand,-4.7472925,4,1981q4,1981,261,1,0,0,1,0,0,0,0,0,0,0,0,0,0,0,0
1/1/1982,NZL,196,New Zealand,-7.4083293,4,1982q1,1982,264,1,0,0,1,0,0,0,0,0,0,0,0,0,0,0,0
4/1/1982,NZL,196,New Zealand,-10.161669,4,1982q2,1982,267,1,0,0,1,0,0,0,0,0,0,0,0,0,0,0,0
7/1/1982,NZL,196,New Zealand,-6.5045261,4,1982q3,1982,270,1,0,0,1,0,0,0,0,0,0,0,0,0,0,0,0
10/1/1982,NZL,196,New Zealand,-4.4745063,4,1982q4,1982,273,1,0,0,1,0,0,0,0,0,0,0,0,0,0,0,0
1/1/1983,NZL,196,New Zealand,-2.8023276,4,1983q1,1983,276,1,0,0,1,0,0,0,0,0,0,0,0,0,0,0,0
4/1/1983,NZL,196,New Zealand,-3.949335,4,1983q2,1983,279,1,0,0,1,0,0,0,0,0,0,0,0,0,0,0,0
7/1/1983,NZL,196,New Zealand,-4.8633549,4,1983q3,1983,282,1,0,0,1,0,0,0,0,0,0,0,0,0,0,0,0
10/1/1983,NZL,196,New Zealand,-4.8641743,4,1983q4,1983,285,1,0,0,1,0,0,0,0,0,0,0,0,0,0,0,0
1/1/1984,NZL,196,New Zealand,-10.908974,4,1984q1,1984,288,1,0,0,1,0,0,0,0,0,0,0,0,0,0,0,0
4/1/1984,NZL,196,New Zealand,-15.131679,4,1984q2,1984,291,1,0,0,1,0,0,0,0,0,0,0,0,0,0,0,0
7/1/1984,NZL,196,New Zealand,-13.909024,4,1984q3,1984,294,1,0,0,1,0,0,0,0,0,0,0,0,0,0,0,0
10/1/1984,NZL,196,New Zealand,-14.648012,4,1984q4,1984,297,1,0,0,1,0,0,0,0,0,0,0,0,0,0,0,0
1/1/1985,NZL,196,New Zealand,-9.3577619,4,1985q1,1985,300,1,0,0,1,0,0,0,0,0,0,0,0,0,0,0,0
4/1/1985,NZL,196,New Zealand,-12.430442,4,1985q2,1985,303,1,0,0,1,0,0,0,0,0,0,0,0,0,0,0,0
7/1/1985,NZL,196,New Zealand,-12.09026,4,1985q3,1985,306,1,0,0,1,0,0,0,0,0,0,0,0,0,0,0,0
10/1/1985,NZL,196,New Zealand,-10.920204,4,1985q4,1985,309,1,0,0,1,0,0,0,0,0,0,0,0,0,0,0,0
1/1/1986,NZL,196,New Zealand,-16.022226,4,1986q1,1986,312,1,0,0,1,0,0,0,0,0,0,0,0,0,0,0,0
4/1/1986,NZL,196,New Zealand,-9.9943413,4,1986q2,1986,315,1,0,0,1,0,0,0,0,0,0,0,0,0,0,0,0
7/1/1986,NZL,196,New Zealand,-6.5686857,4,1986q3,1986,318,1,0,0,1,0,0,0,0,0,0,0,0,0,0,0,0
10/1/1986,NZL,196,New Zealand,-7.9918231,4,1986q4,1986,321,1,0,0,1,0,0,0,0,0,0,0,0,0,0,0,0
1/1/1987,NZL,196,New Zealand,-9.4908099,4,1987q1,1987,324,1,0,0,1,0,0,0,0,0,0,0,0,0,0,0,0
4/1/1987,NZL,196,New Zealand,-3.596758,1,1987q2,1987,327,1,0,0,1,0,0,0,0,0,0,0,0,0,0,0,0
7/1/1987,NZL,196,New Zealand,-3.392147,1,1987q3,1987,330,1,0,0,1,0,0,0,0,0,0,0,0,0,0,0,0
10/1/1987,NZL,196,New Zealand,-3.708666,1,1987q4,1987,333,1,0,0,1,0,0,0,0,0,0,0,0,0,0,0,0
1/1/1988,NZL,196,New Zealand,-0.7069867,1,1988q1,1988,336,1,0,0,1,0,0,0,0,0,0,0,0,0,0,0,0
4/1/1988,NZL,196,New Zealand,-1.045543,1,1988q2,1988,339,1,0,0,1,0,0,0,0,0,0,0,0,0,0,0,0
7/1/1988,NZL,196,New Zealand,0.04466778,1,1988q3,1988,342,1,0,0,1,0,0,0,0,0,0,0,0,0,0,0,0
10/1/1988,NZL,196,New Zealand,0.639068,1,1988q4,1988,345,1,0,0,1,0,0,0,0,0,0,0,0,0,0,0,0
1/1/1989,NZL,196,New Zealand,0.1049956,1,1989q1,1989,348,1,0,0,1,0,0,0,0,0,0,0,0,0,0,0,0
4/1/1989,NZL,196,New Zealand,-2.865983,1,1989q2,1989,351,1,0,0,1,0,0,0,0,0,0,0,0,0,0,0,0
7/1/1989,NZL,196,New Zealand,-4.356597,1,1989q3,1989,354,1,0,0,1,0,0,0,0,0,0,0,0,0,0,0,0
10/1/1989,NZL,196,New Zealand,-4.572217,1,1989q4,1989,357,1,0,0,1,0,0,0,0,0,0,0,0,0,0,0,0
1/1/1990,NZL,196,New Zealand,-1.521773,1,1990q1,1990,360,1,0,0,1,0,0,0,0,0,0,0,0,0,0,0,0
4/1/1990,NZL,196,New Zealand,-3.695859,1,1990q2,1990,363,1,0,0,1,0,0,0,0,0,0,0,0,0,0,0,0
7/1/1990,NZL,196,New Zealand,-3.736959,1,1990q3,1990,366,1,0,0,1,0,0,0,0,0,0,0,0,0,0,0,0
10/1/1990,NZL,196,New Zealand,-2.231133,1,1990q4,1990,369,1,0,0,1,0,0,0,0,0,0,0,0,0,0,0,0
1/1/1991,NZL,196,New Zealand,-2.172741,1,1991q1,1991,372,1,0,0,1,0,0,0,0,0,0,0,0,0,0,0,0
4/1/1991,NZL,196,New Zealand,-3.178353,1,1991q2,1991,375,1,0,0,1,0,0,0,0,0,0,0,0,0,0,0,0
7/1/1991,NZL,196,New Zealand,-2.104492,1,1991q3,1991,378,1,0,0,1,0,0,0,0,0,0,0,0,0,0,0,0
10/1/1991,NZL,196,New Zealand,-2.006848,1,1991q4,1991,381,1,0,0,1,0,0,0,0,0,0,0,0,0,0,0,0
1/1/1992,NZL,196,New Zealand,-3.926145,1,1992q1,1992,384,1,0,0,1,0,0,0,0,0,0,0,0,0,0,0,0
4/1/1992,NZL,196,New Zealand,-1.635143,1,1992q2,1992,387,1,0,0,1,0,0,0,0,0,0,0,0,0,0,0,0
7/1/1992,NZL,196,New Zealand,-3.984589,1,1992q3,1992,390,1,0,0,1,0,0,0,0,0,0,0,0,0,0,0,0
10/1/1992,NZL,196,New Zealand,-5.062708,1,1992q4,1992,393,1,0,0,1,0,0,0,0,0,0,0,0,0,0,0,0
1/1/1993,NZL,196,New Zealand,-1.848657,1,1993q1,1993,396,1,0,0,1,0,0,0,0,0,0,0,0,0,0,0,0
4/1/1993,NZL,196,New Zealand,-2.779674,1,1993q2,1993,399,1,0,0,1,0,0,0,0,0,0,0,0,0,0,0,0
7/1/1993,NZL,196,New Zealand,-3.70034,1,1993q3,1993,402,1,0,0,1,0,0,0,0,0,0,0,0,0,0,0,0
10/1/1993,NZL,196,New Zealand,-4.93547,1,1993q4,1993,405,1,0,0,1,0,0,0,0,0,0,0,0,0,0,0,0
1/1/1994,NZL,196,New Zealand,-1.444373,1,1994q1,1994,408,1,0,0,1,0,0,0,0,0,0,0,0,0,0,0,0
4/1/1994,NZL,196,New Zealand,-3.685738,1,1994q2,1994,411,1,0,0,1,0,0,0,0,0,0,0,0,0,0,0,0
7/1/1994,NZL,196,New Zealand,-2.629807,1,1994q3,1994,414,1,0,0,1,0,0,0,0,0,0,0,0,0,0,0,0
10/1/1994,NZL,196,New Zealand,-4.550223,1,1994q4,1994,417,1,0,0,1,0,0,0,0,0,0,0,0,0,0,0,0
1/1/1995,NZL,196,New Zealand,-4.096479,1,1995q1,1995,420,1,0,0,1,0,0,0,0,0,0,0,0,0,0,0,0
4/1/1995,NZL,196,New Zealand,-3.406542,1,1995q2,1995,423,1,0,0,1,0,0,0,0,0,0,0,0,0,0,0,0
7/1/1995,NZL,196,New Zealand,-3.519617,1,1995q3,1995,426,1,0,0,1,0,0,0,0,0,0,0,0,0,0,0,0
10/1/1995,NZL,196,New Zealand,-4.612021,1,1995q4,1995,429,1,0,0,1,0,0,0,0,0,0,0,0,0,0,0,0
1/1/1996,NZL,196,New Zealand,-5.217533,1,1996q1,1996,432,1,0,0,1,0,0,0,0,0,0,0,0,0,0,0,0
4/1/1996,NZL,196,New Zealand,-4.78,1,1996q2,1996,435,1,0,0,1,0,0,0,0,0,0,0,0,0,0,0,0
7/1/1996,NZL,196,New Zealand,-3.936388,1,1996q3,1996,438,1,0,0,1,0,0,0,0,0,0,0,0,0,0,0,0
10/1/1996,NZL,196,New Zealand,-5.072236,1,1996q4,1996,441,1,0,0,1,0,0,0,0,0,0,0,0,0,0,0,0
1/1/1997,NZL,196,New Zealand,-6.224971,1,1997q1,1997,444,1,0,0,1,0,0,0,0,0,0,0,0,0,0,0,0
4/1/1997,NZL,196,New Zealand,-7.595471,1,1997q2,1997,447,1,0,0,1,0,0,0,0,0,0,0,0,0,0,0,0
7/1/1997,NZL,196,New Zealand,-3.648117,1,1997q3,1997,450,1,0,0,1,0,0,0,0,0,0,0,0,0,0,0,0
10/1/1997,NZL,196,New Zealand,-3.357323,1,1997q4,1997,453,1,0,0,1,0,0,0,0,0,0,0,0,0,0,0,0
1/1/1998,NZL,196,New Zealand,-1.870372,1,1998q1,1998,456,1,0,0,1,0,0,0,0,0,0,0,0,0,0,0,0
4/1/1998,NZL,196,New Zealand,-4.980536,1,1998q2,1998,459,1,0,0,1,0,0,0,0,0,0,0,0,0,0,0,0
7/1/1998,NZL,196,New Zealand,-2.527514,1,1998q3,1998,462,1,0,0,1,0,0,0,0,0,0,0,0,0,0,0,0
10/1/1998,NZL,196,New Zealand,-1.303978,1,1998q4,1998,465,1,0,0,1,0,0,0,0,0,0,0,0,0,0,0,0
1/1/1999,NZL,196,New Zealand,-3.309989,1,1999q1,1999,468,1,0,0,1,0,0,0,0,0,0,0,0,0,0,0,0
4/1/1999,NZL,196,New Zealand,-3.927667,1,1999q2,1999,471,1,0,0,1,0,0,0,0,0,0,0,0,0,0,0,0
7/1/1999,NZL,196,New Zealand,-4.697438,1,1999q3,1999,474,1,0,0,1,0,0,0,0,0,0,0,0,0,0,0,0
10/1/1999,NZL,196,New Zealand,-7.534828,1,1999q4,1999,477,1,0,0,1,0,0,0,0,0,0,0,0,0,0,0,0
1/1/2000,NZL,196,New Zealand,-4.564187,1,2000q1,2000,480,1,0,0,1,0,0,0,0,0,0,0,0,0,0,0,0
4/1/2000,NZL,196,New Zealand,-3.214077,1,2000q2,2000,483,1,0,0,1,0,0,0,0,0,0,0,0,0,0,0,0
7/1/2000,NZL,196,New Zealand,-3.222867,1,2000q3,2000,486,1,0,0,1,0,0,0,0,0,0,0,0,0,0,0,0
10/1/2000,NZL,196,New Zealand,-2.009406,1,2000q4,2000,489,1,0,0,1,0,0,0,0,0,0,0,0,0,0,0,0
1/1/2001,NZL,196,New Zealand,-1.00108,1,2001q1,2001,492,1,0,0,1,0,0,0,0,0,0,0,0,0,0,0,0
4/1/2001,NZL,196,New Zealand,0.116996,1,2001q2,2001,495,1,0,0,1,0,0,0,0,0,0,0,0,0,0,0,0
7/1/2001,NZL,196,New Zealand,-0.338865,1,2001q3,2001,498,1,0,0,1,0,0,0,0,0,0,0,0,0,0,0,0
10/1/2001,NZL,196,New Zealand,-1.991259,1,2001q4,2001,501,1,0,0,1,0,0,0,0,0,0,0,0,0,0,0,0
1/1/2002,NZL,196,New Zealand,-3.305434,1,2002q1,2002,504,1,0,0,1,0,0,0,0,0,0,0,0,0,0,0,0
4/1/2002,NZL,196,New Zealand,-0.945375,1,2002q2,2002,507,1,0,0,1,0,0,0,0,0,0,0,0,0,0,0,0
7/1/2002,NZL,196,New Zealand,-2.137837,1,2002q3,2002,510,1,0,0,1,0,0,0,0,0,0,0,0,0,0,0,0
10/1/2002,NZL,196,New Zealand,-2.285714,1,2002q4,2002,513,1,0,0,1,0,0,0,0,0,0,0,0,0,0,0,0
1/1/2003,NZL,196,New Zealand,-2.124079,1,2003q1,2003,516,1,0,0,1,0,0,0,0,0,0,0,0,0,0,0,0
4/1/2003,NZL,196,New Zealand,-3.053981,1,2003q2,2003,519,1,0,0,1,0,0,0,0,0,0,0,0,0,0,0,0
7/1/2003,NZL,196,New Zealand,-2.167885,1,2003q3,2003,522,1,0,0,1,0,0,0,0,0,0,0,0,0,0,0,0
10/1/2003,NZL,196,New Zealand,-2.44908,1,2003q4,2003,525,1,0,0,1,0,0,0,0,0,0,0,0,0,0,0,0
1/1/2004,NZL,196,New Zealand,-3.619282,1,2004q1,2004,528,1,0,0,1,0,0,0,0,0,0,0,0,0,0,0,0
4/1/2004,NZL,196,New Zealand,-3.156317,1,2004q2,2004,531,1,0,0,1,0,0,0,0,0,0,0,0,0,0,0,0
7/1/2004,NZL,196,New Zealand,-5.902445,1,2004q3,2004,534,1,0,0,1,0,0,0,0,0,0,0,0,0,0,0,0
10/1/2004,NZL,196,New Zealand,-5.533689,1,2004q4,2004,537,1,0,0,1,0,0,0,0,0,0,0,0,0,0,0,0
1/1/2005,NZL,196,New Zealand,-5.927425,1,2005q1,2005,540,1,0,0,1,0,0,0,0,0,0,0,0,0,0,0,0
4/1/2005,NZL,196,New Zealand,-7.116607,1,2005q2,2005,543,1,0,0,1,0,0,0,0,0,0,0,0,0,0,0,0
7/1/2005,NZL,196,New Zealand,-7.581511,1,2005q3,2005,546,1,0,0,1,0,0,0,0,0,0,0,0,0,0,0,0
10/1/2005,NZL,196,New Zealand,-7.635201,1,2005q4,2005,549,1,0,0,1,0,0,0,0,0,0,0,0,0,0,0,0
1/1/2006,NZL,196,New Zealand,-8.915605,1,2006q1,2006,552,1,0,0,1,0,0,0,0,0,0,0,0,0,0,0,0
4/1/2006,NZL,196,New Zealand,-6.483963,1,2006q2,2006,555,1,0,0,1,0,0,0,0,0,0,0,0,0,0,0,0
7/1/2006,NZL,196,New Zealand,-6.299064,1,2006q3,2006,558,1,0,0,1,0,0,0,0,0,0,0,0,0,0,0,0
10/1/2006,NZL,196,New Zealand,-6.913931,1,2006q4,2006,561,1,0,0,1,0,0,0,0,0,0,0,0,0,0,0,0
1/1/2007,NZL,196,New Zealand,-7.302608,1,2007q1,2007,564,1,0,0,1,0,0,0,0,0,0,0,0,0,0,0,0
4/1/2007,NZL,196,New Zealand,-7.24516,1,2007q2,2007,567,1,0,0,1,0,0,0,0,0,0,0,0,0,0,0,0
7/1/2007,NZL,196,New Zealand,-7.001418,1,2007q3,2007,570,1,0,0,1,0,0,0,0,0,0,0,0,0,0,0,0
10/1/2007,NZL,196,New Zealand,-5.691884,1,2007q4,2007,573,1,0,0,1,0,0,0,0,0,0,0,0,0,0,0,0
1/1/2008,NZL,196,New Zealand,-6.715837,1,2008q1,2008,576,1,0,0,1,0,0,0,0,0,0,0,0,0,0,0,0
4/1/2008,NZL,196,New Zealand,-8.951928,1,2008q2,2008,579,1,0,0,1,0,0,0,0,0,0,0,0,0,0,0,0
7/1/2008,NZL,196,New Zealand,-8.347871,1,2008q3,2008,582,1,0,0,1,0,0,0,0,0,0,0,0,0,0,0,0
10/1/2008,NZL,196,New Zealand,-6.675206,1,2008q4,2008,585,1,0,0,1,0,0,0,0,0,0,0,0,0,0,0,0
1/1/2009,NZL,196,New Zealand,-4.069755,1,2009q1,2009,588,1,0,0,1,0,0,0,0,0,0,0,0,0,0,0,0
4/1/2009,NZL,196,New Zealand,-0.6700414,1,2009q2,2009,591,1,0,0,1,0,0,0,0,0,0,0,0,0,0,0,0
7/1/2009,NZL,196,New Zealand,0.6925208,1,2009q3,2009,594,1,0,0,1,0,0,0,0,0,0,0,0,0,0,0,0
10/1/2009,NZL,196,New Zealand,-4.98975,1,2009q4,2009,597,1,0,0,1,0,0,0,0,0,0,0,0,0,0,0,0
1/1/2010,NZL,196,New Zealand,-0.9611341,1,2010q1,2010,600,1,0,0,1,0,0,0,0,0,0,0,0,0,0,0,0
4/1/2010,NZL,196,New Zealand,-1.780811,1,2010q2,2010,603,1,0,0,1,0,0,0,0,0,0,0,0,0,0,0,0
7/1/2010,NZL,196,New Zealand,-1.947834,1,2010q3,2010,606,1,0,0,1,0,0,0,0,0,0,0,0,0,0,0,0
10/1/2010,NZL,196,New Zealand,-4.209253,1,2010q4,2010,609,1,0,0,1,0,0,0,0,0,0,0,0,0,0,0,0
1/1/2011,NZL,196,New Zealand,-3.162415,1,2011q1,2011,612,1,0,0,1,0,0,0,0,0,0,0,0,0,0,0,0
4/1/2011,NZL,196,New Zealand,-2.391552,1,2011q2,2011,615,1,0,0,1,0,0,0,0,0,0,0,0,0,0,0,0
7/1/2011,NZL,196,New Zealand,-3.216073,1,2011q3,2011,618,1,0,0,1,0,0,0,0,0,0,0,0,0,0,0,0
10/1/2011,NZL,196,New Zealand,-2.439252,1,2011q4,2011,621,1,0,0,1,0,0,0,0,0,0,0,0,0,0,0,0
1/1/2012,NZL,196,New Zealand,-4.636342,1,2012q1,2012,624,1,0,0,1,0,0,0,0,0,0,0,0,0,0,0,0
4/1/2012,NZL,196,New Zealand,-4.101774,1,2012q2,2012,627,1,0,0,1,0,0,0,0,0,0,0,0,0,0,0,0
7/1/2012,NZL,196,New Zealand,-3.289766,1,2012q3,2012,630,1,0,0,1,0,0,0,0,0,0,0,0,0,0,0,0
10/1/2012,NZL,196,New Zealand,-3.642641,1,2012q4,2012,633,1,0,0,1,0,0,0,0,0,0,0,0,0,0,0,0
1/1/2013,NZL,196,New Zealand,-3.551388,1,2013q1,2013,636,1,0,0,1,0,0,0,0,0,0,0,0,0,0,0,0
4/1/2013,NZL,196,New Zealand,-3.868572,1,2013q2,2013,639,1,0,0,1,0,0,0,0,0,0,0,0,0,0,0,0
7/1/2013,NZL,196,New Zealand,-3.600709,1,2013q3,2013,642,1,0,0,1,0,0,0,0,0,0,0,0,0,0,0,0
10/1/2013,NZL,196,New Zealand,-1.431184,1,2013q4,2013,645,1,0,0,1,0,0,0,0,0,0,0,0,0,0,0,0
1/1/2014,NZL,196,New Zealand,-1.282779,1,2014q1,2014,648,1,0,0,1,0,0,0,0,0,0,0,0,0,0,0,0
4/1/2014,NZL,196,New Zealand,-3.62785,1,2014q2,2014,651,1,0,0,1,0,0,0,0,0,0,0,0,0,0,0,0
7/1/2014,NZL,196,New Zealand,-3.799377,1,2014q3,2014,654,1,0,0,1,0,0,0,0,0,0,0,0,0,0,0,0
10/1/2014,NZL,196,New Zealand,-3.720563,1,2014q4,2014,657,1,0,0,1,0,0,0,0,0,0,0,0,0,0,0,0
1/1/2015,NZL,196,New Zealand,-2.674013,1,2015q1,2015,660,1,0,0,1,0,0,0,0,0,0,0,0,0,0,0,0
4/1/2015,NZL,196,New Zealand,-3.390826,1,2015q2,2015,663,1,0,0,1,0,0,0,0,0,0,0,0,0,0,0,0
7/1/2015,NZL,196,New Zealand,-2.082842,1,2015q3,2015,666,1,0,0,1,0,0,0,0,0,0,0,0,0,0,0,0
10/1/2015,NZL,196,New Zealand,-2.681121,1,2015q4,2015,669,1,0,0,1,0,0,0,0,0,0,0,0,0,0,0,0
1/1/2016,NZL,196,New Zealand,-1.48333,1,2016q1,2016,672,1,0,0,1,0,0,0,0,0,0,0,0,0,0,0,0
4/1/2016,NZL,196,New Zealand,-2.033366,1,2016q2,2016,675,1,0,0,1,0,0,0,0,0,0,0,0,0,0,0,0
7/1/2016,NZL,196,New Zealand,-2.637533,1,2016q3,2016,678,1,0,0,1,0,0,0,0,0,0,0,0,0,0,0,0
10/1/2016,NZL,196,New Zealand,-2.084985,1,2016q4,2016,681,1,0,0,1,0,0,0,0,0,0,0,0,0,0,0,0
1/1/2017,NZL,196,New Zealand,-3.491375,1,2017q1,2017,684,1,0,0,1,0,0,0,0,0,0,0,0,0,0,0,0
4/1/2017,NZL,196,New Zealand,-2.290813,1,2017q2,2017,687,1,0,0,1,0,0,0,0,0,0,0,0,0,0,0,0
7/1/2017,NZL,196,New Zealand,-2.472935,1,2017q3,2017,690,1,0,0,1,0,0,0,0,0,0,0,0,0,0,0,0
10/1/2017,NZL,196,New Zealand,-3.103084,1,2017q4,2017,693,1,0,0,1,0,0,0,0,0,0,0,0,0,0,0,0
1/1/2018,NZL,196,New Zealand,-4.463422,1,2018q1,2018,696,1,0,0,1,0,0,0,0,0,0,0,0,0,0,0,0
4/1/2018,NZL,196,New Zealand,-4.535319,1,2018q2,2018,699,1,0,0,1,0,0,0,0,0,0,0,0,0,0,0,0
7/1/2018,NZL,196,New Zealand,-3.929268,1,2018q3,2018,702,1,0,0,1,0,0,0,0,0,0,0,0,0,0,0,0
10/1/2018,NZL,196,New Zealand,-3.847705,1,2018q4,2018,705,1,0,0,1,0,0,0,0,0,0,0,0,0,0,0,0
1/1/2019,NZL,196,New Zealand,-3.11862,1,2019q1,2019,708,1,0,0,1,0,0,0,0,0,0,0,0,0,0,0,0
4/1/2019,NZL,196,New Zealand,-3.399202,1,2019q2,2019,711,1,0,0,1,0,0,0,0,0,0,0,0,0,0,0,0
7/1/2019,NZL,196,New Zealand,-2.831808,1,2019q3,2019,714,1,0,0,1,0,0,0,0,0,0,0,0,0,0,0,0
10/1/2019,NZL,196,New Zealand,-2.003353,1,2019q4,2019,717,1,0,0,1,0,0,0,0,0,0,0,0,0,0,0,0
1/1/2020,NZL,196,New Zealand,-1.212839,1,2020q1,2020,720,1,0,0,1,0,0,0,0,0,0,0,0,0,0,0,0
4/1/2020,NZL,196,New Zealand,-0.3300016,1,2020q2,2020,723,1,0,0,1,0,0,0,0,0,0,0,0,0,0,0,0
7/1/2020,NZL,196,New Zealand,-1.215733,1,2020q3,2020,726,1,0,0,1,0,0,0,0,0,0,0,0,0,0,0,0
10/1/2020,NZL,196,New Zealand,-2.486718,1,2020q4,2020,729,1,0,0,1,0,0,0,0,0,0,0,0,0,0,0,0
1/1/2021,NZL,196,New Zealand,-6.131842,1,2021q1,2021,732,1,0,0,1,0,0,0,0,0,0,0,0,0,0,0,0
4/1/2021,NZL,196,New Zealand,-3.753815,1,2021q2,2021,735,1,0,0,1,0,0,0,0,0,0,0,0,0,0,0,0
7/1/2021,NZL,196,New Zealand,-6.067849,1,2021q3,2021,738,1,0,0,1,0,0,0,0,0,0,0,0,0,0,0,0
10/1/2021,NZL,196,New Zealand,-7.4277,1,2021q4,2021,741,1,0,0,1,0,0,0,0,0,0,0,0,0,0,0,0
1/1/2022,NZL,196,New Zealand,-9.478842,1,2022q1,2022,744,1,0,0,1,0,0,0,0,0,0,0,0,0,0,0,0
4/1/2022,NZL,196,New Zealand,-9.517255,1,2022q2,2022,747,1,0,0,1,0,0,0,0,0,0,0,0,0,0,0,0
7/1/2022,NZL,196,New Zealand,-7.52422,1,2022q3,2022,750,1,0,0,1,0,0,0,0,0,0,0,0,0,0,0,0
10/1/2022,NZL,196,New Zealand,-9.433318,1,2022q4,2022,753,1,0,0,1,0,0,0,0,0,0,0,0,0,0,0,0
1/1/2023,NZL,196,New Zealand,-7.820438,1,2023q1,2023,756,1,0,0,1,0,0,0,0,0,0,0,0,0,0,0,0
4/1/2023,NZL,196,New Zealand,-6.876805,1,2023q2,2023,759,1,0,0,1,0,0,0,0,0,0,0,0,0,0,0,0
7/1/2023,NZL,196,New Zealand,-6.516233,1,2023q3,2023,762,1,0,0,1,0,0,0,0,0,0,0,0,0,0,0,0
10/1/2023,NZL,196,New Zealand,-6.519017,1,2023q4,2023,765,1,0,0,1,0,0,0,0,0,0,0,0,0,0,0,0
1/1/2024,NZL,196,New Zealand,-6.582229,1,2024q1,2024,768,1,0,0,1,0,0,0,0,0,0,0,0,0,0,0,0
4/1/2024,NZL,196,New Zealand,-6.685487,1,2024q2,2024,771,1,0,0,1,0,0,0,0,0,0,0,0,0,0,0,0
7/1/2024,NZL,196,New Zealand,-6.002632,1,2024q3,2024,774,1,0,0,1,0,0,0,0,0,0,0,0,0,0,0,0
10/1/2024,NZL,196,New Zealand,-5.45787,1,2024q4,2024,777,1,0,0,1,0,0,0,0,0,0,0,0,0,0,0,0
1/1/1960,ZAF,199,South Africa,1.207582,1,1960q1,1960,0,0,1,1,0,0,0,0,0,0,1,0,0,1,0,0,0
4/1/1960,ZAF,199,South Africa,0.4604694,1,1960q2,1960,3,0,1,1,0,0,0,0,0,0,1,0,0,1,0,0,0
7/1/1960,ZAF,199,South Africa,0.03382391,1,1960q3,1960,6,0,1,1,0,0,0,0,0,0,1,0,0,1,0,0,0
10/1/1960,ZAF,199,South Africa,0.5806684,1,1960q4,1960,9,0,1,1,0,0,0,0,0,0,1,0,0,1,0,0,0
1/1/1961,ZAF,199,South Africa,0.9603358,1,1961q1,1961,12,0,1,1,0,0,0,0,0,0,1,0,0,1,0,0,0
4/1/1961,ZAF,199,South Africa,0.5277644,1,1961q2,1961,15,0,1,1,0,0,0,0,0,0,1,0,0,1,0,0,0
7/1/1961,ZAF,199,South Africa,3.981979,1,1961q3,1961,18,0,1,1,0,0,0,0,0,0,1,0,0,1,0,0,0
10/1/1961,ZAF,199,South Africa,6.583899,1,1961q4,1961,21,0,1,1,0,0,0,0,0,0,1,0,0,1,0,0,0
1/1/1962,ZAF,199,South Africa,4.809273,1,1962q1,1962,24,0,1,1,0,0,0,0,0,0,1,0,0,1,0,0,0
4/1/1962,ZAF,199,South Africa,7.429085,1,1962q2,1962,27,0,1,1,0,0,0,0,0,0,1,0,0,1,0,0,0
7/1/1962,ZAF,199,South Africa,3.973063,1,1962q3,1962,30,0,1,1,0,0,0,0,0,0,1,0,0,1,0,0,0
10/1/1962,ZAF,199,South Africa,2.051868,1,1962q4,1962,33,0,1,1,0,0,0,0,0,0,1,0,0,1,0,0,0
1/1/1963,ZAF,199,South Africa,0.829382,1,1963q1,1963,36,0,1,1,0,0,0,0,0,0,1,0,0,1,0,0,0
4/1/1963,ZAF,199,South Africa,2.819547,1,1963q2,1963,39,0,1,1,0,0,0,0,0,0,1,0,0,1,0,0,0
7/1/1963,ZAF,199,South Africa,1.870496,1,1963q3,1963,42,0,1,1,0,0,0,0,0,0,1,0,0,1,0,0,0
10/1/1963,ZAF,199,South Africa,1.853561,1,1963q4,1963,45,0,1,1,0,0,0,0,0,0,1,0,0,1,0,0,0
1/1/1964,ZAF,199,South Africa,-0.1490044,1,1964q1,1964,48,0,1,1,0,0,0,0,0,0,1,0,0,1,0,0,0
4/1/1964,ZAF,199,South Africa,-0.7660862,1,1964q2,1964,51,0,1,1,0,0,0,0,0,0,1,0,0,1,0,0,0
7/1/1964,ZAF,199,South Africa,-2.163022,1,1964q3,1964,54,0,1,1,0,0,0,0,0,0,1,0,0,1,0,0,0
10/1/1964,ZAF,199,South Africa,-2.413985,1,1964q4,1964,57,0,1,1,0,0,0,0,0,0,1,0,0,1,0,0,0
1/1/1965,ZAF,199,South Africa,-4.726877,1,1965q1,1965,60,0,1,1,0,0,0,0,0,0,1,0,0,1,0,0,0
4/1/1965,ZAF,199,South Africa,-6.614539,1,1965q2,1965,63,0,1,1,0,0,0,0,0,0,1,0,0,1,0,0,0
7/1/1965,ZAF,199,South Africa,-5.327628,1,1965q3,1965,66,0,1,1,0,0,0,0,0,0,1,0,0,1,0,0,0
10/1/1965,ZAF,199,South Africa,0.3570752,1,1965q4,1965,69,0,1,1,0,0,0,0,0,0,1,0,0,1,0,0,0
1/1/1966,ZAF,199,South Africa,-0.8413157,1,1966q1,1966,72,0,1,1,0,0,0,0,0,0,1,0,0,1,0,0,0
4/1/1966,ZAF,199,South Africa,0.203321,1,1966q2,1966,75,0,1,1,0,0,0,0,0,0,1,0,0,1,0,0,0
7/1/1966,ZAF,199,South Africa,-0.1811557,1,1966q3,1966,78,0,1,1,0,0,0,0,0,0,1,0,0,1,0,0,0
10/1/1966,ZAF,199,South Africa,-3.232041,1,1966q4,1966,81,0,1,1,0,0,0,0,0,0,1,0,0,1,0,0,0
1/1/1967,ZAF,199,South Africa,-4.215019,1,1967q1,1967,84,0,1,1,0,0,0,0,0,0,1,0,0,1,0,0,0
4/1/1967,ZAF,199,South Africa,-5.284713,1,1967q2,1967,87,0,1,1,0,0,0,0,0,0,1,0,0,1,0,0,0
7/1/1967,ZAF,199,South Africa,-1.056778,1,1967q3,1967,90,0,1,1,0,0,0,0,0,0,1,0,0,1,0,0,0
10/1/1967,ZAF,199,South Africa,0.5709701,1,1967q4,1967,93,0,1,1,0,0,0,0,0,0,1,0,0,1,0,0,0
1/1/1968,ZAF,199,South Africa,1.077759,1,1968q1,1968,96,0,1,1,0,0,0,0,0,0,1,0,0,1,0,0,0
4/1/1968,ZAF,199,South Africa,0.1523596,1,1968q2,1968,99,0,1,1,0,0,0,0,0,0,1,0,0,1,0,0,0
7/1/1968,ZAF,199,South Africa,0.360123,1,1968q3,1968,102,0,1,1,0,0,0,0,0,0,1,0,0,1,0,0,0
10/1/1968,ZAF,199,South Africa,-1.554413,1,1968q4,1968,105,0,1,1,0,0,0,0,0,0,1,0,0,1,0,0,0
1/1/1969,ZAF,199,South Africa,0.9314204,1,1969q1,1969,108,0,1,1,0,0,0,0,0,0,1,0,0,1,0,0,0
4/1/1969,ZAF,199,South Africa,-2.835308,1,1969q2,1969,111,0,1,1,0,0,0,0,0,0,1,0,0,1,0,0,0
7/1/1969,ZAF,199,South Africa,-3.895442,1,1969q3,1969,114,0,1,1,0,0,0,0,0,0,1,0,0,1,0,0,0
10/1/1969,ZAF,199,South Africa,-3.920607,1,1969q4,1969,117,0,1,1,0,0,0,0,0,0,1,0,0,1,0,0,0
1/1/1970,ZAF,199,South Africa,-4.798631,1,1970q1,1970,120,0,1,1,0,0,0,0,0,0,1,0,0,1,0,0,0
4/1/1970,ZAF,199,South Africa,-5.206297,1,1970q2,1970,123,0,1,1,0,0,0,0,0,0,1,0,0,1,0,0,0
7/1/1970,ZAF,199,South Africa,-7.255546,1,1970q3,1970,126,0,1,1,0,0,0,0,0,0,1,0,0,1,0,0,0
10/1/1970,ZAF,199,South Africa,-7.540411,1,1970q4,1970,129,0,1,1,0,0,0,0,0,0,1,0,0,1,0,0,0
1/1/1971,ZAF,199,South Africa,-10.59947,1,1971q1,1971,132,0,1,1,0,0,0,0,0,0,1,0,0,1,0,0,0
4/1/1971,ZAF,199,South Africa,-5.686144,1,1971q2,1971,135,0,1,1,0,0,0,0,0,0,1,0,0,1,0,0,0
7/1/1971,ZAF,199,South Africa,-6.098203,1,1971q3,1971,138,0,1,1,0,0,0,0,0,0,1,0,0,1,0,0,0
10/1/1971,ZAF,199,South Africa,-3.977098,1,1971q4,1971,141,0,1,1,0,0,0,0,0,0,1,0,0,1,0,0,0
1/1/1972,ZAF,199,South Africa,-2.912369,1,1972q1,1972,144,0,1,1,0,0,0,0,0,0,1,0,0,1,0,0,0
4/1/1972,ZAF,199,South Africa,0.03630678,1,1972q2,1972,147,0,1,1,0,0,0,0,0,0,1,0,0,1,0,0,0
7/1/1972,ZAF,199,South Africa,1.037862,1,1972q3,1972,150,0,1,1,0,0,0,0,0,0,1,0,0,1,0,0,0
10/1/1972,ZAF,199,South Africa,-1.052283,1,1972q4,1972,153,0,1,1,0,0,0,0,0,0,1,0,0,1,0,0,0
1/1/1973,ZAF,199,South Africa,0.7251523,1,1973q1,1973,156,0,1,1,0,0,0,0,0,0,1,0,0,1,0,0,0
4/1/1973,ZAF,199,South Africa,-0.1491234,1,1973q2,1973,159,0,1,1,0,0,0,0,0,0,1,0,0,1,0,0,0
7/1/1973,ZAF,199,South Africa,0.6312892,1,1973q3,1973,162,0,1,1,0,0,0,0,0,0,1,0,0,1,0,0,0
10/1/1973,ZAF,199,South Africa,-3.811337,1,1973q4,1973,165,0,1,1,0,0,0,0,0,0,1,0,0,1,0,0,0
1/1/1974,ZAF,199,South Africa,-1.730307,1,1974q1,1974,168,0,1,1,0,0,0,0,0,0,1,0,0,1,0,0,0
4/1/1974,ZAF,199,South Africa,-1.727697,1,1974q2,1974,171,0,1,1,0,0,0,0,0,0,1,0,0,1,0,0,0
7/1/1974,ZAF,199,South Africa,-5.170759,1,1974q3,1974,174,0,1,1,0,0,0,0,0,0,1,0,0,1,0,0,0
10/1/1974,ZAF,199,South Africa,-4.936915,1,1974q4,1974,177,0,1,1,0,0,0,0,0,0,1,0,0,1,0,0,0
1/1/1975,ZAF,199,South Africa,-5.609664,1,1975q1,1975,180,0,1,1,0,0,0,0,0,0,1,0,0,1,0,0,0
4/1/1975,ZAF,199,South Africa,-6.654726,1,1975q2,1975,183,0,1,1,0,0,0,0,0,0,1,0,0,1,0,0,0
7/1/1975,ZAF,199,South Africa,-4.10386,1,1975q3,1975,186,0,1,1,0,0,0,0,0,0,1,0,0,1,0,0,0
10/1/1975,ZAF,199,South Africa,-6.307247,1,1975q4,1975,189,0,1,1,0,0,0,0,0,0,1,0,0,1,0,0,0
1/1/1976,ZAF,199,South Africa,-7.705943,1,1976q1,1976,192,0,1,1,0,0,0,0,0,0,1,0,0,1,0,0,0
4/1/1976,ZAF,199,South Africa,-5.499013,1,1976q2,1976,195,0,1,1,0,0,0,0,0,0,1,0,0,1,0,0,0
7/1/1976,ZAF,199,South Africa,-1.562825,1,1976q3,1976,198,0,1,1,0,0,0,0,0,0,1,0,0,1,0,0,0
10/1/1976,ZAF,199,South Africa,-4.159258,1,1976q4,1976,201,0,1,1,0,0,0,0,0,0,1,0,0,1,0,0,0
1/1/1977,ZAF,199,South Africa,-1.978293,1,1977q1,1977,204,0,1,1,0,0,0,0,0,0,1,0,0,1,0,0,0
4/1/1977,ZAF,199,South Africa,2.309865,1,1977q2,1977,207,0,1,1,0,0,0,0,0,0,1,0,0,1,0,0,0
7/1/1977,ZAF,199,South Africa,0.7156639,1,1977q3,1977,210,0,1,1,0,0,0,0,0,0,1,0,0,1,0,0,0
10/1/1977,ZAF,199,South Africa,1.020701,1,1977q4,1977,213,0,1,1,0,0,0,0,0,0,1,0,0,1,0,0,0
1/1/1978,ZAF,199,South Africa,2.534614,1,1978q1,1978,216,0,1,1,0,0,0,0,0,0,1,0,0,1,0,0,0
4/1/1978,ZAF,199,South Africa,0.6939588,1,1978q2,1978,219,0,1,1,0,0,0,0,0,0,1,0,0,1,0,0,0
7/1/1978,ZAF,199,South Africa,3.671877,1,1978q3,1978,222,0,1,1,0,0,0,0,0,0,1,0,0,1,0,0,0
10/1/1978,ZAF,199,South Africa,1.534359,1,1978q4,1978,225,0,1,1,0,0,0,0,0,0,1,0,0,1,0,0,0
1/1/1979,ZAF,199,South Africa,6.188189,1,1979q1,1979,228,0,1,1,0,0,0,0,0,0,1,0,0,1,0,0,0
4/1/1979,ZAF,199,South Africa,3.279922,1,1979q2,1979,231,0,1,1,0,0,0,0,0,0,1,0,0,1,0,0,0
7/1/1979,ZAF,199,South Africa,3.629243,1,1979q3,1979,234,0,1,1,0,0,0,0,0,0,1,0,0,1,0,0,0
10/1/1979,ZAF,199,South Africa,5.359804,1,1979q4,1979,237,0,1,1,0,0,0,0,0,0,1,0,0,1,0,0,0
1/1/1980,ZAF,199,South Africa,11.21415,1,1980q1,1980,240,0,1,1,0,0,0,0,0,0,1,0,0,1,0,0,0
4/1/1980,ZAF,199,South Africa,2.295423,1,1980q2,1980,243,0,1,1,0,0,0,0,0,0,1,0,0,1,0,0,0
7/1/1980,ZAF,199,South Africa,2.267545,1,1980q3,1980,246,0,1,1,0,0,0,0,0,0,1,0,0,1,0,0,0
10/1/1980,ZAF,199,South Africa,-0.7588192,1,1980q4,1980,249,0,1,1,0,0,0,0,0,0,1,0,0,1,0,0,0
1/1/1981,ZAF,199,South Africa,-2.405933,1,1981q1,1981,252,0,1,1,0,0,0,0,0,0,1,0,0,1,0,0,0
4/1/1981,ZAF,199,South Africa,-5.720217,1,1981q2,1981,255,0,1,1,0,0,0,0,0,0,1,0,0,1,0,0,0
7/1/1981,ZAF,199,South Africa,-7.321662,1,1981q3,1981,258,0,1,1,0,0,0,0,0,0,1,0,0,1,0,0,0
10/1/1981,ZAF,199,South Africa,-5.680992,1,1981q4,1981,261,0,1,1,0,0,0,0,0,0,1,0,0,1,0,0,0
1/1/1982,ZAF,199,South Africa,-8.131598,1,1982q1,1982,264,0,1,1,0,0,0,0,0,0,1,0,0,1,0,0,0
4/1/1982,ZAF,199,South Africa,-5.473695,1,1982q2,1982,267,0,1,1,0,0,0,0,0,0,1,0,0,1,0,0,0
7/1/1982,ZAF,199,South Africa,-3.35522,1,1982q3,1982,270,0,1,1,0,0,0,0,0,0,1,0,0,1,0,0,0
10/1/1982,ZAF,199,South Africa,0.6871751,1,1982q4,1982,273,0,1,1,0,0,0,0,0,0,1,0,0,1,0,0,0
1/1/1983,ZAF,199,South Africa,2.258819,1,1983q1,1983,276,0,1,1,0,0,0,0,0,0,1,0,0,1,0,0,0
4/1/1983,ZAF,199,South Africa,0.8635337,1,1983q2,1983,279,0,1,1,0,0,0,0,0,0,1,0,0,1,0,0,0
7/1/1983,ZAF,199,South Africa,-0.2501336,1,1983q3,1983,282,0,1,1,0,0,0,0,0,0,1,0,0,1,0,0,0
10/1/1983,ZAF,199,South Africa,-4.106101,1,1983q4,1983,285,0,1,1,0,0,0,0,0,0,1,0,0,1,0,0,0
1/1/1984,ZAF,199,South Africa,-2.487299,1,1984q1,1984,288,0,1,1,0,0,0,0,0,0,1,0,0,1,0,0,0
4/1/1984,ZAF,199,South Africa,-2.244246,1,1984q2,1984,291,0,1,1,0,0,0,0,0,0,1,0,0,1,0,0,0
7/1/1984,ZAF,199,South Africa,-3.764637,1,1984q3,1984,294,0,1,1,0,0,0,0,0,0,1,0,0,1,0,0,0
10/1/1984,ZAF,199,South Africa,-0.1717267,1,1984q4,1984,297,0,1,1,0,0,0,0,0,0,1,0,0,1,0,0,0
1/1/1985,ZAF,199,South Africa,1.90422,1,1985q1,1985,300,0,1,1,0,0,0,0,0,0,1,0,0,1,0,0,0
4/1/1985,ZAF,199,South Africa,3.745751,1,1985q2,1985,303,0,1,1,0,0,0,0,0,0,1,0,0,1,0,0,0
7/1/1985,ZAF,199,South Africa,2.214689,1,1985q3,1985,306,0,1,1,0,0,0,0,0,0,1,0,0,1,0,0,0
10/1/1985,ZAF,199,South Africa,5.847045,1,1985q4,1985,309,0,1,1,0,0,0,0,0,0,1,0,0,1,0,0,0
1/1/1986,ZAF,199,South Africa,2.580279,1,1986q1,1986,312,0,1,1,0,0,0,0,0,0,1,0,0,1,0,0,0
4/1/1986,ZAF,199,South Africa,4.756839,1,1986q2,1986,315,0,1,1,0,0,0,0,0,0,1,0,0,1,0,0,0
7/1/1986,ZAF,199,South Africa,3.384163,1,1986q3,1986,318,0,1,1,0,0,0,0,0,0,1,0,0,1,0,0,0
10/1/1986,ZAF,199,South Africa,3.648139,1,1986q4,1986,321,0,1,1,0,0,0,0,0,0,1,0,0,1,0,0,0
1/1/1987,ZAF,199,South Africa,5.318175,1,1987q1,1987,324,0,1,1,0,0,0,0,0,0,1,0,0,1,0,0,0
4/1/1987,ZAF,199,South Africa,4.341005,1,1987q2,1987,327,0,1,1,0,0,0,0,0,0,1,0,0,1,0,0,0
7/1/1987,ZAF,199,South Africa,5.278234,1,1987q3,1987,330,0,1,1,0,0,0,0,0,0,1,0,0,1,0,0,0
10/1/1987,ZAF,199,South Africa,5.602646,1,1987q4,1987,333,0,1,1,0,0,0,0,0,0,1,0,0,1,0,0,0
1/1/1988,ZAF,199,South Africa,2.759838,1,1988q1,1988,336,0,1,1,0,0,0,0,0,0,1,0,0,1,0,0,0
4/1/1988,ZAF,199,South Africa,0.9126648,1,1988q2,1988,339,0,1,1,0,0,0,0,0,0,1,0,0,1,0,0,0
7/1/1988,ZAF,199,South Africa,4.084013,1,1988q3,1988,342,0,1,1,0,0,0,0,0,0,1,0,0,1,0,0,0
10/1/1988,ZAF,199,South Africa,1.944267,1,1988q4,1988,345,0,1,1,0,0,0,0,0,0,1,0,0,1,0,0,0
1/1/1989,ZAF,199,South Africa,0.8759719,1,1989q1,1989,348,0,1,1,0,0,0,0,0,0,1,0,0,1,0,0,0
4/1/1989,ZAF,199,South Africa,0.8428816,1,1989q2,1989,351,0,1,1,0,0,0,0,0,0,1,0,0,1,0,0,0
7/1/1989,ZAF,199,South Africa,1.961758,1,1989q3,1989,354,0,1,1,0,0,0,0,0,0,1,0,0,1,0,0,0
10/1/1989,ZAF,199,South Africa,1.599448,1,1989q4,1989,357,0,1,1,0,0,0,0,0,0,1,0,0,1,0,0,0
1/1/1990,ZAF,199,South Africa,1.718352,1,1990q1,1990,360,0,1,1,0,0,0,0,0,0,1,0,0,1,0,0,0
4/1/1990,ZAF,199,South Africa,1.770448,1,1990q2,1990,363,0,1,1,0,0,0,0,0,0,1,0,0,1,0,0,0
7/1/1990,ZAF,199,South Africa,-0.1727694,1,1990q3,1990,366,0,1,1,0,0,0,0,0,0,1,0,0,1,0,0,0
10/1/1990,ZAF,199,South Africa,1.420477,1,1990q4,1990,369,0,1,1,0,0,0,0,0,0,1,0,0,1,0,0,0
1/1/1991,ZAF,199,South Africa,0.2229338,1,1991q1,1991,372,0,1,1,0,0,0,0,0,0,1,0,0,1,0,0,0
4/1/1991,ZAF,199,South Africa,1.151249,1,1991q2,1991,375,0,1,1,0,0,0,0,0,0,1,0,0,1,0,0,0
7/1/1991,ZAF,199,South Africa,-0.2176188,1,1991q3,1991,378,0,1,1,0,0,0,0,0,0,1,0,0,1,0,0,0
10/1/1991,ZAF,199,South Africa,2.790664,1,1991q4,1991,381,0,1,1,0,0,0,0,0,0,1,0,0,1,0,0,0
1/1/1992,ZAF,199,South Africa,2.919247,1,1992q1,1992,384,0,1,1,0,0,0,0,0,0,1,0,0,1,0,0,0
4/1/1992,ZAF,199,South Africa,1.204647,1,1992q2,1992,387,0,1,1,0,0,0,0,0,0,1,0,0,1,0,0,0
7/1/1992,ZAF,199,South Africa,1.422555,1,1992q3,1992,390,0,1,1,0,0,0,0,0,0,1,0,0,1,0,0,0
10/1/1992,ZAF,199,South Africa,-0.02673896,1,1992q4,1992,393,0,1,1,0,0,0,0,0,0,1,0,0,1,0,0,0
1/1/1993,ZAF,199,South Africa,2.182906,1,1993q1,1993,396,0,1,1,0,0,0,0,0,0,1,0,0,1,0,0,0
4/1/1993,ZAF,199,South Africa,2.677722,1,1993q2,1993,399,0,1,1,0,0,0,0,0,0,1,0,0,1,0,0,0
7/1/1993,ZAF,199,South Africa,1.040861,1,1993q3,1993,402,0,1,1,0,0,0,0,0,0,1,0,0,1,0,0,0
10/1/1993,ZAF,199,South Africa,1.59173,1,1993q4,1993,405,0,1,1,0,0,0,0,0,0,1,0,0,1,0,0,0
1/1/1994,ZAF,199,South Africa,1.267731,1,1994q1,1994,408,0,1,1,0,0,0,0,0,0,1,0,0,1,0,0,0
4/1/1994,ZAF,199,South Africa,0.4050193,1,1994q2,1994,411,0,1,1,0,0,0,0,0,0,1,0,0,1,0,0,0
7/1/1994,ZAF,199,South Africa,-0.4866583,1,1994q3,1994,414,0,1,1,0,0,0,0,0,0,1,0,0,1,0,0,0
10/1/1994,ZAF,199,South Africa,-0.9925107,1,1994q4,1994,417,0,1,1,0,0,0,0,0,0,1,0,0,1,0,0,0
1/1/1995,ZAF,199,South Africa,-1.401494,1,1995q1,1995,420,0,1,1,0,0,0,0,0,0,1,0,0,1,0,0,0
4/1/1995,ZAF,199,South Africa,-2.620045,1,1995q2,1995,423,0,1,1,0,0,0,0,0,0,1,0,0,1,0,0,0
7/1/1995,ZAF,199,South Africa,-1.417585,1,1995q3,1995,426,0,1,1,0,0,0,0,0,0,1,0,0,1,0,0,0
10/1/1995,ZAF,199,South Africa,-0.3513905,1,1995q4,1995,429,0,1,1,0,0,0,0,0,0,1,0,0,1,0,0,0
1/1/1996,ZAF,199,South Africa,-1.311147,1,1996q1,1996,432,0,1,1,0,0,0,0,0,0,1,0,0,1,0,0,0
4/1/1996,ZAF,199,South Africa,-1.261561,1,1996q2,1996,435,0,1,1,0,0,0,0,0,0,1,0,0,1,0,0,0
7/1/1996,ZAF,199,South Africa,-0.8236785,1,1996q3,1996,438,0,1,1,0,0,0,0,0,0,1,0,0,1,0,0,0
10/1/1996,ZAF,199,South Africa,-0.667941,1,1996q4,1996,441,0,1,1,0,0,0,0,0,0,1,0,0,1,0,0,0
1/1/1997,ZAF,199,South Africa,-1.327617,1,1997q1,1997,444,0,1,1,0,0,0,0,0,0,1,0,0,1,0,0,0
4/1/1997,ZAF,199,South Africa,-1.522921,1,1997q2,1997,447,0,1,1,0,0,0,0,0,0,1,0,0,1,0,0,0
7/1/1997,ZAF,199,South Africa,-1.196227,1,1997q3,1997,450,0,1,1,0,0,0,0,0,0,1,0,0,1,0,0,0
10/1/1997,ZAF,199,South Africa,-1.078795,1,1997q4,1997,453,0,1,1,0,0,0,0,0,0,1,0,0,1,0,0,0
1/1/1998,ZAF,199,South Africa,0.01019293,1,1998q1,1998,456,0,1,1,0,0,0,0,0,0,1,0,0,1,0,0,0
4/1/1998,ZAF,199,South Africa,-0.7938719,1,1998q2,1998,459,0,1,1,0,0,0,0,0,0,1,0,0,1,0,0,0
7/1/1998,ZAF,199,South Africa,-2.524445,1,1998q3,1998,462,0,1,1,0,0,0,0,0,0,1,0,0,1,0,0,0
10/1/1998,ZAF,199,South Africa,-2.588841,1,1998q4,1998,465,0,1,1,0,0,0,0,0,0,1,0,0,1,0,0,0
1/1/1999,ZAF,199,South Africa,1.63512,1,1999q1,1999,468,0,1,1,0,0,0,0,0,0,1,0,0,1,0,0,0
4/1/1999,ZAF,199,South Africa,-1.012156,1,1999q2,1999,471,0,1,1,0,0,0,0,0,0,1,0,0,1,0,0,0
7/1/1999,ZAF,199,South Africa,-0.2424341,1,1999q3,1999,474,0,1,1,0,0,0,0,0,0,1,0,0,1,0,0,0
10/1/1999,ZAF,199,South Africa,-1.827682,1,1999q4,1999,477,0,1,1,0,0,0,0,0,0,1,0,0,1,0,0,0
1/1/2000,ZAF,199,South Africa,-0.3452117,1,2000q1,2000,480,0,1,1,0,0,0,0,0,0,1,0,0,1,0,0,0
4/1/2000,ZAF,199,South Africa,0.3432699,1,2000q2,2000,483,0,1,1,0,0,0,0,0,0,1,0,0,1,0,0,0
7/1/2000,ZAF,199,South Africa,-1.228549,1,2000q3,2000,486,0,1,1,0,0,0,0,0,0,1,0,0,1,0,0,0
10/1/2000,ZAF,199,South Africa,0.9265695,1,2000q4,2000,489,0,1,1,0,0,0,0,0,0,1,0,0,1,0,0,0
1/1/2001,ZAF,199,South Africa,0.1718158,1,2001q1,2001,492,0,1,1,0,0,0,0,0,0,1,0,0,1,0,0,0
4/1/2001,ZAF,199,South Africa,1.294026,1,2001q2,2001,495,0,1,1,0,0,0,0,0,0,1,0,0,1,0,0,0
7/1/2001,ZAF,199,South Africa,-0.7156422,1,2001q3,2001,498,0,1,1,0,0,0,0,0,0,1,0,0,1,0,0,0
10/1/2001,ZAF,199,South Africa,0.404071,1,2001q4,2001,501,0,1,1,0,0,0,0,0,0,1,0,0,1,0,0,0
1/1/2002,ZAF,199,South Africa,1.531694,1,2002q1,2002,504,0,1,1,0,0,0,0,0,0,1,0,0,1,0,0,0
4/1/2002,ZAF,199,South Africa,0.5941518,1,2002q2,2002,507,0,1,1,0,0,0,0,0,0,1,0,0,1,0,0,0
7/1/2002,ZAF,199,South Africa,0.5914114,1,2002q3,2002,510,0,1,1,0,0,0,0,0,0,1,0,0,1,0,0,0
10/1/2002,ZAF,199,South Africa,0.6376448,1,2002q4,2002,513,0,1,1,0,0,0,0,0,0,1,0,0,1,0,0,0
1/1/2003,ZAF,199,South Africa,-0.2538384,1,2003q1,2003,516,0,1,1,0,0,0,0,0,0,1,0,0,1,0,0,0
4/1/2003,ZAF,199,South Africa,-1.107571,1,2003q2,2003,519,0,1,1,0,0,0,0,0,0,1,0,0,1,0,0,0
7/1/2003,ZAF,199,South Africa,-0.3021634,1,2003q3,2003,522,0,1,1,0,0,0,0,0,0,1,0,0,1,0,0,0
10/1/2003,ZAF,199,South Africa,-1.353483,1,2003q4,2003,525,0,1,1,0,0,0,0,0,0,1,0,0,1,0,0,0
1/1/2004,ZAF,199,South Africa,-1.362637,1,2004q1,2004,528,0,1,1,0,0,0,0,0,0,1,0,0,1,0,0,0
4/1/2004,ZAF,199,South Africa,-2.394791,1,2004q2,2004,531,0,1,1,0,0,0,0,0,0,1,0,0,1,0,0,0
7/1/2004,ZAF,199,South Africa,-3.070781,1,2004q3,2004,534,0,1,1,0,0,0,0,0,0,1,0,0,1,0,0,0
10/1/2004,ZAF,199,South Africa,-2.887662,1,2004q4,2004,537,0,1,1,0,0,0,0,0,0,1,0,0,1,0,0,0
1/1/2005,ZAF,199,South Africa,-2.349058,1,2005q1,2005,540,0,1,1,0,0,0,0,0,0,1,0,0,1,0,0,0
4/1/2005,ZAF,199,South Africa,-2.445669,1,2005q2,2005,543,0,1,1,0,0,0,0,0,0,1,0,0,1,0,0,0
7/1/2005,ZAF,199,South Africa,-3.319494,1,2005q3,2005,546,0,1,1,0,0,0,0,0,0,1,0,0,1,0,0,0
10/1/2005,ZAF,199,South Africa,-3.08738,1,2005q4,2005,549,0,1,1,0,0,0,0,0,0,1,0,0,1,0,0,0
1/1/2006,ZAF,199,South Africa,-4.652653,1,2006q1,2006,552,0,1,1,0,0,0,0,0,0,1,0,0,1,0,0,0
4/1/2006,ZAF,199,South Africa,-2.720442,1,2006q2,2006,555,0,1,1,0,0,0,0,0,0,1,0,0,1,0,0,0
7/1/2006,ZAF,199,South Africa,-3.053314,1,2006q3,2006,558,0,1,1,0,0,0,0,0,0,1,0,0,1,0,0,0
10/1/2006,ZAF,199,South Africa,-5.633411,1,2006q4,2006,561,0,1,1,0,0,0,0,0,0,1,0,0,1,0,0,0
1/1/2007,ZAF,199,South Africa,-3.939051,1,2007q1,2007,564,0,1,1,0,0,0,0,0,0,1,0,0,1,0,0,0
4/1/2007,ZAF,199,South Africa,-4.420553,1,2007q2,2007,567,0,1,1,0,0,0,0,0,0,1,0,0,1,0,0,0
7/1/2007,ZAF,199,South Africa,-5.516029,1,2007q3,2007,570,0,1,1,0,0,0,0,0,0,1,0,0,1,0,0,0
10/1/2007,ZAF,199,South Africa,-5.725859,1,2007q4,2007,573,0,1,1,0,0,0,0,0,0,1,0,0,1,0,0,0
1/1/2008,ZAF,199,South Africa,-5.377115,1,2008q1,2008,576,0,1,1,0,0,0,0,0,0,1,0,0,1,0,0,0
4/1/2008,ZAF,199,South Africa,-5.640504,1,2008q2,2008,579,0,1,1,0,0,0,0,0,0,1,0,0,1,0,0,0
7/1/2008,ZAF,199,South Africa,-5.136386,1,2008q3,2008,582,0,1,1,0,0,0,0,0,0,1,0,0,1,0,0,0
10/1/2008,ZAF,199,South Africa,-4.010935,1,2008q4,2008,585,0,1,1,0,0,0,0,0,0,1,0,0,1,0,0,0
1/1/2009,ZAF,199,South Africa,-4.266923,1,2009q1,2009,588,0,1,1,0,0,0,0,0,0,1,0,0,1,0,0,0
4/1/2009,ZAF,199,South Africa,-1.983483,1,2009q2,2009,591,0,1,1,0,0,0,0,0,0,1,0,0,1,0,0,0
7/1/2009,ZAF,199,South Africa,-1.146451,1,2009q3,2009,594,0,1,1,0,0,0,0,0,0,1,0,0,1,0,0,0
10/1/2009,ZAF,199,South Africa,-2.319517,1,2009q4,2009,597,0,1,1,0,0,0,0,0,0,1,0,0,1,0,0,0
1/1/2010,ZAF,199,South Africa,-2.86137,1,2010q1,2010,600,0,1,1,0,0,0,0,0,0,1,0,0,1,0,0,0
4/1/2010,ZAF,199,South Africa,-1.604568,1,2010q2,2010,603,0,1,1,0,0,0,0,0,0,1,0,0,1,0,0,0
7/1/2010,ZAF,199,South Africa,-1.46047,1,2010q3,2010,606,0,1,1,0,0,0,0,0,0,1,0,0,1,0,0,0
10/1/2010,ZAF,199,South Africa,0.1658789,1,2010q4,2010,609,0,1,1,0,0,0,0,0,0,1,0,0,1,0,0,0
1/1/2011,ZAF,199,South Africa,-1.875912,1,2011q1,2011,612,0,1,1,0,0,0,0,0,0,1,0,0,1,0,0,0
4/1/2011,ZAF,199,South Africa,-1.411122,1,2011q2,2011,615,0,1,1,0,0,0,0,0,0,1,0,0,1,0,0,0
7/1/2011,ZAF,199,South Africa,-2.323838,1,2011q3,2011,618,0,1,1,0,0,0,0,0,0,1,0,0,1,0,0,0
10/1/2011,ZAF,199,South Africa,-2.140808,1,2011q4,2011,621,0,1,1,0,0,0,0,0,0,1,0,0,1,0,0,0
1/1/2012,ZAF,199,South Africa,-4.059751,1,2012q1,2012,624,0,1,1,0,0,0,0,0,0,1,0,0,1,0,0,0
4/1/2012,ZAF,199,South Africa,-4.646676,1,2012q2,2012,627,0,1,1,0,0,0,0,0,0,1,0,0,1,0,0,0
7/1/2012,ZAF,199,South Africa,-4.810206,1,2012q3,2012,630,0,1,1,0,0,0,0,0,0,1,0,0,1,0,0,0
10/1/2012,ZAF,199,South Africa,-5.181259,1,2012q4,2012,633,0,1,1,0,0,0,0,0,0,1,0,0,1,0,0,0
1/1/2013,ZAF,199,South Africa,-4.904356,1,2013q1,2013,636,0,1,1,0,0,0,0,0,0,1,0,0,1,0,0,0
4/1/2013,ZAF,199,South Africa,-6.130375,1,2013q2,2013,639,0,1,1,0,0,0,0,0,0,1,0,0,1,0,0,0
7/1/2013,ZAF,199,South Africa,-5.738976,1,2013q3,2013,642,0,1,1,0,0,0,0,0,0,1,0,0,1,0,0,0
10/1/2013,ZAF,199,South Africa,-4.724954,1,2013q4,2013,645,0,1,1,0,0,0,0,0,0,1,0,0,1,0,0,0
1/1/2014,ZAF,199,South Africa,-4.65486,1,2014q1,2014,648,0,1,1,0,0,0,0,0,0,1,0,0,1,0,0,0
4/1/2014,ZAF,199,South Africa,-5.693826,1,2014q2,2014,651,0,1,1,0,0,0,0,0,0,1,0,0,1,0,0,0
7/1/2014,ZAF,199,South Africa,-4.117587,1,2014q3,2014,654,0,1,1,0,0,0,0,0,0,1,0,0,1,0,0,0
10/1/2014,ZAF,199,South Africa,-5.077795,1,2014q4,2014,657,0,1,1,0,0,0,0,0,0,1,0,0,1,0,0,0
1/1/2015,ZAF,199,South Africa,-4.034178,1,2015q1,2015,660,0,1,1,0,0,0,0,0,0,1,0,0,1,0,0,0
4/1/2015,ZAF,199,South Africa,-3.262571,1,2015q2,2015,663,0,1,1,0,0,0,0,0,0,1,0,0,1,0,0,0
7/1/2015,ZAF,199,South Africa,-4.417563,1,2015q3,2015,666,0,1,1,0,0,0,0,0,0,1,0,0,1,0,0,0
10/1/2015,ZAF,199,South Africa,-5.684255,1,2015q4,2015,669,0,1,1,0,0,0,0,0,0,1,0,0,1,0,0,0
1/1/2016,ZAF,199,South Africa,-4.312903,1,2016q1,2016,672,0,1,1,0,0,0,0,0,0,1,0,0,1,0,0,0
4/1/2016,ZAF,199,South Africa,-2.51216,1,2016q2,2016,675,0,1,1,0,0,0,0,0,0,1,0,0,1,0,0,0
7/1/2016,ZAF,199,South Africa,-2.806274,1,2016q3,2016,678,0,1,1,0,0,0,0,0,0,1,0,0,1,0,0,0
10/1/2016,ZAF,199,South Africa,-1.181781,1,2016q4,2016,681,0,1,1,0,0,0,0,0,0,1,0,0,1,0,0,0
1/1/2017,ZAF,199,South Africa,-2.496437,1,2017q1,2017,684,0,1,1,0,0,0,0,0,0,1,0,0,1,0,0,0
4/1/2017,ZAF,199,South Africa,-2.614195,1,2017q2,2017,687,0,1,1,0,0,0,0,0,0,1,0,0,1,0,0,0
7/1/2017,ZAF,199,South Africa,-2.122037,1,2017q3,2017,690,0,1,1,0,0,0,0,0,0,1,0,0,1,0,0,0
10/1/2017,ZAF,199,South Africa,-2.557523,1,2017q4,2017,693,0,1,1,0,0,0,0,0,0,1,0,0,1,0,0,0
1/1/2018,ZAF,199,South Africa,-3.727973,1,2018q1,2018,696,0,1,1,0,0,0,0,0,0,1,0,0,1,0,0,0
4/1/2018,ZAF,199,South Africa,-3.25206,1,2018q2,2018,699,0,1,1,0,0,0,0,0,0,1,0,0,1,0,0,0
7/1/2018,ZAF,199,South Africa,-2.672902,1,2018q3,2018,702,0,1,1,0,0,0,0,0,0,1,0,0,1,0,0,0
10/1/2018,ZAF,199,South Africa,-2.277591,1,2018q4,2018,705,0,1,1,0,0,0,0,0,0,1,0,0,1,0,0,0
1/1/2019,ZAF,199,South Africa,-3.169753,1,2019q1,2019,708,0,1,1,0,0,0,0,0,0,1,0,0,1,0,0,0
4/1/2019,ZAF,199,South Africa,-3.218542,1,2019q2,2019,711,0,1,1,0,0,0,0,0,0,1,0,0,1,0,0,0
7/1/2019,ZAF,199,South Africa,-2.684334,1,2019q3,2019,714,0,1,1,0,0,0,0,0,0,1,0,0,1,0,0,0
10/1/2019,ZAF,199,South Africa,-1.120697,1,2019q4,2019,717,0,1,1,0,0,0,0,0,0,1,0,0,1,0,0,0
1/1/2020,ZAF,199,South Africa,0.2545915,1,2020q1,2020,720,0,1,1,0,0,0,0,0,0,1,0,0,1,0,0,0
4/1/2020,ZAF,199,South Africa,-2.61067,1,2020q2,2020,723,0,1,1,0,0,0,0,0,0,1,0,0,1,0,0,0
7/1/2020,ZAF,199,South Africa,5.66528,1,2020q3,2020,726,0,1,1,0,0,0,0,0,0,1,0,0,1,0,0,0
10/1/2020,ZAF,199,South Africa,3.217637,1,2020q4,2020,729,0,1,1,0,0,0,0,0,0,1,0,0,1,0,0,0
1/1/2021,ZAF,199,South Africa,3.739914,1,2021q1,2021,732,0,1,1,0,0,0,0,0,0,1,0,0,1,0,0,0
4/1/2021,ZAF,199,South Africa,4.505419,1,2021q2,2021,735,0,1,1,0,0,0,0,0,0,1,0,0,1,0,0,0
7/1/2021,ZAF,199,South Africa,4.077103,1,2021q3,2021,738,0,1,1,0,0,0,0,0,0,1,0,0,1,0,0,0
10/1/2021,ZAF,199,South Africa,2.390172,1,2021q4,2021,741,0,1,1,0,0,0,0,0,0,1,0,0,1,0,0,0
1/1/2022,ZAF,199,South Africa,1.315922,1,2022q1,2022,744,0,1,1,0,0,0,0,0,0,1,0,0,1,0,0,0
4/1/2022,ZAF,199,South Africa,-1.978493,1,2022q2,2022,747,0,1,1,0,0,0,0,0,0,1,0,0,1,0,0,0
7/1/2022,ZAF,199,South Africa,-0.4129895,1,2022q3,2022,750,0,1,1,0,0,0,0,0,0,1,0,0,1,0,0,0
10/1/2022,ZAF,199,South Africa,-1.413062,1,2022q4,2022,753,0,1,1,0,0,0,0,0,0,1,0,0,1,0,0,0
1/1/2023,ZAF,199,South Africa,-2.330342,1,2023q1,2023,756,0,1,1,0,0,0,0,0,0,1,0,0,1,0,0,0
4/1/2023,ZAF,199,South Africa,-2.200284,1,2023q2,2023,759,0,1,1,0,0,0,0,0,0,1,0,0,1,0,0,0
7/1/2023,ZAF,199,South Africa,-0.6562874,1,2023q3,2023,762,0,1,1,0,0,0,0,0,0,1,0,0,1,0,0,0
10/1/2023,ZAF,199,South Africa,-1.388397,1,2023q4,2023,765,0,1,1,0,0,0,0,0,0,1,0,0,1,0,0,0
1/1/2024,ZAF,199,South Africa,-1.021689,1,2024q1,2024,768,0,1,1,0,0,0,0,0,0,1,0,0,1,0,0,0
4/1/2024,ZAF,199,South Africa,-0.6706619,1,2024q2,2024,771,0,1,1,0,0,0,0,0,0,1,0,0,1,0,0,0
7/1/2024,ZAF,199,South Africa,-0.8258855,1,2024q3,2024,774,0,1,1,0,0,0,0,0,0,1,0,0,1,0,0,0
10/1/2024,ZAF,199,South Africa,-0.1157913,1,2024q4,2024,777,0,1,1,0,0,0,0,0,0,1,0,0,1,0,0,0
1/1/1985,ARG,213,Argentina,0.9699382,4,1985q1,1985,300,0,1,1,0,0,0,0,0,0,0,1,0,0,0,0,0
4/1/1985,ARG,213,Argentina,-0.74445938,4,1985q2,1985,303,0,1,1,0,0,0,0,0,0,0,1,0,0,0,0,0
7/1/1985,ARG,213,Argentina,-0.8724679,4,1985q3,1985,306,0,1,1,0,0,0,0,0,0,0,1,0,0,0,0,0
10/1/1985,ARG,213,Argentina,-1.3210698,4,1985q4,1985,309,0,1,1,0,0,0,0,0,0,0,1,0,0,0,0,0
1/1/1986,ARG,213,Argentina,-1.3863637,4,1986q1,1986,312,0,1,1,0,0,0,0,0,0,0,1,0,0,0,0,0
4/1/1986,ARG,213,Argentina,-0.57358105,4,1986q2,1986,315,0,1,1,0,0,0,0,0,0,0,1,0,0,0,0,0
7/1/1986,ARG,213,Argentina,-0.91873403,4,1986q3,1986,318,0,1,1,0,0,0,0,0,0,0,1,0,0,0,0,0
10/1/1986,ARG,213,Argentina,-4.0386271,4,1986q4,1986,321,0,1,1,0,0,0,0,0,0,0,1,0,0,0,0,0
1/1/1987,ARG,213,Argentina,0.12980329,4,1987q1,1987,324,0,1,1,0,0,0,0,0,0,0,1,0,0,0,0,0
4/1/1987,ARG,213,Argentina,-0.0280525,4,1987q2,1987,327,0,1,1,0,0,0,0,0,0,0,1,0,0,0,0,0
7/1/1987,ARG,213,Argentina,0.01555117,4,1987q3,1987,330,0,1,1,0,0,0,0,0,0,0,1,0,0,0,0,0
10/1/1987,ARG,213,Argentina,-7.0678178,4,1987q4,1987,333,0,1,1,0,0,0,0,0,0,0,1,0,0,0,0,0
1/1/1988,ARG,213,Argentina,-0.77520844,4,1988q1,1988,336,0,1,1,0,0,0,0,0,0,0,1,0,0,0,0,0
4/1/1988,ARG,213,Argentina,-0.52638778,4,1988q2,1988,339,0,1,1,0,0,0,0,0,0,0,1,0,0,0,0,0
7/1/1988,ARG,213,Argentina,-0.68323557,4,1988q3,1988,342,0,1,1,0,0,0,0,0,0,0,1,0,0,0,0,0
10/1/1988,ARG,213,Argentina,-0.31810522,4,1988q4,1988,345,0,1,1,0,0,0,0,0,0,0,1,0,0,0,0,0
1/1/1989,ARG,213,Argentina,0.18189979,4,1989q1,1989,348,0,1,1,0,0,0,0,0,0,0,1,0,0,0,0,0
4/1/1989,ARG,213,Argentina,-0.05684358,4,1989q2,1989,351,0,1,1,0,0,0,0,0,0,0,1,0,0,0,0,0
7/1/1989,ARG,213,Argentina,-6.5451007,4,1989q3,1989,354,0,1,1,0,0,0,0,0,0,0,1,0,0,0,0,0
10/1/1989,ARG,213,Argentina,-13.386549,4,1989q4,1989,357,0,1,1,0,0,0,0,0,0,0,1,0,0,0,0,0
1/1/1990,ARG,213,Argentina,13.851215,4,1990q1,1990,360,0,1,1,0,0,0,0,0,0,0,1,0,0,0,0,0
4/1/1990,ARG,213,Argentina,8.1798428,4,1990q2,1990,363,0,1,1,0,0,0,0,0,0,0,1,0,0,0,0,0
7/1/1990,ARG,213,Argentina,7.6051452,4,1990q3,1990,366,0,1,1,0,0,0,0,0,0,0,1,0,0,0,0,0
10/1/1990,ARG,213,Argentina,3.9649679,4,1990q4,1990,369,0,1,1,0,0,0,0,0,0,0,1,0,0,0,0,0
1/1/1991,ARG,213,Argentina,-0.76800241,4,1991q1,1991,372,0,1,1,0,0,0,0,0,0,0,1,0,0,0,0,0
4/1/1991,ARG,213,Argentina,0.85864486,4,1991q2,1991,375,0,1,1,0,0,0,0,0,0,0,1,0,0,0,0,0
7/1/1991,ARG,213,Argentina,0.31881883,4,1991q3,1991,378,0,1,1,0,0,0,0,0,0,0,1,0,0,0,0,0
10/1/1991,ARG,213,Argentina,-1.7525743,4,1991q4,1991,381,0,1,1,0,0,0,0,0,0,0,1,0,0,0,0,0
1/1/1992,ARG,213,Argentina,-2.2953749,4,1992q1,1992,384,0,1,1,0,0,0,0,0,0,0,1,0,0,0,0,0
4/1/1992,ARG,213,Argentina,-2.3217963,4,1992q2,1992,387,0,1,1,0,0,0,0,0,0,0,1,0,0,0,0,0
7/1/1992,ARG,213,Argentina,-3.4684001,4,1992q3,1992,390,0,1,1,0,0,0,0,0,0,0,1,0,0,0,0,0
10/1/1992,ARG,213,Argentina,-2.1323226,4,1992q4,1992,393,0,1,1,0,0,0,0,0,0,0,1,0,0,0,0,0
1/1/1993,ARG,213,Argentina,-2.5758152,4,1993q1,1993,396,0,1,1,0,0,0,0,0,0,0,1,0,0,0,0,0
4/1/1993,ARG,213,Argentina,-3.2042158,4,1993q2,1993,399,0,1,1,0,0,0,0,0,0,0,1,0,0,0,0,0
7/1/1993,ARG,213,Argentina,-4.091964,4,1993q3,1993,402,0,1,1,0,0,0,0,0,0,0,1,0,0,0,0,0
10/1/1993,ARG,213,Argentina,-4.2081951,4,1993q4,1993,405,0,1,1,0,0,0,0,0,0,0,1,0,0,0,0,0
1/1/1994,ARG,213,Argentina,-5.0089961,4,1994q1,1994,408,0,1,1,0,0,0,0,0,0,0,1,0,0,0,0,0
4/1/1994,ARG,213,Argentina,-4.5995663,4,1994q2,1994,411,0,1,1,0,0,0,0,0,0,0,1,0,0,0,0,0
7/1/1994,ARG,213,Argentina,-4.341748,4,1994q3,1994,414,0,1,1,0,0,0,0,0,0,0,1,0,0,0,0,0
10/1/1994,ARG,213,Argentina,-3.6865789,4,1994q4,1994,417,0,1,1,0,0,0,0,0,0,0,1,0,0,0,0,0
1/1/1995,ARG,213,Argentina,-3.0610326,4,1995q1,1995,420,0,1,1,0,0,0,0,0,0,0,1,0,0,0,0,0
4/1/1995,ARG,213,Argentina,-1.1138784,4,1995q2,1995,423,0,1,1,0,0,0,0,0,0,0,1,0,0,0,0,0
7/1/1995,ARG,213,Argentina,-1.7625889,4,1995q3,1995,426,0,1,1,0,0,0,0,0,0,0,1,0,0,0,0,0
10/1/1995,ARG,213,Argentina,-2.0564154,4,1995q4,1995,429,0,1,1,0,0,0,0,0,0,0,1,0,0,0,0,0
1/1/1996,ARG,213,Argentina,-2.3562258,4,1996q1,1996,432,0,1,1,0,0,0,0,0,0,0,1,0,0,0,0,0
4/1/1996,ARG,213,Argentina,-2.1607525,4,1996q2,1996,435,0,1,1,0,0,0,0,0,0,0,1,0,0,0,0,0
7/1/1996,ARG,213,Argentina,-2.5698276,4,1996q3,1996,438,0,1,1,0,0,0,0,0,0,0,1,0,0,0,0,0
10/1/1996,ARG,213,Argentina,-3.1377405,4,1996q4,1996,441,0,1,1,0,0,0,0,0,0,0,1,0,0,0,0,0
1/1/1997,ARG,213,Argentina,-3.5018929,4,1997q1,1997,444,0,1,1,0,0,0,0,0,0,0,1,0,0,0,0,0
4/1/1997,ARG,213,Argentina,-4.3270731,4,1997q2,1997,447,0,1,1,0,0,0,0,0,0,0,1,0,0,0,0,0
7/1/1997,ARG,213,Argentina,-4.649635,4,1997q3,1997,450,0,1,1,0,0,0,0,0,0,0,1,0,0,0,0,0
10/1/1997,ARG,213,Argentina,-4.5365906,4,1997q4,1997,453,0,1,1,0,0,0,0,0,0,0,1,0,0,0,0,0
1/1/1998,ARG,213,Argentina,-4.9899387,4,1998q1,1998,456,0,1,1,0,0,0,0,0,0,0,1,0,0,0,0,0
4/1/1998,ARG,213,Argentina,-4.8249745,4,1998q2,1998,459,0,1,1,0,0,0,0,0,0,0,1,0,0,0,0,0
7/1/1998,ARG,213,Argentina,-5.0112171,4,1998q3,1998,462,0,1,1,0,0,0,0,0,0,0,1,0,0,0,0,0
10/1/1998,ARG,213,Argentina,-4.5909214,4,1998q4,1998,465,0,1,1,0,0,0,0,0,0,0,1,0,0,0,0,0
1/1/1999,ARG,213,Argentina,-3.6430833,4,1999q1,1999,468,0,1,1,0,0,0,0,0,0,0,1,0,0,0,0,0
4/1/1999,ARG,213,Argentina,-3.9895235,4,1999q2,1999,471,0,1,1,0,0,0,0,0,0,0,1,0,0,0,0,0
7/1/1999,ARG,213,Argentina,-4.6771423,4,1999q3,1999,474,0,1,1,0,0,0,0,0,0,0,1,0,0,0,0,0
10/1/1999,ARG,213,Argentina,-4.3011484,4,1999q4,1999,477,0,1,1,0,0,0,0,0,0,0,1,0,0,0,0,0
1/1/2000,ARG,213,Argentina,-3.4292245,4,2000q1,2000,480,0,1,1,0,0,0,0,0,0,0,1,0,0,0,0,0
4/1/2000,ARG,213,Argentina,-3.2200758,4,2000q2,2000,483,0,1,1,0,0,0,0,0,0,0,1,0,0,0,0,0
7/1/2000,ARG,213,Argentina,-3.416056,4,2000q3,2000,486,0,1,1,0,0,0,0,0,0,0,1,0,0,0,0,0
10/1/2000,ARG,213,Argentina,-2.7232859,4,2000q4,2000,489,0,1,1,0,0,0,0,0,0,0,1,0,0,0,0,0
1/1/2001,ARG,213,Argentina,-2.6904098,4,2001q1,2001,492,0,1,1,0,0,0,0,0,0,0,1,0,0,0,0,0
4/1/2001,ARG,213,Argentina,-2.5906007,4,2001q2,2001,495,0,1,1,0,0,0,0,0,0,0,1,0,0,0,0,0
7/1/2001,ARG,213,Argentina,-1.1522218,4,2001q3,2001,498,0,1,1,0,0,0,0,0,0,0,1,0,0,0,0,0
10/1/2001,ARG,213,Argentina,0.8894626,4,2001q4,2001,501,0,1,1,0,0,0,0,0,0,0,1,0,0,0,0,0
1/1/2002,ARG,213,Argentina,6.9177651,4,2002q1,2002,504,0,1,1,0,0,0,0,0,0,0,1,0,0,0,0,0
4/1/2002,ARG,213,Argentina,12.099474,4,2002q2,2002,507,0,1,1,0,0,0,0,0,0,0,1,0,0,0,0,0
7/1/2002,ARG,213,Argentina,12.722931,4,2002q3,2002,510,0,1,1,0,0,0,0,0,0,0,1,0,0,0,0,0
10/1/2002,ARG,213,Argentina,10.00293,4,2002q4,2002,513,0,1,1,0,0,0,0,0,0,0,1,0,0,0,0,0
1/1/2003,ARG,213,Argentina,8.8060974,4,2003q1,2003,516,0,1,1,0,0,0,0,0,0,0,1,0,0,0,0,0
4/1/2003,ARG,213,Argentina,9.059238,4,2003q2,2003,519,0,1,1,0,0,0,0,0,0,0,1,0,0,0,0,0
7/1/2003,ARG,213,Argentina,4.7510464,4,2003q3,2003,522,0,1,1,0,0,0,0,0,0,0,1,0,0,0,0,0
10/1/2003,ARG,213,Argentina,4.0592808,4,2003q4,2003,525,0,1,1,0,0,0,0,0,0,0,1,0,0,0,0,0
1/1/2004,ARG,213,Argentina,3.061042,3,2004q1,2004,528,0,1,1,0,0,0,0,0,0,0,1,0,0,0,0,0
4/1/2004,ARG,213,Argentina,4.285363,3,2004q2,2004,531,0,1,1,0,0,0,0,0,0,0,1,0,0,0,0,0
7/1/2004,ARG,213,Argentina,1.9168084,3,2004q3,2004,534,0,1,1,0,0,0,0,0,0,0,1,0,0,0,0,0
10/1/2004,ARG,213,Argentina,0.76840597,3,2004q4,2004,537,0,1,1,0,0,0,0,0,0,0,1,0,0,0,0,0
1/1/2005,ARG,213,Argentina,1.6790391,3,2005q1,2005,540,0,1,1,0,0,0,0,0,0,0,1,0,0,0,0,0
4/1/2005,ARG,213,Argentina,3.1867042,3,2005q2,2005,543,0,1,1,0,0,0,0,0,0,0,1,0,0,0,0,0
7/1/2005,ARG,213,Argentina,5.03678,3,2005q3,2005,546,0,1,1,0,0,0,0,0,0,0,1,0,0,0,0,0
10/1/2005,ARG,213,Argentina,3.636102,3,2005q4,2005,549,0,1,1,0,0,0,0,0,0,0,1,0,0,0,0,0
1/1/2006,ARG,213,Argentina,2.64117,1,2006q1,2006,552,0,1,1,0,0,0,0,0,0,0,1,0,0,0,0,0
4/1/2006,ARG,213,Argentina,2.126297,1,2006q2,2006,555,0,1,1,0,0,0,0,0,0,0,1,0,0,0,0,0
7/1/2006,ARG,213,Argentina,2.731189,1,2006q3,2006,558,0,1,1,0,0,0,0,0,0,0,1,0,0,0,0,0
10/1/2006,ARG,213,Argentina,3.793336,1,2006q4,2006,561,0,1,1,0,0,0,0,0,0,0,1,0,0,0,0,0
1/1/2007,ARG,213,Argentina,2.124996,1,2007q1,2007,564,0,1,1,0,0,0,0,0,0,0,1,0,0,0,0,0
4/1/2007,ARG,213,Argentina,1.694194,1,2007q2,2007,567,0,1,1,0,0,0,0,0,0,0,1,0,0,0,0,0
7/1/2007,ARG,213,Argentina,0.9223103,1,2007q3,2007,570,0,1,1,0,0,0,0,0,0,0,1,0,0,0,0,0
10/1/2007,ARG,213,Argentina,3.670239,1,2007q4,2007,573,0,1,1,0,0,0,0,0,0,0,1,0,0,0,0,0
1/1/2008,ARG,213,Argentina,3.081346,1,2008q1,2008,576,0,1,1,0,0,0,0,0,0,0,1,0,0,0,0,0
4/1/2008,ARG,213,Argentina,-0.9158609,1,2008q2,2008,579,0,1,1,0,0,0,0,0,0,0,1,0,0,0,0,0
7/1/2008,ARG,213,Argentina,3.035038,1,2008q3,2008,582,0,1,1,0,0,0,0,0,0,0,1,0,0,0,0,0
10/1/2008,ARG,213,Argentina,0.7846621,1,2008q4,2008,585,0,1,1,0,0,0,0,0,0,0,1,0,0,0,0,0
1/1/2009,ARG,213,Argentina,2.833673,1,2009q1,2009,588,0,1,1,0,0,0,0,0,0,0,1,0,0,0,0,0
4/1/2009,ARG,213,Argentina,4.105328,1,2009q2,2009,591,0,1,1,0,0,0,0,0,0,0,1,0,0,0,0,0
7/1/2009,ARG,213,Argentina,0.8946098,1,2009q3,2009,594,0,1,1,0,0,0,0,0,0,0,1,0,0,0,0,0
10/1/2009,ARG,213,Argentina,1.075865,1,2009q4,2009,597,0,1,1,0,0,0,0,0,0,0,1,0,0,0,0,0
1/1/2010,ARG,213,Argentina,-0.5802385,1,2010q1,2010,600,0,1,1,0,0,0,0,0,0,0,1,0,0,0,0,0
4/1/2010,ARG,213,Argentina,0.7629085,1,2010q2,2010,603,0,1,1,0,0,0,0,0,0,0,1,0,0,0,0,0
7/1/2010,ARG,213,Argentina,-0.3847956,1,2010q3,2010,606,0,1,1,0,0,0,0,0,0,0,1,0,0,0,0,0
10/1/2010,ARG,213,Argentina,-1.424532,1,2010q4,2010,609,0,1,1,0,0,0,0,0,0,0,1,0,0,0,0,0
1/1/2011,ARG,213,Argentina,-0.8209527,1,2011q1,2011,612,0,1,1,0,0,0,0,0,0,0,1,0,0,0,0,0
4/1/2011,ARG,213,Argentina,-0.7452836,1,2011q2,2011,615,0,1,1,0,0,0,0,0,0,0,1,0,0,0,0,0
7/1/2011,ARG,213,Argentina,-0.9954666,1,2011q3,2011,618,0,1,1,0,0,0,0,0,0,0,1,0,0,0,0,0
10/1/2011,ARG,213,Argentina,-1.495615,1,2011q4,2011,621,0,1,1,0,0,0,0,0,0,0,1,0,0,0,0,0
1/1/2012,ARG,213,Argentina,-0.2574839,1,2012q1,2012,624,0,1,1,0,0,0,0,0,0,0,1,0,0,0,0,0
4/1/2012,ARG,213,Argentina,-0.5746655,1,2012q2,2012,627,0,1,1,0,0,0,0,0,0,0,1,0,0,0,0,0
7/1/2012,ARG,213,Argentina,0.0713269,1,2012q3,2012,630,0,1,1,0,0,0,0,0,0,0,1,0,0,0,0,0
10/1/2012,ARG,213,Argentina,-0.6805279,1,2012q4,2012,633,0,1,1,0,0,0,0,0,0,0,1,0,0,0,0,0
1/1/2013,ARG,213,Argentina,-1.729747,1,2013q1,2013,636,0,1,1,0,0,0,0,0,0,0,1,0,0,0,0,0
4/1/2013,ARG,213,Argentina,-1.132729,1,2013q2,2013,639,0,1,1,0,0,0,0,0,0,0,1,0,0,0,0,0
7/1/2013,ARG,213,Argentina,-1.876933,1,2013q3,2013,642,0,1,1,0,0,0,0,0,0,0,1,0,0,0,0,0
10/1/2013,ARG,213,Argentina,-4.050769,1,2013q4,2013,645,0,1,1,0,0,0,0,0,0,0,1,0,0,0,0,0
1/1/2014,ARG,213,Argentina,-3.89664,1,2014q1,2014,648,0,1,1,0,0,0,0,0,0,0,1,0,0,0,0,0
4/1/2014,ARG,213,Argentina,-0.3966281,1,2014q2,2014,651,0,1,1,0,0,0,0,0,0,0,1,0,0,0,0,0
7/1/2014,ARG,213,Argentina,-1.245428,1,2014q3,2014,654,0,1,1,0,0,0,0,0,0,0,1,0,0,0,0,0
10/1/2014,ARG,213,Argentina,-1.508174,1,2014q4,2014,657,0,1,1,0,0,0,0,0,0,0,1,0,0,0,0,0
1/1/2015,ARG,213,Argentina,-3.089599,1,2015q1,2015,660,0,1,1,0,0,0,0,0,0,0,1,0,0,0,0,0
4/1/2015,ARG,213,Argentina,-2.085144,1,2015q2,2015,663,0,1,1,0,0,0,0,0,0,0,1,0,0,0,0,0
7/1/2015,ARG,213,Argentina,-2.549824,1,2015q3,2015,666,0,1,1,0,0,0,0,0,0,0,1,0,0,0,0,0
10/1/2015,ARG,213,Argentina,-3.39167,1,2015q4,2015,669,0,1,1,0,0,0,0,0,0,0,1,0,0,0,0,0
1/1/2016,ARG,213,Argentina,-3.061783,1,2016q1,2016,672,0,1,1,0,0,0,0,0,0,0,1,0,0,0,0,0
4/1/2016,ARG,213,Argentina,-2.663628,1,2016q2,2016,675,0,1,1,0,0,0,0,0,0,0,1,0,0,0,0,0
7/1/2016,ARG,213,Argentina,-2.052315,1,2016q3,2016,678,0,1,1,0,0,0,0,0,0,0,1,0,0,0,0,0
10/1/2016,ARG,213,Argentina,-3.170433,1,2016q4,2016,681,0,1,1,0,0,0,0,0,0,0,1,0,0,0,0,0
1/1/2017,ARG,213,Argentina,-4.107924,1,2017q1,2017,684,0,1,1,0,0,0,0,0,0,0,1,0,0,0,0,0
4/1/2017,ARG,213,Argentina,-4.517138,1,2017q2,2017,687,0,1,1,0,0,0,0,0,0,0,1,0,0,0,0,0
7/1/2017,ARG,213,Argentina,-4.789655,1,2017q3,2017,690,0,1,1,0,0,0,0,0,0,0,1,0,0,0,0,0
10/1/2017,ARG,213,Argentina,-5.782969,1,2017q4,2017,693,0,1,1,0,0,0,0,0,0,0,1,0,0,0,0,0
1/1/2018,ARG,213,Argentina,-5.100072,1,2018q1,2018,696,0,1,1,0,0,0,0,0,0,0,1,0,0,0,0,0
4/1/2018,ARG,213,Argentina,-6.168598,1,2018q2,2018,699,0,1,1,0,0,0,0,0,0,0,1,0,0,0,0,0
7/1/2018,ARG,213,Argentina,-5.815376,1,2018q3,2018,702,0,1,1,0,0,0,0,0,0,0,1,0,0,0,0,0
10/1/2018,ARG,213,Argentina,-2.10034,1,2018q4,2018,705,0,1,1,0,0,0,0,0,0,0,1,0,0,0,0,0
1/1/2019,ARG,213,Argentina,-1.912216,1,2019q1,2019,708,0,1,1,0,0,0,0,0,0,0,1,0,0,0,0,0
4/1/2019,ARG,213,Argentina,-2.218377,1,2019q2,2019,711,0,1,1,0,0,0,0,0,0,0,1,0,0,0,0,0
7/1/2019,ARG,213,Argentina,-0.7779842,1,2019q3,2019,714,0,1,1,0,0,0,0,0,0,0,1,0,0,0,0,0
10/1/2019,ARG,213,Argentina,2.083646,1,2019q4,2019,717,0,1,1,0,0,0,0,0,0,0,1,0,0,0,0,0
1/1/2020,ARG,213,Argentina,1.250204,1,2020q1,2020,720,0,1,1,0,0,0,0,0,0,0,1,0,0,0,0,0
4/1/2020,ARG,213,Argentina,2.6703,1,2020q2,2020,723,0,1,1,0,0,0,0,0,0,0,1,0,0,0,0,0
7/1/2020,ARG,213,Argentina,1.196103,1,2020q3,2020,726,0,1,1,0,0,0,0,0,0,0,1,0,0,0,0,0
10/1/2020,ARG,213,Argentina,-1.883963,1,2020q4,2020,729,0,1,1,0,0,0,0,0,0,0,1,0,0,0,0,0
1/1/2021,ARG,213,Argentina,1.410546,1,2021q1,2021,732,0,1,1,0,0,0,0,0,0,0,1,0,0,0,0,0
4/1/2021,ARG,213,Argentina,1.507539,1,2021q2,2021,735,0,1,1,0,0,0,0,0,0,0,1,0,0,0,0,0
7/1/2021,ARG,213,Argentina,2.599804,1,2021q3,2021,738,0,1,1,0,0,0,0,0,0,0,1,0,0,0,0,0
10/1/2021,ARG,213,Argentina,-0.2100169,1,2021q4,2021,741,0,1,1,0,0,0,0,0,0,0,1,0,0,0,0,0
1/1/2022,ARG,213,Argentina,-0.0084792,1,2022q1,2022,744,0,1,1,0,0,0,0,0,0,0,1,0,0,0,0,0
4/1/2022,ARG,213,Argentina,-1.150146,1,2022q2,2022,747,0,1,1,0,0,0,0,0,0,0,1,0,0,0,0,0
7/1/2022,ARG,213,Argentina,-1.907788,1,2022q3,2022,750,0,1,1,0,0,0,0,0,0,0,1,0,0,0,0,0
10/1/2022,ARG,213,Argentina,0.7715189,1,2022q4,2022,753,0,1,1,0,0,0,0,0,0,0,1,0,0,0,0,0
1/1/2023,ARG,213,Argentina,-2.915733,1,2023q1,2023,756,0,1,1,0,0,0,0,0,0,0,1,0,0,0,0,0
4/1/2023,ARG,213,Argentina,-4.217372,1,2023q2,2023,759,0,1,1,0,0,0,0,0,0,0,1,0,0,0,0,0
7/1/2023,ARG,213,Argentina,-3.314518,1,2023q3,2023,762,0,1,1,0,0,0,0,0,0,0,1,0,0,0,0,0
10/1/2023,ARG,213,Argentina,-2.13182,1,2023q4,2023,765,0,1,1,0,0,0,0,0,0,0,1,0,0,0,0,0
1/1/2024,ARG,213,Argentina,1.297727,1,2024q1,2024,768,0,1,1,0,0,0,0,0,0,0,1,0,0,0,0,0
4/1/2024,ARG,213,Argentina,1.806395,1,2024q2,2024,771,0,1,1,0,0,0,0,0,0,0,1,0,0,0,0,0
7/1/2024,ARG,213,Argentina,0.8207445,1,2024q3,2024,774,0,1,1,0,0,0,0,0,0,0,1,0,0,0,0,0
10/1/2024,ARG,213,Argentina,0.1865985,1,2024q4,2024,777,0,1,1,0,0,0,0,0,0,0,1,0,0,0,0,0
1/1/1985,BOL,218,Bolivia,-3.4098051,4,1985q1,1985,300,0,1,0,0,0,0,0,0,0,0,1,0,0,0,0,0
4/1/1985,BOL,218,Bolivia,-2.0283058,4,1985q2,1985,303,0,1,0,0,0,0,0,0,0,0,1,0,0,0,0,0
7/1/1985,BOL,218,Bolivia,-16.876516,4,1985q3,1985,306,0,1,0,0,0,0,0,0,0,0,1,0,0,0,0,0
10/1/1985,BOL,218,Bolivia,-16.839081,4,1985q4,1985,309,0,1,0,0,0,0,0,0,0,0,1,0,0,0,0,0
1/1/1986,BOL,218,Bolivia,-17.940411,4,1986q1,1986,312,0,1,0,0,0,0,0,0,0,0,1,0,0,0,0,0
4/1/1986,BOL,218,Bolivia,-13.647069,4,1986q2,1986,315,0,1,0,0,0,0,0,0,0,0,1,0,0,0,0,0
7/1/1986,BOL,218,Bolivia,-11.20481,4,1986q3,1986,318,0,1,0,0,0,0,0,0,0,0,1,0,0,0,0,0
10/1/1986,BOL,218,Bolivia,-9.8215722,4,1986q4,1986,321,0,1,0,0,0,0,0,0,0,0,1,0,0,0,0,0
1/1/1987,BOL,218,Bolivia,-10.543493,4,1987q1,1987,324,0,1,0,0,0,0,0,0,0,0,1,0,0,0,0,0
4/1/1987,BOL,218,Bolivia,-10.50017,4,1987q2,1987,327,0,1,0,0,0,0,0,0,0,0,1,0,0,0,0,0
7/1/1987,BOL,218,Bolivia,-10.463595,4,1987q3,1987,330,0,1,0,0,0,0,0,0,0,0,1,0,0,0,0,0
10/1/1987,BOL,218,Bolivia,-10.691728,4,1987q4,1987,333,0,1,0,0,0,0,0,0,0,0,1,0,0,0,0,0
1/1/1988,BOL,218,Bolivia,-8.1842847,4,1988q1,1988,336,0,1,0,0,0,0,0,0,0,0,1,0,0,0,0,0
4/1/1988,BOL,218,Bolivia,-5.3099647,4,1988q2,1988,339,0,1,0,0,0,0,0,0,0,0,1,0,0,0,0,0
7/1/1988,BOL,218,Bolivia,-10.745896,4,1988q3,1988,342,0,1,0,0,0,0,0,0,0,0,1,0,0,0,0,0
10/1/1988,BOL,218,Bolivia,-4.7637589,4,1988q4,1988,345,0,1,0,0,0,0,0,0,0,0,1,0,0,0,0,0
1/1/1989,BOL,218,Bolivia,-8.7606013,4,1989q1,1989,348,0,1,0,0,0,0,0,0,0,0,1,0,0,0,0,0
4/1/1989,BOL,218,Bolivia,-5.4344557,4,1989q2,1989,351,0,1,0,0,0,0,0,0,0,0,1,0,0,0,0,0
7/1/1989,BOL,218,Bolivia,-3.3887554,4,1989q3,1989,354,0,1,0,0,0,0,0,0,0,0,1,0,0,0,0,0
10/1/1989,BOL,218,Bolivia,-7.1741611,4,1989q4,1989,357,0,1,0,0,0,0,0,0,0,0,1,0,0,0,0,0
1/1/1990,BOL,218,Bolivia,-4.8470467,4,1990q1,1990,360,0,1,0,0,0,0,0,0,0,0,1,0,0,0,0,0
4/1/1990,BOL,218,Bolivia,-5.455612,4,1990q2,1990,363,0,1,0,0,0,0,0,0,0,0,1,0,0,0,0,0
7/1/1990,BOL,218,Bolivia,-2.2978002,4,1990q3,1990,366,0,1,0,0,0,0,0,0,0,0,1,0,0,0,0,0
10/1/1990,BOL,218,Bolivia,-5.3719662,4,1990q4,1990,369,0,1,0,0,0,0,0,0,0,0,1,0,0,0,0,0
1/1/1991,BOL,218,Bolivia,-1.2354627,4,1991q1,1991,372,0,1,0,0,0,0,0,0,0,0,1,0,0,0,0,0
4/1/1991,BOL,218,Bolivia,-6.3213915,4,1991q2,1991,375,0,1,0,0,0,0,0,0,0,0,1,0,0,0,0,0
7/1/1991,BOL,218,Bolivia,-3.432161,4,1991q3,1991,378,0,1,0,0,0,0,0,0,0,0,1,0,0,0,0,0
10/1/1991,BOL,218,Bolivia,-10.116053,4,1991q4,1991,381,0,1,0,0,0,0,0,0,0,0,1,0,0,0,0,0
1/1/1992,BOL,218,Bolivia,-8.3378211,4,1992q1,1992,384,0,1,0,0,0,0,0,0,0,0,1,0,0,0,0,0
4/1/1992,BOL,218,Bolivia,-11.653806,4,1992q2,1992,387,0,1,0,0,0,0,0,0,0,0,1,0,0,0,0,0
7/1/1992,BOL,218,Bolivia,-9.8692738,4,1992q3,1992,390,0,1,0,0,0,0,0,0,0,0,1,0,0,0,0,0
10/1/1992,BOL,218,Bolivia,-10.216106,4,1992q4,1992,393,0,1,0,0,0,0,0,0,0,0,1,0,0,0,0,0
1/1/1993,BOL,218,Bolivia,-9.5165201,4,1993q1,1993,396,0,1,0,0,0,0,0,0,0,0,1,0,0,0,0,0
4/1/1993,BOL,218,Bolivia,-10.493726,4,1993q2,1993,399,0,1,0,0,0,0,0,0,0,0,1,0,0,0,0,0
7/1/1993,BOL,218,Bolivia,-6.6538818,4,1993q3,1993,402,0,1,0,0,0,0,0,0,0,0,1,0,0,0,0,0
10/1/1993,BOL,218,Bolivia,-10.436009,4,1993q4,1993,405,0,1,0,0,0,0,0,0,0,0,1,0,0,0,0,0
1/1/1994,BOL,218,Bolivia,-0.64039277,4,1994q1,1994,408,0,1,0,0,0,0,0,0,0,0,1,0,0,0,0,0
4/1/1994,BOL,218,Bolivia,-2.5794003,4,1994q2,1994,411,0,1,0,0,0,0,0,0,0,0,1,0,0,0,0,0
7/1/1994,BOL,218,Bolivia,0.77503798,4,1994q3,1994,414,0,1,0,0,0,0,0,0,0,0,1,0,0,0,0,0
10/1/1994,BOL,218,Bolivia,-3.8529921,4,1994q4,1994,417,0,1,0,0,0,0,0,0,0,0,1,0,0,0,0,0
1/1/1995,BOL,218,Bolivia,-7.5726658,4,1995q1,1995,420,0,1,0,0,0,0,0,0,0,0,1,0,0,0,0,0
4/1/1995,BOL,218,Bolivia,-6.3062072,4,1995q2,1995,423,0,1,0,0,0,0,0,0,0,0,1,0,0,0,0,0
7/1/1995,BOL,218,Bolivia,-2.6298815,4,1995q3,1995,426,0,1,0,0,0,0,0,0,0,0,1,0,0,0,0,0
10/1/1995,BOL,218,Bolivia,-3.0006448,4,1995q4,1995,429,0,1,0,0,0,0,0,0,0,0,1,0,0,0,0,0
1/1/1996,BOL,218,Bolivia,-4.2222291,4,1996q1,1996,432,0,1,0,0,0,0,0,0,0,0,1,0,0,0,0,0
4/1/1996,BOL,218,Bolivia,-6.0971458,4,1996q2,1996,435,0,1,0,0,0,0,0,0,0,0,1,0,0,0,0,0
7/1/1996,BOL,218,Bolivia,-4.3386776,4,1996q3,1996,438,0,1,0,0,0,0,0,0,0,0,1,0,0,0,0,0
10/1/1996,BOL,218,Bolivia,-8.3696753,4,1996q4,1996,441,0,1,0,0,0,0,0,0,0,0,1,0,0,0,0,0
1/1/1997,BOL,218,Bolivia,-8.7594688,4,1997q1,1997,444,0,1,0,0,0,0,0,0,0,0,1,0,0,0,0,0
4/1/1997,BOL,218,Bolivia,-4.9317617,4,1997q2,1997,447,0,1,0,0,0,0,0,0,0,0,1,0,0,0,0,0
7/1/1997,BOL,218,Bolivia,-5.754007,4,1997q3,1997,450,0,1,0,0,0,0,0,0,0,0,1,0,0,0,0,0
10/1/1997,BOL,218,Bolivia,-9.7096972,4,1997q4,1997,453,0,1,0,0,0,0,0,0,0,0,1,0,0,0,0,0
1/1/1998,BOL,218,Bolivia,-9.6026473,4,1998q1,1998,456,0,1,0,0,0,0,0,0,0,0,1,0,0,0,0,0
4/1/1998,BOL,218,Bolivia,-10.512085,4,1998q2,1998,459,0,1,0,0,0,0,0,0,0,0,1,0,0,0,0,0
7/1/1998,BOL,218,Bolivia,-6.345886,4,1998q3,1998,462,0,1,0,0,0,0,0,0,0,0,1,0,0,0,0,0
10/1/1998,BOL,218,Bolivia,-6.4621314,4,1998q4,1998,465,0,1,0,0,0,0,0,0,0,0,1,0,0,0,0,0
1/1/1999,BOL,218,Bolivia,-9.402734,4,1999q1,1999,468,0,1,0,0,0,0,0,0,0,0,1,0,0,0,0,0
4/1/1999,BOL,218,Bolivia,-2.8959414,4,1999q2,1999,471,0,1,0,0,0,0,0,0,0,0,1,0,0,0,0,0
7/1/1999,BOL,218,Bolivia,-3.6780167,4,1999q3,1999,474,0,1,0,0,0,0,0,0,0,0,1,0,0,0,0,0
10/1/1999,BOL,218,Bolivia,-7.9508148,4,1999q4,1999,477,0,1,0,0,0,0,0,0,0,0,1,0,0,0,0,0
1/1/2000,BOL,218,Bolivia,-9.3372107,4,2000q1,2000,480,0,1,0,0,0,0,0,0,0,0,1,0,0,0,0,0
4/1/2000,BOL,218,Bolivia,-6.651789,4,2000q2,2000,483,0,1,0,0,0,0,0,0,0,0,1,0,0,0,0,0
7/1/2000,BOL,218,Bolivia,-3.1015608,4,2000q3,2000,486,0,1,0,0,0,0,0,0,0,0,1,0,0,0,0,0
10/1/2000,BOL,218,Bolivia,-3.030166,4,2000q4,2000,489,0,1,0,0,0,0,0,0,0,0,1,0,0,0,0,0
1/1/2001,BOL,218,Bolivia,-4.0582906,4,2001q1,2001,492,0,1,0,0,0,0,0,0,0,0,1,0,0,0,0,0
4/1/2001,BOL,218,Bolivia,-4.6445679,4,2001q2,2001,495,0,1,0,0,0,0,0,0,0,0,1,0,0,0,0,0
7/1/2001,BOL,218,Bolivia,-1.6780775,4,2001q3,2001,498,0,1,0,0,0,0,0,0,0,0,1,0,0,0,0,0
10/1/2001,BOL,218,Bolivia,-3.2936215,4,2001q4,2001,501,0,1,0,0,0,0,0,0,0,0,1,0,0,0,0,0
1/1/2002,BOL,218,Bolivia,-4.8619591,4,2002q1,2002,504,0,1,0,0,0,0,0,0,0,0,1,0,0,0,0,0
4/1/2002,BOL,218,Bolivia,-5.5314522,4,2002q2,2002,507,0,1,0,0,0,0,0,0,0,0,1,0,0,0,0,0
7/1/2002,BOL,218,Bolivia,-4.7299024,4,2002q3,2002,510,0,1,0,0,0,0,0,0,0,0,1,0,0,0,0,0
10/1/2002,BOL,218,Bolivia,-3.2696459,4,2002q4,2002,513,0,1,0,0,0,0,0,0,0,0,1,0,0,0,0,0
1/1/2003,BOL,218,Bolivia,-2.8501989,4,2003q1,2003,516,0,1,0,0,0,0,0,0,0,0,1,0,0,0,0,0
4/1/2003,BOL,218,Bolivia,-0.91499686,4,2003q2,2003,519,0,1,0,0,0,0,0,0,0,0,1,0,0,0,0,0
7/1/2003,BOL,218,Bolivia,3.3202253,4,2003q3,2003,522,0,1,0,0,0,0,0,0,0,0,1,0,0,0,0,0
10/1/2003,BOL,218,Bolivia,4.186355,4,2003q4,2003,525,0,1,0,0,0,0,0,0,0,0,1,0,0,0,0,0
1/1/2004,BOL,218,Bolivia,2.803839,4,2004q1,2004,528,0,1,0,0,0,0,0,0,0,0,1,0,0,0,0,0
4/1/2004,BOL,218,Bolivia,4.8168015,4,2004q2,2004,531,0,1,0,0,0,0,0,0,0,0,1,0,0,0,0,0
7/1/2004,BOL,218,Bolivia,7.4035577,4,2004q3,2004,534,0,1,0,0,0,0,0,0,0,0,1,0,0,0,0,0
10/1/2004,BOL,218,Bolivia,1.0982345,4,2004q4,2004,537,0,1,0,0,0,0,0,0,0,0,1,0,0,0,0,0
1/1/2005,BOL,218,Bolivia,4.879196,4,2005q1,2005,540,0,1,0,0,0,0,0,0,0,0,1,0,0,0,0,0
4/1/2005,BOL,218,Bolivia,6.4686216,4,2005q2,2005,543,0,1,0,0,0,0,0,0,0,0,1,0,0,0,0,0
7/1/2005,BOL,218,Bolivia,7.7803969,4,2005q3,2005,546,0,1,0,0,0,0,0,0,0,0,1,0,0,0,0,0
10/1/2005,BOL,218,Bolivia,7.9269357,4,2005q4,2005,549,0,1,0,0,0,0,0,0,0,0,1,0,0,0,0,0
1/1/2006,BOL,218,Bolivia,7.4058563,4,2006q1,2006,552,0,1,0,0,0,0,0,0,0,0,1,0,0,0,0,0
4/1/2006,BOL,218,Bolivia,9.9432275,4,2006q2,2006,555,0,1,0,0,0,0,0,0,0,0,1,0,0,0,0,0
7/1/2006,BOL,218,Bolivia,17.557438,4,2006q3,2006,558,0,1,0,0,0,0,0,0,0,0,1,0,0,0,0,0
10/1/2006,BOL,218,Bolivia,13.424709,4,2006q4,2006,561,0,1,0,0,0,0,0,0,0,0,1,0,0,0,0,0
1/1/2007,BOL,218,Bolivia,9.6911401,4,2007q1,2007,564,0,1,0,0,0,0,0,0,0,0,1,0,0,0,0,0
4/1/2007,BOL,218,Bolivia,11.348119,4,2007q2,2007,567,0,1,0,0,0,0,0,0,0,0,1,0,0,0,0,0
7/1/2007,BOL,218,Bolivia,14.231259,4,2007q3,2007,570,0,1,0,0,0,0,0,0,0,0,1,0,0,0,0,0
10/1/2007,BOL,218,Bolivia,14.771107,4,2007q4,2007,573,0,1,0,0,0,0,0,0,0,0,1,0,0,0,0,0
1/1/2008,BOL,218,Bolivia,15.301593,4,2008q1,2008,576,0,1,0,0,0,0,0,0,0,0,1,0,0,0,0,0
4/1/2008,BOL,218,Bolivia,12.386086,4,2008q2,2008,579,0,1,0,0,0,0,0,0,0,0,1,0,0,0,0,0
7/1/2008,BOL,218,Bolivia,13.26267,4,2008q3,2008,582,0,1,0,0,0,0,0,0,0,0,1,0,0,0,0,0
10/1/2008,BOL,218,Bolivia,9.2137918,4,2008q4,2008,585,0,1,0,0,0,0,0,0,0,0,1,0,0,0,0,0
1/1/2009,BOL,218,Bolivia,4.1098729,4,2009q1,2009,588,0,1,0,0,0,0,0,0,0,0,1,0,0,0,0,0
4/1/2009,BOL,218,Bolivia,6.5202445,4,2009q2,2009,591,0,1,0,0,0,0,0,0,0,0,1,0,0,0,0,0
7/1/2009,BOL,218,Bolivia,6.8209685,4,2009q3,2009,594,0,1,0,0,0,0,0,0,0,0,1,0,0,0,0,0
10/1/2009,BOL,218,Bolivia,1.2970912,4,2009q4,2009,597,0,1,0,0,0,0,0,0,0,0,1,0,0,0,0,0
1/1/2010,BOL,218,Bolivia,5.3589106,5,2010q1,2010,600,0,1,0,0,0,0,0,0,0,0,1,0,0,0,0,0
4/1/2010,BOL,218,Bolivia,3.895262,5,2010q2,2010,603,0,1,0,0,0,0,0,0,0,0,1,0,0,0,0,0
7/1/2010,BOL,218,Bolivia,4.9518373,5,2010q3,2010,606,0,1,0,0,0,0,0,0,0,0,1,0,0,0,0,0
10/1/2010,BOL,218,Bolivia,3.616307,5,2010q4,2010,609,0,1,0,0,0,0,0,0,0,0,1,0,0,0,0,0
1/1/2011,BOL,218,Bolivia,3.1010655,5,2011q1,2011,612,0,1,0,0,0,0,0,0,0,0,1,0,0,0,0,0
4/1/2011,BOL,218,Bolivia,3.6226372,5,2011q2,2011,615,0,1,0,0,0,0,0,0,0,0,1,0,0,0,0,0
7/1/2011,BOL,218,Bolivia,1.6972986,5,2011q3,2011,618,0,1,0,0,0,0,0,0,0,0,1,0,0,0,0,0
10/1/2011,BOL,218,Bolivia,0.69214632,5,2011q4,2011,621,0,1,0,0,0,0,0,0,0,0,1,0,0,0,0,0
1/1/2012,BOL,218,Bolivia,1.3607255,5,2012q1,2012,624,0,1,0,0,0,0,0,0,0,0,1,0,0,0,0,0
4/1/2012,BOL,218,Bolivia,8.3013105,5,2012q2,2012,627,0,1,0,0,0,0,0,0,0,0,1,0,0,0,0,0
7/1/2012,BOL,218,Bolivia,10.045012,5,2012q3,2012,630,0,1,0,0,0,0,0,0,0,0,1,0,0,0,0,0
10/1/2012,BOL,218,Bolivia,7.6655267,5,2012q4,2012,633,0,1,0,0,0,0,0,0,0,0,1,0,0,0,0,0
1/1/2013,BOL,218,Bolivia,7.4527696,5,2013q1,2013,636,0,1,0,0,0,0,0,0,0,0,1,0,0,0,0,0
4/1/2013,BOL,218,Bolivia,5.0151151,5,2013q2,2013,639,0,1,0,0,0,0,0,0,0,0,1,0,0,0,0,0
7/1/2013,BOL,218,Bolivia,4.7125166,5,2013q3,2013,642,0,1,0,0,0,0,0,0,0,0,1,0,0,0,0,0
10/1/2013,BOL,218,Bolivia,-1.8109747,5,2013q4,2013,645,0,1,0,0,0,0,0,0,0,0,1,0,0,0,0,0
1/1/2014,BOL,218,Bolivia,5.0997577,5,2014q1,2014,648,0,1,0,0,0,0,0,0,0,0,1,0,0,0,0,0
4/1/2014,BOL,218,Bolivia,5.9145679,5,2014q2,2014,651,0,1,0,0,0,0,0,0,0,0,1,0,0,0,0,0
7/1/2014,BOL,218,Bolivia,-1.4475885,5,2014q3,2014,654,0,1,0,0,0,0,0,0,0,0,1,0,0,0,0,0
10/1/2014,BOL,218,Bolivia,-3.4260329,5,2014q4,2014,657,0,1,0,0,0,0,0,0,0,0,1,0,0,0,0,0
1/1/2015,BOL,218,Bolivia,-4.3548086,5,2015q1,2015,660,0,1,0,0,0,0,0,0,0,0,1,0,0,0,0,0
4/1/2015,BOL,218,Bolivia,-4.7541753,5,2015q2,2015,663,0,1,0,0,0,0,0,0,0,0,1,0,0,0,0,0
7/1/2015,BOL,218,Bolivia,-5.7530761,5,2015q3,2015,666,0,1,0,0,0,0,0,0,0,0,1,0,0,0,0,0
10/1/2015,BOL,218,Bolivia,-7.3231283,5,2015q4,2015,669,0,1,0,0,0,0,0,0,0,0,1,0,0,0,0,0
1/1/2016,BOL,218,Bolivia,-5.7305923,5,2016q1,2016,672,0,1,0,0,0,0,0,0,0,0,1,0,0,0,0,0
4/1/2016,BOL,218,Bolivia,-6.541565,5,2016q2,2016,675,0,1,0,0,0,0,0,0,0,0,1,0,0,0,0,0
7/1/2016,BOL,218,Bolivia,-4.8185525,5,2016q3,2016,678,0,1,0,0,0,0,0,0,0,0,1,0,0,0,0,0
10/1/2016,BOL,218,Bolivia,-6.204732,5,2016q4,2016,681,0,1,0,0,0,0,0,0,0,0,1,0,0,0,0,0
1/1/2017,BOL,218,Bolivia,-6.1936102,5,2017q1,2017,684,0,1,0,0,0,0,0,0,0,0,1,0,0,0,0,0
4/1/2017,BOL,218,Bolivia,-4.8202761,5,2017q2,2017,687,0,1,0,0,0,0,0,0,0,0,1,0,0,0,0,0
7/1/2017,BOL,218,Bolivia,-4.4353511,5,2017q3,2017,690,0,1,0,0,0,0,0,0,0,0,1,0,0,0,0,0
10/1/2017,BOL,218,Bolivia,-3.9043946,5,2017q4,2017,693,0,1,0,0,0,0,0,0,0,0,1,0,0,0,0,0
1/1/2018,BOL,218,Bolivia,-2.7723738,5,2018q1,2018,696,0,1,0,0,0,0,0,0,0,0,1,0,0,0,0,0
4/1/2018,BOL,218,Bolivia,-2.5700942,5,2018q2,2018,699,0,1,0,0,0,0,0,0,0,0,1,0,0,0,0,0
7/1/2018,BOL,218,Bolivia,-1.5185689,5,2018q3,2018,702,0,1,0,0,0,0,0,0,0,0,1,0,0,0,0,0
10/1/2018,BOL,218,Bolivia,-10.089481,5,2018q4,2018,705,0,1,0,0,0,0,0,0,0,0,1,0,0,0,0,0
1/1/2019,BOL,218,Bolivia,-6.206071,5,2019q1,2019,708,0,1,0,0,0,0,0,0,0,0,1,0,0,0,0,0
4/1/2019,BOL,218,Bolivia,-4.7378132,5,2019q2,2019,711,0,1,0,0,0,0,0,0,0,0,1,0,0,0,0,0
7/1/2019,BOL,218,Bolivia,-0.25539852,5,2019q3,2019,714,0,1,0,0,0,0,0,0,0,0,1,0,0,0,0,0
10/1/2019,BOL,218,Bolivia,-2.3530942,5,2019q4,2019,717,0,1,0,0,0,0,0,0,0,0,1,0,0,0,0,0
1/1/1978,BRA,223,Brazil,-2.86,4,1978q1,1978,216,0,1,1,0,0,0,0,0,0,0,1,0,1,0,0,0
4/1/1978,BRA,223,Brazil,-3.2699998,4,1978q2,1978,219,0,1,1,0,0,0,0,0,0,0,1,0,1,0,0,0
7/1/1978,BRA,223,Brazil,-3.5500001,4,1978q3,1978,222,0,1,1,0,0,0,0,0,0,0,1,0,1,0,0,0
10/1/1978,BRA,223,Brazil,-3.4699999,4,1978q4,1978,225,0,1,1,0,0,0,0,0,0,0,1,0,1,0,0,0
1/1/1979,BRA,223,Brazil,-3.6899999,4,1979q1,1979,228,0,1,1,0,0,0,0,0,0,0,1,0,1,0,0,0
4/1/1979,BRA,223,Brazil,-3.8699999,4,1979q2,1979,231,0,1,1,0,0,0,0,0,0,0,1,0,1,0,0,0
7/1/1979,BRA,223,Brazil,-4.1499998,4,1979q3,1979,234,0,1,1,0,0,0,0,0,0,0,1,0,1,0,0,0
10/1/1979,BRA,223,Brazil,-4.7899999,4,1979q4,1979,237,0,1,1,0,0,0,0,0,0,0,1,0,1,0,0,0
1/1/1980,BRA,223,Brazil,-5.2999999,4,1980q1,1980,240,0,1,1,0,0,0,0,0,0,0,1,0,1,0,0,0
4/1/1980,BRA,223,Brazil,-5.5599999,4,1980q2,1980,243,0,1,1,0,0,0,0,0,0,0,1,0,1,0,0,0
7/1/1980,BRA,223,Brazil,-5.72,4,1980q3,1980,246,0,1,1,0,0,0,0,0,0,0,1,0,1,0,0,0
10/1/1980,BRA,223,Brazil,-5.3599998,4,1980q4,1980,249,0,1,1,0,0,0,0,0,0,0,1,0,1,0,0,0
1/1/1981,BRA,223,Brazil,-4.8700001,4,1981q1,1981,252,0,1,1,0,0,0,0,0,0,0,1,0,1,0,0,0
4/1/1981,BRA,223,Brazil,-4.6999998,4,1981q2,1981,255,0,1,1,0,0,0,0,0,0,0,1,0,1,0,0,0
7/1/1981,BRA,223,Brazil,-4.47,4,1981q3,1981,258,0,1,1,0,0,0,0,0,0,0,1,0,1,0,0,0
10/1/1981,BRA,223,Brazil,-4.5299999,4,1981q4,1981,261,0,1,1,0,0,0,0,0,0,0,1,0,1,0,0,0
1/1/1982,BRA,223,Brazil,-4.82,4,1982q1,1982,264,0,1,1,0,0,0,0,0,0,0,1,0,1,0,0,0
4/1/1982,BRA,223,Brazil,-5.1800001,4,1982q2,1982,267,0,1,1,0,0,0,0,0,0,0,1,0,1,0,0,0
7/1/1982,BRA,223,Brazil,-5.6000002,4,1982q3,1982,270,0,1,1,0,0,0,0,0,0,0,1,0,1,0,0,0
10/1/1982,BRA,223,Brazil,-5.9999999,4,1982q4,1982,273,0,1,1,0,0,0,0,0,0,0,1,0,1,0,0,0
1/1/1983,BRA,223,Brazil,-6.2399998,4,1983q1,1983,276,0,1,1,0,0,0,0,0,0,0,1,0,1,0,0,0
4/1/1983,BRA,223,Brazil,-5.6299999,4,1983q2,1983,279,0,1,1,0,0,0,0,0,0,0,1,0,1,0,0,0
7/1/1983,BRA,223,Brazil,-4.4199999,4,1983q3,1983,282,0,1,1,0,0,0,0,0,0,0,1,0,1,0,0,0
10/1/1983,BRA,223,Brazil,-3.5700001,4,1983q4,1983,285,0,1,1,0,0,0,0,0,0,0,1,0,1,0,0,0
1/1/1984,BRA,223,Brazil,-2.2,4,1984q1,1984,288,0,1,1,0,0,0,0,0,0,0,1,0,1,0,0,0
4/1/1984,BRA,223,Brazil,-1.39,4,1984q2,1984,291,0,1,1,0,0,0,0,0,0,0,1,0,1,0,0,0
7/1/1984,BRA,223,Brazil,-0.68000001,4,1984q3,1984,294,0,1,1,0,0,0,0,0,0,0,1,0,1,0,0,0
10/1/1984,BRA,223,Brazil,0.05,4,1984q4,1984,297,0,1,1,0,0,0,0,0,0,0,1,0,1,0,0,0
1/1/1985,BRA,223,Brazil,-0.41,4,1985q1,1985,300,0,1,1,0,0,0,0,0,0,0,1,0,1,0,0,0
4/1/1985,BRA,223,Brazil,-0.24999999,4,1985q2,1985,303,0,1,1,0,0,0,0,0,0,0,1,0,1,0,0,0
7/1/1985,BRA,223,Brazil,-0.24999999,4,1985q3,1985,306,0,1,1,0,0,0,0,0,0,0,1,0,1,0,0,0
10/1/1985,BRA,223,Brazil,-0.12000001,4,1985q4,1985,309,0,1,1,0,0,0,0,0,0,0,1,0,1,0,0,0
1/1/1986,BRA,223,Brazil,0.20000001,4,1986q1,1986,312,0,1,1,0,0,0,0,0,0,0,1,0,1,0,0,0
4/1/1986,BRA,223,Brazil,0.12000001,4,1986q2,1986,315,0,1,1,0,0,0,0,0,0,0,1,0,1,0,0,0
7/1/1986,BRA,223,Brazil,-0.55,4,1986q3,1986,318,0,1,1,0,0,0,0,0,0,0,1,0,1,0,0,0
10/1/1986,BRA,223,Brazil,-2.06,4,1986q4,1986,321,0,1,1,0,0,0,0,0,0,0,1,0,1,0,0,0
1/1/1987,BRA,223,Brazil,-2.6900001,4,1987q1,1987,324,0,1,1,0,0,0,0,0,0,0,1,0,1,0,0,0
4/1/1987,BRA,223,Brazil,-2.86,4,1987q2,1987,327,0,1,1,0,0,0,0,0,0,0,1,0,1,0,0,0
7/1/1987,BRA,223,Brazil,-1.9300001,4,1987q3,1987,330,0,1,1,0,0,0,0,0,0,0,1,0,1,0,0,0
10/1/1987,BRA,223,Brazil,-0.51000002,4,1987q4,1987,333,0,1,1,0,0,0,0,0,0,0,1,0,1,0,0,0
1/1/1988,BRA,223,Brazil,0.19,4,1988q1,1988,336,0,1,1,0,0,0,0,0,0,0,1,0,1,0,0,0
4/1/1988,BRA,223,Brazil,1.01,4,1988q2,1988,339,0,1,1,0,0,0,0,0,0,0,1,0,1,0,0,0
7/1/1988,BRA,223,Brazil,1.23,4,1988q3,1988,342,0,1,1,0,0,0,0,0,0,0,1,0,1,0,0,0
10/1/1988,BRA,223,Brazil,1.37,4,1988q4,1988,345,0,1,1,0,0,0,0,0,0,0,1,0,1,0,0,0
1/1/1989,BRA,223,Brazil,1.6899999,4,1989q1,1989,348,0,1,1,0,0,0,0,0,0,0,1,0,1,0,0,0
4/1/1989,BRA,223,Brazil,1.11,4,1989q2,1989,351,0,1,1,0,0,0,0,0,0,0,1,0,1,0,0,0
7/1/1989,BRA,223,Brazil,0.37,4,1989q3,1989,354,0,1,1,0,0,0,0,0,0,0,1,0,1,0,0,0
10/1/1989,BRA,223,Brazil,0.24999999,4,1989q4,1989,357,0,1,1,0,0,0,0,0,0,0,1,0,1,0,0,0
1/1/1990,BRA,223,Brazil,-0.57000001,4,1990q1,1990,360,0,1,1,0,0,0,0,0,0,0,1,0,1,0,0,0
4/1/1990,BRA,223,Brazil,-0.27000001,4,1990q2,1990,363,0,1,1,0,0,0,0,0,0,0,1,0,1,0,0,0
7/1/1990,BRA,223,Brazil,-0.29,4,1990q3,1990,366,0,1,1,0,0,0,0,0,0,0,1,0,1,0,0,0
10/1/1990,BRA,223,Brazil,-0.81000002,4,1990q4,1990,369,0,1,1,0,0,0,0,0,0,0,1,0,1,0,0,0
1/1/1991,BRA,223,Brazil,-0.23000001,4,1991q1,1991,372,0,1,1,0,0,0,0,0,0,0,1,0,1,0,0,0
4/1/1991,BRA,223,Brazil,-0.40000002,4,1991q2,1991,375,0,1,1,0,0,0,0,0,0,0,1,0,1,0,0,0
7/1/1991,BRA,223,Brazil,-0.66,4,1991q3,1991,378,0,1,1,0,0,0,0,0,0,0,1,0,1,0,0,0
10/1/1991,BRA,223,Brazil,-0.35000001,4,1991q4,1991,381,0,1,1,0,0,0,0,0,0,0,1,0,1,0,0,0
1/1/1992,BRA,223,Brazil,-0.05,4,1992q1,1992,384,0,1,1,0,0,0,0,0,0,0,1,0,1,0,0,0
4/1/1992,BRA,223,Brazil,0.31999999,4,1992q2,1992,387,0,1,1,0,0,0,0,0,0,0,1,0,1,0,0,0
7/1/1992,BRA,223,Brazil,0.82,4,1992q3,1992,390,0,1,1,0,0,0,0,0,0,0,1,0,1,0,0,0
10/1/1992,BRA,223,Brazil,1.5799999,4,1992q4,1992,393,0,1,1,0,0,0,0,0,0,0,1,0,1,0,0,0
1/1/1993,BRA,223,Brazil,1.18,4,1993q1,1993,396,0,1,1,0,0,0,0,0,0,0,1,0,1,0,0,0
4/1/1993,BRA,223,Brazil,0.57999999,4,1993q2,1993,399,0,1,1,0,0,0,0,0,0,0,1,0,1,0,0,0
7/1/1993,BRA,223,Brazil,0.41999999,4,1993q3,1993,402,0,1,1,0,0,0,0,0,0,0,1,0,1,0,0,0
10/1/1993,BRA,223,Brazil,-0.16,4,1993q4,1993,405,0,1,1,0,0,0,0,0,0,0,1,0,1,0,0,0
1/1/1994,BRA,223,Brazil,-0.04,4,1994q1,1994,408,0,1,1,0,0,0,0,0,0,0,1,0,1,0,0,0
4/1/1994,BRA,223,Brazil,0.15,4,1994q2,1994,411,0,1,1,0,0,0,0,0,0,0,1,0,1,0,0,0
7/1/1994,BRA,223,Brazil,0.55999998,4,1994q3,1994,414,0,1,1,0,0,0,0,0,0,0,1,0,1,0,0,0
10/1/1994,BRA,223,Brazil,-0.33,4,1994q4,1994,417,0,1,1,0,0,0,0,0,0,0,1,0,1,0,0,0
1/1/1995,BRA,223,Brazil,-2.73,4,1995q1,1995,420,0,1,1,0,0,0,0,0,0,0,1,0,1,0,0,0
4/1/1995,BRA,223,Brazil,-2.41,4,1995q2,1995,423,0,1,1,0,0,0,0,0,0,0,1,0,1,0,0,0
7/1/1995,BRA,223,Brazil,-2.9200001,4,1995q3,1995,426,0,1,1,0,0,0,0,0,0,0,1,0,1,0,0,0
10/1/1995,BRA,223,Brazil,-2.39,4,1995q4,1995,429,0,1,1,0,0,0,0,0,0,0,1,0,1,0,0,0
1/1/1996,BRA,223,Brazil,-2.13904,1,1996q1,1996,432,0,1,1,0,0,0,0,0,0,0,1,0,1,0,0,0
4/1/1996,BRA,223,Brazil,-1.970611,1,1996q2,1996,435,0,1,1,0,0,0,0,0,0,0,1,0,1,0,0,0
7/1/1996,BRA,223,Brazil,-3.142807,1,1996q3,1996,438,0,1,1,0,0,0,0,0,0,0,1,0,1,0,0,0
10/1/1996,BRA,223,Brazil,-3.731734,1,1996q4,1996,441,0,1,1,0,0,0,0,0,0,0,1,0,1,0,0,0
1/1/1997,BRA,223,Brazil,-2.664288,1,1997q1,1997,444,0,1,1,0,0,0,0,0,0,0,1,0,1,0,0,0
4/1/1997,BRA,223,Brazil,-3.574923,1,1997q2,1997,447,0,1,1,0,0,0,0,0,0,0,1,0,1,0,0,0
7/1/1997,BRA,223,Brazil,-3.927857,1,1997q3,1997,450,0,1,1,0,0,0,0,0,0,0,1,0,1,0,0,0
10/1/1997,BRA,223,Brazil,-3.886538,1,1997q4,1997,453,0,1,1,0,0,0,0,0,0,0,1,0,1,0,0,0
1/1/1998,BRA,223,Brazil,-3.689937,1,1998q1,1998,456,0,1,1,0,0,0,0,0,0,0,1,0,1,0,0,0
4/1/1998,BRA,223,Brazil,-3.279021,1,1998q2,1998,459,0,1,1,0,0,0,0,0,0,0,1,0,1,0,0,0
7/1/1998,BRA,223,Brazil,-4.492019,1,1998q3,1998,462,0,1,1,0,0,0,0,0,0,0,1,0,1,0,0,0
10/1/1998,BRA,223,Brazil,-4.394714,1,1998q4,1998,465,0,1,1,0,0,0,0,0,0,0,1,0,1,0,0,0
1/1/1999,BRA,223,Brazil,-5.036269,1,1999q1,1999,468,0,1,1,0,0,0,0,0,0,0,1,0,1,0,0,0
4/1/1999,BRA,223,Brazil,-4.337232,1,1999q2,1999,471,0,1,1,0,0,0,0,0,0,0,1,0,1,0,0,0
7/1/1999,BRA,223,Brazil,-4.095003,1,1999q3,1999,474,0,1,1,0,0,0,0,0,0,0,1,0,1,0,0,0
10/1/1999,BRA,223,Brazil,-3.839076,1,1999q4,1999,477,0,1,1,0,0,0,0,0,0,0,1,0,1,0,0,0
1/1/2000,BRA,223,Brazil,-3.293491,1,2000q1,2000,480,0,1,1,0,0,0,0,0,0,0,1,0,1,0,0,0
4/1/2000,BRA,223,Brazil,-4.149225,1,2000q2,2000,483,0,1,1,0,0,0,0,0,0,0,1,0,1,0,0,0
7/1/2000,BRA,223,Brazil,-3.803333,1,2000q3,2000,486,0,1,1,0,0,0,0,0,0,0,1,0,1,0,0,0
10/1/2000,BRA,223,Brazil,-5.098768,1,2000q4,2000,489,0,1,1,0,0,0,0,0,0,0,1,0,1,0,0,0
1/1/2001,BRA,223,Brazil,-4.793688,1,2001q1,2001,492,0,1,1,0,0,0,0,0,0,0,1,0,1,0,0,0
4/1/2001,BRA,223,Brazil,-4.702349,1,2001q2,2001,495,0,1,1,0,0,0,0,0,0,0,1,0,1,0,0,0
7/1/2001,BRA,223,Brazil,-4.617165,1,2001q3,2001,498,0,1,1,0,0,0,0,0,0,0,1,0,1,0,0,0
10/1/2001,BRA,223,Brazil,-3.686243,1,2001q4,2001,501,0,1,1,0,0,0,0,0,0,0,1,0,1,0,0,0
1/1/2002,BRA,223,Brazil,-2.648879,1,2002q1,2002,504,0,1,1,0,0,0,0,0,0,0,1,0,1,0,0,0
4/1/2002,BRA,223,Brazil,-3.469909,1,2002q2,2002,507,0,1,1,0,0,0,0,0,0,0,1,0,1,0,0,0
7/1/2002,BRA,223,Brazil,-0.990686,1,2002q3,2002,510,0,1,1,0,0,0,0,0,0,0,1,0,1,0,0,0
10/1/2002,BRA,223,Brazil,0.1152699,1,2002q4,2002,513,0,1,1,0,0,0,0,0,0,0,1,0,1,0,0,0
1/1/2003,BRA,223,Brazil,0.1600836,1,2003q1,2003,516,0,1,1,0,0,0,0,0,0,0,1,0,1,0,0,0
4/1/2003,BRA,223,Brazil,0.1981269,1,2003q2,2003,519,0,1,1,0,0,0,0,0,0,0,1,0,1,0,0,0
7/1/2003,BRA,223,Brazil,0.5521056,1,2003q3,2003,522,0,1,1,0,0,0,0,0,0,0,1,0,1,0,0,0
10/1/2003,BRA,223,Brazil,0.9036078,1,2003q4,2003,525,0,1,1,0,0,0,0,0,0,0,1,0,1,0,0,0
1/1/2004,BRA,223,Brazil,0.9672399,1,2004q1,2004,528,0,1,1,0,0,0,0,0,0,0,1,0,1,0,0,0
4/1/2004,BRA,223,Brazil,1.459276,1,2004q2,2004,531,0,1,1,0,0,0,0,0,0,0,1,0,1,0,0,0
7/1/2004,BRA,223,Brazil,1.892121,1,2004q3,2004,534,0,1,1,0,0,0,0,0,0,0,1,0,1,0,0,0
10/1/2004,BRA,223,Brazil,1.494476,1,2004q4,2004,537,0,1,1,0,0,0,0,0,0,0,1,0,1,0,0,0
1/1/2005,BRA,223,Brazil,1.351345,1,2005q1,2005,540,0,1,1,0,0,0,0,0,0,0,1,0,1,0,0,0
4/1/2005,BRA,223,Brazil,1.028279,1,2005q2,2005,543,0,1,1,0,0,0,0,0,0,0,1,0,1,0,0,0
7/1/2005,BRA,223,Brazil,1.322436,1,2005q3,2005,546,0,1,1,0,0,0,0,0,0,0,1,0,1,0,0,0
10/1/2005,BRA,223,Brazil,1.24124,1,2005q4,2005,549,0,1,1,0,0,0,0,0,0,0,1,0,1,0,0,0
1/1/2006,BRA,223,Brazil,1.043397,1,2006q1,2006,552,0,1,1,0,0,0,0,0,0,0,1,0,1,0,0,0
4/1/2006,BRA,223,Brazil,0.2620616,1,2006q2,2006,555,0,1,1,0,0,0,0,0,0,0,1,0,1,0,0,0
7/1/2006,BRA,223,Brazil,1.321327,1,2006q3,2006,558,0,1,1,0,0,0,0,0,0,0,1,0,1,0,0,0
10/1/2006,BRA,223,Brazil,1.062334,1,2006q4,2006,561,0,1,1,0,0,0,0,0,0,0,1,0,1,0,0,0
1/1/2007,BRA,223,Brazil,0.5595145,1,2007q1,2007,564,0,1,1,0,0,0,0,0,0,0,1,0,1,0,0,0
4/1/2007,BRA,223,Brazil,0.2031027,1,2007q2,2007,567,0,1,1,0,0,0,0,0,0,0,1,0,1,0,0,0
7/1/2007,BRA,223,Brazil,-0.7547032,1,2007q3,2007,570,0,1,1,0,0,0,0,0,0,0,1,0,1,0,0,0
10/1/2007,BRA,223,Brazil,-0.8891225,1,2007q4,2007,573,0,1,1,0,0,0,0,0,0,0,1,0,1,0,0,0
1/1/2008,BRA,223,Brazil,-2.340701,1,2008q1,2008,576,0,1,1,0,0,0,0,0,0,0,1,0,1,0,0,0
4/1/2008,BRA,223,Brazil,-2.065512,1,2008q2,2008,579,0,1,1,0,0,0,0,0,0,0,1,0,1,0,0,0
7/1/2008,BRA,223,Brazil,-2.47817,1,2008q3,2008,582,0,1,1,0,0,0,0,0,0,0,1,0,1,0,0,0
10/1/2008,BRA,223,Brazil,-1.48514,1,2008q4,2008,585,0,1,1,0,0,0,0,0,0,0,1,0,1,0,0,0
1/1/2009,BRA,223,Brazil,-1.537089,1,2009q1,2009,588,0,1,1,0,0,0,0,0,0,0,1,0,1,0,0,0
4/1/2009,BRA,223,Brazil,-1.08543,1,2009q2,2009,591,0,1,1,0,0,0,0,0,0,0,1,0,1,0,0,0
7/1/2009,BRA,223,Brazil,-1.606061,1,2009q3,2009,594,0,1,1,0,0,0,0,0,0,0,1,0,1,0,0,0
10/1/2009,BRA,223,Brazil,-2.279436,1,2009q4,2009,597,0,1,1,0,0,0,0,0,0,0,1,0,1,0,0,0
1/1/2010,BRA,223,Brazil,-4.373952,1,2010q1,2010,600,0,1,1,0,0,0,0,0,0,0,1,0,1,0,0,0
4/1/2010,BRA,223,Brazil,-4.002722,1,2010q2,2010,603,0,1,1,0,0,0,0,0,0,0,1,0,1,0,0,0
7/1/2010,BRA,223,Brazil,-4.225842,1,2010q3,2010,606,0,1,1,0,0,0,0,0,0,0,1,0,1,0,0,0
10/1/2010,BRA,223,Brazil,-3.116904,1,2010q4,2010,609,0,1,1,0,0,0,0,0,0,0,1,0,1,0,0,0
1/1/2011,BRA,223,Brazil,-3.169911,1,2011q1,2011,612,0,1,1,0,0,0,0,0,0,0,1,0,1,0,0,0
4/1/2011,BRA,223,Brazil,-3.181002,1,2011q2,2011,615,0,1,1,0,0,0,0,0,0,0,1,0,1,0,0,0
7/1/2011,BRA,223,Brazil,-3.11818,1,2011q3,2011,618,0,1,1,0,0,0,0,0,0,0,1,0,1,0,0,0
10/1/2011,BRA,223,Brazil,-3.759527,1,2011q4,2011,621,0,1,1,0,0,0,0,0,0,0,1,0,1,0,0,0
1/1/2012,BRA,223,Brazil,-3.128796,1,2012q1,2012,624,0,1,1,0,0,0,0,0,0,0,1,0,1,0,0,0
4/1/2012,BRA,223,Brazil,-4.018697,1,2012q2,2012,627,0,1,1,0,0,0,0,0,0,0,1,0,1,0,0,0
7/1/2012,BRA,223,Brazil,-3.511314,1,2012q3,2012,630,0,1,1,0,0,0,0,0,0,0,1,0,1,0,0,0
10/1/2012,BRA,223,Brazil,-4.776292,1,2012q4,2012,633,0,1,1,0,0,0,0,0,0,0,1,0,1,0,0,0
1/1/2013,BRA,223,Brazil,-3.614701,1,2013q1,2013,636,0,1,1,0,0,0,0,0,0,0,1,0,1,0,0,0
4/1/2013,BRA,223,Brazil,-3.43895,1,2013q2,2013,639,0,1,1,0,0,0,0,0,0,0,1,0,1,0,0,0
7/1/2013,BRA,223,Brazil,-4.169774,1,2013q3,2013,642,0,1,1,0,0,0,0,0,0,0,1,0,1,0,0,0
10/1/2013,BRA,223,Brazil,-3.385595,1,2013q4,2013,645,0,1,1,0,0,0,0,0,0,0,1,0,1,0,0,0
1/1/2014,BRA,223,Brazil,-4.447703,1,2014q1,2014,648,0,1,1,0,0,0,0,0,0,0,1,0,1,0,0,0
4/1/2014,BRA,223,Brazil,-3.965819,1,2014q2,2014,651,0,1,1,0,0,0,0,0,0,0,1,0,1,0,0,0
7/1/2014,BRA,223,Brazil,-4.346774,1,2014q3,2014,654,0,1,1,0,0,0,0,0,0,0,1,0,1,0,0,0
10/1/2014,BRA,223,Brazil,-5.085532,1,2014q4,2014,657,0,1,1,0,0,0,0,0,0,0,1,0,1,0,0,0
1/1/2015,BRA,223,Brazil,-5.026999,1,2015q1,2015,660,0,1,1,0,0,0,0,0,0,0,1,0,1,0,0,0
4/1/2015,BRA,223,Brazil,-3.631985,1,2015q2,2015,663,0,1,1,0,0,0,0,0,0,0,1,0,1,0,0,0
7/1/2015,BRA,223,Brazil,-2.766471,1,2015q3,2015,666,0,1,1,0,0,0,0,0,0,0,1,0,1,0,0,0
10/1/2015,BRA,223,Brazil,-1.964047,1,2015q4,2015,669,0,1,1,0,0,0,0,0,0,0,1,0,1,0,0,0
1/1/2016,BRA,223,Brazil,-1.669158,1,2016q1,2016,672,0,1,1,0,0,0,0,0,0,0,1,0,1,0,0,0
4/1/2016,BRA,223,Brazil,-1.499343,1,2016q2,2016,675,0,1,1,0,0,0,0,0,0,0,1,0,1,0,0,0
7/1/2016,BRA,223,Brazil,-1.383683,1,2016q3,2016,678,0,1,1,0,0,0,0,0,0,0,1,0,1,0,0,0
10/1/2016,BRA,223,Brazil,-2.183019,1,2016q4,2016,681,0,1,1,0,0,0,0,0,0,0,1,0,1,0,0,0
1/1/2017,BRA,223,Brazil,-0.5709425,1,2017q1,2017,684,0,1,1,0,0,0,0,0,0,0,1,0,1,0,0,0
4/1/2017,BRA,223,Brazil,-0.7933685,1,2017q2,2017,687,0,1,1,0,0,0,0,0,0,0,1,0,1,0,0,0
7/1/2017,BRA,223,Brazil,-1.615169,1,2017q3,2017,690,0,1,1,0,0,0,0,0,0,0,1,0,1,0,0,0
10/1/2017,BRA,223,Brazil,-2.068487,1,2017q4,2017,693,0,1,1,0,0,0,0,0,0,0,1,0,1,0,0,0
1/1/2018,BRA,223,Brazil,-2.346029,1,2018q1,2018,696,0,1,1,0,0,0,0,0,0,0,1,0,1,0,0,0
4/1/2018,BRA,223,Brazil,-2.310562,1,2018q2,2018,699,0,1,1,0,0,0,0,0,0,0,1,0,1,0,0,0
7/1/2018,BRA,223,Brazil,-3.613166,1,2018q3,2018,702,0,1,1,0,0,0,0,0,0,0,1,0,1,0,0,0
10/1/2018,BRA,223,Brazil,-3.153085,1,2018q4,2018,705,0,1,1,0,0,0,0,0,0,0,1,0,1,0,0,0
1/1/2019,BRA,223,Brazil,-2.438216,1,2019q1,2019,708,0,1,1,0,0,0,0,0,0,0,1,0,1,0,0,0
4/1/2019,BRA,223,Brazil,-2.853747,1,2019q2,2019,711,0,1,1,0,0,0,0,0,0,0,1,0,1,0,0,0
7/1/2019,BRA,223,Brazil,-4.55518,1,2019q3,2019,714,0,1,1,0,0,0,0,0,0,0,1,0,1,0,0,0
10/1/2019,BRA,223,Brazil,-4.184784,1,2019q4,2019,717,0,1,1,0,0,0,0,0,0,0,1,0,1,0,0,0
1/1/2020,BRA,223,Brazil,-3.729917,1,2020q1,2020,720,0,1,1,0,0,0,0,0,0,0,1,0,1,0,0,0
4/1/2020,BRA,223,Brazil,0.6152598,1,2020q2,2020,723,0,1,1,0,0,0,0,0,0,0,1,0,1,0,0,0
7/1/2020,BRA,223,Brazil,0.4794756,1,2020q3,2020,726,0,1,1,0,0,0,0,0,0,0,1,0,1,0,0,0
10/1/2020,BRA,223,Brazil,-2.696128,1,2020q4,2020,729,0,1,1,0,0,0,0,0,0,0,1,0,1,0,0,0
1/1/2021,BRA,223,Brazil,-4.516801,1,2021q1,2021,732,0,1,1,0,0,0,0,0,0,0,1,0,1,0,0,0
4/1/2021,BRA,223,Brazil,0.6422731,1,2021q2,2021,735,0,1,1,0,0,0,0,0,0,0,1,0,1,0,0,0
7/1/2021,BRA,223,Brazil,-1.306261,1,2021q3,2021,738,0,1,1,0,0,0,0,0,0,0,1,0,1,0,0,0
10/1/2021,BRA,223,Brazil,-4.497679,1,2021q4,2021,741,0,1,1,0,0,0,0,0,0,0,1,0,1,0,0,0
1/1/2022,BRA,223,Brazil,-1.458972,1,2022q1,2022,744,0,1,1,0,0,0,0,0,0,0,1,0,1,0,0,0
4/1/2022,BRA,223,Brazil,-1.621522,1,2022q2,2022,747,0,1,1,0,0,0,0,0,0,0,1,0,1,0,0,0
7/1/2022,BRA,223,Brazil,-3.181796,1,2022q3,2022,750,0,1,1,0,0,0,0,0,0,0,1,0,1,0,0,0
10/1/2022,BRA,223,Brazil,-2.631898,1,2022q4,2022,753,0,1,1,0,0,0,0,0,0,0,1,0,1,0,0,0
1/1/2023,BRA,223,Brazil,-1.463996,1,2023q1,2023,756,0,1,1,0,0,0,0,0,0,0,1,0,1,0,0,0
4/1/2023,BRA,223,Brazil,-1.725036,1,2023q2,2023,759,0,1,1,0,0,0,0,0,0,0,1,0,1,0,0,0
7/1/2023,BRA,223,Brazil,-1.219673,1,2023q3,2023,762,0,1,1,0,0,0,0,0,0,0,1,0,1,0,0,0
10/1/2023,BRA,223,Brazil,-1.050395,1,2023q4,2023,765,0,1,1,0,0,0,0,0,0,0,1,0,1,0,0,0
1/1/2024,BRA,223,Brazil,-1.390288,1,2024q1,2024,768,0,1,1,0,0,0,0,0,0,0,1,0,1,0,0,0
4/1/2024,BRA,223,Brazil,-2.708112,1,2024q2,2024,771,0,1,1,0,0,0,0,0,0,0,1,0,1,0,0,0
7/1/2024,BRA,223,Brazil,-3.869088,1,2024q3,2024,774,0,1,1,0,0,0,0,0,0,0,1,0,1,0,0,0
10/1/2024,BRA,223,Brazil,-3.899417,1,2024q4,2024,777,0,1,1,0,0,0,0,0,0,0,1,0,1,0,0,0
1/1/1991,CHL,228,Chile,-1.4670206,4,1991q1,1991,372,0,1,1,0,0,0,0,0,0,0,1,0,1,0,0,0
4/1/1991,CHL,228,Chile,2.6383987,4,1991q2,1991,375,0,1,1,0,0,0,0,0,0,0,1,0,1,0,0,0
7/1/1991,CHL,228,Chile,-0.82350099,4,1991q3,1991,378,0,1,1,0,0,0,0,0,0,0,1,0,1,0,0,0
10/1/1991,CHL,228,Chile,-1.1815667,4,1991q4,1991,381,0,1,1,0,0,0,0,0,0,0,1,0,1,0,0,0
1/1/1992,CHL,228,Chile,-2.7102156,4,1992q1,1992,384,0,1,1,0,0,0,0,0,0,0,1,0,1,0,0,0
4/1/1992,CHL,228,Chile,-0.29678255,4,1992q2,1992,387,0,1,1,0,0,0,0,0,0,0,1,0,1,0,0,0
7/1/1992,CHL,228,Chile,-2.4732633,4,1992q3,1992,390,0,1,1,0,0,0,0,0,0,0,1,0,1,0,0,0
10/1/1992,CHL,228,Chile,-3.7725386,4,1992q4,1992,393,0,1,1,0,0,0,0,0,0,0,1,0,1,0,0,0
1/1/1993,CHL,228,Chile,-6.2672824,4,1993q1,1993,396,0,1,1,0,0,0,0,0,0,0,1,0,1,0,0,0
4/1/1993,CHL,228,Chile,-5.9552887,4,1993q2,1993,399,0,1,1,0,0,0,0,0,0,0,1,0,1,0,0,0
7/1/1993,CHL,228,Chile,-4.969772,4,1993q3,1993,402,0,1,1,0,0,0,0,0,0,0,1,0,1,0,0,0
10/1/1993,CHL,228,Chile,-5.9456988,4,1993q4,1993,405,0,1,1,0,0,0,0,0,0,0,1,0,1,0,0,0
1/1/1994,CHL,228,Chile,-5.1447389,4,1994q1,1994,408,0,1,1,0,0,0,0,0,0,0,1,0,1,0,0,0
4/1/1994,CHL,228,Chile,-5.0449783,4,1994q2,1994,411,0,1,1,0,0,0,0,0,0,0,1,0,1,0,0,0
7/1/1994,CHL,228,Chile,-1.9423762,4,1994q3,1994,414,0,1,1,0,0,0,0,0,0,0,1,0,1,0,0,0
10/1/1994,CHL,228,Chile,-0.07339388,4,1994q4,1994,417,0,1,1,0,0,0,0,0,0,0,1,0,1,0,0,0
1/1/1995,CHL,228,Chile,-0.27904406,4,1995q1,1995,420,0,1,1,0,0,0,0,0,0,0,1,0,1,0,0,0
4/1/1995,CHL,228,Chile,-1.8303087,4,1995q2,1995,423,0,1,1,0,0,0,0,0,0,0,1,0,1,0,0,0
7/1/1995,CHL,228,Chile,-2.7885398,4,1995q3,1995,426,0,1,1,0,0,0,0,0,0,0,1,0,1,0,0,0
10/1/1995,CHL,228,Chile,-2.6623983,4,1995q4,1995,429,0,1,1,0,0,0,0,0,0,0,1,0,1,0,0,0
1/1/1996,CHL,228,Chile,-5.1610323,3,1996q1,1996,432,0,1,1,0,0,0,0,0,0,0,1,0,1,0,0,0
4/1/1996,CHL,228,Chile,-3.1258843,3,1996q2,1996,435,0,1,1,0,0,0,0,0,0,0,1,0,1,0,0,0
7/1/1996,CHL,228,Chile,-5.0503794,3,1996q3,1996,438,0,1,1,0,0,0,0,0,0,0,1,0,1,0,0,0
10/1/1996,CHL,228,Chile,-7.8631024,3,1996q4,1996,441,0,1,1,0,0,0,0,0,0,0,1,0,1,0,0,0
1/1/1997,CHL,228,Chile,-0.85998805,3,1997q1,1997,444,0,1,1,0,0,0,0,0,0,0,1,0,1,0,0,0
4/1/1997,CHL,228,Chile,-5.242965,3,1997q2,1997,447,0,1,1,0,0,0,0,0,0,0,1,0,1,0,0,0
7/1/1997,CHL,228,Chile,-6.310825,3,1997q3,1997,450,0,1,1,0,0,0,0,0,0,0,1,0,1,0,0,0
10/1/1997,CHL,228,Chile,-9.8102502,3,1997q4,1997,453,0,1,1,0,0,0,0,0,0,0,1,0,1,0,0,0
1/1/1998,CHL,228,Chile,-9.2002548,3,1998q1,1998,456,0,1,1,0,0,0,0,0,0,0,1,0,1,0,0,0
4/1/1998,CHL,228,Chile,-7.9693941,3,1998q2,1998,459,0,1,1,0,0,0,0,0,0,0,1,0,1,0,0,0
7/1/1998,CHL,228,Chile,-6.6138211,3,1998q3,1998,462,0,1,1,0,0,0,0,0,0,0,1,0,1,0,0,0
10/1/1998,CHL,228,Chile,-2.0630963,3,1998q4,1998,465,0,1,1,0,0,0,0,0,0,0,1,0,1,0,0,0
1/1/1999,CHL,228,Chile,-0.22985179,3,1999q1,1999,468,0,1,1,0,0,0,0,0,0,0,1,0,1,0,0,0
4/1/1999,CHL,228,Chile,-1.5462747,3,1999q2,1999,471,0,1,1,0,0,0,0,0,0,0,1,0,1,0,0,0
7/1/1999,CHL,228,Chile,1.0208429,3,1999q3,1999,474,0,1,1,0,0,0,0,0,0,0,1,0,1,0,0,0
10/1/1999,CHL,228,Chile,1.3817137,3,1999q4,1999,477,0,1,1,0,0,0,0,0,0,0,1,0,1,0,0,0
1/1/2000,CHL,228,Chile,1.100511,3,2000q1,2000,480,0,1,1,0,0,0,0,0,0,0,1,0,1,0,0,0
4/1/2000,CHL,228,Chile,-4.723242,3,2000q2,2000,483,0,1,1,0,0,0,0,0,0,0,1,0,1,0,0,0
7/1/2000,CHL,228,Chile,-0.20618203,3,2000q3,2000,486,0,1,1,0,0,0,0,0,0,0,1,0,1,0,0,0
10/1/2000,CHL,228,Chile,-2.2607041,3,2000q4,2000,489,0,1,1,0,0,0,0,0,0,0,1,0,1,0,0,0
1/1/2001,CHL,228,Chile,-4.7667128,3,2001q1,2001,492,0,1,1,0,0,0,0,0,0,0,1,0,1,0,0,0
4/1/2001,CHL,228,Chile,-2.4572959,3,2001q2,2001,495,0,1,1,0,0,0,0,0,0,0,1,0,1,0,0,0
7/1/2001,CHL,228,Chile,-2.3926125,3,2001q3,2001,498,0,1,1,0,0,0,0,0,0,0,1,0,1,0,0,0
10/1/2001,CHL,228,Chile,0.99408494,3,2001q4,2001,501,0,1,1,0,0,0,0,0,0,0,1,0,1,0,0,0
1/1/2002,CHL,228,Chile,-1.0246694,3,2002q1,2002,504,0,1,1,0,0,0,0,0,0,0,1,0,1,0,0,0
4/1/2002,CHL,228,Chile,-1.2975836,3,2002q2,2002,507,0,1,1,0,0,0,0,0,0,0,1,0,1,0,0,0
7/1/2002,CHL,228,Chile,-3.5300059,3,2002q3,2002,510,0,1,1,0,0,0,0,0,0,0,1,0,1,0,0,0
10/1/2002,CHL,228,Chile,1.2258499,3,2002q4,2002,513,0,1,1,0,0,0,0,0,0,0,1,0,1,0,0,0
1/1/2003,CHL,228,Chile,-0.1171942,1,2003q1,2003,516,0,1,1,0,0,0,0,0,0,0,1,0,1,0,0,0
4/1/2003,CHL,228,Chile,-2.791162,1,2003q2,2003,519,0,1,1,0,0,0,0,0,0,0,1,0,1,0,0,0
7/1/2003,CHL,228,Chile,1.73863,1,2003q3,2003,522,0,1,1,0,0,0,0,0,0,0,1,0,1,0,0,0
10/1/2003,CHL,228,Chile,4.22431,1,2003q4,2003,525,0,1,1,0,0,0,0,0,0,0,1,0,1,0,0,0
1/1/2004,CHL,228,Chile,0.8472492,1,2004q1,2004,528,0,1,1,0,0,0,0,0,0,0,1,0,1,0,0,0
4/1/2004,CHL,228,Chile,2.468062,1,2004q2,2004,531,0,1,1,0,0,0,0,0,0,0,1,0,1,0,0,0
7/1/2004,CHL,228,Chile,2.703552,1,2004q3,2004,534,0,1,1,0,0,0,0,0,0,0,1,0,1,0,0,0
10/1/2004,CHL,228,Chile,2.397442,1,2004q4,2004,537,0,1,1,0,0,0,0,0,0,0,1,0,1,0,0,0
1/1/2005,CHL,228,Chile,2.41357,1,2005q1,2005,540,0,1,1,0,0,0,0,0,0,0,1,0,1,0,0,0
4/1/2005,CHL,228,Chile,0.5425981,1,2005q2,2005,543,0,1,1,0,0,0,0,0,0,0,1,0,1,0,0,0
7/1/2005,CHL,228,Chile,1.053059,1,2005q3,2005,546,0,1,1,0,0,0,0,0,0,0,1,0,1,0,0,0
10/1/2005,CHL,228,Chile,3.971695,1,2005q4,2005,549,0,1,1,0,0,0,0,0,0,0,1,0,1,0,0,0
1/1/2006,CHL,228,Chile,3.783441,1,2006q1,2006,552,0,1,1,0,0,0,0,0,0,0,1,0,1,0,0,0
4/1/2006,CHL,228,Chile,7.09941,1,2006q2,2006,555,0,1,1,0,0,0,0,0,0,0,1,0,1,0,0,0
7/1/2006,CHL,228,Chile,5.200515,1,2006q3,2006,558,0,1,1,0,0,0,0,0,0,0,1,0,1,0,0,0
10/1/2006,CHL,228,Chile,7.343248,1,2006q4,2006,561,0,1,1,0,0,0,0,0,0,0,1,0,1,0,0,0
1/1/2007,CHL,228,Chile,6.63906,1,2007q1,2007,564,0,1,1,0,0,0,0,0,0,0,1,0,1,0,0,0
4/1/2007,CHL,228,Chile,7.194976,1,2007q2,2007,567,0,1,1,0,0,0,0,0,0,0,1,0,1,0,0,0
7/1/2007,CHL,228,Chile,5.432327,1,2007q3,2007,570,0,1,1,0,0,0,0,0,0,0,1,0,1,0,0,0
10/1/2007,CHL,228,Chile,1.370007,1,2007q4,2007,573,0,1,1,0,0,0,0,0,0,0,1,0,1,0,0,0
1/1/2008,CHL,228,Chile,1.759502,1,2008q1,2008,576,0,1,1,0,0,0,0,0,0,0,1,0,1,0,0,0
4/1/2008,CHL,228,Chile,-3.901594,1,2008q2,2008,579,0,1,1,0,0,0,0,0,0,0,1,0,1,0,0,0
7/1/2008,CHL,228,Chile,-8.451393,1,2008q3,2008,582,0,1,1,0,0,0,0,0,0,0,1,0,1,0,0,0
10/1/2008,CHL,228,Chile,-9.109486,1,2008q4,2008,585,0,1,1,0,0,0,0,0,0,0,1,0,1,0,0,0
1/1/2009,CHL,228,Chile,-0.566273,1,2009q1,2009,588,0,1,1,0,0,0,0,0,0,0,1,0,1,0,0,0
4/1/2009,CHL,228,Chile,1.143328,1,2009q2,2009,591,0,1,1,0,0,0,0,0,0,0,1,0,1,0,0,0
7/1/2009,CHL,228,Chile,2.246664,1,2009q3,2009,594,0,1,1,0,0,0,0,0,0,0,1,0,1,0,0,0
10/1/2009,CHL,228,Chile,2.560732,1,2009q4,2009,597,0,1,1,0,0,0,0,0,0,0,1,0,1,0,0,0
1/1/2010,CHL,228,Chile,0.5426456,1,2010q1,2010,600,0,1,1,0,0,0,0,0,0,0,1,0,1,0,0,0
4/1/2010,CHL,228,Chile,-0.6442462,1,2010q2,2010,603,0,1,1,0,0,0,0,0,0,0,1,0,1,0,0,0
7/1/2010,CHL,228,Chile,0.9653671,1,2010q3,2010,606,0,1,1,0,0,0,0,0,0,0,1,0,1,0,0,0
10/1/2010,CHL,228,Chile,2.632292,1,2010q4,2010,609,0,1,1,0,0,0,0,0,0,0,1,0,1,0,0,0
1/1/2011,CHL,228,Chile,-3.743981,1,2011q1,2011,612,0,1,1,0,0,0,0,0,0,0,1,0,1,0,0,0
4/1/2011,CHL,228,Chile,-3.759311,1,2011q2,2011,615,0,1,1,0,0,0,0,0,0,0,1,0,1,0,0,0
7/1/2011,CHL,228,Chile,-6.154515,1,2011q3,2011,618,0,1,1,0,0,0,0,0,0,0,1,0,1,0,0,0
10/1/2011,CHL,228,Chile,-5.776384,1,2011q4,2011,621,0,1,1,0,0,0,0,0,0,0,1,0,1,0,0,0
1/1/2012,CHL,228,Chile,-3.662581,1,2012q1,2012,624,0,1,1,0,0,0,0,0,0,0,1,0,1,0,0,0
4/1/2012,CHL,228,Chile,-5.657332,1,2012q2,2012,627,0,1,1,0,0,0,0,0,0,0,1,0,1,0,0,0
7/1/2012,CHL,228,Chile,-6.566431,1,2012q3,2012,630,0,1,1,0,0,0,0,0,0,0,1,0,1,0,0,0
10/1/2012,CHL,228,Chile,-5.751436,1,2012q4,2012,633,0,1,1,0,0,0,0,0,0,0,1,0,1,0,0,0
1/1/2013,CHL,228,Chile,-4.741402,1,2013q1,2013,636,0,1,1,0,0,0,0,0,0,0,1,0,1,0,0,0
4/1/2013,CHL,228,Chile,-5.212277,1,2013q2,2013,639,0,1,1,0,0,0,0,0,0,0,1,0,1,0,0,0
7/1/2013,CHL,228,Chile,-4.443818,1,2013q3,2013,642,0,1,1,0,0,0,0,0,0,0,1,0,1,0,0,0
10/1/2013,CHL,228,Chile,-4.439686,1,2013q4,2013,645,0,1,1,0,0,0,0,0,0,0,1,0,1,0,0,0
1/1/2014,CHL,228,Chile,-5.049108,1,2014q1,2014,648,0,1,1,0,0,0,0,0,0,0,1,0,1,0,0,0
4/1/2014,CHL,228,Chile,-2.955751,1,2014q2,2014,651,0,1,1,0,0,0,0,0,0,0,1,0,1,0,0,0
7/1/2014,CHL,228,Chile,-2.208735,1,2014q3,2014,654,0,1,1,0,0,0,0,0,0,0,1,0,1,0,0,0
10/1/2014,CHL,228,Chile,-3.11568,1,2014q4,2014,657,0,1,1,0,0,0,0,0,0,0,1,0,1,0,0,0
1/1/2015,CHL,228,Chile,-1.985004,1,2015q1,2015,660,0,1,1,0,0,0,0,0,0,0,1,0,1,0,0,0
4/1/2015,CHL,228,Chile,-1.673355,1,2015q2,2015,663,0,1,1,0,0,0,0,0,0,0,1,0,1,0,0,0
7/1/2015,CHL,228,Chile,-3.067111,1,2015q3,2015,666,0,1,1,0,0,0,0,0,0,0,1,0,1,0,0,0
10/1/2015,CHL,228,Chile,-4.471896,1,2015q4,2015,669,0,1,1,0,0,0,0,0,0,0,1,0,1,0,0,0
1/1/2016,CHL,228,Chile,-3.224637,1,2016q1,2016,672,0,1,1,0,0,0,0,0,0,0,1,0,1,0,0,0
4/1/2016,CHL,228,Chile,-3.048587,1,2016q2,2016,675,0,1,1,0,0,0,0,0,0,0,1,0,1,0,0,0
7/1/2016,CHL,228,Chile,-3.129248,1,2016q3,2016,678,0,1,1,0,0,0,0,0,0,0,1,0,1,0,0,0
10/1/2016,CHL,228,Chile,-2.657431,1,2016q4,2016,681,0,1,1,0,0,0,0,0,0,0,1,0,1,0,0,0
1/1/2017,CHL,228,Chile,-3.780544,1,2017q1,2017,684,0,1,1,0,0,0,0,0,0,0,1,0,1,0,0,0
4/1/2017,CHL,228,Chile,-3.699915,1,2017q2,2017,687,0,1,1,0,0,0,0,0,0,0,1,0,1,0,0,0
7/1/2017,CHL,228,Chile,-1.549772,1,2017q3,2017,690,0,1,1,0,0,0,0,0,0,0,1,0,1,0,0,0
10/1/2017,CHL,228,Chile,-1.168765,1,2017q4,2017,693,0,1,1,0,0,0,0,0,0,0,1,0,1,0,0,0
1/1/2018,CHL,228,Chile,-3.43167,1,2018q1,2018,696,0,1,1,0,0,0,0,0,0,0,1,0,1,0,0,0
4/1/2018,CHL,228,Chile,-4.363492,1,2018q2,2018,699,0,1,1,0,0,0,0,0,0,0,1,0,1,0,0,0
7/1/2018,CHL,228,Chile,-3.971025,1,2018q3,2018,702,0,1,1,0,0,0,0,0,0,0,1,0,1,0,0,0
10/1/2018,CHL,228,Chile,-6.221334,1,2018q4,2018,705,0,1,1,0,0,0,0,0,0,0,1,0,1,0,0,0
1/1/2019,CHL,228,Chile,-3.694548,1,2019q1,2019,708,0,1,1,0,0,0,0,0,0,0,1,0,1,0,0,0
4/1/2019,CHL,228,Chile,-5.674181,1,2019q2,2019,711,0,1,1,0,0,0,0,0,0,0,1,0,1,0,0,0
7/1/2019,CHL,228,Chile,-4.979258,1,2019q3,2019,714,0,1,1,0,0,0,0,0,0,0,1,0,1,0,0,0
10/1/2019,CHL,228,Chile,-6.255434,1,2019q4,2019,717,0,1,1,0,0,0,0,0,0,0,1,0,1,0,0,0
1/1/2020,CHL,228,Chile,-6.907115,1,2020q1,2020,720,0,1,1,0,0,0,0,0,0,0,1,0,1,0,0,0
4/1/2020,CHL,228,Chile,0.9847384,1,2020q2,2020,723,0,1,1,0,0,0,0,0,0,0,1,0,1,0,0,0
7/1/2020,CHL,228,Chile,-0.8358445,1,2020q3,2020,726,0,1,1,0,0,0,0,0,0,0,1,0,1,0,0,0
10/1/2020,CHL,228,Chile,-1.713264,1,2020q4,2020,729,0,1,1,0,0,0,0,0,0,0,1,0,1,0,0,0
1/1/2021,CHL,228,Chile,-5.421499,1,2021q1,2021,732,0,1,1,0,0,0,0,0,0,0,1,0,1,0,0,0
4/1/2021,CHL,228,Chile,-5.273296,1,2021q2,2021,735,0,1,1,0,0,0,0,0,0,0,1,0,1,0,0,0
7/1/2021,CHL,228,Chile,-7.799802,1,2021q3,2021,738,0,1,1,0,0,0,0,0,0,0,1,0,1,0,0,0
10/1/2021,CHL,228,Chile,-9.909678,1,2021q4,2021,741,0,1,1,0,0,0,0,0,0,0,1,0,1,0,0,0
1/1/2022,CHL,228,Chile,-8.623274,1,2022q1,2022,744,0,1,1,0,0,0,0,0,0,0,1,0,1,0,0,0
4/1/2022,CHL,228,Chile,-11.76192,1,2022q2,2022,747,0,1,1,0,0,0,0,0,0,0,1,0,1,0,0,0
7/1/2022,CHL,228,Chile,-8.176414,1,2022q3,2022,750,0,1,1,0,0,0,0,0,0,0,1,0,1,0,0,0
10/1/2022,CHL,228,Chile,-6.5433,1,2022q4,2022,753,0,1,1,0,0,0,0,0,0,0,1,0,1,0,0,0
1/1/2023,CHL,228,Chile,-0.7063938,1,2023q1,2023,756,0,1,1,0,0,0,0,0,0,0,1,0,1,0,0,0
4/1/2023,CHL,228,Chile,-3.782552,1,2023q2,2023,759,0,1,1,0,0,0,0,0,0,0,1,0,1,0,0,0
7/1/2023,CHL,228,Chile,-4.474418,1,2023q3,2023,762,0,1,1,0,0,0,0,0,0,0,1,0,1,0,0,0
10/1/2023,CHL,228,Chile,-2.919123,1,2023q4,2023,765,0,1,1,0,0,0,0,0,0,0,1,0,1,0,0,0
1/1/2024,CHL,228,Chile,-2.013135,1,2024q1,2024,768,0,1,1,0,0,0,0,0,0,0,1,0,1,0,0,0
4/1/2024,CHL,228,Chile,-2.157904,1,2024q2,2024,771,0,1,1,0,0,0,0,0,0,0,1,0,1,0,0,0
7/1/2024,CHL,228,Chile,-0.5894662,1,2024q3,2024,774,0,1,1,0,0,0,0,0,0,0,1,0,1,0,0,0
10/1/2024,CHL,228,Chile,-2.259199,1,2024q4,2024,777,0,1,1,0,0,0,0,0,0,0,1,0,1,0,0,0
1/1/1996,COL,233,Colombia,-4.7232985,4,1996q1,1996,432,0,1,1,0,0,0,0,0,0,0,1,0,1,0,0,0
4/1/1996,COL,233,Colombia,-4.8490491,4,1996q2,1996,435,0,1,1,0,0,0,0,0,0,0,1,0,1,0,0,0
7/1/1996,COL,233,Colombia,-5.1927756,4,1996q3,1996,438,0,1,1,0,0,0,0,0,0,0,1,0,1,0,0,0
10/1/1996,COL,233,Colombia,-4.3290816,4,1996q4,1996,441,0,1,1,0,0,0,0,0,0,0,1,0,1,0,0,0
1/1/1997,COL,233,Colombia,-4.3822278,4,1997q1,1997,444,0,1,1,0,0,0,0,0,0,0,1,0,1,0,0,0
4/1/1997,COL,233,Colombia,-5.2667315,4,1997q2,1997,447,0,1,1,0,0,0,0,0,0,0,1,0,1,0,0,0
7/1/1997,COL,233,Colombia,-6.114963,4,1997q3,1997,450,0,1,1,0,0,0,0,0,0,0,1,0,1,0,0,0
10/1/1997,COL,233,Colombia,-6.4635563,4,1997q4,1997,453,0,1,1,0,0,0,0,0,0,0,1,0,1,0,0,0
1/1/1998,COL,233,Colombia,-6.39538,4,1998q1,1998,456,0,1,1,0,0,0,0,0,0,0,1,0,1,0,0,0
4/1/1998,COL,233,Colombia,-5.8677148,4,1998q2,1998,459,0,1,1,0,0,0,0,0,0,0,1,0,1,0,0,0
7/1/1998,COL,233,Colombia,-5.8527013,4,1998q3,1998,462,0,1,1,0,0,0,0,0,0,0,1,0,1,0,0,0
10/1/1998,COL,233,Colombia,-1.7695006,4,1998q4,1998,465,0,1,1,0,0,0,0,0,0,0,1,0,1,0,0,0
1/1/1999,COL,233,Colombia,-0.22698186,4,1999q1,1999,468,0,1,1,0,0,0,0,0,0,0,1,0,1,0,0,0
4/1/1999,COL,233,Colombia,1.0394949,4,1999q2,1999,471,0,1,1,0,0,0,0,0,0,0,1,0,1,0,0,0
7/1/1999,COL,233,Colombia,1.175993,4,1999q3,1999,474,0,1,1,0,0,0,0,0,0,0,1,0,1,0,0,0
10/1/1999,COL,233,Colombia,1.2256595,4,1999q4,1999,477,0,1,1,0,0,0,0,0,0,0,1,0,1,0,0,0
1/1/2000,COL,233,Colombia,1.0169194,4,2000q1,2000,480,0,1,1,0,0,0,0,0,0,0,1,0,1,0,0,0
4/1/2000,COL,233,Colombia,0.13467786,4,2000q2,2000,483,0,1,1,0,0,0,0,0,0,0,1,0,1,0,0,0
7/1/2000,COL,233,Colombia,0.89064897,4,2000q3,2000,486,0,1,1,0,0,0,0,0,0,0,1,0,1,0,0,0
10/1/2000,COL,233,Colombia,1.1008424,4,2000q4,2000,489,0,1,1,0,0,0,0,0,0,0,1,0,1,0,0,0
1/1/2001,COL,233,Colombia,-1.2755941,4,2001q1,2001,492,0,1,1,0,0,0,0,0,0,0,1,0,1,0,0,0
4/1/2001,COL,233,Colombia,-1.3758207,4,2001q2,2001,495,0,1,1,0,0,0,0,0,0,0,1,0,1,0,0,0
7/1/2001,COL,233,Colombia,-0.65373183,4,2001q3,2001,498,0,1,1,0,0,0,0,0,0,0,1,0,1,0,0,0
10/1/2001,COL,233,Colombia,-1.1105418,4,2001q4,2001,501,0,1,1,0,0,0,0,0,0,0,1,0,1,0,0,0
1/1/2002,COL,233,Colombia,-0.17295387,4,2002q1,2002,504,0,1,1,0,0,0,0,0,0,0,1,0,1,0,0,0
4/1/2002,COL,233,Colombia,-1.5437058,4,2002q2,2002,507,0,1,1,0,0,0,0,0,0,0,1,0,1,0,0,0
7/1/2002,COL,233,Colombia,-1.9364474,4,2002q3,2002,510,0,1,1,0,0,0,0,0,0,0,1,0,1,0,0,0
10/1/2002,COL,233,Colombia,-1.8198732,4,2002q4,2002,513,0,1,1,0,0,0,0,0,0,0,1,0,1,0,0,0
1/1/2003,COL,233,Colombia,-1.944936,4,2003q1,2003,516,0,1,1,0,0,0,0,0,0,0,1,0,1,0,0,0
4/1/2003,COL,233,Colombia,-0.62390185,4,2003q2,2003,519,0,1,1,0,0,0,0,0,0,0,1,0,1,0,0,0
7/1/2003,COL,233,Colombia,-0.35597453,4,2003q3,2003,522,0,1,1,0,0,0,0,0,0,0,1,0,1,0,0,0
10/1/2003,COL,233,Colombia,-1.3222743,4,2003q4,2003,525,0,1,1,0,0,0,0,0,0,0,1,0,1,0,0,0
1/1/2004,COL,233,Colombia,-1.6536936,4,2004q1,2004,528,0,1,1,0,0,0,0,0,0,0,1,0,1,0,0,0
4/1/2004,COL,233,Colombia,-0.97801334,4,2004q2,2004,531,0,1,1,0,0,0,0,0,0,0,1,0,1,0,0,0
7/1/2004,COL,233,Colombia,-0.11663798,4,2004q3,2004,534,0,1,1,0,0,0,0,0,0,0,1,0,1,0,0,0
10/1/2004,COL,233,Colombia,-0.46386391,4,2004q4,2004,537,0,1,1,0,0,0,0,0,0,0,1,0,1,0,0,0
1/1/2005,COL,233,Colombia,-1.15673,1,2005q1,2005,540,0,1,1,0,0,0,0,0,0,0,1,0,1,0,0,0
4/1/2005,COL,233,Colombia,-0.7862606,1,2005q2,2005,543,0,1,1,0,0,0,0,0,0,0,1,0,1,0,0,0
7/1/2005,COL,233,Colombia,-2.514441,1,2005q3,2005,546,0,1,1,0,0,0,0,0,0,0,1,0,1,0,0,0
10/1/2005,COL,233,Colombia,-0.9191009,1,2005q4,2005,549,0,1,1,0,0,0,0,0,0,0,1,0,1,0,0,0
1/1/2006,COL,233,Colombia,-1.27219,1,2006q1,2006,552,0,1,1,0,0,0,0,0,0,0,1,0,1,0,0,0
4/1/2006,COL,233,Colombia,-1.795717,1,2006q2,2006,555,0,1,1,0,0,0,0,0,0,0,1,0,1,0,0,0
7/1/2006,COL,233,Colombia,-2.044246,1,2006q3,2006,558,0,1,1,0,0,0,0,0,0,0,1,0,1,0,0,0
10/1/2006,COL,233,Colombia,-2.163315,1,2006q4,2006,561,0,1,1,0,0,0,0,0,0,0,1,0,1,0,0,0
1/1/2007,COL,233,Colombia,-4.303512,1,2007q1,2007,564,0,1,1,0,0,0,0,0,0,0,1,0,1,0,0,0
4/1/2007,COL,233,Colombia,-2.715633,1,2007q2,2007,567,0,1,1,0,0,0,0,0,0,0,1,0,1,0,0,0
7/1/2007,COL,233,Colombia,-2.864317,1,2007q3,2007,570,0,1,1,0,0,0,0,0,0,0,1,0,1,0,0,0
10/1/2007,COL,233,Colombia,-2.222294,1,2007q4,2007,573,0,1,1,0,0,0,0,0,0,0,1,0,1,0,0,0
1/1/2008,COL,233,Colombia,-2.026612,1,2008q1,2008,576,0,1,1,0,0,0,0,0,0,0,1,0,1,0,0,0
4/1/2008,COL,233,Colombia,-1.627775,1,2008q2,2008,579,0,1,1,0,0,0,0,0,0,0,1,0,1,0,0,0
7/1/2008,COL,233,Colombia,-2.705482,1,2008q3,2008,582,0,1,1,0,0,0,0,0,0,0,1,0,1,0,0,0
10/1/2008,COL,233,Colombia,-4.424787,1,2008q4,2008,585,0,1,1,0,0,0,0,0,0,0,1,0,1,0,0,0
1/1/2009,COL,233,Colombia,-1.792285,1,2009q1,2009,588,0,1,1,0,0,0,0,0,0,0,1,0,1,0,0,0
4/1/2009,COL,233,Colombia,-1.731536,1,2009q2,2009,591,0,1,1,0,0,0,0,0,0,0,1,0,1,0,0,0
7/1/2009,COL,233,Colombia,-2.01691,1,2009q3,2009,594,0,1,1,0,0,0,0,0,0,0,1,0,1,0,0,0
10/1/2009,COL,233,Colombia,-1.981482,1,2009q4,2009,597,0,1,1,0,0,0,0,0,0,0,1,0,1,0,0,0
1/1/2010,COL,233,Colombia,-1.702686,1,2010q1,2010,600,0,1,1,0,0,0,0,0,0,0,1,0,1,0,0,0
4/1/2010,COL,233,Colombia,-2.442968,1,2010q2,2010,603,0,1,1,0,0,0,0,0,0,0,1,0,1,0,0,0
7/1/2010,COL,233,Colombia,-4.217578,1,2010q3,2010,606,0,1,1,0,0,0,0,0,0,0,1,0,1,0,0,0
10/1/2010,COL,233,Colombia,-3.246883,1,2010q4,2010,609,0,1,1,0,0,0,0,0,0,0,1,0,1,0,0,0
1/1/2011,COL,233,Colombia,-2.38853,1,2011q1,2011,612,0,1,1,0,0,0,0,0,0,0,1,0,1,0,0,0
4/1/2011,COL,233,Colombia,-2.617704,1,2011q2,2011,615,0,1,1,0,0,0,0,0,0,0,1,0,1,0,0,0
7/1/2011,COL,233,Colombia,-3.392274,1,2011q3,2011,618,0,1,1,0,0,0,0,0,0,0,1,0,1,0,0,0
10/1/2011,COL,233,Colombia,-3.110307,1,2011q4,2011,621,0,1,1,0,0,0,0,0,0,0,1,0,1,0,0,0
1/1/2012,COL,233,Colombia,-1.820936,1,2012q1,2012,624,0,1,1,0,0,0,0,0,0,0,1,0,1,0,0,0
4/1/2012,COL,233,Colombia,-4.085683,1,2012q2,2012,627,0,1,1,0,0,0,0,0,0,0,1,0,1,0,0,0
7/1/2012,COL,233,Colombia,-3.747564,1,2012q3,2012,630,0,1,1,0,0,0,0,0,0,0,1,0,1,0,0,0
10/1/2012,COL,233,Colombia,-2.78034,1,2012q4,2012,633,0,1,1,0,0,0,0,0,0,0,1,0,1,0,0,0
1/1/2013,COL,233,Colombia,-3.55125,1,2013q1,2013,636,0,1,1,0,0,0,0,0,0,0,1,0,1,0,0,0
4/1/2013,COL,233,Colombia,-2.842763,1,2013q2,2013,639,0,1,1,0,0,0,0,0,0,0,1,0,1,0,0,0
7/1/2013,COL,233,Colombia,-3.587013,1,2013q3,2013,642,0,1,1,0,0,0,0,0,0,0,1,0,1,0,0,0
10/1/2013,COL,233,Colombia,-2.979911,1,2013q4,2013,645,0,1,1,0,0,0,0,0,0,0,1,0,1,0,0,0
1/1/2014,COL,233,Colombia,-4.338243,1,2014q1,2014,648,0,1,1,0,0,0,0,0,0,0,1,0,1,0,0,0
4/1/2014,COL,233,Colombia,-4.813663,1,2014q2,2014,651,0,1,1,0,0,0,0,0,0,0,1,0,1,0,0,0
7/1/2014,COL,233,Colombia,-4.74615,1,2014q3,2014,654,0,1,1,0,0,0,0,0,0,0,1,0,1,0,0,0
10/1/2014,COL,233,Colombia,-6.948351,1,2014q4,2014,657,0,1,1,0,0,0,0,0,0,0,1,0,1,0,0,0
1/1/2015,COL,233,Colombia,-6.772283,1,2015q1,2015,660,0,1,1,0,0,0,0,0,0,0,1,0,1,0,0,0
4/1/2015,COL,233,Colombia,-6.088472,1,2015q2,2015,663,0,1,1,0,0,0,0,0,0,0,1,0,1,0,0,0
7/1/2015,COL,233,Colombia,-6.873375,1,2015q3,2015,666,0,1,1,0,0,0,0,0,0,0,1,0,1,0,0,0
10/1/2015,COL,233,Colombia,-5.604874,1,2015q4,2015,669,0,1,1,0,0,0,0,0,0,0,1,0,1,0,0,0
1/1/2016,COL,233,Colombia,-5.542006,1,2016q1,2016,672,0,1,1,0,0,0,0,0,0,0,1,0,1,0,0,0
4/1/2016,COL,233,Colombia,-4.258043,1,2016q2,2016,675,0,1,1,0,0,0,0,0,0,0,1,0,1,0,0,0
7/1/2016,COL,233,Colombia,-4.616055,1,2016q3,2016,678,0,1,1,0,0,0,0,0,0,0,1,0,1,0,0,0
10/1/2016,COL,233,Colombia,-3.563709,1,2016q4,2016,681,0,1,1,0,0,0,0,0,0,0,1,0,1,0,0,0
1/1/2017,COL,233,Colombia,-4.345726,1,2017q1,2017,684,0,1,1,0,0,0,0,0,0,0,1,0,1,0,0,0
4/1/2017,COL,233,Colombia,-3.508247,1,2017q2,2017,687,0,1,1,0,0,0,0,0,0,0,1,0,1,0,0,0
7/1/2017,COL,233,Colombia,-3.111886,1,2017q3,2017,690,0,1,1,0,0,0,0,0,0,0,1,0,1,0,0,0
10/1/2017,COL,233,Colombia,-1.84198,1,2017q4,2017,693,0,1,1,0,0,0,0,0,0,0,1,0,1,0,0,0
1/1/2018,COL,233,Colombia,-3.333347,1,2018q1,2018,696,0,1,1,0,0,0,0,0,0,0,1,0,1,0,0,0
4/1/2018,COL,233,Colombia,-4.408924,1,2018q2,2018,699,0,1,1,0,0,0,0,0,0,0,1,0,1,0,0,0
7/1/2018,COL,233,Colombia,-3.942881,1,2018q3,2018,702,0,1,1,0,0,0,0,0,0,0,1,0,1,0,0,0
10/1/2018,COL,233,Colombia,-5.134504,1,2018q4,2018,705,0,1,1,0,0,0,0,0,0,0,1,0,1,0,0,0
1/1/2019,COL,233,Colombia,-4.35227,1,2019q1,2019,708,0,1,1,0,0,0,0,0,0,0,1,0,1,0,0,0
4/1/2019,COL,233,Colombia,-4.478094,1,2019q2,2019,711,0,1,1,0,0,0,0,0,0,0,1,0,1,0,0,0
7/1/2019,COL,233,Colombia,-5.272212,1,2019q3,2019,714,0,1,1,0,0,0,0,0,0,0,1,0,1,0,0,0
10/1/2019,COL,233,Colombia,-4.223158,1,2019q4,2019,717,0,1,1,0,0,0,0,0,0,0,1,0,1,0,0,0
1/1/2020,COL,233,Colombia,-2.862415,1,2020q1,2020,720,0,1,1,0,0,0,0,0,0,0,1,0,1,0,0,0
4/1/2020,COL,233,Colombia,-3.924873,1,2020q2,2020,723,0,1,1,0,0,0,0,0,0,0,1,0,1,0,0,0
7/1/2020,COL,233,Colombia,-2.998767,1,2020q3,2020,726,0,1,1,0,0,0,0,0,0,0,1,0,1,0,0,0
10/1/2020,COL,233,Colombia,-3.90493,1,2020q4,2020,729,0,1,1,0,0,0,0,0,0,0,1,0,1,0,0,0
1/1/2021,COL,233,Colombia,-3.746728,1,2021q1,2021,732,0,1,1,0,0,0,0,0,0,0,1,0,1,0,0,0
4/1/2021,COL,233,Colombia,-5.791246,1,2021q2,2021,735,0,1,1,0,0,0,0,0,0,0,1,0,1,0,0,0
7/1/2021,COL,233,Colombia,-5.972973,1,2021q3,2021,738,0,1,1,0,0,0,0,0,0,0,1,0,1,0,0,0
10/1/2021,COL,233,Colombia,-6.758446,1,2021q4,2021,741,0,1,1,0,0,0,0,0,0,0,1,0,1,0,0,0
1/1/2022,COL,233,Colombia,-5.879312,1,2022q1,2022,744,0,1,1,0,0,0,0,0,0,0,1,0,1,0,0,0
4/1/2022,COL,233,Colombia,-5.764194,1,2022q2,2022,747,0,1,1,0,0,0,0,0,0,0,1,0,1,0,0,0
7/1/2022,COL,233,Colombia,-6.896985,1,2022q3,2022,750,0,1,1,0,0,0,0,0,0,0,1,0,1,0,0,0
10/1/2022,COL,233,Colombia,-5.627992,1,2022q4,2022,753,0,1,1,0,0,0,0,0,0,0,1,0,1,0,0,0
1/1/2023,COL,233,Colombia,-3.020974,1,2023q1,2023,756,0,1,1,0,0,0,0,0,0,0,1,0,1,0,0,0
4/1/2023,COL,233,Colombia,-2.805968,1,2023q2,2023,759,0,1,1,0,0,0,0,0,0,0,1,0,1,0,0,0
7/1/2023,COL,233,Colombia,-1.506979,1,2023q3,2023,762,0,1,1,0,0,0,0,0,0,0,1,0,1,0,0,0
10/1/2023,COL,233,Colombia,-1.795571,1,2023q4,2023,765,0,1,1,0,0,0,0,0,0,0,1,0,1,0,0,0
1/1/2024,COL,233,Colombia,-1.728689,1,2024q1,2024,768,0,1,1,0,0,0,0,0,0,0,1,0,1,0,0,0
4/1/2024,COL,233,Colombia,-1.721695,1,2024q2,2024,771,0,1,1,0,0,0,0,0,0,0,1,0,1,0,0,0
7/1/2024,COL,233,Colombia,-1.466865,1,2024q3,2024,774,0,1,1,0,0,0,0,0,0,0,1,0,1,0,0,0
10/1/2024,COL,233,Colombia,-2.125951,1,2024q4,2024,777,0,1,1,0,0,0,0,0,0,0,1,0,1,0,0,0
1/1/1999,CRI,238,Costa Rica,-4.509298,1,1999q1,1999,468,0,1,0,0,0,0,0,0,0,0,1,0,0,0,0,0
4/1/1999,CRI,238,Costa Rica,-3.584345,1,1999q2,1999,471,0,1,0,0,0,0,0,0,0,0,1,0,0,0,0,0
7/1/1999,CRI,238,Costa Rica,-7.770182,1,1999q3,1999,474,0,1,0,0,0,0,0,0,0,0,1,0,0,0,0,0
10/1/1999,CRI,238,Costa Rica,-6.531662,1,1999q4,1999,477,0,1,0,0,0,0,0,0,0,0,1,0,0,0,0,0
1/1/2000,CRI,238,Costa Rica,-3.837895,1,2000q1,2000,480,0,1,0,0,0,0,0,0,0,0,1,0,0,0,0,0
4/1/2000,CRI,238,Costa Rica,-6.272379,1,2000q2,2000,483,0,1,0,0,0,0,0,0,0,0,1,0,0,0,0,0
7/1/2000,CRI,238,Costa Rica,-4.106956,1,2000q3,2000,486,0,1,0,0,0,0,0,0,0,0,1,0,0,0,0,0
10/1/2000,CRI,238,Costa Rica,-4.031388,1,2000q4,2000,489,0,1,0,0,0,0,0,0,0,0,1,0,0,0,0,0
1/1/2001,CRI,238,Costa Rica,-1.981347,1,2001q1,2001,492,0,1,0,0,0,0,0,0,0,0,1,0,0,0,0,0
4/1/2001,CRI,238,Costa Rica,-4.430328,1,2001q2,2001,495,0,1,0,0,0,0,0,0,0,0,1,0,0,0,0,0
7/1/2001,CRI,238,Costa Rica,-3.237162,1,2001q3,2001,498,0,1,0,0,0,0,0,0,0,0,1,0,0,0,0,0
10/1/2001,CRI,238,Costa Rica,-3.216319,1,2001q4,2001,501,0,1,0,0,0,0,0,0,0,0,1,0,0,0,0,0
1/1/2002,CRI,238,Costa Rica,-4.229889,1,2002q1,2002,504,0,1,0,0,0,0,0,0,0,0,1,0,0,0,0,0
4/1/2002,CRI,238,Costa Rica,-6.629136,1,2002q2,2002,507,0,1,0,0,0,0,0,0,0,0,1,0,0,0,0,0
7/1/2002,CRI,238,Costa Rica,-4.387205,1,2002q3,2002,510,0,1,0,0,0,0,0,0,0,0,1,0,0,0,0,0
10/1/2002,CRI,238,Costa Rica,-5.233825,1,2002q4,2002,513,0,1,0,0,0,0,0,0,0,0,1,0,0,0,0,0
1/1/2003,CRI,238,Costa Rica,-7.202177,1,2003q1,2003,516,0,1,0,0,0,0,0,0,0,0,1,0,0,0,0,0
4/1/2003,CRI,238,Costa Rica,-5.129315,1,2003q2,2003,519,0,1,0,0,0,0,0,0,0,0,1,0,0,0,0,0
7/1/2003,CRI,238,Costa Rica,-4.283214,1,2003q3,2003,522,0,1,0,0,0,0,0,0,0,0,1,0,0,0,0,0
10/1/2003,CRI,238,Costa Rica,-3.912752,1,2003q4,2003,525,0,1,0,0,0,0,0,0,0,0,1,0,0,0,0,0
1/1/2004,CRI,238,Costa Rica,-2.861973,1,2004q1,2004,528,0,1,0,0,0,0,0,0,0,0,1,0,0,0,0,0
4/1/2004,CRI,238,Costa Rica,-4.609957,1,2004q2,2004,531,0,1,0,0,0,0,0,0,0,0,1,0,0,0,0,0
7/1/2004,CRI,238,Costa Rica,-4.232691,1,2004q3,2004,534,0,1,0,0,0,0,0,0,0,0,1,0,0,0,0,0
10/1/2004,CRI,238,Costa Rica,-2.564488,1,2004q4,2004,537,0,1,0,0,0,0,0,0,0,0,1,0,0,0,0,0
1/1/2005,CRI,238,Costa Rica,-3.669973,1,2005q1,2005,540,0,1,0,0,0,0,0,0,0,0,1,0,0,0,0,0
4/1/2005,CRI,238,Costa Rica,-2.816458,1,2005q2,2005,543,0,1,0,0,0,0,0,0,0,0,1,0,0,0,0,0
7/1/2005,CRI,238,Costa Rica,-4.862119,1,2005q3,2005,546,0,1,0,0,0,0,0,0,0,0,1,0,0,0,0,0
10/1/2005,CRI,238,Costa Rica,-5.274426,1,2005q4,2005,549,0,1,0,0,0,0,0,0,0,0,1,0,0,0,0,0
1/1/2006,CRI,238,Costa Rica,-3.493368,1,2006q1,2006,552,0,1,0,0,0,0,0,0,0,0,1,0,0,0,0,0
4/1/2006,CRI,238,Costa Rica,-3.79728,1,2006q2,2006,555,0,1,0,0,0,0,0,0,0,0,1,0,0,0,0,0
7/1/2006,CRI,238,Costa Rica,-5.048151,1,2006q3,2006,558,0,1,0,0,0,0,0,0,0,0,1,0,0,0,0,0
10/1/2006,CRI,238,Costa Rica,-3.80403,1,2006q4,2006,561,0,1,0,0,0,0,0,0,0,0,1,0,0,0,0,0
1/1/2007,CRI,238,Costa Rica,-5.254485,1,2007q1,2007,564,0,1,0,0,0,0,0,0,0,0,1,0,0,0,0,0
4/1/2007,CRI,238,Costa Rica,-4.763498,1,2007q2,2007,567,0,1,0,0,0,0,0,0,0,0,1,0,0,0,0,0
7/1/2007,CRI,238,Costa Rica,-5.230398,1,2007q3,2007,570,0,1,0,0,0,0,0,0,0,0,1,0,0,0,0,0
10/1/2007,CRI,238,Costa Rica,-6.441263,1,2007q4,2007,573,0,1,0,0,0,0,0,0,0,0,1,0,0,0,0,0
1/1/2008,CRI,238,Costa Rica,-6.718397,1,2008q1,2008,576,0,1,0,0,0,0,0,0,0,0,1,0,0,0,0,0
4/1/2008,CRI,238,Costa Rica,-12.19192,1,2008q2,2008,579,0,1,0,0,0,0,0,0,0,0,1,0,0,0,0,0
7/1/2008,CRI,238,Costa Rica,-8.770045,1,2008q3,2008,582,0,1,0,0,0,0,0,0,0,0,1,0,0,0,0,0
10/1/2008,CRI,238,Costa Rica,-5.52357,1,2008q4,2008,585,0,1,0,0,0,0,0,0,0,0,1,0,0,0,0,0
1/1/2009,CRI,238,Costa Rica,-1.431122,1,2009q1,2009,588,0,1,0,0,0,0,0,0,0,0,1,0,0,0,0,0
4/1/2009,CRI,238,Costa Rica,-0.5580932,1,2009q2,2009,591,0,1,0,0,0,0,0,0,0,0,1,0,0,0,0,0
7/1/2009,CRI,238,Costa Rica,-1.671269,1,2009q3,2009,594,0,1,0,0,0,0,0,0,0,0,1,0,0,0,0,0
10/1/2009,CRI,238,Costa Rica,-3.132149,1,2009q4,2009,597,0,1,0,0,0,0,0,0,0,0,1,0,0,0,0,0
1/1/2010,CRI,238,Costa Rica,-1.741114,1,2010q1,2010,600,0,1,0,0,0,0,0,0,0,0,1,0,0,0,0,0
4/1/2010,CRI,238,Costa Rica,-3.548892,1,2010q2,2010,603,0,1,0,0,0,0,0,0,0,0,1,0,0,0,0,0
7/1/2010,CRI,238,Costa Rica,-2.799619,1,2010q3,2010,606,0,1,0,0,0,0,0,0,0,0,1,0,0,0,0,0
10/1/2010,CRI,238,Costa Rica,-4.508718,1,2010q4,2010,609,0,1,0,0,0,0,0,0,0,0,1,0,0,0,0,0
1/1/2011,CRI,238,Costa Rica,-4.046541,1,2011q1,2011,612,0,1,0,0,0,0,0,0,0,0,1,0,0,0,0,0
4/1/2011,CRI,238,Costa Rica,-3.63106,1,2011q2,2011,615,0,1,0,0,0,0,0,0,0,0,1,0,0,0,0,0
7/1/2011,CRI,238,Costa Rica,-7.214005,1,2011q3,2011,618,0,1,0,0,0,0,0,0,0,0,1,0,0,0,0,0
10/1/2011,CRI,238,Costa Rica,-6.209481,1,2011q4,2011,621,0,1,0,0,0,0,0,0,0,0,1,0,0,0,0,0
1/1/2012,CRI,238,Costa Rica,-6.129333,1,2012q1,2012,624,0,1,0,0,0,0,0,0,0,0,1,0,0,0,0,0
4/1/2012,CRI,238,Costa Rica,-4.139456,1,2012q2,2012,627,0,1,0,0,0,0,0,0,0,0,1,0,0,0,0,0
7/1/2012,CRI,238,Costa Rica,-4.251064,1,2012q3,2012,630,0,1,0,0,0,0,0,0,0,0,1,0,0,0,0,0
10/1/2012,CRI,238,Costa Rica,-6.028291,1,2012q4,2012,633,0,1,0,0,0,0,0,0,0,0,1,0,0,0,0,0
1/1/2013,CRI,238,Costa Rica,-5.711629,1,2013q1,2013,636,0,1,0,0,0,0,0,0,0,0,1,0,0,0,0,0
4/1/2013,CRI,238,Costa Rica,-5.527096,1,2013q2,2013,639,0,1,0,0,0,0,0,0,0,0,1,0,0,0,0,0
7/1/2013,CRI,238,Costa Rica,-3.976912,1,2013q3,2013,642,0,1,0,0,0,0,0,0,0,0,1,0,0,0,0,0
10/1/2013,CRI,238,Costa Rica,-4.080655,1,2013q4,2013,645,0,1,0,0,0,0,0,0,0,0,1,0,0,0,0,0
1/1/2014,CRI,238,Costa Rica,-6.275644,1,2014q1,2014,648,0,1,0,0,0,0,0,0,0,0,1,0,0,0,0,0
4/1/2014,CRI,238,Costa Rica,-5.322391,1,2014q2,2014,651,0,1,0,0,0,0,0,0,0,0,1,0,0,0,0,0
7/1/2014,CRI,238,Costa Rica,-4.590853,1,2014q3,2014,654,0,1,0,0,0,0,0,0,0,0,1,0,0,0,0,0
10/1/2014,CRI,238,Costa Rica,-2.822567,1,2014q4,2014,657,0,1,0,0,0,0,0,0,0,0,1,0,0,0,0,0
1/1/2015,CRI,238,Costa Rica,-3.261672,1,2015q1,2015,660,0,1,0,0,0,0,0,0,0,0,1,0,0,0,0,0
4/1/2015,CRI,238,Costa Rica,-3.678056,1,2015q2,2015,663,0,1,0,0,0,0,0,0,0,0,1,0,0,0,0,0
7/1/2015,CRI,238,Costa Rica,-4.424601,1,2015q3,2015,666,0,1,0,0,0,0,0,0,0,0,1,0,0,0,0,0
10/1/2015,CRI,238,Costa Rica,-2.219237,1,2015q4,2015,669,0,1,0,0,0,0,0,0,0,0,1,0,0,0,0,0
1/1/2016,CRI,238,Costa Rica,-1.181361,1,2016q1,2016,672,0,1,0,0,0,0,0,0,0,0,1,0,0,0,0,0
4/1/2016,CRI,238,Costa Rica,-2.732505,1,2016q2,2016,675,0,1,0,0,0,0,0,0,0,0,1,0,0,0,0,0
7/1/2016,CRI,238,Costa Rica,-2.489243,1,2016q3,2016,678,0,1,0,0,0,0,0,0,0,0,1,0,0,0,0,0
10/1/2016,CRI,238,Costa Rica,-1.975443,1,2016q4,2016,681,0,1,0,0,0,0,0,0,0,0,1,0,0,0,0,0
1/1/2017,CRI,238,Costa Rica,-4.493101,1,2017q1,2017,684,0,1,0,0,0,0,0,0,0,0,1,0,0,0,0,0
4/1/2017,CRI,238,Costa Rica,-2.852074,1,2017q2,2017,687,0,1,0,0,0,0,0,0,0,0,1,0,0,0,0,0
7/1/2017,CRI,238,Costa Rica,-3.934469,1,2017q3,2017,690,0,1,0,0,0,0,0,0,0,0,1,0,0,0,0,0
10/1/2017,CRI,238,Costa Rica,-3.009539,1,2017q4,2017,693,0,1,0,0,0,0,0,0,0,0,1,0,0,0,0,0
1/1/2018,CRI,238,Costa Rica,-1.848511,1,2018q1,2018,696,0,1,0,0,0,0,0,0,0,0,1,0,0,0,0,0
4/1/2018,CRI,238,Costa Rica,-4.731597,1,2018q2,2018,699,0,1,0,0,0,0,0,0,0,0,1,0,0,0,0,0
7/1/2018,CRI,238,Costa Rica,-1.344012,1,2018q3,2018,702,0,1,0,0,0,0,0,0,0,0,1,0,0,0,0,0
10/1/2018,CRI,238,Costa Rica,-3.90079,1,2018q4,2018,705,0,1,0,0,0,0,0,0,0,0,1,0,0,0,0,0
1/1/2019,CRI,238,Costa Rica,-1.494366,1,2019q1,2019,708,0,1,0,0,0,0,0,0,0,0,1,0,0,0,0,0
4/1/2019,CRI,238,Costa Rica,-1.156389,1,2019q2,2019,711,0,1,0,0,0,0,0,0,0,0,1,0,0,0,0,0
7/1/2019,CRI,238,Costa Rica,-0.9060049,1,2019q3,2019,714,0,1,0,0,0,0,0,0,0,0,1,0,0,0,0,0
10/1/2019,CRI,238,Costa Rica,-1.573267,1,2019q4,2019,717,0,1,0,0,0,0,0,0,0,0,1,0,0,0,0,0
1/1/2020,CRI,238,Costa Rica,0.760482,1,2020q1,2020,720,0,1,0,0,0,0,0,0,0,0,1,0,0,0,0,0
4/1/2020,CRI,238,Costa Rica,-3.096246,1,2020q2,2020,723,0,1,0,0,0,0,0,0,0,0,1,0,0,0,0,0
7/1/2020,CRI,238,Costa Rica,-2.190713,1,2020q3,2020,726,0,1,0,0,0,0,0,0,0,0,1,0,0,0,0,0
10/1/2020,CRI,238,Costa Rica,-0.5249992,1,2020q4,2020,729,0,1,0,0,0,0,0,0,0,0,1,0,0,0,0,0
1/1/2021,CRI,238,Costa Rica,-1.864789,1,2021q1,2021,732,0,1,0,0,0,0,0,0,0,0,1,0,0,0,0,0
4/1/2021,CRI,238,Costa Rica,-3.489868,1,2021q2,2021,735,0,1,0,0,0,0,0,0,0,0,1,0,0,0,0,0
7/1/2021,CRI,238,Costa Rica,-2.197865,1,2021q3,2021,738,0,1,0,0,0,0,0,0,0,0,1,0,0,0,0,0
10/1/2021,CRI,238,Costa Rica,-5.01725,1,2021q4,2021,741,0,1,0,0,0,0,0,0,0,0,1,0,0,0,0,0
1/1/2022,CRI,238,Costa Rica,-6.37933,1,2022q1,2022,744,0,1,0,0,0,0,0,0,0,0,1,0,0,0,0,0
4/1/2022,CRI,238,Costa Rica,-1.784899,1,2022q2,2022,747,0,1,0,0,0,0,0,0,0,0,1,0,0,0,0,0
7/1/2022,CRI,238,Costa Rica,-2.952519,1,2022q3,2022,750,0,1,0,0,0,0,0,0,0,0,1,0,0,0,0,0
10/1/2022,CRI,238,Costa Rica,-1.993318,1,2022q4,2022,753,0,1,0,0,0,0,0,0,0,0,1,0,0,0,0,0
1/1/2023,CRI,238,Costa Rica,-2.040588,1,2023q1,2023,756,0,1,0,0,0,0,0,0,0,0,1,0,0,0,0,0
4/1/2023,CRI,238,Costa Rica,-1.421708,1,2023q2,2023,759,0,1,0,0,0,0,0,0,0,0,1,0,0,0,0,0
7/1/2023,CRI,238,Costa Rica,-1.915109,1,2023q3,2023,762,0,1,0,0,0,0,0,0,0,0,1,0,0,0,0,0
10/1/2023,CRI,238,Costa Rica,-0.352612,1,2023q4,2023,765,0,1,0,0,0,0,0,0,0,0,1,0,0,0,0,0
1/1/2024,CRI,238,Costa Rica,-0.843163,1,2024q1,2024,768,0,1,0,0,0,0,0,0,0,0,1,0,0,0,0,0
4/1/2024,CRI,238,Costa Rica,-1.990505,1,2024q2,2024,771,0,1,0,0,0,0,0,0,0,0,1,0,0,0,0,0
7/1/2024,CRI,238,Costa Rica,-0.4687216,1,2024q3,2024,774,0,1,0,0,0,0,0,0,0,0,1,0,0,0,0,0
10/1/2024,CRI,238,Costa Rica,-2.123175,1,2024q4,2024,777,0,1,0,0,0,0,0,0,0,0,1,0,0,0,0,0
1/1/1999,SLV,253,El Salvador,-1.8762505,4,1999q1,1999,468,0,1,0,0,0,0,0,0,0,0,1,0,0,0,0,0
4/1/1999,SLV,253,El Salvador,-1.9583768,4,1999q2,1999,471,0,1,0,0,0,0,0,0,0,0,1,0,0,0,0,0
7/1/1999,SLV,253,El Salvador,-2.0946821,4,1999q3,1999,474,0,1,0,0,0,0,0,0,0,0,1,0,0,0,0,0
10/1/1999,SLV,253,El Salvador,-1.4240808,4,1999q4,1999,477,0,1,0,0,0,0,0,0,0,0,1,0,0,0,0,0
1/1/2000,SLV,253,El Salvador,-1.3880788,4,2000q1,2000,480,0,1,0,0,0,0,0,0,0,0,1,0,0,0,0,0
4/1/2000,SLV,253,El Salvador,-3.1113401,4,2000q2,2000,483,0,1,0,0,0,0,0,0,0,0,1,0,0,0,0,0
7/1/2000,SLV,253,El Salvador,-4.2900998,4,2000q3,2000,486,0,1,0,0,0,0,0,0,0,0,1,0,0,0,0,0
10/1/2000,SLV,253,El Salvador,-3.8534348,4,2000q4,2000,489,0,1,0,0,0,0,0,0,0,0,1,0,0,0,0,0
1/1/2001,SLV,253,El Salvador,-1.847977,4,2001q1,2001,492,0,1,0,0,0,0,0,0,0,0,1,0,0,0,0,0
4/1/2001,SLV,253,El Salvador,-0.88344241,4,2001q2,2001,495,0,1,0,0,0,0,0,0,0,0,1,0,0,0,0,0
7/1/2001,SLV,253,El Salvador,-0.64502712,4,2001q3,2001,498,0,1,0,0,0,0,0,0,0,0,1,0,0,0,0,0
10/1/2001,SLV,253,El Salvador,-1.3671773,4,2001q4,2001,501,0,1,0,0,0,0,0,0,0,0,1,0,0,0,0,0
1/1/2002,SLV,253,El Salvador,-1.5623995,4,2002q1,2002,504,0,1,0,0,0,0,0,0,0,0,1,0,0,0,0,0
4/1/2002,SLV,253,El Salvador,-1.6938739,4,2002q2,2002,507,0,1,0,0,0,0,0,0,0,0,1,0,0,0,0,0
7/1/2002,SLV,253,El Salvador,-3.1579838,4,2002q3,2002,510,0,1,0,0,0,0,0,0,0,0,1,0,0,0,0,0
10/1/2002,SLV,253,El Salvador,-5.0502658,4,2002q4,2002,513,0,1,0,0,0,0,0,0,0,0,1,0,0,0,0,0
1/1/2003,SLV,253,El Salvador,-5.1854487,4,2003q1,2003,516,0,1,0,0,0,0,0,0,0,0,1,0,0,0,0,0
4/1/2003,SLV,253,El Salvador,-4.8496813,4,2003q2,2003,519,0,1,0,0,0,0,0,0,0,0,1,0,0,0,0,0
7/1/2003,SLV,253,El Salvador,-4.9925069,4,2003q3,2003,522,0,1,0,0,0,0,0,0,0,0,1,0,0,0,0,0
10/1/2003,SLV,253,El Salvador,-4.0935786,4,2003q4,2003,525,0,1,0,0,0,0,0,0,0,0,1,0,0,0,0,0
1/1/2004,SLV,253,El Salvador,-3.8066499,4,2004q1,2004,528,0,1,0,0,0,0,0,0,0,0,1,0,0,0,0,0
4/1/2004,SLV,253,El Salvador,-3.194907,4,2004q2,2004,531,0,1,0,0,0,0,0,0,0,0,1,0,0,0,0,0
7/1/2004,SLV,253,El Salvador,-3.2652755,4,2004q3,2004,534,0,1,0,0,0,0,0,0,0,0,1,0,0,0,0,0
10/1/2004,SLV,253,El Salvador,-5.1702864,4,2004q4,2004,537,0,1,0,0,0,0,0,0,0,0,1,0,0,0,0,0
1/1/2005,SLV,253,El Salvador,-5.0497873,4,2005q1,2005,540,0,1,0,0,0,0,0,0,0,0,1,0,0,0,0,0
4/1/2005,SLV,253,El Salvador,-3.8006304,4,2005q2,2005,543,0,1,0,0,0,0,0,0,0,0,1,0,0,0,0,0
7/1/2005,SLV,253,El Salvador,-3.5041605,4,2005q3,2005,546,0,1,0,0,0,0,0,0,0,0,1,0,0,0,0,0
10/1/2005,SLV,253,El Salvador,-2.6425511,4,2005q4,2005,549,0,1,0,0,0,0,0,0,0,0,1,0,0,0,0,0
1/1/2006,SLV,253,El Salvador,-3.2556281,4,2006q1,2006,552,0,1,0,0,0,0,0,0,0,0,1,0,0,0,0,0
4/1/2006,SLV,253,El Salvador,-4.1046357,4,2006q2,2006,555,0,1,0,0,0,0,0,0,0,0,1,0,0,0,0,0
7/1/2006,SLV,253,El Salvador,-3.9860596,4,2006q3,2006,558,0,1,0,0,0,0,0,0,0,0,1,0,0,0,0,0
10/1/2006,SLV,253,El Salvador,-4.3975153,4,2006q4,2006,561,0,1,0,0,0,0,0,0,0,0,1,0,0,0,0,0
1/1/2007,SLV,253,El Salvador,-5.5651246,4,2007q1,2007,564,0,1,0,0,0,0,0,0,0,0,1,0,0,0,0,0
4/1/2007,SLV,253,El Salvador,-6.6590469,4,2007q2,2007,567,0,1,0,0,0,0,0,0,0,0,1,0,0,0,0,0
7/1/2007,SLV,253,El Salvador,-5.7086721,4,2007q3,2007,570,0,1,0,0,0,0,0,0,0,0,1,0,0,0,0,0
10/1/2007,SLV,253,El Salvador,-6.3785111,4,2007q4,2007,573,0,1,0,0,0,0,0,0,0,0,1,0,0,0,0,0
1/1/2008,SLV,253,El Salvador,-7.3849785,4,2008q1,2008,576,0,1,0,0,0,0,0,0,0,0,1,0,0,0,0,0
4/1/2008,SLV,253,El Salvador,-7.7410045,4,2008q2,2008,579,0,1,0,0,0,0,0,0,0,0,1,0,0,0,0,0
7/1/2008,SLV,253,El Salvador,-7.3912313,4,2008q3,2008,582,0,1,0,0,0,0,0,0,0,0,1,0,0,0,0,0
10/1/2008,SLV,253,El Salvador,-6.4946798,4,2008q4,2008,585,0,1,0,0,0,0,0,0,0,0,1,0,0,0,0,0
1/1/2009,SLV,253,El Salvador,-0.11797034,4,2009q1,2009,588,0,1,0,0,0,0,0,0,0,0,1,0,0,0,0,0
4/1/2009,SLV,253,El Salvador,-0.06927501,4,2009q2,2009,591,0,1,0,0,0,0,0,0,0,0,1,0,0,0,0,0
7/1/2009,SLV,253,El Salvador,-1.389499,4,2009q3,2009,594,0,1,0,0,0,0,0,0,0,0,1,0,0,0,0,0
10/1/2009,SLV,253,El Salvador,-2.8673718,4,2009q4,2009,597,0,1,0,0,0,0,0,0,0,0,1,0,0,0,0,0
1/1/2010,SLV,253,El Salvador,-1.4146123,4,2010q1,2010,600,0,1,0,0,0,0,0,0,0,0,1,0,0,0,0,0
4/1/2010,SLV,253,El Salvador,-1.5313217,4,2010q2,2010,603,0,1,0,0,0,0,0,0,0,0,1,0,0,0,0,0
7/1/2010,SLV,253,El Salvador,-2.5743445,4,2010q3,2010,606,0,1,0,0,0,0,0,0,0,0,1,0,0,0,0,0
10/1/2010,SLV,253,El Salvador,-3.9635737,4,2010q4,2010,609,0,1,0,0,0,0,0,0,0,0,1,0,0,0,0,0
1/1/2011,SLV,253,El Salvador,-3.6327326,5,2011q1,2011,612,0,1,0,0,0,0,0,0,0,0,1,0,0,0,0,0
4/1/2011,SLV,253,El Salvador,-5.9564498,5,2011q2,2011,615,0,1,0,0,0,0,0,0,0,0,1,0,0,0,0,0
7/1/2011,SLV,253,El Salvador,-7.2712646,5,2011q3,2011,618,0,1,0,0,0,0,0,0,0,0,1,0,0,0,0,0
10/1/2011,SLV,253,El Salvador,-4.9945743,5,2011q4,2011,621,0,1,0,0,0,0,0,0,0,0,1,0,0,0,0,0
1/1/2012,SLV,253,El Salvador,-4.6237485,5,2012q1,2012,624,0,1,0,0,0,0,0,0,0,0,1,0,0,0,0,0
4/1/2012,SLV,253,El Salvador,-4.475468,5,2012q2,2012,627,0,1,0,0,0,0,0,0,0,0,1,0,0,0,0,0
7/1/2012,SLV,253,El Salvador,-7.3305536,5,2012q3,2012,630,0,1,0,0,0,0,0,0,0,0,1,0,0,0,0,0
10/1/2012,SLV,253,El Salvador,-6.7511807,5,2012q4,2012,633,0,1,0,0,0,0,0,0,0,0,1,0,0,0,0,0
1/1/2013,SLV,253,El Salvador,-6.5692143,5,2013q1,2013,636,0,1,0,0,0,0,0,0,0,0,1,0,0,0,0,0
4/1/2013,SLV,253,El Salvador,-7.6606542,5,2013q2,2013,639,0,1,0,0,0,0,0,0,0,0,1,0,0,0,0,0
7/1/2013,SLV,253,El Salvador,-7.7226583,5,2013q3,2013,642,0,1,0,0,0,0,0,0,0,0,1,0,0,0,0,0
10/1/2013,SLV,253,El Salvador,-5.6870836,5,2013q4,2013,645,0,1,0,0,0,0,0,0,0,0,1,0,0,0,0,0
1/1/2014,SLV,253,El Salvador,-8.2302761,5,2014q1,2014,648,0,1,0,0,0,0,0,0,0,0,1,0,0,0,0,0
4/1/2014,SLV,253,El Salvador,-4.7345153,5,2014q2,2014,651,0,1,0,0,0,0,0,0,0,0,1,0,0,0,0,0
7/1/2014,SLV,253,El Salvador,-3.0475547,5,2014q3,2014,654,0,1,0,0,0,0,0,0,0,0,1,0,0,0,0,0
10/1/2014,SLV,253,El Salvador,-5.4963201,5,2014q4,2014,657,0,1,0,0,0,0,0,0,0,0,1,0,0,0,0,0
1/1/2015,SLV,253,El Salvador,-2.6731457,5,2015q1,2015,660,0,1,0,0,0,0,0,0,0,0,1,0,0,0,0,0
4/1/2015,SLV,253,El Salvador,-2.7839244,5,2015q2,2015,663,0,1,0,0,0,0,0,0,0,0,1,0,0,0,0,0
7/1/2015,SLV,253,El Salvador,-3.4261979,5,2015q3,2015,666,0,1,0,0,0,0,0,0,0,0,1,0,0,0,0,0
10/1/2015,SLV,253,El Salvador,-3.9661145,5,2015q4,2015,669,0,1,0,0,0,0,0,0,0,0,1,0,0,0,0,0
1/1/2016,SLV,253,El Salvador,-3.3577403,5,2016q1,2016,672,0,1,0,0,0,0,0,0,0,0,1,0,0,0,0,0
4/1/2016,SLV,253,El Salvador,-1.6188064,5,2016q2,2016,675,0,1,0,0,0,0,0,0,0,0,1,0,0,0,0,0
7/1/2016,SLV,253,El Salvador,-2.7461148,5,2016q3,2016,678,0,1,0,0,0,0,0,0,0,0,1,0,0,0,0,0
10/1/2016,SLV,253,El Salvador,-1.4225625,5,2016q4,2016,681,0,1,0,0,0,0,0,0,0,0,1,0,0,0,0,0
1/1/2017,SLV,253,El Salvador,1.2847416,5,2017q1,2017,684,0,1,0,0,0,0,0,0,0,0,1,0,0,0,0,0
4/1/2017,SLV,253,El Salvador,-1.6317174,5,2017q2,2017,687,0,1,0,0,0,0,0,0,0,0,1,0,0,0,0,0
7/1/2017,SLV,253,El Salvador,-3.7613519,5,2017q3,2017,690,0,1,0,0,0,0,0,0,0,0,1,0,0,0,0,0
10/1/2017,SLV,253,El Salvador,-3.2620317,5,2017q4,2017,693,0,1,0,0,0,0,0,0,0,0,1,0,0,0,0,0
1/1/2018,SLV,253,El Salvador,-1.2248833,5,2018q1,2018,696,0,1,0,0,0,0,0,0,0,0,1,0,0,0,0,0
4/1/2018,SLV,253,El Salvador,-2.4404237,5,2018q2,2018,699,0,1,0,0,0,0,0,0,0,0,1,0,0,0,0,0
7/1/2018,SLV,253,El Salvador,-6.2267362,5,2018q3,2018,702,0,1,0,0,0,0,0,0,0,0,1,0,0,0,0,0
10/1/2018,SLV,253,El Salvador,-3.22109,5,2018q4,2018,705,0,1,0,0,0,0,0,0,0,0,1,0,0,0,0,0
1/1/2019,SLV,253,El Salvador,-0.76459734,5,2019q1,2019,708,0,1,0,0,0,0,0,0,0,0,1,0,0,0,0,0
4/1/2019,SLV,253,El Salvador,-0.42893351,5,2019q2,2019,711,0,1,0,0,0,0,0,0,0,0,1,0,0,0,0,0
7/1/2019,SLV,253,El Salvador,-1.2356076,5,2019q3,2019,714,0,1,0,0,0,0,0,0,0,0,1,0,0,0,0,0
10/1/2019,SLV,253,El Salvador,0.74484502,5,2019q4,2019,717,0,1,0,0,0,0,0,0,0,0,1,0,0,0,0,0
1/1/2020,SLV,253,El Salvador,0.304316,5,2020q1,2020,720,0,1,0,0,0,0,0,0,0,0,1,0,0,0,0,0
1/1/1977,GTM,258,Guatemala,5.7473973,4,1977q1,1977,204,0,1,0,0,0,0,0,0,0,0,1,0,0,0,0,0
4/1/1977,GTM,258,Guatemala,1.0992564,4,1977q2,1977,207,0,1,0,0,0,0,0,0,0,0,1,0,0,0,0,0
7/1/1977,GTM,258,Guatemala,-2.2088809,4,1977q3,1977,210,0,1,0,0,0,0,0,0,0,0,1,0,0,0,0,0
10/1/1977,GTM,258,Guatemala,-5.6151956,4,1977q4,1977,213,0,1,0,0,0,0,0,0,0,0,1,0,0,0,0,0
1/1/1978,GTM,258,Guatemala,-3.6894795,4,1978q1,1978,216,0,1,0,0,0,0,0,0,0,0,1,0,0,0,0,0
4/1/1978,GTM,258,Guatemala,-3.4062933,4,1978q2,1978,219,0,1,0,0,0,0,0,0,0,0,1,0,0,0,0,0
7/1/1978,GTM,258,Guatemala,-5.6972887,4,1978q3,1978,222,0,1,0,0,0,0,0,0,0,0,1,0,0,0,0,0
10/1/1978,GTM,258,Guatemala,-5.4128352,4,1978q4,1978,225,0,1,0,0,0,0,0,0,0,0,1,0,0,0,0,0
1/1/1979,GTM,258,Guatemala,-4.7112915,4,1979q1,1979,228,0,1,0,0,0,0,0,0,0,0,1,0,0,0,0,0
4/1/1979,GTM,258,Guatemala,-4.1265305,4,1979q2,1979,231,0,1,0,0,0,0,0,0,0,0,1,0,0,0,0,0
7/1/1979,GTM,258,Guatemala,-0.72907148,4,1979q3,1979,234,0,1,0,0,0,0,0,0,0,0,1,0,0,0,0,0
10/1/1979,GTM,258,Guatemala,-2.8551301,4,1979q4,1979,237,0,1,0,0,0,0,0,0,0,0,1,0,0,0,0,0
1/1/1980,GTM,258,Guatemala,-4.6491934,4,1980q1,1980,240,0,1,0,0,0,0,0,0,0,0,1,0,0,0,0,0
4/1/1980,GTM,258,Guatemala,4.9361731,4,1980q2,1980,243,0,1,0,0,0,0,0,0,0,0,1,0,0,0,0,0
7/1/1980,GTM,258,Guatemala,-4.0852161,4,1980q3,1980,246,0,1,0,0,0,0,0,0,0,0,1,0,0,0,0,0
10/1/1980,GTM,258,Guatemala,-4.4558379,4,1980q4,1980,249,0,1,0,0,0,0,0,0,0,0,1,0,0,0,0,0
1/1/1981,GTM,258,Guatemala,-3.2548776,4,1981q1,1981,252,0,1,0,0,0,0,0,0,0,0,1,0,0,0,0,0
4/1/1981,GTM,258,Guatemala,-4.8816538,4,1981q2,1981,255,0,1,0,0,0,0,0,0,0,0,1,0,0,0,0,0
7/1/1981,GTM,258,Guatemala,-13.072056,4,1981q3,1981,258,0,1,0,0,0,0,0,0,0,0,1,0,0,0,0,0
10/1/1981,GTM,258,Guatemala,-5.8492581,4,1981q4,1981,261,0,1,0,0,0,0,0,0,0,0,1,0,0,0,0,0
1/1/1982,GTM,258,Guatemala,-4.9493575,4,1982q1,1982,264,0,1,0,0,0,0,0,0,0,0,1,0,0,0,0,0
4/1/1982,GTM,258,Guatemala,-4.7730719,4,1982q2,1982,267,0,1,0,0,0,0,0,0,0,0,1,0,0,0,0,0
7/1/1982,GTM,258,Guatemala,-4.3343129,4,1982q3,1982,270,0,1,0,0,0,0,0,0,0,0,1,0,0,0,0,0
10/1/1982,GTM,258,Guatemala,-4.4849123,4,1982q4,1982,273,0,1,0,0,0,0,0,0,0,0,1,0,0,0,0,0
1/1/1983,GTM,258,Guatemala,-3.4709291,4,1983q1,1983,276,0,1,0,0,0,0,0,0,0,0,1,0,0,0,0,0
4/1/1983,GTM,258,Guatemala,-2.8983366,4,1983q2,1983,279,0,1,0,0,0,0,0,0,0,0,1,0,0,0,0,0
7/1/1983,GTM,258,Guatemala,-2.3781811,4,1983q3,1983,282,0,1,0,0,0,0,0,0,0,0,1,0,0,0,0,0
10/1/1983,GTM,258,Guatemala,-1.430522,4,1983q4,1983,285,0,1,0,0,0,0,0,0,0,0,1,0,0,0,0,0
1/1/1984,GTM,258,Guatemala,-3.6522348,4,1984q1,1984,288,0,1,0,0,0,0,0,0,0,0,1,0,0,0,0,0
4/1/1984,GTM,258,Guatemala,-5.5355476,4,1984q2,1984,291,0,1,0,0,0,0,0,0,0,0,1,0,0,0,0,0
7/1/1984,GTM,258,Guatemala,-2.1397715,4,1984q3,1984,294,0,1,0,0,0,0,0,0,0,0,1,0,0,0,0,0
10/1/1984,GTM,258,Guatemala,-4.9053333,4,1984q4,1984,297,0,1,0,0,0,0,0,0,0,0,1,0,0,0,0,0
1/1/1985,GTM,258,Guatemala,-3.0555836,4,1985q1,1985,300,0,1,0,0,0,0,0,0,0,0,1,0,0,0,0,0
4/1/1985,GTM,258,Guatemala,-2.7188161,4,1985q2,1985,303,0,1,0,0,0,0,0,0,0,0,1,0,0,0,0,0
7/1/1985,GTM,258,Guatemala,-2.8671631,4,1985q3,1985,306,0,1,0,0,0,0,0,0,0,0,1,0,0,0,0,0
10/1/1985,GTM,258,Guatemala,-0.79178572,4,1985q4,1985,309,0,1,0,0,0,0,0,0,0,0,1,0,0,0,0,0
1/1/1986,GTM,258,Guatemala,-0.78313166,4,1986q1,1986,312,0,1,0,0,0,0,0,0,0,0,1,0,0,0,0,0
4/1/1986,GTM,258,Guatemala,0.49246619,4,1986q2,1986,315,0,1,0,0,0,0,0,0,0,0,1,0,0,0,0,0
7/1/1986,GTM,258,Guatemala,-4.5926535,4,1986q3,1986,318,0,1,0,0,0,0,0,0,0,0,1,0,0,0,0,0
10/1/1986,GTM,258,Guatemala,1.0899688,4,1986q4,1986,321,0,1,0,0,0,0,0,0,0,0,1,0,0,0,0,0
1/1/1987,GTM,258,Guatemala,-1.5463447,4,1987q1,1987,324,0,1,0,0,0,0,0,0,0,0,1,0,0,0,0,0
4/1/1987,GTM,258,Guatemala,-4.9592367,4,1987q2,1987,327,0,1,0,0,0,0,0,0,0,0,1,0,0,0,0,0
7/1/1987,GTM,258,Guatemala,-10.184488,4,1987q3,1987,330,0,1,0,0,0,0,0,0,0,0,1,0,0,0,0,0
10/1/1987,GTM,258,Guatemala,-8.7535076,4,1987q4,1987,333,0,1,0,0,0,0,0,0,0,0,1,0,0,0,0,0
1/1/1988,GTM,258,Guatemala,-7.4304674,4,1988q1,1988,336,0,1,0,0,0,0,0,0,0,0,1,0,0,0,0,0
4/1/1988,GTM,258,Guatemala,-5.0714928,4,1988q2,1988,339,0,1,0,0,0,0,0,0,0,0,1,0,0,0,0,0
7/1/1988,GTM,258,Guatemala,-4.9425075,4,1988q3,1988,342,0,1,0,0,0,0,0,0,0,0,1,0,0,0,0,0
10/1/1988,GTM,258,Guatemala,-5.1389354,4,1988q4,1988,345,0,1,0,0,0,0,0,0,0,0,1,0,0,0,0,0
1/1/1989,GTM,258,Guatemala,-6.9319852,4,1989q1,1989,348,0,1,0,0,0,0,0,0,0,0,1,0,0,0,0,0
4/1/1989,GTM,258,Guatemala,-4.5209207,4,1989q2,1989,351,0,1,0,0,0,0,0,0,0,0,1,0,0,0,0,0
7/1/1989,GTM,258,Guatemala,-1.8746857,4,1989q3,1989,354,0,1,0,0,0,0,0,0,0,0,1,0,0,0,0,0
10/1/1989,GTM,258,Guatemala,-6.1992775,4,1989q4,1989,357,0,1,0,0,0,0,0,0,0,0,1,0,0,0,0,0
1/1/1990,GTM,258,Guatemala,-4.3693288,4,1990q1,1990,360,0,1,0,0,0,0,0,0,0,0,1,0,0,0,0,0
4/1/1990,GTM,258,Guatemala,-3.8349033,4,1990q2,1990,363,0,1,0,0,0,0,0,0,0,0,1,0,0,0,0,0
7/1/1990,GTM,258,Guatemala,-3.9721359,4,1990q3,1990,366,0,1,0,0,0,0,0,0,0,0,1,0,0,0,0,0
10/1/1990,GTM,258,Guatemala,-2.6934919,4,1990q4,1990,369,0,1,0,0,0,0,0,0,0,0,1,0,0,0,0,0
1/1/1991,GTM,258,Guatemala,-3.4195727,4,1991q1,1991,372,0,1,0,0,0,0,0,0,0,0,1,0,0,0,0,0
4/1/1991,GTM,258,Guatemala,-1.9193491,4,1991q2,1991,375,0,1,0,0,0,0,0,0,0,0,1,0,0,0,0,0
7/1/1991,GTM,258,Guatemala,-3.7160805,4,1991q3,1991,378,0,1,0,0,0,0,0,0,0,0,1,0,0,0,0,0
10/1/1991,GTM,258,Guatemala,0.59393201,4,1991q4,1991,381,0,1,0,0,0,0,0,0,0,0,1,0,0,0,0,0
1/1/1992,GTM,258,Guatemala,-3.8972768,4,1992q1,1992,384,0,1,0,0,0,0,0,0,0,0,1,0,0,0,0,0
4/1/1992,GTM,258,Guatemala,-6.5830456,4,1992q2,1992,387,0,1,0,0,0,0,0,0,0,0,1,0,0,0,0,0
7/1/1992,GTM,258,Guatemala,-9.9505447,4,1992q3,1992,390,0,1,0,0,0,0,0,0,0,0,1,0,0,0,0,0
10/1/1992,GTM,258,Guatemala,-7.7657275,4,1992q4,1992,393,0,1,0,0,0,0,0,0,0,0,1,0,0,0,0,0
1/1/1993,GTM,258,Guatemala,-7.9727076,4,1993q1,1993,396,0,1,0,0,0,0,0,0,0,0,1,0,0,0,0,0
4/1/1993,GTM,258,Guatemala,-5.487617,4,1993q2,1993,399,0,1,0,0,0,0,0,0,0,0,1,0,0,0,0,0
7/1/1993,GTM,258,Guatemala,-5.7606381,4,1993q3,1993,402,0,1,0,0,0,0,0,0,0,0,1,0,0,0,0,0
10/1/1993,GTM,258,Guatemala,-7.2236374,4,1993q4,1993,405,0,1,0,0,0,0,0,0,0,0,1,0,0,0,0,0
1/1/1994,GTM,258,Guatemala,-6.0690903,4,1994q1,1994,408,0,1,0,0,0,0,0,0,0,0,1,0,0,0,0,0
4/1/1994,GTM,258,Guatemala,-5.4885316,4,1994q2,1994,411,0,1,0,0,0,0,0,0,0,0,1,0,0,0,0,0
7/1/1994,GTM,258,Guatemala,-3.6726341,4,1994q3,1994,414,0,1,0,0,0,0,0,0,0,0,1,0,0,0,0,0
10/1/1994,GTM,258,Guatemala,-4.7892226,4,1994q4,1994,417,0,1,0,0,0,0,0,0,0,0,1,0,0,0,0,0
1/1/1995,GTM,258,Guatemala,-3.0791871,4,1995q1,1995,420,0,1,0,0,0,0,0,0,0,0,1,0,0,0,0,0
4/1/1995,GTM,258,Guatemala,-5.6591577,4,1995q2,1995,423,0,1,0,0,0,0,0,0,0,0,1,0,0,0,0,0
7/1/1995,GTM,258,Guatemala,-4.2086692,4,1995q3,1995,426,0,1,0,0,0,0,0,0,0,0,1,0,0,0,0,0
10/1/1995,GTM,258,Guatemala,-3.4084538,4,1995q4,1995,429,0,1,0,0,0,0,0,0,0,0,1,0,0,0,0,0
1/1/1996,GTM,258,Guatemala,-3.4161,4,1996q1,1996,432,0,1,0,0,0,0,0,0,0,0,1,0,0,0,0,0
4/1/1996,GTM,258,Guatemala,-4.0304577,4,1996q2,1996,435,0,1,0,0,0,0,0,0,0,0,1,0,0,0,0,0
7/1/1996,GTM,258,Guatemala,-1.5996496,4,1996q3,1996,438,0,1,0,0,0,0,0,0,0,0,1,0,0,0,0,0
10/1/1996,GTM,258,Guatemala,-2.6237144,4,1996q4,1996,441,0,1,0,0,0,0,0,0,0,0,1,0,0,0,0,0
1/1/1997,GTM,258,Guatemala,-1.7053986,4,1997q1,1997,444,0,1,0,0,0,0,0,0,0,0,1,0,0,0,0,0
4/1/1997,GTM,258,Guatemala,-3.5444753,4,1997q2,1997,447,0,1,0,0,0,0,0,0,0,0,1,0,0,0,0,0
7/1/1997,GTM,258,Guatemala,-5.1161794,4,1997q3,1997,450,0,1,0,0,0,0,0,0,0,0,1,0,0,0,0,0
10/1/1997,GTM,258,Guatemala,-4.2853126,4,1997q4,1997,453,0,1,0,0,0,0,0,0,0,0,1,0,0,0,0,0
1/1/1998,GTM,258,Guatemala,-4.7301617,4,1998q1,1998,456,0,1,0,0,0,0,0,0,0,0,1,0,0,0,0,0
4/1/1998,GTM,258,Guatemala,-2.7514192,4,1998q2,1998,459,0,1,0,0,0,0,0,0,0,0,1,0,0,0,0,0
7/1/1998,GTM,258,Guatemala,-7.6659889,4,1998q3,1998,462,0,1,0,0,0,0,0,0,0,0,1,0,0,0,0,0
10/1/1998,GTM,258,Guatemala,-7.685378,4,1998q4,1998,465,0,1,0,0,0,0,0,0,0,0,1,0,0,0,0,0
1/1/1999,GTM,258,Guatemala,-6.1389168,4,1999q1,1999,468,0,1,0,0,0,0,0,0,0,0,1,0,0,0,0,0
4/1/1999,GTM,258,Guatemala,-5.0656106,4,1999q2,1999,471,0,1,0,0,0,0,0,0,0,0,1,0,0,0,0,0
7/1/1999,GTM,258,Guatemala,-6.2505425,4,1999q3,1999,474,0,1,0,0,0,0,0,0,0,0,1,0,0,0,0,0
10/1/1999,GTM,258,Guatemala,-6.4266653,4,1999q4,1999,477,0,1,0,0,0,0,0,0,0,0,1,0,0,0,0,0
1/1/2000,GTM,258,Guatemala,-4.3092271,4,2000q1,2000,480,0,1,0,0,0,0,0,0,0,0,1,0,0,0,0,0
4/1/2000,GTM,258,Guatemala,-5.4876557,4,2000q2,2000,483,0,1,0,0,0,0,0,0,0,0,1,0,0,0,0,0
7/1/2000,GTM,258,Guatemala,-5.5428927,4,2000q3,2000,486,0,1,0,0,0,0,0,0,0,0,1,0,0,0,0,0
10/1/2000,GTM,258,Guatemala,-7.0147809,4,2000q4,2000,489,0,1,0,0,0,0,0,0,0,0,1,0,0,0,0,0
1/1/2001,GTM,258,Guatemala,-6.7437768,4,2001q1,2001,492,0,1,0,0,0,0,0,0,0,0,1,0,0,0,0,0
4/1/2001,GTM,258,Guatemala,-6.1683004,4,2001q2,2001,495,0,1,0,0,0,0,0,0,0,0,1,0,0,0,0,0
7/1/2001,GTM,258,Guatemala,-9.4209079,4,2001q3,2001,498,0,1,0,0,0,0,0,0,0,0,1,0,0,0,0,0
10/1/2001,GTM,258,Guatemala,-4.7269171,4,2001q4,2001,501,0,1,0,0,0,0,0,0,0,0,1,0,0,0,0,0
1/1/2002,GTM,258,Guatemala,-6.7803797,4,2002q1,2002,504,0,1,0,0,0,0,0,0,0,0,1,0,0,0,0,0
4/1/2002,GTM,258,Guatemala,-10.063803,4,2002q2,2002,507,0,1,0,0,0,0,0,0,0,0,1,0,0,0,0,0
7/1/2002,GTM,258,Guatemala,-4.1890861,4,2002q3,2002,510,0,1,0,0,0,0,0,0,0,0,1,0,0,0,0,0
10/1/2002,GTM,258,Guatemala,-3.9640767,4,2002q4,2002,513,0,1,0,0,0,0,0,0,0,0,1,0,0,0,0,0
1/1/2003,GTM,258,Guatemala,-6.8524742,4,2003q1,2003,516,0,1,0,0,0,0,0,0,0,0,1,0,0,0,0,0
4/1/2003,GTM,258,Guatemala,-3.118274,4,2003q2,2003,519,0,1,0,0,0,0,0,0,0,0,1,0,0,0,0,0
7/1/2003,GTM,258,Guatemala,-4.9205344,4,2003q3,2003,522,0,1,0,0,0,0,0,0,0,0,1,0,0,0,0,0
10/1/2003,GTM,258,Guatemala,-4.6622233,4,2003q4,2003,525,0,1,0,0,0,0,0,0,0,0,1,0,0,0,0,0
1/1/2004,GTM,258,Guatemala,-5.8174701,4,2004q1,2004,528,0,1,0,0,0,0,0,0,0,0,1,0,0,0,0,0
4/1/2004,GTM,258,Guatemala,-6.2174374,4,2004q2,2004,531,0,1,0,0,0,0,0,0,0,0,1,0,0,0,0,0
7/1/2004,GTM,258,Guatemala,-3.2166899,4,2004q3,2004,534,0,1,0,0,0,0,0,0,0,0,1,0,0,0,0,0
10/1/2004,GTM,258,Guatemala,-5.855437,4,2004q4,2004,537,0,1,0,0,0,0,0,0,0,0,1,0,0,0,0,0
1/1/2005,GTM,258,Guatemala,-4.5610133,4,2005q1,2005,540,0,1,0,0,0,0,0,0,0,0,1,0,0,0,0,0
4/1/2005,GTM,258,Guatemala,-5.3674983,4,2005q2,2005,543,0,1,0,0,0,0,0,0,0,0,1,0,0,0,0,0
7/1/2005,GTM,258,Guatemala,-4.3793765,4,2005q3,2005,546,0,1,0,0,0,0,0,0,0,0,1,0,0,0,0,0
10/1/2005,GTM,258,Guatemala,-5.2610305,4,2005q4,2005,549,0,1,0,0,0,0,0,0,0,0,1,0,0,0,0,0
1/1/2006,GTM,258,Guatemala,-6.9771157,4,2006q1,2006,552,0,1,0,0,0,0,0,0,0,0,1,0,0,0,0,0
4/1/2006,GTM,258,Guatemala,-6.9018258,4,2006q2,2006,555,0,1,0,0,0,0,0,0,0,0,1,0,0,0,0,0
7/1/2006,GTM,258,Guatemala,-3.1581594,4,2006q3,2006,558,0,1,0,0,0,0,0,0,0,0,1,0,0,0,0,0
10/1/2006,GTM,258,Guatemala,-4.6859619,4,2006q4,2006,561,0,1,0,0,0,0,0,0,0,0,1,0,0,0,0,0
1/1/2007,GTM,258,Guatemala,-6.3411788,4,2007q1,2007,564,0,1,0,0,0,0,0,0,0,0,1,0,0,0,0,0
4/1/2007,GTM,258,Guatemala,-2.8742954,4,2007q2,2007,567,0,1,0,0,0,0,0,0,0,0,1,0,0,0,0,0
7/1/2007,GTM,258,Guatemala,-6.2799528,4,2007q3,2007,570,0,1,0,0,0,0,0,0,0,0,1,0,0,0,0,0
10/1/2007,GTM,258,Guatemala,-6.8024674,4,2007q4,2007,573,0,1,0,0,0,0,0,0,0,0,1,0,0,0,0,0
1/1/2008,GTM,258,Guatemala,-6.394925,4,2008q1,2008,576,0,1,0,0,0,0,0,0,0,0,1,0,0,0,0,0
4/1/2008,GTM,258,Guatemala,-6.9364598,4,2008q2,2008,579,0,1,0,0,0,0,0,0,0,0,1,0,0,0,0,0
7/1/2008,GTM,258,Guatemala,-3.5498186,4,2008q3,2008,582,0,1,0,0,0,0,0,0,0,0,1,0,0,0,0,0
10/1/2008,GTM,258,Guatemala,-1.6958543,4,2008q4,2008,585,0,1,0,0,0,0,0,0,0,0,1,0,0,0,0,0
1/1/2009,GTM,258,Guatemala,0.84461492,4,2009q1,2009,588,0,1,0,0,0,0,0,0,0,0,1,0,0,0,0,0
4/1/2009,GTM,258,Guatemala,1.2642358,4,2009q2,2009,591,0,1,0,0,0,0,0,0,0,0,1,0,0,0,0,0
7/1/2009,GTM,258,Guatemala,-0.59269762,4,2009q3,2009,594,0,1,0,0,0,0,0,0,0,0,1,0,0,0,0,0
10/1/2009,GTM,258,Guatemala,-2.0176253,4,2009q4,2009,597,0,1,0,0,0,0,0,0,0,0,1,0,0,0,0,0
1/1/2010,GTM,258,Guatemala,-0.51392215,4,2010q1,2010,600,0,1,0,0,0,0,0,0,0,0,1,0,0,0,0,0
4/1/2010,GTM,258,Guatemala,-1.9810416,4,2010q2,2010,603,0,1,0,0,0,0,0,0,0,0,1,0,0,0,0,0
7/1/2010,GTM,258,Guatemala,-3.6352538,4,2010q3,2010,606,0,1,0,0,0,0,0,0,0,0,1,0,0,0,0,0
10/1/2010,GTM,258,Guatemala,-2.4401704,4,2010q4,2010,609,0,1,0,0,0,0,0,0,0,0,1,0,0,0,0,0
1/1/2011,GTM,258,Guatemala,-2.780725,5,2011q1,2011,612,0,1,0,0,0,0,0,0,0,0,1,0,0,0,0,0
4/1/2011,GTM,258,Guatemala,-4.3872989,5,2011q2,2011,615,0,1,0,0,0,0,0,0,0,0,1,0,0,0,0,0
7/1/2011,GTM,258,Guatemala,-2.7808633,5,2011q3,2011,618,0,1,0,0,0,0,0,0,0,0,1,0,0,0,0,0
10/1/2011,GTM,258,Guatemala,-3.4779651,5,2011q4,2011,621,0,1,0,0,0,0,0,0,0,0,1,0,0,0,0,0
1/1/2012,GTM,258,Guatemala,-3.965124,5,2012q1,2012,624,0,1,0,0,0,0,0,0,0,0,1,0,0,0,0,0
4/1/2012,GTM,258,Guatemala,-3.6522684,5,2012q2,2012,627,0,1,0,0,0,0,0,0,0,0,1,0,0,0,0,0
7/1/2012,GTM,258,Guatemala,-1.457196,5,2012q3,2012,630,0,1,0,0,0,0,0,0,0,0,1,0,0,0,0,0
10/1/2012,GTM,258,Guatemala,-5.7322757,5,2012q4,2012,633,0,1,0,0,0,0,0,0,0,0,1,0,0,0,0,0
1/1/2013,GTM,258,Guatemala,-4.0512666,5,2013q1,2013,636,0,1,0,0,0,0,0,0,0,0,1,0,0,0,0,0
4/1/2013,GTM,258,Guatemala,-5.1582708,5,2013q2,2013,639,0,1,0,0,0,0,0,0,0,0,1,0,0,0,0,0
7/1/2013,GTM,258,Guatemala,-5.0252518,5,2013q3,2013,642,0,1,0,0,0,0,0,0,0,0,1,0,0,0,0,0
10/1/2013,GTM,258,Guatemala,-2.6910435,5,2013q4,2013,645,0,1,0,0,0,0,0,0,0,0,1,0,0,0,0,0
1/1/2014,GTM,258,Guatemala,-4.4497626,5,2014q1,2014,648,0,1,0,0,0,0,0,0,0,0,1,0,0,0,0,0
4/1/2014,GTM,258,Guatemala,-3.7200573,5,2014q2,2014,651,0,1,0,0,0,0,0,0,0,0,1,0,0,0,0,0
7/1/2014,GTM,258,Guatemala,-2.5938668,5,2014q3,2014,654,0,1,0,0,0,0,0,0,0,0,1,0,0,0,0,0
10/1/2014,GTM,258,Guatemala,-2.3738851,5,2014q4,2014,657,0,1,0,0,0,0,0,0,0,0,1,0,0,0,0,0
1/1/2015,GTM,258,Guatemala,-1.4868146,5,2015q1,2015,660,0,1,0,0,0,0,0,0,0,0,1,0,0,0,0,0
4/1/2015,GTM,258,Guatemala,-0.92813786,5,2015q2,2015,663,0,1,0,0,0,0,0,0,0,0,1,0,0,0,0,0
7/1/2015,GTM,258,Guatemala,-1.7590315,5,2015q3,2015,666,0,1,0,0,0,0,0,0,0,0,1,0,0,0,0,0
10/1/2015,GTM,258,Guatemala,-0.72386894,5,2015q4,2015,669,0,1,0,0,0,0,0,0,0,0,1,0,0,0,0,0
1/1/2016,GTM,258,Guatemala,1.6707097,5,2016q1,2016,672,0,1,0,0,0,0,0,0,0,0,1,0,0,0,0,0
4/1/2016,GTM,258,Guatemala,0.27991674,5,2016q2,2016,675,0,1,0,0,0,0,0,0,0,0,1,0,0,0,0,0
7/1/2016,GTM,258,Guatemala,0.71589264,5,2016q3,2016,678,0,1,0,0,0,0,0,0,0,0,1,0,0,0,0,0
10/1/2016,GTM,258,Guatemala,1.2666775,5,2016q4,2016,681,0,1,0,0,0,0,0,0,0,0,1,0,0,0,0,0
1/1/2017,GTM,258,Guatemala,1.8750401,5,2017q1,2017,684,0,1,0,0,0,0,0,0,0,0,1,0,0,0,0,0
4/1/2017,GTM,258,Guatemala,2.3968307,5,2017q2,2017,687,0,1,0,0,0,0,0,0,0,0,1,0,0,0,0,0
7/1/2017,GTM,258,Guatemala,1.4382031,5,2017q3,2017,690,0,1,0,0,0,0,0,0,0,0,1,0,0,0,0,0
10/1/2017,GTM,258,Guatemala,-0.73319229,5,2017q4,2017,693,0,1,0,0,0,0,0,0,0,0,1,0,0,0,0,0
1/1/2018,GTM,258,Guatemala,0.96063756,5,2018q1,2018,696,0,1,0,0,0,0,0,0,0,0,1,0,0,0,0,0
4/1/2018,GTM,258,Guatemala,0.0505873,5,2018q2,2018,699,0,1,0,0,0,0,0,0,0,0,1,0,0,0,0,0
7/1/2018,GTM,258,Guatemala,1.3330287,5,2018q3,2018,702,0,1,0,0,0,0,0,0,0,0,1,0,0,0,0,0
10/1/2018,GTM,258,Guatemala,1.2094066,5,2018q4,2018,705,0,1,0,0,0,0,0,0,0,0,1,0,0,0,0,0
1/1/2019,GTM,258,Guatemala,0.7291272,5,2019q1,2019,708,0,1,0,0,0,0,0,0,0,0,1,0,0,0,0,0
4/1/2019,GTM,258,Guatemala,1.9986848,5,2019q2,2019,711,0,1,0,0,0,0,0,0,0,0,1,0,0,0,0,0
7/1/2019,GTM,258,Guatemala,3.6961455,5,2019q3,2019,714,0,1,0,0,0,0,0,0,0,0,1,0,0,0,0,0
10/1/2019,GTM,258,Guatemala,3.0054897,5,2019q4,2019,717,0,1,0,0,0,0,0,0,0,0,1,0,0,0,0,0
1/1/2020,GTM,258,Guatemala,2.9538319,5,2020q1,2020,720,0,1,0,0,0,0,0,0,0,0,1,0,0,0,0,0
1/1/1979,MEX,273,Mexico,-2.4791167,4,1979q1,1979,228,0,1,1,0,0,0,0,0,0,0,1,0,1,0,0,0
4/1/1979,MEX,273,Mexico,-2.9189676,4,1979q2,1979,231,0,1,1,0,0,0,0,0,0,0,1,0,1,0,0,0
7/1/1979,MEX,273,Mexico,-3.1411404,4,1979q3,1979,234,0,1,1,0,0,0,0,0,0,0,1,0,1,0,0,0
10/1/1979,MEX,273,Mexico,-3.2425912,4,1979q4,1979,237,0,1,1,0,0,0,0,0,0,0,1,0,1,0,0,0
1/1/1980,MEX,273,Mexico,-3.1169101,4,1980q1,1980,240,0,1,1,0,0,0,0,0,0,0,1,0,1,0,0,0
4/1/1980,MEX,273,Mexico,-4.1211688,4,1980q2,1980,243,0,1,1,0,0,0,0,0,0,0,1,0,1,0,0,0
7/1/1980,MEX,273,Mexico,-4.2264567,4,1980q3,1980,246,0,1,1,0,0,0,0,0,0,0,1,0,1,0,0,0
10/1/1980,MEX,273,Mexico,-4.9554975,4,1980q4,1980,249,0,1,1,0,0,0,0,0,0,0,1,0,1,0,0,0
1/1/1981,MEX,273,Mexico,-4.206096,4,1981q1,1981,252,0,1,1,0,0,0,0,0,0,0,1,0,1,0,0,0
4/1/1981,MEX,273,Mexico,-4.8285714,4,1981q2,1981,255,0,1,1,0,0,0,0,0,0,0,1,0,1,0,0,0
7/1/1981,MEX,273,Mexico,-5.639964,4,1981q3,1981,258,0,1,1,0,0,0,0,0,0,0,1,0,1,0,0,0
10/1/1981,MEX,273,Mexico,-5.7484769,4,1981q4,1981,261,0,1,1,0,0,0,0,0,0,0,1,0,1,0,0,0
1/1/1982,MEX,273,Mexico,-8.14683,4,1982q1,1982,264,0,1,1,0,0,0,0,0,0,0,1,0,1,0,0,0
4/1/1982,MEX,273,Mexico,-4.0750765,4,1982q2,1982,267,0,1,1,0,0,0,0,0,0,0,1,0,1,0,0,0
7/1/1982,MEX,273,Mexico,0.12996789,4,1982q3,1982,270,0,1,1,0,0,0,0,0,0,0,1,0,1,0,0,0
10/1/1982,MEX,273,Mexico,2.4640331,4,1982q4,1982,273,0,1,1,0,0,0,0,0,0,0,1,0,1,0,0,0
1/1/1983,MEX,273,Mexico,3.249408,4,1983q1,1983,276,0,1,1,0,0,0,0,0,0,0,1,0,1,0,0,0
4/1/1983,MEX,273,Mexico,3.3711297,4,1983q2,1983,279,0,1,1,0,0,0,0,0,0,0,1,0,1,0,0,0
7/1/1983,MEX,273,Mexico,2.9264844,4,1983q3,1983,282,0,1,1,0,0,0,0,0,0,0,1,0,1,0,0,0
10/1/1983,MEX,273,Mexico,3.4406134,4,1983q4,1983,285,0,1,1,0,0,0,0,0,0,0,1,0,1,0,0,0
1/1/1984,MEX,273,Mexico,3.697102,4,1984q1,1984,288,0,1,1,0,0,0,0,0,0,0,1,0,1,0,0,0
4/1/1984,MEX,273,Mexico,2.5162876,4,1984q2,1984,291,0,1,1,0,0,0,0,0,0,0,1,0,1,0,0,0
7/1/1984,MEX,273,Mexico,1.2025382,4,1984q3,1984,294,0,1,1,0,0,0,0,0,0,0,1,0,1,0,0,0
10/1/1984,MEX,273,Mexico,0.58088408,4,1984q4,1984,297,0,1,1,0,0,0,0,0,0,0,1,0,1,0,0,0
1/1/1985,MEX,273,Mexico,-0.26589099,4,1985q1,1985,300,0,1,1,0,0,0,0,0,0,0,1,0,1,0,0,0
4/1/1985,MEX,273,Mexico,-0.71945049,4,1985q2,1985,303,0,1,1,0,0,0,0,0,0,0,1,0,1,0,0,0
7/1/1985,MEX,273,Mexico,1.2683366,4,1985q3,1985,306,0,1,1,0,0,0,0,0,0,0,1,0,1,0,0,0
10/1/1985,MEX,273,Mexico,1.4229725,4,1985q4,1985,309,0,1,1,0,0,0,0,0,0,0,1,0,1,0,0,0
1/1/1986,MEX,273,Mexico,-1.5261108,4,1986q1,1986,312,0,1,1,0,0,0,0,0,0,0,1,0,1,0,0,0
4/1/1986,MEX,273,Mexico,-2.0712479,4,1986q2,1986,315,0,1,1,0,0,0,0,0,0,0,1,0,1,0,0,0
7/1/1986,MEX,273,Mexico,-1.1038896,4,1986q3,1986,318,0,1,1,0,0,0,0,0,0,0,1,0,1,0,0,0
10/1/1986,MEX,273,Mexico,1.2437184,4,1986q4,1986,321,0,1,1,0,0,0,0,0,0,0,1,0,1,0,0,0
1/1/1987,MEX,273,Mexico,3.2421514,4,1987q1,1987,324,0,1,1,0,0,0,0,0,0,0,1,0,1,0,0,0
4/1/1987,MEX,273,Mexico,3.9115993,4,1987q2,1987,327,0,1,1,0,0,0,0,0,0,0,1,0,1,0,0,0
7/1/1987,MEX,273,Mexico,1.9195917,4,1987q3,1987,330,0,1,1,0,0,0,0,0,0,0,1,0,1,0,0,0
10/1/1987,MEX,273,Mexico,1.8767547,4,1987q4,1987,333,0,1,1,0,0,0,0,0,0,0,1,0,1,0,0,0
1/1/1988,MEX,273,Mexico,1.1065083,4,1988q1,1988,336,0,1,1,0,0,0,0,0,0,0,1,0,1,0,0,0
4/1/1988,MEX,273,Mexico,0.02047211,4,1988q2,1988,339,0,1,1,0,0,0,0,0,0,0,1,0,1,0,0,0
7/1/1988,MEX,273,Mexico,-1.8910043,4,1988q3,1988,342,0,1,1,0,0,0,0,0,0,0,1,0,1,0,0,0
10/1/1988,MEX,273,Mexico,-2.914187,4,1988q4,1988,345,0,1,1,0,0,0,0,0,0,0,1,0,1,0,0,0
1/1/1989,MEX,273,Mexico,-2.070423,4,1989q1,1989,348,0,1,1,0,0,0,0,0,0,0,1,0,1,0,0,0
4/1/1989,MEX,273,Mexico,-2.0217786,4,1989q2,1989,351,0,1,1,0,0,0,0,0,0,0,1,0,1,0,0,0
7/1/1989,MEX,273,Mexico,-2.4754361,4,1989q3,1989,354,0,1,1,0,0,0,0,0,0,0,1,0,1,0,0,0
10/1/1989,MEX,273,Mexico,-2.2194386,4,1989q4,1989,357,0,1,1,0,0,0,0,0,0,0,1,0,1,0,0,0
1/1/1990,MEX,273,Mexico,-3.4295801,4,1990q1,1990,360,0,1,1,0,0,0,0,0,0,0,1,0,1,0,0,0
4/1/1990,MEX,273,Mexico,-2.3125397,4,1990q2,1990,363,0,1,1,0,0,0,0,0,0,0,1,0,1,0,0,0
7/1/1990,MEX,273,Mexico,-1.6841496,4,1990q3,1990,366,0,1,1,0,0,0,0,0,0,0,1,0,1,0,0,0
10/1/1990,MEX,273,Mexico,-2.1787857,4,1990q4,1990,369,0,1,1,0,0,0,0,0,0,0,1,0,1,0,0,0
1/1/1991,MEX,273,Mexico,-2.8413169,4,1991q1,1991,372,0,1,1,0,0,0,0,0,0,0,1,0,1,0,0,0
4/1/1991,MEX,273,Mexico,-4.2996174,4,1991q2,1991,375,0,1,1,0,0,0,0,0,0,0,1,0,1,0,0,0
7/1/1991,MEX,273,Mexico,-3.9447463,4,1991q3,1991,378,0,1,1,0,0,0,0,0,0,0,1,0,1,0,0,0
10/1/1991,MEX,273,Mexico,-4.4856984,4,1991q4,1991,381,0,1,1,0,0,0,0,0,0,0,1,0,1,0,0,0
1/1/1992,MEX,273,Mexico,-5.2983735,4,1992q1,1992,384,0,1,1,0,0,0,0,0,0,0,1,0,1,0,0,0
4/1/1992,MEX,273,Mexico,-5.6544535,4,1992q2,1992,387,0,1,1,0,0,0,0,0,0,0,1,0,1,0,0,0
7/1/1992,MEX,273,Mexico,-5.6220406,4,1992q3,1992,390,0,1,1,0,0,0,0,0,0,0,1,0,1,0,0,0
10/1/1992,MEX,273,Mexico,-5.5959575,4,1992q4,1992,393,0,1,1,0,0,0,0,0,0,0,1,0,1,0,0,0
1/1/1993,MEX,273,Mexico,-5.0480844,4,1993q1,1993,396,0,1,1,0,0,0,0,0,0,0,1,0,1,0,0,0
4/1/1993,MEX,273,Mexico,-4.9732613,4,1993q2,1993,399,0,1,1,0,0,0,0,0,0,0,1,0,1,0,0,0
7/1/1993,MEX,273,Mexico,-4.8746305,4,1993q3,1993,402,0,1,1,0,0,0,0,0,0,0,1,0,1,0,0,0
10/1/1993,MEX,273,Mexico,-4.1564443,4,1993q4,1993,405,0,1,1,0,0,0,0,0,0,0,1,0,1,0,0,0
1/1/1994,MEX,273,Mexico,-5.8043127,4,1994q1,1994,408,0,1,1,0,0,0,0,0,0,0,1,0,1,0,0,0
4/1/1994,MEX,273,Mexico,-6.1858275,4,1994q2,1994,411,0,1,1,0,0,0,0,0,0,0,1,0,1,0,0,0
7/1/1994,MEX,273,Mexico,-5.727442,4,1994q3,1994,414,0,1,1,0,0,0,0,0,0,0,1,0,1,0,0,0
10/1/1994,MEX,273,Mexico,-8.6406752,4,1994q4,1994,417,0,1,1,0,0,0,0,0,0,0,1,0,1,0,0,0
1/1/1995,MEX,273,Mexico,-1.5174416,3,1995q1,1995,420,0,1,1,0,0,0,0,0,0,0,1,0,1,0,0,0
4/1/1995,MEX,273,Mexico,-0.41673152,3,1995q2,1995,423,0,1,1,0,0,0,0,0,0,0,1,0,1,0,0,0
7/1/1995,MEX,273,Mexico,-0.35864587,3,1995q3,1995,426,0,1,1,0,0,0,0,0,0,0,1,0,1,0,0,0
10/1/1995,MEX,273,Mexico,0.15763579,3,1995q4,1995,429,0,1,1,0,0,0,0,0,0,0,1,0,1,0,0,0
1/1/1996,MEX,273,Mexico,-0.09389666,3,1996q1,1996,432,0,1,1,0,0,0,0,0,0,0,1,0,1,0,0,0
4/1/1996,MEX,273,Mexico,-0.43671458,3,1996q2,1996,435,0,1,1,0,0,0,0,0,0,0,1,0,1,0,0,0
7/1/1996,MEX,273,Mexico,-0.74345596,3,1996q3,1996,438,0,1,1,0,0,0,0,0,0,0,1,0,1,0,0,0
10/1/1996,MEX,273,Mexico,-1.3549157,3,1996q4,1996,441,0,1,1,0,0,0,0,0,0,0,1,0,1,0,0,0
1/1/1997,MEX,273,Mexico,-0.46156486,3,1997q1,1997,444,0,1,1,0,0,0,0,0,0,0,1,0,1,0,0,0
4/1/1997,MEX,273,Mexico,-1.8506441,3,1997q2,1997,447,0,1,1,0,0,0,0,0,0,0,1,0,1,0,0,0
7/1/1997,MEX,273,Mexico,-2.2550906,3,1997q3,1997,450,0,1,1,0,0,0,0,0,0,0,1,0,1,0,0,0
10/1/1997,MEX,273,Mexico,-2.78933,3,1997q4,1997,453,0,1,1,0,0,0,0,0,0,0,1,0,1,0,0,0
1/1/1998,MEX,273,Mexico,-3.2500636,3,1998q1,1998,456,0,1,1,0,0,0,0,0,0,0,1,0,1,0,0,0
4/1/1998,MEX,273,Mexico,-3.770994,3,1998q2,1998,459,0,1,1,0,0,0,0,0,0,0,1,0,1,0,0,0
7/1/1998,MEX,273,Mexico,-4.3629276,3,1998q3,1998,462,0,1,1,0,0,0,0,0,0,0,1,0,1,0,0,0
10/1/1998,MEX,273,Mexico,-3.7722457,3,1998q4,1998,465,0,1,1,0,0,0,0,0,0,0,1,0,1,0,0,0
1/1/1999,MEX,273,Mexico,-3.3987833,3,1999q1,1999,468,0,1,1,0,0,0,0,0,0,0,1,0,1,0,0,0
4/1/1999,MEX,273,Mexico,-3.0843875,3,1999q2,1999,471,0,1,1,0,0,0,0,0,0,0,1,0,1,0,0,0
7/1/1999,MEX,273,Mexico,-2.6547917,3,1999q3,1999,474,0,1,1,0,0,0,0,0,0,0,1,0,1,0,0,0
10/1/1999,MEX,273,Mexico,-2.6155215,3,1999q4,1999,477,0,1,1,0,0,0,0,0,0,0,1,0,1,0,0,0
1/1/2000,MEX,273,Mexico,-3.4297533,3,2000q1,2000,480,0,1,1,0,0,0,0,0,0,0,1,0,1,0,0,0
4/1/2000,MEX,273,Mexico,-3.150161,3,2000q2,2000,483,0,1,1,0,0,0,0,0,0,0,1,0,1,0,0,0
7/1/2000,MEX,273,Mexico,-3.0232272,3,2000q3,2000,486,0,1,1,0,0,0,0,0,0,0,1,0,1,0,0,0
10/1/2000,MEX,273,Mexico,-3.2726311,3,2000q4,2000,489,0,1,1,0,0,0,0,0,0,0,1,0,1,0,0,0
1/1/2001,MEX,273,Mexico,-3.0809778,3,2001q1,2001,492,0,1,1,0,0,0,0,0,0,0,1,0,1,0,0,0
4/1/2001,MEX,273,Mexico,-2.9644553,3,2001q2,2001,495,0,1,1,0,0,0,0,0,0,0,1,0,1,0,0,0
7/1/2001,MEX,273,Mexico,-2.4927856,3,2001q3,2001,498,0,1,1,0,0,0,0,0,0,0,1,0,1,0,0,0
10/1/2001,MEX,273,Mexico,-2.7534884,3,2001q4,2001,501,0,1,1,0,0,0,0,0,0,0,1,0,1,0,0,0
1/1/2002,MEX,273,Mexico,-2.1114408,3,2002q1,2002,504,0,1,1,0,0,0,0,0,0,0,1,0,1,0,0,0
4/1/2002,MEX,273,Mexico,-1.9566008,3,2002q2,2002,507,0,1,1,0,0,0,0,0,0,0,1,0,1,0,0,0
7/1/2002,MEX,273,Mexico,-2.0686108,3,2002q3,2002,510,0,1,1,0,0,0,0,0,0,0,1,0,1,0,0,0
10/1/2002,MEX,273,Mexico,-1.6010005,3,2002q4,2002,513,0,1,1,0,0,0,0,0,0,0,1,0,1,0,0,0
1/1/2003,MEX,273,Mexico,-0.93373587,3,2003q1,2003,516,0,1,1,0,0,0,0,0,0,0,1,0,1,0,0,0
4/1/2003,MEX,273,Mexico,-1.0434714,3,2003q2,2003,519,0,1,1,0,0,0,0,0,0,0,1,0,1,0,0,0
7/1/2003,MEX,273,Mexico,-0.48499131,3,2003q3,2003,522,0,1,1,0,0,0,0,0,0,0,1,0,1,0,0,0
10/1/2003,MEX,273,Mexico,-0.27013863,3,2003q4,2003,525,0,1,1,0,0,0,0,0,0,0,1,0,1,0,0,0
1/1/2004,MEX,273,Mexico,-0.3212156,3,2004q1,2004,528,0,1,1,0,0,0,0,0,0,0,1,0,1,0,0,0
4/1/2004,MEX,273,Mexico,-0.12708331,3,2004q2,2004,531,0,1,1,0,0,0,0,0,0,0,1,0,1,0,0,0
7/1/2004,MEX,273,Mexico,-0.70227724,3,2004q3,2004,534,0,1,1,0,0,0,0,0,0,0,1,0,1,0,0,0
10/1/2004,MEX,273,Mexico,-1.1951787,3,2004q4,2004,537,0,1,1,0,0,0,0,0,0,0,1,0,1,0,0,0
1/1/2005,MEX,273,Mexico,-1.4037493,3,2005q1,2005,540,0,1,1,0,0,0,0,0,0,0,1,0,1,0,0,0
4/1/2005,MEX,273,Mexico,-0.80914328,3,2005q2,2005,543,0,1,1,0,0,0,0,0,0,0,1,0,1,0,0,0
7/1/2005,MEX,273,Mexico,-0.51532702,3,2005q3,2005,546,0,1,1,0,0,0,0,0,0,0,1,0,1,0,0,0
10/1/2005,MEX,273,Mexico,-0.54507733,3,2005q4,2005,549,0,1,1,0,0,0,0,0,0,0,1,0,1,0,0,0
1/1/2006,MEX,273,Mexico,-0.2687647,1,2006q1,2006,552,0,1,1,0,0,0,0,0,0,0,1,0,1,0,0,0
4/1/2006,MEX,273,Mexico,-0.6170913,1,2006q2,2006,555,0,1,1,0,0,0,0,0,0,0,1,0,1,0,0,0
7/1/2006,MEX,273,Mexico,0.01428774,1,2006q3,2006,558,0,1,1,0,0,0,0,0,0,0,1,0,1,0,0,0
10/1/2006,MEX,273,Mexico,-0.301661,1,2006q4,2006,561,0,1,1,0,0,0,0,0,0,0,1,0,1,0,0,0
1/1/2007,MEX,273,Mexico,-1.601872,1,2007q1,2007,564,0,1,1,0,0,0,0,0,0,0,1,0,1,0,0,0
4/1/2007,MEX,273,Mexico,-0.9615327,1,2007q2,2007,567,0,1,1,0,0,0,0,0,0,0,1,0,1,0,0,0
7/1/2007,MEX,273,Mexico,-0.1770301,1,2007q3,2007,570,0,1,1,0,0,0,0,0,0,0,1,0,1,0,0,0
10/1/2007,MEX,273,Mexico,-0.5689231,1,2007q4,2007,573,0,1,1,0,0,0,0,0,0,0,1,0,1,0,0,0
1/1/2008,MEX,273,Mexico,-1.669356,1,2008q1,2008,576,0,1,1,0,0,0,0,0,0,0,1,0,1,0,0,0
4/1/2008,MEX,273,Mexico,-0.7647734,1,2008q2,2008,579,0,1,1,0,0,0,0,0,0,0,1,0,1,0,0,0
7/1/2008,MEX,273,Mexico,-0.6041598,1,2008q3,2008,582,0,1,1,0,0,0,0,0,0,0,1,0,1,0,0,0
10/1/2008,MEX,273,Mexico,-2.5384,1,2008q4,2008,585,0,1,1,0,0,0,0,0,0,0,1,0,1,0,0,0
1/1/2009,MEX,273,Mexico,-1.03449,1,2009q1,2009,588,0,1,1,0,0,0,0,0,0,0,1,0,1,0,0,0
4/1/2009,MEX,273,Mexico,-0.2850142,1,2009q2,2009,591,0,1,1,0,0,0,0,0,0,0,1,0,1,0,0,0
7/1/2009,MEX,273,Mexico,-1.528198,1,2009q3,2009,594,0,1,1,0,0,0,0,0,0,0,1,0,1,0,0,0
10/1/2009,MEX,273,Mexico,-0.2373756,1,2009q4,2009,597,0,1,1,0,0,0,0,0,0,0,1,0,1,0,0,0
1/1/2010,MEX,273,Mexico,-0.3709871,1,2010q1,2010,600,0,1,1,0,0,0,0,0,0,0,1,0,1,0,0,0
4/1/2010,MEX,273,Mexico,-0.1849614,1,2010q2,2010,603,0,1,1,0,0,0,0,0,0,0,1,0,1,0,0,0
7/1/2010,MEX,273,Mexico,0.6598544,1,2010q3,2010,606,0,1,1,0,0,0,0,0,0,0,1,0,1,0,0,0
10/1/2010,MEX,273,Mexico,-1.411655,1,2010q4,2010,609,0,1,1,0,0,0,0,0,0,0,1,0,1,0,0,0
1/1/2011,MEX,273,Mexico,-0.7163885,1,2011q1,2011,612,0,1,1,0,0,0,0,0,0,0,1,0,1,0,0,0
4/1/2011,MEX,273,Mexico,-1.003153,1,2011q2,2011,615,0,1,1,0,0,0,0,0,0,0,1,0,1,0,0,0
7/1/2011,MEX,273,Mexico,-1.053799,1,2011q3,2011,618,0,1,1,0,0,0,0,0,0,0,1,0,1,0,0,0
10/1/2011,MEX,273,Mexico,-0.7901154,1,2011q4,2011,621,0,1,1,0,0,0,0,0,0,0,1,0,1,0,0,0
1/1/2012,MEX,273,Mexico,-1.264367,1,2012q1,2012,624,0,1,1,0,0,0,0,0,0,0,1,0,1,0,0,0
4/1/2012,MEX,273,Mexico,-0.7871462,1,2012q2,2012,627,0,1,1,0,0,0,0,0,0,0,1,0,1,0,0,0
7/1/2012,MEX,273,Mexico,-1.160001,1,2012q3,2012,630,0,1,1,0,0,0,0,0,0,0,1,0,1,0,0,0
10/1/2012,MEX,273,Mexico,-2.683235,1,2012q4,2012,633,0,1,1,0,0,0,0,0,0,0,1,0,1,0,0,0
1/1/2013,MEX,273,Mexico,-2.161706,1,2013q1,2013,636,0,1,1,0,0,0,0,0,0,0,1,0,1,0,0,0
4/1/2013,MEX,273,Mexico,-2.717564,1,2013q2,2013,639,0,1,1,0,0,0,0,0,0,0,1,0,1,0,0,0
7/1/2013,MEX,273,Mexico,-2.397724,1,2013q3,2013,642,0,1,1,0,0,0,0,0,0,0,1,0,1,0,0,0
10/1/2013,MEX,273,Mexico,-2.838043,1,2013q4,2013,645,0,1,1,0,0,0,0,0,0,0,1,0,1,0,0,0
1/1/2014,MEX,273,Mexico,-1.981249,1,2014q1,2014,648,0,1,1,0,0,0,0,0,0,0,1,0,1,0,0,0
4/1/2014,MEX,273,Mexico,-2.267737,1,2014q2,2014,651,0,1,1,0,0,0,0,0,0,0,1,0,1,0,0,0
7/1/2014,MEX,273,Mexico,-1.300644,1,2014q3,2014,654,0,1,1,0,0,0,0,0,0,0,1,0,1,0,0,0
10/1/2014,MEX,273,Mexico,-1.862747,1,2014q4,2014,657,0,1,1,0,0,0,0,0,0,0,1,0,1,0,0,0
1/1/2015,MEX,273,Mexico,-2.270689,1,2015q1,2015,660,0,1,1,0,0,0,0,0,0,0,1,0,1,0,0,0
4/1/2015,MEX,273,Mexico,-2.639028,1,2015q2,2015,663,0,1,1,0,0,0,0,0,0,0,1,0,1,0,0,0
7/1/2015,MEX,273,Mexico,-3.039524,1,2015q3,2015,666,0,1,1,0,0,0,0,0,0,0,1,0,1,0,0,0
10/1/2015,MEX,273,Mexico,-2.632349,1,2015q4,2015,669,0,1,1,0,0,0,0,0,0,0,1,0,1,0,0,0
1/1/2016,MEX,273,Mexico,-2.64431,1,2016q1,2016,672,0,1,1,0,0,0,0,0,0,0,1,0,1,0,0,0
4/1/2016,MEX,273,Mexico,-2.742601,1,2016q2,2016,675,0,1,1,0,0,0,0,0,0,0,1,0,1,0,0,0
7/1/2016,MEX,273,Mexico,-2.191599,1,2016q3,2016,678,0,1,1,0,0,0,0,0,0,0,1,0,1,0,0,0
10/1/2016,MEX,273,Mexico,-1.985249,1,2016q4,2016,681,0,1,1,0,0,0,0,0,0,0,1,0,1,0,0,0
1/1/2017,MEX,273,Mexico,-2.789687,1,2017q1,2017,684,0,1,1,0,0,0,0,0,0,0,1,0,1,0,0,0
4/1/2017,MEX,273,Mexico,-1.476289,1,2017q2,2017,687,0,1,1,0,0,0,0,0,0,0,1,0,1,0,0,0
7/1/2017,MEX,273,Mexico,-1.678705,1,2017q3,2017,690,0,1,1,0,0,0,0,0,0,0,1,0,1,0,0,0
10/1/2017,MEX,273,Mexico,-1.248813,1,2017q4,2017,693,0,1,1,0,0,0,0,0,0,0,1,0,1,0,0,0
1/1/2018,MEX,273,Mexico,-2.074752,1,2018q1,2018,696,0,1,1,0,0,0,0,0,0,0,1,0,1,0,0,0
4/1/2018,MEX,273,Mexico,-1.987215,1,2018q2,2018,699,0,1,1,0,0,0,0,0,0,0,1,0,1,0,0,0
7/1/2018,MEX,273,Mexico,-1.978548,1,2018q3,2018,702,0,1,1,0,0,0,0,0,0,0,1,0,1,0,0,0
10/1/2018,MEX,273,Mexico,-2.410577,1,2018q4,2018,705,0,1,1,0,0,0,0,0,0,0,1,0,1,0,0,0
1/1/2019,MEX,273,Mexico,-1.307165,1,2019q1,2019,708,0,1,1,0,0,0,0,0,0,0,1,0,1,0,0,0
4/1/2019,MEX,273,Mexico,0.1977539,1,2019q2,2019,711,0,1,1,0,0,0,0,0,0,0,1,0,1,0,0,0
7/1/2019,MEX,273,Mexico,-0.1278583,1,2019q3,2019,714,0,1,1,0,0,0,0,0,0,0,1,0,1,0,0,0
10/1/2019,MEX,273,Mexico,-0.3683987,1,2019q4,2019,717,0,1,1,0,0,0,0,0,0,0,1,0,1,0,0,0
1/1/2020,MEX,273,Mexico,0.7250186,1,2020q1,2020,720,0,1,1,0,0,0,0,0,0,0,1,0,1,0,0,0
4/1/2020,MEX,273,Mexico,-1.618351,1,2020q2,2020,723,0,1,1,0,0,0,0,0,0,0,1,0,1,0,0,0
7/1/2020,MEX,273,Mexico,5.913221,1,2020q3,2020,726,0,1,1,0,0,0,0,0,0,0,1,0,1,0,0,0
10/1/2020,MEX,273,Mexico,4.176552,1,2020q4,2020,729,0,1,1,0,0,0,0,0,0,0,1,0,1,0,0,0
1/1/2021,MEX,273,Mexico,-0.6086981,1,2021q1,2021,732,0,1,1,0,0,0,0,0,0,0,1,0,1,0,0,0
4/1/2021,MEX,273,Mexico,0.6101606,1,2021q2,2021,735,0,1,1,0,0,0,0,0,0,0,1,0,1,0,0,0
7/1/2021,MEX,273,Mexico,-1.003702,1,2021q3,2021,738,0,1,1,0,0,0,0,0,0,0,1,0,1,0,0,0
10/1/2021,MEX,273,Mexico,-1.112358,1,2021q4,2021,741,0,1,1,0,0,0,0,0,0,0,1,0,1,0,0,0
1/1/2022,MEX,273,Mexico,-0.5139839,1,2022q1,2022,744,0,1,1,0,0,0,0,0,0,0,1,0,1,0,0,0
4/1/2022,MEX,273,Mexico,-1.964483,1,2022q2,2022,747,0,1,1,0,0,0,0,0,0,0,1,0,1,0,0,0
7/1/2022,MEX,273,Mexico,-1.501057,1,2022q3,2022,750,0,1,1,0,0,0,0,0,0,0,1,0,1,0,0,0
10/1/2022,MEX,273,Mexico,-1.854089,1,2022q4,2022,753,0,1,1,0,0,0,0,0,0,0,1,0,1,0,0,0
1/1/2023,MEX,273,Mexico,-1.492114,1,2023q1,2023,756,0,1,1,0,0,0,0,0,0,0,1,0,1,0,0,0
4/1/2023,MEX,273,Mexico,-0.7602073,1,2023q2,2023,759,0,1,1,0,0,0,0,0,0,0,1,0,1,0,0,0
7/1/2023,MEX,273,Mexico,0.1688558,1,2023q3,2023,762,0,1,1,0,0,0,0,0,0,0,1,0,1,0,0,0
10/1/2023,MEX,273,Mexico,0.822731,1,2023q4,2023,765,0,1,1,0,0,0,0,0,0,0,1,0,1,0,0,0
1/1/2024,MEX,273,Mexico,-1.22442,1,2024q1,2024,768,0,1,1,0,0,0,0,0,0,0,1,0,1,0,0,0
4/1/2024,MEX,273,Mexico,-0.5099767,1,2024q2,2024,771,0,1,1,0,0,0,0,0,0,0,1,0,1,0,0,0
7/1/2024,MEX,273,Mexico,0.1165255,1,2024q3,2024,774,0,1,1,0,0,0,0,0,0,0,1,0,1,0,0,0
10/1/2024,MEX,273,Mexico,1.020191,1,2024q4,2024,777,0,1,1,0,0,0,0,0,0,0,1,0,1,0,0,0
1/1/2000,PRY,288,Paraguay,-1.5969903,4,2000q1,2000,480,0,1,0,0,0,0,0,0,0,0,1,0,0,0,0,0
4/1/2000,PRY,288,Paraguay,-3.1572065,4,2000q2,2000,483,0,1,0,0,0,0,0,0,0,0,1,0,0,0,0,0
7/1/2000,PRY,288,Paraguay,-1.7886703,4,2000q3,2000,486,0,1,0,0,0,0,0,0,0,0,1,0,0,0,0,0
10/1/2000,PRY,288,Paraguay,-2.2612457,4,2000q4,2000,489,0,1,0,0,0,0,0,0,0,0,1,0,0,0,0,0
1/1/2001,PRY,288,Paraguay,-4.5698687,4,2001q1,2001,492,0,1,0,0,0,0,0,0,0,0,1,0,0,0,0,0
4/1/2001,PRY,288,Paraguay,-4.7344175,4,2001q2,2001,495,0,1,0,0,0,0,0,0,0,0,1,0,0,0,0,0
7/1/2001,PRY,288,Paraguay,-3.9663365,4,2001q3,2001,498,0,1,0,0,0,0,0,0,0,0,1,0,0,0,0,0
10/1/2001,PRY,288,Paraguay,-3.3513177,4,2001q4,2001,501,0,1,0,0,0,0,0,0,0,0,1,0,0,0,0,0
1/1/2002,PRY,288,Paraguay,-4.4307193,4,2002q1,2002,504,0,1,0,0,0,0,0,0,0,0,1,0,0,0,0,0
4/1/2002,PRY,288,Paraguay,1.6803319,4,2002q2,2002,507,0,1,0,0,0,0,0,0,0,0,1,0,0,0,0,0
7/1/2002,PRY,288,Paraguay,6.7352559,4,2002q3,2002,510,0,1,0,0,0,0,0,0,0,0,1,0,0,0,0,0
10/1/2002,PRY,288,Paraguay,4.0271261,4,2002q4,2002,513,0,1,0,0,0,0,0,0,0,0,1,0,0,0,0,0
1/1/2003,PRY,288,Paraguay,-1.2317348,4,2003q1,2003,516,0,1,0,0,0,0,0,0,0,0,1,0,0,0,0,0
4/1/2003,PRY,288,Paraguay,8.9489346,4,2003q2,2003,519,0,1,0,0,0,0,0,0,0,0,1,0,0,0,0,0
7/1/2003,PRY,288,Paraguay,2.1185253,4,2003q3,2003,522,0,1,0,0,0,0,0,0,0,0,1,0,0,0,0,0
10/1/2003,PRY,288,Paraguay,1.3516183,4,2003q4,2003,525,0,1,0,0,0,0,0,0,0,0,1,0,0,0,0,0
1/1/2004,PRY,288,Paraguay,5.534087,4,2004q1,2004,528,0,1,0,0,0,0,0,0,0,0,1,0,0,0,0,0
4/1/2004,PRY,288,Paraguay,2.8849177,4,2004q2,2004,531,0,1,0,0,0,0,0,0,0,0,1,0,0,0,0,0
7/1/2004,PRY,288,Paraguay,0.83493992,4,2004q3,2004,534,0,1,0,0,0,0,0,0,0,0,1,0,0,0,0,0
10/1/2004,PRY,288,Paraguay,-0.63490309,4,2004q4,2004,537,0,1,0,0,0,0,0,0,0,0,1,0,0,0,0,0
1/1/2005,PRY,288,Paraguay,4.8058133,4,2005q1,2005,540,0,1,0,0,0,0,0,0,0,0,1,0,0,0,0,0
4/1/2005,PRY,288,Paraguay,-1.3535265,4,2005q2,2005,543,0,1,0,0,0,0,0,0,0,0,1,0,0,0,0,0
7/1/2005,PRY,288,Paraguay,-2.5801033,4,2005q3,2005,546,0,1,0,0,0,0,0,0,0,0,1,0,0,0,0,0
10/1/2005,PRY,288,Paraguay,0.88034476,4,2005q4,2005,549,0,1,0,0,0,0,0,0,0,0,1,0,0,0,0,0
1/1/2006,PRY,288,Paraguay,3.2091509,4,2006q1,2006,552,0,1,0,0,0,0,0,0,0,0,1,0,0,0,0,0
4/1/2006,PRY,288,Paraguay,-0.8923898,4,2006q2,2006,555,0,1,0,0,0,0,0,0,0,0,1,0,0,0,0,0
7/1/2006,PRY,288,Paraguay,2.4187854,4,2006q3,2006,558,0,1,0,0,0,0,0,0,0,0,1,0,0,0,0,0
10/1/2006,PRY,288,Paraguay,1.386687,4,2006q4,2006,561,0,1,0,0,0,0,0,0,0,0,1,0,0,0,0,0
1/1/2007,PRY,288,Paraguay,-3.8414338,4,2007q1,2007,564,0,1,0,0,0,0,0,0,0,0,1,0,0,0,0,0
4/1/2007,PRY,288,Paraguay,-0.76840821,4,2007q2,2007,567,0,1,0,0,0,0,0,0,0,0,1,0,0,0,0,0
7/1/2007,PRY,288,Paraguay,4.8534491,4,2007q3,2007,570,0,1,0,0,0,0,0,0,0,0,1,0,0,0,0,0
10/1/2007,PRY,288,Paraguay,5.4770796,4,2007q4,2007,573,0,1,0,0,0,0,0,0,0,0,1,0,0,0,0,0
1/1/2008,PRY,288,Paraguay,-2.0577334,4,2008q1,2008,576,0,1,0,0,0,0,0,0,0,0,1,0,0,0,0,0
4/1/2008,PRY,288,Paraguay,2.7809775,4,2008q2,2008,579,0,1,0,0,0,0,0,0,0,0,1,0,0,0,0,0
7/1/2008,PRY,288,Paraguay,-4.6995967,4,2008q3,2008,582,0,1,0,0,0,0,0,0,0,0,1,0,0,0,0,0
10/1/2008,PRY,288,Paraguay,-2.6803862,4,2008q4,2008,585,0,1,0,0,0,0,0,0,0,0,1,0,0,0,0,0
1/1/2009,PRY,288,Paraguay,2.4248777,4,2009q1,2009,588,0,1,0,0,0,0,0,0,0,0,1,0,0,0,0,0
4/1/2009,PRY,288,Paraguay,2.0539546,4,2009q2,2009,591,0,1,0,0,0,0,0,0,0,0,1,0,0,0,0,0
7/1/2009,PRY,288,Paraguay,-0.28813679,4,2009q3,2009,594,0,1,0,0,0,0,0,0,0,0,1,0,0,0,0,0
10/1/2009,PRY,288,Paraguay,-0.75143037,4,2009q4,2009,597,0,1,0,0,0,0,0,0,0,0,1,0,0,0,0,0
1/1/2010,PRY,288,Paraguay,-2.2008217,4,2010q1,2010,600,0,1,0,0,0,0,0,0,0,0,1,0,0,0,0,0
4/1/2010,PRY,288,Paraguay,-6.5068078,4,2010q2,2010,603,0,1,0,0,0,0,0,0,0,0,1,0,0,0,0,0
7/1/2010,PRY,288,Paraguay,-3.7058033,4,2010q3,2010,606,0,1,0,0,0,0,0,0,0,0,1,0,0,0,0,0
10/1/2010,PRY,288,Paraguay,-4.5153153,4,2010q4,2010,609,0,1,0,0,0,0,0,0,0,0,1,0,0,0,0,0
1/1/2011,PRY,288,Paraguay,-2.1913567,5,2011q1,2011,612,0,1,0,0,0,0,0,0,0,0,1,0,0,0,0,0
4/1/2011,PRY,288,Paraguay,-1.9656462,5,2011q2,2011,615,0,1,0,0,0,0,0,0,0,0,1,0,0,0,0,0
7/1/2011,PRY,288,Paraguay,2.2184487,5,2011q3,2011,618,0,1,0,0,0,0,0,0,0,0,1,0,0,0,0,0
10/1/2011,PRY,288,Paraguay,-0.93189722,5,2011q4,2011,621,0,1,0,0,0,0,0,0,0,0,1,0,0,0,0,0
1/1/2012,PRY,288,Paraguay,-2.9962423,5,2012q1,2012,624,0,1,0,0,0,0,0,0,0,0,1,0,0,0,0,0
4/1/2012,PRY,288,Paraguay,-2.2059385,5,2012q2,2012,627,0,1,0,0,0,0,0,0,0,0,1,0,0,0,0,0
7/1/2012,PRY,288,Paraguay,-1.0202045,5,2012q3,2012,630,0,1,0,0,0,0,0,0,0,0,1,0,0,0,0,0
10/1/2012,PRY,288,Paraguay,0.07992189,5,2012q4,2012,633,0,1,0,0,0,0,0,0,0,0,1,0,0,0,0,0
1/1/2013,PRY,288,Paraguay,-1.8570295,5,2013q1,2013,636,0,1,0,0,0,0,0,0,0,0,1,0,0,0,0,0
4/1/2013,PRY,288,Paraguay,2.9852542,5,2013q2,2013,639,0,1,0,0,0,0,0,0,0,0,1,0,0,0,0,0
7/1/2013,PRY,288,Paraguay,2.9665018,5,2013q3,2013,642,0,1,0,0,0,0,0,0,0,0,1,0,0,0,0,0
10/1/2013,PRY,288,Paraguay,0.07785217,5,2013q4,2013,645,0,1,0,0,0,0,0,0,0,0,1,0,0,0,0,0
1/1/2014,PRY,288,Paraguay,1.9304593,5,2014q1,2014,648,0,1,0,0,0,0,0,0,0,0,1,0,0,0,0,0
4/1/2014,PRY,288,Paraguay,3.8329531,5,2014q2,2014,651,0,1,0,0,0,0,0,0,0,0,1,0,0,0,0,0
7/1/2014,PRY,288,Paraguay,-3.2749172,5,2014q3,2014,654,0,1,0,0,0,0,0,0,0,0,1,0,0,0,0,0
10/1/2014,PRY,288,Paraguay,-5.2952037,5,2014q4,2014,657,0,1,0,0,0,0,0,0,0,0,1,0,0,0,0,0
1/1/2015,PRY,288,Paraguay,0.54172198,5,2015q1,2015,660,0,1,0,0,0,0,0,0,0,0,1,0,0,0,0,0
4/1/2015,PRY,288,Paraguay,-2.789091,5,2015q2,2015,663,0,1,0,0,0,0,0,0,0,0,1,0,0,0,0,0
7/1/2015,PRY,288,Paraguay,0.2833173,5,2015q3,2015,666,0,1,0,0,0,0,0,0,0,0,1,0,0,0,0,0
10/1/2015,PRY,288,Paraguay,1.9278622,5,2015q4,2015,669,0,1,0,0,0,0,0,0,0,0,1,0,0,0,0,0
1/1/2016,PRY,288,Paraguay,3.9911787,5,2016q1,2016,672,0,1,0,0,0,0,0,0,0,0,1,0,0,0,0,0
4/1/2016,PRY,288,Paraguay,6.1639588,5,2016q2,2016,675,0,1,0,0,0,0,0,0,0,0,1,0,0,0,0,0
7/1/2016,PRY,288,Paraguay,7.0377782,5,2016q3,2016,678,0,1,0,0,0,0,0,0,0,0,1,0,0,0,0,0
10/1/2016,PRY,288,Paraguay,1.7098373,5,2016q4,2016,681,0,1,0,0,0,0,0,0,0,0,1,0,0,0,0,0
1/1/2017,PRY,288,Paraguay,5.8364482,5,2017q1,2017,684,0,1,0,0,0,0,0,0,0,0,1,0,0,0,0,0
4/1/2017,PRY,288,Paraguay,-1.6204815,5,2017q2,2017,687,0,1,0,0,0,0,0,0,0,0,1,0,0,0,0,0
7/1/2017,PRY,288,Paraguay,8.2576313,5,2017q3,2017,690,0,1,0,0,0,0,0,0,0,0,1,0,0,0,0,0
10/1/2017,PRY,288,Paraguay,2.1536387,5,2017q4,2017,693,0,1,0,0,0,0,0,0,0,0,1,0,0,0,0,0
1/1/2018,PRY,288,Paraguay,0.37258811,5,2018q1,2018,696,0,1,0,0,0,0,0,0,0,0,1,0,0,0,0,0
4/1/2018,PRY,288,Paraguay,0.8581092,5,2018q2,2018,699,0,1,0,0,0,0,0,0,0,0,1,0,0,0,0,0
7/1/2018,PRY,288,Paraguay,-2.8635504,5,2018q3,2018,702,0,1,0,0,0,0,0,0,0,0,1,0,0,0,0,0
10/1/2018,PRY,288,Paraguay,0.60043084,5,2018q4,2018,705,0,1,0,0,0,0,0,0,0,0,1,0,0,0,0,0
1/1/2019,PRY,288,Paraguay,1.1683495,5,2019q1,2019,708,0,1,0,0,0,0,0,0,0,0,1,0,0,0,0,0
4/1/2019,PRY,288,Paraguay,-0.14024301,5,2019q2,2019,711,0,1,0,0,0,0,0,0,0,0,1,0,0,0,0,0
7/1/2019,PRY,288,Paraguay,-1.9446826,5,2019q3,2019,714,0,1,0,0,0,0,0,0,0,0,1,0,0,0,0,0
10/1/2019,PRY,288,Paraguay,-1.4819307,5,2019q4,2019,717,0,1,0,0,0,0,0,0,0,0,1,0,0,0,0,0
1/1/2020,PRY,288,Paraguay,-0.70214866,5,2020q1,2020,720,0,1,0,0,0,0,0,0,0,0,1,0,0,0,0,0
4/1/2020,PRY,288,Paraguay,-0.32372736,5,2020q2,2020,723,0,1,0,0,0,0,0,0,0,0,1,0,0,0,0,0
7/1/2020,PRY,288,Paraguay,3.6601313,5,2020q3,2020,726,0,1,0,0,0,0,0,0,0,0,1,0,0,0,0,0
10/1/2020,PRY,288,Paraguay,4.5992214,5,2020q4,2020,729,0,1,0,0,0,0,0,0,0,0,1,0,0,0,0,0
1/1/1979,PER,293,Peru,0.8130235,4,1979q1,1979,228,0,1,1,0,0,0,0,0,0,0,1,0,1,0,0,0
4/1/1979,PER,293,Peru,4.4307465,4,1979q2,1979,231,0,1,1,0,0,0,0,0,0,0,1,0,1,0,0,0
7/1/1979,PER,293,Peru,5.0413531,4,1979q3,1979,234,0,1,1,0,0,0,0,0,0,0,1,0,1,0,0,0
10/1/1979,PER,293,Peru,6.3489063,4,1979q4,1979,237,0,1,1,0,0,0,0,0,0,0,1,0,1,0,0,0
1/1/1980,PER,293,Peru,3.0363923,4,1980q1,1980,240,0,1,1,0,0,0,0,0,0,0,1,0,1,0,0,0
4/1/1980,PER,293,Peru,-1.4483922,4,1980q2,1980,243,0,1,1,0,0,0,0,0,0,0,1,0,1,0,0,0
7/1/1980,PER,293,Peru,-3.2279514,4,1980q3,1980,246,0,1,1,0,0,0,0,0,0,0,1,0,1,0,0,0
10/1/1980,PER,293,Peru,-5.5437272,4,1980q4,1980,249,0,1,1,0,0,0,0,0,0,0,1,0,1,0,0,0
1/1/1981,PER,293,Peru,-8.347915,4,1981q1,1981,252,0,1,1,0,0,0,0,0,0,0,1,0,1,0,0,0
4/1/1981,PER,293,Peru,-11.170311,4,1981q2,1981,255,0,1,1,0,0,0,0,0,0,0,1,0,1,0,0,0
7/1/1981,PER,293,Peru,-8.981193,4,1981q3,1981,258,0,1,1,0,0,0,0,0,0,0,1,0,1,0,0,0
10/1/1981,PER,293,Peru,-11.379611,4,1981q4,1981,261,0,1,1,0,0,0,0,0,0,0,1,0,1,0,0,0
1/1/1982,PER,293,Peru,-11.218486,4,1982q1,1982,264,0,1,1,0,0,0,0,0,0,0,1,0,1,0,0,0
4/1/1982,PER,293,Peru,-7.9078068,4,1982q2,1982,267,0,1,1,0,0,0,0,0,0,0,1,0,1,0,0,0
7/1/1982,PER,293,Peru,-9.0575779,4,1982q3,1982,270,0,1,1,0,0,0,0,0,0,0,1,0,1,0,0,0
10/1/1982,PER,293,Peru,-9.0972963,4,1982q4,1982,273,0,1,1,0,0,0,0,0,0,0,1,0,1,0,0,0
1/1/1983,PER,293,Peru,-6.3219731,4,1983q1,1983,276,0,1,1,0,0,0,0,0,0,0,1,0,1,0,0,0
4/1/1983,PER,293,Peru,-6.8475074,4,1983q2,1983,279,0,1,1,0,0,0,0,0,0,0,1,0,1,0,0,0
7/1/1983,PER,293,Peru,-4.6091949,4,1983q3,1983,282,0,1,1,0,0,0,0,0,0,0,1,0,1,0,0,0
10/1/1983,PER,293,Peru,-7.0375472,4,1983q4,1983,285,0,1,1,0,0,0,0,0,0,0,1,0,1,0,0,0
1/1/1984,PER,293,Peru,-2.5488804,4,1984q1,1984,288,0,1,1,0,0,0,0,0,0,0,1,0,1,0,0,0
4/1/1984,PER,293,Peru,-2.183939,4,1984q2,1984,291,0,1,1,0,0,0,0,0,0,0,1,0,1,0,0,0
7/1/1984,PER,293,Peru,-1.5597911,4,1984q3,1984,294,0,1,1,0,0,0,0,0,0,0,1,0,1,0,0,0
10/1/1984,PER,293,Peru,-1.784148,4,1984q4,1984,297,0,1,1,0,0,0,0,0,0,0,1,0,1,0,0,0
1/1/1985,PER,293,Peru,-1.8752205,4,1985q1,1985,300,0,1,1,0,0,0,0,0,0,0,1,0,1,0,0,0
4/1/1985,PER,293,Peru,-0.88043758,4,1985q2,1985,303,0,1,1,0,0,0,0,0,0,0,1,0,1,0,0,0
7/1/1985,PER,293,Peru,-0.07905042,4,1985q3,1985,306,0,1,1,0,0,0,0,0,0,0,1,0,1,0,0,0
10/1/1985,PER,293,Peru,0.09053234,4,1985q4,1985,309,0,1,1,0,0,0,0,0,0,0,1,0,1,0,0,0
1/1/1986,PER,293,Peru,-2.8221915,4,1986q1,1986,312,0,1,1,0,0,0,0,0,0,0,1,0,1,0,0,0
4/1/1986,PER,293,Peru,-6.6985504,4,1986q2,1986,315,0,1,1,0,0,0,0,0,0,0,1,0,1,0,0,0
7/1/1986,PER,293,Peru,-7.1192493,4,1986q3,1986,318,0,1,1,0,0,0,0,0,0,0,1,0,1,0,0,0
10/1/1986,PER,293,Peru,-8.0612605,4,1986q4,1986,321,0,1,1,0,0,0,0,0,0,0,1,0,1,0,0,0
1/1/1987,PER,293,Peru,-8.5023788,4,1987q1,1987,324,0,1,1,0,0,0,0,0,0,0,1,0,1,0,0,0
4/1/1987,PER,293,Peru,-5.5101275,4,1987q2,1987,327,0,1,1,0,0,0,0,0,0,0,1,0,1,0,0,0
7/1/1987,PER,293,Peru,-7.1916047,4,1987q3,1987,330,0,1,1,0,0,0,0,0,0,0,1,0,1,0,0,0
10/1/1987,PER,293,Peru,-8.8967338,4,1987q4,1987,333,0,1,1,0,0,0,0,0,0,0,1,0,1,0,0,0
1/1/1988,PER,293,Peru,-8.4756306,4,1988q1,1988,336,0,1,1,0,0,0,0,0,0,0,1,0,1,0,0,0
4/1/1988,PER,293,Peru,-8.3351178,4,1988q2,1988,339,0,1,1,0,0,0,0,0,0,0,1,0,1,0,0,0
7/1/1988,PER,293,Peru,-8.6778702,4,1988q3,1988,342,0,1,1,0,0,0,0,0,0,0,1,0,1,0,0,0
10/1/1988,PER,293,Peru,-5.3423066,4,1988q4,1988,345,0,1,1,0,0,0,0,0,0,0,1,0,1,0,0,0
1/1/1989,PER,293,Peru,-2.5325818,4,1989q1,1989,348,0,1,1,0,0,0,0,0,0,0,1,0,1,0,0,0
4/1/1989,PER,293,Peru,-3.0484294,4,1989q2,1989,351,0,1,1,0,0,0,0,0,0,0,1,0,1,0,0,0
7/1/1989,PER,293,Peru,-0.60829328,4,1989q3,1989,354,0,1,1,0,0,0,0,0,0,0,1,0,1,0,0,0
10/1/1989,PER,293,Peru,-4.6085415,4,1989q4,1989,357,0,1,1,0,0,0,0,0,0,0,1,0,1,0,0,0
1/1/1990,PER,293,Peru,-5.3324263,4,1990q1,1990,360,0,1,1,0,0,0,0,0,0,0,1,0,1,0,0,0
4/1/1990,PER,293,Peru,-4.9492416,4,1990q2,1990,363,0,1,1,0,0,0,0,0,0,0,1,0,1,0,0,0
7/1/1990,PER,293,Peru,-4.7842413,4,1990q3,1990,366,0,1,1,0,0,0,0,0,0,0,1,0,1,0,0,0
10/1/1990,PER,293,Peru,-3.4019163,4,1990q4,1990,369,0,1,1,0,0,0,0,0,0,0,1,0,1,0,0,0
1/1/1991,PER,293,Peru,-3.3892249,4,1991q1,1991,372,0,1,1,0,0,0,0,0,0,0,1,0,1,0,0,0
4/1/1991,PER,293,Peru,-4.497608,4,1991q2,1991,375,0,1,1,0,0,0,0,0,0,0,1,0,1,0,0,0
7/1/1991,PER,293,Peru,-4.6938616,4,1991q3,1991,378,0,1,1,0,0,0,0,0,0,0,1,0,1,0,0,0
10/1/1991,PER,293,Peru,-4.4878391,4,1991q4,1991,381,0,1,1,0,0,0,0,0,0,0,1,0,1,0,0,0
1/1/1992,PER,293,Peru,-5.13349,4,1992q1,1992,384,0,1,1,0,0,0,0,0,0,0,1,0,1,0,0,0
4/1/1992,PER,293,Peru,-4.7383126,4,1992q2,1992,387,0,1,1,0,0,0,0,0,0,0,1,0,1,0,0,0
7/1/1992,PER,293,Peru,-4.1710602,4,1992q3,1992,390,0,1,1,0,0,0,0,0,0,0,1,0,1,0,0,0
10/1/1992,PER,293,Peru,-7.2536607,4,1992q4,1992,393,0,1,1,0,0,0,0,0,0,0,1,0,1,0,0,0
1/1/1993,PER,293,Peru,-5.8158933,4,1993q1,1993,396,0,1,1,0,0,0,0,0,0,0,1,0,1,0,0,0
4/1/1993,PER,293,Peru,-7.1076424,4,1993q2,1993,399,0,1,1,0,0,0,0,0,0,0,1,0,1,0,0,0
7/1/1993,PER,293,Peru,-7.7722389,4,1993q3,1993,402,0,1,1,0,0,0,0,0,0,0,1,0,1,0,0,0
10/1/1993,PER,293,Peru,-7.0648911,4,1993q4,1993,405,0,1,1,0,0,0,0,0,0,0,1,0,1,0,0,0
1/1/1994,PER,293,Peru,-5.7972354,4,1994q1,1994,408,0,1,1,0,0,0,0,0,0,0,1,0,1,0,0,0
4/1/1994,PER,293,Peru,-6.3034272,4,1994q2,1994,411,0,1,1,0,0,0,0,0,0,0,1,0,1,0,0,0
7/1/1994,PER,293,Peru,-5.4551451,4,1994q3,1994,414,0,1,1,0,0,0,0,0,0,0,1,0,1,0,0,0
10/1/1994,PER,293,Peru,-7.1143091,4,1994q4,1994,417,0,1,1,0,0,0,0,0,0,0,1,0,1,0,0,0
1/1/1995,PER,293,Peru,-8.2763457,4,1995q1,1995,420,0,1,1,0,0,0,0,0,0,0,1,0,1,0,0,0
4/1/1995,PER,293,Peru,-8.1895547,4,1995q2,1995,423,0,1,1,0,0,0,0,0,0,0,1,0,1,0,0,0
7/1/1995,PER,293,Peru,-8.3732707,4,1995q3,1995,426,0,1,1,0,0,0,0,0,0,0,1,0,1,0,0,0
10/1/1995,PER,293,Peru,-8.7171633,4,1995q4,1995,429,0,1,1,0,0,0,0,0,0,0,1,0,1,0,0,0
1/1/1996,PER,293,Peru,-6.1098707,4,1996q1,1996,432,0,1,1,0,0,0,0,0,0,0,1,0,1,0,0,0
4/1/1996,PER,293,Peru,-7.1124289,4,1996q2,1996,435,0,1,1,0,0,0,0,0,0,0,1,0,1,0,0,0
7/1/1996,PER,293,Peru,-6.3268167,4,1996q3,1996,438,0,1,1,0,0,0,0,0,0,0,1,0,1,0,0,0
10/1/1996,PER,293,Peru,-6.2880578,4,1996q4,1996,441,0,1,1,0,0,0,0,0,0,0,1,0,1,0,0,0
1/1/1997,PER,293,Peru,-5.4008908,4,1997q1,1997,444,0,1,1,0,0,0,0,0,0,0,1,0,1,0,0,0
4/1/1997,PER,293,Peru,-5.2678602,4,1997q2,1997,447,0,1,1,0,0,0,0,0,0,0,1,0,1,0,0,0
7/1/1997,PER,293,Peru,-6.1428238,4,1997q3,1997,450,0,1,1,0,0,0,0,0,0,0,1,0,1,0,0,0
10/1/1997,PER,293,Peru,-6.7524238,4,1997q4,1997,453,0,1,1,0,0,0,0,0,0,0,1,0,1,0,0,0
1/1/1998,PER,293,Peru,-7.1909971,4,1998q1,1998,456,0,1,1,0,0,0,0,0,0,0,1,0,1,0,0,0
4/1/1998,PER,293,Peru,-6.5810045,4,1998q2,1998,459,0,1,1,0,0,0,0,0,0,0,1,0,1,0,0,0
7/1/1998,PER,293,Peru,-5.4381454,4,1998q3,1998,462,0,1,1,0,0,0,0,0,0,0,1,0,1,0,0,0
10/1/1998,PER,293,Peru,-3.8944247,4,1998q4,1998,465,0,1,1,0,0,0,0,0,0,0,1,0,1,0,0,0
1/1/1999,PER,293,Peru,-2.8790752,4,1999q1,1999,468,0,1,1,0,0,0,0,0,0,0,1,0,1,0,0,0
4/1/1999,PER,293,Peru,-2.6298664,4,1999q2,1999,471,0,1,1,0,0,0,0,0,0,0,1,0,1,0,0,0
7/1/1999,PER,293,Peru,-2.4503204,4,1999q3,1999,474,0,1,1,0,0,0,0,0,0,0,1,0,1,0,0,0
10/1/1999,PER,293,Peru,-2.9153607,4,1999q4,1999,477,0,1,1,0,0,0,0,0,0,0,1,0,1,0,0,0
1/1/2000,PER,293,Peru,-2.6209725,4,2000q1,2000,480,0,1,1,0,0,0,0,0,0,0,1,0,1,0,0,0
4/1/2000,PER,293,Peru,-3.5264218,4,2000q2,2000,483,0,1,1,0,0,0,0,0,0,0,1,0,1,0,0,0
7/1/2000,PER,293,Peru,-2.0126903,4,2000q3,2000,486,0,1,1,0,0,0,0,0,0,0,1,0,1,0,0,0
10/1/2000,PER,293,Peru,-3.6498769,4,2000q4,2000,489,0,1,1,0,0,0,0,0,0,0,1,0,1,0,0,0
1/1/2001,PER,293,Peru,-3.4662175,4,2001q1,2001,492,0,1,1,0,0,0,0,0,0,0,1,0,1,0,0,0
4/1/2001,PER,293,Peru,-2.1105628,4,2001q2,2001,495,0,1,1,0,0,0,0,0,0,0,1,0,1,0,0,0
7/1/2001,PER,293,Peru,-2.2724492,4,2001q3,2001,498,0,1,1,0,0,0,0,0,0,0,1,0,1,0,0,0
10/1/2001,PER,293,Peru,-1.4215839,4,2001q4,2001,501,0,1,1,0,0,0,0,0,0,0,1,0,1,0,0,0
1/1/2002,PER,293,Peru,-1.8264044,4,2002q1,2002,504,0,1,1,0,0,0,0,0,0,0,1,0,1,0,0,0
4/1/2002,PER,293,Peru,-2.1009737,4,2002q2,2002,507,0,1,1,0,0,0,0,0,0,0,1,0,1,0,0,0
7/1/2002,PER,293,Peru,-1.7808724,4,2002q3,2002,510,0,1,1,0,0,0,0,0,0,0,1,0,1,0,0,0
10/1/2002,PER,293,Peru,-2.0981014,4,2002q4,2002,513,0,1,1,0,0,0,0,0,0,0,1,0,1,0,0,0
1/1/2003,PER,293,Peru,-2.7738303,4,2003q1,2003,516,0,1,1,0,0,0,0,0,0,0,1,0,1,0,0,0
4/1/2003,PER,293,Peru,-1.0440571,4,2003q2,2003,519,0,1,1,0,0,0,0,0,0,0,1,0,1,0,0,0
7/1/2003,PER,293,Peru,-1.677637,4,2003q3,2003,522,0,1,1,0,0,0,0,0,0,0,1,0,1,0,0,0
10/1/2003,PER,293,Peru,-0.80702933,4,2003q4,2003,525,0,1,1,0,0,0,0,0,0,0,1,0,1,0,0,0
1/1/2004,PER,293,Peru,-0.22604478,4,2004q1,2004,528,0,1,1,0,0,0,0,0,0,0,1,0,1,0,0,0
4/1/2004,PER,293,Peru,-0.72120413,4,2004q2,2004,531,0,1,1,0,0,0,0,0,0,0,1,0,1,0,0,0
7/1/2004,PER,293,Peru,0.75681362,4,2004q3,2004,534,0,1,1,0,0,0,0,0,0,0,1,0,1,0,0,0
10/1/2004,PER,293,Peru,0.18485787,4,2004q4,2004,537,0,1,1,0,0,0,0,0,0,0,1,0,1,0,0,0
1/1/2005,PER,293,Peru,1.2494769,4,2005q1,2005,540,0,1,1,0,0,0,0,0,0,0,1,0,1,0,0,0
4/1/2005,PER,293,Peru,0.857826,4,2005q2,2005,543,0,1,1,0,0,0,0,0,0,0,1,0,1,0,0,0
7/1/2005,PER,293,Peru,1.0171915,4,2005q3,2005,546,0,1,1,0,0,0,0,0,0,0,1,0,1,0,0,0
10/1/2005,PER,293,Peru,1.8814953,4,2005q4,2005,549,0,1,1,0,0,0,0,0,0,0,1,0,1,0,0,0
1/1/2006,PER,293,Peru,0.8350513,4,2006q1,2006,552,0,1,1,0,0,0,0,0,0,0,1,0,1,0,0,0
4/1/2006,PER,293,Peru,2.4851193,4,2006q2,2006,555,0,1,1,0,0,0,0,0,0,0,1,0,1,0,0,0
7/1/2006,PER,293,Peru,4.1471452,4,2006q3,2006,558,0,1,1,0,0,0,0,0,0,0,1,0,1,0,0,0
10/1/2006,PER,293,Peru,3.5210411,4,2006q4,2006,561,0,1,1,0,0,0,0,0,0,0,1,0,1,0,0,0
1/1/2007,PER,293,Peru,1.8905078,4,2007q1,2007,564,0,1,1,0,0,0,0,0,0,0,1,0,1,0,0,0
4/1/2007,PER,293,Peru,1.9994318,4,2007q2,2007,567,0,1,1,0,0,0,0,0,0,0,1,0,1,0,0,0
7/1/2007,PER,293,Peru,0.81524749,4,2007q3,2007,570,0,1,1,0,0,0,0,0,0,0,1,0,1,0,0,0
10/1/2007,PER,293,Peru,0.76683157,4,2007q4,2007,573,0,1,1,0,0,0,0,0,0,0,1,0,1,0,0,0
1/1/2008,PER,293,Peru,-2.556417,4,2008q1,2008,576,0,1,1,0,0,0,0,0,0,0,1,0,1,0,0,0
4/1/2008,PER,293,Peru,-4.2871759,4,2008q2,2008,579,0,1,1,0,0,0,0,0,0,0,1,0,1,0,0,0
7/1/2008,PER,293,Peru,-4.1370521,4,2008q3,2008,582,0,1,1,0,0,0,0,0,0,0,1,0,1,0,0,0
10/1/2008,PER,293,Peru,-4.0093516,4,2008q4,2008,585,0,1,1,0,0,0,0,0,0,0,1,0,1,0,0,0
1/1/2009,PER,293,Peru,-1.3042979,4,2009q1,2009,588,0,1,1,0,0,0,0,0,0,0,1,0,1,0,0,0
4/1/2009,PER,293,Peru,-0.25312634,4,2009q2,2009,591,0,1,1,0,0,0,0,0,0,0,1,0,1,0,0,0
7/1/2009,PER,293,Peru,0.49214791,4,2009q3,2009,594,0,1,1,0,0,0,0,0,0,0,1,0,1,0,0,0
10/1/2009,PER,293,Peru,0.66236716,4,2009q4,2009,597,0,1,1,0,0,0,0,0,0,0,1,0,1,0,0,0
1/1/2010,PER,293,Peru,-1.0737943,4,2010q1,2010,600,0,1,1,0,0,0,0,0,0,0,1,0,1,0,0,0
4/1/2010,PER,293,Peru,-0.83772642,4,2010q2,2010,603,0,1,1,0,0,0,0,0,0,0,1,0,1,0,0,0
7/1/2010,PER,293,Peru,-2.0429464,4,2010q3,2010,606,0,1,1,0,0,0,0,0,0,0,1,0,1,0,0,0
10/1/2010,PER,293,Peru,-1.7395186,4,2010q4,2010,609,0,1,1,0,0,0,0,0,0,0,1,0,1,0,0,0
1/1/2011,PER,293,Peru,-2.4904993,5,2011q1,2011,612,0,1,1,0,0,0,0,0,0,0,1,0,1,0,0,0
4/1/2011,PER,293,Peru,-2.81867,5,2011q2,2011,615,0,1,1,0,0,0,0,0,0,0,1,0,1,0,0,0
7/1/2011,PER,293,Peru,-0.38507354,5,2011q3,2011,618,0,1,1,0,0,0,0,0,0,0,1,0,1,0,0,0
10/1/2011,PER,293,Peru,-2.3220452,5,2011q4,2011,621,0,1,1,0,0,0,0,0,0,0,1,0,1,0,0,0
1/1/2012,PER,293,Peru,-0.89229807,5,2012q1,2012,624,0,1,1,0,0,0,0,0,0,0,1,0,1,0,0,0
4/1/2012,PER,293,Peru,-3.0406731,5,2012q2,2012,627,0,1,1,0,0,0,0,0,0,0,1,0,1,0,0,0
7/1/2012,PER,293,Peru,-4.1414807,5,2012q3,2012,630,0,1,1,0,0,0,0,0,0,0,1,0,1,0,0,0
10/1/2012,PER,293,Peru,-3.4594273,5,2012q4,2012,633,0,1,1,0,0,0,0,0,0,0,1,0,1,0,0,0
1/1/2013,PER,293,Peru,-4.8606814,5,2013q1,2013,636,0,1,1,0,0,0,0,0,0,0,1,0,1,0,0,0
4/1/2013,PER,293,Peru,-4.8878236,5,2013q2,2013,639,0,1,1,0,0,0,0,0,0,0,1,0,1,0,0,0
7/1/2013,PER,293,Peru,-5.7046099,5,2013q3,2013,642,0,1,1,0,0,0,0,0,0,0,1,0,1,0,0,0
10/1/2013,PER,293,Peru,-4.14579,5,2013q4,2013,645,0,1,1,0,0,0,0,0,0,0,1,0,1,0,0,0
1/1/2014,PER,293,Peru,-4.3285344,5,2014q1,2014,648,0,1,1,0,0,0,0,0,0,0,1,0,1,0,0,0
4/1/2014,PER,293,Peru,-5.4356966,5,2014q2,2014,651,0,1,1,0,0,0,0,0,0,0,1,0,1,0,0,0
7/1/2014,PER,293,Peru,-3.5141147,5,2014q3,2014,654,0,1,1,0,0,0,0,0,0,0,1,0,1,0,0,0
10/1/2014,PER,293,Peru,-4.2350207,5,2014q4,2014,657,0,1,1,0,0,0,0,0,0,0,1,0,1,0,0,0
1/1/2015,PER,293,Peru,-5.1644075,5,2015q1,2015,660,0,1,1,0,0,0,0,0,0,0,1,0,1,0,0,0
4/1/2015,PER,293,Peru,-4.3659892,5,2015q2,2015,663,0,1,1,0,0,0,0,0,0,0,1,0,1,0,0,0
7/1/2015,PER,293,Peru,-5.0322172,5,2015q3,2015,666,0,1,1,0,0,0,0,0,0,0,1,0,1,0,0,0
10/1/2015,PER,293,Peru,-4.331423,5,2015q4,2015,669,0,1,1,0,0,0,0,0,0,0,1,0,1,0,0,0
1/1/2016,PER,293,Peru,-3.4413517,5,2016q1,2016,672,0,1,1,0,0,0,0,0,0,0,1,0,1,0,0,0
4/1/2016,PER,293,Peru,-2.9923287,5,2016q2,2016,675,0,1,1,0,0,0,0,0,0,0,1,0,1,0,0,0
7/1/2016,PER,293,Peru,-2.0902707,5,2016q3,2016,678,0,1,1,0,0,0,0,0,0,0,1,0,1,0,0,0
10/1/2016,PER,293,Peru,-0.8054269,5,2016q4,2016,681,0,1,1,0,0,0,0,0,0,0,1,0,1,0,0,0
1/1/2017,PER,293,Peru,-0.93720265,5,2017q1,2017,684,0,1,1,0,0,0,0,0,0,0,1,0,1,0,0,0
4/1/2017,PER,293,Peru,0.05624253,5,2017q2,2017,687,0,1,1,0,0,0,0,0,0,0,1,0,1,0,0,0
7/1/2017,PER,293,Peru,-0.56564209,5,2017q3,2017,690,0,1,1,0,0,0,0,0,0,0,1,0,1,0,0,0
10/1/2017,PER,293,Peru,-2.2988349,5,2017q4,2017,693,0,1,1,0,0,0,0,0,0,0,1,0,1,0,0,0
1/1/2018,PER,293,Peru,-0.85660956,5,2018q1,2018,696,0,1,1,0,0,0,0,0,0,0,1,0,1,0,0,0
4/1/2018,PER,293,Peru,-0.74021774,5,2018q2,2018,699,0,1,1,0,0,0,0,0,0,0,1,0,1,0,0,0
7/1/2018,PER,293,Peru,-2.230548,5,2018q3,2018,702,0,1,1,0,0,0,0,0,0,0,1,0,1,0,0,0
10/1/2018,PER,293,Peru,-1.5122953,5,2018q4,2018,705,0,1,1,0,0,0,0,0,0,0,1,0,1,0,0,0
1/1/2019,PER,293,Peru,-1.630081,5,2019q1,2019,708,0,1,1,0,0,0,0,0,0,0,1,0,1,0,0,0
4/1/2019,PER,293,Peru,-0.74112377,5,2019q2,2019,711,0,1,1,0,0,0,0,0,0,0,1,0,1,0,0,0
7/1/2019,PER,293,Peru,-1.4189136,5,2019q3,2019,714,0,1,1,0,0,0,0,0,0,0,1,0,1,0,0,0
10/1/2019,PER,293,Peru,0.705942,5,2019q4,2019,717,0,1,1,0,0,0,0,0,0,0,1,0,1,0,0,0
1/1/2020,PER,293,Peru,0.97283503,5,2020q1,2020,720,0,1,1,0,0,0,0,0,0,0,1,0,1,0,0,0
1/1/1999,URY,298,Uruguay,-0.52260699,4,1999q1,1999,468,0,1,0,0,0,0,0,0,0,0,1,0,0,0,0,0
4/1/1999,URY,298,Uruguay,-2.5036243,4,1999q2,1999,471,0,1,0,0,0,0,0,0,0,0,1,0,0,0,0,0
7/1/1999,URY,298,Uruguay,-3.1058359,4,1999q3,1999,474,0,1,0,0,0,0,0,0,0,0,1,0,0,0,0,0
10/1/1999,URY,298,Uruguay,-2.8211995,4,1999q4,1999,477,0,1,0,0,0,0,0,0,0,0,1,0,0,0,0,0
1/1/2000,URY,298,Uruguay,-1.9413586,4,2000q1,2000,480,0,1,0,0,0,0,0,0,0,0,1,0,0,0,0,0
4/1/2000,URY,298,Uruguay,-3.0479459,4,2000q2,2000,483,0,1,0,0,0,0,0,0,0,0,1,0,0,0,0,0
7/1/2000,URY,298,Uruguay,-2.3576242,4,2000q3,2000,486,0,1,0,0,0,0,0,0,0,0,1,0,0,0,0,0
10/1/2000,URY,298,Uruguay,-4.1362134,4,2000q4,2000,489,0,1,0,0,0,0,0,0,0,0,1,0,0,0,0,0
1/1/2001,URY,298,Uruguay,-1.4129061,4,2001q1,2001,492,0,1,0,0,0,0,0,0,0,0,1,0,0,0,0,0
4/1/2001,URY,298,Uruguay,-4.0981043,4,2001q2,2001,495,0,1,0,0,0,0,0,0,0,0,1,0,0,0,0,0
7/1/2001,URY,298,Uruguay,-3.1357134,4,2001q3,2001,498,0,1,0,0,0,0,0,0,0,0,1,0,0,0,0,0
10/1/2001,URY,298,Uruguay,-2.7011907,4,2001q4,2001,501,0,1,0,0,0,0,0,0,0,0,1,0,0,0,0,0
1/1/2002,URY,298,Uruguay,2.3115774,4,2002q1,2002,504,0,1,0,0,0,0,0,0,0,0,1,0,0,0,0,0
4/1/2002,URY,298,Uruguay,1.0930097,4,2002q2,2002,507,0,1,0,0,0,0,0,0,0,0,1,0,0,0,0,0
7/1/2002,URY,298,Uruguay,2.4308581,4,2002q3,2002,510,0,1,0,0,0,0,0,0,0,0,1,0,0,0,0,0
10/1/2002,URY,298,Uruguay,3.7967218,4,2002q4,2002,513,0,1,0,0,0,0,0,0,0,0,1,0,0,0,0,0
1/1/2003,URY,298,Uruguay,-1.0922072,4,2003q1,2003,516,0,1,0,0,0,0,0,0,0,0,1,0,0,0,0,0
4/1/2003,URY,298,Uruguay,0.46011606,4,2003q2,2003,519,0,1,0,0,0,0,0,0,0,0,1,0,0,0,0,0
7/1/2003,URY,298,Uruguay,-0.73523133,4,2003q3,2003,522,0,1,0,0,0,0,0,0,0,0,1,0,0,0,0,0
10/1/2003,URY,298,Uruguay,-0.83146829,4,2003q4,2003,525,0,1,0,0,0,0,0,0,0,0,1,0,0,0,0,0
1/1/2004,URY,298,Uruguay,0.89037985,4,2004q1,2004,528,0,1,0,0,0,0,0,0,0,0,1,0,0,0,0,0
4/1/2004,URY,298,Uruguay,0.18999357,4,2004q2,2004,531,0,1,0,0,0,0,0,0,0,0,1,0,0,0,0,0
7/1/2004,URY,298,Uruguay,-0.7954603,4,2004q3,2004,534,0,1,0,0,0,0,0,0,0,0,1,0,0,0,0,0
10/1/2004,URY,298,Uruguay,0.12517536,4,2004q4,2004,537,0,1,0,0,0,0,0,0,0,0,1,0,0,0,0,0
1/1/2005,URY,298,Uruguay,-0.79116675,4,2005q1,2005,540,0,1,0,0,0,0,0,0,0,0,1,0,0,0,0,0
4/1/2005,URY,298,Uruguay,0.98795072,4,2005q2,2005,543,0,1,0,0,0,0,0,0,0,0,1,0,0,0,0,0
7/1/2005,URY,298,Uruguay,-0.38375568,4,2005q3,2005,546,0,1,0,0,0,0,0,0,0,0,1,0,0,0,0,0
10/1/2005,URY,298,Uruguay,0.91766387,4,2005q4,2005,549,0,1,0,0,0,0,0,0,0,0,1,0,0,0,0,0
1/1/2006,URY,298,Uruguay,-1.1900021,4,2006q1,2006,552,0,1,0,0,0,0,0,0,0,0,1,0,0,0,0,0
4/1/2006,URY,298,Uruguay,-0.95380414,4,2006q2,2006,555,0,1,0,0,0,0,0,0,0,0,1,0,0,0,0,0
7/1/2006,URY,298,Uruguay,-2.0838111,4,2006q3,2006,558,0,1,0,0,0,0,0,0,0,0,1,0,0,0,0,0
10/1/2006,URY,298,Uruguay,-2.3466997,4,2006q4,2006,561,0,1,0,0,0,0,0,0,0,0,1,0,0,0,0,0
1/1/2007,URY,298,Uruguay,-0.45510622,4,2007q1,2007,564,0,1,0,0,0,0,0,0,0,0,1,0,0,0,0,0
4/1/2007,URY,298,Uruguay,0.7802936,4,2007q2,2007,567,0,1,0,0,0,0,0,0,0,0,1,0,0,0,0,0
7/1/2007,URY,298,Uruguay,-3.0306527,4,2007q3,2007,570,0,1,0,0,0,0,0,0,0,0,1,0,0,0,0,0
10/1/2007,URY,298,Uruguay,-2.1440321,4,2007q4,2007,573,0,1,0,0,0,0,0,0,0,0,1,0,0,0,0,0
1/1/2008,URY,298,Uruguay,-4.1387153,4,2008q1,2008,576,0,1,0,0,0,0,0,0,0,0,1,0,0,0,0,0
4/1/2008,URY,298,Uruguay,-8.0823925,4,2008q2,2008,579,0,1,0,0,0,0,0,0,0,0,1,0,0,0,0,0
7/1/2008,URY,298,Uruguay,-4.1840953,4,2008q3,2008,582,0,1,0,0,0,0,0,0,0,0,1,0,0,0,0,0
10/1/2008,URY,298,Uruguay,-4.9683331,4,2008q4,2008,585,0,1,0,0,0,0,0,0,0,0,1,0,0,0,0,0
1/1/2009,URY,298,Uruguay,-0.47571673,4,2009q1,2009,588,0,1,0,0,0,0,0,0,0,0,1,0,0,0,0,0
4/1/2009,URY,298,Uruguay,-0.09986708,4,2009q2,2009,591,0,1,0,0,0,0,0,0,0,0,1,0,0,0,0,0
7/1/2009,URY,298,Uruguay,-0.96431168,4,2009q3,2009,594,0,1,0,0,0,0,0,0,0,0,1,0,0,0,0,0
10/1/2009,URY,298,Uruguay,0.54447766,4,2009q4,2009,597,0,1,0,0,0,0,0,0,0,0,1,0,0,0,0,0
1/1/2010,URY,298,Uruguay,-0.08225002,4,2010q1,2010,600,0,1,0,0,0,0,0,0,0,0,1,0,0,0,0,0
4/1/2010,URY,298,Uruguay,0.008878,4,2010q2,2010,603,0,1,0,0,0,0,0,0,0,0,1,0,0,0,0,0
7/1/2010,URY,298,Uruguay,-1.3249131,4,2010q3,2010,606,0,1,0,0,0,0,0,0,0,0,1,0,0,0,0,0
10/1/2010,URY,298,Uruguay,-3.314136,4,2010q4,2010,609,0,1,0,0,0,0,0,0,0,0,1,0,0,0,0,0
1/1/2011,URY,298,Uruguay,-2.109886,5,2011q1,2011,612,0,1,0,0,0,0,0,0,0,0,1,0,0,0,0,0
4/1/2011,URY,298,Uruguay,-3.5400548,5,2011q2,2011,615,0,1,0,0,0,0,0,0,0,0,1,0,0,0,0,0
7/1/2011,URY,298,Uruguay,-3.111097,5,2011q3,2011,618,0,1,0,0,0,0,0,0,0,0,1,0,0,0,0,0
10/1/2011,URY,298,Uruguay,-2.4254516,5,2011q4,2011,621,0,1,0,0,0,0,0,0,0,0,1,0,0,0,0,0
1/1/2012,URY,298,Uruguay,-3.1864162,5,2012q1,2012,624,0,1,0,0,0,0,0,0,0,0,1,0,0,0,0,0
4/1/2012,URY,298,Uruguay,-4.162953,5,2012q2,2012,627,0,1,0,0,0,0,0,0,0,0,1,0,0,0,0,0
7/1/2012,URY,298,Uruguay,-3.4731849,5,2012q3,2012,630,0,1,0,0,0,0,0,0,0,0,1,0,0,0,0,0
10/1/2012,URY,298,Uruguay,-4.7308268,5,2012q4,2012,633,0,1,0,0,0,0,0,0,0,0,1,0,0,0,0,0
1/1/2013,URY,298,Uruguay,-3.0954288,5,2013q1,2013,636,0,1,0,0,0,0,0,0,0,0,1,0,0,0,0,0
4/1/2013,URY,298,Uruguay,-3.4215504,5,2013q2,2013,639,0,1,0,0,0,0,0,0,0,0,1,0,0,0,0,0
7/1/2013,URY,298,Uruguay,-4.4647944,5,2013q3,2013,642,0,1,0,0,0,0,0,0,0,0,1,0,0,0,0,0
10/1/2013,URY,298,Uruguay,-3.5054571,5,2013q4,2013,645,0,1,0,0,0,0,0,0,0,0,1,0,0,0,0,0
1/1/2014,URY,298,Uruguay,-4.907519,5,2014q1,2014,648,0,1,0,0,0,0,0,0,0,0,1,0,0,0,0,0
4/1/2014,URY,298,Uruguay,-2.6770102,5,2014q2,2014,651,0,1,0,0,0,0,0,0,0,0,1,0,0,0,0,0
7/1/2014,URY,298,Uruguay,-2.4235884,5,2014q3,2014,654,0,1,0,0,0,0,0,0,0,0,1,0,0,0,0,0
10/1/2014,URY,298,Uruguay,-2.8057314,5,2014q4,2014,657,0,1,0,0,0,0,0,0,0,0,1,0,0,0,0,0
1/1/2015,URY,298,Uruguay,-1.4498686,5,2015q1,2015,660,0,1,0,0,0,0,0,0,0,0,1,0,0,0,0,0
4/1/2015,URY,298,Uruguay,0.03967021,5,2015q2,2015,663,0,1,0,0,0,0,0,0,0,0,1,0,0,0,0,0
7/1/2015,URY,298,Uruguay,-0.1041075,5,2015q3,2015,666,0,1,0,0,0,0,0,0,0,0,1,0,0,0,0,0
10/1/2015,URY,298,Uruguay,0.55350688,5,2015q4,2015,669,0,1,0,0,0,0,0,0,0,0,1,0,0,0,0,0
1/1/2016,URY,298,Uruguay,1.7127418,5,2016q1,2016,672,0,1,0,0,0,0,0,0,0,0,1,0,0,0,0,0
4/1/2016,URY,298,Uruguay,0.25521734,5,2016q2,2016,675,0,1,0,0,0,0,0,0,0,0,1,0,0,0,0,0
7/1/2016,URY,298,Uruguay,0.79475761,5,2016q3,2016,678,0,1,0,0,0,0,0,0,0,0,1,0,0,0,0,0
10/1/2016,URY,298,Uruguay,1.024897,5,2016q4,2016,681,0,1,0,0,0,0,0,0,0,0,1,0,0,0,0,0
1/1/2017,URY,298,Uruguay,-0.02595886,5,2017q1,2017,684,0,1,0,0,0,0,0,0,0,0,1,0,0,0,0,0
4/1/2017,URY,298,Uruguay,0.65994281,5,2017q2,2017,687,0,1,0,0,0,0,0,0,0,0,1,0,0,0,0,0
7/1/2017,URY,298,Uruguay,0.67895302,5,2017q3,2017,690,0,1,0,0,0,0,0,0,0,0,1,0,0,0,0,0
10/1/2017,URY,298,Uruguay,-0.81960023,5,2017q4,2017,693,0,1,0,0,0,0,0,0,0,0,1,0,0,0,0,0
1/1/2018,URY,298,Uruguay,0.51511078,5,2018q1,2018,696,0,1,0,0,0,0,0,0,0,0,1,0,0,0,0,0
4/1/2018,URY,298,Uruguay,-0.85064145,5,2018q2,2018,699,0,1,0,0,0,0,0,0,0,0,1,0,0,0,0,0
7/1/2018,URY,298,Uruguay,-1.1282291,5,2018q3,2018,702,0,1,0,0,0,0,0,0,0,0,1,0,0,0,0,0
10/1/2018,URY,298,Uruguay,0.04523302,5,2018q4,2018,705,0,1,0,0,0,0,0,0,0,0,1,0,0,0,0,0
1/1/2019,URY,298,Uruguay,1.7010455,5,2019q1,2019,708,0,1,0,0,0,0,0,0,0,0,1,0,0,0,0,0
4/1/2019,URY,298,Uruguay,1.0864669,5,2019q2,2019,711,0,1,0,0,0,0,0,0,0,0,1,0,0,0,0,0
7/1/2019,URY,298,Uruguay,1.5903163,5,2019q3,2019,714,0,1,0,0,0,0,0,0,0,0,1,0,0,0,0,0
10/1/2019,URY,298,Uruguay,1.5291209,5,2019q4,2019,717,0,1,0,0,0,0,0,0,0,0,1,0,0,0,0,0
1/1/2020,URY,298,Uruguay,-0.18903016,5,2020q1,2020,720,0,1,0,0,0,0,0,0,0,0,1,0,0,0,0,0
1/1/1994,VEN,299,Venezuela,-1.05208,5,1994q1,1994,408,0,1,1,0,0,0,0,0,0,0,1,1,0,0,0,0
4/1/1994,VEN,299,Venezuela,2.9721032,5,1994q2,1994,411,0,1,1,0,0,0,0,0,0,0,1,1,0,0,0,0
7/1/1994,VEN,299,Venezuela,9.3041329,5,1994q3,1994,414,0,1,1,0,0,0,0,0,0,0,1,1,0,0,0,0
10/1/1994,VEN,299,Venezuela,6.1776054,5,1994q4,1994,417,0,1,1,0,0,0,0,0,0,0,1,1,0,0,0,0
1/1/1995,VEN,299,Venezuela,5.9670038,5,1995q1,1995,420,0,1,1,0,0,0,0,0,0,0,1,1,0,0,0,0
4/1/1995,VEN,299,Venezuela,3.3093947,5,1995q2,1995,423,0,1,1,0,0,0,0,0,0,0,1,1,0,0,0,0
7/1/1995,VEN,299,Venezuela,-2.2080507,5,1995q3,1995,426,0,1,1,0,0,0,0,0,0,0,1,1,0,0,0,0
10/1/1995,VEN,299,Venezuela,3.3527665,5,1995q4,1995,429,0,1,1,0,0,0,0,0,0,0,1,1,0,0,0,0
1/1/1996,VEN,299,Venezuela,11.599119,5,1996q1,1996,432,0,1,1,0,0,0,0,0,0,0,1,1,0,0,0,0
4/1/1996,VEN,299,Venezuela,7.5977477,5,1996q2,1996,435,0,1,1,0,0,0,0,0,0,0,1,1,0,0,0,0
7/1/1996,VEN,299,Venezuela,11.730301,5,1996q3,1996,438,0,1,1,0,0,0,0,0,0,0,1,1,0,0,0,0
10/1/1996,VEN,299,Venezuela,19.55297,5,1996q4,1996,441,0,1,1,0,0,0,0,0,0,0,1,1,0,0,0,0
1/1/1997,VEN,299,Venezuela,0.79138735,4,1997q1,1997,444,0,1,1,0,0,0,0,0,0,0,1,1,0,0,0,0
4/1/1997,VEN,299,Venezuela,0.50490452,4,1997q2,1997,447,0,1,1,0,0,0,0,0,0,0,1,1,0,0,0,0
7/1/1997,VEN,299,Venezuela,0.33645825,4,1997q3,1997,450,0,1,1,0,0,0,0,0,0,0,1,1,0,0,0,0
10/1/1997,VEN,299,Venezuela,0.14158337,4,1997q4,1997,453,0,1,1,0,0,0,0,0,0,0,1,1,0,0,0,0
1/1/1998,VEN,299,Venezuela,-0.77527999,4,1998q1,1998,456,0,1,1,0,0,0,0,0,0,0,1,1,0,0,0,0
4/1/1998,VEN,299,Venezuela,-0.88876896,4,1998q2,1998,459,0,1,1,0,0,0,0,0,0,0,1,1,0,0,0,0
7/1/1998,VEN,299,Venezuela,-0.25377187,4,1998q3,1998,462,0,1,1,0,0,0,0,0,0,0,1,1,0,0,0,0
10/1/1998,VEN,299,Venezuela,-0.36940367,4,1998q4,1998,465,0,1,1,0,0,0,0,0,0,0,1,1,0,0,0,0
1/1/1999,VEN,299,Venezuela,-0.13588107,4,1999q1,1999,468,0,1,1,0,0,0,0,0,0,0,1,1,0,0,0,0
4/1/1999,VEN,299,Venezuela,0.06760458,4,1999q2,1999,471,0,1,1,0,0,0,0,0,0,0,1,1,0,0,0,0
7/1/1999,VEN,299,Venezuela,0.59773191,4,1999q3,1999,474,0,1,1,0,0,0,0,0,0,0,1,1,0,0,0,0
10/1/1999,VEN,299,Venezuela,0.80459658,4,1999q4,1999,477,0,1,1,0,0,0,0,0,0,0,1,1,0,0,0,0
1/1/2000,VEN,299,Venezuela,2.1209147,4,2000q1,2000,480,0,1,1,0,0,0,0,0,0,0,1,1,0,0,0,0
4/1/2000,VEN,299,Venezuela,1.8285457,4,2000q2,2000,483,0,1,1,0,0,0,0,0,0,0,1,1,0,0,0,0
7/1/2000,VEN,299,Venezuela,2.0715795,4,2000q3,2000,486,0,1,1,0,0,0,0,0,0,0,1,1,0,0,0,0
10/1/2000,VEN,299,Venezuela,1.909708,4,2000q4,2000,489,0,1,1,0,0,0,0,0,0,0,1,1,0,0,0,0
1/1/2001,VEN,299,Venezuela,1.3405515,4,2001q1,2001,492,0,1,1,0,0,0,0,0,0,0,1,1,0,0,0,0
4/1/2001,VEN,299,Venezuela,0.66921334,4,2001q2,2001,495,0,1,1,0,0,0,0,0,0,0,1,1,0,0,0,0
7/1/2001,VEN,299,Venezuela,0.19699174,4,2001q3,2001,498,0,1,1,0,0,0,0,0,0,0,1,1,0,0,0,0
10/1/2001,VEN,299,Venezuela,-0.8131112,4,2001q4,2001,501,0,1,1,0,0,0,0,0,0,0,1,1,0,0,0,0
1/1/2002,VEN,299,Venezuela,0.29239342,4,2002q1,2002,504,0,1,1,0,0,0,0,0,0,0,1,1,0,0,0,0
4/1/2002,VEN,299,Venezuela,1.9904472,4,2002q2,2002,507,0,1,1,0,0,0,0,0,0,0,1,1,0,0,0,0
7/1/2002,VEN,299,Venezuela,5.5297803,4,2002q3,2002,510,0,1,1,0,0,0,0,0,0,0,1,1,0,0,0,0
10/1/2002,VEN,299,Venezuela,3.0982845,4,2002q4,2002,513,0,1,1,0,0,0,0,0,0,0,1,1,0,0,0,0
1/1/2003,VEN,299,Venezuela,1.3163171,4,2003q1,2003,516,0,1,1,0,0,0,0,0,0,0,1,1,0,0,0,0
4/1/2003,VEN,299,Venezuela,7.2050616,4,2003q2,2003,519,0,1,1,0,0,0,0,0,0,0,1,1,0,0,0,0
7/1/2003,VEN,299,Venezuela,6.8313137,4,2003q3,2003,522,0,1,1,0,0,0,0,0,0,0,1,1,0,0,0,0
10/1/2003,VEN,299,Venezuela,4.9453296,4,2003q4,2003,525,0,1,1,0,0,0,0,0,0,0,1,1,0,0,0,0
1/1/2004,VEN,299,Venezuela,7.3557355,4,2004q1,2004,528,0,1,1,0,0,0,0,0,0,0,1,1,0,0,0,0
4/1/2004,VEN,299,Venezuela,6.571573,4,2004q2,2004,531,0,1,1,0,0,0,0,0,0,0,1,1,0,0,0,0
7/1/2004,VEN,299,Venezuela,7.0967056,4,2004q3,2004,534,0,1,1,0,0,0,0,0,0,0,1,1,0,0,0,0
10/1/2004,VEN,299,Venezuela,7.2008528,4,2004q4,2004,537,0,1,1,0,0,0,0,0,0,0,1,1,0,0,0,0
1/1/2005,VEN,299,Venezuela,8.1283547,4,2005q1,2005,540,0,1,1,0,0,0,0,0,0,0,1,1,0,0,0,0
4/1/2005,VEN,299,Venezuela,11.7966,4,2005q2,2005,543,0,1,1,0,0,0,0,0,0,0,1,1,0,0,0,0
7/1/2005,VEN,299,Venezuela,14.730027,4,2005q3,2005,546,0,1,1,0,0,0,0,0,0,0,1,1,0,0,0,0
10/1/2005,VEN,299,Venezuela,10.527019,4,2005q4,2005,549,0,1,1,0,0,0,0,0,0,0,1,1,0,0,0,0
1/1/2006,VEN,299,Venezuela,13.695703,4,2006q1,2006,552,0,1,1,0,0,0,0,0,0,0,1,1,0,0,0,0
4/1/2006,VEN,299,Venezuela,12.715647,4,2006q2,2006,555,0,1,1,0,0,0,0,0,0,0,1,1,0,0,0,0
7/1/2006,VEN,299,Venezuela,14.739311,4,2006q3,2006,558,0,1,1,0,0,0,0,0,0,0,1,1,0,0,0,0
10/1/2006,VEN,299,Venezuela,4.3547709,4,2006q4,2006,561,0,1,1,0,0,0,0,0,0,0,1,1,0,0,0,0
1/1/2007,VEN,299,Venezuela,3.8752653,4,2007q1,2007,564,0,1,1,0,0,0,0,0,0,0,1,1,0,0,0,0
4/1/2007,VEN,299,Venezuela,8.9746132,4,2007q2,2007,567,0,1,1,0,0,0,0,0,0,0,1,1,0,0,0,0
7/1/2007,VEN,299,Venezuela,7.9397641,4,2007q3,2007,570,0,1,1,0,0,0,0,0,0,0,1,1,0,0,0,0
10/1/2007,VEN,299,Venezuela,6.8614021,4,2007q4,2007,573,0,1,1,0,0,0,0,0,0,0,1,1,0,0,0,0
1/1/2008,VEN,299,Venezuela,14.116077,4,2008q1,2008,576,0,1,1,0,0,0,0,0,0,0,1,1,0,0,0,0
4/1/2008,VEN,299,Venezuela,24.327032,4,2008q2,2008,579,0,1,1,0,0,0,0,0,0,0,1,1,0,0,0,0
7/1/2008,VEN,299,Venezuela,24.882668,4,2008q3,2008,582,0,1,1,0,0,0,0,0,0,0,1,1,0,0,0,0
10/1/2008,VEN,299,Venezuela,-6.6520698,4,2008q4,2008,585,0,1,1,0,0,0,0,0,0,0,1,1,0,0,0,0
1/1/2009,VEN,299,Venezuela,-6.0095914,4,2009q1,2009,588,0,1,1,0,0,0,0,0,0,0,1,1,0,0,0,0
4/1/2009,VEN,299,Venezuela,1.9935669,4,2009q2,2009,591,0,1,1,0,0,0,0,0,0,0,1,1,0,0,0,0
7/1/2009,VEN,299,Venezuela,8.1115924,4,2009q3,2009,594,0,1,1,0,0,0,0,0,0,0,1,1,0,0,0,0
10/1/2009,VEN,299,Venezuela,7.9697184,4,2009q4,2009,597,0,1,1,0,0,0,0,0,0,0,1,1,0,0,0,0
1/1/2010,VEN,299,Venezuela,12.743495,4,2010q1,2010,600,0,1,1,0,0,0,0,0,0,0,1,1,0,0,0,0
4/1/2010,VEN,299,Venezuela,4.2181518,4,2010q2,2010,603,0,1,1,0,0,0,0,0,0,0,1,1,0,0,0,0
7/1/2010,VEN,299,Venezuela,4.321282,4,2010q3,2010,606,0,1,1,0,0,0,0,0,0,0,1,1,0,0,0,0
10/1/2010,VEN,299,Venezuela,6.0997274,4,2010q4,2010,609,0,1,1,0,0,0,0,0,0,0,1,1,0,0,0,0
1/1/2011,VEN,299,Venezuela,24.381487,4,2011q1,2011,612,0,1,1,0,0,0,0,0,0,0,1,1,0,0,0,0
4/1/2011,VEN,299,Venezuela,5.6018484,5,2011q2,2011,615,0,1,1,0,0,0,0,0,0,0,1,1,0,0,0,0
7/1/2011,VEN,299,Venezuela,4.4509557,5,2011q3,2011,618,0,1,1,0,0,0,0,0,0,0,1,1,0,0,0,0
10/1/2011,VEN,299,Venezuela,3.5938805,5,2011q4,2011,621,0,1,1,0,0,0,0,0,0,0,1,1,0,0,0,0
1/1/2012,VEN,299,Venezuela,3.7118763,5,2012q1,2012,624,0,1,1,0,0,0,0,0,0,0,1,1,0,0,0,0
4/1/2012,VEN,299,Venezuela,0.59731882,5,2012q2,2012,627,0,1,1,0,0,0,0,0,0,0,1,1,0,0,0,0
7/1/2012,VEN,299,Venezuela,-0.73954104,5,2012q3,2012,630,0,1,1,0,0,0,0,0,0,0,1,1,0,0,0,0
10/1/2012,VEN,299,Venezuela,-0.84751662,5,2012q4,2012,633,0,1,1,0,0,0,0,0,0,0,1,1,0,0,0,0
1/1/2013,VEN,299,Venezuela,1.0255652,5,2013q1,2013,636,0,1,1,0,0,0,0,0,0,0,1,1,0,0,0,0
4/1/2013,VEN,299,Venezuela,1.1230842,5,2013q2,2013,639,0,1,1,0,0,0,0,0,0,0,1,1,0,0,0,0
7/1/2013,VEN,299,Venezuela,2.2494553,5,2013q3,2013,642,0,1,1,0,0,0,0,0,0,0,1,1,0,0,0,0
10/1/2013,VEN,299,Venezuela,0.5279571,5,2013q4,2013,645,0,1,1,0,0,0,0,0,0,0,1,1,0,0,0,0
1/1/2014,VEN,299,Venezuela,4.6475271,5,2014q1,2014,648,0,1,1,0,0,0,0,0,0,0,1,1,0,0,0,0
4/1/2014,VEN,299,Venezuela,1.9780865,5,2014q2,2014,651,0,1,1,0,0,0,0,0,0,0,1,1,0,0,0,0
7/1/2014,VEN,299,Venezuela,-0.04470785,5,2014q3,2014,654,0,1,1,0,0,0,0,0,0,0,1,1,0,0,0,0
10/1/2014,VEN,299,Venezuela,-2.5209647,5,2014q4,2014,657,0,1,1,0,0,0,0,0,0,0,1,1,0,0,0,0
1/1/2004,CYP,423,Cyprus,-3.4847442,2,2004q1,2004,528,0,1,0,0,0,0,0,1,0,0,0,0,0,1,0,0
4/1/2004,CYP,423,Cyprus,-3.7607492,2,2004q2,2004,531,0,1,0,0,0,0,0,1,0,0,0,0,0,1,0,0
7/1/2004,CYP,423,Cyprus,-2.7184813,2,2004q3,2004,534,0,1,0,0,0,0,0,1,0,0,0,0,0,1,0,0
10/1/2004,CYP,423,Cyprus,-3.3592275,2,2004q4,2004,537,0,1,0,0,0,0,0,1,0,0,0,0,0,1,0,0
1/1/2005,CYP,423,Cyprus,-3.769896,2,2005q1,2005,540,0,1,0,0,0,0,0,1,0,0,0,0,0,1,0,0
4/1/2005,CYP,423,Cyprus,-2.6702109,2,2005q2,2005,543,0,1,0,0,0,0,0,1,0,0,0,0,0,1,0,0
7/1/2005,CYP,423,Cyprus,-4.408957,2,2005q3,2005,546,0,1,0,0,0,0,0,1,0,0,0,0,0,1,0,0
10/1/2005,CYP,423,Cyprus,-4.9615074,2,2005q4,2005,549,0,1,0,0,0,0,0,1,0,0,0,0,0,1,0,0
1/1/2006,CYP,423,Cyprus,-5.0727524,2,2006q1,2006,552,0,1,0,0,0,0,0,1,0,0,0,0,0,1,0,0
4/1/2006,CYP,423,Cyprus,-6.2490498,2,2006q2,2006,555,0,1,0,0,0,0,0,1,0,0,0,0,0,1,0,0
7/1/2006,CYP,423,Cyprus,-6.2690499,2,2006q3,2006,558,0,1,0,0,0,0,0,1,0,0,0,0,0,1,0,0
10/1/2006,CYP,423,Cyprus,-8.2462512,2,2006q4,2006,561,0,1,0,0,0,0,0,1,0,0,0,0,0,1,0,0
1/1/2007,CYP,423,Cyprus,-8.7205001,2,2007q1,2007,564,0,1,0,0,0,0,0,1,0,0,0,0,0,1,0,0
4/1/2007,CYP,423,Cyprus,-9.010101,2,2007q2,2007,567,0,1,0,0,0,0,0,1,0,0,0,0,0,1,0,0
7/1/2007,CYP,423,Cyprus,-10.272198,2,2007q3,2007,570,0,1,0,0,0,0,0,1,0,0,0,0,0,1,0,0
10/1/2007,CYP,423,Cyprus,-14.761024,2,2007q4,2007,573,0,1,0,0,0,0,0,1,0,0,0,0,0,1,0,0
1/1/2008,CYP,423,Cyprus,-15.535122,2,2008q1,2008,576,0,1,0,0,0,0,0,1,0,0,0,0,0,1,1,1
4/1/2008,CYP,423,Cyprus,-15.954682,2,2008q2,2008,579,0,1,0,0,0,0,0,1,0,0,0,0,0,1,1,0
7/1/2008,CYP,423,Cyprus,-15.377629,2,2008q3,2008,582,0,1,0,0,0,0,0,1,0,0,0,0,0,1,1,0
10/1/2008,CYP,423,Cyprus,-12.938185,2,2008q4,2008,585,0,1,0,0,0,0,0,1,0,0,0,0,0,1,1,0
1/1/2009,CYP,423,Cyprus,-9.2557013,2,2009q1,2009,588,0,1,0,0,0,0,0,1,0,0,0,0,0,1,1,0
4/1/2009,CYP,423,Cyprus,-8.7747309,2,2009q2,2009,591,0,1,0,0,0,0,0,1,0,0,0,0,0,1,1,0
7/1/2009,CYP,423,Cyprus,-7.3905918,2,2009q3,2009,594,0,1,0,0,0,0,0,1,0,0,0,0,0,1,1,0
10/1/2009,CYP,423,Cyprus,-7.2664224,2,2009q4,2009,597,0,1,0,0,0,0,0,1,0,0,0,0,0,1,1,0
1/1/2010,CYP,423,Cyprus,-10.210256,2,2010q1,2010,600,0,1,0,0,0,0,0,1,0,0,0,0,0,1,1,0
4/1/2010,CYP,423,Cyprus,-10.60482,2,2010q2,2010,603,0,1,0,0,0,0,0,1,0,0,0,0,0,1,1,0
7/1/2010,CYP,423,Cyprus,-10.900086,2,2010q3,2010,606,0,1,0,0,0,0,0,1,0,0,0,0,0,1,1,0
10/1/2010,CYP,423,Cyprus,-9.7519969,2,2010q4,2010,609,0,1,0,0,0,0,0,1,0,0,0,0,0,1,1,0
1/1/2011,CYP,423,Cyprus,-6.6413359,2,2011q1,2011,612,0,1,0,0,0,0,0,1,0,0,0,0,0,1,1,0
4/1/2011,CYP,423,Cyprus,-3.3081886,2,2011q2,2011,615,0,1,0,0,0,0,0,1,0,0,0,0,0,1,1,0
7/1/2011,CYP,423,Cyprus,-2.2628514,2,2011q3,2011,618,0,1,0,0,0,0,0,1,0,0,0,0,0,1,1,0
10/1/2011,CYP,423,Cyprus,-1.03949,2,2011q4,2011,621,0,1,0,0,0,0,0,1,0,0,0,0,0,1,1,0
1/1/2012,CYP,423,Cyprus,-2.6142176,2,2012q1,2012,624,0,1,0,0,0,0,0,1,0,0,0,0,0,1,1,0
4/1/2012,CYP,423,Cyprus,-3.8053329,2,2012q2,2012,627,0,1,0,0,0,0,0,1,0,0,0,0,0,1,1,0
7/1/2012,CYP,423,Cyprus,-3.301329,2,2012q3,2012,630,0,1,0,0,0,0,0,1,0,0,0,0,0,1,1,0
10/1/2012,CYP,423,Cyprus,-5.0021137,2,2012q4,2012,633,0,1,0,0,0,0,0,1,0,0,0,0,0,1,1,0
1/1/2013,CYP,423,Cyprus,-3.6393404,2,2013q1,2013,636,0,1,0,0,0,0,0,1,0,0,0,0,0,1,1,0
4/1/2013,CYP,423,Cyprus,-2.3777741,2,2013q2,2013,639,0,1,0,0,0,0,0,1,0,0,0,0,0,1,1,0
7/1/2013,CYP,423,Cyprus,-1.8816449,2,2013q3,2013,642,0,1,0,0,0,0,0,1,0,0,0,0,0,1,1,0
10/1/2013,CYP,423,Cyprus,-1.5427381,2,2013q4,2013,645,0,1,0,0,0,0,0,1,0,0,0,0,0,1,1,0
1/1/2014,CYP,423,Cyprus,-4.0995817,2,2014q1,2014,648,0,1,0,0,0,0,0,1,0,0,0,0,0,1,1,0
4/1/2014,CYP,423,Cyprus,-3.2429429,2,2014q2,2014,651,0,1,0,0,0,0,0,1,0,0,0,0,0,1,1,0
7/1/2014,CYP,423,Cyprus,-2.8414936,2,2014q3,2014,654,0,1,0,0,0,0,0,1,0,0,0,0,0,1,1,0
10/1/2014,CYP,423,Cyprus,-0.91507761,2,2014q4,2014,657,0,1,0,0,0,0,0,1,0,0,0,0,0,1,1,0
1/1/2015,CYP,423,Cyprus,0.62752369,2,2015q1,2015,660,0,1,0,0,0,0,0,1,0,0,0,0,0,1,1,0
4/1/2015,CYP,423,Cyprus,1.2475493,2,2015q2,2015,663,0,1,0,0,0,0,0,1,0,0,0,0,0,1,1,0
7/1/2015,CYP,423,Cyprus,0.13296438,2,2015q3,2015,666,0,1,0,0,0,0,0,1,0,0,0,0,0,1,1,0
10/1/2015,CYP,423,Cyprus,-0.85429333,2,2015q4,2015,669,0,1,0,0,0,0,0,1,0,0,0,0,0,1,1,0
1/1/2016,CYP,423,Cyprus,-0.25661713,2,2016q1,2016,672,0,1,0,0,0,0,0,1,0,0,0,0,0,1,1,0
4/1/2016,CYP,423,Cyprus,-5.5250782,2,2016q2,2016,675,0,1,0,0,0,0,0,1,0,0,0,0,0,1,1,0
7/1/2016,CYP,423,Cyprus,-4.6593336,2,2016q3,2016,678,0,1,0,0,0,0,0,1,0,0,0,0,0,1,1,0
10/1/2016,CYP,423,Cyprus,-6.5886268,2,2016q4,2016,681,0,1,0,0,0,0,0,1,0,0,0,0,0,1,1,0
1/1/2017,CYP,423,Cyprus,-8.8918643,2,2017q1,2017,684,0,1,0,0,0,0,0,1,0,0,0,0,0,1,1,0
4/1/2017,CYP,423,Cyprus,-3.2250447,2,2017q2,2017,687,0,1,0,0,0,0,0,1,0,0,0,0,0,1,1,0
7/1/2017,CYP,423,Cyprus,-2.8061739,2,2017q3,2017,690,0,1,0,0,0,0,0,1,0,0,0,0,0,1,1,0
10/1/2017,CYP,423,Cyprus,-3.0985945,2,2017q4,2017,693,0,1,0,0,0,0,0,1,0,0,0,0,0,1,1,0
1/1/2018,CYP,423,Cyprus,-0.65772635,2,2018q1,2018,696,0,1,0,0,0,0,0,1,0,0,0,0,0,1,1,0
4/1/2018,CYP,423,Cyprus,-3.7067134,2,2018q2,2018,699,0,1,0,0,0,0,0,1,0,0,0,0,0,1,1,0
7/1/2018,CYP,423,Cyprus,-5.4691061,2,2018q3,2018,702,0,1,0,0,0,0,0,1,0,0,0,0,0,1,1,0
10/1/2018,CYP,423,Cyprus,-7.1933755,2,2018q4,2018,705,0,1,0,0,0,0,0,1,0,0,0,0,0,1,1,0
1/1/2019,CYP,423,Cyprus,-6.8683344,2,2019q1,2019,708,0,1,0,0,0,0,0,1,0,0,0,0,0,1,1,0
4/1/2019,CYP,423,Cyprus,-7.5545482,2,2019q2,2019,711,0,1,0,0,0,0,0,1,0,0,0,0,0,1,1,0
7/1/2019,CYP,423,Cyprus,-6.73009,2,2019q3,2019,714,0,1,0,0,0,0,0,1,0,0,0,0,0,1,1,0
10/1/2019,CYP,423,Cyprus,-6.2109909,2,2019q4,2019,717,0,1,0,0,0,0,0,1,0,0,0,0,0,1,1,0
1/1/2020,CYP,423,Cyprus,-9.1894173,2,2020q1,2020,720,0,1,0,0,0,0,0,1,0,0,0,0,0,1,1,0
4/1/2020,CYP,423,Cyprus,-7.8751047,2,2020q2,2020,723,0,1,0,0,0,0,0,1,0,0,0,0,0,1,1,0
7/1/2020,CYP,423,Cyprus,-10.052568,2,2020q3,2020,726,0,1,0,0,0,0,0,1,0,0,0,0,0,1,1,0
10/1/2020,CYP,423,Cyprus,-10.148757,2,2020q4,2020,729,0,1,0,0,0,0,0,1,0,0,0,0,0,1,1,0
1/1/2021,CYP,423,Cyprus,-8.4370448,2,2021q1,2021,732,0,1,0,0,0,0,0,1,0,0,0,0,0,1,1,0
4/1/2021,CYP,423,Cyprus,-6.6839753,2,2021q2,2021,735,0,1,0,0,0,0,0,1,0,0,0,0,0,1,1,0
7/1/2021,CYP,423,Cyprus,-5.2381899,2,2021q3,2021,738,0,1,0,0,0,0,0,1,0,0,0,0,0,1,1,0
10/1/2021,CYP,423,Cyprus,-5.1101444,2,2021q4,2021,741,0,1,0,0,0,0,0,1,0,0,0,0,0,1,1,0
1/1/2022,CYP,423,Cyprus,-3.7911081,2,2022q1,2022,744,0,1,0,0,0,0,0,1,0,0,0,0,0,1,1,0
4/1/2022,CYP,423,Cyprus,-8.5812272,2,2022q2,2022,747,0,1,0,0,0,0,0,1,0,0,0,0,0,1,1,0
7/1/2022,CYP,423,Cyprus,-7.3438157,2,2022q3,2022,750,0,1,0,0,0,0,0,1,0,0,0,0,0,1,1,0
10/1/2022,CYP,423,Cyprus,-6.3168664,2,2022q4,2022,753,0,1,0,0,0,0,0,1,0,0,0,0,0,1,1,0
1/1/2023,CYP,423,Cyprus,-11.13707,2,2023q1,2023,756,0,1,0,0,0,0,0,1,0,0,0,0,0,1,1,0
4/1/2023,CYP,423,Cyprus,-7.0004931,2,2023q2,2023,759,0,1,0,0,0,0,0,1,0,0,0,0,0,1,1,0
7/1/2023,CYP,423,Cyprus,-7.5883256,2,2023q3,2023,762,0,1,0,0,0,0,0,1,0,0,0,0,0,1,1,0
10/1/2023,CYP,423,Cyprus,-7.2128957,2,2023q4,2023,765,0,1,0,0,0,0,0,1,0,0,0,0,0,1,1,0
1/1/2024,CYP,423,Cyprus,-4.353074,2,2024q1,2024,768,0,1,0,0,0,0,0,1,0,0,0,0,0,1,1,0
4/1/2024,CYP,423,Cyprus,-4.2039364,2,2024q2,2024,771,0,1,0,0,0,0,0,1,0,0,0,0,0,1,1,0
7/1/2024,CYP,423,Cyprus,-3.8457706,2,2024q3,2024,774,0,1,0,0,0,0,0,1,0,0,0,0,0,1,1,0
1/1/1972,ISR,436,Israel,-1.9358372,4,1972q1,1972,144,0,1,1,0,0,1,0,0,0,0,0,0,0,0,0,0
4/1/1972,ISR,436,Israel,-2.9450056,4,1972q2,1972,147,0,1,1,0,0,1,0,0,0,0,0,0,0,0,0,0
7/1/1972,ISR,436,Israel,-2.5631683,4,1972q3,1972,150,0,1,1,0,0,1,0,0,0,0,0,0,0,0,0,0
10/1/1972,ISR,436,Israel,-4.7255101,4,1972q4,1972,153,0,1,1,0,0,1,0,0,0,0,0,0,0,0,0,0
1/1/1973,ISR,436,Israel,-5.8214359,4,1973q1,1973,156,0,1,1,0,0,1,0,0,0,0,0,0,0,0,0,0
4/1/1973,ISR,436,Israel,-9.5993068,4,1973q2,1973,159,0,1,1,0,0,1,0,0,0,0,0,0,0,0,0,0
7/1/1973,ISR,436,Israel,-10.556656,4,1973q3,1973,162,0,1,1,0,0,1,0,0,0,0,0,0,0,0,0,0
10/1/1973,ISR,436,Israel,2.139853,4,1973q4,1973,165,0,1,1,0,0,1,0,0,0,0,0,0,0,0,0,0
1/1/1974,ISR,436,Israel,-14.02212,4,1974q1,1974,168,0,1,1,0,0,1,0,0,0,0,0,0,0,0,0,0
4/1/1974,ISR,436,Israel,-16.466466,4,1974q2,1974,171,0,1,1,0,0,1,0,0,0,0,0,0,0,0,0,0
7/1/1974,ISR,436,Israel,-13.210122,4,1974q3,1974,174,0,1,1,0,0,1,0,0,0,0,0,0,0,0,0,0
10/1/1974,ISR,436,Israel,-16.37031,4,1974q4,1974,177,0,1,1,0,0,1,0,0,0,0,0,0,0,0,0,0
1/1/1975,ISR,436,Israel,-16.622994,4,1975q1,1975,180,0,1,1,0,0,1,0,0,0,0,0,0,0,0,0,0
4/1/1975,ISR,436,Israel,-13.265464,4,1975q2,1975,183,0,1,1,0,0,1,0,0,0,0,0,0,0,0,0,0
7/1/1975,ISR,436,Israel,-16.482927,4,1975q3,1975,186,0,1,1,0,0,1,0,0,0,0,0,0,0,0,0,0
10/1/1975,ISR,436,Israel,-13.474082,4,1975q4,1975,189,0,1,1,0,0,1,0,0,0,0,0,0,0,0,0,0
1/1/1976,ISR,436,Israel,-10.391894,4,1976q1,1976,192,0,1,1,0,0,1,0,0,0,0,0,0,0,0,0,0
4/1/1976,ISR,436,Israel,-5.0283192,4,1976q2,1976,195,0,1,1,0,0,1,0,0,0,0,0,0,0,0,0,0
7/1/1976,ISR,436,Israel,9.8439886,4,1976q3,1976,198,0,1,1,0,0,1,0,0,0,0,0,0,0,0,0,0
10/1/1976,ISR,436,Israel,-16.826794,4,1976q4,1976,201,0,1,1,0,0,1,0,0,0,0,0,0,0,0,0,0
1/1/1977,ISR,436,Israel,-3.2828141,4,1977q1,1977,204,0,1,1,0,0,1,0,0,0,0,0,0,0,0,0,0
4/1/1977,ISR,436,Israel,-4.6280532,4,1977q2,1977,207,0,1,1,0,0,1,0,0,0,0,0,0,0,0,0,0
7/1/1977,ISR,436,Israel,3.6808866,4,1977q3,1977,210,0,1,1,0,0,1,0,0,0,0,0,0,0,0,0,0
10/1/1977,ISR,436,Israel,-7.0819794,4,1977q4,1977,213,0,1,1,0,0,1,0,0,0,0,0,0,0,0,0,0
1/1/1978,ISR,436,Israel,-11.019935,4,1978q1,1978,216,0,1,1,0,0,1,0,0,0,0,0,0,0,0,0,0
4/1/1978,ISR,436,Israel,-9.462345,4,1978q2,1978,219,0,1,1,0,0,1,0,0,0,0,0,0,0,0,0,0
7/1/1978,ISR,436,Israel,-6.2066624,4,1978q3,1978,222,0,1,1,0,0,1,0,0,0,0,0,0,0,0,0,0
10/1/1978,ISR,436,Israel,-8.4361008,4,1978q4,1978,225,0,1,1,0,0,1,0,0,0,0,0,0,0,0,0,0
1/1/1979,ISR,436,Israel,-6.7452757,4,1979q1,1979,228,0,1,1,0,0,1,0,0,0,0,0,0,0,0,0,0
4/1/1979,ISR,436,Israel,-6.0174253,4,1979q2,1979,231,0,1,1,0,0,1,0,0,0,0,0,0,0,0,0,0
7/1/1979,ISR,436,Israel,-9.7687555,4,1979q3,1979,234,0,1,1,0,0,1,0,0,0,0,0,0,0,0,0,0
10/1/1979,ISR,436,Israel,-2.4988388,4,1979q4,1979,237,0,1,1,0,0,1,0,0,0,0,0,0,0,0,0,0
1/1/1980,ISR,436,Israel,-4.5712521,4,1980q1,1980,240,0,1,1,0,0,1,0,0,0,0,0,0,0,0,0,0
4/1/1980,ISR,436,Israel,-4.4708315,4,1980q2,1980,243,0,1,1,0,0,1,0,0,0,0,0,0,0,0,0,0
7/1/1980,ISR,436,Israel,-4.2611656,4,1980q3,1980,246,0,1,1,0,0,1,0,0,0,0,0,0,0,0,0,0
10/1/1980,ISR,436,Israel,-4.490844,4,1980q4,1980,249,0,1,1,0,0,1,0,0,0,0,0,0,0,0,0,0
1/1/1981,ISR,436,Israel,-4.2026373,4,1981q1,1981,252,0,1,1,0,0,1,0,0,0,0,0,0,0,0,0,0
4/1/1981,ISR,436,Israel,-8.4507453,4,1981q2,1981,255,0,1,1,0,0,1,0,0,0,0,0,0,0,0,0,0
7/1/1981,ISR,436,Israel,-4.1216575,4,1981q3,1981,258,0,1,1,0,0,1,0,0,0,0,0,0,0,0,0,0
10/1/1981,ISR,436,Israel,-9.6894451,4,1981q4,1981,261,0,1,1,0,0,1,0,0,0,0,0,0,0,0,0,0
1/1/1982,ISR,436,Israel,-6.8172311,4,1982q1,1982,264,0,1,1,0,0,1,0,0,0,0,0,0,0,0,0,0
4/1/1982,ISR,436,Israel,-11.123104,4,1982q2,1982,267,0,1,1,0,0,1,0,0,0,0,0,0,0,0,0,0
7/1/1982,ISR,436,Israel,-12.453585,4,1982q3,1982,270,0,1,1,0,0,1,0,0,0,0,0,0,0,0,0,0
10/1/1982,ISR,436,Israel,-12.631422,4,1982q4,1982,273,0,1,1,0,0,1,0,0,0,0,0,0,0,0,0,0
1/1/1983,ISR,436,Israel,-11.146555,4,1983q1,1983,276,0,1,1,0,0,1,0,0,0,0,0,0,0,0,0,0
4/1/1983,ISR,436,Israel,-9.2349377,4,1983q2,1983,279,0,1,1,0,0,1,0,0,0,0,0,0,0,0,0,0
7/1/1983,ISR,436,Israel,-10.535819,4,1983q3,1983,282,0,1,1,0,0,1,0,0,0,0,0,0,0,0,0,0
10/1/1983,ISR,436,Israel,-6.304294,4,1983q4,1983,285,0,1,1,0,0,1,0,0,0,0,0,0,0,0,0,0
1/1/1984,ISR,436,Israel,-12.149318,4,1984q1,1984,288,0,1,1,0,0,1,0,0,0,0,0,0,0,0,0,0
4/1/1984,ISR,436,Israel,-11.240711,4,1984q2,1984,291,0,1,1,0,0,1,0,0,0,0,0,0,0,0,0,0
7/1/1984,ISR,436,Israel,-12.478965,4,1984q3,1984,294,0,1,1,0,0,1,0,0,0,0,0,0,0,0,0,0
10/1/1984,ISR,436,Israel,4.9019777,4,1984q4,1984,297,0,1,1,0,0,1,0,0,0,0,0,0,0,0,0,0
1/1/1985,ISR,436,Israel,-5.7972161,4,1985q1,1985,300,0,1,1,0,0,1,0,0,0,0,0,0,0,0,0,0
4/1/1985,ISR,436,Israel,-4.2997125,4,1985q2,1985,303,0,1,1,0,0,1,0,0,0,0,0,0,0,0,0,0
7/1/1985,ISR,436,Israel,16.256758,4,1985q3,1985,306,0,1,1,0,0,1,0,0,0,0,0,0,0,0,0,0
10/1/1985,ISR,436,Israel,7.6682676,4,1985q4,1985,309,0,1,1,0,0,1,0,0,0,0,0,0,0,0,0,0
1/1/1986,ISR,436,Israel,3.4894213,4,1986q1,1986,312,0,1,1,0,0,1,0,0,0,0,0,0,0,0,0,0
4/1/1986,ISR,436,Israel,4.9043521,4,1986q2,1986,315,0,1,1,0,0,1,0,0,0,0,0,0,0,0,0,0
7/1/1986,ISR,436,Israel,4.8981011,4,1986q3,1986,318,0,1,1,0,0,1,0,0,0,0,0,0,0,0,0,0
10/1/1986,ISR,436,Israel,2.5588738,4,1986q4,1986,321,0,1,1,0,0,1,0,0,0,0,0,0,0,0,0,0
1/1/1987,ISR,436,Israel,-3.3142083,4,1987q1,1987,324,0,1,1,0,0,1,0,0,0,0,0,0,0,0,0,0
4/1/1987,ISR,436,Israel,-3.9339236,4,1987q2,1987,327,0,1,1,0,0,1,0,0,0,0,0,0,0,0,0,0
7/1/1987,ISR,436,Israel,-5.2747959,4,1987q3,1987,330,0,1,1,0,0,1,0,0,0,0,0,0,0,0,0,0
10/1/1987,ISR,436,Israel,-3.0045939,4,1987q4,1987,333,0,1,1,0,0,1,0,0,0,0,0,0,0,0,0,0
1/1/1988,ISR,436,Israel,-0.8406468,4,1988q1,1988,336,0,1,1,0,0,1,0,0,0,0,0,0,0,0,0,0
4/1/1988,ISR,436,Israel,-2.4397077,4,1988q2,1988,339,0,1,1,0,0,1,0,0,0,0,0,0,0,0,0,0
7/1/1988,ISR,436,Israel,-3.1966349,4,1988q3,1988,342,0,1,1,0,0,1,0,0,0,0,0,0,0,0,0,0
10/1/1988,ISR,436,Israel,-0.97208839,4,1988q4,1988,345,0,1,1,0,0,1,0,0,0,0,0,0,0,0,0,0
1/1/1989,ISR,436,Israel,0.42210975,4,1989q1,1989,348,0,1,1,0,0,1,0,0,0,0,0,0,0,0,0,0
4/1/1989,ISR,436,Israel,-1.17167,4,1989q2,1989,351,0,1,1,0,0,1,0,0,0,0,0,0,0,0,0,0
7/1/1989,ISR,436,Israel,2.3341911,4,1989q3,1989,354,0,1,1,0,0,1,0,0,0,0,0,0,0,0,0,0
10/1/1989,ISR,436,Israel,0.24229441,4,1989q4,1989,357,0,1,1,0,0,1,0,0,0,0,0,0,0,0,0,0
1/1/1990,ISR,436,Israel,1.4798889,4,1990q1,1990,360,0,1,1,0,0,1,0,0,0,0,0,0,0,0,0,0
4/1/1990,ISR,436,Israel,-0.67814985,4,1990q2,1990,363,0,1,1,0,0,1,0,0,0,0,0,0,0,0,0,0
7/1/1990,ISR,436,Israel,0.971067,4,1990q3,1990,366,0,1,1,0,0,1,0,0,0,0,0,0,0,0,0,0
10/1/1990,ISR,436,Israel,-0.49995993,4,1990q4,1990,369,0,1,1,0,0,1,0,0,0,0,0,0,0,0,0,0
1/1/1991,ISR,436,Israel,-1.3606599,4,1991q1,1991,372,0,1,1,0,0,1,0,0,0,0,0,0,0,0,0,0
4/1/1991,ISR,436,Israel,-0.02315535,4,1991q2,1991,375,0,1,1,0,0,1,0,0,0,0,0,0,0,0,0,0
7/1/1991,ISR,436,Israel,-2.5883632,4,1991q3,1991,378,0,1,1,0,0,1,0,0,0,0,0,0,0,0,0,0
10/1/1991,ISR,436,Israel,-4.7971435,4,1991q4,1991,381,0,1,1,0,0,1,0,0,0,0,0,0,0,0,0,0
1/1/1992,ISR,436,Israel,-1.290593,4,1992q1,1992,384,0,1,1,0,0,1,0,0,0,0,0,0,0,0,0,0
4/1/1992,ISR,436,Israel,0.60321611,4,1992q2,1992,387,0,1,1,0,0,1,0,0,0,0,0,0,0,0,0,0
7/1/1992,ISR,436,Israel,-3.0632204,4,1992q3,1992,390,0,1,1,0,0,1,0,0,0,0,0,0,0,0,0,0
10/1/1992,ISR,436,Israel,-2.1037781,4,1992q4,1992,393,0,1,1,0,0,1,0,0,0,0,0,0,0,0,0,0
1/1/1993,ISR,436,Israel,-4.6258293,4,1993q1,1993,396,0,1,1,0,0,1,0,0,0,0,0,0,0,0,0,0
4/1/1993,ISR,436,Israel,-5.2658602,4,1993q2,1993,399,0,1,1,0,0,1,0,0,0,0,0,0,0,0,0,0
7/1/1993,ISR,436,Israel,-2.7681962,4,1993q3,1993,402,0,1,1,0,0,1,0,0,0,0,0,0,0,0,0,0
10/1/1993,ISR,436,Israel,-3.2408124,4,1993q4,1993,405,0,1,1,0,0,1,0,0,0,0,0,0,0,0,0,0
1/1/1994,ISR,436,Israel,-4.1953165,4,1994q1,1994,408,0,1,1,0,0,1,0,0,0,0,0,0,0,0,0,0
4/1/1994,ISR,436,Israel,-6.9298358,4,1994q2,1994,411,0,1,1,0,0,1,0,0,0,0,0,0,0,0,0,0
7/1/1994,ISR,436,Israel,-4.3530026,4,1994q3,1994,414,0,1,1,0,0,1,0,0,0,0,0,0,0,0,0,0
10/1/1994,ISR,436,Israel,-3.6665975,4,1994q4,1994,417,0,1,1,0,0,1,0,0,0,0,0,0,0,0,0,0
1/1/1995,ISR,436,Israel,-5.303248,1,1995q1,1995,420,0,1,1,0,0,1,0,0,0,0,0,0,0,0,0,0
4/1/1995,ISR,436,Israel,-4.308492,1,1995q2,1995,423,0,1,1,0,0,1,0,0,0,0,0,0,0,0,0,0
7/1/1995,ISR,436,Israel,-3.733502,1,1995q3,1995,426,0,1,1,0,0,1,0,0,0,0,0,0,0,0,0,0
10/1/1995,ISR,436,Israel,-5.45207,1,1995q4,1995,429,0,1,1,0,0,1,0,0,0,0,0,0,0,0,0,0
1/1/1996,ISR,436,Israel,-5.291098,1,1996q1,1996,432,0,1,1,0,0,1,0,0,0,0,0,0,0,0,0,0
4/1/1996,ISR,436,Israel,-5.487978,1,1996q2,1996,435,0,1,1,0,0,1,0,0,0,0,0,0,0,0,0,0
7/1/1996,ISR,436,Israel,-4.33871,1,1996q3,1996,438,0,1,1,0,0,1,0,0,0,0,0,0,0,0,0,0
10/1/1996,ISR,436,Israel,-3.611948,1,1996q4,1996,441,0,1,1,0,0,1,0,0,0,0,0,0,0,0,0,0
1/1/1997,ISR,436,Israel,-3.203776,1,1997q1,1997,444,0,1,1,0,0,1,0,0,0,0,0,0,0,0,0,0
4/1/1997,ISR,436,Israel,-4.094723,1,1997q2,1997,447,0,1,1,0,0,1,0,0,0,0,0,0,0,0,0,0
7/1/1997,ISR,436,Israel,-2.382041,1,1997q3,1997,450,0,1,1,0,0,1,0,0,0,0,0,0,0,0,0,0
10/1/1997,ISR,436,Israel,-2.517634,1,1997q4,1997,453,0,1,1,0,0,1,0,0,0,0,0,0,0,0,0,0
1/1/1998,ISR,436,Israel,-2.1105,1,1998q1,1998,456,0,1,1,0,0,1,0,0,0,0,0,0,0,0,0,0
4/1/1998,ISR,436,Israel,-0.3323875,1,1998q2,1998,459,0,1,1,0,0,1,0,0,0,0,0,0,0,0,0,0
7/1/1998,ISR,436,Israel,-0.9112241,1,1998q3,1998,462,0,1,1,0,0,1,0,0,0,0,0,0,0,0,0,0
10/1/1998,ISR,436,Israel,-0.4979242,1,1998q4,1998,465,0,1,1,0,0,1,0,0,0,0,0,0,0,0,0,0
1/1/1999,ISR,436,Israel,-2.038164,1,1999q1,1999,468,0,1,1,0,0,1,0,0,0,0,0,0,0,0,0,0
4/1/1999,ISR,436,Israel,-1.280453,1,1999q2,1999,471,0,1,1,0,0,1,0,0,0,0,0,0,0,0,0,0
7/1/1999,ISR,436,Israel,-0.7055625,1,1999q3,1999,474,0,1,1,0,0,1,0,0,0,0,0,0,0,0,0,0
10/1/1999,ISR,436,Israel,-1.050256,1,1999q4,1999,477,0,1,1,0,0,1,0,0,0,0,0,0,0,0,0,0
1/1/2000,ISR,436,Israel,-1.751007,1,2000q1,2000,480,0,1,1,0,0,1,0,0,0,0,0,0,0,0,0,0
4/1/2000,ISR,436,Israel,-0.8523874,1,2000q2,2000,483,0,1,1,0,0,1,0,0,0,0,0,0,0,0,0,0
7/1/2000,ISR,436,Israel,0.4606743,1,2000q3,2000,486,0,1,1,0,0,1,0,0,0,0,0,0,0,0,0,0
10/1/2000,ISR,436,Israel,-3.678683,1,2000q4,2000,489,0,1,1,0,0,1,0,0,0,0,0,0,0,0,0,0
1/1/2001,ISR,436,Israel,-2.820573,1,2001q1,2001,492,0,1,1,0,0,1,0,0,0,0,0,0,0,0,0,0
4/1/2001,ISR,436,Israel,-2.162708,1,2001q2,2001,495,0,1,1,0,0,1,0,0,0,0,0,0,0,0,0,0
7/1/2001,ISR,436,Israel,-0.5471662,1,2001q3,2001,498,0,1,1,0,0,1,0,0,0,0,0,0,0,0,0,0
10/1/2001,ISR,436,Israel,-0.09792442,1,2001q4,2001,501,0,1,1,0,0,1,0,0,0,0,0,0,0,0,0,0
1/1/2002,ISR,436,Israel,-0.6416213,1,2002q1,2002,504,0,1,1,0,0,1,0,0,0,0,0,0,0,0,0,0
4/1/2002,ISR,436,Israel,-2.282015,1,2002q2,2002,507,0,1,1,0,0,1,0,0,0,0,0,0,0,0,0,0
7/1/2002,ISR,436,Israel,-0.4616874,1,2002q3,2002,510,0,1,1,0,0,1,0,0,0,0,0,0,0,0,0,0
10/1/2002,ISR,436,Israel,-0.134814,1,2002q4,2002,513,0,1,1,0,0,1,0,0,0,0,0,0,0,0,0,0
1/1/2003,ISR,436,Israel,0.923577,1,2003q1,2003,516,0,1,1,0,0,1,0,0,0,0,0,0,0,0,0,0
4/1/2003,ISR,436,Israel,1.247489,1,2003q2,2003,519,0,1,1,0,0,1,0,0,0,0,0,0,0,0,0,0
7/1/2003,ISR,436,Israel,-0.8448146,1,2003q3,2003,522,0,1,1,0,0,1,0,0,0,0,0,0,0,0,0,0
10/1/2003,ISR,436,Israel,1.015195,1,2003q4,2003,525,0,1,1,0,0,1,0,0,0,0,0,0,0,0,0,0
1/1/2004,ISR,436,Israel,0.9681462,1,2004q1,2004,528,0,1,1,0,0,1,0,0,0,0,0,0,0,0,0,0
4/1/2004,ISR,436,Israel,1.436285,1,2004q2,2004,531,0,1,1,0,0,1,0,0,0,0,0,0,0,0,0,0
7/1/2004,ISR,436,Israel,1.479697,1,2004q3,2004,534,0,1,1,0,0,1,0,0,0,0,0,0,0,0,0,0
10/1/2004,ISR,436,Israel,1.902621,1,2004q4,2004,537,0,1,1,0,0,1,0,0,0,0,0,0,0,0,0,0
1/1/2005,ISR,436,Israel,1.923791,1,2005q1,2005,540,0,1,1,0,0,1,0,0,0,0,0,0,0,0,0,0
4/1/2005,ISR,436,Israel,1.963851,1,2005q2,2005,543,0,1,1,0,0,1,0,0,0,0,0,0,0,0,0,0
7/1/2005,ISR,436,Israel,2.965509,1,2005q3,2005,546,0,1,1,0,0,1,0,0,0,0,0,0,0,0,0,0
10/1/2005,ISR,436,Israel,4.931577,1,2005q4,2005,549,0,1,1,0,0,1,0,0,0,0,0,0,0,0,0,0
1/1/2006,ISR,436,Israel,3.188086,1,2006q1,2006,552,0,1,1,0,0,1,0,0,0,0,0,0,0,0,0,0
4/1/2006,ISR,436,Israel,3.446791,1,2006q2,2006,555,0,1,1,0,0,1,0,0,0,0,0,0,0,0,0,0
7/1/2006,ISR,436,Israel,4.762323,1,2006q3,2006,558,0,1,1,0,0,1,0,0,0,0,0,0,0,0,0,0
10/1/2006,ISR,436,Israel,4.327284,1,2006q4,2006,561,0,1,1,0,0,1,0,0,0,0,0,0,0,0,0,0
1/1/2007,ISR,436,Israel,2.665678,1,2007q1,2007,564,0,1,1,0,0,1,0,0,0,0,0,0,0,0,0,0
4/1/2007,ISR,436,Israel,7.465153,1,2007q2,2007,567,0,1,1,0,0,1,0,0,0,0,0,0,0,0,0,0
7/1/2007,ISR,436,Israel,1.674114,1,2007q3,2007,570,0,1,1,0,0,1,0,0,0,0,0,0,0,0,0,0
10/1/2007,ISR,436,Israel,0.6048107,1,2007q4,2007,573,0,1,1,0,0,1,0,0,0,0,0,0,0,0,0,0
1/1/2008,ISR,436,Israel,1.764303,1,2008q1,2008,576,0,1,1,0,0,1,0,0,0,0,0,0,0,0,0,0
4/1/2008,ISR,436,Israel,0.1752812,1,2008q2,2008,579,0,1,1,0,0,1,0,0,0,0,0,0,0,0,0,0
7/1/2008,ISR,436,Israel,0.3703514,1,2008q3,2008,582,0,1,1,0,0,1,0,0,0,0,0,0,0,0,0,0
10/1/2008,ISR,436,Israel,1.78619,1,2008q4,2008,585,0,1,1,0,0,1,0,0,0,0,0,0,0,0,0,0
1/1/2009,ISR,436,Israel,3.587166,1,2009q1,2009,588,0,1,1,0,0,1,0,0,0,0,0,0,0,0,0,0
4/1/2009,ISR,436,Israel,2.460776,1,2009q2,2009,591,0,1,1,0,0,1,0,0,0,0,0,0,0,0,0,0
7/1/2009,ISR,436,Israel,1.898201,1,2009q3,2009,594,0,1,1,0,0,1,0,0,0,0,0,0,0,0,0,0
10/1/2009,ISR,436,Israel,4.6173,1,2009q4,2009,597,0,1,1,0,0,1,0,0,0,0,0,0,0,0,0,0
1/1/2010,ISR,436,Israel,5.054253,1,2010q1,2010,600,0,1,1,0,0,1,0,0,0,0,0,0,0,0,0,0
4/1/2010,ISR,436,Israel,5.403397,1,2010q2,2010,603,0,1,1,0,0,1,0,0,0,0,0,0,0,0,0,0
7/1/2010,ISR,436,Israel,3.132927,1,2010q3,2010,606,0,1,1,0,0,1,0,0,0,0,0,0,0,0,0,0
10/1/2010,ISR,436,Israel,0.1765395,1,2010q4,2010,609,0,1,1,0,0,1,0,0,0,0,0,0,0,0,0,0
1/1/2011,ISR,436,Israel,2.861817,1,2011q1,2011,612,0,1,1,0,0,1,0,0,0,0,0,0,0,0,0,0
4/1/2011,ISR,436,Israel,1.200897,1,2011q2,2011,615,0,1,1,0,0,1,0,0,0,0,0,0,0,0,0,0
7/1/2011,ISR,436,Israel,0.2139829,1,2011q3,2011,618,0,1,1,0,0,1,0,0,0,0,0,0,0,0,0,0
10/1/2011,ISR,436,Israel,1.943947,1,2011q4,2011,621,0,1,1,0,0,1,0,0,0,0,0,0,0,0,0,0
1/1/2012,ISR,436,Israel,-2.514355,1,2012q1,2012,624,0,1,1,0,0,1,0,0,0,0,0,0,0,0,0,0
4/1/2012,ISR,436,Israel,1.343064,1,2012q2,2012,627,0,1,1,0,0,1,0,0,0,0,0,0,0,0,0,0
7/1/2012,ISR,436,Israel,2.386571,1,2012q3,2012,630,0,1,1,0,0,1,0,0,0,0,0,0,0,0,0,0
10/1/2012,ISR,436,Israel,0.2990878,1,2012q4,2012,633,0,1,1,0,0,1,0,0,0,0,0,0,0,0,0,0
1/1/2013,ISR,436,Israel,3.453733,1,2013q1,2013,636,0,1,1,0,0,1,0,0,0,0,0,0,0,0,0,0
4/1/2013,ISR,436,Israel,2.508323,1,2013q2,2013,639,0,1,1,0,0,1,0,0,0,0,0,0,0,0,0,0
7/1/2013,ISR,436,Israel,1.569719,1,2013q3,2013,642,0,1,1,0,0,1,0,0,0,0,0,0,0,0,0,0
10/1/2013,ISR,436,Israel,4.34005,1,2013q4,2013,645,0,1,1,0,0,1,0,0,0,0,0,0,0,0,0,0
1/1/2014,ISR,436,Israel,4.288026,1,2014q1,2014,648,0,1,1,0,0,1,0,0,0,0,0,0,0,0,0,0
4/1/2014,ISR,436,Israel,4.896735,1,2014q2,2014,651,0,1,1,0,0,1,0,0,0,0,0,0,0,0,0,0
7/1/2014,ISR,436,Israel,3.084147,1,2014q3,2014,654,0,1,1,0,0,1,0,0,0,0,0,0,0,0,0,0
10/1/2014,ISR,436,Israel,4.568851,1,2014q4,2014,657,0,1,1,0,0,1,0,0,0,0,0,0,0,0,0,0
1/1/2015,ISR,436,Israel,4.274973,1,2015q1,2015,660,0,1,1,0,0,1,0,0,0,0,0,0,0,0,0,0
4/1/2015,ISR,436,Israel,5.653666,1,2015q2,2015,663,0,1,1,0,0,1,0,0,0,0,0,0,0,0,0,0
7/1/2015,ISR,436,Israel,6.25714,1,2015q3,2015,666,0,1,1,0,0,1,0,0,0,0,0,0,0,0,0,0
10/1/2015,ISR,436,Israel,4.650565,1,2015q4,2015,669,0,1,1,0,0,1,0,0,0,0,0,0,0,0,0,0
1/1/2016,ISR,436,Israel,4.054244,1,2016q1,2016,672,0,1,1,0,0,1,0,0,0,0,0,0,0,0,0,0
4/1/2016,ISR,436,Israel,4.68524,1,2016q2,2016,675,0,1,1,0,0,1,0,0,0,0,0,0,0,0,0,0
7/1/2016,ISR,436,Israel,1.755013,1,2016q3,2016,678,0,1,1,0,0,1,0,0,0,0,0,0,0,0,0,0
10/1/2016,ISR,436,Israel,4.57971,1,2016q4,2016,681,0,1,1,0,0,1,0,0,0,0,0,0,0,0,0,0
1/1/2017,ISR,436,Israel,3.861415,1,2017q1,2017,684,0,1,1,0,0,1,0,0,0,0,0,0,0,0,0,0
4/1/2017,ISR,436,Israel,3.810306,1,2017q2,2017,687,0,1,1,0,0,1,0,0,0,0,0,0,0,0,0,0
7/1/2017,ISR,436,Israel,3.263959,1,2017q3,2017,690,0,1,1,0,0,1,0,0,0,0,0,0,0,0,0,0
10/1/2017,ISR,436,Israel,3.607609,1,2017q4,2017,693,0,1,1,0,0,1,0,0,0,0,0,0,0,0,0,0
1/1/2018,ISR,436,Israel,2.670757,1,2018q1,2018,696,0,1,1,0,0,1,0,0,0,0,0,0,0,0,0,0
4/1/2018,ISR,436,Israel,2.974503,1,2018q2,2018,699,0,1,1,0,0,1,0,0,0,0,0,0,0,0,0,0
7/1/2018,ISR,436,Israel,3.509355,1,2018q3,2018,702,0,1,1,0,0,1,0,0,0,0,0,0,0,0,0,0
10/1/2018,ISR,436,Israel,2.866067,1,2018q4,2018,705,0,1,1,0,0,1,0,0,0,0,0,0,0,0,0,0
1/1/2019,ISR,436,Israel,3.997214,1,2019q1,2019,708,0,1,1,0,0,1,0,0,0,0,0,0,0,0,0,0
4/1/2019,ISR,436,Israel,4.322489,1,2019q2,2019,711,0,1,1,0,0,1,0,0,0,0,0,0,0,0,0,0
7/1/2019,ISR,436,Israel,2.642757,1,2019q3,2019,714,0,1,1,0,0,1,0,0,0,0,0,0,0,0,0,0
10/1/2019,ISR,436,Israel,1.923014,1,2019q4,2019,717,0,1,1,0,0,1,0,0,0,0,0,0,0,0,0,0
1/1/2020,ISR,436,Israel,3.420756,1,2020q1,2020,720,0,1,1,0,0,1,0,0,0,0,0,0,0,0,0,0
4/1/2020,ISR,436,Israel,4.68768,1,2020q2,2020,723,0,1,1,0,0,1,0,0,0,0,0,0,0,0,0,0
7/1/2020,ISR,436,Israel,4.218171,1,2020q3,2020,726,0,1,1,0,0,1,0,0,0,0,0,0,0,0,0,0
10/1/2020,ISR,436,Israel,3.853551,1,2020q4,2020,729,0,1,1,0,0,1,0,0,0,0,0,0,0,0,0,0
1/1/2021,ISR,436,Israel,3.712049,1,2021q1,2021,732,0,1,1,0,0,1,0,0,0,0,0,0,0,0,0,0
4/1/2021,ISR,436,Israel,2.608996,1,2021q2,2021,735,0,1,1,0,0,1,0,0,0,0,0,0,0,0,0,0
7/1/2021,ISR,436,Israel,2.005065,1,2021q3,2021,738,0,1,1,0,0,1,0,0,0,0,0,0,0,0,0,0
10/1/2021,ISR,436,Israel,4.675372,1,2021q4,2021,741,0,1,1,0,0,1,0,0,0,0,0,0,0,0,0,0
1/1/2022,ISR,436,Israel,3.152038,1,2022q1,2022,744,0,1,1,0,0,1,0,0,0,0,0,0,0,0,0,0
4/1/2022,ISR,436,Israel,3.140589,1,2022q2,2022,747,0,1,1,0,0,1,0,0,0,0,0,0,0,0,0,0
7/1/2022,ISR,436,Israel,3.365805,1,2022q3,2022,750,0,1,1,0,0,1,0,0,0,0,0,0,0,0,0,0
10/1/2022,ISR,436,Israel,3.649459,1,2022q4,2022,753,0,1,1,0,0,1,0,0,0,0,0,0,0,0,0,0
1/1/2023,ISR,436,Israel,3.191541,1,2023q1,2023,756,0,1,1,0,0,1,0,0,0,0,0,0,0,0,0,0
4/1/2023,ISR,436,Israel,2.409705,1,2023q2,2023,759,0,1,1,0,0,1,0,0,0,0,0,0,0,0,0,0
7/1/2023,ISR,436,Israel,2.715446,1,2023q3,2023,762,0,1,1,0,0,1,0,0,0,0,0,0,0,0,0,0
10/1/2023,ISR,436,Israel,6.876309,1,2023q4,2023,765,0,1,1,0,0,1,0,0,0,0,0,0,0,0,0,0
1/1/2024,ISR,436,Israel,3.739738,1,2024q1,2024,768,0,1,1,0,0,1,0,0,0,0,0,0,0,0,0,0
4/1/2024,ISR,436,Israel,3.264563,1,2024q2,2024,771,0,1,1,0,0,1,0,0,0,0,0,0,0,0,0,0
7/1/2024,ISR,436,Israel,3.453393,1,2024q3,2024,774,0,1,1,0,0,1,0,0,0,0,0,0,0,0,0,0
10/1/2024,ISR,436,Israel,2.159861,1,2024q4,2024,777,0,1,1,0,0,1,0,0,0,0,0,0,0,0,0,0
1/1/2006,SAU,456,Saudi Arabia,34.57317,1,2006q1,2006,552,0,1,0,0,0,1,0,0,0,0,0,1,0,0,0,0
4/1/2006,SAU,456,Saudi Arabia,30.22291,1,2006q2,2006,555,0,1,0,0,0,1,0,0,0,0,0,1,0,0,0,0
7/1/2006,SAU,456,Saudi Arabia,26.82548,1,2006q3,2006,558,0,1,0,0,0,1,0,0,0,0,0,1,0,0,0,0
10/1/2006,SAU,456,Saudi Arabia,17.35574,1,2006q4,2006,561,0,1,0,0,0,1,0,0,0,0,0,1,0,0,0,0
1/1/2007,SAU,456,Saudi Arabia,21.25929,1,2007q1,2007,564,0,1,0,0,0,1,0,0,0,0,0,1,0,0,0,0
4/1/2007,SAU,456,Saudi Arabia,20.24575,1,2007q2,2007,567,0,1,0,0,0,1,0,0,0,0,0,1,0,0,0,0
7/1/2007,SAU,456,Saudi Arabia,20.53471,1,2007q3,2007,570,0,1,0,0,0,1,0,0,0,0,0,1,0,0,0,0
10/1/2007,SAU,456,Saudi Arabia,32.08143,1,2007q4,2007,573,0,1,0,0,0,1,0,0,0,0,0,1,0,0,0,0
1/1/2008,SAU,456,Saudi Arabia,28.87593,1,2008q1,2008,576,0,1,0,0,0,1,0,0,0,0,0,1,0,0,0,0
4/1/2008,SAU,456,Saudi Arabia,36.61634,1,2008q2,2008,579,0,1,0,0,0,1,0,0,0,0,0,1,0,0,0,0
7/1/2008,SAU,456,Saudi Arabia,31.39657,1,2008q3,2008,582,0,1,0,0,0,1,0,0,0,0,0,1,0,0,0,0
10/1/2008,SAU,456,Saudi Arabia,2.631804,1,2008q4,2008,585,0,1,0,0,0,1,0,0,0,0,0,1,0,0,0,0
1/1/2009,SAU,456,Saudi Arabia,-4.146154,1,2009q1,2009,588,0,1,0,0,0,1,0,0,0,0,0,1,0,0,0,0
4/1/2009,SAU,456,Saudi Arabia,1.500665,1,2009q2,2009,591,0,1,0,0,0,1,0,0,0,0,0,1,0,0,0,0
7/1/2009,SAU,456,Saudi Arabia,9.645564,1,2009q3,2009,594,0,1,0,0,0,1,0,0,0,0,0,1,0,0,0,0
10/1/2009,SAU,456,Saudi Arabia,16.59451,1,2009q4,2009,597,0,1,0,0,0,1,0,0,0,0,0,1,0,0,0,0
1/1/2010,SAU,456,Saudi Arabia,14.63087,1,2010q1,2010,600,0,1,0,0,0,1,0,0,0,0,0,1,0,0,0,0
4/1/2010,SAU,456,Saudi Arabia,10.903,1,2010q2,2010,603,0,1,0,0,0,1,0,0,0,0,0,1,0,0,0,0
7/1/2010,SAU,456,Saudi Arabia,13.28628,1,2010q3,2010,606,0,1,0,0,0,1,0,0,0,0,0,1,0,0,0,0
10/1/2010,SAU,456,Saudi Arabia,17.11943,1,2010q4,2010,609,0,1,0,0,0,1,0,0,0,0,0,1,0,0,0,0
1/1/2011,SAU,456,Saudi Arabia,23.71087,1,2011q1,2011,612,0,1,0,0,0,1,0,0,0,0,0,1,0,0,0,0
4/1/2011,SAU,456,Saudi Arabia,23.81264,1,2011q2,2011,615,0,1,0,0,0,1,0,0,0,0,0,1,0,0,0,0
7/1/2011,SAU,456,Saudi Arabia,23.30501,1,2011q3,2011,618,0,1,0,0,0,1,0,0,0,0,0,1,0,0,0,0
10/1/2011,SAU,456,Saudi Arabia,26.58611,1,2011q4,2011,621,0,1,0,0,0,1,0,0,0,0,0,1,0,0,0,0
1/1/2012,SAU,456,Saudi Arabia,26.05324,1,2012q1,2012,624,0,1,0,0,0,1,0,0,0,0,0,1,0,0,0,0
4/1/2012,SAU,456,Saudi Arabia,22.79271,1,2012q2,2012,627,0,1,0,0,0,1,0,0,0,0,0,1,0,0,0,0
7/1/2012,SAU,456,Saudi Arabia,21.75273,1,2012q3,2012,630,0,1,0,0,0,1,0,0,0,0,0,1,0,0,0,0
10/1/2012,SAU,456,Saudi Arabia,22.934,1,2012q4,2012,633,0,1,0,0,0,1,0,0,0,0,0,1,0,0,0,0
1/1/2013,SAU,456,Saudi Arabia,17.74831,1,2013q1,2013,636,0,1,0,0,0,1,0,0,0,0,0,1,0,0,0,0
4/1/2013,SAU,456,Saudi Arabia,15.8534,1,2013q2,2013,639,0,1,0,0,0,1,0,0,0,0,0,1,0,0,0,0
7/1/2013,SAU,456,Saudi Arabia,21.06165,1,2013q3,2013,642,0,1,0,0,0,1,0,0,0,0,0,1,0,0,0,0
10/1/2013,SAU,456,Saudi Arabia,21.22572,1,2013q4,2013,645,0,1,0,0,0,1,0,0,0,0,0,1,0,0,0,0
1/1/2014,SAU,456,Saudi Arabia,14.25046,1,2014q1,2014,648,0,1,0,0,0,1,0,0,0,0,0,1,0,0,0,0
4/1/2014,SAU,456,Saudi Arabia,17.16059,1,2014q2,2014,651,0,1,0,0,0,1,0,0,0,0,0,1,0,0,0,0
7/1/2014,SAU,456,Saudi Arabia,9.008127,1,2014q3,2014,654,0,1,0,0,0,1,0,0,0,0,0,1,0,0,0,0
10/1/2014,SAU,456,Saudi Arabia,0.09656017,1,2014q4,2014,657,0,1,0,0,0,1,0,0,0,0,0,1,0,0,0,0
1/1/2015,SAU,456,Saudi Arabia,-6.31444,1,2015q1,2015,660,0,1,0,0,0,1,0,0,0,0,0,1,0,0,0,0
4/1/2015,SAU,456,Saudi Arabia,-4.098681,1,2015q2,2015,663,0,1,0,0,0,1,0,0,0,0,0,1,0,0,0,0
7/1/2015,SAU,456,Saudi Arabia,-7.983694,1,2015q3,2015,666,0,1,0,0,0,1,0,0,0,0,0,1,0,0,0,0
10/1/2015,SAU,456,Saudi Arabia,-13.67795,1,2015q4,2015,669,0,1,0,0,0,1,0,0,0,0,0,1,0,0,0,0
1/1/2016,SAU,456,Saudi Arabia,-12.21755,1,2016q1,2016,672,0,1,0,0,0,1,0,0,0,0,0,1,0,0,0,0
4/1/2016,SAU,456,Saudi Arabia,-4.208772,1,2016q2,2016,675,0,1,0,0,0,1,0,0,0,0,0,1,0,0,0,0
7/1/2016,SAU,456,Saudi Arabia,2.752449,1,2016q3,2016,678,0,1,0,0,0,1,0,0,0,0,0,1,0,0,0,0
10/1/2016,SAU,456,Saudi Arabia,-1.539149,1,2016q4,2016,681,0,1,0,0,0,1,0,0,0,0,0,1,0,0,0,0
1/1/2017,SAU,456,Saudi Arabia,2.72521,1,2017q1,2017,684,0,1,0,0,0,1,0,0,0,0,0,1,0,0,0,0
4/1/2017,SAU,456,Saudi Arabia,-3.0335,1,2017q2,2017,687,0,1,0,0,0,1,0,0,0,0,0,1,0,0,0,0
7/1/2017,SAU,456,Saudi Arabia,3.219539,1,2017q3,2017,690,0,1,0,0,0,1,0,0,0,0,0,1,0,0,0,0
10/1/2017,SAU,456,Saudi Arabia,3.656724,1,2017q4,2017,693,0,1,0,0,0,1,0,0,0,0,0,1,0,0,0,0
1/1/2018,SAU,456,Saudi Arabia,4.870624,1,2018q1,2018,696,0,1,0,0,0,1,0,0,0,0,0,1,0,0,0,0
4/1/2018,SAU,456,Saudi Arabia,9.530955,1,2018q2,2018,699,0,1,0,0,0,1,0,0,0,0,0,1,0,0,0,0
7/1/2018,SAU,456,Saudi Arabia,12.23125,1,2018q3,2018,702,0,1,0,0,0,1,0,0,0,0,0,1,0,0,0,0
10/1/2018,SAU,456,Saudi Arabia,7.626067,1,2018q4,2018,705,0,1,0,0,0,1,0,0,0,0,0,1,0,0,0,0
1/1/2019,SAU,456,Saudi Arabia,6.577798,1,2019q1,2019,708,0,1,0,0,0,1,0,0,0,0,0,1,0,0,0,0
4/1/2019,SAU,456,Saudi Arabia,5.462572,1,2019q2,2019,711,0,1,0,0,0,1,0,0,0,0,0,1,0,0,0,0
7/1/2019,SAU,456,Saudi Arabia,3.478413,1,2019q3,2019,714,0,1,0,0,0,1,0,0,0,0,0,1,0,0,0,0
10/1/2019,SAU,456,Saudi Arabia,2.956244,1,2019q4,2019,717,0,1,0,0,0,1,0,0,0,0,0,1,0,0,0,0
1/1/2020,SAU,456,Saudi Arabia,-1.269359,1,2020q1,2020,720,0,1,0,0,0,1,0,0,0,0,0,1,0,0,0,0
4/1/2020,SAU,456,Saudi Arabia,-13.15238,1,2020q2,2020,723,0,1,0,0,0,1,0,0,0,0,0,1,0,0,0,0
7/1/2020,SAU,456,Saudi Arabia,-0.8559675,1,2020q3,2020,726,0,1,0,0,0,1,0,0,0,0,0,1,0,0,0,0
10/1/2020,SAU,456,Saudi Arabia,-0.2662683,1,2020q4,2020,729,0,1,0,0,0,1,0,0,0,0,0,1,0,0,0,0
1/1/2021,SAU,456,Saudi Arabia,-0.3918903,1,2021q1,2021,732,0,1,0,0,0,1,0,0,0,0,0,1,0,0,0,0
4/1/2021,SAU,456,Saudi Arabia,2.930458,1,2021q2,2021,735,0,1,0,0,0,1,0,0,0,0,0,1,0,0,0,0
7/1/2021,SAU,456,Saudi Arabia,6.660258,1,2021q3,2021,738,0,1,0,0,0,1,0,0,0,0,0,1,0,0,0,0
10/1/2021,SAU,456,Saudi Arabia,8.347781,1,2021q4,2021,741,0,1,0,0,0,1,0,0,0,0,0,1,0,0,0,0
1/1/2022,SAU,456,Saudi Arabia,15.66257,1,2022q1,2022,744,0,1,0,0,0,1,0,0,0,0,0,1,0,0,0,0
4/1/2022,SAU,456,Saudi Arabia,14.5631,1,2022q2,2022,747,0,1,0,0,0,1,0,0,0,0,0,1,0,0,0,0
7/1/2022,SAU,456,Saudi Arabia,16.5469,1,2022q3,2022,750,0,1,0,0,0,1,0,0,0,0,0,1,0,0,0,0
10/1/2022,SAU,456,Saudi Arabia,7.387929,1,2022q4,2022,753,0,1,0,0,0,1,0,0,0,0,0,1,0,0,0,0
1/1/2023,SAU,456,Saudi Arabia,5.628547,1,2023q1,2023,756,0,1,0,0,0,1,0,0,0,0,0,1,0,0,0,0
4/1/2023,SAU,456,Saudi Arabia,4.566267,1,2023q2,2023,759,0,1,0,0,0,1,0,0,0,0,0,1,0,0,0,0
7/1/2023,SAU,456,Saudi Arabia,1.869812,1,2023q3,2023,762,0,1,0,0,0,1,0,0,0,0,0,1,0,0,0,0
10/1/2023,SAU,456,Saudi Arabia,1.131293,1,2023q4,2023,765,0,1,0,0,0,1,0,0,0,0,0,1,0,0,0,0
1/1/2024,SAU,456,Saudi Arabia,2.828449,1,2024q1,2024,768,0,1,0,0,0,1,0,0,0,0,0,1,0,0,0,0
4/1/2024,SAU,456,Saudi Arabia,1.000664,1,2024q2,2024,771,0,1,0,0,0,1,0,0,0,0,0,1,0,0,0,0
7/1/2024,SAU,456,Saudi Arabia,-3.222664,1,2024q3,2024,774,0,1,0,0,0,1,0,0,0,0,0,1,0,0,0,0
10/1/2024,SAU,456,Saudi Arabia,-2.71447,1,2024q4,2024,777,0,1,0,0,0,1,0,0,0,0,0,1,0,0,0,0
1/1/1994,KHM,522,Cambodia,-2.0047918,4,1994q1,1994,408,0,1,0,1,0,0,0,0,0,0,0,0,0,0,0,0
4/1/1994,KHM,522,Cambodia,-5.3218041,4,1994q2,1994,411,0,1,0,1,0,0,0,0,0,0,0,0,0,0,0,0
7/1/1994,KHM,522,Cambodia,-8.6657091,4,1994q3,1994,414,0,1,0,1,0,0,0,0,0,0,0,0,0,0,0,0
10/1/1994,KHM,522,Cambodia,-6.7913596,4,1994q4,1994,417,0,1,0,1,0,0,0,0,0,0,0,0,0,0,0,0
1/1/1995,KHM,522,Cambodia,-7.971399,4,1995q1,1995,420,0,1,0,1,0,0,0,0,0,0,0,0,0,0,0,0
4/1/1995,KHM,522,Cambodia,-5.7146169,4,1995q2,1995,423,0,1,0,1,0,0,0,0,0,0,0,0,0,0,0,0
7/1/1995,KHM,522,Cambodia,-3.4756813,4,1995q3,1995,426,0,1,0,1,0,0,0,0,0,0,0,0,0,0,0,0
10/1/1995,KHM,522,Cambodia,-6.3734521,4,1995q4,1995,429,0,1,0,1,0,0,0,0,0,0,0,0,0,0,0,0
1/1/1996,KHM,522,Cambodia,-6.6524202,4,1996q1,1996,432,0,1,0,1,0,0,0,0,0,0,0,0,0,0,0,0
4/1/1996,KHM,522,Cambodia,-5.8344315,4,1996q2,1996,435,0,1,0,1,0,0,0,0,0,0,0,0,0,0,0,0
7/1/1996,KHM,522,Cambodia,-6.1633709,4,1996q3,1996,438,0,1,0,1,0,0,0,0,0,0,0,0,0,0,0,0
10/1/1996,KHM,522,Cambodia,-3.1987995,4,1996q4,1996,441,0,1,0,1,0,0,0,0,0,0,0,0,0,0,0,0
1/1/1997,KHM,522,Cambodia,-8.8486846,4,1997q1,1997,444,0,1,0,1,0,0,0,0,0,0,0,0,0,0,0,0
4/1/1997,KHM,522,Cambodia,-5.0023291,4,1997q2,1997,447,0,1,0,1,0,0,0,0,0,0,0,0,0,0,0,0
7/1/1997,KHM,522,Cambodia,-4.8016361,4,1997q3,1997,450,0,1,0,1,0,0,0,0,0,0,0,0,0,0,0,0
10/1/1997,KHM,522,Cambodia,-7.2374243,4,1997q4,1997,453,0,1,0,1,0,0,0,0,0,0,0,0,0,0,0,0
1/1/1998,KHM,522,Cambodia,-3.383445,4,1998q1,1998,456,0,1,0,1,0,0,0,0,0,0,0,0,0,0,0,0
4/1/1998,KHM,522,Cambodia,-6.5136774,4,1998q2,1998,459,0,1,0,1,0,0,0,0,0,0,0,0,0,0,0,0
7/1/1998,KHM,522,Cambodia,-4.9078659,4,1998q3,1998,462,0,1,0,1,0,0,0,0,0,0,0,0,0,0,0,0
10/1/1998,KHM,522,Cambodia,-8.7019215,4,1998q4,1998,465,0,1,0,1,0,0,0,0,0,0,0,0,0,0,0,0
1/1/1999,KHM,522,Cambodia,-6.127589,4,1999q1,1999,468,0,1,0,1,0,0,0,0,0,0,0,0,0,0,0,0
4/1/1999,KHM,522,Cambodia,-5.9384843,4,1999q2,1999,471,0,1,0,1,0,0,0,0,0,0,0,0,0,0,0,0
7/1/1999,KHM,522,Cambodia,-5.9933122,4,1999q3,1999,474,0,1,0,1,0,0,0,0,0,0,0,0,0,0,0,0
10/1/1999,KHM,522,Cambodia,-4.3258627,4,1999q4,1999,477,0,1,0,1,0,0,0,0,0,0,0,0,0,0,0,0
1/1/2000,KHM,522,Cambodia,-6.0071189,4,2000q1,2000,480,0,1,0,1,0,0,0,0,0,0,0,0,0,0,0,0
4/1/2000,KHM,522,Cambodia,-3.6884922,4,2000q2,2000,483,0,1,0,1,0,0,0,0,0,0,0,0,0,0,0,0
7/1/2000,KHM,522,Cambodia,-3.9611801,4,2000q3,2000,486,0,1,0,1,0,0,0,0,0,0,0,0,0,0,0,0
10/1/2000,KHM,522,Cambodia,-1.5052325,4,2000q4,2000,489,0,1,0,1,0,0,0,0,0,0,0,0,0,0,0,0
1/1/2001,KHM,522,Cambodia,-1.4219434,4,2001q1,2001,492,0,1,0,1,0,0,0,0,0,0,0,0,0,0,0,0
4/1/2001,KHM,522,Cambodia,0.98905334,4,2001q2,2001,495,0,1,0,1,0,0,0,0,0,0,0,0,0,0,0,0
7/1/2001,KHM,522,Cambodia,-3.2141921,4,2001q3,2001,498,0,1,0,1,0,0,0,0,0,0,0,0,0,0,0,0
10/1/2001,KHM,522,Cambodia,-5.4550949,4,2001q4,2001,501,0,1,0,1,0,0,0,0,0,0,0,0,0,0,0,0
1/1/2002,KHM,522,Cambodia,-2.5512533,4,2002q1,2002,504,0,1,0,1,0,0,0,0,0,0,0,0,0,0,0,0
4/1/2002,KHM,522,Cambodia,-2.5756668,4,2002q2,2002,507,0,1,0,1,0,0,0,0,0,0,0,0,0,0,0,0
7/1/2002,KHM,522,Cambodia,-2.2822612,4,2002q3,2002,510,0,1,0,1,0,0,0,0,0,0,0,0,0,0,0,0
10/1/2002,KHM,522,Cambodia,-3.4189261,4,2002q4,2002,513,0,1,0,1,0,0,0,0,0,0,0,0,0,0,0,0
1/1/2003,KHM,522,Cambodia,-4.3009585,4,2003q1,2003,516,0,1,0,1,0,0,0,0,0,0,0,0,0,0,0,0
4/1/2003,KHM,522,Cambodia,-7.8479393,4,2003q2,2003,519,0,1,0,1,0,0,0,0,0,0,0,0,0,0,0,0
7/1/2003,KHM,522,Cambodia,-4.5010741,4,2003q3,2003,522,0,1,0,1,0,0,0,0,0,0,0,0,0,0,0,0
10/1/2003,KHM,522,Cambodia,-4.6261414,4,2003q4,2003,525,0,1,0,1,0,0,0,0,0,0,0,0,0,0,0,0
1/1/2004,KHM,522,Cambodia,-4.2657082,4,2004q1,2004,528,0,1,0,1,0,0,0,0,0,0,0,0,0,0,0,0
4/1/2004,KHM,522,Cambodia,-6.1496815,4,2004q2,2004,531,0,1,0,1,0,0,0,0,0,0,0,0,0,0,0,0
7/1/2004,KHM,522,Cambodia,-2.8787486,4,2004q3,2004,534,0,1,0,1,0,0,0,0,0,0,0,0,0,0,0,0
10/1/2004,KHM,522,Cambodia,-1.6909466,4,2004q4,2004,537,0,1,0,1,0,0,0,0,0,0,0,0,0,0,0,0
1/1/2005,KHM,522,Cambodia,-6.8018215,4,2005q1,2005,540,0,1,0,1,0,0,0,0,0,0,0,0,0,0,0,0
4/1/2005,KHM,522,Cambodia,-6.5815337,4,2005q2,2005,543,0,1,0,1,0,0,0,0,0,0,0,0,0,0,0,0
7/1/2005,KHM,522,Cambodia,-3.5939761,4,2005q3,2005,546,0,1,0,1,0,0,0,0,0,0,0,0,0,0,0,0
10/1/2005,KHM,522,Cambodia,-3.6761656,4,2005q4,2005,549,0,1,0,1,0,0,0,0,0,0,0,0,0,0,0,0
1/1/2006,KHM,522,Cambodia,-3.6406499,4,2006q1,2006,552,0,1,0,1,0,0,0,0,0,0,0,0,0,0,0,0
4/1/2006,KHM,522,Cambodia,-0.1304994,4,2006q2,2006,555,0,1,0,1,0,0,0,0,0,0,0,0,0,0,0,0
7/1/2006,KHM,522,Cambodia,-4.0373075,4,2006q3,2006,558,0,1,0,1,0,0,0,0,0,0,0,0,0,0,0,0
10/1/2006,KHM,522,Cambodia,-6.7850386,4,2006q4,2006,561,0,1,0,1,0,0,0,0,0,0,0,0,0,0,0,0
1/1/2007,KHM,522,Cambodia,-2.104029,4,2007q1,2007,564,0,1,0,1,0,0,0,0,0,0,0,0,0,0,0,0
4/1/2007,KHM,522,Cambodia,-4.088147,4,2007q2,2007,567,0,1,0,1,0,0,0,0,0,0,0,0,0,0,0,0
7/1/2007,KHM,522,Cambodia,-7.5898989,4,2007q3,2007,570,0,1,0,1,0,0,0,0,0,0,0,0,0,0,0,0
10/1/2007,KHM,522,Cambodia,-9.9297864,4,2007q4,2007,573,0,1,0,1,0,0,0,0,0,0,0,0,0,0,0,0
1/1/2008,KHM,522,Cambodia,-13.318421,4,2008q1,2008,576,0,1,0,1,0,0,0,0,0,0,0,0,0,0,0,0
4/1/2008,KHM,522,Cambodia,-12.381214,4,2008q2,2008,579,0,1,0,1,0,0,0,0,0,0,0,0,0,0,0,0
7/1/2008,KHM,522,Cambodia,-10.967543,4,2008q3,2008,582,0,1,0,1,0,0,0,0,0,0,0,0,0,0,0,0
10/1/2008,KHM,522,Cambodia,-6.8115083,4,2008q4,2008,585,0,1,0,1,0,0,0,0,0,0,0,0,0,0,0,0
1/1/2009,KHM,522,Cambodia,-6.2584568,4,2009q1,2009,588,0,1,0,1,0,0,0,0,0,0,0,0,0,0,0,0
4/1/2009,KHM,522,Cambodia,-9.3731516,4,2009q2,2009,591,0,1,0,1,0,0,0,0,0,0,0,0,0,0,0,0
7/1/2009,KHM,522,Cambodia,-9.7583885,4,2009q3,2009,594,0,1,0,1,0,0,0,0,0,0,0,0,0,0,0,0
10/1/2009,KHM,522,Cambodia,-8.0200261,4,2009q4,2009,597,0,1,0,1,0,0,0,0,0,0,0,0,0,0,0,0
1/1/2010,KHM,522,Cambodia,-7.5279317,5,2010q1,2010,600,0,1,0,1,0,0,0,0,0,0,0,0,0,0,0,0
4/1/2010,KHM,522,Cambodia,-6.7802489,5,2010q2,2010,603,0,1,0,1,0,0,0,0,0,0,0,0,0,0,0,0
7/1/2010,KHM,522,Cambodia,-12.110375,5,2010q3,2010,606,0,1,0,1,0,0,0,0,0,0,0,0,0,0,0,0
10/1/2010,KHM,522,Cambodia,-8.7556747,5,2010q4,2010,609,0,1,0,1,0,0,0,0,0,0,0,0,0,0,0,0
1/1/2011,KHM,522,Cambodia,-9.4264572,5,2011q1,2011,612,0,1,0,1,0,0,0,0,0,0,0,0,0,0,0,0
4/1/2011,KHM,522,Cambodia,-9.6646178,5,2011q2,2011,615,0,1,0,1,0,0,0,0,0,0,0,0,0,0,0,0
7/1/2011,KHM,522,Cambodia,-5.5091239,5,2011q3,2011,618,0,1,0,1,0,0,0,0,0,0,0,0,0,0,0,0
10/1/2011,KHM,522,Cambodia,-7.2893525,5,2011q4,2011,621,0,1,0,1,0,0,0,0,0,0,0,0,0,0,0,0
1/1/2012,KHM,522,Cambodia,-6.0536187,5,2012q1,2012,624,0,1,0,1,0,0,0,0,0,0,0,0,0,0,0,0
4/1/2012,KHM,522,Cambodia,-6.8012519,5,2012q2,2012,627,0,1,0,1,0,0,0,0,0,0,0,0,0,0,0,0
7/1/2012,KHM,522,Cambodia,-7.3757856,5,2012q3,2012,630,0,1,0,1,0,0,0,0,0,0,0,0,0,0,0,0
10/1/2012,KHM,522,Cambodia,-14.086077,5,2012q4,2012,633,0,1,0,1,0,0,0,0,0,0,0,0,0,0,0,0
1/1/2013,KHM,522,Cambodia,-8.0781937,5,2013q1,2013,636,0,1,0,1,0,0,0,0,0,0,0,0,0,0,0,0
4/1/2013,KHM,522,Cambodia,-8.0508293,5,2013q2,2013,639,0,1,0,1,0,0,0,0,0,0,0,0,0,0,0,0
7/1/2013,KHM,522,Cambodia,-9.2818797,5,2013q3,2013,642,0,1,0,1,0,0,0,0,0,0,0,0,0,0,0,0
10/1/2013,KHM,522,Cambodia,-8.3947465,5,2013q4,2013,645,0,1,0,1,0,0,0,0,0,0,0,0,0,0,0,0
1/1/2014,KHM,522,Cambodia,-6.1199809,5,2014q1,2014,648,0,1,0,1,0,0,0,0,0,0,0,0,0,0,0,0
4/1/2014,KHM,522,Cambodia,-7.258351,5,2014q2,2014,651,0,1,0,1,0,0,0,0,0,0,0,0,0,0,0,0
7/1/2014,KHM,522,Cambodia,-13.536443,5,2014q3,2014,654,0,1,0,1,0,0,0,0,0,0,0,0,0,0,0,0
10/1/2014,KHM,522,Cambodia,-7.9543512,5,2014q4,2014,657,0,1,0,1,0,0,0,0,0,0,0,0,0,0,0,0
1/1/2015,KHM,522,Cambodia,-8.2220159,5,2015q1,2015,660,0,1,0,1,0,0,0,0,0,0,0,0,0,0,0,0
4/1/2015,KHM,522,Cambodia,-8.0367618,5,2015q2,2015,663,0,1,0,1,0,0,0,0,0,0,0,0,0,0,0,0
7/1/2015,KHM,522,Cambodia,-9.4022844,5,2015q3,2015,666,0,1,0,1,0,0,0,0,0,0,0,0,0,0,0,0
10/1/2015,KHM,522,Cambodia,-10.105404,5,2015q4,2015,669,0,1,0,1,0,0,0,0,0,0,0,0,0,0,0,0
1/1/2016,KHM,522,Cambodia,-9.0218376,5,2016q1,2016,672,0,1,0,1,0,0,0,0,0,0,0,0,0,0,0,0
4/1/2016,KHM,522,Cambodia,-8.8776476,5,2016q2,2016,675,0,1,0,1,0,0,0,0,0,0,0,0,0,0,0,0
7/1/2016,KHM,522,Cambodia,-7.9834725,5,2016q3,2016,678,0,1,0,1,0,0,0,0,0,0,0,0,0,0,0,0
10/1/2016,KHM,522,Cambodia,-9.1487344,5,2016q4,2016,681,0,1,0,1,0,0,0,0,0,0,0,0,0,0,0,0
1/1/2017,KHM,522,Cambodia,-9.1361378,5,2017q1,2017,684,0,1,0,1,0,0,0,0,0,0,0,0,0,0,0,0
4/1/2017,KHM,522,Cambodia,-3.4346889,5,2017q2,2017,687,0,1,0,1,0,0,0,0,0,0,0,0,0,0,0,0
7/1/2017,KHM,522,Cambodia,-11.026572,5,2017q3,2017,690,0,1,0,1,0,0,0,0,0,0,0,0,0,0,0,0
10/1/2017,KHM,522,Cambodia,-9.0057271,5,2017q4,2017,693,0,1,0,1,0,0,0,0,0,0,0,0,0,0,0,0
1/1/2018,KHM,522,Cambodia,-10.429955,5,2018q1,2018,696,0,1,0,1,0,0,0,0,0,0,0,0,0,0,0,0
4/1/2018,KHM,522,Cambodia,-11.35937,5,2018q2,2018,699,0,1,0,1,0,0,0,0,0,0,0,0,0,0,0,0
7/1/2018,KHM,522,Cambodia,-11.228161,5,2018q3,2018,702,0,1,0,1,0,0,0,0,0,0,0,0,0,0,0,0
10/1/2018,KHM,522,Cambodia,-13.806827,5,2018q4,2018,705,0,1,0,1,0,0,0,0,0,0,0,0,0,0,0,0
1/1/2019,KHM,522,Cambodia,-12.823931,5,2019q1,2019,708,0,1,0,1,0,0,0,0,0,0,0,0,0,0,0,0
4/1/2019,KHM,522,Cambodia,-15.2607,5,2019q2,2019,711,0,1,0,1,0,0,0,0,0,0,0,0,0,0,0,0
7/1/2019,KHM,522,Cambodia,-15.11405,5,2019q3,2019,714,0,1,0,1,0,0,0,0,0,0,0,0,0,0,0,0
10/1/2019,KHM,522,Cambodia,-16.562109,5,2019q4,2019,717,0,1,0,1,0,0,0,0,0,0,0,0,0,0,0,0
1/1/2020,KHM,522,Cambodia,-16.530858,5,2020q1,2020,720,0,1,0,1,0,0,0,0,0,0,0,0,0,0,0,0
4/1/2020,KHM,522,Cambodia,0.62983478,5,2020q2,2020,723,0,1,0,1,0,0,0,0,0,0,0,0,0,0,0,0
7/1/2020,KHM,522,Cambodia,5.4171345,5,2020q3,2020,726,0,1,0,1,0,0,0,0,0,0,0,0,0,0,0,0
10/1/2020,KHM,522,Cambodia,-23.661781,5,2020q4,2020,729,0,1,0,1,0,0,0,0,0,0,0,0,0,0,0,0
1/1/2021,KHM,522,Cambodia,-52.872343,5,2021q1,2021,732,0,1,0,1,0,0,0,0,0,0,0,0,0,0,0,0
4/1/2021,KHM,522,Cambodia,-43.071331,5,2021q2,2021,735,0,1,0,1,0,0,0,0,0,0,0,0,0,0,0,0
7/1/2021,KHM,522,Cambodia,-28.793195,5,2021q3,2021,738,0,1,0,1,0,0,0,0,0,0,0,0,0,0,0,0
10/1/2021,KHM,522,Cambodia,-58.274558,5,2021q4,2021,741,0,1,0,1,0,0,0,0,0,0,0,0,0,0,0,0
1/1/1977,LKA,524,Sri Lanka,1.741807,4,1977q1,1977,204,0,1,1,0,0,0,1,0,0,0,0,0,0,0,0,0
4/1/1977,LKA,524,Sri Lanka,4.7884488,4,1977q2,1977,207,0,1,1,0,0,0,1,0,0,0,0,0,0,0,0,0
7/1/1977,LKA,524,Sri Lanka,4.9056438,4,1977q3,1977,210,0,1,1,0,0,0,1,0,0,0,0,0,0,0,0,0
10/1/1977,LKA,524,Sri Lanka,4.6327417,4,1977q4,1977,213,0,1,1,0,0,0,1,0,0,0,0,0,0,0,0,0
1/1/1978,LKA,524,Sri Lanka,1.0775875,4,1978q1,1978,216,0,1,1,0,0,0,1,0,0,0,0,0,0,0,0,0
4/1/1978,LKA,524,Sri Lanka,-3.4209298,4,1978q2,1978,219,0,1,1,0,0,0,1,0,0,0,0,0,0,0,0,0
7/1/1978,LKA,524,Sri Lanka,-3.5975873,4,1978q3,1978,222,0,1,1,0,0,0,1,0,0,0,0,0,0,0,0,0
10/1/1978,LKA,524,Sri Lanka,-4.4365718,4,1978q4,1978,225,0,1,1,0,0,0,1,0,0,0,0,0,0,0,0,0
1/1/1979,LKA,524,Sri Lanka,-8.244356,4,1979q1,1979,228,0,1,1,0,0,0,1,0,0,0,0,0,0,0,0,0
4/1/1979,LKA,524,Sri Lanka,-6.6746684,4,1979q2,1979,231,0,1,1,0,0,0,1,0,0,0,0,0,0,0,0,0
7/1/1979,LKA,524,Sri Lanka,-5.1195171,4,1979q3,1979,234,0,1,1,0,0,0,1,0,0,0,0,0,0,0,0,0
10/1/1979,LKA,524,Sri Lanka,-9.4362639,4,1979q4,1979,237,0,1,1,0,0,0,1,0,0,0,0,0,0,0,0,0
1/1/1980,LKA,524,Sri Lanka,-21.080304,4,1980q1,1980,240,0,1,1,0,0,0,1,0,0,0,0,0,0,0,0,0
4/1/1980,LKA,524,Sri Lanka,-15.258788,4,1980q2,1980,243,0,1,1,0,0,0,1,0,0,0,0,0,0,0,0,0
7/1/1980,LKA,524,Sri Lanka,-19.200727,4,1980q3,1980,246,0,1,1,0,0,0,1,0,0,0,0,0,0,0,0,0
10/1/1980,LKA,524,Sri Lanka,-17.745458,4,1980q4,1980,249,0,1,1,0,0,0,1,0,0,0,0,0,0,0,0,0
1/1/1981,LKA,524,Sri Lanka,-14.209675,4,1981q1,1981,252,0,1,1,0,0,0,1,0,0,0,0,0,0,0,0,0
4/1/1981,LKA,524,Sri Lanka,-13.949692,4,1981q2,1981,255,0,1,1,0,0,0,1,0,0,0,0,0,0,0,0,0
7/1/1981,LKA,524,Sri Lanka,-11.765281,4,1981q3,1981,258,0,1,1,0,0,0,1,0,0,0,0,0,0,0,0,0
10/1/1981,LKA,524,Sri Lanka,-4.7742499,4,1981q4,1981,261,0,1,1,0,0,0,1,0,0,0,0,0,0,0,0,0
1/1/1982,LKA,524,Sri Lanka,-6.7658116,4,1982q1,1982,264,0,1,1,0,0,0,1,0,0,0,0,0,0,0,0,0
4/1/1982,LKA,524,Sri Lanka,-13.2686,4,1982q2,1982,267,0,1,1,0,0,0,1,0,0,0,0,0,0,0,0,0
7/1/1982,LKA,524,Sri Lanka,-18.04595,4,1982q3,1982,270,0,1,1,0,0,0,1,0,0,0,0,0,0,0,0,0
10/1/1982,LKA,524,Sri Lanka,-10.69123,4,1982q4,1982,273,0,1,1,0,0,0,1,0,0,0,0,0,0,0,0,0
1/1/1983,LKA,524,Sri Lanka,-10.051247,4,1983q1,1983,276,0,1,1,0,0,0,1,0,0,0,0,0,0,0,0,0
4/1/1983,LKA,524,Sri Lanka,-4.1548862,4,1983q2,1983,279,0,1,1,0,0,0,1,0,0,0,0,0,0,0,0,0
7/1/1983,LKA,524,Sri Lanka,-16.325696,4,1983q3,1983,282,0,1,1,0,0,0,1,0,0,0,0,0,0,0,0,0
10/1/1983,LKA,524,Sri Lanka,-9.1882793,4,1983q4,1983,285,0,1,1,0,0,0,1,0,0,0,0,0,0,0,0,0
1/1/1984,LKA,524,Sri Lanka,-2.3447643,4,1984q1,1984,288,0,1,1,0,0,0,1,0,0,0,0,0,0,0,0,0
4/1/1984,LKA,524,Sri Lanka,-0.09556649,4,1984q2,1984,291,0,1,1,0,0,0,1,0,0,0,0,0,0,0,0,0
7/1/1984,LKA,524,Sri Lanka,1.0582214,4,1984q3,1984,294,0,1,1,0,0,0,1,0,0,0,0,0,0,0,0,0
10/1/1984,LKA,524,Sri Lanka,1.1199132,4,1984q4,1984,297,0,1,1,0,0,0,1,0,0,0,0,0,0,0,0,0
1/1/1985,LKA,524,Sri Lanka,-4.4190588,4,1985q1,1985,300,0,1,1,0,0,0,1,0,0,0,0,0,0,0,0,0
4/1/1985,LKA,524,Sri Lanka,-7.2980467,4,1985q2,1985,303,0,1,1,0,0,0,1,0,0,0,0,0,0,0,0,0
7/1/1985,LKA,524,Sri Lanka,-4.0222854,4,1985q3,1985,306,0,1,1,0,0,0,1,0,0,0,0,0,0,0,0,0
10/1/1985,LKA,524,Sri Lanka,-12.794314,4,1985q4,1985,309,0,1,1,0,0,0,1,0,0,0,0,0,0,0,0,0
1/1/1986,LKA,524,Sri Lanka,-11.086166,4,1986q1,1986,312,0,1,1,0,0,0,1,0,0,0,0,0,0,0,0,0
4/1/1986,LKA,524,Sri Lanka,-7.9024447,4,1986q2,1986,315,0,1,1,0,0,0,1,0,0,0,0,0,0,0,0,0
7/1/1986,LKA,524,Sri Lanka,-5.9960877,4,1986q3,1986,318,0,1,1,0,0,0,1,0,0,0,0,0,0,0,0,0
10/1/1986,LKA,524,Sri Lanka,-2.5736578,4,1986q4,1986,321,0,1,1,0,0,0,1,0,0,0,0,0,0,0,0,0
1/1/1987,LKA,524,Sri Lanka,-5.7139207,4,1987q1,1987,324,0,1,1,0,0,0,1,0,0,0,0,0,0,0,0,0
4/1/1987,LKA,524,Sri Lanka,-4.0504721,4,1987q2,1987,327,0,1,1,0,0,0,1,0,0,0,0,0,0,0,0,0
7/1/1987,LKA,524,Sri Lanka,-6.2078404,4,1987q3,1987,330,0,1,1,0,0,0,1,0,0,0,0,0,0,0,0,0
10/1/1987,LKA,524,Sri Lanka,-4.397269,4,1987q4,1987,333,0,1,1,0,0,0,1,0,0,0,0,0,0,0,0,0
1/1/1988,LKA,524,Sri Lanka,-5.5814853,4,1988q1,1988,336,0,1,1,0,0,0,1,0,0,0,0,0,0,0,0,0
4/1/1988,LKA,524,Sri Lanka,-4.5821812,4,1988q2,1988,339,0,1,1,0,0,0,1,0,0,0,0,0,0,0,0,0
7/1/1988,LKA,524,Sri Lanka,-8.590539,4,1988q3,1988,342,0,1,1,0,0,0,1,0,0,0,0,0,0,0,0,0
10/1/1988,LKA,524,Sri Lanka,-5.0111939,4,1988q4,1988,345,0,1,1,0,0,0,1,0,0,0,0,0,0,0,0,0
1/1/1989,LKA,524,Sri Lanka,-6.1951468,4,1989q1,1989,348,0,1,1,0,0,0,1,0,0,0,0,0,0,0,0,0
4/1/1989,LKA,524,Sri Lanka,-13.413573,4,1989q2,1989,351,0,1,1,0,0,0,1,0,0,0,0,0,0,0,0,0
7/1/1989,LKA,524,Sri Lanka,3.6822064,4,1989q3,1989,354,0,1,1,0,0,0,1,0,0,0,0,0,0,0,0,0
10/1/1989,LKA,524,Sri Lanka,-8.4669537,4,1989q4,1989,357,0,1,1,0,0,0,1,0,0,0,0,0,0,0,0,0
1/1/1990,LKA,524,Sri Lanka,-0.51677132,4,1990q1,1990,360,0,1,1,0,0,0,1,0,0,0,0,0,0,0,0,0
4/1/1990,LKA,524,Sri Lanka,-4.0173875,4,1990q2,1990,363,0,1,1,0,0,0,1,0,0,0,0,0,0,0,0,0
7/1/1990,LKA,524,Sri Lanka,-3.456035,4,1990q3,1990,366,0,1,1,0,0,0,1,0,0,0,0,0,0,0,0,0
10/1/1990,LKA,524,Sri Lanka,-7.7397798,4,1990q4,1990,369,0,1,1,0,0,0,1,0,0,0,0,0,0,0,0,0
1/1/1991,LKA,524,Sri Lanka,-5.3855126,4,1991q1,1991,372,0,1,1,0,0,0,1,0,0,0,0,0,0,0,0,0
4/1/1991,LKA,524,Sri Lanka,-5.7776002,4,1991q2,1991,375,0,1,1,0,0,0,1,0,0,0,0,0,0,0,0,0
7/1/1991,LKA,524,Sri Lanka,-3.4614972,4,1991q3,1991,378,0,1,1,0,0,0,1,0,0,0,0,0,0,0,0,0
10/1/1991,LKA,524,Sri Lanka,-13.134884,4,1991q4,1991,381,0,1,1,0,0,0,1,0,0,0,0,0,0,0,0,0
1/1/1992,LKA,524,Sri Lanka,-6.4344905,4,1992q1,1992,384,0,1,1,0,0,0,1,0,0,0,0,0,0,0,0,0
4/1/1992,LKA,524,Sri Lanka,-4.9588867,4,1992q2,1992,387,0,1,1,0,0,0,1,0,0,0,0,0,0,0,0,0
7/1/1992,LKA,524,Sri Lanka,-6.643068,4,1992q3,1992,390,0,1,1,0,0,0,1,0,0,0,0,0,0,0,0,0
10/1/1992,LKA,524,Sri Lanka,-1.9263848,4,1992q4,1992,393,0,1,1,0,0,0,1,0,0,0,0,0,0,0,0,0
1/1/1993,LKA,524,Sri Lanka,-3.1554602,4,1993q1,1993,396,0,1,1,0,0,0,1,0,0,0,0,0,0,0,0,0
4/1/1993,LKA,524,Sri Lanka,-9.8853558,4,1993q2,1993,399,0,1,1,0,0,0,1,0,0,0,0,0,0,0,0,0
7/1/1993,LKA,524,Sri Lanka,-0.33069321,4,1993q3,1993,402,0,1,1,0,0,0,1,0,0,0,0,0,0,0,0,0
10/1/1993,LKA,524,Sri Lanka,-2.6702831,4,1993q4,1993,405,0,1,1,0,0,0,1,0,0,0,0,0,0,0,0,0
1/1/1994,LKA,524,Sri Lanka,-3.8696207,4,1994q1,1994,408,0,1,1,0,0,0,1,0,0,0,0,0,0,0,0,0
4/1/1994,LKA,524,Sri Lanka,-5.9805466,4,1994q2,1994,411,0,1,1,0,0,0,1,0,0,0,0,0,0,0,0,0
7/1/1994,LKA,524,Sri Lanka,-9.998611,4,1994q3,1994,414,0,1,1,0,0,0,1,0,0,0,0,0,0,0,0,0
10/1/1994,LKA,524,Sri Lanka,-7.3063033,4,1994q4,1994,417,0,1,1,0,0,0,1,0,0,0,0,0,0,0,0,0
1/1/1995,LKA,524,Sri Lanka,-7.9748145,4,1995q1,1995,420,0,1,1,0,0,0,1,0,0,0,0,0,0,0,0,0
4/1/1995,LKA,524,Sri Lanka,-5.5245098,4,1995q2,1995,423,0,1,1,0,0,0,1,0,0,0,0,0,0,0,0,0
7/1/1995,LKA,524,Sri Lanka,-7.5880127,4,1995q3,1995,426,0,1,1,0,0,0,1,0,0,0,0,0,0,0,0,0
10/1/1995,LKA,524,Sri Lanka,-4.0780353,4,1995q4,1995,429,0,1,1,0,0,0,1,0,0,0,0,0,0,0,0,0
1/1/1996,LKA,524,Sri Lanka,-4.4920495,4,1996q1,1996,432,0,1,1,0,0,0,1,0,0,0,0,0,0,0,0,0
4/1/1996,LKA,524,Sri Lanka,-3.8375935,4,1996q2,1996,435,0,1,1,0,0,0,1,0,0,0,0,0,0,0,0,0
7/1/1996,LKA,524,Sri Lanka,-5.6926509,4,1996q3,1996,438,0,1,1,0,0,0,1,0,0,0,0,0,0,0,0,0
10/1/1996,LKA,524,Sri Lanka,-6.7615125,4,1996q4,1996,441,0,1,1,0,0,0,1,0,0,0,0,0,0,0,0,0
1/1/1997,LKA,524,Sri Lanka,-7.271354,4,1997q1,1997,444,0,1,1,0,0,0,1,0,0,0,0,0,0,0,0,0
4/1/1997,LKA,524,Sri Lanka,-4.1220972,4,1997q2,1997,447,0,1,1,0,0,0,1,0,0,0,0,0,0,0,0,0
7/1/1997,LKA,524,Sri Lanka,-1.1262057,4,1997q3,1997,450,0,1,1,0,0,0,1,0,0,0,0,0,0,0,0,0
10/1/1997,LKA,524,Sri Lanka,1.0263872,4,1997q4,1997,453,0,1,1,0,0,0,1,0,0,0,0,0,0,0,0,0
1/1/1998,LKA,524,Sri Lanka,-6.0547735,4,1998q1,1998,456,0,1,1,0,0,0,1,0,0,0,0,0,0,0,0,0
4/1/1998,LKA,524,Sri Lanka,1.5054798,4,1998q2,1998,459,0,1,1,0,0,0,1,0,0,0,0,0,0,0,0,0
7/1/1998,LKA,524,Sri Lanka,-0.33876262,4,1998q3,1998,462,0,1,1,0,0,0,1,0,0,0,0,0,0,0,0,0
10/1/1998,LKA,524,Sri Lanka,0.02633288,4,1998q4,1998,465,0,1,1,0,0,0,1,0,0,0,0,0,0,0,0,0
1/1/1999,LKA,524,Sri Lanka,-1.7218879,4,1999q1,1999,468,0,1,1,0,0,0,1,0,0,0,0,0,0,0,0,0
4/1/1999,LKA,524,Sri Lanka,-0.79370493,4,1999q2,1999,471,0,1,1,0,0,0,1,0,0,0,0,0,0,0,0,0
7/1/1999,LKA,524,Sri Lanka,-2.5643423,4,1999q3,1999,474,0,1,1,0,0,0,1,0,0,0,0,0,0,0,0,0
10/1/1999,LKA,524,Sri Lanka,-9.6461434,4,1999q4,1999,477,0,1,1,0,0,0,1,0,0,0,0,0,0,0,0,0
1/1/2000,LKA,524,Sri Lanka,-7.082679,4,2000q1,2000,480,0,1,1,0,0,0,1,0,0,0,0,0,0,0,0,0
4/1/2000,LKA,524,Sri Lanka,-14.558264,4,2000q2,2000,483,0,1,1,0,0,0,1,0,0,0,0,0,0,0,0,0
7/1/2000,LKA,524,Sri Lanka,-3.1194122,4,2000q3,2000,486,0,1,1,0,0,0,1,0,0,0,0,0,0,0,0,0
10/1/2000,LKA,524,Sri Lanka,-2.7867542,4,2000q4,2000,489,0,1,1,0,0,0,1,0,0,0,0,0,0,0,0,0
1/1/2001,LKA,524,Sri Lanka,-2.6224053,4,2001q1,2001,492,0,1,1,0,0,0,1,0,0,0,0,0,0,0,0,0
4/1/2001,LKA,524,Sri Lanka,-2.6760478,4,2001q2,2001,495,0,1,1,0,0,0,1,0,0,0,0,0,0,0,0,0
7/1/2001,LKA,524,Sri Lanka,1.9605075,4,2001q3,2001,498,0,1,1,0,0,0,1,0,0,0,0,0,0,0,0,0
10/1/2001,LKA,524,Sri Lanka,-3.1535085,4,2001q4,2001,501,0,1,1,0,0,0,1,0,0,0,0,0,0,0,0,0
1/1/2002,LKA,524,Sri Lanka,-1.0975803,4,2002q1,2002,504,0,1,1,0,0,0,1,0,0,0,0,0,0,0,0,0
4/1/2002,LKA,524,Sri Lanka,-4.8897096,4,2002q2,2002,507,0,1,1,0,0,0,1,0,0,0,0,0,0,0,0,0
7/1/2002,LKA,524,Sri Lanka,2.2390564,4,2002q3,2002,510,0,1,1,0,0,0,1,0,0,0,0,0,0,0,0,0
10/1/2002,LKA,524,Sri Lanka,-2.9452127,4,2002q4,2002,513,0,1,1,0,0,0,1,0,0,0,0,0,0,0,0,0
1/1/2003,LKA,524,Sri Lanka,-0.33465116,4,2003q1,2003,516,0,1,1,0,0,0,1,0,0,0,0,0,0,0,0,0
4/1/2003,LKA,524,Sri Lanka,2.8764965,4,2003q2,2003,519,0,1,1,0,0,0,1,0,0,0,0,0,0,0,0,0
7/1/2003,LKA,524,Sri Lanka,-0.10817579,4,2003q3,2003,522,0,1,1,0,0,0,1,0,0,0,0,0,0,0,0,0
10/1/2003,LKA,524,Sri Lanka,-4.6413273,4,2003q4,2003,525,0,1,1,0,0,0,1,0,0,0,0,0,0,0,0,0
1/1/2004,LKA,524,Sri Lanka,-2.07728,4,2004q1,2004,528,0,1,1,0,0,0,1,0,0,0,0,0,0,0,0,0
4/1/2004,LKA,524,Sri Lanka,-4.1150739,4,2004q2,2004,531,0,1,1,0,0,0,1,0,0,0,0,0,0,0,0,0
7/1/2004,LKA,524,Sri Lanka,-3.5313126,4,2004q3,2004,534,0,1,1,0,0,0,1,0,0,0,0,0,0,0,0,0
10/1/2004,LKA,524,Sri Lanka,-4.2439642,4,2004q4,2004,537,0,1,1,0,0,0,1,0,0,0,0,0,0,0,0,0
1/1/2005,LKA,524,Sri Lanka,-1.1757625,4,2005q1,2005,540,0,1,1,0,0,0,1,0,0,0,0,0,0,0,0,0
4/1/2005,LKA,524,Sri Lanka,-4.0468367,4,2005q2,2005,543,0,1,1,0,0,0,1,0,0,0,0,0,0,0,0,0
7/1/2005,LKA,524,Sri Lanka,-6.8200448,4,2005q3,2005,546,0,1,1,0,0,0,1,0,0,0,0,0,0,0,0,0
10/1/2005,LKA,524,Sri Lanka,-0.92938722,4,2005q4,2005,549,0,1,1,0,0,0,1,0,0,0,0,0,0,0,0,0
1/1/2006,LKA,524,Sri Lanka,-5.8987473,4,2006q1,2006,552,0,1,1,0,0,0,1,0,0,0,0,0,0,0,0,0
4/1/2006,LKA,524,Sri Lanka,-6.1443196,4,2006q2,2006,555,0,1,1,0,0,0,1,0,0,0,0,0,0,0,0,0
7/1/2006,LKA,524,Sri Lanka,-7.6107986,4,2006q3,2006,558,0,1,1,0,0,0,1,0,0,0,0,0,0,0,0,0
10/1/2006,LKA,524,Sri Lanka,-4.747981,4,2006q4,2006,561,0,1,1,0,0,0,1,0,0,0,0,0,0,0,0,0
1/1/2007,LKA,524,Sri Lanka,-4.2693604,4,2007q1,2007,564,0,1,1,0,0,0,1,0,0,0,0,0,0,0,0,0
4/1/2007,LKA,524,Sri Lanka,-5.1380803,4,2007q2,2007,567,0,1,1,0,0,0,1,0,0,0,0,0,0,0,0,0
7/1/2007,LKA,524,Sri Lanka,-4.7157357,4,2007q3,2007,570,0,1,1,0,0,0,1,0,0,0,0,0,0,0,0,0
10/1/2007,LKA,524,Sri Lanka,-5.749822,4,2007q4,2007,573,0,1,1,0,0,0,1,0,0,0,0,0,0,0,0,0
1/1/2008,LKA,524,Sri Lanka,-8.4702359,4,2008q1,2008,576,0,1,1,0,0,0,1,0,0,0,0,0,0,0,0,0
4/1/2008,LKA,524,Sri Lanka,-10.401486,4,2008q2,2008,579,0,1,1,0,0,0,1,0,0,0,0,0,0,0,0,0
7/1/2008,LKA,524,Sri Lanka,-13.374887,4,2008q3,2008,582,0,1,1,0,0,0,1,0,0,0,0,0,0,0,0,0
10/1/2008,LKA,524,Sri Lanka,-9.8694493,4,2008q4,2008,585,0,1,1,0,0,0,1,0,0,0,0,0,0,0,0,0
1/1/2009,LKA,524,Sri Lanka,-0.89427939,4,2009q1,2009,588,0,1,1,0,0,0,1,0,0,0,0,0,0,0,0,0
4/1/2009,LKA,524,Sri Lanka,3.2424673,4,2009q2,2009,591,0,1,1,0,0,0,1,0,0,0,0,0,0,0,0,0
7/1/2009,LKA,524,Sri Lanka,0.06810144,4,2009q3,2009,594,0,1,1,0,0,0,1,0,0,0,0,0,0,0,0,0
10/1/2009,LKA,524,Sri Lanka,-5.1039801,4,2009q4,2009,597,0,1,1,0,0,0,1,0,0,0,0,0,0,0,0,0
1/1/2010,LKA,524,Sri Lanka,-5.6452476,4,2010q1,2010,600,0,1,1,0,0,0,1,0,0,0,0,0,0,0,0,0
4/1/2010,LKA,524,Sri Lanka,-1.3159956,4,2010q2,2010,603,0,1,1,0,0,0,1,0,0,0,0,0,0,0,0,0
7/1/2010,LKA,524,Sri Lanka,-3.1539283,4,2010q3,2010,606,0,1,1,0,0,0,1,0,0,0,0,0,0,0,0,0
10/1/2010,LKA,524,Sri Lanka,-2.6354466,4,2010q4,2010,609,0,1,1,0,0,0,1,0,0,0,0,0,0,0,0,0
1/1/2011,LKA,524,Sri Lanka,-2.9439561,5,2011q1,2011,612,0,1,1,0,0,0,1,0,0,0,0,0,0,0,0,0
4/1/2011,LKA,524,Sri Lanka,-4.9193614,5,2011q2,2011,615,0,1,1,0,0,0,1,0,0,0,0,0,0,0,0,0
7/1/2011,LKA,524,Sri Lanka,-10.808158,5,2011q3,2011,618,0,1,1,0,0,0,1,0,0,0,0,0,0,0,0,0
10/1/2011,LKA,524,Sri Lanka,-9.5971968,5,2011q4,2011,621,0,1,1,0,0,0,1,0,0,0,0,0,0,0,0,0
1/1/2012,LKA,524,Sri Lanka,-8.4196147,5,2012q1,2012,624,0,1,1,0,0,0,1,0,0,0,0,0,0,0,0,0
4/1/2012,LKA,524,Sri Lanka,-3.3790868,5,2012q2,2012,627,0,1,1,0,0,0,1,0,0,0,0,0,0,0,0,0
7/1/2012,LKA,524,Sri Lanka,-5.9528282,5,2012q3,2012,630,0,1,1,0,0,0,1,0,0,0,0,0,0,0,0,0
10/1/2012,LKA,524,Sri Lanka,-5.6550402,5,2012q4,2012,633,0,1,1,0,0,0,1,0,0,0,0,0,0,0,0,0
1/1/2013,LKA,524,Sri Lanka,-5.4488024,5,2013q1,2013,636,0,1,1,0,0,0,1,0,0,0,0,0,0,0,0,0
4/1/2013,LKA,524,Sri Lanka,-4.5618288,5,2013q2,2013,639,0,1,1,0,0,0,1,0,0,0,0,0,0,0,0,0
7/1/2013,LKA,524,Sri Lanka,-3.9404141,5,2013q3,2013,642,0,1,1,0,0,0,1,0,0,0,0,0,0,0,0,0
10/1/2013,LKA,524,Sri Lanka,0.32731343,5,2013q4,2013,645,0,1,1,0,0,0,1,0,0,0,0,0,0,0,0,0
1/1/2014,LKA,524,Sri Lanka,-2.0610822,5,2014q1,2014,648,0,1,1,0,0,0,1,0,0,0,0,0,0,0,0,0
4/1/2014,LKA,524,Sri Lanka,0.28839625,5,2014q2,2014,651,0,1,1,0,0,0,1,0,0,0,0,0,0,0,0,0
7/1/2014,LKA,524,Sri Lanka,-5.8802318,5,2014q3,2014,654,0,1,1,0,0,0,1,0,0,0,0,0,0,0,0,0
10/1/2014,LKA,524,Sri Lanka,-2.270835,5,2014q4,2014,657,0,1,1,0,0,0,1,0,0,0,0,0,0,0,0,0
1/1/2015,LKA,524,Sri Lanka,-1.4964302,5,2015q1,2015,660,0,1,1,0,0,0,1,0,0,0,0,0,0,0,0,0
4/1/2015,LKA,524,Sri Lanka,-2.2253301,5,2015q2,2015,663,0,1,1,0,0,0,1,0,0,0,0,0,0,0,0,0
7/1/2015,LKA,524,Sri Lanka,-3.0970212,5,2015q3,2015,666,0,1,1,0,0,0,1,0,0,0,0,0,0,0,0,0
10/1/2015,LKA,524,Sri Lanka,-2.4482553,5,2015q4,2015,669,0,1,1,0,0,0,1,0,0,0,0,0,0,0,0,0
1/1/2016,LKA,524,Sri Lanka,0.16552786,5,2016q1,2016,672,0,1,1,0,0,0,1,0,0,0,0,0,0,0,0,0
4/1/2016,LKA,524,Sri Lanka,-2.7340475,5,2016q2,2016,675,0,1,1,0,0,0,1,0,0,0,0,0,0,0,0,0
7/1/2016,LKA,524,Sri Lanka,-2.0242212,5,2016q3,2016,678,0,1,1,0,0,0,1,0,0,0,0,0,0,0,0,0
10/1/2016,LKA,524,Sri Lanka,-3.8067902,5,2016q4,2016,681,0,1,1,0,0,0,1,0,0,0,0,0,0,0,0,0
1/1/2017,LKA,524,Sri Lanka,-1.9417147,5,2017q1,2017,684,0,1,1,0,0,0,1,0,0,0,0,0,0,0,0,0
4/1/2017,LKA,524,Sri Lanka,-2.3776747,5,2017q2,2017,687,0,1,1,0,0,0,1,0,0,0,0,0,0,0,0,0
7/1/2017,LKA,524,Sri Lanka,-2.3001822,5,2017q3,2017,690,0,1,1,0,0,0,1,0,0,0,0,0,0,0,0,0
10/1/2017,LKA,524,Sri Lanka,-3.9359014,5,2017q4,2017,693,0,1,1,0,0,0,1,0,0,0,0,0,0,0,0,0
1/1/2018,LKA,524,Sri Lanka,-2.7906776,5,2018q1,2018,696,0,1,1,0,0,0,1,0,0,0,0,0,0,0,0,0
4/1/2018,LKA,524,Sri Lanka,-4.0963685,5,2018q2,2018,699,0,1,1,0,0,0,1,0,0,0,0,0,0,0,0,0
7/1/2018,LKA,524,Sri Lanka,-3.1082087,5,2018q3,2018,702,0,1,1,0,0,0,1,0,0,0,0,0,0,0,0,0
10/1/2018,LKA,524,Sri Lanka,-2.7434651,5,2018q4,2018,705,0,1,1,0,0,0,1,0,0,0,0,0,0,0,0,0
1/1/2019,LKA,524,Sri Lanka,2.0216529,5,2019q1,2019,708,0,1,1,0,0,0,1,0,0,0,0,0,0,0,0,0
4/1/2019,LKA,524,Sri Lanka,-3.2867155,5,2019q2,2019,711,0,1,1,0,0,0,1,0,0,0,0,0,0,0,0,0
7/1/2019,LKA,524,Sri Lanka,-4.1154487,5,2019q3,2019,714,0,1,1,0,0,0,1,0,0,0,0,0,0,0,0,0
10/1/2019,LKA,524,Sri Lanka,-3.4113541,5,2019q4,2019,717,0,1,1,0,0,0,1,0,0,0,0,0,0,0,0,0
1/1/2020,LKA,524,Sri Lanka,-2.2198796,5,2020q1,2020,720,0,1,1,0,0,0,1,0,0,0,0,0,0,0,0,0
4/1/2020,LKA,524,Sri Lanka,-2.5721417,5,2020q2,2020,723,0,1,1,0,0,0,1,0,0,0,0,0,0,0,0,0
7/1/2020,LKA,524,Sri Lanka,-0.15319259,5,2020q3,2020,726,0,1,1,0,0,0,1,0,0,0,0,0,0,0,0,0
10/1/2020,LKA,524,Sri Lanka,-0.44929977,5,2020q4,2020,729,0,1,1,0,0,0,1,0,0,0,0,0,0,0,0,0
1/1/2021,LKA,524,Sri Lanka,-3.022149,5,2021q1,2021,732,0,1,1,0,0,0,1,0,0,0,0,0,0,0,0,0
1/1/1981,TWA,528,Taiwan,-5.1875814,4,1981q1,1981,252,0,1,1,1,0,0,0,0,0,0,0,0,1,0,0,0
4/1/1981,TWA,528,Taiwan,-0.32757222,4,1981q2,1981,255,0,1,1,1,0,0,0,0,0,0,0,0,1,0,0,0
7/1/1981,TWA,528,Taiwan,3.8957132,4,1981q3,1981,258,0,1,1,1,0,0,0,0,0,0,0,0,1,0,0,0
10/1/1981,TWA,528,Taiwan,5.6001879,4,1981q4,1981,261,0,1,1,1,0,0,0,0,0,0,0,0,1,0,0,0
1/1/1982,TWA,528,Taiwan,4.0810607,4,1982q1,1982,264,0,1,1,1,0,0,0,0,0,0,0,0,1,0,0,0
4/1/1982,TWA,528,Taiwan,4.011143,4,1982q2,1982,267,0,1,1,1,0,0,0,0,0,0,0,0,1,0,0,0
7/1/1982,TWA,528,Taiwan,4.8821274,4,1982q3,1982,270,0,1,1,1,0,0,0,0,0,0,0,0,1,0,0,0
10/1/1982,TWA,528,Taiwan,5.5338452,4,1982q4,1982,273,0,1,1,1,0,0,0,0,0,0,0,0,1,0,0,0
1/1/1983,TWA,528,Taiwan,8.1923168,4,1983q1,1983,276,0,1,1,1,0,0,0,0,0,0,0,0,1,0,0,0
4/1/1983,TWA,528,Taiwan,9.7024221,4,1983q2,1983,279,0,1,1,1,0,0,0,0,0,0,0,0,1,0,0,0
7/1/1983,TWA,528,Taiwan,8.7930008,4,1983q3,1983,282,0,1,1,1,0,0,0,0,0,0,0,0,1,0,0,0
10/1/1983,TWA,528,Taiwan,6.1811107,4,1983q4,1983,285,0,1,1,1,0,0,0,0,0,0,0,0,1,0,0,0
1/1/1984,TWA,528,Taiwan,12.998563,4,1984q1,1984,288,0,1,1,1,0,0,0,0,0,0,0,0,1,0,0,0
4/1/1984,TWA,528,Taiwan,11.738709,4,1984q2,1984,291,0,1,1,1,0,0,0,0,0,0,0,0,1,0,0,0
7/1/1984,TWA,528,Taiwan,10.048126,4,1984q3,1984,294,0,1,1,1,0,0,0,0,0,0,0,0,1,0,0,0
10/1/1984,TWA,528,Taiwan,10.994848,4,1984q4,1984,297,0,1,1,1,0,0,0,0,0,0,0,0,1,0,0,0
1/1/1985,TWA,528,Taiwan,12.492747,4,1985q1,1985,300,0,1,1,1,0,0,0,0,0,0,0,0,1,0,0,0
4/1/1985,TWA,528,Taiwan,13.823215,4,1985q2,1985,303,0,1,1,1,0,0,0,0,0,0,0,0,1,0,0,0
7/1/1985,TWA,528,Taiwan,16.155614,4,1985q3,1985,306,0,1,1,1,0,0,0,0,0,0,0,0,1,0,0,0
10/1/1985,TWA,528,Taiwan,15.499692,4,1985q4,1985,309,0,1,1,1,0,0,0,0,0,0,0,0,1,0,0,0
1/1/1986,TWA,528,Taiwan,19.315728,4,1986q1,1986,312,0,1,1,1,0,0,0,0,0,0,0,0,1,0,0,0
4/1/1986,TWA,528,Taiwan,19.137788,4,1986q2,1986,315,0,1,1,1,0,0,0,0,0,0,0,0,1,0,0,0
7/1/1986,TWA,528,Taiwan,21.890521,4,1986q3,1986,318,0,1,1,1,0,0,0,0,0,0,0,0,1,0,0,0
10/1/1986,TWA,528,Taiwan,22.562031,4,1986q4,1986,321,0,1,1,1,0,0,0,0,0,0,0,0,1,0,0,0
1/1/1987,TWA,528,Taiwan,21.909107,4,1987q1,1987,324,0,1,1,1,0,0,0,0,0,0,0,0,1,0,0,0
4/1/1987,TWA,528,Taiwan,19.495857,4,1987q2,1987,327,0,1,1,1,0,0,0,0,0,0,0,0,1,0,0,0
7/1/1987,TWA,528,Taiwan,18.904259,4,1987q3,1987,330,0,1,1,1,0,0,0,0,0,0,0,0,1,0,0,0
10/1/1987,TWA,528,Taiwan,10.259716,4,1987q4,1987,333,0,1,1,1,0,0,0,0,0,0,0,0,1,0,0,0
1/1/1988,TWA,528,Taiwan,5.7128608,4,1988q1,1988,336,0,1,1,1,0,0,0,0,0,0,0,0,1,0,0,0
4/1/1988,TWA,528,Taiwan,10.970918,4,1988q2,1988,339,0,1,1,1,0,0,0,0,0,0,0,0,1,0,0,0
7/1/1988,TWA,528,Taiwan,7.0264937,4,1988q3,1988,342,0,1,1,1,0,0,0,0,0,0,0,0,1,0,0,0
10/1/1988,TWA,528,Taiwan,9.4563777,4,1988q4,1988,345,0,1,1,1,0,0,0,0,0,0,0,0,1,0,0,0
1/1/1989,TWA,528,Taiwan,9.2694578,4,1989q1,1989,348,0,1,1,1,0,0,0,0,0,0,0,0,1,0,0,0
4/1/1989,TWA,528,Taiwan,6.4547935,4,1989q2,1989,351,0,1,1,1,0,0,0,0,0,0,0,0,1,0,0,0
7/1/1989,TWA,528,Taiwan,8.1353622,4,1989q3,1989,354,0,1,1,1,0,0,0,0,0,0,0,0,1,0,0,0
10/1/1989,TWA,528,Taiwan,6.2271158,4,1989q4,1989,357,0,1,1,1,0,0,0,0,0,0,0,0,1,0,0,0
1/1/1990,TWA,528,Taiwan,5.3759975,4,1990q1,1990,360,0,1,1,1,0,0,0,0,0,0,0,0,1,0,0,0
4/1/1990,TWA,528,Taiwan,5.9655671,4,1990q2,1990,363,0,1,1,1,0,0,0,0,0,0,0,0,1,0,0,0
7/1/1990,TWA,528,Taiwan,8.5122924,4,1990q3,1990,366,0,1,1,1,0,0,0,0,0,0,0,0,1,0,0,0
10/1/1990,TWA,528,Taiwan,6.6059594,4,1990q4,1990,369,0,1,1,1,0,0,0,0,0,0,0,0,1,0,0,0
1/1/1991,TWA,528,Taiwan,6.4986705,4,1991q1,1991,372,0,1,1,1,0,0,0,0,0,0,0,0,1,0,0,0
4/1/1991,TWA,528,Taiwan,7.3348063,4,1991q2,1991,375,0,1,1,1,0,0,0,0,0,0,0,0,1,0,0,0
7/1/1991,TWA,528,Taiwan,5.6368357,4,1991q3,1991,378,0,1,1,1,0,0,0,0,0,0,0,0,1,0,0,0
10/1/1991,TWA,528,Taiwan,7.3282738,4,1991q4,1991,381,0,1,1,1,0,0,0,0,0,0,0,0,1,0,0,0
1/1/1992,TWA,528,Taiwan,5.5895311,4,1992q1,1992,384,0,1,1,1,0,0,0,0,0,0,0,0,1,0,0,0
4/1/1992,TWA,528,Taiwan,3.8730724,4,1992q2,1992,387,0,1,1,1,0,0,0,0,0,0,0,0,1,0,0,0
7/1/1992,TWA,528,Taiwan,2.6895282,4,1992q3,1992,390,0,1,1,1,0,0,0,0,0,0,0,0,1,0,0,0
10/1/1992,TWA,528,Taiwan,3.5012662,4,1992q4,1992,393,0,1,1,1,0,0,0,0,0,0,0,0,1,0,0,0
1/1/1993,TWA,528,Taiwan,3.7222328,4,1993q1,1993,396,0,1,1,1,0,0,0,0,0,0,0,0,1,0,0,0
4/1/1993,TWA,528,Taiwan,3.4592603,4,1993q2,1993,399,0,1,1,1,0,0,0,0,0,0,0,0,1,0,0,0
7/1/1993,TWA,528,Taiwan,2.7310781,4,1993q3,1993,402,0,1,1,1,0,0,0,0,0,0,0,0,1,0,0,0
10/1/1993,TWA,528,Taiwan,2.2841399,4,1993q4,1993,405,0,1,1,1,0,0,0,0,0,0,0,0,1,0,0,0
1/1/1994,TWA,528,Taiwan,2.1606297,4,1994q1,1994,408,0,1,1,1,0,0,0,0,0,0,0,0,1,0,0,0
4/1/1994,TWA,528,Taiwan,3.4639704,4,1994q2,1994,411,0,1,1,1,0,0,0,0,0,0,0,0,1,0,0,0
7/1/1994,TWA,528,Taiwan,2.3879062,4,1994q3,1994,414,0,1,1,1,0,0,0,0,0,0,0,0,1,0,0,0
10/1/1994,TWA,528,Taiwan,2.2077576,4,1994q4,1994,417,0,1,1,1,0,0,0,0,0,0,0,0,1,0,0,0
1/1/1995,TWA,528,Taiwan,2.5413491,4,1995q1,1995,420,0,1,1,1,0,0,0,0,0,0,0,0,1,0,0,0
4/1/1995,TWA,528,Taiwan,0.30488325,4,1995q2,1995,423,0,1,1,1,0,0,0,0,0,0,0,0,1,0,0,0
7/1/1995,TWA,528,Taiwan,1.0517884,4,1995q3,1995,426,0,1,1,1,0,0,0,0,0,0,0,0,1,0,0,0
10/1/1995,TWA,528,Taiwan,4.020648,4,1995q4,1995,429,0,1,1,1,0,0,0,0,0,0,0,0,1,0,0,0
1/1/1996,TWA,528,Taiwan,3.3695207,4,1996q1,1996,432,0,1,1,1,0,0,0,0,0,0,0,0,1,0,0,0
4/1/1996,TWA,528,Taiwan,3.5561053,4,1996q2,1996,435,0,1,1,1,0,0,0,0,0,0,0,0,1,0,0,0
7/1/1996,TWA,528,Taiwan,5.5863323,4,1996q3,1996,438,0,1,1,1,0,0,0,0,0,0,0,0,1,0,0,0
10/1/1996,TWA,528,Taiwan,2.6838653,4,1996q4,1996,441,0,1,1,1,0,0,0,0,0,0,0,0,1,0,0,0
1/1/1997,TWA,528,Taiwan,2.6937235,4,1997q1,1997,444,0,1,1,1,0,0,0,0,0,0,0,0,1,0,0,0
4/1/1997,TWA,528,Taiwan,2.2133418,4,1997q2,1997,447,0,1,1,1,0,0,0,0,0,0,0,0,1,0,0,0
7/1/1997,TWA,528,Taiwan,2.3709601,4,1997q3,1997,450,0,1,1,1,0,0,0,0,0,0,0,0,1,0,0,0
10/1/1997,TWA,528,Taiwan,2.2624905,4,1997q4,1997,453,0,1,1,1,0,0,0,0,0,0,0,0,1,0,0,0
1/1/1998,TWA,528,Taiwan,0.25352411,4,1998q1,1998,456,0,1,1,1,0,0,0,0,0,0,0,0,1,0,0,0
4/1/1998,TWA,528,Taiwan,1.7599468,4,1998q2,1998,459,0,1,1,1,0,0,0,0,0,0,0,0,1,0,0,0
7/1/1998,TWA,528,Taiwan,2.7775207,4,1998q3,1998,462,0,1,1,1,0,0,0,0,0,0,0,0,1,0,0,0
10/1/1998,TWA,528,Taiwan,0.41812046,4,1998q4,1998,465,0,1,1,1,0,0,0,0,0,0,0,0,1,0,0,0
1/1/1999,TWA,528,Taiwan,3.3429995,4,1999q1,1999,468,0,1,1,1,0,0,0,0,0,0,0,0,1,0,0,0
4/1/1999,TWA,528,Taiwan,3.6732482,4,1999q2,1999,471,0,1,1,1,0,0,0,0,0,0,0,0,1,0,0,0
7/1/1999,TWA,528,Taiwan,2.1989616,4,1999q3,1999,474,0,1,1,1,0,0,0,0,0,0,0,0,1,0,0,0
10/1/1999,TWA,528,Taiwan,1.5808703,4,1999q4,1999,477,0,1,1,1,0,0,0,0,0,0,0,0,1,0,0,0
1/1/2000,TWA,528,Taiwan,1.6378052,4,2000q1,2000,480,0,1,1,1,0,0,0,0,0,0,0,0,1,0,0,0
4/1/2000,TWA,528,Taiwan,1.9866814,4,2000q2,2000,483,0,1,1,1,0,0,0,0,0,0,0,0,1,0,0,0
7/1/2000,TWA,528,Taiwan,3.358467,4,2000q3,2000,486,0,1,1,1,0,0,0,0,0,0,0,0,1,0,0,0
10/1/2000,TWA,528,Taiwan,3.8894714,4,2000q4,2000,489,0,1,1,1,0,0,0,0,0,0,0,0,1,0,0,0
1/1/2001,TWA,528,Taiwan,4.9196011,4,2001q1,2001,492,0,1,1,1,0,0,0,0,0,0,0,0,1,0,0,0
4/1/2001,TWA,528,Taiwan,5.4641405,4,2001q2,2001,495,0,1,1,1,0,0,0,0,0,0,0,0,1,0,0,0
7/1/2001,TWA,528,Taiwan,7.1564289,4,2001q3,2001,498,0,1,1,1,0,0,0,0,0,0,0,0,1,0,0,0
10/1/2001,TWA,528,Taiwan,8.1997331,4,2001q4,2001,501,0,1,1,1,0,0,0,0,0,0,0,0,1,0,0,0
1/1/2002,TWA,528,Taiwan,9.4361108,4,2002q1,2002,504,0,1,1,1,0,0,0,0,0,0,0,0,1,0,0,0
4/1/2002,TWA,528,Taiwan,8.9588582,4,2002q2,2002,507,0,1,1,1,0,0,0,0,0,0,0,0,1,0,0,0
7/1/2002,TWA,528,Taiwan,7.5122286,4,2002q3,2002,510,0,1,1,1,0,0,0,0,0,0,0,0,1,0,0,0
10/1/2002,TWA,528,Taiwan,9.1431053,4,2002q4,2002,513,0,1,1,1,0,0,0,0,0,0,0,0,1,0,0,0
1/1/2003,TWA,528,Taiwan,9.9217684,4,2003q1,2003,516,0,1,1,1,0,0,0,0,0,0,0,0,1,0,0,0
4/1/2003,TWA,528,Taiwan,10.43368,4,2003q2,2003,519,0,1,1,1,0,0,0,0,0,0,0,0,1,0,0,0
7/1/2003,TWA,528,Taiwan,10.334535,4,2003q3,2003,522,0,1,1,1,0,0,0,0,0,0,0,0,1,0,0,0
10/1/2003,TWA,528,Taiwan,8.5343831,4,2003q4,2003,525,0,1,1,1,0,0,0,0,0,0,0,0,1,0,0,0
1/1/2004,TWA,528,Taiwan,6.7487031,4,2004q1,2004,528,0,1,1,1,0,0,0,0,0,0,0,0,1,0,0,0
4/1/2004,TWA,528,Taiwan,7.9162101,4,2004q2,2004,531,0,1,1,1,0,0,0,0,0,0,0,0,1,0,0,0
7/1/2004,TWA,528,Taiwan,8.1434243,4,2004q3,2004,534,0,1,1,1,0,0,0,0,0,0,0,0,1,0,0,0
10/1/2004,TWA,528,Taiwan,0.69559872,4,2004q4,2004,537,0,1,1,1,0,0,0,0,0,0,0,0,1,0,0,0
1/1/2005,TWA,528,Taiwan,4.3574584,4,2005q1,2005,540,0,1,1,1,0,0,0,0,0,0,0,0,1,0,0,0
4/1/2005,TWA,528,Taiwan,3.2155641,4,2005q2,2005,543,0,1,1,1,0,0,0,0,0,0,0,0,1,0,0,0
7/1/2005,TWA,528,Taiwan,3.1566874,4,2005q3,2005,546,0,1,1,1,0,0,0,0,0,0,0,0,1,0,0,0
10/1/2005,TWA,528,Taiwan,8.3249169,4,2005q4,2005,549,0,1,1,1,0,0,0,0,0,0,0,0,1,0,0,0
1/1/2006,TWA,528,Taiwan,5.5441946,4,2006q1,2006,552,0,1,1,1,0,0,0,0,0,0,0,0,1,0,0,0
4/1/2006,TWA,528,Taiwan,6.3333696,4,2006q2,2006,555,0,1,1,1,0,0,0,0,0,0,0,0,1,0,0,0
7/1/2006,TWA,528,Taiwan,8.8089641,4,2006q3,2006,558,0,1,1,1,0,0,0,0,0,0,0,0,1,0,0,0
10/1/2006,TWA,528,Taiwan,7.2395938,4,2006q4,2006,561,0,1,1,1,0,0,0,0,0,0,0,0,1,0,0,0
1/1/2007,TWA,528,Taiwan,9.5985403,4,2007q1,2007,564,0,1,1,1,0,0,0,0,0,0,0,0,1,0,0,0
4/1/2007,TWA,528,Taiwan,7.7649891,4,2007q2,2007,567,0,1,1,1,0,0,0,0,0,0,0,0,1,0,0,0
7/1/2007,TWA,528,Taiwan,8.8447542,4,2007q3,2007,570,0,1,1,1,0,0,0,0,0,0,0,0,1,0,0,0
10/1/2007,TWA,528,Taiwan,9.5296181,4,2007q4,2007,573,0,1,1,1,0,0,0,0,0,0,0,0,1,0,0,0
1/1/2008,TWA,528,Taiwan,7.9520011,4,2008q1,2008,576,0,1,1,1,0,0,0,0,0,0,0,0,1,0,0,0
4/1/2008,TWA,528,Taiwan,7.8610096,4,2008q2,2008,579,0,1,1,1,0,0,0,0,0,0,0,0,1,0,0,0
7/1/2008,TWA,528,Taiwan,4.8253749,4,2008q3,2008,582,0,1,1,1,0,0,0,0,0,0,0,0,1,0,0,0
10/1/2008,TWA,528,Taiwan,7.010769,4,2008q4,2008,585,0,1,1,1,0,0,0,0,0,0,0,0,1,0,0,0
1/1/2009,TWA,528,Taiwan,13.883169,4,2009q1,2009,588,0,1,1,1,0,0,0,0,0,0,0,0,1,0,0,0
4/1/2009,TWA,528,Taiwan,11.707048,4,2009q2,2009,591,0,1,1,1,0,0,0,0,0,0,0,0,1,0,0,0
7/1/2009,TWA,528,Taiwan,10.395833,4,2009q3,2009,594,0,1,1,1,0,0,0,0,0,0,0,0,1,0,0,0
10/1/2009,TWA,528,Taiwan,9.9233117,4,2009q4,2009,597,0,1,1,1,0,0,0,0,0,0,0,0,1,0,0,0
1/1/2010,TWA,528,Taiwan,9.0697093,4,2010q1,2010,600,0,1,1,1,0,0,0,0,0,0,0,0,1,0,0,0
4/1/2010,TWA,528,Taiwan,10.88639,4,2010q2,2010,603,0,1,1,1,0,0,0,0,0,0,0,0,1,0,0,0
7/1/2010,TWA,528,Taiwan,10.223346,4,2010q3,2010,606,0,1,1,1,0,0,0,0,0,0,0,0,1,0,0,0
10/1/2010,TWA,528,Taiwan,7.1727867,4,2010q4,2010,609,0,1,1,1,0,0,0,0,0,0,0,0,1,0,0,0
1/1/2011,TWA,528,Taiwan,8.3383302,4,2011q1,2011,612,0,1,1,1,0,0,0,0,0,0,0,0,1,0,0,0
4/1/2011,TWA,528,Taiwan,6.7467284,5,2011q2,2011,615,0,1,1,1,0,0,0,0,0,0,0,0,1,0,0,0
7/1/2011,TWA,528,Taiwan,8.5180943,5,2011q3,2011,618,0,1,1,1,0,0,0,0,0,0,0,0,1,0,0,0
10/1/2011,TWA,528,Taiwan,8.3500769,5,2011q4,2011,621,0,1,1,1,0,0,0,0,0,0,0,0,1,0,0,0
1/1/2012,TWA,528,Taiwan,7.2252783,5,2012q1,2012,624,0,1,1,1,0,0,0,0,0,0,0,0,1,0,0,0
4/1/2012,TWA,528,Taiwan,7.8501785,5,2012q2,2012,627,0,1,1,1,0,0,0,0,0,0,0,0,1,0,0,0
7/1/2012,TWA,528,Taiwan,9.3262391,5,2012q3,2012,630,0,1,1,1,0,0,0,0,0,0,0,0,1,0,0,0
10/1/2012,TWA,528,Taiwan,10.050004,5,2012q4,2012,633,0,1,1,1,0,0,0,0,0,0,0,0,1,0,0,0
1/1/2013,TWA,528,Taiwan,7.2372829,5,2013q1,2013,636,0,1,1,1,0,0,0,0,0,0,0,0,1,0,0,0
4/1/2013,TWA,528,Taiwan,10.094369,5,2013q2,2013,639,0,1,1,1,0,0,0,0,0,0,0,0,1,0,0,0
7/1/2013,TWA,528,Taiwan,11.075587,5,2013q3,2013,642,0,1,1,1,0,0,0,0,0,0,0,0,1,0,0,0
10/1/2013,TWA,528,Taiwan,10.417505,5,2013q4,2013,645,0,1,1,1,0,0,0,0,0,0,0,0,1,0,0,0
1/1/2014,TWA,528,Taiwan,9.8010023,5,2014q1,2014,648,0,1,1,1,0,0,0,0,0,0,0,0,1,0,0,0
4/1/2014,TWA,528,Taiwan,12.09134,5,2014q2,2014,651,0,1,1,1,0,0,0,0,0,0,0,0,1,0,0,0
7/1/2014,TWA,528,Taiwan,11.232853,5,2014q3,2014,654,0,1,1,1,0,0,0,0,0,0,0,0,1,0,0,0
10/1/2014,TWA,528,Taiwan,12.134252,5,2014q4,2014,657,0,1,1,1,0,0,0,0,0,0,0,0,1,0,0,0
1/1/2015,TWA,528,Taiwan,15.929845,5,2015q1,2015,660,0,1,1,1,0,0,0,0,0,0,0,0,1,0,0,0
4/1/2015,TWA,528,Taiwan,12.123674,5,2015q2,2015,663,0,1,1,1,0,0,0,0,0,0,0,0,1,0,0,0
7/1/2015,TWA,528,Taiwan,12.977477,5,2015q3,2015,666,0,1,1,1,0,0,0,0,0,0,0,0,1,0,0,0
10/1/2015,TWA,528,Taiwan,13.252186,5,2015q4,2015,669,0,1,1,1,0,0,0,0,0,0,0,0,1,0,0,0
1/1/2016,TWA,528,Taiwan,14.978678,5,2016q1,2016,672,0,1,1,1,0,0,0,0,0,0,0,0,1,0,0,0
4/1/2016,TWA,528,Taiwan,13.592303,5,2016q2,2016,675,0,1,1,1,0,0,0,0,0,0,0,0,1,0,0,0
7/1/2016,TWA,528,Taiwan,11.290488,5,2016q3,2016,678,0,1,1,1,0,0,0,0,0,0,0,0,1,0,0,0
10/1/2016,TWA,528,Taiwan,12.645086,5,2016q4,2016,681,0,1,1,1,0,0,0,0,0,0,0,0,1,0,0,0
1/1/2017,TWA,528,Taiwan,13.212765,5,2017q1,2017,684,0,1,1,1,0,0,0,0,0,0,0,0,1,0,0,0
4/1/2017,TWA,528,Taiwan,12.467134,5,2017q2,2017,687,0,1,1,1,0,0,0,0,0,0,0,0,1,0,0,0
7/1/2017,TWA,528,Taiwan,13.352753,5,2017q3,2017,690,0,1,1,1,0,0,0,0,0,0,0,0,1,0,0,0
10/1/2017,TWA,528,Taiwan,17.091961,5,2017q4,2017,693,0,1,1,1,0,0,0,0,0,0,0,0,1,0,0,0
1/1/2018,TWA,528,Taiwan,13.481407,5,2018q1,2018,696,0,1,1,1,0,0,0,0,0,0,0,0,1,0,0,0
4/1/2018,TWA,528,Taiwan,11.797946,5,2018q2,2018,699,0,1,1,1,0,0,0,0,0,0,0,0,1,0,0,0
7/1/2018,TWA,528,Taiwan,8.7235721,5,2018q3,2018,702,0,1,1,1,0,0,0,0,0,0,0,0,1,0,0,0
10/1/2018,TWA,528,Taiwan,12.345822,5,2018q4,2018,705,0,1,1,1,0,0,0,0,0,0,0,0,1,0,0,0
1/1/2019,TWA,528,Taiwan,10.851939,5,2019q1,2019,708,0,1,1,1,0,0,0,0,0,0,0,0,1,0,0,0
4/1/2019,TWA,528,Taiwan,11.809586,5,2019q2,2019,711,0,1,1,1,0,0,0,0,0,0,0,0,1,0,0,0
7/1/2019,TWA,528,Taiwan,10.224738,5,2019q3,2019,714,0,1,1,1,0,0,0,0,0,0,0,0,1,0,0,0
10/1/2019,TWA,528,Taiwan,9.694229,5,2019q4,2019,717,0,1,1,1,0,0,0,0,0,0,0,0,1,0,0,0
1/1/1999,HKG,532,Hong Kong,3.947914,4,1999q1,1999,468,0,1,1,1,0,0,0,0,0,0,0,0,1,1,0,0
4/1/1999,HKG,532,Hong Kong,8.3705068,4,1999q2,1999,471,0,1,1,1,0,0,0,0,0,0,0,0,1,1,0,0
7/1/1999,HKG,532,Hong Kong,5.7948593,4,1999q3,1999,474,0,1,1,1,0,0,0,0,0,0,0,0,1,1,0,0
10/1/1999,HKG,532,Hong Kong,6.5755283,4,1999q4,1999,477,0,1,1,1,0,0,0,0,0,0,0,0,1,1,0,0
1/1/2000,HKG,532,Hong Kong,3.5952731,4,2000q1,2000,480,0,1,1,1,0,0,0,0,0,0,0,0,1,1,0,0
4/1/2000,HKG,532,Hong Kong,7.7323323,4,2000q2,2000,483,0,1,1,1,0,0,0,0,0,0,0,0,1,1,0,0
7/1/2000,HKG,532,Hong Kong,3.0765343,4,2000q3,2000,486,0,1,1,1,0,0,0,0,0,0,0,0,1,1,0,0
10/1/2000,HKG,532,Hong Kong,2.0557519,4,2000q4,2000,489,0,1,1,1,0,0,0,0,0,0,0,0,1,1,0,0
1/1/2001,HKG,532,Hong Kong,3.7442254,4,2001q1,2001,492,0,1,1,1,0,0,0,0,0,0,0,0,1,1,0,0
4/1/2001,HKG,532,Hong Kong,5.2585079,4,2001q2,2001,495,0,1,1,1,0,0,0,0,0,0,0,0,1,1,0,0
7/1/2001,HKG,532,Hong Kong,6.2301044,4,2001q3,2001,498,0,1,1,1,0,0,0,0,0,0,0,0,1,1,0,0
10/1/2001,HKG,532,Hong Kong,7.8946134,4,2001q4,2001,501,0,1,1,1,0,0,0,0,0,0,0,0,1,1,0,0
1/1/2002,HKG,532,Hong Kong,5.8251641,4,2002q1,2002,504,0,1,1,1,0,0,0,0,0,0,0,0,1,1,0,0
4/1/2002,HKG,532,Hong Kong,7.2263505,4,2002q2,2002,507,0,1,1,1,0,0,0,0,0,0,0,0,1,1,0,0
7/1/2002,HKG,532,Hong Kong,6.9813962,4,2002q3,2002,510,0,1,1,1,0,0,0,0,0,0,0,0,1,1,0,0
10/1/2002,HKG,532,Hong Kong,9.8051116,4,2002q4,2002,513,0,1,1,1,0,0,0,0,0,0,0,0,1,1,0,0
1/1/2003,HKG,532,Hong Kong,12.721744,4,2003q1,2003,516,0,1,1,1,0,0,0,0,0,0,0,0,1,1,0,0
4/1/2003,HKG,532,Hong Kong,9.6196064,4,2003q2,2003,519,0,1,1,1,0,0,0,0,0,0,0,0,1,1,0,0
7/1/2003,HKG,532,Hong Kong,10.917855,4,2003q3,2003,522,0,1,1,1,0,0,0,0,0,0,0,0,1,1,0,0
10/1/2003,HKG,532,Hong Kong,7.9535117,4,2003q4,2003,525,0,1,1,1,0,0,0,0,0,0,0,0,1,1,0,0
1/1/2004,HKG,532,Hong Kong,3.3932951,4,2004q1,2004,528,0,1,1,1,0,0,0,0,0,0,0,0,1,1,0,0
4/1/2004,HKG,532,Hong Kong,5.6985271,4,2004q2,2004,531,0,1,1,1,0,0,0,0,0,0,0,0,1,1,0,0
7/1/2004,HKG,532,Hong Kong,12.877061,4,2004q3,2004,534,0,1,1,1,0,0,0,0,0,0,0,0,1,1,0,0
10/1/2004,HKG,532,Hong Kong,14.804284,4,2004q4,2004,537,0,1,1,1,0,0,0,0,0,0,0,0,1,1,0,0
1/1/2005,HKG,532,Hong Kong,13.018767,4,2005q1,2005,540,0,1,1,1,0,0,0,0,0,0,0,0,1,1,0,0
4/1/2005,HKG,532,Hong Kong,14.847123,4,2005q2,2005,543,0,1,1,1,0,0,0,0,0,0,0,0,1,1,0,0
7/1/2005,HKG,532,Hong Kong,7.2792596,4,2005q3,2005,546,0,1,1,1,0,0,0,0,0,0,0,0,1,1,0,0
10/1/2005,HKG,532,Hong Kong,10.348863,4,2005q4,2005,549,0,1,1,1,0,0,0,0,0,0,0,0,1,1,0,0
1/1/2006,HKG,532,Hong Kong,12.702934,4,2006q1,2006,552,0,1,1,1,0,0,0,0,0,0,0,0,1,1,0,0
4/1/2006,HKG,532,Hong Kong,9.7188043,4,2006q2,2006,555,0,1,1,1,0,0,0,0,0,0,0,0,1,1,0,0
7/1/2006,HKG,532,Hong Kong,13.325444,4,2006q3,2006,558,0,1,1,1,0,0,0,0,0,0,0,0,1,1,0,0
10/1/2006,HKG,532,Hong Kong,12.061646,4,2006q4,2006,561,0,1,1,1,0,0,0,0,0,0,0,0,1,1,0,0
1/1/2007,HKG,532,Hong Kong,17.719512,4,2007q1,2007,564,0,1,1,1,0,0,0,0,0,0,0,0,1,1,0,0
4/1/2007,HKG,532,Hong Kong,11.106675,4,2007q2,2007,567,0,1,1,1,0,0,0,0,0,0,0,0,1,1,0,0
7/1/2007,HKG,532,Hong Kong,11.851971,4,2007q3,2007,570,0,1,1,1,0,0,0,0,0,0,0,0,1,1,0,0
10/1/2007,HKG,532,Hong Kong,8.8264186,4,2007q4,2007,573,0,1,1,1,0,0,0,0,0,0,0,0,1,1,0,0
1/1/2008,HKG,532,Hong Kong,11.097756,4,2008q1,2008,576,0,1,1,1,0,0,0,0,0,0,0,0,1,1,0,0
4/1/2008,HKG,532,Hong Kong,10.29812,4,2008q2,2008,579,0,1,1,1,0,0,0,0,0,0,0,0,1,1,0,0
7/1/2008,HKG,532,Hong Kong,14.680669,4,2008q3,2008,582,0,1,1,1,0,0,0,0,0,0,0,0,1,1,0,0
10/1/2008,HKG,532,Hong Kong,17.995251,4,2008q4,2008,585,0,1,1,1,0,0,0,0,0,0,0,0,1,1,0,0
1/1/2009,HKG,532,Hong Kong,13.713059,4,2009q1,2009,588,0,1,1,1,0,0,0,0,0,0,0,0,1,1,0,0
4/1/2009,HKG,532,Hong Kong,15.514662,4,2009q2,2009,591,0,1,1,1,0,0,0,0,0,0,0,0,1,1,0,0
7/1/2009,HKG,532,Hong Kong,0.75133414,4,2009q3,2009,594,0,1,1,1,0,0,0,0,0,0,0,0,1,1,0,0
10/1/2009,HKG,532,Hong Kong,5.0403687,4,2009q4,2009,597,0,1,1,1,0,0,0,0,0,0,0,0,1,1,0,0
1/1/2010,HKG,532,Hong Kong,7.4786971,4,2010q1,2010,600,0,1,1,1,0,0,0,0,0,0,0,0,1,1,0,0
4/1/2010,HKG,532,Hong Kong,6.4921237,4,2010q2,2010,603,0,1,1,1,0,0,0,0,0,0,0,0,1,1,0,0
7/1/2010,HKG,532,Hong Kong,6.8771851,4,2010q3,2010,606,0,1,1,1,0,0,0,0,0,0,0,0,1,1,0,0
10/1/2010,HKG,532,Hong Kong,3.7459847,4,2010q4,2010,609,0,1,1,1,0,0,0,0,0,0,0,0,1,1,0,0
1/1/2011,HKG,532,Hong Kong,9.0251034,4,2011q1,2011,612,0,1,1,1,0,0,0,0,0,0,0,0,1,1,0,0
4/1/2011,HKG,532,Hong Kong,6.2005129,5,2011q2,2011,615,0,1,1,1,0,0,0,0,0,0,0,0,1,1,0,0
7/1/2011,HKG,532,Hong Kong,2.6551321,5,2011q3,2011,618,0,1,1,1,0,0,0,0,0,0,0,0,1,1,0,0
10/1/2011,HKG,532,Hong Kong,3.0647176,5,2011q4,2011,621,0,1,1,1,0,0,0,0,0,0,0,0,1,1,0,0
1/1/2012,HKG,532,Hong Kong,1.41253,5,2012q1,2012,624,0,1,1,1,0,0,0,0,0,0,0,0,1,1,0,0
4/1/2012,HKG,532,Hong Kong,2.5251898,5,2012q2,2012,627,0,1,1,1,0,0,0,0,0,0,0,0,1,1,0,0
7/1/2012,HKG,532,Hong Kong,1.2542281,5,2012q3,2012,630,0,1,1,1,0,0,0,0,0,0,0,0,1,1,0,0
10/1/2012,HKG,532,Hong Kong,1.0747882,5,2012q4,2012,633,0,1,1,1,0,0,0,0,0,0,0,0,1,1,0,0
1/1/2013,HKG,532,Hong Kong,-0.30079545,5,2013q1,2013,636,0,1,1,1,0,0,0,0,0,0,0,0,1,1,0,0
4/1/2013,HKG,532,Hong Kong,-0.06746749,5,2013q2,2013,639,0,1,1,1,0,0,0,0,0,0,0,0,1,1,0,0
7/1/2013,HKG,532,Hong Kong,2.3499954,5,2013q3,2013,642,0,1,1,1,0,0,0,0,0,0,0,0,1,1,0,0
10/1/2013,HKG,532,Hong Kong,3.927518,5,2013q4,2013,645,0,1,1,1,0,0,0,0,0,0,0,0,1,1,0,0
1/1/2014,HKG,532,Hong Kong,1.05786,5,2014q1,2014,648,0,1,1,1,0,0,0,0,0,0,0,0,1,1,0,0
4/1/2014,HKG,532,Hong Kong,-1.6496235,5,2014q2,2014,651,0,1,1,1,0,0,0,0,0,0,0,0,1,1,0,0
7/1/2014,HKG,532,Hong Kong,2.8782926,5,2014q3,2014,654,0,1,1,1,0,0,0,0,0,0,0,0,1,1,0,0
10/1/2014,HKG,532,Hong Kong,3.2392434,5,2014q4,2014,657,0,1,1,1,0,0,0,0,0,0,0,0,1,1,0,0
1/1/2015,HKG,532,Hong Kong,1.3614962,5,2015q1,2015,660,0,1,1,1,0,0,0,0,0,0,0,0,1,1,0,0
4/1/2015,HKG,532,Hong Kong,3.1946318,5,2015q2,2015,663,0,1,1,1,0,0,0,0,0,0,0,0,1,1,0,0
7/1/2015,HKG,532,Hong Kong,4.9281141,5,2015q3,2015,666,0,1,1,1,0,0,0,0,0,0,0,0,1,1,0,0
10/1/2015,HKG,532,Hong Kong,3.8438304,5,2015q4,2015,669,0,1,1,1,0,0,0,0,0,0,0,0,1,1,0,0
1/1/2016,HKG,532,Hong Kong,5.3135911,5,2016q1,2016,672,0,1,1,1,0,0,0,0,0,0,0,0,1,1,0,0
4/1/2016,HKG,532,Hong Kong,4.6786706,5,2016q2,2016,675,0,1,1,1,0,0,0,0,0,0,0,0,1,1,0,0
7/1/2016,HKG,532,Hong Kong,2.7500293,5,2016q3,2016,678,0,1,1,1,0,0,0,0,0,0,0,0,1,1,0,0
10/1/2016,HKG,532,Hong Kong,3.2246497,5,2016q4,2016,681,0,1,1,1,0,0,0,0,0,0,0,0,1,1,0,0
1/1/2017,HKG,532,Hong Kong,4.2771102,5,2017q1,2017,684,0,1,1,1,0,0,0,0,0,0,0,0,1,1,0,0
4/1/2017,HKG,532,Hong Kong,5.8578217,5,2017q2,2017,687,0,1,1,1,0,0,0,0,0,0,0,0,1,1,0,0
7/1/2017,HKG,532,Hong Kong,5.4027998,5,2017q3,2017,690,0,1,1,1,0,0,0,0,0,0,0,0,1,1,0,0
10/1/2017,HKG,532,Hong Kong,2.8464789,5,2017q4,2017,693,0,1,1,1,0,0,0,0,0,0,0,0,1,1,0,0
1/1/2018,HKG,532,Hong Kong,2.6767012,5,2018q1,2018,696,0,1,1,1,0,0,0,0,0,0,0,0,1,1,0,0
4/1/2018,HKG,532,Hong Kong,3.9551824,5,2018q2,2018,699,0,1,1,1,0,0,0,0,0,0,0,0,1,1,0,0
7/1/2018,HKG,532,Hong Kong,3.3771097,5,2018q3,2018,702,0,1,1,1,0,0,0,0,0,0,0,0,1,1,0,0
10/1/2018,HKG,532,Hong Kong,4.9566933,5,2018q4,2018,705,0,1,1,1,0,0,0,0,0,0,0,0,1,1,0,0
1/1/2019,HKG,532,Hong Kong,4.3513224,5,2019q1,2019,708,0,1,1,1,0,0,0,0,0,0,0,0,1,1,0,0
4/1/2019,HKG,532,Hong Kong,6.2105686,5,2019q2,2019,711,0,1,1,1,0,0,0,0,0,0,0,0,1,1,0,0
7/1/2019,HKG,532,Hong Kong,6.4899525,5,2019q3,2019,714,0,1,1,1,0,0,0,0,0,0,0,0,1,1,0,0
10/1/2019,HKG,532,Hong Kong,6.2275045,5,2019q4,2019,717,0,1,1,1,0,0,0,0,0,0,0,0,1,1,0,0
1/1/2020,HKG,532,Hong Kong,0.02659982,5,2020q1,2020,720,0,1,1,1,0,0,0,0,0,0,0,0,1,1,0,0
1/1/1960,IND,534,India,-2.0394402,4,1960q1,1960,0,0,1,1,0,0,0,1,0,0,0,0,0,1,0,0,0
4/1/1960,IND,534,India,-2.3316656,4,1960q2,1960,3,0,1,1,0,0,0,1,0,0,0,0,0,1,0,0,0
7/1/1960,IND,534,India,-2.4800987,4,1960q3,1960,6,0,1,1,0,0,0,1,0,0,0,0,0,1,0,0,0
10/1/1960,IND,534,India,-2.215473,4,1960q4,1960,9,0,1,1,0,0,0,1,0,0,0,0,0,1,0,0,0
1/1/1961,IND,534,India,-2.8617814,4,1961q1,1961,12,0,1,1,0,0,0,1,0,0,0,0,0,1,0,0,0
4/1/1961,IND,534,India,-1.7572516,4,1961q2,1961,15,0,1,1,0,0,0,1,0,0,0,0,0,1,0,0,0
7/1/1961,IND,534,India,-2.1179869,4,1961q3,1961,18,0,1,1,0,0,0,1,0,0,0,0,0,1,0,0,0
10/1/1961,IND,534,India,-1.1959179,4,1961q4,1961,21,0,1,1,0,0,0,1,0,0,0,0,0,1,0,0,0
1/1/1962,IND,534,India,-2.1169088,4,1962q1,1962,24,0,1,1,0,0,0,1,0,0,0,0,0,1,0,0,0
4/1/1962,IND,534,India,-2.2904574,4,1962q2,1962,27,0,1,1,0,0,0,1,0,0,0,0,0,1,0,0,0
7/1/1962,IND,534,India,-1.868658,4,1962q3,1962,30,0,1,1,0,0,0,1,0,0,0,0,0,1,0,0,0
10/1/1962,IND,534,India,-1.9543873,4,1962q4,1962,33,0,1,1,0,0,0,1,0,0,0,0,0,1,0,0,0
1/1/1963,IND,534,India,-1.6735946,4,1963q1,1963,36,0,1,1,0,0,0,1,0,0,0,0,0,1,0,0,0
4/1/1963,IND,534,India,-1.8767346,4,1963q2,1963,39,0,1,1,0,0,0,1,0,0,0,0,0,1,0,0,0
7/1/1963,IND,534,India,-1.5113705,4,1963q3,1963,42,0,1,1,0,0,0,1,0,0,0,0,0,1,0,0,0
10/1/1963,IND,534,India,-1.3112767,4,1963q4,1963,45,0,1,1,0,0,0,1,0,0,0,0,0,1,0,0,0
1/1/1964,IND,534,India,-2.0507691,4,1964q1,1964,48,0,1,1,0,0,0,1,0,0,0,0,0,1,0,0,0
4/1/1964,IND,534,India,-1.3169281,4,1964q2,1964,51,0,1,1,0,0,0,1,0,0,0,0,0,1,0,0,0
7/1/1964,IND,534,India,-1.3165378,4,1964q3,1964,54,0,1,1,0,0,0,1,0,0,0,0,0,1,0,0,0
10/1/1964,IND,534,India,-2.7977133,4,1964q4,1964,57,0,1,1,0,0,0,1,0,0,0,0,0,1,0,0,0
1/1/1965,IND,534,India,-2.2920758,4,1965q1,1965,60,0,1,1,0,0,0,1,0,0,0,0,0,1,0,0,0
4/1/1965,IND,534,India,-2.3554322,4,1965q2,1965,63,0,1,1,0,0,0,1,0,0,0,0,0,1,0,0,0
7/1/1965,IND,534,India,-2.5976574,4,1965q3,1965,66,0,1,1,0,0,0,1,0,0,0,0,0,1,0,0,0
10/1/1965,IND,534,India,-2.740594,4,1965q4,1965,69,0,1,1,0,0,0,1,0,0,0,0,0,1,0,0,0
1/1/1966,IND,534,India,-0.25148255,4,1966q1,1966,72,0,1,1,0,0,0,1,0,0,0,0,0,1,0,0,0
4/1/1966,IND,534,India,-3.5713217,4,1966q2,1966,75,0,1,1,0,0,0,1,0,0,0,0,0,1,0,0,0
7/1/1966,IND,534,India,-3.0739758,4,1966q3,1966,78,0,1,1,0,0,0,1,0,0,0,0,0,1,0,0,0
10/1/1966,IND,534,India,-3.1166488,4,1966q4,1966,81,0,1,1,0,0,0,1,0,0,0,0,0,1,0,0,0
1/1/1967,IND,534,India,-2.9029263,4,1967q1,1967,84,0,1,1,0,0,0,1,0,0,0,0,0,1,0,0,0
4/1/1967,IND,534,India,-2.921193,4,1967q2,1967,87,0,1,1,0,0,0,1,0,0,0,0,0,1,0,0,0
7/1/1967,IND,534,India,-2.7228,4,1967q3,1967,90,0,1,1,0,0,0,1,0,0,0,0,0,1,0,0,0
10/1/1967,IND,534,India,-1.8709251,4,1967q4,1967,93,0,1,1,0,0,0,1,0,0,0,0,0,1,0,0,0
1/1/1968,IND,534,India,-2.0951304,4,1968q1,1968,96,0,1,1,0,0,0,1,0,0,0,0,0,1,0,0,0
4/1/1968,IND,534,India,-1.9242031,4,1968q2,1968,99,0,1,1,0,0,0,1,0,0,0,0,0,1,0,0,0
7/1/1968,IND,534,India,-0.95748704,4,1968q3,1968,102,0,1,1,0,0,0,1,0,0,0,0,0,1,0,0,0
10/1/1968,IND,534,India,-1.1544217,4,1968q4,1968,105,0,1,1,0,0,0,1,0,0,0,0,0,1,0,0,0
1/1/1969,IND,534,India,-0.49841021,4,1969q1,1969,108,0,1,1,0,0,0,1,0,0,0,0,0,1,0,0,0
4/1/1969,IND,534,India,-0.03772426,4,1969q2,1969,111,0,1,1,0,0,0,1,0,0,0,0,0,1,0,0,0
7/1/1969,IND,534,India,-0.86445596,4,1969q3,1969,114,0,1,1,0,0,0,1,0,0,0,0,0,1,0,0,0
10/1/1969,IND,534,India,-0.757591,4,1969q4,1969,117,0,1,1,0,0,0,1,0,0,0,0,0,1,0,0,0
1/1/1970,IND,534,India,-0.62937249,4,1970q1,1970,120,0,1,1,0,0,0,1,0,0,0,0,0,1,0,0,0
4/1/1970,IND,534,India,-0.8692161,4,1970q2,1970,123,0,1,1,0,0,0,1,0,0,0,0,0,1,0,0,0
7/1/1970,IND,534,India,-0.97893886,4,1970q3,1970,126,0,1,1,0,0,0,1,0,0,0,0,0,1,0,0,0
10/1/1970,IND,534,India,-1.0154212,4,1970q4,1970,129,0,1,1,0,0,0,1,0,0,0,0,0,1,0,0,0
1/1/1971,IND,534,India,-1.2493501,4,1971q1,1971,132,0,1,1,0,0,0,1,0,0,0,0,0,1,0,0,0
4/1/1971,IND,534,India,-1.2345514,4,1971q2,1971,135,0,1,1,0,0,0,1,0,0,0,0,0,1,0,0,0
7/1/1971,IND,534,India,-1.3908872,4,1971q3,1971,138,0,1,1,0,0,0,1,0,0,0,0,0,1,0,0,0
10/1/1971,IND,534,India,-0.92161817,4,1971q4,1971,141,0,1,1,0,0,0,1,0,0,0,0,0,1,0,0,0
1/1/1972,IND,534,India,-0.72936749,4,1972q1,1972,144,0,1,1,0,0,0,1,0,0,0,0,0,1,0,0,0
4/1/1972,IND,534,India,-0.54510456,4,1972q2,1972,147,0,1,1,0,0,0,1,0,0,0,0,0,1,0,0,0
7/1/1972,IND,534,India,-0.60498294,4,1972q3,1972,150,0,1,1,0,0,0,1,0,0,0,0,0,1,0,0,0
10/1/1972,IND,534,India,-0.36386924,4,1972q4,1972,153,0,1,1,0,0,0,1,0,0,0,0,0,1,0,0,0
1/1/1973,IND,534,India,-0.85550617,4,1973q1,1973,156,0,1,1,0,0,0,1,0,0,0,0,0,1,0,0,0
4/1/1973,IND,534,India,-0.52829235,4,1973q2,1973,159,0,1,1,0,0,0,1,0,0,0,0,0,1,0,0,0
7/1/1973,IND,534,India,-0.30053658,4,1973q3,1973,162,0,1,1,0,0,0,1,0,0,0,0,0,1,0,0,0
10/1/1973,IND,534,India,-1.9857576,4,1973q4,1973,165,0,1,1,0,0,0,1,0,0,0,0,0,1,0,0,0
1/1/1974,IND,534,India,9.0911693,4,1974q1,1974,168,0,1,1,0,0,0,1,0,0,0,0,0,1,0,0,0
4/1/1974,IND,534,India,-2.3620334,4,1974q2,1974,171,0,1,1,0,0,0,1,0,0,0,0,0,1,0,0,0
7/1/1974,IND,534,India,-1.7491103,4,1974q3,1974,174,0,1,1,0,0,0,1,0,0,0,0,0,1,0,0,0
10/1/1974,IND,534,India,-0.6619779,4,1974q4,1974,177,0,1,1,0,0,0,1,0,0,0,0,0,1,0,0,0
1/1/1975,IND,534,India,-0.55540806,4,1975q1,1975,180,0,1,1,0,0,0,1,0,0,0,0,0,1,0,0,0
4/1/1975,IND,534,India,-1.3536766,4,1975q2,1975,183,0,1,1,0,0,0,1,0,0,0,0,0,1,0,0,0
7/1/1975,IND,534,India,-1.3709022,4,1975q3,1975,186,0,1,1,0,0,0,1,0,0,0,0,0,1,0,0,0
10/1/1975,IND,534,India,1.7023202,4,1975q4,1975,189,0,1,1,0,0,0,1,0,0,0,0,0,1,0,0,0
1/1/1976,IND,534,India,0.09808095,4,1976q1,1976,192,0,1,1,0,0,0,1,0,0,0,0,0,1,0,0,0
4/1/1976,IND,534,India,2.3296732,4,1976q2,1976,195,0,1,1,0,0,0,1,0,0,0,0,0,1,0,0,0
7/1/1976,IND,534,India,0.59265506,4,1976q3,1976,198,0,1,1,0,0,0,1,0,0,0,0,0,1,0,0,0
10/1/1976,IND,534,India,1.4398271,4,1976q4,1976,201,0,1,1,0,0,0,1,0,0,0,0,0,1,0,0,0
1/1/1977,IND,534,India,0.01641723,4,1977q1,1977,204,0,1,1,0,0,0,1,0,0,0,0,0,1,0,0,0
4/1/1977,IND,534,India,3.2285999,4,1977q2,1977,207,0,1,1,0,0,0,1,0,0,0,0,0,1,0,0,0
7/1/1977,IND,534,India,1.0958753,4,1977q3,1977,210,0,1,1,0,0,0,1,0,0,0,0,0,1,0,0,0
10/1/1977,IND,534,India,1.081257,4,1977q4,1977,213,0,1,1,0,0,0,1,0,0,0,0,0,1,0,0,0
1/1/1978,IND,534,India,-0.58105277,4,1978q1,1978,216,0,1,1,0,0,0,1,0,0,0,0,0,1,0,0,0
4/1/1978,IND,534,India,-0.89066188,4,1978q2,1978,219,0,1,1,0,0,0,1,0,0,0,0,0,1,0,0,0
7/1/1978,IND,534,India,0.83801052,4,1978q3,1978,222,0,1,1,0,0,0,1,0,0,0,0,0,1,0,0,0
10/1/1978,IND,534,India,-0.71855772,4,1978q4,1978,225,0,1,1,0,0,0,1,0,0,0,0,0,1,0,0,0
1/1/1979,IND,534,India,-0.18228457,4,1979q1,1979,228,0,1,1,0,0,0,1,0,0,0,0,0,1,0,0,0
4/1/1979,IND,534,India,0.31805782,4,1979q2,1979,231,0,1,1,0,0,0,1,0,0,0,0,0,1,0,0,0
7/1/1979,IND,534,India,-0.75753288,4,1979q3,1979,234,0,1,1,0,0,0,1,0,0,0,0,0,1,0,0,0
10/1/1979,IND,534,India,0.01374148,4,1979q4,1979,237,0,1,1,0,0,0,1,0,0,0,0,0,1,0,0,0
1/1/1980,IND,534,India,-1.5482203,4,1980q1,1980,240,0,1,1,0,0,0,1,0,0,0,0,0,1,0,0,0
4/1/1980,IND,534,India,-2.0573726,4,1980q2,1980,243,0,1,1,0,0,0,1,0,0,0,0,0,1,0,0,0
7/1/1980,IND,534,India,-0.99004145,4,1980q3,1980,246,0,1,1,0,0,0,1,0,0,0,0,0,1,0,0,0
10/1/1980,IND,534,India,-1.9072455,4,1980q4,1980,249,0,1,1,0,0,0,1,0,0,0,0,0,1,0,0,0
1/1/1981,IND,534,India,-1.7417129,4,1981q1,1981,252,0,1,1,0,0,0,1,0,0,0,0,0,1,0,0,0
4/1/1981,IND,534,India,-1.6345294,4,1981q2,1981,255,0,1,1,0,0,0,1,0,0,0,0,0,1,0,0,0
7/1/1981,IND,534,India,-1.6961701,4,1981q3,1981,258,0,1,1,0,0,0,1,0,0,0,0,0,1,0,0,0
10/1/1981,IND,534,India,-2.6141802,4,1981q4,1981,261,0,1,1,0,0,0,1,0,0,0,0,0,1,0,0,0
1/1/1982,IND,534,India,-1.3954128,4,1982q1,1982,264,0,1,1,0,0,0,1,0,0,0,0,0,1,0,0,0
4/1/1982,IND,534,India,-2.3466382,4,1982q2,1982,267,0,1,1,0,0,0,1,0,0,0,0,0,1,0,0,0
7/1/1982,IND,534,India,-1.9031142,4,1982q3,1982,270,0,1,1,0,0,0,1,0,0,0,0,0,1,0,0,0
10/1/1982,IND,534,India,-2.0031251,4,1982q4,1982,273,0,1,1,0,0,0,1,0,0,0,0,0,1,0,0,0
1/1/1983,IND,534,India,-1.3324284,4,1983q1,1983,276,0,1,1,0,0,0,1,0,0,0,0,0,1,0,0,0
4/1/1983,IND,534,India,-1.1520296,4,1983q2,1983,279,0,1,1,0,0,0,1,0,0,0,0,0,1,0,0,0
7/1/1983,IND,534,India,-1.5741741,4,1983q3,1983,282,0,1,1,0,0,0,1,0,0,0,0,0,1,0,0,0
10/1/1983,IND,534,India,-2.0537747,4,1983q4,1983,285,0,1,1,0,0,0,1,0,0,0,0,0,1,0,0,0
1/1/1984,IND,534,India,-1.7548319,4,1984q1,1984,288,0,1,1,0,0,0,1,0,0,0,0,0,1,0,0,0
4/1/1984,IND,534,India,-0.32554316,4,1984q2,1984,291,0,1,1,0,0,0,1,0,0,0,0,0,1,0,0,0
7/1/1984,IND,534,India,-1.510218,4,1984q3,1984,294,0,1,1,0,0,0,1,0,0,0,0,0,1,0,0,0
10/1/1984,IND,534,India,-1.7275266,4,1984q4,1984,297,0,1,1,0,0,0,1,0,0,0,0,0,1,0,0,0
1/1/1985,IND,534,India,-1.5294194,4,1985q1,1985,300,0,1,1,0,0,0,1,0,0,0,0,0,1,0,0,0
4/1/1985,IND,534,India,-3.2780403,4,1985q2,1985,303,0,1,1,0,0,0,1,0,0,0,0,0,1,0,0,0
7/1/1985,IND,534,India,-1.6814136,4,1985q3,1985,306,0,1,1,0,0,0,1,0,0,0,0,0,1,0,0,0
10/1/1985,IND,534,India,-1.73244,4,1985q4,1985,309,0,1,1,0,0,0,1,0,0,0,0,0,1,0,0,0
1/1/1986,IND,534,India,-2.6251939,4,1986q1,1986,312,0,1,1,0,0,0,1,0,0,0,0,0,1,0,0,0
4/1/1986,IND,534,India,-2.4536438,4,1986q2,1986,315,0,1,1,0,0,0,1,0,0,0,0,0,1,0,0,0
7/1/1986,IND,534,India,-1.7111527,4,1986q3,1986,318,0,1,1,0,0,0,1,0,0,0,0,0,1,0,0,0
10/1/1986,IND,534,India,-1.3914405,4,1986q4,1986,321,0,1,1,0,0,0,1,0,0,0,0,0,1,0,0,0
1/1/1987,IND,534,India,-2.5893888,4,1987q1,1987,324,0,1,1,0,0,0,1,0,0,0,0,0,1,0,0,0
4/1/1987,IND,534,India,-1.6517975,4,1987q2,1987,327,0,1,1,0,0,0,1,0,0,0,0,0,1,0,0,0
7/1/1987,IND,534,India,-2.0256013,4,1987q3,1987,330,0,1,1,0,0,0,1,0,0,0,0,0,1,0,0,0
10/1/1987,IND,534,India,-2.184269,4,1987q4,1987,333,0,1,1,0,0,0,1,0,0,0,0,0,1,0,0,0
1/1/1988,IND,534,India,-1.8956627,4,1988q1,1988,336,0,1,1,0,0,0,1,0,0,0,0,0,1,0,0,0
4/1/1988,IND,534,India,-2.5280132,4,1988q2,1988,339,0,1,1,0,0,0,1,0,0,0,0,0,1,0,0,0
7/1/1988,IND,534,India,-2.4311396,4,1988q3,1988,342,0,1,1,0,0,0,1,0,0,0,0,0,1,0,0,0
10/1/1988,IND,534,India,-3.449668,4,1988q4,1988,345,0,1,1,0,0,0,1,0,0,0,0,0,1,0,0,0
1/1/1989,IND,534,India,-2.0434947,4,1989q1,1989,348,0,1,1,0,0,0,1,0,0,0,0,0,1,0,0,0
4/1/1989,IND,534,India,-3.16019,4,1989q2,1989,351,0,1,1,0,0,0,1,0,0,0,0,0,1,0,0,0
7/1/1989,IND,534,India,-2.9271789,4,1989q3,1989,354,0,1,1,0,0,0,1,0,0,0,0,0,1,0,0,0
10/1/1989,IND,534,India,-1.5404211,4,1989q4,1989,357,0,1,1,0,0,0,1,0,0,0,0,0,1,0,0,0
1/1/1990,IND,534,India,-0.89375304,4,1990q1,1990,360,0,1,1,0,0,0,1,0,0,0,0,0,1,0,0,0
4/1/1990,IND,534,India,-1.9530725,4,1990q2,1990,363,0,1,1,0,0,0,1,0,0,0,0,0,1,0,0,0
7/1/1990,IND,534,India,-2.7170715,4,1990q3,1990,366,0,1,1,0,0,0,1,0,0,0,0,0,1,0,0,0
10/1/1990,IND,534,India,-3.4960949,4,1990q4,1990,369,0,1,1,0,0,0,1,0,0,0,0,0,1,0,0,0
1/1/1991,IND,534,India,-4.5313628,4,1991q1,1991,372,0,1,1,0,0,0,1,0,0,0,0,0,1,0,0,0
4/1/1991,IND,534,India,-1.7756993,4,1991q2,1991,375,0,1,1,0,0,0,1,0,0,0,0,0,1,0,0,0
7/1/1991,IND,534,India,-2.4652756,4,1991q3,1991,378,0,1,1,0,0,0,1,0,0,0,0,0,1,0,0,0
10/1/1991,IND,534,India,2.7233035,4,1991q4,1991,381,0,1,1,0,0,0,1,0,0,0,0,0,1,0,0,0
1/1/1992,IND,534,India,-0.22446696,4,1992q1,1992,384,0,1,1,0,0,0,1,0,0,0,0,0,1,0,0,0
4/1/1992,IND,534,India,-1.9793567,4,1992q2,1992,387,0,1,1,0,0,0,1,0,0,0,0,0,1,0,0,0
7/1/1992,IND,534,India,-1.6330201,4,1992q3,1992,390,0,1,1,0,0,0,1,0,0,0,0,0,1,0,0,0
10/1/1992,IND,534,India,-0.98671264,4,1992q4,1992,393,0,1,1,0,0,0,1,0,0,0,0,0,1,0,0,0
1/1/1993,IND,534,India,-0.51145043,4,1993q1,1993,396,0,1,1,0,0,0,1,0,0,0,0,0,1,0,0,0
4/1/1993,IND,534,India,-1.0782481,4,1993q2,1993,399,0,1,1,0,0,0,1,0,0,0,0,0,1,0,0,0
7/1/1993,IND,534,India,-0.71768896,4,1993q3,1993,402,0,1,1,0,0,0,1,0,0,0,0,0,1,0,0,0
10/1/1993,IND,534,India,-0.19647968,4,1993q4,1993,405,0,1,1,0,0,0,1,0,0,0,0,0,1,0,0,0
1/1/1994,IND,534,India,0.14056864,4,1994q1,1994,408,0,1,1,0,0,0,1,0,0,0,0,0,1,0,0,0
4/1/1994,IND,534,India,-0.14578813,4,1994q2,1994,411,0,1,1,0,0,0,1,0,0,0,0,0,1,0,0,0
7/1/1994,IND,534,India,-1.099947,4,1994q3,1994,414,0,1,1,0,0,0,1,0,0,0,0,0,1,0,0,0
10/1/1994,IND,534,India,-1.0093231,4,1994q4,1994,417,0,1,1,0,0,0,1,0,0,0,0,0,1,0,0,0
1/1/1995,IND,534,India,-1.9642268,4,1995q1,1995,420,0,1,1,0,0,0,1,0,0,0,0,0,1,0,0,0
4/1/1995,IND,534,India,-1.1934656,4,1995q2,1995,423,0,1,1,0,0,0,1,0,0,0,0,0,1,0,0,0
7/1/1995,IND,534,India,-2.2924178,4,1995q3,1995,426,0,1,1,0,0,0,1,0,0,0,0,0,1,0,0,0
10/1/1995,IND,534,India,-1.1343993,4,1995q4,1995,429,0,1,1,0,0,0,1,0,0,0,0,0,1,0,0,0
1/1/1996,IND,534,India,-2.2373254,4,1996q1,1996,432,0,1,1,0,0,0,1,0,0,0,0,0,1,0,0,0
4/1/1996,IND,534,India,-2.06236,1,1996q2,1996,435,0,1,1,0,0,0,1,0,0,0,0,0,1,0,0,0
7/1/1996,IND,534,India,-1.042011,1,1996q3,1996,438,0,1,1,0,0,0,1,0,0,0,0,0,1,0,0,0
10/1/1996,IND,534,India,-1.13855,1,1996q4,1996,441,0,1,1,0,0,0,1,0,0,0,0,0,1,0,0,0
1/1/1997,IND,534,India,-0.3245847,1,1997q1,1997,444,0,1,1,0,0,0,1,0,0,0,0,0,1,0,0,0
4/1/1997,IND,534,India,-1.028485,1,1997q2,1997,447,0,1,1,0,0,0,1,0,0,0,0,0,1,0,0,0
7/1/1997,IND,534,India,0.1107008,1,1997q3,1997,450,0,1,1,0,0,0,1,0,0,0,0,0,1,0,0,0
10/1/1997,IND,534,India,-1.5166,1,1997q4,1997,453,0,1,1,0,0,0,1,0,0,0,0,0,1,0,0,0
1/1/1998,IND,534,India,-2.799066,1,1998q1,1998,456,0,1,1,0,0,0,1,0,0,0,0,0,1,0,0,0
4/1/1998,IND,534,India,-1.756248,1,1998q2,1998,459,0,1,1,0,0,0,1,0,0,0,0,0,1,0,0,0
7/1/1998,IND,534,India,-0.9316074,1,1998q3,1998,462,0,1,1,0,0,0,1,0,0,0,0,0,1,0,0,0
10/1/1998,IND,534,India,-1.025359,1,1998q4,1998,465,0,1,1,0,0,0,1,0,0,0,0,0,1,0,0,0
1/1/1999,IND,534,India,-0.2996391,1,1999q1,1999,468,0,1,1,0,0,0,1,0,0,0,0,0,1,0,0,0
4/1/1999,IND,534,India,-0.9633881,1,1999q2,1999,471,0,1,1,0,0,0,1,0,0,0,0,0,1,0,0,0
7/1/1999,IND,534,India,-0.698887,1,1999q3,1999,474,0,1,1,0,0,0,1,0,0,0,0,0,1,0,0,0
10/1/1999,IND,534,India,-0.8553651,1,1999q4,1999,477,0,1,1,0,0,0,1,0,0,0,0,0,1,0,0,0
1/1/2000,IND,534,India,-1.900689,1,2000q1,2000,480,0,1,1,0,0,0,1,0,0,0,0,0,1,0,0,0
4/1/2000,IND,534,India,-1.397097,1,2000q2,2000,483,0,1,1,0,0,0,1,0,0,0,0,0,1,0,0,0
7/1/2000,IND,534,India,-1.136881,1,2000q3,2000,486,0,1,1,0,0,0,1,0,0,0,0,0,1,0,0,0
10/1/2000,IND,534,India,0.6201431,1,2000q4,2000,489,0,1,1,0,0,0,1,0,0,0,0,0,1,0,0,0
1/1/2001,IND,534,India,-0.5243394,1,2001q1,2001,492,0,1,1,0,0,0,1,0,0,0,0,0,1,0,0,0
4/1/2001,IND,534,India,1.682932,1,2001q2,2001,495,0,1,1,0,0,0,1,0,0,0,0,0,1,0,0,0
7/1/2001,IND,534,India,-0.3943336,1,2001q3,2001,498,0,1,1,0,0,0,1,0,0,0,0,0,1,0,0,0
10/1/2001,IND,534,India,0.5899581,1,2001q4,2001,501,0,1,1,0,0,0,1,0,0,0,0,0,1,0,0,0
1/1/2002,IND,534,India,0.9122338,1,2002q1,2002,504,0,1,1,0,0,0,1,0,0,0,0,0,1,0,0,0
4/1/2002,IND,534,India,1.630695,1,2002q2,2002,507,0,1,1,0,0,0,1,0,0,0,0,0,1,0,0,0
7/1/2002,IND,534,India,2.081337,1,2002q3,2002,510,0,1,1,0,0,0,1,0,0,0,0,0,1,0,0,0
10/1/2002,IND,534,India,1.303045,1,2002q4,2002,513,0,1,1,0,0,0,1,0,0,0,0,0,1,0,0,0
1/1/2003,IND,534,India,-0.05451396,1,2003q1,2003,516,0,1,1,0,0,0,1,0,0,0,0,0,1,0,0,0
4/1/2003,IND,534,India,0.3360855,1,2003q2,2003,519,0,1,1,0,0,0,1,0,0,0,0,0,1,0,0,0
7/1/2003,IND,534,India,3.051465,1,2003q3,2003,522,0,1,1,0,0,0,1,0,0,0,0,0,1,0,0,0
10/1/2003,IND,534,India,3.008298,1,2003q4,2003,525,0,1,1,0,0,0,1,0,0,0,0,0,1,0,0,0
1/1/2004,IND,534,India,2.614154,1,2004q1,2004,528,0,1,1,0,0,0,1,0,0,0,0,0,1,0,0,0
4/1/2004,IND,534,India,2.739641,1,2004q2,2004,531,0,1,1,0,0,0,1,0,0,0,0,0,1,0,0,0
7/1/2004,IND,534,India,-1.638321,1,2004q3,2004,534,0,1,1,0,0,0,1,0,0,0,0,0,1,0,0,0
10/1/2004,IND,534,India,-2.716725,1,2004q4,2004,537,0,1,1,0,0,0,1,0,0,0,0,0,1,0,0,0
1/1/2005,IND,534,India,-0.1552147,1,2005q1,2005,540,0,1,1,0,0,0,1,0,0,0,0,0,1,0,0,0
4/1/2005,IND,534,India,-1.77832,1,2005q2,2005,543,0,1,1,0,0,0,1,0,0,0,0,0,1,0,0,0
7/1/2005,IND,534,India,-1.309263,1,2005q3,2005,546,0,1,1,0,0,0,1,0,0,0,0,0,1,0,0,0
10/1/2005,IND,534,India,-1.855037,1,2005q4,2005,549,0,1,1,0,0,0,1,0,0,0,0,0,1,0,0,0
1/1/2006,IND,534,India,-0.22033,1,2006q1,2006,552,0,1,1,0,0,0,1,0,0,0,0,0,1,0,0,0
4/1/2006,IND,534,India,-1.296714,1,2006q2,2006,555,0,1,1,0,0,0,1,0,0,0,0,0,1,0,0,0
7/1/2006,IND,534,India,-1.549474,1,2006q3,2006,558,0,1,1,0,0,0,1,0,0,0,0,0,1,0,0,0
10/1/2006,IND,534,India,-1.105741,1,2006q4,2006,561,0,1,1,0,0,0,1,0,0,0,0,0,1,0,0,0
1/1/2007,IND,534,India,-0.2805875,1,2007q1,2007,564,0,1,1,0,0,0,1,0,0,0,0,0,1,0,0,0
4/1/2007,IND,534,India,-1.032592,1,2007q2,2007,567,0,1,1,0,0,0,1,0,0,0,0,0,1,0,0,0
7/1/2007,IND,534,India,-0.6258996,1,2007q3,2007,570,0,1,1,0,0,0,1,0,0,0,0,0,1,0,0,0
10/1/2007,IND,534,India,-0.831701,1,2007q4,2007,573,0,1,1,0,0,0,1,0,0,0,0,0,1,0,0,0
1/1/2008,IND,534,India,-2.867255,1,2008q1,2008,576,0,1,1,0,0,0,1,0,0,0,0,0,1,0,0,0
4/1/2008,IND,534,India,-0.1652973,1,2008q2,2008,579,0,1,1,0,0,0,1,0,0,0,0,0,1,0,0,0
7/1/2008,IND,534,India,-2.831596,1,2008q3,2008,582,0,1,1,0,0,0,1,0,0,0,0,0,1,0,0,0
10/1/2008,IND,534,India,-4.144827,1,2008q4,2008,585,0,1,1,0,0,0,1,0,0,0,0,0,1,0,0,0
1/1/2009,IND,534,India,-1.500801,1,2009q1,2009,588,0,1,1,0,0,0,1,0,0,0,0,0,1,0,0,0
4/1/2009,IND,534,India,-0.7837825,1,2009q2,2009,591,0,1,1,0,0,0,1,0,0,0,0,0,1,0,0,0
7/1/2009,IND,534,India,-2.324492,1,2009q3,2009,594,0,1,1,0,0,0,1,0,0,0,0,0,1,0,0,0
10/1/2009,IND,534,India,-3.427039,1,2009q4,2009,597,0,1,1,0,0,0,1,0,0,0,0,0,1,0,0,0
1/1/2010,IND,534,India,-4.338941,1,2010q1,2010,600,0,1,1,0,0,0,1,0,0,0,0,0,1,0,0,0
4/1/2010,IND,534,India,-3.268801,1,2010q2,2010,603,0,1,1,0,0,0,1,0,0,0,0,0,1,0,0,0
7/1/2010,IND,534,India,-3.80709,1,2010q3,2010,606,0,1,1,0,0,0,1,0,0,0,0,0,1,0,0,0
10/1/2010,IND,534,India,-2.265889,1,2010q4,2010,609,0,1,1,0,0,0,1,0,0,0,0,0,1,0,0,0
1/1/2011,IND,534,India,-2.130041,1,2011q1,2011,612,0,1,1,0,0,0,1,0,0,0,0,0,1,0,0,0
4/1/2011,IND,534,India,-3.721005,1,2011q2,2011,615,0,1,1,0,0,0,1,0,0,0,0,0,1,0,0,0
7/1/2011,IND,534,India,-3.714223,1,2011q3,2011,618,0,1,1,0,0,0,1,0,0,0,0,0,1,0,0,0
10/1/2011,IND,534,India,-4.202717,1,2011q4,2011,621,0,1,1,0,0,0,1,0,0,0,0,0,1,0,0,0
1/1/2012,IND,534,India,-5.487077,1,2012q1,2012,624,0,1,1,0,0,0,1,0,0,0,0,0,1,0,0,0
4/1/2012,IND,534,India,-4.04635,1,2012q2,2012,627,0,1,1,0,0,0,1,0,0,0,0,0,1,0,0,0
7/1/2012,IND,534,India,-4.340608,1,2012q3,2012,630,0,1,1,0,0,0,1,0,0,0,0,0,1,0,0,0
10/1/2012,IND,534,India,-6.331948,1,2012q4,2012,633,0,1,1,0,0,0,1,0,0,0,0,0,1,0,0,0
1/1/2013,IND,534,India,-4.448689,1,2013q1,2013,636,0,1,1,0,0,0,1,0,0,0,0,0,1,0,0,0
4/1/2013,IND,534,India,-4.847015,1,2013q2,2013,639,0,1,1,0,0,0,1,0,0,0,0,0,1,0,0,0
7/1/2013,IND,534,India,-0.7839287,1,2013q3,2013,642,0,1,1,0,0,0,1,0,0,0,0,0,1,0,0,0
10/1/2013,IND,534,India,-0.395775,1,2013q4,2013,645,0,1,1,0,0,0,1,0,0,0,0,0,1,0,0,0
1/1/2014,IND,534,India,-0.8644267,1,2014q1,2014,648,0,1,1,0,0,0,1,0,0,0,0,0,1,0,0,0
4/1/2014,IND,534,India,-1.619634,1,2014q2,2014,651,0,1,1,0,0,0,1,0,0,0,0,0,1,0,0,0
7/1/2014,IND,534,India,-1.92976,1,2014q3,2014,654,0,1,1,0,0,0,1,0,0,0,0,0,1,0,0,0
10/1/2014,IND,534,India,-1.09675,1,2014q4,2014,657,0,1,1,0,0,0,1,0,0,0,0,0,1,0,0,0
1/1/2015,IND,534,India,-0.6553834,1,2015q1,2015,660,0,1,1,0,0,0,1,0,0,0,0,0,1,0,0,0
4/1/2015,IND,534,India,-1.182813,1,2015q2,2015,663,0,1,1,0,0,0,1,0,0,0,0,0,1,0,0,0
7/1/2015,IND,534,India,-1.529116,1,2015q3,2015,666,0,1,1,0,0,0,1,0,0,0,0,0,1,0,0,0
10/1/2015,IND,534,India,-0.9835201,1,2015q4,2015,669,0,1,1,0,0,0,1,0,0,0,0,0,1,0,0,0
1/1/2016,IND,534,India,-0.5765054,1,2016q1,2016,672,0,1,1,0,0,0,1,0,0,0,0,0,1,0,0,0
4/1/2016,IND,534,India,0.03220062,1,2016q2,2016,675,0,1,1,0,0,0,1,0,0,0,0,0,1,0,0,0
7/1/2016,IND,534,India,-0.4312783,1,2016q3,2016,678,0,1,1,0,0,0,1,0,0,0,0,0,1,0,0,0
10/1/2016,IND,534,India,-1.111514,1,2016q4,2016,681,0,1,1,0,0,0,1,0,0,0,0,0,1,0,0,0
1/1/2017,IND,534,India,-1.054307,1,2017q1,2017,684,0,1,1,0,0,0,1,0,0,0,0,0,1,0,0,0
4/1/2017,IND,534,India,-2.228873,1,2017q2,2017,687,0,1,1,0,0,0,1,0,0,0,0,0,1,0,0,0
7/1/2017,IND,534,India,-0.896727,1,2017q3,2017,690,0,1,1,0,0,0,1,0,0,0,0,0,1,0,0,0
10/1/2017,IND,534,India,-1.733917,1,2017q4,2017,693,0,1,1,0,0,0,1,0,0,0,0,0,1,0,0,0
1/1/2018,IND,534,India,-2.505709,1,2018q1,2018,696,0,1,1,0,0,0,1,0,0,0,0,0,1,0,0,0
4/1/2018,IND,534,India,-2.146115,1,2018q2,2018,699,0,1,1,0,0,0,1,0,0,0,0,0,1,0,0,0
7/1/2018,IND,534,India,-2.720921,1,2018q3,2018,702,0,1,1,0,0,0,1,0,0,0,0,0,1,0,0,0
10/1/2018,IND,534,India,-2.210397,1,2018q4,2018,705,0,1,1,0,0,0,1,0,0,0,0,0,1,0,0,0
1/1/2019,IND,534,India,-1.418124,1,2019q1,2019,708,0,1,1,0,0,0,1,0,0,0,0,0,1,0,0,0
4/1/2019,IND,534,India,-1.942134,1,2019q2,2019,711,0,1,1,0,0,0,1,0,0,0,0,0,1,0,0,0
7/1/2019,IND,534,India,-0.906508,1,2019q3,2019,714,0,1,1,0,0,0,1,0,0,0,0,0,1,0,0,0
10/1/2019,IND,534,India,0.04713983,1,2019q4,2019,717,0,1,1,0,0,0,1,0,0,0,0,0,1,0,0,0
1/1/2020,IND,534,India,-0.6743955,1,2020q1,2020,720,0,1,1,0,0,0,1,0,0,0,0,0,1,0,0,0
4/1/2020,IND,534,India,3.946893,1,2020q2,2020,723,0,1,1,0,0,0,1,0,0,0,0,0,1,0,0,0
7/1/2020,IND,534,India,2.52266,1,2020q3,2020,726,0,1,1,0,0,0,1,0,0,0,0,0,1,0,0,0
10/1/2020,IND,534,India,0.2117895,1,2020q4,2020,729,0,1,1,0,0,0,1,0,0,0,0,0,1,0,0,0
1/1/2021,IND,534,India,-1.881471,1,2021q1,2021,732,0,1,1,0,0,0,1,0,0,0,0,0,1,0,0,0
4/1/2021,IND,534,India,0.9323545,1,2021q2,2021,735,0,1,1,0,0,0,1,0,0,0,0,0,1,0,0,0
7/1/2021,IND,534,India,-0.8955623,1,2021q3,2021,738,0,1,1,0,0,0,1,0,0,0,0,0,1,0,0,0
10/1/2021,IND,534,India,-1.95878,1,2021q4,2021,741,0,1,1,0,0,0,1,0,0,0,0,0,1,0,0,0
1/1/2022,IND,534,India,-2.606189,1,2022q1,2022,744,0,1,1,0,0,0,1,0,0,0,0,0,1,0,0,0
4/1/2022,IND,534,India,-2.224937,1,2022q2,2022,747,0,1,1,0,0,0,1,0,0,0,0,0,1,0,0,0
7/1/2022,IND,534,India,-3.167986,1,2022q3,2022,750,0,1,1,0,0,0,1,0,0,0,0,0,1,0,0,0
10/1/2022,IND,534,India,-1.492418,1,2022q4,2022,753,0,1,1,0,0,0,1,0,0,0,0,0,1,0,0,0
1/1/2023,IND,534,India,-1.193157,1,2023q1,2023,756,0,1,1,0,0,0,1,0,0,0,0,0,1,0,0,0
4/1/2023,IND,534,India,-1.066854,1,2023q2,2023,759,0,1,1,0,0,0,1,0,0,0,0,0,1,0,0,0
7/1/2023,IND,534,India,-0.6064329,1,2023q3,2023,762,0,1,1,0,0,0,1,0,0,0,0,0,1,0,0,0
10/1/2023,IND,534,India,-0.7970935,1,2023q4,2023,765,0,1,1,0,0,0,1,0,0,0,0,0,1,0,0,0
1/1/2024,IND,534,India,-0.5256265,1,2024q1,2024,768,0,1,1,0,0,0,1,0,0,0,0,0,1,0,0,0
4/1/2024,IND,534,India,-0.9218664,1,2024q2,2024,771,0,1,1,0,0,0,1,0,0,0,0,0,1,0,0,0
7/1/2024,IND,534,India,-1.077712,1,2024q3,2024,774,0,1,1,0,0,0,1,0,0,0,0,0,1,0,0,0
10/1/2024,IND,534,India,-0.8972659,1,2024q4,2024,777,0,1,1,0,0,0,1,0,0,0,0,0,1,0,0,0
1/1/1981,IDN,536,Indonesia,2.4732066,4,1981q1,1981,252,0,1,1,1,0,0,0,0,0,0,0,0,1,0,0,0
4/1/1981,IDN,536,Indonesia,-1.0242643,4,1981q2,1981,255,0,1,1,1,0,0,0,0,0,0,0,0,1,0,0,0
7/1/1981,IDN,536,Indonesia,-1.9427283,4,1981q3,1981,258,0,1,1,1,0,0,0,0,0,0,0,0,1,0,0,0
10/1/1981,IDN,536,Indonesia,-1.8089639,4,1981q4,1981,261,0,1,1,1,0,0,0,0,0,0,0,0,1,0,0,0
1/1/1982,IDN,536,Indonesia,-6.6123419,4,1982q1,1982,264,0,1,1,1,0,0,0,0,0,0,0,0,1,0,0,0
4/1/1982,IDN,536,Indonesia,-3.6690135,4,1982q2,1982,267,0,1,1,1,0,0,0,0,0,0,0,0,1,0,0,0
7/1/1982,IDN,536,Indonesia,-6.5137431,4,1982q3,1982,270,0,1,1,1,0,0,0,0,0,0,0,0,1,0,0,0
10/1/1982,IDN,536,Indonesia,-6.665729,4,1982q4,1982,273,0,1,1,1,0,0,0,0,0,0,0,0,1,0,0,0
1/1/1983,IDN,536,Indonesia,-13.379239,4,1983q1,1983,276,0,1,1,1,0,0,0,0,0,0,0,0,1,0,0,0
4/1/1983,IDN,536,Indonesia,-6.5515116,4,1983q2,1983,279,0,1,1,1,0,0,0,0,0,0,0,0,1,0,0,0
7/1/1983,IDN,536,Indonesia,-5.607973,4,1983q3,1983,282,0,1,1,1,0,0,0,0,0,0,0,0,1,0,0,0
10/1/1983,IDN,536,Indonesia,-5.2005682,4,1983q4,1983,285,0,1,1,1,0,0,0,0,0,0,0,0,1,0,0,0
1/1/1984,IDN,536,Indonesia,-3.8651429,4,1984q1,1984,288,0,1,1,1,0,0,0,0,0,0,0,0,1,0,0,0
4/1/1984,IDN,536,Indonesia,-0.35957505,4,1984q2,1984,291,0,1,1,1,0,0,0,0,0,0,0,0,1,0,0,0
7/1/1984,IDN,536,Indonesia,-1.7199337,4,1984q3,1984,294,0,1,1,1,0,0,0,0,0,0,0,0,1,0,0,0
10/1/1984,IDN,536,Indonesia,-3.0583305,4,1984q4,1984,297,0,1,1,1,0,0,0,0,0,0,0,0,1,0,0,0
1/1/1985,IDN,536,Indonesia,-3.9302677,4,1985q1,1985,300,0,1,1,1,0,0,0,0,0,0,0,0,1,0,0,0
4/1/1985,IDN,536,Indonesia,-2.3378029,4,1985q2,1985,303,0,1,1,1,0,0,0,0,0,0,0,0,1,0,0,0
7/1/1985,IDN,536,Indonesia,-0.66209813,4,1985q3,1985,306,0,1,1,1,0,0,0,0,0,0,0,0,1,0,0,0
10/1/1985,IDN,536,Indonesia,-2.1402435,4,1985q4,1985,309,0,1,1,1,0,0,0,0,0,0,0,0,1,0,0,0
1/1/1986,IDN,536,Indonesia,-2.763721,4,1986q1,1986,312,0,1,1,1,0,0,0,0,0,0,0,0,1,0,0,0
4/1/1986,IDN,536,Indonesia,-5.0301854,4,1986q2,1986,315,0,1,1,1,0,0,0,0,0,0,0,0,1,0,0,0
7/1/1986,IDN,536,Indonesia,-8.1943065,4,1986q3,1986,318,0,1,1,1,0,0,0,0,0,0,0,0,1,0,0,0
10/1/1986,IDN,536,Indonesia,-4.6775855,4,1986q4,1986,321,0,1,1,1,0,0,0,0,0,0,0,0,1,0,0,0
1/1/1987,IDN,536,Indonesia,-3.5210829,4,1987q1,1987,324,0,1,1,1,0,0,0,0,0,0,0,0,1,0,0,0
4/1/1987,IDN,536,Indonesia,-4.4639055,4,1987q2,1987,327,0,1,1,1,0,0,0,0,0,0,0,0,1,0,0,0
7/1/1987,IDN,536,Indonesia,-2.9282995,4,1987q3,1987,330,0,1,1,1,0,0,0,0,0,0,0,0,1,0,0,0
10/1/1987,IDN,536,Indonesia,-0.60372055,4,1987q4,1987,333,0,1,1,1,0,0,0,0,0,0,0,0,1,0,0,0
1/1/1988,IDN,536,Indonesia,-0.29857566,4,1988q1,1988,336,0,1,1,1,0,0,0,0,0,0,0,0,1,0,0,0
4/1/1988,IDN,536,Indonesia,-2.431784,4,1988q2,1988,339,0,1,1,1,0,0,0,0,0,0,0,0,1,0,0,0
7/1/1988,IDN,536,Indonesia,-1.0446419,4,1988q3,1988,342,0,1,1,1,0,0,0,0,0,0,0,0,1,0,0,0
10/1/1988,IDN,536,Indonesia,-2.8857732,4,1988q4,1988,345,0,1,1,1,0,0,0,0,0,0,0,0,1,0,0,0
1/1/1989,IDN,536,Indonesia,-1.602393,4,1989q1,1989,348,0,1,1,1,0,0,0,0,0,0,0,0,1,0,0,0
4/1/1989,IDN,536,Indonesia,-1.1943961,4,1989q2,1989,351,0,1,1,1,0,0,0,0,0,0,0,0,1,0,0,0
7/1/1989,IDN,536,Indonesia,-1.2396546,4,1989q3,1989,354,0,1,1,1,0,0,0,0,0,0,0,0,1,0,0,0
10/1/1989,IDN,536,Indonesia,-0.70682005,4,1989q4,1989,357,0,1,1,1,0,0,0,0,0,0,0,0,1,0,0,0
1/1/1990,IDN,536,Indonesia,-2.6289444,4,1990q1,1990,360,0,1,1,1,0,0,0,0,0,0,0,0,1,0,0,0
4/1/1990,IDN,536,Indonesia,-3.0888751,4,1990q2,1990,363,0,1,1,1,0,0,0,0,0,0,0,0,1,0,0,0
7/1/1990,IDN,536,Indonesia,-4.4472218,4,1990q3,1990,366,0,1,1,1,0,0,0,0,0,0,0,0,1,0,0,0
10/1/1990,IDN,536,Indonesia,-1.0378919,4,1990q4,1990,369,0,1,1,1,0,0,0,0,0,0,0,0,1,0,0,0
1/1/1991,IDN,536,Indonesia,-4.2151701,4,1991q1,1991,372,0,1,1,1,0,0,0,0,0,0,0,0,1,0,0,0
4/1/1991,IDN,536,Indonesia,-4.4178888,4,1991q2,1991,375,0,1,1,1,0,0,0,0,0,0,0,0,1,0,0,0
7/1/1991,IDN,536,Indonesia,-3.0475121,4,1991q3,1991,378,0,1,1,1,0,0,0,0,0,0,0,0,1,0,0,0
10/1/1991,IDN,536,Indonesia,-2.6166912,4,1991q4,1991,381,0,1,1,1,0,0,0,0,0,0,0,0,1,0,0,0
1/1/1992,IDN,536,Indonesia,-3.3924263,4,1992q1,1992,384,0,1,1,1,0,0,0,0,0,0,0,0,1,0,0,0
4/1/1992,IDN,536,Indonesia,-2.916196,4,1992q2,1992,387,0,1,1,1,0,0,0,0,0,0,0,0,1,0,0,0
7/1/1992,IDN,536,Indonesia,-2.2978676,4,1992q3,1992,390,0,1,1,1,0,0,0,0,0,0,0,0,1,0,0,0
10/1/1992,IDN,536,Indonesia,0.07897022,4,1992q4,1992,393,0,1,1,1,0,0,0,0,0,0,0,0,1,0,0,0
1/1/1993,IDN,536,Indonesia,-1.6874544,4,1993q1,1993,396,0,1,1,1,0,0,0,0,0,0,0,0,1,0,0,0
4/1/1993,IDN,536,Indonesia,-0.80903629,4,1993q2,1993,399,0,1,1,1,0,0,0,0,0,0,0,0,1,0,0,0
7/1/1993,IDN,536,Indonesia,-1.0153784,4,1993q3,1993,402,0,1,1,1,0,0,0,0,0,0,0,0,1,0,0,0
10/1/1993,IDN,536,Indonesia,-2.1304592,4,1993q4,1993,405,0,1,1,1,0,0,0,0,0,0,0,0,1,0,0,0
1/1/1994,IDN,536,Indonesia,-3.0790484,4,1994q1,1994,408,0,1,1,1,0,0,0,0,0,0,0,0,1,0,0,0
4/1/1994,IDN,536,Indonesia,-1.4255226,4,1994q2,1994,411,0,1,1,1,0,0,0,0,0,0,0,0,1,0,0,0
7/1/1994,IDN,536,Indonesia,-0.3746928,4,1994q3,1994,414,0,1,1,1,0,0,0,0,0,0,0,0,1,0,0,0
10/1/1994,IDN,536,Indonesia,-1.8855516,4,1994q4,1994,417,0,1,1,1,0,0,0,0,0,0,0,0,1,0,0,0
1/1/1995,IDN,536,Indonesia,-3.767205,4,1995q1,1995,420,0,1,1,1,0,0,0,0,0,0,0,0,1,0,0,0
4/1/1995,IDN,536,Indonesia,-4.1769564,4,1995q2,1995,423,0,1,1,1,0,0,0,0,0,0,0,0,1,0,0,0
7/1/1995,IDN,536,Indonesia,-3.3721078,4,1995q3,1995,426,0,1,1,1,0,0,0,0,0,0,0,0,1,0,0,0
10/1/1995,IDN,536,Indonesia,-2.4429267,4,1995q4,1995,429,0,1,1,1,0,0,0,0,0,0,0,0,1,0,0,0
1/1/1996,IDN,536,Indonesia,-3.984854,4,1996q1,1996,432,0,1,1,1,0,0,0,0,0,0,0,0,1,0,0,0
4/1/1996,IDN,536,Indonesia,-4.8142448,4,1996q2,1996,435,0,1,1,1,0,0,0,0,0,0,0,0,1,0,0,0
7/1/1996,IDN,536,Indonesia,-3.8127206,4,1996q3,1996,438,0,1,1,1,0,0,0,0,0,0,0,0,1,0,0,0
10/1/1996,IDN,536,Indonesia,-1.7061032,4,1996q4,1996,441,0,1,1,1,0,0,0,0,0,0,0,0,1,0,0,0
1/1/1997,IDN,536,Indonesia,-3.9056733,4,1997q1,1997,444,0,1,1,1,0,0,0,0,0,0,0,0,1,0,0,0
4/1/1997,IDN,536,Indonesia,-1.9443927,4,1997q2,1997,447,0,1,1,1,0,0,0,0,0,0,0,0,1,0,0,0
7/1/1997,IDN,536,Indonesia,-3.1403519,4,1997q3,1997,450,0,1,1,1,0,0,0,0,0,0,0,0,1,0,0,0
10/1/1997,IDN,536,Indonesia,-0.59531787,4,1997q4,1997,453,0,1,1,1,0,0,0,0,0,0,0,0,1,0,0,0
1/1/1998,IDN,536,Indonesia,4.743069,4,1998q1,1998,456,0,1,1,1,0,0,0,0,0,0,0,0,1,0,0,0
4/1/1998,IDN,536,Indonesia,5.0492194,4,1998q2,1998,459,0,1,1,1,0,0,0,0,0,0,0,0,1,0,0,0
7/1/1998,IDN,536,Indonesia,8.1629179,4,1998q3,1998,462,0,1,1,1,0,0,0,0,0,0,0,0,1,0,0,0
10/1/1998,IDN,536,Indonesia,2.5006019,4,1998q4,1998,465,0,1,1,1,0,0,0,0,0,0,0,0,1,0,0,0
1/1/1999,IDN,536,Indonesia,5.2329738,4,1999q1,1999,468,0,1,1,1,0,0,0,0,0,0,0,0,1,0,0,0
4/1/1999,IDN,536,Indonesia,2.2090329,4,1999q2,1999,471,0,1,1,1,0,0,0,0,0,0,0,0,1,0,0,0
7/1/1999,IDN,536,Indonesia,5.9479691,4,1999q3,1999,474,0,1,1,1,0,0,0,0,0,0,0,0,1,0,0,0
10/1/1999,IDN,536,Indonesia,3.9528962,4,1999q4,1999,477,0,1,1,1,0,0,0,0,0,0,0,0,1,0,0,0
1/1/2000,IDN,536,Indonesia,4.9825471,4,2000q1,2000,480,0,1,1,1,0,0,0,0,0,0,0,0,1,0,0,0
4/1/2000,IDN,536,Indonesia,3.8506437,4,2000q2,2000,483,0,1,1,1,0,0,0,0,0,0,0,0,1,0,0,0
7/1/2000,IDN,536,Indonesia,6.0178109,4,2000q3,2000,486,0,1,1,1,0,0,0,0,0,0,0,0,1,0,0,0
10/1/2000,IDN,536,Indonesia,6.8947226,4,2000q4,2000,489,0,1,1,1,0,0,0,0,0,0,0,0,1,0,0,0
1/1/2001,IDN,536,Indonesia,5.8456808,4,2001q1,2001,492,0,1,1,1,0,0,0,0,0,0,0,0,1,0,0,0
4/1/2001,IDN,536,Indonesia,3.9936766,4,2001q2,2001,495,0,1,1,1,0,0,0,0,0,0,0,0,1,0,0,0
7/1/2001,IDN,536,Indonesia,5.7274945,4,2001q3,2001,498,0,1,1,1,0,0,0,0,0,0,0,0,1,0,0,0
10/1/2001,IDN,536,Indonesia,2.8739106,4,2001q4,2001,501,0,1,1,1,0,0,0,0,0,0,0,0,1,0,0,0
1/1/2002,IDN,536,Indonesia,3.7739784,4,2002q1,2002,504,0,1,1,1,0,0,0,0,0,0,0,0,1,0,0,0
4/1/2002,IDN,536,Indonesia,3.8281951,4,2002q2,2002,507,0,1,1,1,0,0,0,0,0,0,0,0,1,0,0,0
7/1/2002,IDN,536,Indonesia,4.8767131,4,2002q3,2002,510,0,1,1,1,0,0,0,0,0,0,0,0,1,0,0,0
10/1/2002,IDN,536,Indonesia,3.6348231,4,2002q4,2002,513,0,1,1,1,0,0,0,0,0,0,0,0,1,0,0,0
1/1/2003,IDN,536,Indonesia,2.8272076,4,2003q1,2003,516,0,1,1,1,0,0,0,0,0,0,0,0,1,0,0,0
4/1/2003,IDN,536,Indonesia,3.6450066,4,2003q2,2003,519,0,1,1,1,0,0,0,0,0,0,0,0,1,0,0,0
7/1/2003,IDN,536,Indonesia,3.670349,4,2003q3,2003,522,0,1,1,1,0,0,0,0,0,0,0,0,1,0,0,0
10/1/2003,IDN,536,Indonesia,4.0294342,4,2003q4,2003,525,0,1,1,1,0,0,0,0,0,0,0,0,1,0,0,0
1/1/2004,IDN,536,Indonesia,-2.146881,1,2004q1,2004,528,0,1,1,1,0,0,0,0,0,0,0,0,1,0,0,0
4/1/2004,IDN,536,Indonesia,0.8486375,1,2004q2,2004,531,0,1,1,1,0,0,0,0,0,0,0,0,1,0,0,0
7/1/2004,IDN,536,Indonesia,2.171844,1,2004q3,2004,534,0,1,1,1,0,0,0,0,0,0,0,0,1,0,0,0
10/1/2004,IDN,536,Indonesia,1.435411,1,2004q4,2004,537,0,1,1,1,0,0,0,0,0,0,0,0,1,0,0,0
1/1/2005,IDN,536,Indonesia,0.560228,1,2005q1,2005,540,0,1,1,1,0,0,0,0,0,0,0,0,1,0,0,0
4/1/2005,IDN,536,Indonesia,-0.02203443,1,2005q2,2005,543,0,1,1,1,0,0,0,0,0,0,0,0,1,0,0,0
7/1/2005,IDN,536,Indonesia,-1.804588,1,2005q3,2005,546,0,1,1,1,0,0,0,0,0,0,0,0,1,0,0,0
10/1/2005,IDN,536,Indonesia,1.851315,1,2005q4,2005,549,0,1,1,1,0,0,0,0,0,0,0,0,1,0,0,0
1/1/2006,IDN,536,Indonesia,3.220182,1,2006q1,2006,552,0,1,1,1,0,0,0,0,0,0,0,0,1,0,0,0
4/1/2006,IDN,536,Indonesia,1.635647,1,2006q2,2006,555,0,1,1,1,0,0,0,0,0,0,0,0,1,0,0,0
7/1/2006,IDN,536,Indonesia,3.313709,1,2006q3,2006,558,0,1,1,1,0,0,0,0,0,0,0,0,1,0,0,0
10/1/2006,IDN,536,Indonesia,2.278319,1,2006q4,2006,561,0,1,1,1,0,0,0,0,0,0,0,0,1,0,0,0
1/1/2007,IDN,536,Indonesia,2.611087,1,2007q1,2007,564,0,1,1,1,0,0,0,0,0,0,0,0,1,0,0,0
4/1/2007,IDN,536,Indonesia,1.9675,1,2007q2,2007,567,0,1,1,1,0,0,0,0,0,0,0,0,1,0,0,0
7/1/2007,IDN,536,Indonesia,1.597732,1,2007q3,2007,570,0,1,1,1,0,0,0,0,0,0,0,0,1,0,0,0
10/1/2007,IDN,536,Indonesia,2.568414,1,2007q4,2007,573,0,1,1,1,0,0,0,0,0,0,0,0,1,0,0,0
1/1/2008,IDN,536,Indonesia,2.351596,1,2008q1,2008,576,0,1,1,1,0,0,0,0,0,0,0,0,1,0,0,0
4/1/2008,IDN,536,Indonesia,-0.741959,1,2008q2,2008,579,0,1,1,1,0,0,0,0,0,0,0,0,1,0,0,0
7/1/2008,IDN,536,Indonesia,-0.635837,1,2008q3,2008,582,0,1,1,1,0,0,0,0,0,0,0,0,1,0,0,0
10/1/2008,IDN,536,Indonesia,-0.7344864,1,2008q4,2008,585,0,1,1,1,0,0,0,0,0,0,0,0,1,0,0,0
1/1/2009,IDN,536,Indonesia,2.326456,1,2009q1,2009,588,0,1,1,1,0,0,0,0,0,0,0,0,1,0,0,0
4/1/2009,IDN,536,Indonesia,1.535263,1,2009q2,2009,591,0,1,1,1,0,0,0,0,0,0,0,0,1,0,0,0
7/1/2009,IDN,536,Indonesia,1.380568,1,2009q3,2009,594,0,1,1,1,0,0,0,0,0,0,0,0,1,0,0,0
10/1/2009,IDN,536,Indonesia,2.172981,1,2009q4,2009,597,0,1,1,1,0,0,0,0,0,0,0,0,1,0,0,0
1/1/2010,IDN,536,Indonesia,1.101465,1,2010q1,2010,600,0,1,1,1,0,0,0,0,0,0,0,0,1,0,0,0
4/1/2010,IDN,536,Indonesia,0.5839884,1,2010q2,2010,603,0,1,1,1,0,0,0,0,0,0,0,0,1,0,0,0
7/1/2010,IDN,536,Indonesia,0.7805173,1,2010q3,2010,606,0,1,1,1,0,0,0,0,0,0,0,0,1,0,0,0
10/1/2010,IDN,536,Indonesia,0.9775051,1,2010q4,2010,609,0,1,1,1,0,0,0,0,0,0,0,0,1,0,0,0
1/1/2011,IDN,536,Indonesia,1.129839,1,2011q1,2011,612,0,1,1,1,0,0,0,0,0,0,0,0,1,0,0,0
4/1/2011,IDN,536,Indonesia,-0.0786465,1,2011q2,2011,615,0,1,1,1,0,0,0,0,0,0,0,0,1,0,0,0
7/1/2011,IDN,536,Indonesia,0.2766483,1,2011q3,2011,618,0,1,1,1,0,0,0,0,0,0,0,0,1,0,0,0
10/1/2011,IDN,536,Indonesia,-0.5208851,1,2011q4,2011,621,0,1,1,1,0,0,0,0,0,0,0,0,1,0,0,0
1/1/2012,IDN,536,Indonesia,-1.537043,1,2012q1,2012,624,0,1,1,1,0,0,0,0,0,0,0,0,1,0,0,0
4/1/2012,IDN,536,Indonesia,-3.671229,1,2012q2,2012,627,0,1,1,1,0,0,0,0,0,0,0,0,1,0,0,0
7/1/2012,IDN,536,Indonesia,-2.527926,1,2012q3,2012,630,0,1,1,1,0,0,0,0,0,0,0,0,1,0,0,0
10/1/2012,IDN,536,Indonesia,-2.951509,1,2012q4,2012,633,0,1,1,1,0,0,0,0,0,0,0,0,1,0,0,0
1/1/2013,IDN,536,Indonesia,-2.627218,1,2013q1,2013,636,0,1,1,1,0,0,0,0,0,0,0,0,1,0,0,0
4/1/2013,IDN,536,Indonesia,-4.280996,1,2013q2,2013,639,0,1,1,1,0,0,0,0,0,0,0,0,1,0,0,0
7/1/2013,IDN,536,Indonesia,-4.036844,1,2013q3,2013,642,0,1,1,1,0,0,0,0,0,0,0,0,1,0,0,0
10/1/2013,IDN,536,Indonesia,-1.708035,1,2013q4,2013,645,0,1,1,1,0,0,0,0,0,0,0,0,1,0,0,0
1/1/2014,IDN,536,Indonesia,-2.324044,1,2014q1,2014,648,0,1,1,1,0,0,0,0,0,0,0,0,1,0,0,0
4/1/2014,IDN,536,Indonesia,-4.309683,1,2014q2,2014,651,0,1,1,1,0,0,0,0,0,0,0,0,1,0,0,0
7/1/2014,IDN,536,Indonesia,-3.274637,1,2014q3,2014,654,0,1,1,1,0,0,0,0,0,0,0,0,1,0,0,0
10/1/2014,IDN,536,Indonesia,-2.510994,1,2014q4,2014,657,0,1,1,1,0,0,0,0,0,0,0,0,1,0,0,0
1/1/2015,IDN,536,Indonesia,-2.026282,1,2015q1,2015,660,0,1,1,1,0,0,0,0,0,0,0,0,1,0,0,0
4/1/2015,IDN,536,Indonesia,-1.825251,1,2015q2,2015,663,0,1,1,1,0,0,0,0,0,0,0,0,1,0,0,0
7/1/2015,IDN,536,Indonesia,-2.077134,1,2015q3,2015,666,0,1,1,1,0,0,0,0,0,0,0,0,1,0,0,0
10/1/2015,IDN,536,Indonesia,-2.233556,1,2015q4,2015,669,0,1,1,1,0,0,0,0,0,0,0,0,1,0,0,0
1/1/2016,IDN,536,Indonesia,-2.237098,1,2016q1,2016,672,0,1,1,1,0,0,0,0,0,0,0,0,1,0,0,0
4/1/2016,IDN,536,Indonesia,-2.127307,1,2016q2,2016,675,0,1,1,1,0,0,0,0,0,0,0,0,1,0,0,0
7/1/2016,IDN,536,Indonesia,-2.134605,1,2016q3,2016,678,0,1,1,1,0,0,0,0,0,0,0,0,1,0,0,0
10/1/2016,IDN,536,Indonesia,-0.8232901,1,2016q4,2016,681,0,1,1,1,0,0,0,0,0,0,0,0,1,0,0,0
1/1/2017,IDN,536,Indonesia,-0.8021485,1,2017q1,2017,684,0,1,1,1,0,0,0,0,0,0,0,0,1,0,0,0
4/1/2017,IDN,536,Indonesia,-1.561005,1,2017q2,2017,687,0,1,1,1,0,0,0,0,0,0,0,0,1,0,0,0
7/1/2017,IDN,536,Indonesia,-1.893732,1,2017q3,2017,690,0,1,1,1,0,0,0,0,0,0,0,0,1,0,0,0
10/1/2017,IDN,536,Indonesia,-2.049264,1,2017q4,2017,693,0,1,1,1,0,0,0,0,0,0,0,0,1,0,0,0
1/1/2018,IDN,536,Indonesia,-1.783711,1,2018q1,2018,696,0,1,1,1,0,0,0,0,0,0,0,0,1,0,0,0
4/1/2018,IDN,536,Indonesia,-2.741345,1,2018q2,2018,699,0,1,1,1,0,0,0,0,0,0,0,0,1,0,0,0
7/1/2018,IDN,536,Indonesia,-3.737972,1,2018q3,2018,702,0,1,1,1,0,0,0,0,0,0,0,0,1,0,0,0
10/1/2018,IDN,536,Indonesia,-3.477285,1,2018q4,2018,705,0,1,1,1,0,0,0,0,0,0,0,0,1,0,0,0
1/1/2019,IDN,536,Indonesia,-2.420676,1,2019q1,2019,708,0,1,1,1,0,0,0,0,0,0,0,0,1,0,0,0
4/1/2019,IDN,536,Indonesia,-2.803633,1,2019q2,2019,711,0,1,1,1,0,0,0,0,0,0,0,0,1,0,0,0
7/1/2019,IDN,536,Indonesia,-2.956835,1,2019q3,2019,714,0,1,1,1,0,0,0,0,0,0,0,0,1,0,0,0
10/1/2019,IDN,536,Indonesia,-2.474731,1,2019q4,2019,717,0,1,1,1,0,0,0,0,0,0,0,0,1,0,0,0
1/1/2020,IDN,536,Indonesia,-1.34,1,2020q1,2020,720,0,1,1,1,0,0,0,0,0,0,0,0,1,0,0,0
4/1/2020,IDN,536,Indonesia,-1.015795,1,2020q2,2020,723,0,1,1,1,0,0,0,0,0,0,0,0,1,0,0,0
7/1/2020,IDN,536,Indonesia,0.01424687,1,2020q3,2020,726,0,1,1,1,0,0,0,0,0,0,0,0,1,0,0,0
10/1/2020,IDN,536,Indonesia,0.530153,1,2020q4,2020,729,0,1,1,1,0,0,0,0,0,0,0,0,1,0,0,0
1/1/2021,IDN,536,Indonesia,-0.3890743,1,2021q1,2021,732,0,1,1,1,0,0,0,0,0,0,0,0,1,0,0,0
4/1/2021,IDN,536,Indonesia,-0.3647441,1,2021q2,2021,735,0,1,1,1,0,0,0,0,0,0,0,0,1,0,0,0
7/1/2021,IDN,536,Indonesia,1.09915,1,2021q3,2021,738,0,1,1,1,0,0,0,0,0,0,0,0,1,0,0,0
10/1/2021,IDN,536,Indonesia,0.6899137,1,2021q4,2021,741,0,1,1,1,0,0,0,0,0,0,0,0,1,0,0,0
1/1/2022,IDN,536,Indonesia,0.3690944,1,2022q1,2022,744,0,1,1,1,0,0,0,0,0,0,0,0,1,0,0,0
4/1/2022,IDN,536,Indonesia,1.565192,1,2022q2,2022,747,0,1,1,1,0,0,0,0,0,0,0,0,1,0,0,0
7/1/2022,IDN,536,Indonesia,0.7113382,1,2022q3,2022,750,0,1,1,1,0,0,0,0,0,0,0,0,1,0,0,0
10/1/2022,IDN,536,Indonesia,1.298627,1,2022q4,2022,753,0,1,1,1,0,0,0,0,0,0,0,0,1,0,0,0
1/1/2023,IDN,536,Indonesia,1.074793,1,2023q1,2023,756,0,1,1,1,0,0,0,0,0,0,0,0,1,0,0,0
4/1/2023,IDN,536,Indonesia,-0.4265993,1,2023q2,2023,759,0,1,1,1,0,0,0,0,0,0,0,0,1,0,0,0
7/1/2023,IDN,536,Indonesia,-1.073588,1,2023q3,2023,762,0,1,1,1,0,0,0,0,0,0,0,0,1,0,0,0
10/1/2023,IDN,536,Indonesia,-0.186858,1,2023q4,2023,765,0,1,1,1,0,0,0,0,0,0,0,0,1,0,0,0
1/1/2024,IDN,536,Indonesia,-0.6072704,1,2024q1,2024,768,0,1,1,1,0,0,0,0,0,0,0,0,1,0,0,0
4/1/2024,IDN,536,Indonesia,-0.4884345,1,2024q2,2024,771,0,1,1,1,0,0,0,0,0,0,0,0,1,0,0,0
7/1/2024,IDN,536,Indonesia,-1.31108,1,2024q3,2024,774,0,1,1,1,0,0,0,0,0,0,0,0,1,0,0,0
10/1/2024,IDN,536,Indonesia,-0.1617739,1,2024q4,2024,777,0,1,1,1,0,0,0,0,0,0,0,0,1,0,0,0
1/1/1976,KOR,542,South Korea,-6.6746218,4,1976q1,1976,192,0,1,1,1,0,0,0,0,0,0,0,0,1,0,0,0
4/1/1976,KOR,542,South Korea,-1.1210259,4,1976q2,1976,195,0,1,1,1,0,0,0,0,0,0,0,0,1,0,0,0
7/1/1976,KOR,542,South Korea,-0.46104929,4,1976q3,1976,198,0,1,1,1,0,0,0,0,0,0,0,0,1,0,0,0
10/1/1976,KOR,542,South Korea,1.0038222,4,1976q4,1976,201,0,1,1,1,0,0,0,0,0,0,0,0,1,0,0,0
1/1/1977,KOR,542,South Korea,0.62587471,4,1977q1,1977,204,0,1,1,1,0,0,0,0,0,0,0,0,1,0,0,0
4/1/1977,KOR,542,South Korea,-2.3615907,4,1977q2,1977,207,0,1,1,1,0,0,0,0,0,0,0,0,1,0,0,0
7/1/1977,KOR,542,South Korea,1.3355777,4,1977q3,1977,210,0,1,1,1,0,0,0,0,0,0,0,0,1,0,0,0
10/1/1977,KOR,542,South Korea,0.28799473,4,1977q4,1977,213,0,1,1,1,0,0,0,0,0,0,0,0,1,0,0,0
1/1/1978,KOR,542,South Korea,0.35544882,4,1978q1,1978,216,0,1,1,1,0,0,0,0,0,0,0,0,1,0,0,0
4/1/1978,KOR,542,South Korea,-0.95088239,4,1978q2,1978,219,0,1,1,1,0,0,0,0,0,0,0,0,1,0,0,0
7/1/1978,KOR,542,South Korea,-2.7908486,4,1978q3,1978,222,0,1,1,1,0,0,0,0,0,0,0,0,1,0,0,0
10/1/1978,KOR,542,South Korea,-4.5559427,4,1978q4,1978,225,0,1,1,1,0,0,0,0,0,0,0,0,1,0,0,0
1/1/1979,KOR,542,South Korea,-6.4115613,4,1979q1,1979,228,0,1,1,1,0,0,0,0,0,0,0,0,1,0,0,0
4/1/1979,KOR,542,South Korea,-7.1355216,4,1979q2,1979,231,0,1,1,1,0,0,0,0,0,0,0,0,1,0,0,0
7/1/1979,KOR,542,South Korea,-6.4009235,4,1979q3,1979,234,0,1,1,1,0,0,0,0,0,0,0,0,1,0,0,0
10/1/1979,KOR,542,South Korea,-6.1590303,4,1979q4,1979,237,0,1,1,1,0,0,0,0,0,0,0,0,1,0,0,0
1/1/1980,KOR,542,South Korea,-13.06067,1,1980q1,1980,240,0,1,1,1,0,0,0,0,0,0,0,0,1,0,0,0
4/1/1980,KOR,542,South Korea,-10.05493,1,1980q2,1980,243,0,1,1,1,0,0,0,0,0,0,0,0,1,0,0,0
7/1/1980,KOR,542,South Korea,-9.874172,1,1980q3,1980,246,0,1,1,1,0,0,0,0,0,0,0,0,1,0,0,0
10/1/1980,KOR,542,South Korea,-8.965809,1,1980q4,1980,249,0,1,1,1,0,0,0,0,0,0,0,0,1,0,0,0
1/1/1981,KOR,542,South Korea,-8.951291,1,1981q1,1981,252,0,1,1,1,0,0,0,0,0,0,0,0,1,0,0,0
4/1/1981,KOR,542,South Korea,-9.414394,1,1981q2,1981,255,0,1,1,1,0,0,0,0,0,0,0,0,1,0,0,0
7/1/1981,KOR,542,South Korea,-8.869322,1,1981q3,1981,258,0,1,1,1,0,0,0,0,0,0,0,0,1,0,0,0
10/1/1981,KOR,542,South Korea,-7.800844,1,1981q4,1981,261,0,1,1,1,0,0,0,0,0,0,0,0,1,0,0,0
1/1/1982,KOR,542,South Korea,-4.385811,1,1982q1,1982,264,0,1,1,1,0,0,0,0,0,0,0,0,1,0,0,0
4/1/1982,KOR,542,South Korea,-6.119624,1,1982q2,1982,267,0,1,1,1,0,0,0,0,0,0,0,0,1,0,0,0
7/1/1982,KOR,542,South Korea,-8.035574,1,1982q3,1982,270,0,1,1,1,0,0,0,0,0,0,0,0,1,0,0,0
10/1/1982,KOR,542,South Korea,-9.483718,1,1982q4,1982,273,0,1,1,1,0,0,0,0,0,0,0,0,1,0,0,0
1/1/1983,KOR,542,South Korea,-7.029662,1,1983q1,1983,276,0,1,1,1,0,0,0,0,0,0,0,0,1,0,0,0
4/1/1983,KOR,542,South Korea,-4.239574,1,1983q2,1983,279,0,1,1,1,0,0,0,0,0,0,0,0,1,0,0,0
7/1/1983,KOR,542,South Korea,-1.770159,1,1983q3,1983,282,0,1,1,1,0,0,0,0,0,0,0,0,1,0,0,0
10/1/1983,KOR,542,South Korea,-3.109302,1,1983q4,1983,285,0,1,1,1,0,0,0,0,0,0,0,0,1,0,0,0
1/1/1984,KOR,542,South Korea,-1.856098,1,1984q1,1984,288,0,1,1,1,0,0,0,0,0,0,0,0,1,0,0,0
4/1/1984,KOR,542,South Korea,-3.321585,1,1984q2,1984,291,0,1,1,1,0,0,0,0,0,0,0,0,1,0,0,0
7/1/1984,KOR,542,South Korea,-2.677083,1,1984q3,1984,294,0,1,1,1,0,0,0,0,0,0,0,0,1,0,0,0
10/1/1984,KOR,542,South Korea,0.4023191,1,1984q4,1984,297,0,1,1,1,0,0,0,0,0,0,0,0,1,0,0,0
1/1/1985,KOR,542,South Korea,-2.548007,1,1985q1,1985,300,0,1,1,1,0,0,0,0,0,0,0,0,1,0,0,0
4/1/1985,KOR,542,South Korea,-2.169052,1,1985q2,1985,303,0,1,1,1,0,0,0,0,0,0,0,0,1,0,0,0
7/1/1985,KOR,542,South Korea,-2.071947,1,1985q3,1985,306,0,1,1,1,0,0,0,0,0,0,0,0,1,0,0,0
10/1/1985,KOR,542,South Korea,-1.647778,1,1985q4,1985,309,0,1,1,1,0,0,0,0,0,0,0,0,1,0,0,0
1/1/1986,KOR,542,South Korea,-1.784768,1,1986q1,1986,312,0,1,1,1,0,0,0,0,0,0,0,0,1,0,0,0
4/1/1986,KOR,542,South Korea,2.381165,1,1986q2,1986,315,0,1,1,1,0,0,0,0,0,0,0,0,1,0,0,0
7/1/1986,KOR,542,South Korea,3.535582,1,1986q3,1986,318,0,1,1,1,0,0,0,0,0,0,0,0,1,0,0,0
10/1/1986,KOR,542,South Korea,4.098764,1,1986q4,1986,321,0,1,1,1,0,0,0,0,0,0,0,0,1,0,0,0
1/1/1987,KOR,542,South Korea,6.9167,1,1987q1,1987,324,0,1,1,1,0,0,0,0,0,0,0,0,1,0,0,0
4/1/1987,KOR,542,South Korea,6.700158,1,1987q2,1987,327,0,1,1,1,0,0,0,0,0,0,0,0,1,0,0,0
7/1/1987,KOR,542,South Korea,3.871769,1,1987q3,1987,330,0,1,1,1,0,0,0,0,0,0,0,0,1,0,0,0
10/1/1987,KOR,542,South Korea,5.467674,1,1987q4,1987,333,0,1,1,1,0,0,0,0,0,0,0,0,1,0,0,0
1/1/1988,KOR,542,South Korea,7.36474,1,1988q1,1988,336,0,1,1,1,0,0,0,0,0,0,0,0,1,0,0,0
4/1/1988,KOR,542,South Korea,6.224498,1,1988q2,1988,339,0,1,1,1,0,0,0,0,0,0,0,0,1,0,0,0
7/1/1988,KOR,542,South Korea,5.10793,1,1988q3,1988,342,0,1,1,1,0,0,0,0,0,0,0,0,1,0,0,0
10/1/1988,KOR,542,South Korea,6.162459,1,1988q4,1988,345,0,1,1,1,0,0,0,0,0,0,0,0,1,0,0,0
1/1/1989,KOR,542,South Korea,3.757972,1,1989q1,1989,348,0,1,1,1,0,0,0,0,0,0,0,0,1,0,0,0
4/1/1989,KOR,542,South Korea,2.012088,1,1989q2,1989,351,0,1,1,1,0,0,0,0,0,0,0,0,1,0,0,0
7/1/1989,KOR,542,South Korea,0.3169944,1,1989q3,1989,354,0,1,1,1,0,0,0,0,0,0,0,0,1,0,0,0
10/1/1989,KOR,542,South Korea,0.09543243,1,1989q4,1989,357,0,1,1,1,0,0,0,0,0,0,0,0,1,0,0,0
1/1/1990,KOR,542,South Korea,0.1364802,1,1990q1,1990,360,0,1,1,1,0,0,0,0,0,0,0,0,1,0,0,0
4/1/1990,KOR,542,South Korea,-0.4067652,1,1990q2,1990,363,0,1,1,1,0,0,0,0,0,0,0,0,1,0,0,0
7/1/1990,KOR,542,South Korea,-0.2981258,1,1990q3,1990,366,0,1,1,1,0,0,0,0,0,0,0,0,1,0,0,0
10/1/1990,KOR,542,South Korea,-3.103908,1,1990q4,1990,369,0,1,1,1,0,0,0,0,0,0,0,0,1,0,0,0
1/1/1991,KOR,542,South Korea,-3.241218,1,1991q1,1991,372,0,1,1,1,0,0,0,0,0,0,0,0,1,0,0,0
4/1/1991,KOR,542,South Korea,-1.857103,1,1991q2,1991,375,0,1,1,1,0,0,0,0,0,0,0,0,1,0,0,0
7/1/1991,KOR,542,South Korea,-2.92325,1,1991q3,1991,378,0,1,1,1,0,0,0,0,0,0,0,0,1,0,0,0
10/1/1991,KOR,542,South Korea,-1.469909,1,1991q4,1991,381,0,1,1,1,0,0,0,0,0,0,0,0,1,0,0,0
1/1/1992,KOR,542,South Korea,-1.314466,1,1992q1,1992,384,0,1,1,1,0,0,0,0,0,0,0,0,1,0,0,0
4/1/1992,KOR,542,South Korea,-0.4901707,1,1992q2,1992,387,0,1,1,1,0,0,0,0,0,0,0,0,1,0,0,0
7/1/1992,KOR,542,South Korea,-0.5144314,1,1992q3,1992,390,0,1,1,1,0,0,0,0,0,0,0,0,1,0,0,0
10/1/1992,KOR,542,South Korea,-0.8484212,1,1992q4,1992,393,0,1,1,1,0,0,0,0,0,0,0,0,1,0,0,0
1/1/1993,KOR,542,South Korea,0.2334559,1,1993q1,1993,396,0,1,1,1,0,0,0,0,0,0,0,0,1,0,0,0
4/1/1993,KOR,542,South Korea,0.1908166,1,1993q2,1993,399,0,1,1,1,0,0,0,0,0,0,0,0,1,0,0,0
7/1/1993,KOR,542,South Korea,0.3348528,1,1993q3,1993,402,0,1,1,1,0,0,0,0,0,0,0,0,1,0,0,0
10/1/1993,KOR,542,South Korea,0.8759807,1,1993q4,1993,405,0,1,1,1,0,0,0,0,0,0,0,0,1,0,0,0
1/1/1994,KOR,542,South Korea,-0.1485151,1,1994q1,1994,408,0,1,1,1,0,0,0,0,0,0,0,0,1,0,0,0
4/1/1994,KOR,542,South Korea,-0.8513512,1,1994q2,1994,411,0,1,1,1,0,0,0,0,0,0,0,0,1,0,0,0
7/1/1994,KOR,542,South Korea,-1.401317,1,1994q3,1994,414,0,1,1,1,0,0,0,0,0,0,0,0,1,0,0,0
10/1/1994,KOR,542,South Korea,-1.503037,1,1994q4,1994,417,0,1,1,1,0,0,0,0,0,0,0,0,1,0,0,0
1/1/1995,KOR,542,South Korea,-1.521639,1,1995q1,1995,420,0,1,1,1,0,0,0,0,0,0,0,0,1,0,0,0
4/1/1995,KOR,542,South Korea,-2.005694,1,1995q2,1995,423,0,1,1,1,0,0,0,0,0,0,0,0,1,0,0,0
7/1/1995,KOR,542,South Korea,-1.982245,1,1995q3,1995,426,0,1,1,1,0,0,0,0,0,0,0,0,1,0,0,0
10/1/1995,KOR,542,South Korea,-1.454576,1,1995q4,1995,429,0,1,1,1,0,0,0,0,0,0,0,0,1,0,0,0
1/1/1996,KOR,542,South Korea,-2.434975,1,1996q1,1996,432,0,1,1,1,0,0,0,0,0,0,0,0,1,0,0,0
4/1/1996,KOR,542,South Korea,-3.625461,1,1996q2,1996,435,0,1,1,1,0,0,0,0,0,0,0,0,1,0,0,0
7/1/1996,KOR,542,South Korea,-4.439019,1,1996q3,1996,438,0,1,1,1,0,0,0,0,0,0,0,0,1,0,0,0
10/1/1996,KOR,542,South Korea,-4.98661,1,1996q4,1996,441,0,1,1,1,0,0,0,0,0,0,0,0,1,0,0,0
1/1/1997,KOR,542,South Korea,-3.516261,1,1997q1,1997,444,0,1,1,1,0,0,0,0,0,0,0,0,1,0,0,0
4/1/1997,KOR,542,South Korea,-1.436545,1,1997q2,1997,447,0,1,1,1,0,0,0,0,0,0,0,0,1,0,0,0
7/1/1997,KOR,542,South Korea,-1.801839,1,1997q3,1997,450,0,1,1,1,0,0,0,0,0,0,0,0,1,0,0,0
10/1/1997,KOR,542,South Korea,-0.262169,1,1997q4,1997,453,0,1,1,1,0,0,0,0,0,0,0,0,1,0,0,0
1/1/1998,KOR,542,South Korea,15.22481,1,1998q1,1998,456,0,1,1,1,0,0,0,0,0,0,0,0,1,0,0,0
4/1/1998,KOR,542,South Korea,9.749506,1,1998q2,1998,459,0,1,1,1,0,0,0,0,0,0,0,0,1,0,0,0
7/1/1998,KOR,542,South Korea,8.849979,1,1998q3,1998,462,0,1,1,1,0,0,0,0,0,0,0,0,1,0,0,0
10/1/1998,KOR,542,South Korea,7.173943,1,1998q4,1998,465,0,1,1,1,0,0,0,0,0,0,0,0,1,0,0,0
1/1/1999,KOR,542,South Korea,5.922624,1,1999q1,1999,468,0,1,1,1,0,0,0,0,0,0,0,0,1,0,0,0
4/1/1999,KOR,542,South Korea,4.333548,1,1999q2,1999,471,0,1,1,1,0,0,0,0,0,0,0,0,1,0,0,0
7/1/1999,KOR,542,South Korea,3.630345,1,1999q3,1999,474,0,1,1,1,0,0,0,0,0,0,0,0,1,0,0,0
10/1/1999,KOR,542,South Korea,3.158489,1,1999q4,1999,477,0,1,1,1,0,0,0,0,0,0,0,0,1,0,0,0
1/1/2000,KOR,542,South Korea,1.215509,1,2000q1,2000,480,0,1,1,1,0,0,0,0,0,0,0,0,1,0,0,0
4/1/2000,KOR,542,South Korea,1.646088,1,2000q2,2000,483,0,1,1,1,0,0,0,0,0,0,0,0,1,0,0,0
7/1/2000,KOR,542,South Korea,2.527795,1,2000q3,2000,486,0,1,1,1,0,0,0,0,0,0,0,0,1,0,0,0
10/1/2000,KOR,542,South Korea,1.387826,1,2000q4,2000,489,0,1,1,1,0,0,0,0,0,0,0,0,1,0,0,0
1/1/2001,KOR,542,South Korea,1.708123,1,2001q1,2001,492,0,1,1,1,0,0,0,0,0,0,0,0,1,0,0,0
4/1/2001,KOR,542,South Korea,1.303965,1,2001q2,2001,495,0,1,1,1,0,0,0,0,0,0,0,0,1,0,0,0
7/1/2001,KOR,542,South Korea,-0.748547,1,2001q3,2001,498,0,1,1,1,0,0,0,0,0,0,0,0,1,0,0,0
10/1/2001,KOR,542,South Korea,-0.6815557,1,2001q4,2001,501,0,1,1,1,0,0,0,0,0,0,0,0,1,0,0,0
1/1/2002,KOR,542,South Korea,1.330439,1,2002q1,2002,504,0,1,1,1,0,0,0,0,0,0,0,0,1,0,0,0
4/1/2002,KOR,542,South Korea,0.6505494,1,2002q2,2002,507,0,1,1,1,0,0,0,0,0,0,0,0,1,0,0,0
7/1/2002,KOR,542,South Korea,0.326054,1,2002q3,2002,510,0,1,1,1,0,0,0,0,0,0,0,0,1,0,0,0
10/1/2002,KOR,542,South Korea,0.2831276,1,2002q4,2002,513,0,1,1,1,0,0,0,0,0,0,0,0,1,0,0,0
1/1/2003,KOR,542,South Korea,-0.5270411,1,2003q1,2003,516,0,1,1,1,0,0,0,0,0,0,0,0,1,0,0,0
4/1/2003,KOR,542,South Korea,0.6589195,1,2003q2,2003,519,0,1,1,1,0,0,0,0,0,0,0,0,1,0,0,0
7/1/2003,KOR,542,South Korea,2.50825,1,2003q3,2003,522,0,1,1,1,0,0,0,0,0,0,0,0,1,0,0,0
10/1/2003,KOR,542,South Korea,3.375767,1,2003q4,2003,525,0,1,1,1,0,0,0,0,0,0,0,0,1,0,0,0
1/1/2004,KOR,542,South Korea,3.768539,1,2004q1,2004,528,0,1,1,1,0,0,0,0,0,0,0,0,1,0,0,0
4/1/2004,KOR,542,South Korea,4.269124,1,2004q2,2004,531,0,1,1,1,0,0,0,0,0,0,0,0,1,0,0,0
7/1/2004,KOR,542,South Korea,3.546322,1,2004q3,2004,534,0,1,1,1,0,0,0,0,0,0,0,0,1,0,0,0
10/1/2004,KOR,542,South Korea,2.711155,1,2004q4,2004,537,0,1,1,1,0,0,0,0,0,0,0,0,1,0,0,0
1/1/2005,KOR,542,South Korea,2.700899,1,2005q1,2005,540,0,1,1,1,0,0,0,0,0,0,0,0,1,0,0,0
4/1/2005,KOR,542,South Korea,0.9864379,1,2005q2,2005,543,0,1,1,1,0,0,0,0,0,0,0,0,1,0,0,0
7/1/2005,KOR,542,South Korea,0.6369491,1,2005q3,2005,546,0,1,1,1,0,0,0,0,0,0,0,0,1,0,0,0
10/1/2005,KOR,542,South Korea,0.7482136,1,2005q4,2005,549,0,1,1,1,0,0,0,0,0,0,0,0,1,0,0,0
1/1/2006,KOR,542,South Korea,-0.5328802,1,2006q1,2006,552,0,1,1,1,0,0,0,0,0,0,0,0,1,0,0,0
4/1/2006,KOR,542,South Korea,0.5175125,1,2006q2,2006,555,0,1,1,1,0,0,0,0,0,0,0,0,1,0,0,0
7/1/2006,KOR,542,South Korea,-0.4234734,1,2006q3,2006,558,0,1,1,1,0,0,0,0,0,0,0,0,1,0,0,0
10/1/2006,KOR,542,South Korea,1.143247,1,2006q4,2006,561,0,1,1,1,0,0,0,0,0,0,0,0,1,0,0,0
1/1/2007,KOR,542,South Korea,0.9446535,1,2007q1,2007,564,0,1,1,1,0,0,0,0,0,0,0,0,1,0,0,0
4/1/2007,KOR,542,South Korea,-0.08929096,1,2007q2,2007,567,0,1,1,1,0,0,0,0,0,0,0,0,1,0,0,0
7/1/2007,KOR,542,South Korea,2.66953,1,2007q3,2007,570,0,1,1,1,0,0,0,0,0,0,0,0,1,0,0,0
10/1/2007,KOR,542,South Korea,-0.07344692,1,2007q4,2007,573,0,1,1,1,0,0,0,0,0,0,0,0,1,0,0,0
1/1/2008,KOR,542,South Korea,0.1660655,1,2008q1,2008,576,0,1,1,1,0,0,0,0,0,0,0,0,1,0,0,0
4/1/2008,KOR,542,South Korea,-0.9560291,1,2008q2,2008,579,0,1,1,1,0,0,0,0,0,0,0,0,1,0,0,0
7/1/2008,KOR,542,South Korea,-1.808783,1,2008q3,2008,582,0,1,1,1,0,0,0,0,0,0,0,0,1,0,0,0
10/1/2008,KOR,542,South Korea,4.213204,1,2008q4,2008,585,0,1,1,1,0,0,0,0,0,0,0,0,1,0,0,0
1/1/2009,KOR,542,South Korea,6.533852,1,2009q1,2009,588,0,1,1,1,0,0,0,0,0,0,0,0,1,0,0,0
4/1/2009,KOR,542,South Korea,4.368027,1,2009q2,2009,591,0,1,1,1,0,0,0,0,0,0,0,0,1,0,0,0
7/1/2009,KOR,542,South Korea,1.332391,1,2009q3,2009,594,0,1,1,1,0,0,0,0,0,0,0,0,1,0,0,0
10/1/2009,KOR,542,South Korea,1.84705,1,2009q4,2009,597,0,1,1,1,0,0,0,0,0,0,0,0,1,0,0,0
1/1/2010,KOR,542,South Korea,0.9051626,1,2010q1,2010,600,0,1,1,1,0,0,0,0,0,0,0,0,1,0,0,0
4/1/2010,KOR,542,South Korea,4.285595,1,2010q2,2010,603,0,1,1,1,0,0,0,0,0,0,0,0,1,0,0,0
7/1/2010,KOR,542,South Korea,3.656855,1,2010q3,2010,606,0,1,1,1,0,0,0,0,0,0,0,0,1,0,0,0
10/1/2010,KOR,542,South Korea,0.6106021,1,2010q4,2010,609,0,1,1,1,0,0,0,0,0,0,0,0,1,0,0,0
1/1/2011,KOR,542,South Korea,0.2908908,1,2011q1,2011,612,0,1,1,1,0,0,0,0,0,0,0,0,1,0,0,0
4/1/2011,KOR,542,South Korea,-0.6412154,1,2011q2,2011,615,0,1,1,1,0,0,0,0,0,0,0,0,1,0,0,0
7/1/2011,KOR,542,South Korea,3.056823,1,2011q3,2011,618,0,1,1,1,0,0,0,0,0,0,0,0,1,0,0,0
10/1/2011,KOR,542,South Korea,2.341345,1,2011q4,2011,621,0,1,1,1,0,0,0,0,0,0,0,0,1,0,0,0
1/1/2012,KOR,542,South Korea,1.143302,1,2012q1,2012,624,0,1,1,1,0,0,0,0,0,0,0,0,1,0,0,0
4/1/2012,KOR,542,South Korea,3.262402,1,2012q2,2012,627,0,1,1,1,0,0,0,0,0,0,0,0,1,0,0,0
7/1/2012,KOR,542,South Korea,3.946061,1,2012q3,2012,630,0,1,1,1,0,0,0,0,0,0,0,0,1,0,0,0
10/1/2012,KOR,542,South Korea,6.099018,1,2012q4,2012,633,0,1,1,1,0,0,0,0,0,0,0,0,1,0,0,0
1/1/2013,KOR,542,South Korea,5.257655,1,2013q1,2013,636,0,1,1,1,0,0,0,0,0,0,0,0,1,0,0,0
4/1/2013,KOR,542,South Korea,5.828259,1,2013q2,2013,639,0,1,1,1,0,0,0,0,0,0,0,0,1,0,0,0
7/1/2013,KOR,542,South Korea,5.541135,1,2013q3,2013,642,0,1,1,1,0,0,0,0,0,0,0,0,1,0,0,0
10/1/2013,KOR,542,South Korea,4.935071,1,2013q4,2013,645,0,1,1,1,0,0,0,0,0,0,0,0,1,0,0,0
1/1/2014,KOR,542,South Korea,4.804672,1,2014q1,2014,648,0,1,1,1,0,0,0,0,0,0,0,0,1,0,0,0
4/1/2014,KOR,542,South Korea,5.697114,1,2014q2,2014,651,0,1,1,1,0,0,0,0,0,0,0,0,1,0,0,0
7/1/2014,KOR,542,South Korea,4.840222,1,2014q3,2014,654,0,1,1,1,0,0,0,0,0,0,0,0,1,0,0,0
10/1/2014,KOR,542,South Korea,5.997427,1,2014q4,2014,657,0,1,1,1,0,0,0,0,0,0,0,0,1,0,0,0
1/1/2015,KOR,542,South Korea,7.209271,1,2015q1,2015,660,0,1,1,1,0,0,0,0,0,0,0,0,1,0,0,0
4/1/2015,KOR,542,South Korea,6.548342,1,2015q2,2015,663,0,1,1,1,0,0,0,0,0,0,0,0,1,0,0,0
7/1/2015,KOR,542,South Korea,7.080159,1,2015q3,2015,666,0,1,1,1,0,0,0,0,0,0,0,0,1,0,0,0
10/1/2015,KOR,542,South Korea,6.478933,1,2015q4,2015,669,0,1,1,1,0,0,0,0,0,0,0,0,1,0,0,0
1/1/2016,KOR,542,South Korea,7.813641,1,2016q1,2016,672,0,1,1,1,0,0,0,0,0,0,0,0,1,0,0,0
4/1/2016,KOR,542,South Korea,7.100488,1,2016q2,2016,675,0,1,1,1,0,0,0,0,0,0,0,0,1,0,0,0
7/1/2016,KOR,542,South Korea,4.926708,1,2016q3,2016,678,0,1,1,1,0,0,0,0,0,0,0,0,1,0,0,0
10/1/2016,KOR,542,South Korea,5.08565,1,2016q4,2016,681,0,1,1,1,0,0,0,0,0,0,0,0,1,0,0,0
1/1/2017,KOR,542,South Korea,4.989868,1,2017q1,2017,684,0,1,1,1,0,0,0,0,0,0,0,0,1,0,0,0
4/1/2017,KOR,542,South Korea,3.879524,1,2017q2,2017,687,0,1,1,1,0,0,0,0,0,0,0,0,1,0,0,0
7/1/2017,KOR,542,South Korea,4.740256,1,2017q3,2017,690,0,1,1,1,0,0,0,0,0,0,0,0,1,0,0,0
10/1/2017,KOR,542,South Korea,3.998026,1,2017q4,2017,693,0,1,1,1,0,0,0,0,0,0,0,0,1,0,0,0
1/1/2018,KOR,542,South Korea,3.609071,1,2018q1,2018,696,0,1,1,1,0,0,0,0,0,0,0,0,1,0,0,0
4/1/2018,KOR,542,South Korea,4.57946,1,2018q2,2018,699,0,1,1,1,0,0,0,0,0,0,0,0,1,0,0,0
7/1/2018,KOR,542,South Korea,5.326824,1,2018q3,2018,702,0,1,1,1,0,0,0,0,0,0,0,0,1,0,0,0
10/1/2018,KOR,542,South Korea,3.467693,1,2018q4,2018,705,0,1,1,1,0,0,0,0,0,0,0,0,1,0,0,0
1/1/2019,KOR,542,South Korea,3.335994,1,2019q1,2019,708,0,1,1,1,0,0,0,0,0,0,0,0,1,0,0,0
4/1/2019,KOR,542,South Korea,3.023743,1,2019q2,2019,711,0,1,1,1,0,0,0,0,0,0,0,0,1,0,0,0
7/1/2019,KOR,542,South Korea,3.757811,1,2019q3,2019,714,0,1,1,1,0,0,0,0,0,0,0,0,1,0,0,0
10/1/2019,KOR,542,South Korea,3.518016,1,2019q4,2019,717,0,1,1,1,0,0,0,0,0,0,0,0,1,0,0,0
1/1/2020,KOR,542,South Korea,3.866408,1,2020q1,2020,720,0,1,1,1,0,0,0,0,0,0,0,0,1,0,0,0
4/1/2020,KOR,542,South Korea,1.782433,1,2020q2,2020,723,0,1,1,1,0,0,0,0,0,0,0,0,1,0,0,0
7/1/2020,KOR,542,South Korea,4.363066,1,2020q3,2020,726,0,1,1,1,0,0,0,0,0,0,0,0,1,0,0,0
10/1/2020,KOR,542,South Korea,7.012321,1,2020q4,2020,729,0,1,1,1,0,0,0,0,0,0,0,0,1,0,0,0
1/1/2021,KOR,542,South Korea,5.171711,1,2021q1,2021,732,0,1,1,1,0,0,0,0,0,0,0,0,1,0,0,0
4/1/2021,KOR,542,South Korea,5.048396,1,2021q2,2021,735,0,1,1,1,0,0,0,0,0,0,0,0,1,0,0,0
7/1/2021,KOR,542,South Korea,4.012245,1,2021q3,2021,738,0,1,1,1,0,0,0,0,0,0,0,0,1,0,0,0
10/1/2021,KOR,542,South Korea,3.316832,1,2021q4,2021,741,0,1,1,1,0,0,0,0,0,0,0,0,1,0,0,0
1/1/2022,KOR,542,South Korea,4.402325,1,2022q1,2022,744,0,1,1,1,0,0,0,0,0,0,0,0,1,0,0,0
4/1/2022,KOR,542,South Korea,2.605983,1,2022q2,2022,747,0,1,1,1,0,0,0,0,0,0,0,0,1,0,0,0
7/1/2022,KOR,542,South Korea,-0.967387,1,2022q3,2022,750,0,1,1,1,0,0,0,0,0,0,0,0,1,0,0,0
10/1/2022,KOR,542,South Korea,-0.73993,1,2022q4,2022,753,0,1,1,1,0,0,0,0,0,0,0,0,1,0,0,0
1/1/2023,KOR,542,South Korea,-1.002987,1,2023q1,2023,756,0,1,1,1,0,0,0,0,0,0,0,0,1,0,0,0
4/1/2023,KOR,542,South Korea,1.041241,1,2023q2,2023,759,0,1,1,1,0,0,0,0,0,0,0,0,1,0,0,0
7/1/2023,KOR,542,South Korea,2.696863,1,2023q3,2023,762,0,1,1,1,0,0,0,0,0,0,0,0,1,0,0,0
10/1/2023,KOR,542,South Korea,4.379703,1,2023q4,2023,765,0,1,1,1,0,0,0,0,0,0,0,0,1,0,0,0
1/1/2024,KOR,542,South Korea,4.773652,1,2024q1,2024,768,0,1,1,1,0,0,0,0,0,0,0,0,1,0,0,0
4/1/2024,KOR,542,South Korea,5.437078,1,2024q2,2024,771,0,1,1,1,0,0,0,0,0,0,0,0,1,0,0,0
7/1/2024,KOR,542,South Korea,5.140545,1,2024q3,2024,774,0,1,1,1,0,0,0,0,0,0,0,0,1,0,0,0
10/1/2024,KOR,542,South Korea,5.839573,1,2024q4,2024,777,0,1,1,1,0,0,0,0,0,0,0,0,1,0,0,0
1/1/1999,MYS,548,Malaysia,16.115106,4,1999q1,1999,468,0,1,1,1,0,0,0,0,0,0,0,0,1,0,0,0
4/1/1999,MYS,548,Malaysia,17.272868,4,1999q2,1999,471,0,1,1,1,0,0,0,0,0,0,0,0,1,0,0,0
7/1/1999,MYS,548,Malaysia,17.419586,4,1999q3,1999,474,0,1,1,1,0,0,0,0,0,0,0,0,1,0,0,0
10/1/1999,MYS,548,Malaysia,13.058359,4,1999q4,1999,477,0,1,1,1,0,0,0,0,0,0,0,0,1,0,0,0
1/1/2000,MYS,548,Malaysia,12.708814,4,2000q1,2000,480,0,1,1,1,0,0,0,0,0,0,0,0,1,0,0,0
4/1/2000,MYS,548,Malaysia,8.359537,4,2000q2,2000,483,0,1,1,1,0,0,0,0,0,0,0,0,1,0,0,0
7/1/2000,MYS,548,Malaysia,7.0485503,4,2000q3,2000,486,0,1,1,1,0,0,0,0,0,0,0,0,1,0,0,0
10/1/2000,MYS,548,Malaysia,8.5131134,4,2000q4,2000,489,0,1,1,1,0,0,0,0,0,0,0,0,1,0,0,0
1/1/2001,MYS,548,Malaysia,7.6371778,4,2001q1,2001,492,0,1,1,1,0,0,0,0,0,0,0,0,1,0,0,0
4/1/2001,MYS,548,Malaysia,8.171057,4,2001q2,2001,495,0,1,1,1,0,0,0,0,0,0,0,0,1,0,0,0
7/1/2001,MYS,548,Malaysia,9.0290058,4,2001q3,2001,498,0,1,1,1,0,0,0,0,0,0,0,0,1,0,0,0
10/1/2001,MYS,548,Malaysia,6.5863147,4,2001q4,2001,501,0,1,1,1,0,0,0,0,0,0,0,0,1,0,0,0
1/1/2002,MYS,548,Malaysia,7.0787893,4,2002q1,2002,504,0,1,1,1,0,0,0,0,0,0,0,0,1,0,0,0
4/1/2002,MYS,548,Malaysia,5.9293847,4,2002q2,2002,507,0,1,1,1,0,0,0,0,0,0,0,0,1,0,0,0
7/1/2002,MYS,548,Malaysia,6.9170099,4,2002q3,2002,510,0,1,1,1,0,0,0,0,0,0,0,0,1,0,0,0
10/1/2002,MYS,548,Malaysia,8.5947744,4,2002q4,2002,513,0,1,1,1,0,0,0,0,0,0,0,0,1,0,0,0
1/1/2003,MYS,548,Malaysia,12.041397,4,2003q1,2003,516,0,1,1,1,0,0,0,0,0,0,0,0,1,0,0,0
4/1/2003,MYS,548,Malaysia,12.834271,4,2003q2,2003,519,0,1,1,1,0,0,0,0,0,0,0,0,1,0,0,0
7/1/2003,MYS,548,Malaysia,12.495296,4,2003q3,2003,522,0,1,1,1,0,0,0,0,0,0,0,0,1,0,0,0
10/1/2003,MYS,548,Malaysia,11.462325,4,2003q4,2003,525,0,1,1,1,0,0,0,0,0,0,0,0,1,0,0,0
1/1/2004,MYS,548,Malaysia,12.016336,4,2004q1,2004,528,0,1,1,1,0,0,0,0,0,0,0,0,1,0,0,0
4/1/2004,MYS,548,Malaysia,11.139455,4,2004q2,2004,531,0,1,1,1,0,0,0,0,0,0,0,0,1,0,0,0
7/1/2004,MYS,548,Malaysia,12.904969,4,2004q3,2004,534,0,1,1,1,0,0,0,0,0,0,0,0,1,0,0,0
10/1/2004,MYS,548,Malaysia,12.393992,4,2004q4,2004,537,0,1,1,1,0,0,0,0,0,0,0,0,1,0,0,0
1/1/2005,MYS,548,Malaysia,15.990453,4,2005q1,2005,540,0,1,1,1,0,0,0,0,0,0,0,0,1,0,0,0
4/1/2005,MYS,548,Malaysia,14.822996,4,2005q2,2005,543,0,1,1,1,0,0,0,0,0,0,0,0,1,0,0,0
7/1/2005,MYS,548,Malaysia,13.870775,4,2005q3,2005,546,0,1,1,1,0,0,0,0,0,0,0,0,1,0,0,0
10/1/2005,MYS,548,Malaysia,13.675131,4,2005q4,2005,549,0,1,1,1,0,0,0,0,0,0,0,0,1,0,0,0
1/1/2006,MYS,548,Malaysia,15.407113,4,2006q1,2006,552,0,1,1,1,0,0,0,0,0,0,0,0,1,0,0,0
4/1/2006,MYS,548,Malaysia,14.692902,4,2006q2,2006,555,0,1,1,1,0,0,0,0,0,0,0,0,1,0,0,0
7/1/2006,MYS,548,Malaysia,17.781499,4,2006q3,2006,558,0,1,1,1,0,0,0,0,0,0,0,0,1,0,0,0
10/1/2006,MYS,548,Malaysia,18.215467,4,2006q4,2006,561,0,1,1,1,0,0,0,0,0,0,0,0,1,0,0,0
1/1/2007,MYS,548,Malaysia,14.847784,4,2007q1,2007,564,0,1,1,1,0,0,0,0,0,0,0,0,1,0,0,0
4/1/2007,MYS,548,Malaysia,15.951965,4,2007q2,2007,567,0,1,1,1,0,0,0,0,0,0,0,0,1,0,0,0
7/1/2007,MYS,548,Malaysia,16.112112,4,2007q3,2007,570,0,1,1,1,0,0,0,0,0,0,0,0,1,0,0,0
10/1/2007,MYS,548,Malaysia,15.928245,4,2007q4,2007,573,0,1,1,1,0,0,0,0,0,0,0,0,1,0,0,0
1/1/2008,MYS,548,Malaysia,14.457174,4,2008q1,2008,576,0,1,1,1,0,0,0,0,0,0,0,0,1,0,0,0
4/1/2008,MYS,548,Malaysia,19.249402,4,2008q2,2008,579,0,1,1,1,0,0,0,0,0,0,0,0,1,0,0,0
7/1/2008,MYS,548,Malaysia,19.096203,4,2008q3,2008,582,0,1,1,1,0,0,0,0,0,0,0,0,1,0,0,0
10/1/2008,MYS,548,Malaysia,16.916712,4,2008q4,2008,585,0,1,1,1,0,0,0,0,0,0,0,0,1,0,0,0
1/1/2009,MYS,548,Malaysia,19.652065,4,2009q1,2009,588,0,1,1,1,0,0,0,0,0,0,0,0,1,0,0,0
4/1/2009,MYS,548,Malaysia,16.406898,4,2009q2,2009,591,0,1,1,1,0,0,0,0,0,0,0,0,1,0,0,0
7/1/2009,MYS,548,Malaysia,14.901567,4,2009q3,2009,594,0,1,1,1,0,0,0,0,0,0,0,0,1,0,0,0
10/1/2009,MYS,548,Malaysia,15.424826,4,2009q4,2009,597,0,1,1,1,0,0,0,0,0,0,0,0,1,0,0,0
1/1/2010,MYS,548,Malaysia,15.355864,4,2010q1,2010,600,0,1,1,1,0,0,0,0,0,0,0,0,1,0,0,0
4/1/2010,MYS,548,Malaysia,8.6910872,5,2010q2,2010,603,0,1,1,1,0,0,0,0,0,0,0,0,1,0,0,0
7/1/2010,MYS,548,Malaysia,10.282314,5,2010q3,2010,606,0,1,1,1,0,0,0,0,0,0,0,0,1,0,0,0
10/1/2010,MYS,548,Malaysia,9.5138838,5,2010q4,2010,609,0,1,1,1,0,0,0,0,0,0,0,0,1,0,0,0
1/1/2011,MYS,548,Malaysia,10.699378,5,2011q1,2011,612,0,1,1,1,0,0,0,0,0,0,0,0,1,0,0,0
4/1/2011,MYS,548,Malaysia,10.173513,5,2011q2,2011,615,0,1,1,1,0,0,0,0,0,0,0,0,1,0,0,0
7/1/2011,MYS,548,Malaysia,10.653261,5,2011q3,2011,618,0,1,1,1,0,0,0,0,0,0,0,0,1,0,0,0
10/1/2011,MYS,548,Malaysia,8.7226351,5,2011q4,2011,621,0,1,1,1,0,0,0,0,0,0,0,0,1,0,0,0
1/1/2012,MYS,548,Malaysia,6.5812215,5,2012q1,2012,624,0,1,1,1,0,0,0,0,0,0,0,0,1,0,0,0
4/1/2012,MYS,548,Malaysia,5.0415082,5,2012q2,2012,627,0,1,1,1,0,0,0,0,0,0,0,0,1,0,0,0
7/1/2012,MYS,548,Malaysia,4.0678895,5,2012q3,2012,630,0,1,1,1,0,0,0,0,0,0,0,0,1,0,0,0
10/1/2012,MYS,548,Malaysia,5.5909078,5,2012q4,2012,633,0,1,1,1,0,0,0,0,0,0,0,0,1,0,0,0
1/1/2013,MYS,548,Malaysia,4.2326022,5,2013q1,2013,636,0,1,1,1,0,0,0,0,0,0,0,0,1,0,0,0
4/1/2013,MYS,548,Malaysia,2.8254181,5,2013q2,2013,639,0,1,1,1,0,0,0,0,0,0,0,0,1,0,0,0
7/1/2013,MYS,548,Malaysia,4.2641756,5,2013q3,2013,642,0,1,1,1,0,0,0,0,0,0,0,0,1,0,0,0
10/1/2013,MYS,548,Malaysia,4.2922429,5,2013q4,2013,645,0,1,1,1,0,0,0,0,0,0,0,0,1,0,0,0
1/1/2014,MYS,548,Malaysia,5.6841177,5,2014q1,2014,648,0,1,1,1,0,0,0,0,0,0,0,0,1,0,0,0
4/1/2014,MYS,548,Malaysia,4.7489353,5,2014q2,2014,651,0,1,1,1,0,0,0,0,0,0,0,0,1,0,0,0
7/1/2014,MYS,548,Malaysia,3.5804456,5,2014q3,2014,654,0,1,1,1,0,0,0,0,0,0,0,0,1,0,0,0
10/1/2014,MYS,548,Malaysia,2.8969438,5,2014q4,2014,657,0,1,1,1,0,0,0,0,0,0,0,0,1,0,0,0
1/1/2015,MYS,548,Malaysia,3.1121058,5,2015q1,2015,660,0,1,1,1,0,0,0,0,0,0,0,0,1,0,0,0
4/1/2015,MYS,548,Malaysia,2.7917387,5,2015q2,2015,663,0,1,1,1,0,0,0,0,0,0,0,0,1,0,0,0
7/1/2015,MYS,548,Malaysia,2.363641,5,2015q3,2015,666,0,1,1,1,0,0,0,0,0,0,0,0,1,0,0,0
10/1/2015,MYS,548,Malaysia,2.9765385,5,2015q4,2015,669,0,1,1,1,0,0,0,0,0,0,0,0,1,0,0,0
1/1/2016,MYS,548,Malaysia,2.0952995,5,2016q1,2016,672,0,1,1,1,0,0,0,0,0,0,0,0,1,0,0,0
4/1/2016,MYS,548,Malaysia,2.0472255,5,2016q2,2016,675,0,1,1,1,0,0,0,0,0,0,0,0,1,0,0,0
7/1/2016,MYS,548,Malaysia,2.1262974,5,2016q3,2016,678,0,1,1,1,0,0,0,0,0,0,0,0,1,0,0,0
10/1/2016,MYS,548,Malaysia,3.1952868,5,2016q4,2016,681,0,1,1,1,0,0,0,0,0,0,0,0,1,0,0,0
1/1/2017,MYS,548,Malaysia,2.2047603,5,2017q1,2017,684,0,1,1,1,0,0,0,0,0,0,0,0,1,0,0,0
4/1/2017,MYS,548,Malaysia,3.1845731,5,2017q2,2017,687,0,1,1,1,0,0,0,0,0,0,0,0,1,0,0,0
7/1/2017,MYS,548,Malaysia,3.3630659,5,2017q3,2017,690,0,1,1,1,0,0,0,0,0,0,0,0,1,0,0,0
10/1/2017,MYS,548,Malaysia,2.7497907,5,2017q4,2017,693,0,1,1,1,0,0,0,0,0,0,0,0,1,0,0,0
1/1/2018,MYS,548,Malaysia,3.2998518,5,2018q1,2018,696,0,1,1,1,0,0,0,0,0,0,0,0,1,0,0,0
4/1/2018,MYS,548,Malaysia,1.6529967,5,2018q2,2018,699,0,1,1,1,0,0,0,0,0,0,0,0,1,0,0,0
7/1/2018,MYS,548,Malaysia,2.2704003,5,2018q3,2018,702,0,1,1,1,0,0,0,0,0,0,0,0,1,0,0,0
10/1/2018,MYS,548,Malaysia,2.7222299,5,2018q4,2018,705,0,1,1,1,0,0,0,0,0,0,0,0,1,0,0,0
1/1/2019,MYS,548,Malaysia,3.8067364,5,2019q1,2019,708,0,1,1,1,0,0,0,0,0,0,0,0,1,0,0,0
4/1/2019,MYS,548,Malaysia,3.4274298,5,2019q2,2019,711,0,1,1,1,0,0,0,0,0,0,0,0,1,0,0,0
7/1/2019,MYS,548,Malaysia,3.4985846,5,2019q3,2019,714,0,1,1,1,0,0,0,0,0,0,0,0,1,0,0,0
10/1/2019,MYS,548,Malaysia,2.1927257,5,2019q4,2019,717,0,1,1,1,0,0,0,0,0,0,0,0,1,0,0,0
1/1/2020,MYS,548,Malaysia,2.3487947,5,2020q1,2020,720,0,1,1,1,0,0,0,0,0,0,0,0,1,0,0,0
4/1/1977,PHL,566,Philippines,-1.682898,4,1977q2,1977,207,0,1,1,1,0,0,0,0,0,0,0,0,1,0,0,0
10/1/1977,PHL,566,Philippines,-1.0859989,4,1977q4,1977,213,0,1,1,1,0,0,0,0,0,0,0,0,1,0,0,0
4/1/1978,PHL,566,Philippines,-2.531152,4,1978q2,1978,219,0,1,1,1,0,0,0,0,0,0,0,0,1,0,0,0
10/1/1978,PHL,566,Philippines,-2.6878351,4,1978q4,1978,225,0,1,1,1,0,0,0,0,0,0,0,0,1,0,0,0
4/1/1979,PHL,566,Philippines,-2.884,4,1979q2,1979,231,0,1,1,1,0,0,0,0,0,0,0,0,1,0,0,0
10/1/1979,PHL,566,Philippines,-1.8493034,4,1979q4,1979,237,0,1,1,1,0,0,0,0,0,0,0,0,1,0,0,0
4/1/1980,PHL,566,Philippines,-2.7856845,4,1980q2,1980,243,0,1,1,1,0,0,0,0,0,0,0,0,1,0,0,0
10/1/1980,PHL,566,Philippines,-3.0841148,4,1980q4,1980,249,0,1,1,1,0,0,0,0,0,0,0,0,1,0,0,0
1/1/1981,PHL,566,Philippines,-2.2341582,4,1981q1,1981,252,0,1,1,1,0,0,0,0,0,0,0,0,1,0,0,0
4/1/1981,PHL,566,Philippines,-4.8246861,4,1981q2,1981,255,0,1,1,1,0,0,0,0,0,0,0,0,1,0,0,0
7/1/1981,PHL,566,Philippines,-8.0682532,4,1981q3,1981,258,0,1,1,1,0,0,0,0,0,0,0,0,1,0,0,0
10/1/1981,PHL,566,Philippines,-6.8961919,4,1981q4,1981,261,0,1,1,1,0,0,0,0,0,0,0,0,1,0,0,0
1/1/1982,PHL,566,Philippines,-8.6241514,4,1982q1,1982,264,0,1,1,1,0,0,0,0,0,0,0,0,1,0,0,0
4/1/1982,PHL,566,Philippines,-7.1375056,4,1982q2,1982,267,0,1,1,1,0,0,0,0,0,0,0,0,1,0,0,0
7/1/1982,PHL,566,Philippines,-9.479289,4,1982q3,1982,270,0,1,1,1,0,0,0,0,0,0,0,0,1,0,0,0
10/1/1982,PHL,566,Philippines,-7.6741484,4,1982q4,1982,273,0,1,1,1,0,0,0,0,0,0,0,0,1,0,0,0
1/1/1983,PHL,566,Philippines,-8.1283714,4,1983q1,1983,276,0,1,1,1,0,0,0,0,0,0,0,0,1,0,0,0
4/1/1983,PHL,566,Philippines,-5.8765903,4,1983q2,1983,279,0,1,1,1,0,0,0,0,0,0,0,0,1,0,0,0
7/1/1983,PHL,566,Philippines,-7.0529582,4,1983q3,1983,282,0,1,1,1,0,0,0,0,0,0,0,0,1,0,0,0
10/1/1983,PHL,566,Philippines,-11.83403,4,1983q4,1983,285,0,1,1,1,0,0,0,0,0,0,0,0,1,0,0,0
1/1/1984,PHL,566,Philippines,-5.9277051,4,1984q1,1984,288,0,1,1,1,0,0,0,0,0,0,0,0,1,0,0,0
4/1/1984,PHL,566,Philippines,-3.6365733,4,1984q2,1984,291,0,1,1,1,0,0,0,0,0,0,0,0,1,0,0,0
7/1/1984,PHL,566,Philippines,-4.9056207,4,1984q3,1984,294,0,1,1,1,0,0,0,0,0,0,0,0,1,0,0,0
10/1/1984,PHL,566,Philippines,-1.9988803,4,1984q4,1984,297,0,1,1,1,0,0,0,0,0,0,0,0,1,0,0,0
1/1/1985,PHL,566,Philippines,-0.28681866,4,1985q1,1985,300,0,1,1,1,0,0,0,0,0,0,0,0,1,0,0,0
4/1/1985,PHL,566,Philippines,0.6433324,4,1985q2,1985,303,0,1,1,1,0,0,0,0,0,0,0,0,1,0,0,0
7/1/1985,PHL,566,Philippines,-1.6592601,4,1985q3,1985,306,0,1,1,1,0,0,0,0,0,0,0,0,1,0,0,0
10/1/1985,PHL,566,Philippines,0.57048425,4,1985q4,1985,309,0,1,1,1,0,0,0,0,0,0,0,0,1,0,0,0
1/1/1986,PHL,566,Philippines,0.52185496,4,1986q1,1986,312,0,1,1,1,0,0,0,0,0,0,0,0,1,0,0,0
4/1/1986,PHL,566,Philippines,6.7705933,4,1986q2,1986,315,0,1,1,1,0,0,0,0,0,0,0,0,1,0,0,0
7/1/1986,PHL,566,Philippines,4.6404412,4,1986q3,1986,318,0,1,1,1,0,0,0,0,0,0,0,0,1,0,0,0
10/1/1986,PHL,566,Philippines,0.59341997,4,1986q4,1986,321,0,1,1,1,0,0,0,0,0,0,0,0,1,0,0,0
1/1/1987,PHL,566,Philippines,-1.6075176,4,1987q1,1987,324,0,1,1,1,0,0,0,0,0,0,0,0,1,0,0,0
4/1/1987,PHL,566,Philippines,-0.95484451,4,1987q2,1987,327,0,1,1,1,0,0,0,0,0,0,0,0,1,0,0,0
7/1/1987,PHL,566,Philippines,-1.6039331,4,1987q3,1987,330,0,1,1,1,0,0,0,0,0,0,0,0,1,0,0,0
10/1/1987,PHL,566,Philippines,-1.2222864,4,1987q4,1987,333,0,1,1,1,0,0,0,0,0,0,0,0,1,0,0,0
1/1/1988,PHL,566,Philippines,-0.32426009,4,1988q1,1988,336,0,1,1,1,0,0,0,0,0,0,0,0,1,0,0,0
4/1/1988,PHL,566,Philippines,-1.5294889,4,1988q2,1988,339,0,1,1,1,0,0,0,0,0,0,0,0,1,0,0,0
7/1/1988,PHL,566,Philippines,-1.4470045,4,1988q3,1988,342,0,1,1,1,0,0,0,0,0,0,0,0,1,0,0,0
10/1/1988,PHL,566,Philippines,-0.98331819,4,1988q4,1988,345,0,1,1,1,0,0,0,0,0,0,0,0,1,0,0,0
1/1/1989,PHL,566,Philippines,-1.6312023,4,1989q1,1989,348,0,1,1,1,0,0,0,0,0,0,0,0,1,0,0,0
4/1/1989,PHL,566,Philippines,-5.1115584,4,1989q2,1989,351,0,1,1,1,0,0,0,0,0,0,0,0,1,0,0,0
7/1/1989,PHL,566,Philippines,-3.7551861,4,1989q3,1989,354,0,1,1,1,0,0,0,0,0,0,0,0,1,0,0,0
10/1/1989,PHL,566,Philippines,-3.4372158,4,1989q4,1989,357,0,1,1,1,0,0,0,0,0,0,0,0,1,0,0,0
1/1/1990,PHL,566,Philippines,-4.6439981,4,1990q1,1990,360,0,1,1,1,0,0,0,0,0,0,0,0,1,0,0,0
4/1/1990,PHL,566,Philippines,-5.4615242,4,1990q2,1990,363,0,1,1,1,0,0,0,0,0,0,0,0,1,0,0,0
7/1/1990,PHL,566,Philippines,-6.0532093,4,1990q3,1990,366,0,1,1,1,0,0,0,0,0,0,0,0,1,0,0,0
10/1/1990,PHL,566,Philippines,-8.8302278,4,1990q4,1990,369,0,1,1,1,0,0,0,0,0,0,0,0,1,0,0,0
1/1/1991,PHL,566,Philippines,-7.2126608,4,1991q1,1991,372,0,1,1,1,0,0,0,0,0,0,0,0,1,0,0,0
4/1/1991,PHL,566,Philippines,1.9625418,4,1991q2,1991,375,0,1,1,1,0,0,0,0,0,0,0,0,1,0,0,0
7/1/1991,PHL,566,Philippines,-3.290162,4,1991q3,1991,378,0,1,1,1,0,0,0,0,0,0,0,0,1,0,0,0
10/1/1991,PHL,566,Philippines,-1.3002084,4,1991q4,1991,381,0,1,1,1,0,0,0,0,0,0,0,0,1,0,0,0
1/1/1992,PHL,566,Philippines,0.23048243,4,1992q1,1992,384,0,1,1,1,0,0,0,0,0,0,0,0,1,0,0,0
4/1/1992,PHL,566,Philippines,-3.5269604,4,1992q2,1992,387,0,1,1,1,0,0,0,0,0,0,0,0,1,0,0,0
7/1/1992,PHL,566,Philippines,-2.5798764,4,1992q3,1992,390,0,1,1,1,0,0,0,0,0,0,0,0,1,0,0,0
10/1/1992,PHL,566,Philippines,-1.8391682,4,1992q4,1992,393,0,1,1,1,0,0,0,0,0,0,0,0,1,0,0,0
1/1/1993,PHL,566,Philippines,-1.9359775,4,1993q1,1993,396,0,1,1,1,0,0,0,0,0,0,0,0,1,0,0,0
4/1/1993,PHL,566,Philippines,-5.1554957,4,1993q2,1993,399,0,1,1,1,0,0,0,0,0,0,0,0,1,0,0,0
7/1/1993,PHL,566,Philippines,-8.0128769,4,1993q3,1993,402,0,1,1,1,0,0,0,0,0,0,0,0,1,0,0,0
10/1/1993,PHL,566,Philippines,-7.5982412,4,1993q4,1993,405,0,1,1,1,0,0,0,0,0,0,0,0,1,0,0,0
1/1/1994,PHL,566,Philippines,-4.1806008,4,1994q1,1994,408,0,1,1,1,0,0,0,0,0,0,0,0,1,0,0,0
4/1/1994,PHL,566,Philippines,-6.0716125,4,1994q2,1994,411,0,1,1,1,0,0,0,0,0,0,0,0,1,0,0,0
7/1/1994,PHL,566,Philippines,-3.4812532,4,1994q3,1994,414,0,1,1,1,0,0,0,0,0,0,0,0,1,0,0,0
10/1/1994,PHL,566,Philippines,-4.7689018,4,1994q4,1994,417,0,1,1,1,0,0,0,0,0,0,0,0,1,0,0,0
1/1/1995,PHL,566,Philippines,-4.4386245,4,1995q1,1995,420,0,1,1,1,0,0,0,0,0,0,0,0,1,0,0,0
4/1/1995,PHL,566,Philippines,-4.190624,4,1995q2,1995,423,0,1,1,1,0,0,0,0,0,0,0,0,1,0,0,0
7/1/1995,PHL,566,Philippines,1.4681904,4,1995q3,1995,426,0,1,1,1,0,0,0,0,0,0,0,0,1,0,0,0
10/1/1995,PHL,566,Philippines,-3.7565761,4,1995q4,1995,429,0,1,1,1,0,0,0,0,0,0,0,0,1,0,0,0
1/1/1996,PHL,566,Philippines,-4.1578778,4,1996q1,1996,432,0,1,1,1,0,0,0,0,0,0,0,0,1,0,0,0
4/1/1996,PHL,566,Philippines,-8.8403846,4,1996q2,1996,435,0,1,1,1,0,0,0,0,0,0,0,0,1,0,0,0
7/1/1996,PHL,566,Philippines,0.17911834,4,1996q3,1996,438,0,1,1,1,0,0,0,0,0,0,0,0,1,0,0,0
10/1/1996,PHL,566,Philippines,-6.3309442,4,1996q4,1996,441,0,1,1,1,0,0,0,0,0,0,0,0,1,0,0,0
1/1/1997,PHL,566,Philippines,-2.5572615,4,1997q1,1997,444,0,1,1,1,0,0,0,0,0,0,0,0,1,0,0,0
4/1/1997,PHL,566,Philippines,-6.5844336,4,1997q2,1997,447,0,1,1,1,0,0,0,0,0,0,0,0,1,0,0,0
7/1/1997,PHL,566,Philippines,-7.9802521,4,1997q3,1997,450,0,1,1,1,0,0,0,0,0,0,0,0,1,0,0,0
10/1/1997,PHL,566,Philippines,-5.3762808,4,1997q4,1997,453,0,1,1,1,0,0,0,0,0,0,0,0,1,0,0,0
1/1/1998,PHL,566,Philippines,-0.26197512,4,1998q1,1998,456,0,1,1,1,0,0,0,0,0,0,0,0,1,0,0,0
4/1/1998,PHL,566,Philippines,2.0839344,4,1998q2,1998,459,0,1,1,1,0,0,0,0,0,0,0,0,1,0,0,0
7/1/1998,PHL,566,Philippines,3.5881682,4,1998q3,1998,462,0,1,1,1,0,0,0,0,0,0,0,0,1,0,0,0
10/1/1998,PHL,566,Philippines,3.4781175,4,1998q4,1998,465,0,1,1,1,0,0,0,0,0,0,0,0,1,0,0,0
1/1/1999,PHL,566,Philippines,-4.8176019,4,1999q1,1999,468,0,1,1,1,0,0,0,0,0,0,0,0,1,0,0,0
4/1/1999,PHL,566,Philippines,-5.0990951,4,1999q2,1999,471,0,1,1,1,0,0,0,0,0,0,0,0,1,0,0,0
7/1/1999,PHL,566,Philippines,-1.7744828,4,1999q3,1999,474,0,1,1,1,0,0,0,0,0,0,0,0,1,0,0,0
10/1/1999,PHL,566,Philippines,-3.7161795,4,1999q4,1999,477,0,1,1,1,0,0,0,0,0,0,0,0,1,0,0,0
1/1/2000,PHL,566,Philippines,-5.9761249,4,2000q1,2000,480,0,1,1,1,0,0,0,0,0,0,0,0,1,0,0,0
4/1/2000,PHL,566,Philippines,-1.2747528,4,2000q2,2000,483,0,1,1,1,0,0,0,0,0,0,0,0,1,0,0,0
7/1/2000,PHL,566,Philippines,-2.0332671,4,2000q3,2000,486,0,1,1,1,0,0,0,0,0,0,0,0,1,0,0,0
10/1/2000,PHL,566,Philippines,-2.8697166,4,2000q4,2000,489,0,1,1,1,0,0,0,0,0,0,0,0,1,0,0,0
1/1/2001,PHL,566,Philippines,-2.4345167,4,2001q1,2001,492,0,1,1,1,0,0,0,0,0,0,0,0,1,0,0,0
4/1/2001,PHL,566,Philippines,-7.0047707,4,2001q2,2001,495,0,1,1,1,0,0,0,0,0,0,0,0,1,0,0,0
7/1/2001,PHL,566,Philippines,-4.1070143,4,2001q3,2001,498,0,1,1,1,0,0,0,0,0,0,0,0,1,0,0,0
10/1/2001,PHL,566,Philippines,2.5901253,4,2001q4,2001,501,0,1,1,1,0,0,0,0,0,0,0,0,1,0,0,0
1/1/2002,PHL,566,Philippines,4.0343608,4,2002q1,2002,504,0,1,1,1,0,0,0,0,0,0,0,0,1,0,0,0
4/1/2002,PHL,566,Philippines,-3.0462098,4,2002q2,2002,507,0,1,1,1,0,0,0,0,0,0,0,0,1,0,0,0
7/1/2002,PHL,566,Philippines,-3.5497148,4,2002q3,2002,510,0,1,1,1,0,0,0,0,0,0,0,0,1,0,0,0
10/1/2002,PHL,566,Philippines,0.8923695,4,2002q4,2002,513,0,1,1,1,0,0,0,0,0,0,0,0,1,0,0,0
1/1/2003,PHL,566,Philippines,-2.5641143,4,2003q1,2003,516,0,1,1,1,0,0,0,0,0,0,0,0,1,0,0,0
4/1/2003,PHL,566,Philippines,-1.4754306,4,2003q2,2003,519,0,1,1,1,0,0,0,0,0,0,0,0,1,0,0,0
7/1/2003,PHL,566,Philippines,2.6233709,4,2003q3,2003,522,0,1,1,1,0,0,0,0,0,0,0,0,1,0,0,0
10/1/2003,PHL,566,Philippines,2.2709393,4,2003q4,2003,525,0,1,1,1,0,0,0,0,0,0,0,0,1,0,0,0
1/1/2004,PHL,566,Philippines,-1.473437,4,2004q1,2004,528,0,1,1,1,0,0,0,0,0,0,0,0,1,0,0,0
4/1/2004,PHL,566,Philippines,0.95677975,4,2004q2,2004,531,0,1,1,1,0,0,0,0,0,0,0,0,1,0,0,0
7/1/2004,PHL,566,Philippines,2.2237509,4,2004q3,2004,534,0,1,1,1,0,0,0,0,0,0,0,0,1,0,0,0
10/1/2004,PHL,566,Philippines,4.8305504,4,2004q4,2004,537,0,1,1,1,0,0,0,0,0,0,0,0,1,0,0,0
1/1/2005,PHL,566,Philippines,2.8433717,4,2005q1,2005,540,0,1,1,1,0,0,0,0,0,0,0,0,1,0,0,0
4/1/2005,PHL,566,Philippines,0.53754575,4,2005q2,2005,543,0,1,1,1,0,0,0,0,0,0,0,0,1,0,0,0
7/1/2005,PHL,566,Philippines,1.9335951,4,2005q3,2005,546,0,1,1,1,0,0,0,0,0,0,0,0,1,0,0,0
10/1/2005,PHL,566,Philippines,2.3210085,4,2005q4,2005,549,0,1,1,1,0,0,0,0,0,0,0,0,1,0,0,0
1/1/2006,PHL,566,Philippines,3.1842311,4,2006q1,2006,552,0,1,1,1,0,0,0,0,0,0,0,0,1,0,0,0
4/1/2006,PHL,566,Philippines,6.1368391,4,2006q2,2006,555,0,1,1,1,0,0,0,0,0,0,0,0,1,0,0,0
7/1/2006,PHL,566,Philippines,3.4605889,4,2006q3,2006,558,0,1,1,1,0,0,0,0,0,0,0,0,1,0,0,0
10/1/2006,PHL,566,Philippines,4.9100896,4,2006q4,2006,561,0,1,1,1,0,0,0,0,0,0,0,0,1,0,0,0
1/1/2007,PHL,566,Philippines,5.9184035,4,2007q1,2007,564,0,1,1,1,0,0,0,0,0,0,0,0,1,0,0,0
4/1/2007,PHL,566,Philippines,6.2383312,4,2007q2,2007,567,0,1,1,1,0,0,0,0,0,0,0,0,1,0,0,0
7/1/2007,PHL,566,Philippines,4.1139588,4,2007q3,2007,570,0,1,1,1,0,0,0,0,0,0,0,0,1,0,0,0
10/1/2007,PHL,566,Philippines,3.198536,4,2007q4,2007,573,0,1,1,1,0,0,0,0,0,0,0,0,1,0,0,0
1/1/2008,PHL,566,Philippines,2.380537,4,2008q1,2008,576,0,1,1,1,0,0,0,0,0,0,0,0,1,0,0,0
4/1/2008,PHL,566,Philippines,2.9791986,4,2008q2,2008,579,0,1,1,1,0,0,0,0,0,0,0,0,1,0,0,0
7/1/2008,PHL,566,Philippines,-0.87239017,4,2008q3,2008,582,0,1,1,1,0,0,0,0,0,0,0,0,1,0,0,0
10/1/2008,PHL,566,Philippines,3.746588,4,2008q4,2008,585,0,1,1,1,0,0,0,0,0,0,0,0,1,0,0,0
1/1/2009,PHL,566,Philippines,6.2139492,4,2009q1,2009,588,0,1,1,1,0,0,0,0,0,0,0,0,1,0,0,0
4/1/2009,PHL,566,Philippines,6.8793713,4,2009q2,2009,591,0,1,1,1,0,0,0,0,0,0,0,0,1,0,0,0
7/1/2009,PHL,566,Philippines,5.0095909,4,2009q3,2009,594,0,1,1,1,0,0,0,0,0,0,0,0,1,0,0,0
10/1/2009,PHL,566,Philippines,4.1677331,4,2009q4,2009,597,0,1,1,1,0,0,0,0,0,0,0,0,1,0,0,0
1/1/2010,PHL,566,Philippines,2.6078512,4,2010q1,2010,600,0,1,1,1,0,0,0,0,0,0,0,0,1,0,0,0
4/1/2010,PHL,566,Philippines,4.5992185,4,2010q2,2010,603,0,1,1,1,0,0,0,0,0,0,0,0,1,0,0,0
7/1/2010,PHL,566,Philippines,7.0614289,4,2010q3,2010,606,0,1,1,1,0,0,0,0,0,0,0,0,1,0,0,0
10/1/2010,PHL,566,Philippines,2.5208304,4,2010q4,2010,609,0,1,1,1,0,0,0,0,0,0,0,0,1,0,0,0
1/1/2011,PHL,566,Philippines,1.7221908,4,2011q1,2011,612,0,1,1,1,0,0,0,0,0,0,0,0,1,0,0,0
4/1/2011,PHL,566,Philippines,2.6412917,5,2011q2,2011,615,0,1,1,1,0,0,0,0,0,0,0,0,1,0,0,0
7/1/2011,PHL,566,Philippines,2.0684091,5,2011q3,2011,618,0,1,1,1,0,0,0,0,0,0,0,0,1,0,0,0
10/1/2011,PHL,566,Philippines,3.1963037,5,2011q4,2011,621,0,1,1,1,0,0,0,0,0,0,0,0,1,0,0,0
1/1/2012,PHL,566,Philippines,-0.22983749,5,2012q1,2012,624,0,1,1,1,0,0,0,0,0,0,0,0,1,0,0,0
4/1/2012,PHL,566,Philippines,3.0675685,5,2012q2,2012,627,0,1,1,1,0,0,0,0,0,0,0,0,1,0,0,0
7/1/2012,PHL,566,Philippines,3.1460774,5,2012q3,2012,630,0,1,1,1,0,0,0,0,0,0,0,0,1,0,0,0
10/1/2012,PHL,566,Philippines,4.3772187,5,2012q4,2012,633,0,1,1,1,0,0,0,0,0,0,0,0,1,0,0,0
1/1/2013,PHL,566,Philippines,5.1348897,5,2013q1,2013,636,0,1,1,1,0,0,0,0,0,0,0,0,1,0,0,0
4/1/2013,PHL,566,Philippines,4.2306921,5,2013q2,2013,639,0,1,1,1,0,0,0,0,0,0,0,0,1,0,0,0
7/1/2013,PHL,566,Philippines,2.0285019,5,2013q3,2013,642,0,1,1,1,0,0,0,0,0,0,0,0,1,0,0,0
10/1/2013,PHL,566,Philippines,4.6250115,5,2013q4,2013,645,0,1,1,1,0,0,0,0,0,0,0,0,1,0,0,0
1/1/2014,PHL,566,Philippines,1.2459656,5,2014q1,2014,648,0,1,1,1,0,0,0,0,0,0,0,0,1,0,0,0
4/1/2014,PHL,566,Philippines,4.2993992,5,2014q2,2014,651,0,1,1,1,0,0,0,0,0,0,0,0,1,0,0,0
7/1/2014,PHL,566,Philippines,3.8100445,5,2014q3,2014,654,0,1,1,1,0,0,0,0,0,0,0,0,1,0,0,0
10/1/2014,PHL,566,Philippines,5.0080061,5,2014q4,2014,657,0,1,1,1,0,0,0,0,0,0,0,0,1,0,0,0
1/1/2015,PHL,566,Philippines,2.4931761,5,2015q1,2015,660,0,1,1,1,0,0,0,0,0,0,0,0,1,0,0,0
4/1/2015,PHL,566,Philippines,3.8297966,5,2015q2,2015,663,0,1,1,1,0,0,0,0,0,0,0,0,1,0,0,0
7/1/2015,PHL,566,Philippines,1.2658475,5,2015q3,2015,666,0,1,1,1,0,0,0,0,0,0,0,0,1,0,0,0
10/1/2015,PHL,566,Philippines,1.8847721,5,2015q4,2015,669,0,1,1,1,0,0,0,0,0,0,0,0,1,0,0,0
1/1/2016,PHL,566,Philippines,1.0151844,5,2016q1,2016,672,0,1,1,1,0,0,0,0,0,0,0,0,1,0,0,0
4/1/2016,PHL,566,Philippines,-1.6527473,5,2016q2,2016,675,0,1,1,1,0,0,0,0,0,0,0,0,1,0,0,0
7/1/2016,PHL,566,Philippines,-0.11197319,5,2016q3,2016,678,0,1,1,1,0,0,0,0,0,0,0,0,1,0,0,0
10/1/2016,PHL,566,Philippines,-0.71289485,5,2016q4,2016,681,0,1,1,1,0,0,0,0,0,0,0,0,1,0,0,0
1/1/2017,PHL,566,Philippines,-1.0845296,5,2017q1,2017,684,0,1,1,1,0,0,0,0,0,0,0,0,1,0,0,0
4/1/2017,PHL,566,Philippines,-0.29432942,5,2017q2,2017,687,0,1,1,1,0,0,0,0,0,0,0,0,1,0,0,0
7/1/2017,PHL,566,Philippines,1.7453478,5,2017q3,2017,690,0,1,1,1,0,0,0,0,0,0,0,0,1,0,0,0
10/1/2017,PHL,566,Philippines,-2.9633358,5,2017q4,2017,693,0,1,1,1,0,0,0,0,0,0,0,0,1,0,0,0
1/1/2018,PHL,566,Philippines,-0.84006147,5,2018q1,2018,696,0,1,1,1,0,0,0,0,0,0,0,0,1,0,0,0
4/1/2018,PHL,566,Philippines,-3.8889836,5,2018q2,2018,699,0,1,1,1,0,0,0,0,0,0,0,0,1,0,0,0
7/1/2018,PHL,566,Philippines,-2.4167265,5,2018q3,2018,702,0,1,1,1,0,0,0,0,0,0,0,0,1,0,0,0
10/1/2018,PHL,566,Philippines,-3.083128,5,2018q4,2018,705,0,1,1,1,0,0,0,0,0,0,0,0,1,0,0,0
1/1/2019,PHL,566,Philippines,-1.9080156,5,2019q1,2019,708,0,1,1,1,0,0,0,0,0,0,0,0,1,0,0,0
4/1/2019,PHL,566,Philippines,-0.84986841,5,2019q2,2019,711,0,1,1,1,0,0,0,0,0,0,0,0,1,0,0,0
7/1/2019,PHL,566,Philippines,-0.20290233,5,2019q3,2019,714,0,1,1,1,0,0,0,0,0,0,0,0,1,0,0,0
10/1/2019,PHL,566,Philippines,-0.3461469,5,2019q4,2019,717,0,1,1,1,0,0,0,0,0,0,0,0,1,0,0,0
1/1/2020,PHL,566,Philippines,0.06046858,5,2020q1,2020,720,0,1,1,1,0,0,0,0,0,0,0,0,1,0,0,0
1/1/1976,THA,578,Thailand,-3.4168433,4,1976q1,1976,192,0,1,1,1,0,0,0,0,0,0,0,0,1,0,0,0
4/1/1976,THA,578,Thailand,-2.2430277,4,1976q2,1976,195,0,1,1,1,0,0,0,0,0,0,0,0,1,0,0,0
7/1/1976,THA,578,Thailand,-2.5402364,4,1976q3,1976,198,0,1,1,1,0,0,0,0,0,0,0,0,1,0,0,0
10/1/1976,THA,578,Thailand,-2.5939052,4,1976q4,1976,201,0,1,1,1,0,0,0,0,0,0,0,0,1,0,0,0
1/1/1977,THA,578,Thailand,-4.4608757,4,1977q1,1977,204,0,1,1,1,0,0,0,0,0,0,0,0,1,0,0,0
4/1/1977,THA,578,Thailand,-5.0447593,4,1977q2,1977,207,0,1,1,1,0,0,0,0,0,0,0,0,1,0,0,0
7/1/1977,THA,578,Thailand,-5.6455508,4,1977q3,1977,210,0,1,1,1,0,0,0,0,0,0,0,0,1,0,0,0
10/1/1977,THA,578,Thailand,-7.9752949,4,1977q4,1977,213,0,1,1,1,0,0,0,0,0,0,0,0,1,0,0,0
1/1/1978,THA,578,Thailand,-6.1271892,4,1978q1,1978,216,0,1,1,1,0,0,0,0,0,0,0,0,1,0,0,0
4/1/1978,THA,578,Thailand,-6.710507,4,1978q2,1978,219,0,1,1,1,0,0,0,0,0,0,0,0,1,0,0,0
7/1/1978,THA,578,Thailand,-3.8522037,4,1978q3,1978,222,0,1,1,1,0,0,0,0,0,0,0,0,1,0,0,0
10/1/1978,THA,578,Thailand,-3.8684619,4,1978q4,1978,225,0,1,1,1,0,0,0,0,0,0,0,0,1,0,0,0
1/1/1979,THA,578,Thailand,-6.0150357,4,1979q1,1979,228,0,1,1,1,0,0,0,0,0,0,0,0,1,0,0,0
4/1/1979,THA,578,Thailand,-7.7573702,4,1979q2,1979,231,0,1,1,1,0,0,0,0,0,0,0,0,1,0,0,0
7/1/1979,THA,578,Thailand,-9.7555132,4,1979q3,1979,234,0,1,1,1,0,0,0,0,0,0,0,0,1,0,0,0
10/1/1979,THA,578,Thailand,-8.2025689,4,1979q4,1979,237,0,1,1,1,0,0,0,0,0,0,0,0,1,0,0,0
1/1/1980,THA,578,Thailand,-3.75374,4,1980q1,1980,240,0,1,1,1,0,0,0,0,0,0,0,0,1,0,0,0
4/1/1980,THA,578,Thailand,-7.0439596,4,1980q2,1980,243,0,1,1,1,0,0,0,0,0,0,0,0,1,0,0,0
7/1/1980,THA,578,Thailand,-9.83392,4,1980q3,1980,246,0,1,1,1,0,0,0,0,0,0,0,0,1,0,0,0
10/1/1980,THA,578,Thailand,-6.3619665,4,1980q4,1980,249,0,1,1,1,0,0,0,0,0,0,0,0,1,0,0,0
1/1/1981,THA,578,Thailand,-9.4253535,4,1981q1,1981,252,0,1,1,1,0,0,0,0,0,0,0,0,1,0,0,0
4/1/1981,THA,578,Thailand,-7.8612713,4,1981q2,1981,255,0,1,1,1,0,0,0,0,0,0,0,0,1,0,0,0
7/1/1981,THA,578,Thailand,-6.4786036,4,1981q3,1981,258,0,1,1,1,0,0,0,0,0,0,0,0,1,0,0,0
10/1/1981,THA,578,Thailand,-7.3532052,4,1981q4,1981,261,0,1,1,1,0,0,0,0,0,0,0,0,1,0,0,0
1/1/1982,THA,578,Thailand,-1.7082435,4,1982q1,1982,264,0,1,1,1,0,0,0,0,0,0,0,0,1,0,0,0
4/1/1982,THA,578,Thailand,-1.2352118,4,1982q2,1982,267,0,1,1,1,0,0,0,0,0,0,0,0,1,0,0,0
7/1/1982,THA,578,Thailand,-4.6421582,4,1982q3,1982,270,0,1,1,1,0,0,0,0,0,0,0,0,1,0,0,0
10/1/1982,THA,578,Thailand,-3.6518751,4,1982q4,1982,273,0,1,1,1,0,0,0,0,0,0,0,0,1,0,0,0
1/1/1983,THA,578,Thailand,-6.4723266,4,1983q1,1983,276,0,1,1,1,0,0,0,0,0,0,0,0,1,0,0,0
4/1/1983,THA,578,Thailand,-6.2727089,4,1983q2,1983,279,0,1,1,1,0,0,0,0,0,0,0,0,1,0,0,0
7/1/1983,THA,578,Thailand,-8.3205822,4,1983q3,1983,282,0,1,1,1,0,0,0,0,0,0,0,0,1,0,0,0
10/1/1983,THA,578,Thailand,-8.4956987,4,1983q4,1983,285,0,1,1,1,0,0,0,0,0,0,0,0,1,0,0,0
1/1/1984,THA,578,Thailand,-6.6897877,4,1984q1,1984,288,0,1,1,1,0,0,0,0,0,0,0,0,1,0,0,0
4/1/1984,THA,578,Thailand,-4.9907586,4,1984q2,1984,291,0,1,1,1,0,0,0,0,0,0,0,0,1,0,0,0
7/1/1984,THA,578,Thailand,-5.2310304,4,1984q3,1984,294,0,1,1,1,0,0,0,0,0,0,0,0,1,0,0,0
10/1/1984,THA,578,Thailand,-4.0059084,4,1984q4,1984,297,0,1,1,1,0,0,0,0,0,0,0,0,1,0,0,0
1/1/1985,THA,578,Thailand,-5.9499604,4,1985q1,1985,300,0,1,1,1,0,0,0,0,0,0,0,0,1,0,0,0
4/1/1985,THA,578,Thailand,-5.1794286,4,1985q2,1985,303,0,1,1,1,0,0,0,0,0,0,0,0,1,0,0,0
7/1/1985,THA,578,Thailand,-3.4182746,4,1985q3,1985,306,0,1,1,1,0,0,0,0,0,0,0,0,1,0,0,0
10/1/1985,THA,578,Thailand,-1.7001682,4,1985q4,1985,309,0,1,1,1,0,0,0,0,0,0,0,0,1,0,0,0
1/1/1986,THA,578,Thailand,-0.79229176,4,1986q1,1986,312,0,1,1,1,0,0,0,0,0,0,0,0,1,0,0,0
4/1/1986,THA,578,Thailand,1.6830671,4,1986q2,1986,315,0,1,1,1,0,0,0,0,0,0,0,0,1,0,0,0
7/1/1986,THA,578,Thailand,1.4726908,4,1986q3,1986,318,0,1,1,1,0,0,0,0,0,0,0,0,1,0,0,0
10/1/1986,THA,578,Thailand,-0.05522857,4,1986q4,1986,321,0,1,1,1,0,0,0,0,0,0,0,0,1,0,0,0
1/1/1987,THA,578,Thailand,-0.5901512,4,1987q1,1987,324,0,1,1,1,0,0,0,0,0,0,0,0,1,0,0,0
4/1/1987,THA,578,Thailand,0.00105072,4,1987q2,1987,327,0,1,1,1,0,0,0,0,0,0,0,0,1,0,0,0
7/1/1987,THA,578,Thailand,-0.45666121,4,1987q3,1987,330,0,1,1,1,0,0,0,0,0,0,0,0,1,0,0,0
10/1/1987,THA,578,Thailand,-1.8889144,4,1987q4,1987,333,0,1,1,1,0,0,0,0,0,0,0,0,1,0,0,0
1/1/1988,THA,578,Thailand,-1.8040456,4,1988q1,1988,336,0,1,1,1,0,0,0,0,0,0,0,0,1,0,0,0
4/1/1988,THA,578,Thailand,-4.6298456,4,1988q2,1988,339,0,1,1,1,0,0,0,0,0,0,0,0,1,0,0,0
7/1/1988,THA,578,Thailand,-2.5956534,4,1988q3,1988,342,0,1,1,1,0,0,0,0,0,0,0,0,1,0,0,0
10/1/1988,THA,578,Thailand,-2.4962662,4,1988q4,1988,345,0,1,1,1,0,0,0,0,0,0,0,0,1,0,0,0
1/1/1989,THA,578,Thailand,-2.6829714,4,1989q1,1989,348,0,1,1,1,0,0,0,0,0,0,0,0,1,0,0,0
4/1/1989,THA,578,Thailand,-1.6100438,4,1989q2,1989,351,0,1,1,1,0,0,0,0,0,0,0,0,1,0,0,0
7/1/1989,THA,578,Thailand,-3.9318066,4,1989q3,1989,354,0,1,1,1,0,0,0,0,0,0,0,0,1,0,0,0
10/1/1989,THA,578,Thailand,-6.2456309,4,1989q4,1989,357,0,1,1,1,0,0,0,0,0,0,0,0,1,0,0,0
1/1/1990,THA,578,Thailand,-6.6292019,4,1990q1,1990,360,0,1,1,1,0,0,0,0,0,0,0,0,1,0,0,0
4/1/1990,THA,578,Thailand,-7.5341969,4,1990q2,1990,363,0,1,1,1,0,0,0,0,0,0,0,0,1,0,0,0
7/1/1990,THA,578,Thailand,-9.0540518,4,1990q3,1990,366,0,1,1,1,0,0,0,0,0,0,0,0,1,0,0,0
10/1/1990,THA,578,Thailand,-12.560901,4,1990q4,1990,369,0,1,1,1,0,0,0,0,0,0,0,0,1,0,0,0
1/1/1991,THA,578,Thailand,-11.556086,4,1991q1,1991,372,0,1,1,1,0,0,0,0,0,0,0,0,1,0,0,0
4/1/1991,THA,578,Thailand,-10.674035,4,1991q2,1991,375,0,1,1,1,0,0,0,0,0,0,0,0,1,0,0,0
7/1/1991,THA,578,Thailand,-7.4277541,4,1991q3,1991,378,0,1,1,1,0,0,0,0,0,0,0,0,1,0,0,0
10/1/1991,THA,578,Thailand,-3.3866655,4,1991q4,1991,381,0,1,1,1,0,0,0,0,0,0,0,0,1,0,0,0
1/1/1992,THA,578,Thailand,-5.2316368,4,1992q1,1992,384,0,1,1,1,0,0,0,0,0,0,0,0,1,0,0,0
4/1/1992,THA,578,Thailand,-5.4853049,4,1992q2,1992,387,0,1,1,1,0,0,0,0,0,0,0,0,1,0,0,0
7/1/1992,THA,578,Thailand,-6.9028516,4,1992q3,1992,390,0,1,1,1,0,0,0,0,0,0,0,0,1,0,0,0
10/1/1992,THA,578,Thailand,-5.9341177,4,1992q4,1992,393,0,1,1,1,0,0,0,0,0,0,0,0,1,0,0,0
1/1/1993,THA,578,Thailand,-6.5094436,4,1993q1,1993,396,0,1,1,1,0,0,0,0,0,0,0,0,1,0,0,0
4/1/1993,THA,578,Thailand,-5.8439815,4,1993q2,1993,399,0,1,1,1,0,0,0,0,0,0,0,0,1,0,0,0
7/1/1993,THA,578,Thailand,-2.5951228,4,1993q3,1993,402,0,1,1,1,0,0,0,0,0,0,0,0,1,0,0,0
10/1/1993,THA,578,Thailand,-6.3706467,4,1993q4,1993,405,0,1,1,1,0,0,0,0,0,0,0,0,1,0,0,0
1/1/1994,THA,578,Thailand,-4.9077577,4,1994q1,1994,408,0,1,1,1,0,0,0,0,0,0,0,0,1,0,0,0
4/1/1994,THA,578,Thailand,-6.0541659,4,1994q2,1994,411,0,1,1,1,0,0,0,0,0,0,0,0,1,0,0,0
7/1/1994,THA,578,Thailand,-5.9224452,4,1994q3,1994,414,0,1,1,1,0,0,0,0,0,0,0,0,1,0,0,0
10/1/1994,THA,578,Thailand,-6.5168553,4,1994q4,1994,417,0,1,1,1,0,0,0,0,0,0,0,0,1,0,0,0
1/1/1995,THA,578,Thailand,-7.7265185,4,1995q1,1995,420,0,1,1,1,0,0,0,0,0,0,0,0,1,0,0,0
4/1/1995,THA,578,Thailand,-7.9400574,4,1995q2,1995,423,0,1,1,1,0,0,0,0,0,0,0,0,1,0,0,0
7/1/1995,THA,578,Thailand,-7.9098607,4,1995q3,1995,426,0,1,1,1,0,0,0,0,0,0,0,0,1,0,0,0
10/1/1995,THA,578,Thailand,-10.363438,4,1995q4,1995,429,0,1,1,1,0,0,0,0,0,0,0,0,1,0,0,0
1/1/1996,THA,578,Thailand,-9.2710869,4,1996q1,1996,432,0,1,1,1,0,0,0,0,0,0,0,0,1,0,0,0
4/1/1996,THA,578,Thailand,-8.9636144,4,1996q2,1996,435,0,1,1,1,0,0,0,0,0,0,0,0,1,0,0,0
7/1/1996,THA,578,Thailand,-8.5326069,4,1996q3,1996,438,0,1,1,1,0,0,0,0,0,0,0,0,1,0,0,0
10/1/1996,THA,578,Thailand,-6.7412294,4,1996q4,1996,441,0,1,1,1,0,0,0,0,0,0,0,0,1,0,0,0
1/1/1997,THA,578,Thailand,-5.939397,4,1997q1,1997,444,0,1,1,1,0,0,0,0,0,0,0,0,1,0,0,0
4/1/1997,THA,578,Thailand,-4.5473921,4,1997q2,1997,447,0,1,1,1,0,0,0,0,0,0,0,0,1,0,0,0
7/1/1997,THA,578,Thailand,-2.5028352,4,1997q3,1997,450,0,1,1,1,0,0,0,0,0,0,0,0,1,0,0,0
10/1/1997,THA,578,Thailand,10.856945,4,1997q4,1997,453,0,1,1,1,0,0,0,0,0,0,0,0,1,0,0,0
1/1/1998,THA,578,Thailand,12.503204,4,1998q1,1998,456,0,1,1,1,0,0,0,0,0,0,0,0,1,0,0,0
4/1/1998,THA,578,Thailand,12.517281,4,1998q2,1998,459,0,1,1,1,0,0,0,0,0,0,0,0,1,0,0,0
7/1/1998,THA,578,Thailand,11.189883,4,1998q3,1998,462,0,1,1,1,0,0,0,0,0,0,0,0,1,0,0,0
10/1/1998,THA,578,Thailand,11.298461,4,1998q4,1998,465,0,1,1,1,0,0,0,0,0,0,0,0,1,0,0,0
1/1/1999,THA,578,Thailand,11.677406,4,1999q1,1999,468,0,1,1,1,0,0,0,0,0,0,0,0,1,0,0,0
4/1/1999,THA,578,Thailand,9.6220491,4,1999q2,1999,471,0,1,1,1,0,0,0,0,0,0,0,0,1,0,0,0
7/1/1999,THA,578,Thailand,10.415923,4,1999q3,1999,474,0,1,1,1,0,0,0,0,0,0,0,0,1,0,0,0
10/1/1999,THA,578,Thailand,9.4068325,4,1999q4,1999,477,0,1,1,1,0,0,0,0,0,0,0,0,1,0,0,0
1/1/2000,THA,578,Thailand,9.4324806,4,2000q1,2000,480,0,1,1,1,0,0,0,0,0,0,0,0,1,0,0,0
4/1/2000,THA,578,Thailand,8.0803116,4,2000q2,2000,483,0,1,1,1,0,0,0,0,0,0,0,0,1,0,0,0
7/1/2000,THA,578,Thailand,7.2892068,4,2000q3,2000,486,0,1,1,1,0,0,0,0,0,0,0,0,1,0,0,0
10/1/2000,THA,578,Thailand,6.4143164,4,2000q4,2000,489,0,1,1,1,0,0,0,0,0,0,0,0,1,0,0,0
1/1/2001,THA,578,Thailand,2.8096782,4,2001q1,2001,492,0,1,1,1,0,0,0,0,0,0,0,0,1,0,0,0
4/1/2001,THA,578,Thailand,5.3149785,4,2001q2,2001,495,0,1,1,1,0,0,0,0,0,0,0,0,1,0,0,0
7/1/2001,THA,578,Thailand,4.6206787,4,2001q3,2001,498,0,1,1,1,0,0,0,0,0,0,0,0,1,0,0,0
10/1/2001,THA,578,Thailand,5.122884,4,2001q4,2001,501,0,1,1,1,0,0,0,0,0,0,0,0,1,0,0,0
1/1/2002,THA,578,Thailand,3.1435439,4,2002q1,2002,504,0,1,1,1,0,0,0,0,0,0,0,0,1,0,0,0
4/1/2002,THA,578,Thailand,3.2134544,4,2002q2,2002,507,0,1,1,1,0,0,0,0,0,0,0,0,1,0,0,0
7/1/2002,THA,578,Thailand,3.5439473,4,2002q3,2002,510,0,1,1,1,0,0,0,0,0,0,0,0,1,0,0,0
10/1/2002,THA,578,Thailand,5.1427748,4,2002q4,2002,513,0,1,1,1,0,0,0,0,0,0,0,0,1,0,0,0
1/1/2003,THA,578,Thailand,3.8639185,4,2003q1,2003,516,0,1,1,1,0,0,0,0,0,0,0,0,1,0,0,0
4/1/2003,THA,578,Thailand,4.1921967,4,2003q2,2003,519,0,1,1,1,0,0,0,0,0,0,0,0,1,0,0,0
7/1/2003,THA,578,Thailand,2.791437,4,2003q3,2003,522,0,1,1,1,0,0,0,0,0,0,0,0,1,0,0,0
10/1/2003,THA,578,Thailand,2.8098525,4,2003q4,2003,525,0,1,1,1,0,0,0,0,0,0,0,0,1,0,0,0
1/1/2004,THA,578,Thailand,1.5966424,4,2004q1,2004,528,0,1,1,1,0,0,0,0,0,0,0,0,1,0,0,0
4/1/2004,THA,578,Thailand,1.8096298,4,2004q2,2004,531,0,1,1,1,0,0,0,0,0,0,0,0,1,0,0,0
7/1/2004,THA,578,Thailand,0.6997083,4,2004q3,2004,534,0,1,1,1,0,0,0,0,0,0,0,0,1,0,0,0
10/1/2004,THA,578,Thailand,2.7247458,4,2004q4,2004,537,0,1,1,1,0,0,0,0,0,0,0,0,1,0,0,0
1/1/2005,THA,578,Thailand,-6.9813494,4,2005q1,2005,540,0,1,1,1,0,0,0,0,0,0,0,0,1,0,0,0
4/1/2005,THA,578,Thailand,-10.187354,4,2005q2,2005,543,0,1,1,1,0,0,0,0,0,0,0,0,1,0,0,0
7/1/2005,THA,578,Thailand,0.46660386,4,2005q3,2005,546,0,1,1,1,0,0,0,0,0,0,0,0,1,0,0,0
10/1/2005,THA,578,Thailand,-1.709399,4,2005q4,2005,549,0,1,1,1,0,0,0,0,0,0,0,0,1,0,0,0
1/1/2006,THA,578,Thailand,0.07833058,4,2006q1,2006,552,0,1,1,1,0,0,0,0,0,0,0,0,1,0,0,0
4/1/2006,THA,578,Thailand,-1.5215678,4,2006q2,2006,555,0,1,1,1,0,0,0,0,0,0,0,0,1,0,0,0
7/1/2006,THA,578,Thailand,2.5239209,4,2006q3,2006,558,0,1,1,1,0,0,0,0,0,0,0,0,1,0,0,0
10/1/2006,THA,578,Thailand,3.1057419,4,2006q4,2006,561,0,1,1,1,0,0,0,0,0,0,0,0,1,0,0,0
1/1/2007,THA,578,Thailand,6.1177718,4,2007q1,2007,564,0,1,1,1,0,0,0,0,0,0,0,0,1,0,0,0
4/1/2007,THA,578,Thailand,4.7491022,4,2007q2,2007,567,0,1,1,1,0,0,0,0,0,0,0,0,1,0,0,0
7/1/2007,THA,578,Thailand,6.1697532,4,2007q3,2007,570,0,1,1,1,0,0,0,0,0,0,0,0,1,0,0,0
10/1/2007,THA,578,Thailand,8.8444847,4,2007q4,2007,573,0,1,1,1,0,0,0,0,0,0,0,0,1,0,0,0
1/1/2008,THA,578,Thailand,3.7412853,4,2008q1,2008,576,0,1,1,1,0,0,0,0,0,0,0,0,1,0,0,0
4/1/2008,THA,578,Thailand,3.7457697,4,2008q2,2008,579,0,1,1,1,0,0,0,0,0,0,0,0,1,0,0,0
7/1/2008,THA,578,Thailand,-0.73085597,4,2008q3,2008,582,0,1,1,1,0,0,0,0,0,0,0,0,1,0,0,0
10/1/2008,THA,578,Thailand,-3.6438057,4,2008q4,2008,585,0,1,1,1,0,0,0,0,0,0,0,0,1,0,0,0
1/1/2009,THA,578,Thailand,13.725333,4,2009q1,2009,588,0,1,1,1,0,0,0,0,0,0,0,0,1,0,0,0
4/1/2009,THA,578,Thailand,7.8739182,4,2009q2,2009,591,0,1,1,1,0,0,0,0,0,0,0,0,1,0,0,0
7/1/2009,THA,578,Thailand,6.6194201,4,2009q3,2009,594,0,1,1,1,0,0,0,0,0,0,0,0,1,0,0,0
10/1/2009,THA,578,Thailand,5.1074716,4,2009q4,2009,597,0,1,1,1,0,0,0,0,0,0,0,0,1,0,0,0
1/1/2010,THA,578,Thailand,6.0052588,4,2010q1,2010,600,0,1,1,1,0,0,0,0,0,0,0,0,1,0,0,0
4/1/2010,THA,578,Thailand,5.3357503,4,2010q2,2010,603,0,1,1,1,0,0,0,0,0,0,0,0,1,0,0,0
7/1/2010,THA,578,Thailand,2.9354409,4,2010q3,2010,606,0,1,1,1,0,0,0,0,0,0,0,0,1,0,0,0
10/1/2010,THA,578,Thailand,4.9304506,4,2010q4,2010,609,0,1,1,1,0,0,0,0,0,0,0,0,1,0,0,0
1/1/2011,THA,578,Thailand,2.9355552,5,2011q1,2011,612,0,1,1,1,0,0,0,0,0,0,0,0,1,0,0,0
4/1/2011,THA,578,Thailand,2.8297496,5,2011q2,2011,615,0,1,1,1,0,0,0,0,0,0,0,0,1,0,0,0
7/1/2011,THA,578,Thailand,-1.3539266,5,2011q3,2011,618,0,1,1,1,0,0,0,0,0,0,0,0,1,0,0,0
10/1/2011,THA,578,Thailand,6.1811879,5,2011q4,2011,621,0,1,1,1,0,0,0,0,0,0,0,0,1,0,0,0
1/1/2012,THA,578,Thailand,-1.4103358,5,2012q1,2012,624,0,1,1,1,0,0,0,0,0,0,0,0,1,0,0,0
4/1/2012,THA,578,Thailand,-0.42698817,5,2012q2,2012,627,0,1,1,1,0,0,0,0,0,0,0,0,1,0,0,0
7/1/2012,THA,578,Thailand,0.34206307,5,2012q3,2012,630,0,1,1,1,0,0,0,0,0,0,0,0,1,0,0,0
10/1/2012,THA,578,Thailand,-3.0790361,5,2012q4,2012,633,0,1,1,1,0,0,0,0,0,0,0,0,1,0,0,0
1/1/2013,THA,578,Thailand,-5.6555906,5,2013q1,2013,636,0,1,1,1,0,0,0,0,0,0,0,0,1,0,0,0
4/1/2013,THA,578,Thailand,-2.8774923,5,2013q2,2013,639,0,1,1,1,0,0,0,0,0,0,0,0,1,0,0,0
7/1/2013,THA,578,Thailand,-0.71814657,5,2013q3,2013,642,0,1,1,1,0,0,0,0,0,0,0,0,1,0,0,0
10/1/2013,THA,578,Thailand,1.3166954,5,2013q4,2013,645,0,1,1,1,0,0,0,0,0,0,0,0,1,0,0,0
1/1/2014,THA,578,Thailand,3.0077641,5,2014q1,2014,648,0,1,1,1,0,0,0,0,0,0,0,0,1,0,0,0
4/1/2014,THA,578,Thailand,3.6550823,5,2014q2,2014,651,0,1,1,1,0,0,0,0,0,0,0,0,1,0,0,0
7/1/2014,THA,578,Thailand,-1.1900423,5,2014q3,2014,654,0,1,1,1,0,0,0,0,0,0,0,0,1,0,0,0
10/1/2014,THA,578,Thailand,5.8421297,5,2014q4,2014,657,0,1,1,1,0,0,0,0,0,0,0,0,1,0,0,0
1/1/2015,THA,578,Thailand,6.3774142,5,2015q1,2015,660,0,1,1,1,0,0,0,0,0,0,0,0,1,0,0,0
4/1/2015,THA,578,Thailand,7.531764,5,2015q2,2015,663,0,1,1,1,0,0,0,0,0,0,0,0,1,0,0,0
7/1/2015,THA,578,Thailand,4.6609096,5,2015q3,2015,666,0,1,1,1,0,0,0,0,0,0,0,0,1,0,0,0
10/1/2015,THA,578,Thailand,9.4412035,5,2015q4,2015,669,0,1,1,1,0,0,0,0,0,0,0,0,1,0,0,0
1/1/2016,THA,578,Thailand,12.488386,5,2016q1,2016,672,0,1,1,1,0,0,0,0,0,0,0,0,1,0,0,0
4/1/2016,THA,578,Thailand,12.596592,5,2016q2,2016,675,0,1,1,1,0,0,0,0,0,0,0,0,1,0,0,0
7/1/2016,THA,578,Thailand,8.6019494,5,2016q3,2016,678,0,1,1,1,0,0,0,0,0,0,0,0,1,0,0,0
10/1/2016,THA,578,Thailand,8.7685784,5,2016q4,2016,681,0,1,1,1,0,0,0,0,0,0,0,0,1,0,0,0
1/1/2017,THA,578,Thailand,9.5168308,5,2017q1,2017,684,0,1,1,1,0,0,0,0,0,0,0,0,1,0,0,0
4/1/2017,THA,578,Thailand,10.333865,5,2017q2,2017,687,0,1,1,1,0,0,0,0,0,0,0,0,1,0,0,0
7/1/2017,THA,578,Thailand,10.400371,5,2017q3,2017,690,0,1,1,1,0,0,0,0,0,0,0,0,1,0,0,0
10/1/2017,THA,578,Thailand,8.3291586,5,2017q4,2017,693,0,1,1,1,0,0,0,0,0,0,0,0,1,0,0,0
1/1/2018,THA,578,Thailand,8.0340696,5,2018q1,2018,696,0,1,1,1,0,0,0,0,0,0,0,0,1,0,0,0
4/1/2018,THA,578,Thailand,7.7240839,5,2018q2,2018,699,0,1,1,1,0,0,0,0,0,0,0,0,1,0,0,0
7/1/2018,THA,578,Thailand,2.1135617,5,2018q3,2018,702,0,1,1,1,0,0,0,0,0,0,0,0,1,0,0,0
10/1/2018,THA,578,Thailand,4.4739446,5,2018q4,2018,705,0,1,1,1,0,0,0,0,0,0,0,0,1,0,0,0
1/1/2019,THA,578,Thailand,6.0125481,5,2019q1,2019,708,0,1,1,1,0,0,0,0,0,0,0,0,1,0,0,0
4/1/2019,THA,578,Thailand,7.0850483,5,2019q2,2019,711,0,1,1,1,0,0,0,0,0,0,0,0,1,0,0,0
7/1/2019,THA,578,Thailand,7.3385908,5,2019q3,2019,714,0,1,1,1,0,0,0,0,0,0,0,0,1,0,0,0
10/1/2019,THA,578,Thailand,7.6553205,5,2019q4,2019,717,0,1,1,1,0,0,0,0,0,0,0,0,1,0,0,0
1/1/1996,VNM,582,Vietnam,-14.031496,4,1996q1,1996,432,0,1,0,1,0,0,0,0,0,0,0,0,0,0,0,0
4/1/1996,VNM,582,Vietnam,-11.867764,4,1996q2,1996,435,0,1,0,1,0,0,0,0,0,0,0,0,0,0,0,0
7/1/1996,VNM,582,Vietnam,-6.0050486,4,1996q3,1996,438,0,1,0,1,0,0,0,0,0,0,0,0,0,0,0,0
10/1/1996,VNM,582,Vietnam,-3.7595177,4,1996q4,1996,441,0,1,0,1,0,0,0,0,0,0,0,0,0,0,0,0
1/1/1997,VNM,582,Vietnam,-7.4669533,4,1997q1,1997,444,0,1,0,1,0,0,0,0,0,0,0,0,0,0,0,0
4/1/1997,VNM,582,Vietnam,-6.4746321,4,1997q2,1997,447,0,1,0,1,0,0,0,0,0,0,0,0,0,0,0,0
7/1/1997,VNM,582,Vietnam,-4.2192342,4,1997q3,1997,450,0,1,0,1,0,0,0,0,0,0,0,0,0,0,0,0
10/1/1997,VNM,582,Vietnam,-5.0219321,4,1997q4,1997,453,0,1,0,1,0,0,0,0,0,0,0,0,0,0,0,0
1/1/1998,VNM,582,Vietnam,-4.5129391,4,1998q1,1998,456,0,1,0,1,0,0,0,0,0,0,0,0,0,0,0,0
4/1/1998,VNM,582,Vietnam,-5.9062673,4,1998q2,1998,459,0,1,0,1,0,0,0,0,0,0,0,0,0,0,0,0
7/1/1998,VNM,582,Vietnam,-4.8442354,4,1998q3,1998,462,0,1,0,1,0,0,0,0,0,0,0,0,0,0,0,0
10/1/1998,VNM,582,Vietnam,-2.158502,4,1998q4,1998,465,0,1,0,1,0,0,0,0,0,0,0,0,0,0,0,0
1/1/1999,VNM,582,Vietnam,1.1920695,4,1999q1,1999,468,0,1,0,1,0,0,0,0,0,0,0,0,0,0,0,0
4/1/1999,VNM,582,Vietnam,7.2094365,4,1999q2,1999,471,0,1,0,1,0,0,0,0,0,0,0,0,0,0,0,0
7/1/1999,VNM,582,Vietnam,6.4486004,4,1999q3,1999,474,0,1,0,1,0,0,0,0,0,0,0,0,0,0,0,0
10/1/1999,VNM,582,Vietnam,3.2783826,4,1999q4,1999,477,0,1,0,1,0,0,0,0,0,0,0,0,0,0,0,0
1/1/2000,VNM,582,Vietnam,3.4506902,4,2000q1,2000,480,0,1,0,1,0,0,0,0,0,0,0,0,0,0,0,0
4/1/2000,VNM,582,Vietnam,0.20789995,4,2000q2,2000,483,0,1,0,1,0,0,0,0,0,0,0,0,0,0,0,0
7/1/2000,VNM,582,Vietnam,2.5397557,4,2000q3,2000,486,0,1,0,1,0,0,0,0,0,0,0,0,0,0,0,0
10/1/2000,VNM,582,Vietnam,7.6012771,4,2000q4,2000,489,0,1,0,1,0,0,0,0,0,0,0,0,0,0,0,0
1/1/2001,VNM,582,Vietnam,6.4379127,4,2001q1,2001,492,0,1,0,1,0,0,0,0,0,0,0,0,0,0,0,0
4/1/2001,VNM,582,Vietnam,5.4208226,4,2001q2,2001,495,0,1,0,1,0,0,0,0,0,0,0,0,0,0,0,0
7/1/2001,VNM,582,Vietnam,2.0329883,4,2001q3,2001,498,0,1,0,1,0,0,0,0,0,0,0,0,0,0,0,0
10/1/2001,VNM,582,Vietnam,-4.4392643,4,2001q4,2001,501,0,1,0,1,0,0,0,0,0,0,0,0,0,0,0,0
1/1/2002,VNM,582,Vietnam,-3.7079649,4,2002q1,2002,504,0,1,0,1,0,0,0,0,0,0,0,0,0,0,0,0
4/1/2002,VNM,582,Vietnam,-0.81031656,4,2002q2,2002,507,0,1,0,1,0,0,0,0,0,0,0,0,0,0,0,0
7/1/2002,VNM,582,Vietnam,-1.4506599,4,2002q3,2002,510,0,1,0,1,0,0,0,0,0,0,0,0,0,0,0,0
10/1/2002,VNM,582,Vietnam,-1.2348221,4,2002q4,2002,513,0,1,0,1,0,0,0,0,0,0,0,0,0,0,0,0
1/1/2003,VNM,582,Vietnam,-5.1160557,4,2003q1,2003,516,0,1,0,1,0,0,0,0,0,0,0,0,0,0,0,0
4/1/2003,VNM,582,Vietnam,-9.1342978,4,2003q2,2003,519,0,1,0,1,0,0,0,0,0,0,0,0,0,0,0,0
7/1/2003,VNM,582,Vietnam,-5.136892,4,2003q3,2003,522,0,1,0,1,0,0,0,0,0,0,0,0,0,0,0,0
10/1/2003,VNM,582,Vietnam,-0.69823382,4,2003q4,2003,525,0,1,0,1,0,0,0,0,0,0,0,0,0,0,0,0
1/1/2004,VNM,582,Vietnam,-1.0524741,4,2004q1,2004,528,0,1,0,1,0,0,0,0,0,0,0,0,0,0,0,0
4/1/2004,VNM,582,Vietnam,-4.5897999,4,2004q2,2004,531,0,1,0,1,0,0,0,0,0,0,0,0,0,0,0,0
7/1/2004,VNM,582,Vietnam,-3.1035639,4,2004q3,2004,534,0,1,0,1,0,0,0,0,0,0,0,0,0,0,0,0
10/1/2004,VNM,582,Vietnam,-0.37217806,4,2004q4,2004,537,0,1,0,1,0,0,0,0,0,0,0,0,0,0,0,0
1/1/2005,VNM,582,Vietnam,-3.3316387,4,2005q1,2005,540,0,1,0,1,0,0,0,0,0,0,0,0,0,0,0,0
4/1/2005,VNM,582,Vietnam,-4.5080053,4,2005q2,2005,543,0,1,0,1,0,0,0,0,0,0,0,0,0,0,0,0
7/1/2005,VNM,582,Vietnam,-0.2356281,4,2005q3,2005,546,0,1,0,1,0,0,0,0,0,0,0,0,0,0,0,0
10/1/2005,VNM,582,Vietnam,3.8657428,4,2005q4,2005,549,0,1,0,1,0,0,0,0,0,0,0,0,0,0,0,0
1/1/2006,VNM,582,Vietnam,4.6111987,4,2006q1,2006,552,0,1,0,1,0,0,0,0,0,0,0,0,0,0,0,0
4/1/2006,VNM,582,Vietnam,-3.7993631,4,2006q2,2006,555,0,1,0,1,0,0,0,0,0,0,0,0,0,0,0,0
7/1/2006,VNM,582,Vietnam,-5.2467247,4,2006q3,2006,558,0,1,0,1,0,0,0,0,0,0,0,0,0,0,0,0
10/1/2006,VNM,582,Vietnam,2.1186352,4,2006q4,2006,561,0,1,0,1,0,0,0,0,0,0,0,0,0,0,0,0
1/1/2007,VNM,582,Vietnam,-2.2402202,4,2007q1,2007,564,0,1,0,1,0,0,0,0,0,0,0,0,0,0,0,0
4/1/2007,VNM,582,Vietnam,-8.0742119,4,2007q2,2007,567,0,1,0,1,0,0,0,0,0,0,0,0,0,0,0,0
7/1/2007,VNM,582,Vietnam,-12.621077,4,2007q3,2007,570,0,1,0,1,0,0,0,0,0,0,0,0,0,0,0,0
10/1/2007,VNM,582,Vietnam,-15.354375,4,2007q4,2007,573,0,1,0,1,0,0,0,0,0,0,0,0,0,0,0,0
1/1/2008,VNM,582,Vietnam,-38.29929,4,2008q1,2008,576,0,1,0,1,0,0,0,0,0,0,0,0,0,0,0,0
4/1/2008,VNM,582,Vietnam,-10.388535,4,2008q2,2008,579,0,1,0,1,0,0,0,0,0,0,0,0,0,0,0,0
7/1/2008,VNM,582,Vietnam,-4.0004342,4,2008q3,2008,582,0,1,0,1,0,0,0,0,0,0,0,0,0,0,0,0
10/1/2008,VNM,582,Vietnam,-0.98086748,4,2008q4,2008,585,0,1,0,1,0,0,0,0,0,0,0,0,0,0,0,0
1/1/2009,VNM,582,Vietnam,5.489406,4,2009q1,2009,588,0,1,0,1,0,0,0,0,0,0,0,0,0,0,0,0
4/1/2009,VNM,582,Vietnam,-4.9833479,4,2009q2,2009,591,0,1,0,1,0,0,0,0,0,0,0,0,0,0,0,0
7/1/2009,VNM,582,Vietnam,-17.092718,4,2009q3,2009,594,0,1,0,1,0,0,0,0,0,0,0,0,0,0,0,0
10/1/2009,VNM,582,Vietnam,-14.90692,4,2009q4,2009,597,0,1,0,1,0,0,0,0,0,0,0,0,0,0,0,0
1/1/2010,VNM,582,Vietnam,-9.3636218,4,2010q1,2010,600,0,1,0,1,0,0,0,0,0,0,0,0,0,0,0,0
4/1/2010,VNM,582,Vietnam,-0.62914226,4,2010q2,2010,603,0,1,0,1,0,0,0,0,0,0,0,0,0,0,0,0
7/1/2010,VNM,582,Vietnam,-0.46138049,4,2010q3,2010,606,0,1,0,1,0,0,0,0,0,0,0,0,0,0,0,0
10/1/2010,VNM,582,Vietnam,-6.6919439,4,2010q4,2010,609,0,1,0,1,0,0,0,0,0,0,0,0,0,0,0,0
1/1/2011,VNM,582,Vietnam,-2.5627911,5,2011q1,2011,612,0,1,0,1,0,0,0,0,0,0,0,0,0,0,0,0
4/1/2011,VNM,582,Vietnam,0.18585553,5,2011q2,2011,615,0,1,0,1,0,0,0,0,0,0,0,0,0,0,0,0
7/1/2011,VNM,582,Vietnam,1.3859718,5,2011q3,2011,618,0,1,0,1,0,0,0,0,0,0,0,0,0,0,0,0
10/1/2011,VNM,582,Vietnam,1.9088367,5,2011q4,2011,621,0,1,0,1,0,0,0,0,0,0,0,0,0,0,0,0
1/1/2012,VNM,582,Vietnam,4.7468185,5,2012q1,2012,624,0,1,0,1,0,0,0,0,0,0,0,0,0,0,0,0
4/1/2012,VNM,582,Vietnam,4.6642231,5,2012q2,2012,627,0,1,0,1,0,0,0,0,0,0,0,0,0,0,0,0
7/1/2012,VNM,582,Vietnam,3.769913,5,2012q3,2012,630,0,1,0,1,0,0,0,0,0,0,0,0,0,0,0,0
10/1/2012,VNM,582,Vietnam,5.6139586,5,2012q4,2012,633,0,1,0,1,0,0,0,0,0,0,0,0,0,0,0,0
1/1/2013,VNM,582,Vietnam,3.5980821,5,2013q1,2013,636,0,1,0,1,0,0,0,0,0,0,0,0,0,0,0,0
4/1/2013,VNM,582,Vietnam,2.6193941,5,2013q2,2013,639,0,1,0,1,0,0,0,0,0,0,0,0,0,0,0,0
7/1/2013,VNM,582,Vietnam,4.5188213,5,2013q3,2013,642,0,1,0,1,0,0,0,0,0,0,0,0,0,0,0,0
10/1/2013,VNM,582,Vietnam,3.9460888,5,2013q4,2013,645,0,1,0,1,0,0,0,0,0,0,0,0,0,0,0,0
1/1/2014,VNM,582,Vietnam,3.7535431,5,2014q1,2014,648,0,1,0,1,0,0,0,0,0,0,0,0,0,0,0,0
4/1/2014,VNM,582,Vietnam,4.5717746,5,2014q2,2014,651,0,1,0,1,0,0,0,0,0,0,0,0,0,0,0,0
7/1/2014,VNM,582,Vietnam,3.9370482,5,2014q3,2014,654,0,1,0,1,0,0,0,0,0,0,0,0,0,0,0,0
10/1/2014,VNM,582,Vietnam,3.478465,5,2014q4,2014,657,0,1,0,1,0,0,0,0,0,0,0,0,0,0,0,0
1/1/2015,VNM,582,Vietnam,-3.6345872,5,2015q1,2015,660,0,1,0,1,0,0,0,0,0,0,0,0,0,0,0,0
4/1/2015,VNM,582,Vietnam,0.19924095,5,2015q2,2015,663,0,1,0,1,0,0,0,0,0,0,0,0,0,0,0,0
7/1/2015,VNM,582,Vietnam,-0.53322569,5,2015q3,2015,666,0,1,0,1,0,0,0,0,0,0,0,0,0,0,0,0
10/1/2015,VNM,582,Vietnam,0.74594319,5,2015q4,2015,669,0,1,0,1,0,0,0,0,0,0,0,0,0,0,0,0
1/1/2016,VNM,582,Vietnam,0.67808415,5,2016q1,2016,672,0,1,0,1,0,0,0,0,0,0,0,0,0,0,0,0
4/1/2016,VNM,582,Vietnam,1.0989578,5,2016q2,2016,675,0,1,0,1,0,0,0,0,0,0,0,0,0,0,0,0
7/1/2016,VNM,582,Vietnam,1.0044683,5,2016q3,2016,678,0,1,0,1,0,0,0,0,0,0,0,0,0,0,0,0
10/1/2016,VNM,582,Vietnam,-1.0945482,5,2016q4,2016,681,0,1,0,1,0,0,0,0,0,0,0,0,0,0,0,0
1/1/2017,VNM,582,Vietnam,-6.7508755,5,2017q1,2017,684,0,1,0,1,0,0,0,0,0,0,0,0,0,0,0,0
4/1/2017,VNM,582,Vietnam,-0.30575089,5,2017q2,2017,687,0,1,0,1,0,0,0,0,0,0,0,0,0,0,0,0
7/1/2017,VNM,582,Vietnam,1.6009785,5,2017q3,2017,690,0,1,0,1,0,0,0,0,0,0,0,0,0,0,0,0
10/1/2017,VNM,582,Vietnam,3.0123709,5,2017q4,2017,693,0,1,0,1,0,0,0,0,0,0,0,0,0,0,0,0
1/1/2018,VNM,582,Vietnam,2.3998901,5,2018q1,2018,696,0,1,0,1,0,0,0,0,0,0,0,0,0,0,0,0
4/1/2018,VNM,582,Vietnam,2.2919862,5,2018q2,2018,699,0,1,0,1,0,0,0,0,0,0,0,0,0,0,0,0
7/1/2018,VNM,582,Vietnam,2.0866053,5,2018q3,2018,702,0,1,0,1,0,0,0,0,0,0,0,0,0,0,0,0
10/1/2018,VNM,582,Vietnam,1.0990409,5,2018q4,2018,705,0,1,0,1,0,0,0,0,0,0,0,0,0,0,0,0
1/1/2019,VNM,582,Vietnam,0.6227947,5,2019q1,2019,708,0,1,0,1,0,0,0,0,0,0,0,0,0,0,0,0
4/1/2019,VNM,582,Vietnam,1.6530851,5,2019q2,2019,711,0,1,0,1,0,0,0,0,0,0,0,0,0,0,0,0
7/1/2019,VNM,582,Vietnam,5.7122867,5,2019q3,2019,714,0,1,0,1,0,0,0,0,0,0,0,0,0,0,0,0
10/1/2019,VNM,582,Vietnam,7.5294987,5,2019q4,2019,717,0,1,0,1,0,0,0,0,0,0,0,0,0,0,0,0
1/1/2020,VNM,582,Vietnam,3.7701905,5,2020q1,2020,720,0,1,0,1,0,0,0,0,0,0,0,0,0,0,0,0
4/1/2020,VNM,582,Vietnam,1.1551168,5,2020q2,2020,723,0,1,0,1,0,0,0,0,0,0,0,0,0,0,0,0
7/1/2020,VNM,582,Vietnam,8.759515,5,2020q3,2020,726,0,1,0,1,0,0,0,0,0,0,0,0,0,0,0,0
10/1/2020,VNM,582,Vietnam,4.1709374,5,2020q4,2020,729,0,1,0,1,0,0,0,0,0,0,0,0,0,0,0,0
1/1/2021,VNM,582,Vietnam,-0.96400368,5,2021q1,2021,732,0,1,0,1,0,0,0,0,0,0,0,0,0,0,0,0
4/1/2021,VNM,582,Vietnam,-3.4902589,5,2021q2,2021,735,0,1,0,1,0,0,0,0,0,0,0,0,0,0,0,0
7/1/2021,VNM,582,Vietnam,-5.6455264,5,2021q3,2021,738,0,1,0,1,0,0,0,0,0,0,0,0,0,0,0,0
10/1/2021,VNM,582,Vietnam,5.7432408,5,2021q4,2021,741,0,1,0,1,0,0,0,0,0,0,0,0,0,0,0,0
1/1/2000,MUS,684,Mauritius,-1.7791839,4,2000q1,2000,480,0,1,1,0,0,0,0,0,0,1,0,0,0,1,0,0
4/1/2000,MUS,684,Mauritius,-3.1865738,4,2000q2,2000,483,0,1,1,0,0,0,0,0,0,1,0,0,0,1,0,0
7/1/2000,MUS,684,Mauritius,-1.4535608,4,2000q3,2000,486,0,1,1,0,0,0,0,0,0,1,0,0,0,1,0,0
10/1/2000,MUS,684,Mauritius,2.9428123,4,2000q4,2000,489,0,1,1,0,0,0,0,0,0,1,0,0,0,1,0,0
1/1/2001,MUS,684,Mauritius,5.7001281,4,2001q1,2001,492,0,1,1,0,0,0,0,0,0,1,0,0,0,1,0,0
4/1/2001,MUS,684,Mauritius,6.4009552,4,2001q2,2001,495,0,1,1,0,0,0,0,0,0,1,0,0,0,1,0,0
7/1/2001,MUS,684,Mauritius,6.7988057,4,2001q3,2001,498,0,1,1,0,0,0,0,0,0,1,0,0,0,1,0,0
10/1/2001,MUS,684,Mauritius,5.5158929,4,2001q4,2001,501,0,1,1,0,0,0,0,0,0,1,0,0,0,1,0,0
1/1/2002,MUS,684,Mauritius,4.9351988,4,2002q1,2002,504,0,1,1,0,0,0,0,0,0,1,0,0,0,1,0,0
4/1/2002,MUS,684,Mauritius,5.436868,4,2002q2,2002,507,0,1,1,0,0,0,0,0,0,1,0,0,0,1,0,0
7/1/2002,MUS,684,Mauritius,8.1311653,4,2002q3,2002,510,0,1,1,0,0,0,0,0,0,1,0,0,0,1,0,0
10/1/2002,MUS,684,Mauritius,2.5813517,4,2002q4,2002,513,0,1,1,0,0,0,0,0,0,1,0,0,0,1,0,0
1/1/2003,MUS,684,Mauritius,-5.1168048,4,2003q1,2003,516,0,1,1,0,0,0,0,0,0,1,0,0,0,1,0,0
4/1/2003,MUS,684,Mauritius,3.8417605,4,2003q2,2003,519,0,1,1,0,0,0,0,0,0,1,0,0,0,1,0,0
7/1/2003,MUS,684,Mauritius,5.0332505,4,2003q3,2003,522,0,1,1,0,0,0,0,0,0,1,0,0,0,1,0,0
10/1/2003,MUS,684,Mauritius,2.1114549,4,2003q4,2003,525,0,1,1,0,0,0,0,0,0,1,0,0,0,1,0,0
1/1/2004,MUS,684,Mauritius,-1.7239492,4,2004q1,2004,528,0,1,1,0,0,0,0,0,0,1,0,0,0,1,0,0
4/1/2004,MUS,684,Mauritius,-2.1414864,4,2004q2,2004,531,0,1,1,0,0,0,0,0,0,1,0,0,0,1,0,0
7/1/2004,MUS,684,Mauritius,-0.39419086,4,2004q3,2004,534,0,1,1,0,0,0,0,0,0,1,0,0,0,1,0,0
10/1/2004,MUS,684,Mauritius,-2.5789228,4,2004q4,2004,537,0,1,1,0,0,0,0,0,0,1,0,0,0,1,0,0
1/1/2005,MUS,684,Mauritius,-2.3716101,4,2005q1,2005,540,0,1,1,0,0,0,0,0,0,1,0,0,0,1,0,0
4/1/2005,MUS,684,Mauritius,-8.1280602,4,2005q2,2005,543,0,1,1,0,0,0,0,0,0,1,0,0,0,1,0,0
7/1/2005,MUS,684,Mauritius,-6.4761421,4,2005q3,2005,546,0,1,1,0,0,0,0,0,0,1,0,0,0,1,0,0
10/1/2005,MUS,684,Mauritius,-3.1712646,4,2005q4,2005,549,0,1,1,0,0,0,0,0,0,1,0,0,0,1,0,0
1/1/2006,MUS,684,Mauritius,-4.4773781,4,2006q1,2006,552,0,1,1,0,0,0,0,0,0,1,0,0,0,1,0,0
4/1/2006,MUS,684,Mauritius,-6.37437,4,2006q2,2006,555,0,1,1,0,0,0,0,0,0,1,0,0,0,1,0,0
7/1/2006,MUS,684,Mauritius,-12.334904,4,2006q3,2006,558,0,1,1,0,0,0,0,0,0,1,0,0,0,1,0,0
10/1/2006,MUS,684,Mauritius,-12.846013,4,2006q4,2006,561,0,1,1,0,0,0,0,0,0,1,0,0,0,1,0,0
1/1/2007,MUS,684,Mauritius,-2.0861715,4,2007q1,2007,564,0,1,1,0,0,0,0,0,0,1,0,0,0,1,0,0
4/1/2007,MUS,684,Mauritius,-3.9058126,4,2007q2,2007,567,0,1,1,0,0,0,0,0,0,1,0,0,0,1,0,0
7/1/2007,MUS,684,Mauritius,-7.355307,4,2007q3,2007,570,0,1,1,0,0,0,0,0,0,1,0,0,0,1,0,0
10/1/2007,MUS,684,Mauritius,-7.4280475,4,2007q4,2007,573,0,1,1,0,0,0,0,0,0,1,0,0,0,1,0,0
1/1/2008,MUS,684,Mauritius,-11.526861,4,2008q1,2008,576,0,1,1,0,0,0,0,0,0,1,0,0,0,1,0,0
4/1/2008,MUS,684,Mauritius,-7.2612342,4,2008q2,2008,579,0,1,1,0,0,0,0,0,0,1,0,0,0,1,0,0
7/1/2008,MUS,684,Mauritius,-11.427018,4,2008q3,2008,582,0,1,1,0,0,0,0,0,0,1,0,0,0,1,0,0
10/1/2008,MUS,684,Mauritius,-9.8965247,4,2008q4,2008,585,0,1,1,0,0,0,0,0,0,1,0,0,0,1,0,0
1/1/2009,MUS,684,Mauritius,-5.4968742,4,2009q1,2009,588,0,1,1,0,0,0,0,0,0,1,0,0,0,1,0,0
4/1/2009,MUS,684,Mauritius,-8.2512503,4,2009q2,2009,591,0,1,1,0,0,0,0,0,0,1,0,0,0,1,0,0
7/1/2009,MUS,684,Mauritius,-7.381776,4,2009q3,2009,594,0,1,1,0,0,0,0,0,0,1,0,0,0,1,0,0
10/1/2009,MUS,684,Mauritius,-7.7034454,4,2009q4,2009,597,0,1,1,0,0,0,0,0,0,1,0,0,0,1,0,0
1/1/2010,MUS,684,Mauritius,-10.052751,4,2010q1,2010,600,0,1,1,0,0,0,0,0,0,1,0,0,0,1,0,0
4/1/2010,MUS,684,Mauritius,-6.6895648,4,2010q2,2010,603,0,1,1,0,0,0,0,0,0,1,0,0,0,1,0,0
7/1/2010,MUS,684,Mauritius,-7.8516835,4,2010q3,2010,606,0,1,1,0,0,0,0,0,0,1,0,0,0,1,0,0
10/1/2010,MUS,684,Mauritius,-8.3845159,4,2010q4,2010,609,0,1,1,0,0,0,0,0,0,1,0,0,0,1,0,0
1/1/2011,MUS,684,Mauritius,-10.460808,5,2011q1,2011,612,0,1,1,0,0,0,0,0,0,1,0,0,0,1,0,0
4/1/2011,MUS,684,Mauritius,-12.551673,5,2011q2,2011,615,0,1,1,0,0,0,0,0,0,1,0,0,0,1,0,0
7/1/2011,MUS,684,Mauritius,-14.749466,5,2011q3,2011,618,0,1,1,0,0,0,0,0,0,1,0,0,0,1,0,0
10/1/2011,MUS,684,Mauritius,-16.175015,5,2011q4,2011,621,0,1,1,0,0,0,0,0,0,1,0,0,0,1,0,0
1/1/2012,MUS,684,Mauritius,-6.8396155,5,2012q1,2012,624,0,1,1,0,0,0,0,0,0,1,0,0,0,1,0,0
4/1/2012,MUS,684,Mauritius,-5.1686595,5,2012q2,2012,627,0,1,1,0,0,0,0,0,0,1,0,0,0,1,0,0
7/1/2012,MUS,684,Mauritius,-8.2307701,5,2012q3,2012,630,0,1,1,0,0,0,0,0,0,1,0,0,0,1,0,0
10/1/2012,MUS,684,Mauritius,-8.2290583,5,2012q4,2012,633,0,1,1,0,0,0,0,0,0,1,0,0,0,1,0,0
1/1/2013,MUS,684,Mauritius,-5.86591,5,2013q1,2013,636,0,1,1,0,0,0,0,0,0,1,0,0,0,1,0,0
4/1/2013,MUS,684,Mauritius,-10.594007,5,2013q2,2013,639,0,1,1,0,0,0,0,0,0,1,0,0,0,1,0,0
7/1/2013,MUS,684,Mauritius,-5.4460624,5,2013q3,2013,642,0,1,1,0,0,0,0,0,0,1,0,0,0,1,0,0
10/1/2013,MUS,684,Mauritius,-3.0896302,5,2013q4,2013,645,0,1,1,0,0,0,0,0,0,1,0,0,0,1,0,0
1/1/2014,MUS,684,Mauritius,-4.1520122,5,2014q1,2014,648,0,1,1,0,0,0,0,0,0,1,0,0,0,1,0,0
4/1/2014,MUS,684,Mauritius,-4.1421576,5,2014q2,2014,651,0,1,1,0,0,0,0,0,0,1,0,0,0,1,0,0
7/1/2014,MUS,684,Mauritius,-7.0999647,5,2014q3,2014,654,0,1,1,0,0,0,0,0,0,1,0,0,0,1,0,0
10/1/2014,MUS,684,Mauritius,-6.193473,5,2014q4,2014,657,0,1,1,0,0,0,0,0,0,1,0,0,0,1,0,0
1/1/2015,MUS,684,Mauritius,-3.9452465,5,2015q1,2015,660,0,1,1,0,0,0,0,0,0,1,0,0,0,1,0,0
4/1/2015,MUS,684,Mauritius,-3.4054983,5,2015q2,2015,663,0,1,1,0,0,0,0,0,0,1,0,0,0,1,0,0
7/1/2015,MUS,684,Mauritius,-5.2426998,5,2015q3,2015,666,0,1,1,0,0,0,0,0,0,1,0,0,0,1,0,0
10/1/2015,MUS,684,Mauritius,-1.7991366,5,2015q4,2015,669,0,1,1,0,0,0,0,0,0,1,0,0,0,1,0,0
1/1/2016,MUS,684,Mauritius,-4.7721056,5,2016q1,2016,672,0,1,1,0,0,0,0,0,0,1,0,0,0,1,0,0
4/1/2016,MUS,684,Mauritius,-3.2292604,5,2016q2,2016,675,0,1,1,0,0,0,0,0,0,1,0,0,0,1,0,0
7/1/2016,MUS,684,Mauritius,-4.4891703,5,2016q3,2016,678,0,1,1,0,0,0,0,0,0,1,0,0,0,1,0,0
10/1/2016,MUS,684,Mauritius,-3.6305775,5,2016q4,2016,681,0,1,1,0,0,0,0,0,0,1,0,0,0,1,0,0
1/1/2017,MUS,684,Mauritius,-6.1328688,5,2017q1,2017,684,0,1,1,0,0,0,0,0,0,1,0,0,0,1,0,0
4/1/2017,MUS,684,Mauritius,-4.1731337,5,2017q2,2017,687,0,1,1,0,0,0,0,0,0,1,0,0,0,1,0,0
7/1/2017,MUS,684,Mauritius,-3.4046004,5,2017q3,2017,690,0,1,1,0,0,0,0,0,0,1,0,0,0,1,0,0
10/1/2017,MUS,684,Mauritius,-4.8382038,5,2017q4,2017,693,0,1,1,0,0,0,0,0,0,1,0,0,0,1,0,0
1/1/2018,MUS,684,Mauritius,-2.6730121,5,2018q1,2018,696,0,1,1,0,0,0,0,0,0,1,0,0,0,1,0,0
4/1/2018,MUS,684,Mauritius,-4.1263494,5,2018q2,2018,699,0,1,1,0,0,0,0,0,0,1,0,0,0,1,0,0
7/1/2018,MUS,684,Mauritius,-4.7555288,5,2018q3,2018,702,0,1,1,0,0,0,0,0,0,1,0,0,0,1,0,0
10/1/2018,MUS,684,Mauritius,-4.1933729,5,2018q4,2018,705,0,1,1,0,0,0,0,0,0,1,0,0,0,1,0,0
1/1/2019,MUS,684,Mauritius,-4.9891058,5,2019q1,2019,708,0,1,1,0,0,0,0,0,0,1,0,0,0,1,0,0
4/1/2019,MUS,684,Mauritius,-4.5630316,5,2019q2,2019,711,0,1,1,0,0,0,0,0,0,1,0,0,0,1,0,0
7/1/2019,MUS,684,Mauritius,-4.4563081,5,2019q3,2019,714,0,1,1,0,0,0,0,0,0,1,0,0,0,1,0,0
10/1/2019,MUS,684,Mauritius,-6.5860183,5,2019q4,2019,717,0,1,1,0,0,0,0,0,0,1,0,0,0,1,0,0
1/1/2020,MUS,684,Mauritius,-6.3233421,5,2020q1,2020,720,0,1,1,0,0,0,0,0,0,1,0,0,0,1,0,0
1/1/2010,KSV,898,kosovo,-12.783362,2,2010q1,2010,600,0,1,0,0,0,0,0,0,0,0,0,0,0,0,0,0
4/1/2010,KSV,898,kosovo,-10.841406,2,2010q2,2010,603,0,1,0,0,0,0,0,0,0,0,0,0,0,0,0,0
7/1/2010,KSV,898,kosovo,-19.773446,2,2010q3,2010,606,0,1,0,0,0,0,0,0,0,0,0,0,0,0,0,0
10/1/2010,KSV,898,kosovo,-6.3577411,2,2010q4,2010,609,0,1,0,0,0,0,0,0,0,0,0,0,0,0,0,0
1/1/2011,KSV,898,kosovo,-12.942937,2,2011q1,2011,612,0,1,0,0,0,0,0,0,0,0,0,0,0,0,0,0
4/1/2011,KSV,898,kosovo,-13.090591,2,2011q2,2011,615,0,1,0,0,0,0,0,0,0,0,0,0,0,0,0,0
7/1/2011,KSV,898,kosovo,-8.9256989,2,2011q3,2011,618,0,1,0,0,0,0,0,0,0,0,0,0,0,0,0,0
10/1/2011,KSV,898,kosovo,-17.800076,2,2011q4,2011,621,0,1,0,0,0,0,0,0,0,0,0,0,0,0,0,0
1/1/2012,KSV,898,kosovo,-7.0349138,2,2012q1,2012,624,0,1,0,0,0,0,0,0,0,0,0,0,0,0,0,0
4/1/2012,KSV,898,kosovo,-7.4745456,2,2012q2,2012,627,0,1,0,0,0,0,0,0,0,0,0,0,0,0,0,0
7/1/2012,KSV,898,kosovo,-5.7859196,2,2012q3,2012,630,0,1,0,0,0,0,0,0,0,0,0,0,0,0,0,0
10/1/2012,KSV,898,kosovo,-4.8466853,2,2012q4,2012,633,0,1,0,0,0,0,0,0,0,0,0,0,0,0,0,0
1/1/2013,KSV,898,kosovo,-3.518345,2,2013q1,2013,636,0,1,0,0,0,0,0,0,0,0,0,0,0,0,0,0
4/1/2013,KSV,898,kosovo,-3.6117997,2,2013q2,2013,639,0,1,0,0,0,0,0,0,0,0,0,0,0,0,0,0
7/1/2013,KSV,898,kosovo,-4.0539248,2,2013q3,2013,642,0,1,0,0,0,0,0,0,0,0,0,0,0,0,0,0
10/1/2013,KSV,898,kosovo,-3.9452307,2,2013q4,2013,645,0,1,0,0,0,0,0,0,0,0,0,0,0,0,0,0
1/1/2014,KSV,898,kosovo,-5.5445241,2,2014q1,2014,648,0,1,0,0,0,0,0,0,0,0,0,0,0,0,0,0
4/1/2014,KSV,898,kosovo,-5.5189829,2,2014q2,2014,651,0,1,0,0,0,0,0,0,0,0,0,0,0,0,0,0
7/1/2014,KSV,898,kosovo,-4.5348048,2,2014q3,2014,654,0,1,0,0,0,0,0,0,0,0,0,0,0,0,0,0
10/1/2014,KSV,898,kosovo,-6.6241869,2,2014q4,2014,657,0,1,0,0,0,0,0,0,0,0,0,0,0,0,0,0
1/1/2015,KSV,898,kosovo,-6.9265318,2,2015q1,2015,660,0,1,0,0,0,0,0,0,0,0,0,0,0,0,0,0
4/1/2015,KSV,898,kosovo,-10.299289,2,2015q2,2015,663,0,1,0,0,0,0,0,0,0,0,0,0,0,0,0,0
7/1/2015,KSV,898,kosovo,-8.5123118,2,2015q3,2015,666,0,1,0,0,0,0,0,0,0,0,0,0,0,0,0,0
10/1/2015,KSV,898,kosovo,-11.699335,2,2015q4,2015,669,0,1,0,0,0,0,0,0,0,0,0,0,0,0,0,0
1/1/2016,KSV,898,kosovo,-11.245625,2,2016q1,2016,672,0,1,0,0,0,0,0,0,0,0,0,0,0,0,0,0
4/1/2016,KSV,898,kosovo,-9.6295032,2,2016q2,2016,675,0,1,0,0,0,0,0,0,0,0,0,0,0,0,0,0
7/1/2016,KSV,898,kosovo,-7.3480269,2,2016q3,2016,678,0,1,0,0,0,0,0,0,0,0,0,0,0,0,0,0
10/1/2016,KSV,898,kosovo,-7.6220802,2,2016q4,2016,681,0,1,0,0,0,0,0,0,0,0,0,0,0,0,0,0
1/1/2017,KSV,898,kosovo,-9.6553155,2,2017q1,2017,684,0,1,0,0,0,0,0,0,0,0,0,0,0,0,0,0
4/1/2017,KSV,898,kosovo,-7.1866251,2,2017q2,2017,687,0,1,0,0,0,0,0,0,0,0,0,0,0,0,0,0
7/1/2017,KSV,898,kosovo,-2.8570684,2,2017q3,2017,690,0,1,0,0,0,0,0,0,0,0,0,0,0,0,0,0
10/1/2017,KSV,898,kosovo,-4.9437223,2,2017q4,2017,693,0,1,0,0,0,0,0,0,0,0,0,0,0,0,0,0
1/1/2018,KSV,898,kosovo,-6.717076,2,2018q1,2018,696,0,1,0,0,0,0,0,0,0,0,0,0,0,0,0,0
4/1/2018,KSV,898,kosovo,-7.8322248,2,2018q2,2018,699,0,1,0,0,0,0,0,0,0,0,0,0,0,0,0,0
7/1/2018,KSV,898,kosovo,-9.0484766,2,2018q3,2018,702,0,1,0,0,0,0,0,0,0,0,0,0,0,0,0,0
10/1/2018,KSV,898,kosovo,-7.1494589,2,2018q4,2018,705,0,1,0,0,0,0,0,0,0,0,0,0,0,0,0,0
1/1/2019,KSV,898,kosovo,-5.1942204,2,2019q1,2019,708,0,1,0,0,0,0,0,0,0,0,0,0,0,0,0,0
4/1/2019,KSV,898,kosovo,-5.7626541,2,2019q2,2019,711,0,1,0,0,0,0,0,0,0,0,0,0,0,0,0,0
7/1/2019,KSV,898,kosovo,-4.17088,2,2019q3,2019,714,0,1,0,0,0,0,0,0,0,0,0,0,0,0,0,0
10/1/2019,KSV,898,kosovo,-8.4909049,2,2019q4,2019,717,0,1,0,0,0,0,0,0,0,0,0,0,0,0,0,0
1/1/2020,KSV,898,kosovo,-4.3104287,2,2020q1,2020,720,0,1,0,0,0,0,0,0,0,0,0,0,0,0,0,0
4/1/2020,KSV,898,kosovo,-4.5096745,2,2020q2,2020,723,0,1,0,0,0,0,0,0,0,0,0,0,0,0,0,0
7/1/2020,KSV,898,kosovo,-16.121429,2,2020q3,2020,726,0,1,0,0,0,0,0,0,0,0,0,0,0,0,0,0
10/1/2020,KSV,898,kosovo,-3.6083711,2,2020q4,2020,729,0,1,0,0,0,0,0,0,0,0,0,0,0,0,0,0
1/1/2021,KSV,898,kosovo,-7.9929691,2,2021q1,2021,732,0,1,0,0,0,0,0,0,0,0,0,0,0,0,0,0
4/1/2021,KSV,898,kosovo,-10.815788,2,2021q2,2021,735,0,1,0,0,0,0,0,0,0,0,0,0,0,0,0,0
7/1/2021,KSV,898,kosovo,-6.7250347,2,2021q3,2021,738,0,1,0,0,0,0,0,0,0,0,0,0,0,0,0,0
10/1/2021,KSV,898,kosovo,-11.540485,2,2021q4,2021,741,0,1,0,0,0,0,0,0,0,0,0,0,0,0,0,0
1/1/2022,KSV,898,kosovo,-13.856926,2,2022q1,2022,744,0,1,0,0,0,0,0,0,0,0,0,0,0,0,0,0
4/1/2022,KSV,898,kosovo,-10.446459,2,2022q2,2022,747,0,1,0,0,0,0,0,0,0,0,0,0,0,0,0,0
7/1/2022,KSV,898,kosovo,-9.8037806,2,2022q3,2022,750,0,1,0,0,0,0,0,0,0,0,0,0,0,0,0,0
10/1/2022,KSV,898,kosovo,-10.341096,2,2022q4,2022,753,0,1,0,0,0,0,0,0,0,0,0,0,0,0,0,0
1/1/2023,KSV,898,kosovo,-7.937541,2,2023q1,2023,756,0,1,0,0,0,0,0,0,0,0,0,0,0,0,0,0
4/1/2023,KSV,898,kosovo,-8.8645116,2,2023q2,2023,759,0,1,0,0,0,0,0,0,0,0,0,0,0,0,0,0
7/1/2023,KSV,898,kosovo,-7.3095008,2,2023q3,2023,762,0,1,0,0,0,0,0,0,0,0,0,0,0,0,0,0
10/1/2023,KSV,898,kosovo,-9.2532338,2,2023q4,2023,765,0,1,0,0,0,0,0,0,0,0,0,0,0,0,0,0
1/1/2024,KSV,898,kosovo,-10.837052,2,2024q1,2024,768,0,1,0,0,0,0,0,0,0,0,0,0,0,0,0,0
4/1/2024,KSV,898,kosovo,-9.7345216,2,2024q2,2024,771,0,1,0,0,0,0,0,0,0,0,0,0,0,0,0,0
1/1/1994,ARM,911,Armenia,-43.51025,4,1994q1,1994,408,0,1,0,0,1,0,0,0,0,0,0,0,0,0,0,0
4/1/1994,ARM,911,Armenia,-44.870174,4,1994q2,1994,411,0,1,0,0,1,0,0,0,0,0,0,0,0,0,0,0
7/1/1994,ARM,911,Armenia,-19.57852,4,1994q3,1994,414,0,1,0,0,1,0,0,0,0,0,0,0,0,0,0,0
10/1/1994,ARM,911,Armenia,-10.896058,4,1994q4,1994,417,0,1,0,0,1,0,0,0,0,0,0,0,0,0,0,0
1/1/1995,ARM,911,Armenia,-52.759248,4,1995q1,1995,420,0,1,0,0,1,0,0,0,0,0,0,0,0,0,0,0
4/1/1995,ARM,911,Armenia,-11.767357,4,1995q2,1995,423,0,1,0,0,1,0,0,0,0,0,0,0,0,0,0,0
7/1/1995,ARM,911,Armenia,-16.599118,4,1995q3,1995,426,0,1,0,0,1,0,0,0,0,0,0,0,0,0,0,0
10/1/1995,ARM,911,Armenia,-16.136481,4,1995q4,1995,429,0,1,0,0,1,0,0,0,0,0,0,0,0,0,0,0
1/1/1996,ARM,911,Armenia,-19.202845,4,1996q1,1996,432,0,1,0,0,1,0,0,0,0,0,0,0,0,0,0,0
4/1/1996,ARM,911,Armenia,-22.81242,4,1996q2,1996,435,0,1,0,0,1,0,0,0,0,0,0,0,0,0,0,0
7/1/1996,ARM,911,Armenia,-19.971767,4,1996q3,1996,438,0,1,0,0,1,0,0,0,0,0,0,0,0,0,0,0
10/1/1996,ARM,911,Armenia,-20.24157,4,1996q4,1996,441,0,1,0,0,1,0,0,0,0,0,0,0,0,0,0,0
1/1/1997,ARM,911,Armenia,-38.667162,4,1997q1,1997,444,0,1,0,0,1,0,0,0,0,0,0,0,0,0,0,0
4/1/1997,ARM,911,Armenia,-22.389136,4,1997q2,1997,447,0,1,0,0,1,0,0,0,0,0,0,0,0,0,0,0
7/1/1997,ARM,911,Armenia,-17.028748,4,1997q3,1997,450,0,1,0,0,1,0,0,0,0,0,0,0,0,0,0,0
10/1/1997,ARM,911,Armenia,-17.821701,4,1997q4,1997,453,0,1,0,0,1,0,0,0,0,0,0,0,0,0,0,0
1/1/1998,ARM,911,Armenia,-25.821862,4,1998q1,1998,456,0,1,0,0,1,0,0,0,0,0,0,0,0,0,0,0
4/1/1998,ARM,911,Armenia,-19.190938,4,1998q2,1998,459,0,1,0,0,1,0,0,0,0,0,0,0,0,0,0,0
7/1/1998,ARM,911,Armenia,-23.768012,4,1998q3,1998,462,0,1,0,0,1,0,0,0,0,0,0,0,0,0,0,0
10/1/1998,ARM,911,Armenia,-25.247133,4,1998q4,1998,465,0,1,0,0,1,0,0,0,0,0,0,0,0,0,0,0
1/1/1999,ARM,911,Armenia,-15.134778,4,1999q1,1999,468,0,1,0,0,1,0,0,0,0,0,0,0,0,0,0,0
4/1/1999,ARM,911,Armenia,-18.335562,4,1999q2,1999,471,0,1,0,0,1,0,0,0,0,0,0,0,0,0,0,0
7/1/1999,ARM,911,Armenia,-17.379277,4,1999q3,1999,474,0,1,0,0,1,0,0,0,0,0,0,0,0,0,0,0
10/1/1999,ARM,911,Armenia,-18.792561,4,1999q4,1999,477,0,1,0,0,1,0,0,0,0,0,0,0,0,0,0,0
1/1/2000,ARM,911,Armenia,-21.051631,4,2000q1,2000,480,0,1,0,0,1,0,0,0,0,0,0,0,0,0,0,0
4/1/2000,ARM,911,Armenia,-16.800935,4,2000q2,2000,483,0,1,0,0,1,0,0,0,0,0,0,0,0,0,0,0
7/1/2000,ARM,911,Armenia,-13.885472,4,2000q3,2000,486,0,1,0,0,1,0,0,0,0,0,0,0,0,0,0,0
10/1/2000,ARM,911,Armenia,-12.324707,4,2000q4,2000,489,0,1,0,0,1,0,0,0,0,0,0,0,0,0,0,0
1/1/2001,ARM,911,Armenia,-7.907338,4,2001q1,2001,492,0,1,0,0,1,0,0,0,0,0,0,0,0,0,0,0
4/1/2001,ARM,911,Armenia,-11.545142,4,2001q2,2001,495,0,1,0,0,1,0,0,0,0,0,0,0,0,0,0,0
7/1/2001,ARM,911,Armenia,-10.409539,4,2001q3,2001,498,0,1,0,0,1,0,0,0,0,0,0,0,0,0,0,0
10/1/2001,ARM,911,Armenia,-9.5568549,4,2001q4,2001,501,0,1,0,0,1,0,0,0,0,0,0,0,0,0,0,0
1/1/2002,ARM,911,Armenia,-6.3889644,4,2002q1,2002,504,0,1,0,0,1,0,0,0,0,0,0,0,0,0,0,0
4/1/2002,ARM,911,Armenia,-5.3150787,4,2002q2,2002,507,0,1,0,0,1,0,0,0,0,0,0,0,0,0,0,0
7/1/2002,ARM,911,Armenia,-8.5909985,4,2002q3,2002,510,0,1,0,0,1,0,0,0,0,0,0,0,0,0,0,0
10/1/2002,ARM,911,Armenia,-6.8745902,4,2002q4,2002,513,0,1,0,0,1,0,0,0,0,0,0,0,0,0,0,0
1/1/2003,ARM,911,Armenia,-9.891222,4,2003q1,2003,516,0,1,0,0,1,0,0,0,0,0,0,0,0,0,0,0
4/1/2003,ARM,911,Armenia,-11.297057,4,2003q2,2003,519,0,1,0,0,1,0,0,0,0,0,0,0,0,0,0,0
7/1/2003,ARM,911,Armenia,-6.2843035,4,2003q3,2003,522,0,1,0,0,1,0,0,0,0,0,0,0,0,0,0,0
10/1/2003,ARM,911,Armenia,-5.0115059,4,2003q4,2003,525,0,1,0,0,1,0,0,0,0,0,0,0,0,0,0,0
1/1/2004,ARM,911,Armenia,-0.74622482,4,2004q1,2004,528,0,1,0,0,1,0,0,0,0,0,0,0,0,0,0,0
4/1/2004,ARM,911,Armenia,-1.0087779,4,2004q2,2004,531,0,1,0,0,1,0,0,0,0,0,0,0,0,0,0,0
7/1/2004,ARM,911,Armenia,-2.6314014,4,2004q3,2004,534,0,1,0,0,1,0,0,0,0,0,0,0,0,0,0,0
10/1/2004,ARM,911,Armenia,-0.25396927,4,2004q4,2004,537,0,1,0,0,1,0,0,0,0,0,0,0,0,0,0,0
1/1/2005,ARM,911,Armenia,2.021668,4,2005q1,2005,540,0,1,0,0,1,0,0,0,0,0,0,0,0,0,0,0
4/1/2005,ARM,911,Armenia,-2.5928697,4,2005q2,2005,543,0,1,0,0,1,0,0,0,0,0,0,0,0,0,0,0
7/1/2005,ARM,911,Armenia,-2.6899409,4,2005q3,2005,546,0,1,0,0,1,0,0,0,0,0,0,0,0,0,0,0
10/1/2005,ARM,911,Armenia,-2.2134884,4,2005q4,2005,549,0,1,0,0,1,0,0,0,0,0,0,0,0,0,0,0
1/1/2006,ARM,911,Armenia,-1.8361059,4,2006q1,2006,552,0,1,0,0,1,0,0,0,0,0,0,0,0,0,0,0
4/1/2006,ARM,911,Armenia,-1.7401221,4,2006q2,2006,555,0,1,0,0,1,0,0,0,0,0,0,0,0,0,0,0
7/1/2006,ARM,911,Armenia,-3.9433845,4,2006q3,2006,558,0,1,0,0,1,0,0,0,0,0,0,0,0,0,0,0
10/1/2006,ARM,911,Armenia,-3.240951,4,2006q4,2006,561,0,1,0,0,1,0,0,0,0,0,0,0,0,0,0,0
1/1/2007,ARM,911,Armenia,-9.0106155,4,2007q1,2007,564,0,1,0,0,1,0,0,0,0,0,0,0,0,0,0,0
4/1/2007,ARM,911,Armenia,-5.0387547,4,2007q2,2007,567,0,1,0,0,1,0,0,0,0,0,0,0,0,0,0,0
7/1/2007,ARM,911,Armenia,-7.4087477,4,2007q3,2007,570,0,1,0,0,1,0,0,0,0,0,0,0,0,0,0,0
10/1/2007,ARM,911,Armenia,-8.3674964,4,2007q4,2007,573,0,1,0,0,1,0,0,0,0,0,0,0,0,0,0,0
1/1/2008,ARM,911,Armenia,-10.572262,4,2008q1,2008,576,0,1,0,0,1,0,0,0,0,0,0,0,0,0,0,0
4/1/2008,ARM,911,Armenia,-10.661137,4,2008q2,2008,579,0,1,0,0,1,0,0,0,0,0,0,0,0,0,0,0
7/1/2008,ARM,911,Armenia,-13.313015,4,2008q3,2008,582,0,1,0,0,1,0,0,0,0,0,0,0,0,0,0,0
10/1/2008,ARM,911,Armenia,-15.990779,4,2008q4,2008,585,0,1,0,0,1,0,0,0,0,0,0,0,0,0,0,0
1/1/2009,ARM,911,Armenia,-12.063935,4,2009q1,2009,588,0,1,0,0,1,0,0,0,0,0,0,0,0,0,0,0
4/1/2009,ARM,911,Armenia,-16.308773,4,2009q2,2009,591,0,1,0,0,1,0,0,0,0,0,0,0,0,0,0,0
7/1/2009,ARM,911,Armenia,-17.171697,4,2009q3,2009,594,0,1,0,0,1,0,0,0,0,0,0,0,0,0,0,0
10/1/2009,ARM,911,Armenia,-21.672055,4,2009q4,2009,597,0,1,0,0,1,0,0,0,0,0,0,0,0,0,0,0
1/1/2010,ARM,911,Armenia,-22.452231,4,2010q1,2010,600,0,1,0,0,1,0,0,0,0,0,0,0,0,0,0,0
4/1/2010,ARM,911,Armenia,-20.233757,4,2010q2,2010,603,0,1,0,0,1,0,0,0,0,0,0,0,0,0,0,0
7/1/2010,ARM,911,Armenia,-16.6635,4,2010q3,2010,606,0,1,0,0,1,0,0,0,0,0,0,0,0,0,0,0
10/1/2010,ARM,911,Armenia,-13.592296,4,2010q4,2010,609,0,1,0,0,1,0,0,0,0,0,0,0,0,0,0,0
1/1/2011,ARM,911,Armenia,-16.414854,4,2011q1,2011,612,0,1,0,0,1,0,0,0,0,0,0,0,0,0,0,0
4/1/2011,ARM,911,Armenia,-10.188201,5,2011q2,2011,615,0,1,0,0,1,0,0,0,0,0,0,0,0,0,0,0
7/1/2011,ARM,911,Armenia,-9.6724184,5,2011q3,2011,618,0,1,0,0,1,0,0,0,0,0,0,0,0,0,0,0
10/1/2011,ARM,911,Armenia,-9.2734113,5,2011q4,2011,621,0,1,0,0,1,0,0,0,0,0,0,0,0,0,0,0
1/1/2012,ARM,911,Armenia,-9.6236848,5,2012q1,2012,624,0,1,0,0,1,0,0,0,0,0,0,0,0,0,0,0
4/1/2012,ARM,911,Armenia,-9.7757154,5,2012q2,2012,627,0,1,0,0,1,0,0,0,0,0,0,0,0,0,0,0
7/1/2012,ARM,911,Armenia,-8.6882507,5,2012q3,2012,630,0,1,0,0,1,0,0,0,0,0,0,0,0,0,0,0
10/1/2012,ARM,911,Armenia,-8.4323314,5,2012q4,2012,633,0,1,0,0,1,0,0,0,0,0,0,0,0,0,0,0
1/1/2013,ARM,911,Armenia,-7.2372455,5,2013q1,2013,636,0,1,0,0,1,0,0,0,0,0,0,0,0,0,0,0
4/1/2013,ARM,911,Armenia,-7.4279693,5,2013q2,2013,639,0,1,0,0,1,0,0,0,0,0,0,0,0,0,0,0
7/1/2013,ARM,911,Armenia,-7.52611,5,2013q3,2013,642,0,1,0,0,1,0,0,0,0,0,0,0,0,0,0,0
10/1/2013,ARM,911,Armenia,-8.950529,5,2013q4,2013,645,0,1,0,0,1,0,0,0,0,0,0,0,0,0,0,0
1/1/2014,ARM,911,Armenia,-9.9577935,5,2014q1,2014,648,0,1,0,0,1,0,0,0,0,0,0,0,0,0,0,0
4/1/2014,ARM,911,Armenia,-9.4250585,5,2014q2,2014,651,0,1,0,0,1,0,0,0,0,0,0,0,0,0,0,0
7/1/2014,ARM,911,Armenia,-10.137431,5,2014q3,2014,654,0,1,0,0,1,0,0,0,0,0,0,0,0,0,0,0
10/1/2014,ARM,911,Armenia,-1.9444271,5,2014q4,2014,657,0,1,0,0,1,0,0,0,0,0,0,0,0,0,0,0
1/1/2015,ARM,911,Armenia,-2.6292803,5,2015q1,2015,660,0,1,0,0,1,0,0,0,0,0,0,0,0,0,0,0
4/1/2015,ARM,911,Armenia,-1.6876765,5,2015q2,2015,663,0,1,0,0,1,0,0,0,0,0,0,0,0,0,0,0
7/1/2015,ARM,911,Armenia,-2.1515471,5,2015q3,2015,666,0,1,0,0,1,0,0,0,0,0,0,0,0,0,0,0
10/1/2015,ARM,911,Armenia,-1.8980344,5,2015q4,2015,669,0,1,0,0,1,0,0,0,0,0,0,0,0,0,0,0
1/1/2016,ARM,911,Armenia,-0.88680096,5,2016q1,2016,672,0,1,0,0,1,0,0,0,0,0,0,0,0,0,0,0
4/1/2016,ARM,911,Armenia,-1.5557577,5,2016q2,2016,675,0,1,0,0,1,0,0,0,0,0,0,0,0,0,0,0
7/1/2016,ARM,911,Armenia,-0.29782229,5,2016q3,2016,678,0,1,0,0,1,0,0,0,0,0,0,0,0,0,0,0
10/1/2016,ARM,911,Armenia,-0.30466778,5,2016q4,2016,681,0,1,0,0,1,0,0,0,0,0,0,0,0,0,0,0
1/1/2017,ARM,911,Armenia,0.11453651,5,2017q1,2017,684,0,1,0,0,1,0,0,0,0,0,0,0,0,0,0,0
4/1/2017,ARM,911,Armenia,0.94009009,5,2017q2,2017,687,0,1,0,0,1,0,0,0,0,0,0,0,0,0,0,0
7/1/2017,ARM,911,Armenia,0.46309928,5,2017q3,2017,690,0,1,0,0,1,0,0,0,0,0,0,0,0,0,0,0
10/1/2017,ARM,911,Armenia,-7.2956899,5,2017q4,2017,693,0,1,0,0,1,0,0,0,0,0,0,0,0,0,0,0
1/1/2018,ARM,911,Armenia,-7.218213,5,2018q1,2018,696,0,1,0,0,1,0,0,0,0,0,0,0,0,0,0,0
4/1/2018,ARM,911,Armenia,-7.7046598,5,2018q2,2018,699,0,1,0,0,1,0,0,0,0,0,0,0,0,0,0,0
7/1/2018,ARM,911,Armenia,-7.6553096,5,2018q3,2018,702,0,1,0,0,1,0,0,0,0,0,0,0,0,0,0,0
10/1/2018,ARM,911,Armenia,-7.1345645,5,2018q4,2018,705,0,1,0,0,1,0,0,0,0,0,0,0,0,0,0,0
1/1/2019,ARM,911,Armenia,-6.79771,5,2019q1,2019,708,0,1,0,0,1,0,0,0,0,0,0,0,0,0,0,0
4/1/2019,ARM,911,Armenia,-5.9955604,5,2019q2,2019,711,0,1,0,0,1,0,0,0,0,0,0,0,0,0,0,0
7/1/2019,ARM,911,Armenia,-5.1102028,5,2019q3,2019,714,0,1,0,0,1,0,0,0,0,0,0,0,0,0,0,0
10/1/2019,ARM,911,Armenia,-12.821571,5,2019q4,2019,717,0,1,0,0,1,0,0,0,0,0,0,0,0,0,0,0
1/1/2020,ARM,911,Armenia,-5.5609646,5,2020q1,2020,720,0,1,0,0,1,0,0,0,0,0,0,0,0,0,0,0
4/1/2020,ARM,911,Armenia,-6.4794779,5,2020q2,2020,723,0,1,0,0,1,0,0,0,0,0,0,0,0,0,0,0
7/1/2020,ARM,911,Armenia,-6.5382824,5,2020q3,2020,726,0,1,0,0,1,0,0,0,0,0,0,0,0,0,0,0
1/1/1996,BLR,913,Belarus,-4.7672222,4,1996q1,1996,432,0,1,0,0,1,0,0,0,0,0,0,0,0,0,0,0
4/1/1996,BLR,913,Belarus,-5.9846068,4,1996q2,1996,435,0,1,0,0,1,0,0,0,0,0,0,0,0,0,0,0
7/1/1996,BLR,913,Belarus,-2.5032005,4,1996q3,1996,438,0,1,0,0,1,0,0,0,0,0,0,0,0,0,0,0
10/1/1996,BLR,913,Belarus,-2.539706,4,1996q4,1996,441,0,1,0,0,1,0,0,0,0,0,0,0,0,0,0,0
1/1/1997,BLR,913,Belarus,-14.573841,4,1997q1,1997,444,0,1,0,0,1,0,0,0,0,0,0,0,0,0,0,0
4/1/1997,BLR,913,Belarus,-5.1874787,4,1997q2,1997,447,0,1,0,0,1,0,0,0,0,0,0,0,0,0,0,0
7/1/1997,BLR,913,Belarus,-5.6229602,4,1997q3,1997,450,0,1,0,0,1,0,0,0,0,0,0,0,0,0,0,0
10/1/1997,BLR,913,Belarus,-3.8871765,4,1997q4,1997,453,0,1,0,0,1,0,0,0,0,0,0,0,0,0,0,0
1/1/1998,BLR,913,Belarus,-9.9062261,4,1998q1,1998,456,0,1,0,0,1,0,0,0,0,0,0,0,0,0,0,0
4/1/1998,BLR,913,Belarus,-6.9746067,4,1998q2,1998,459,0,1,0,0,1,0,0,0,0,0,0,0,0,0,0,0
7/1/1998,BLR,913,Belarus,-9.357322,4,1998q3,1998,462,0,1,0,0,1,0,0,0,0,0,0,0,0,0,0,0
10/1/1998,BLR,913,Belarus,-14.050861,4,1998q4,1998,465,0,1,0,0,1,0,0,0,0,0,0,0,0,0,0,0
1/1/1999,BLR,913,Belarus,-1.8949672,4,1999q1,1999,468,0,1,0,0,1,0,0,0,0,0,0,0,0,0,0,0
4/1/1999,BLR,913,Belarus,-1.9233834,4,1999q2,1999,471,0,1,0,0,1,0,0,0,0,0,0,0,0,0,0,0
7/1/1999,BLR,913,Belarus,-1.9329246,4,1999q3,1999,474,0,1,0,0,1,0,0,0,0,0,0,0,0,0,0,0
10/1/1999,BLR,913,Belarus,-0.67768536,4,1999q4,1999,477,0,1,0,0,1,0,0,0,0,0,0,0,0,0,0,0
1/1/2000,BLR,913,Belarus,-3.4639705,4,2000q1,2000,480,0,1,0,0,1,0,0,0,0,0,0,0,0,0,0,0
4/1/2000,BLR,913,Belarus,-7.6751335,4,2000q2,2000,483,0,1,0,0,1,0,0,0,0,0,0,0,0,0,0,0
7/1/2000,BLR,913,Belarus,-2.3252801,4,2000q3,2000,486,0,1,0,0,1,0,0,0,0,0,0,0,0,0,0,0
10/1/2000,BLR,913,Belarus,1.7254658,4,2000q4,2000,489,0,1,0,0,1,0,0,0,0,0,0,0,0,0,0,0
1/1/2001,BLR,913,Belarus,1.2529553,4,2001q1,2001,492,0,1,0,0,1,0,0,0,0,0,0,0,0,0,0,0
4/1/2001,BLR,913,Belarus,-2.9528496,4,2001q2,2001,495,0,1,0,0,1,0,0,0,0,0,0,0,0,0,0,0
7/1/2001,BLR,913,Belarus,-4.0064667,4,2001q3,2001,498,0,1,0,0,1,0,0,0,0,0,0,0,0,0,0,0
10/1/2001,BLR,913,Belarus,-5.8459113,4,2001q4,2001,501,0,1,0,0,1,0,0,0,0,0,0,0,0,0,0,0
1/1/2002,BLR,913,Belarus,-0.36885493,4,2002q1,2002,504,0,1,0,0,1,0,0,0,0,0,0,0,0,0,0,0
4/1/2002,BLR,913,Belarus,1.2961042,4,2002q2,2002,507,0,1,0,0,1,0,0,0,0,0,0,0,0,0,0,0
7/1/2002,BLR,913,Belarus,-4.9030171,4,2002q3,2002,510,0,1,0,0,1,0,0,0,0,0,0,0,0,0,0,0
10/1/2002,BLR,913,Belarus,-3.5651709,4,2002q4,2002,513,0,1,0,0,1,0,0,0,0,0,0,0,0,0,0,0
1/1/2003,BLR,913,Belarus,-3.3741505,4,2003q1,2003,516,0,1,0,0,1,0,0,0,0,0,0,0,0,0,0,0
4/1/2003,BLR,913,Belarus,-0.84617044,4,2003q2,2003,519,0,1,0,0,1,0,0,0,0,0,0,0,0,0,0,0
7/1/2003,BLR,913,Belarus,-3.292301,4,2003q3,2003,522,0,1,0,0,1,0,0,0,0,0,0,0,0,0,0,0
10/1/2003,BLR,913,Belarus,-1.4201868,4,2003q4,2003,525,0,1,0,0,1,0,0,0,0,0,0,0,0,0,0,0
1/1/2004,BLR,913,Belarus,0.33204634,4,2004q1,2004,528,0,1,0,0,1,0,0,0,0,0,0,0,0,0,0,0
4/1/2004,BLR,913,Belarus,-5.0397268,4,2004q2,2004,531,0,1,0,0,1,0,0,0,0,0,0,0,0,0,0,0
7/1/2004,BLR,913,Belarus,-3.4981348,4,2004q3,2004,534,0,1,0,0,1,0,0,0,0,0,0,0,0,0,0,0
10/1/2004,BLR,913,Belarus,-10.185325,4,2004q4,2004,537,0,1,0,0,1,0,0,0,0,0,0,0,0,0,0,0
1/1/2005,BLR,913,Belarus,9.2105768,4,2005q1,2005,540,0,1,0,0,1,0,0,0,0,0,0,0,0,0,0,0
4/1/2005,BLR,913,Belarus,1.2829398,4,2005q2,2005,543,0,1,0,0,1,0,0,0,0,0,0,0,0,0,0,0
7/1/2005,BLR,913,Belarus,-2.5835525,4,2005q3,2005,546,0,1,0,0,1,0,0,0,0,0,0,0,0,0,0,0
10/1/2005,BLR,913,Belarus,0.44964047,4,2005q4,2005,549,0,1,0,0,1,0,0,0,0,0,0,0,0,0,0,0
1/1/2006,BLR,913,Belarus,-0.53613153,4,2006q1,2006,552,0,1,0,0,1,0,0,0,0,0,0,0,0,0,0,0
4/1/2006,BLR,913,Belarus,-4.7189974,4,2006q2,2006,555,0,1,0,0,1,0,0,0,0,0,0,0,0,0,0,0
7/1/2006,BLR,913,Belarus,-4.0006311,4,2006q3,2006,558,0,1,0,0,1,0,0,0,0,0,0,0,0,0,0,0
10/1/2006,BLR,913,Belarus,-5.5276192,4,2006q4,2006,561,0,1,0,0,1,0,0,0,0,0,0,0,0,0,0,0
1/1/2007,BLR,913,Belarus,-7.2352069,4,2007q1,2007,564,0,1,0,0,1,0,0,0,0,0,0,0,0,0,0,0
4/1/2007,BLR,913,Belarus,-6.1541597,4,2007q2,2007,567,0,1,0,0,1,0,0,0,0,0,0,0,0,0,0,0
7/1/2007,BLR,913,Belarus,-6.8807932,4,2007q3,2007,570,0,1,0,0,1,0,0,0,0,0,0,0,0,0,0,0
10/1/2007,BLR,913,Belarus,-6.6363256,4,2007q4,2007,573,0,1,0,0,1,0,0,0,0,0,0,0,0,0,0,0
1/1/2008,BLR,913,Belarus,-3.9129143,4,2008q1,2008,576,0,1,0,0,1,0,0,0,0,0,0,0,0,0,0,0
4/1/2008,BLR,913,Belarus,-7.11835,4,2008q2,2008,579,0,1,0,0,1,0,0,0,0,0,0,0,0,0,0,0
7/1/2008,BLR,913,Belarus,-11.626902,4,2008q3,2008,582,0,1,0,0,1,0,0,0,0,0,0,0,0,0,0,0
10/1/2008,BLR,913,Belarus,-11.223714,4,2008q4,2008,585,0,1,0,0,1,0,0,0,0,0,0,0,0,0,0,0
1/1/2009,BLR,913,Belarus,-18.938666,4,2009q1,2009,588,0,1,0,0,1,0,0,0,0,0,0,0,0,0,0,0
4/1/2009,BLR,913,Belarus,-14.973063,4,2009q2,2009,591,0,1,0,0,1,0,0,0,0,0,0,0,0,0,0,0
7/1/2009,BLR,913,Belarus,-8.9898009,4,2009q3,2009,594,0,1,0,0,1,0,0,0,0,0,0,0,0,0,0,0
10/1/2009,BLR,913,Belarus,-12.665804,4,2009q4,2009,597,0,1,0,0,1,0,0,0,0,0,0,0,0,0,0,0
1/1/2010,BLR,913,Belarus,-11.11295,4,2010q1,2010,600,0,1,0,0,1,0,0,0,0,0,0,0,0,0,0,0
4/1/2010,BLR,913,Belarus,-16.024603,4,2010q2,2010,603,0,1,0,0,1,0,0,0,0,0,0,0,0,0,0,0
7/1/2010,BLR,913,Belarus,-17.090119,4,2010q3,2010,606,0,1,0,0,1,0,0,0,0,0,0,0,0,0,0,0
10/1/2010,BLR,913,Belarus,-17.521611,4,2010q4,2010,609,0,1,0,0,1,0,0,0,0,0,0,0,0,0,0,0
1/1/2011,BLR,913,Belarus,-24.871078,4,2011q1,2011,612,0,1,0,0,1,0,0,0,0,0,0,0,0,0,0,0
4/1/2011,BLR,913,Belarus,-7.225301,5,2011q2,2011,615,0,1,0,0,1,0,0,0,0,0,0,0,0,0,0,0
7/1/2011,BLR,913,Belarus,-0.76245901,5,2011q3,2011,618,0,1,0,0,1,0,0,0,0,0,0,0,0,0,0,0
10/1/2011,BLR,913,Belarus,-4.3292101,5,2011q4,2011,621,0,1,0,0,1,0,0,0,0,0,0,0,0,0,0,0
1/1/2012,BLR,913,Belarus,1.6044327,5,2012q1,2012,624,0,1,0,0,1,0,0,0,0,0,0,0,0,0,0,0
4/1/2012,BLR,913,Belarus,0.90595789,5,2012q2,2012,627,0,1,0,0,1,0,0,0,0,0,0,0,0,0,0,0
7/1/2012,BLR,913,Belarus,-6.5177171,5,2012q3,2012,630,0,1,0,0,1,0,0,0,0,0,0,0,0,0,0,0
10/1/2012,BLR,913,Belarus,-7.1843958,5,2012q4,2012,633,0,1,0,0,1,0,0,0,0,0,0,0,0,0,0,0
1/1/2013,BLR,913,Belarus,-12.17912,5,2013q1,2013,636,0,1,0,0,1,0,0,0,0,0,0,0,0,0,0,0
4/1/2013,BLR,913,Belarus,-8.4072434,5,2013q2,2013,639,0,1,0,0,1,0,0,0,0,0,0,0,0,0,0,0
7/1/2013,BLR,913,Belarus,-11.653099,5,2013q3,2013,642,0,1,0,0,1,0,0,0,0,0,0,0,0,0,0,0
10/1/2013,BLR,913,Belarus,-8.3292765,5,2013q4,2013,645,0,1,0,0,1,0,0,0,0,0,0,0,0,0,0,0
1/1/2014,BLR,913,Belarus,-7.2006234,5,2014q1,2014,648,0,1,0,0,1,0,0,0,0,0,0,0,0,0,0,0
4/1/2014,BLR,913,Belarus,-6.8730861,5,2014q2,2014,651,0,1,0,0,1,0,0,0,0,0,0,0,0,0,0,0
7/1/2014,BLR,913,Belarus,-6.012594,5,2014q3,2014,654,0,1,0,0,1,0,0,0,0,0,0,0,0,0,0,0
10/1/2014,BLR,913,Belarus,-6.8251188,5,2014q4,2014,657,0,1,0,0,1,0,0,0,0,0,0,0,0,0,0,0
1/1/2015,BLR,913,Belarus,-4.6671531,5,2015q1,2015,660,0,1,0,0,1,0,0,0,0,0,0,0,0,0,0,0
4/1/2015,BLR,913,Belarus,-1.5769179,5,2015q2,2015,663,0,1,0,0,1,0,0,0,0,0,0,0,0,0,0,0
7/1/2015,BLR,913,Belarus,-3.0591662,5,2015q3,2015,666,0,1,0,0,1,0,0,0,0,0,0,0,0,0,0,0
10/1/2015,BLR,913,Belarus,-4.3550156,5,2015q4,2015,669,0,1,0,0,1,0,0,0,0,0,0,0,0,0,0,0
1/1/2016,BLR,913,Belarus,-6.9529207,5,2016q1,2016,672,0,1,0,0,1,0,0,0,0,0,0,0,0,0,0,0
4/1/2016,BLR,913,Belarus,-4.5375392,5,2016q2,2016,675,0,1,0,0,1,0,0,0,0,0,0,0,0,0,0,0
7/1/2016,BLR,913,Belarus,-0.90487219,5,2016q3,2016,678,0,1,0,0,1,0,0,0,0,0,0,0,0,0,0,0
10/1/2016,BLR,913,Belarus,-1.9827911,5,2016q4,2016,681,0,1,0,0,1,0,0,0,0,0,0,0,0,0,0,0
1/1/2017,BLR,913,Belarus,-0.18304487,5,2017q1,2017,684,0,1,0,0,1,0,0,0,0,0,0,0,0,0,0,0
4/1/2017,BLR,913,Belarus,-1.6817059,5,2017q2,2017,687,0,1,0,0,1,0,0,0,0,0,0,0,0,0,0,0
7/1/2017,BLR,913,Belarus,-2.7835019,5,2017q3,2017,690,0,1,0,0,1,0,0,0,0,0,0,0,0,0,0,0
10/1/2017,BLR,913,Belarus,-2.7369716,5,2017q4,2017,693,0,1,0,0,1,0,0,0,0,0,0,0,0,0,0,0
1/1/2018,BLR,913,Belarus,-2.3909451,5,2018q1,2018,696,0,1,0,0,1,0,0,0,0,0,0,0,0,0,0,0
4/1/2018,BLR,913,Belarus,-0.68620397,5,2018q2,2018,699,0,1,0,0,1,0,0,0,0,0,0,0,0,0,0,0
7/1/2018,BLR,913,Belarus,-0.1825802,5,2018q3,2018,702,0,1,0,0,1,0,0,0,0,0,0,0,0,0,0,0
10/1/2018,BLR,913,Belarus,2.9738702,5,2018q4,2018,705,0,1,0,0,1,0,0,0,0,0,0,0,0,0,0,0
1/1/2019,BLR,913,Belarus,-0.91279877,5,2019q1,2019,708,0,1,0,0,1,0,0,0,0,0,0,0,0,0,0,0
4/1/2019,BLR,913,Belarus,-1.9546017,5,2019q2,2019,711,0,1,0,0,1,0,0,0,0,0,0,0,0,0,0,0
7/1/2019,BLR,913,Belarus,-0.71549653,5,2019q3,2019,714,0,1,0,0,1,0,0,0,0,0,0,0,0,0,0,0
10/1/2019,BLR,913,Belarus,-4.4470153,5,2019q4,2019,717,0,1,0,0,1,0,0,0,0,0,0,0,0,0,0,0
1/1/2020,BLR,913,Belarus,-2.4237809,5,2020q1,2020,720,0,1,0,0,1,0,0,0,0,0,0,0,0,0,0,0
1/1/2015,ALB,914,Albania,-8.9744071,2,2015q1,2015,660,0,1,0,0,1,0,0,0,0,0,0,0,0,0,0,0
4/1/2015,ALB,914,Albania,-5.1905517,2,2015q2,2015,663,0,1,0,0,1,0,0,0,0,0,0,0,0,0,0,0
7/1/2015,ALB,914,Albania,-11.295306,2,2015q3,2015,666,0,1,0,0,1,0,0,0,0,0,0,0,0,0,0,0
10/1/2015,ALB,914,Albania,-9.1761711,2,2015q4,2015,669,0,1,0,0,1,0,0,0,0,0,0,0,0,0,0,0
1/1/2016,ALB,914,Albania,-8.1679471,2,2016q1,2016,672,0,1,0,0,1,0,0,0,0,0,0,0,0,0,0,0
4/1/2016,ALB,914,Albania,-10.587439,2,2016q2,2016,675,0,1,0,0,1,0,0,0,0,0,0,0,0,0,0,0
7/1/2016,ALB,914,Albania,-7.0660381,2,2016q3,2016,678,0,1,0,0,1,0,0,0,0,0,0,0,0,0,0,0
10/1/2016,ALB,914,Albania,-4.5300745,2,2016q4,2016,681,0,1,0,0,1,0,0,0,0,0,0,0,0,0,0,0
1/1/2017,ALB,914,Albania,-6.3118197,2,2017q1,2017,684,0,1,0,0,1,0,0,0,0,0,0,0,0,0,0,0
4/1/2017,ALB,914,Albania,-8.4213647,2,2017q2,2017,687,0,1,0,0,1,0,0,0,0,0,0,0,0,0,0,0
7/1/2017,ALB,914,Albania,-6.9046459,2,2017q3,2017,690,0,1,0,0,1,0,0,0,0,0,0,0,0,0,0,0
10/1/2017,ALB,914,Albania,-8.018979,2,2017q4,2017,693,0,1,0,0,1,0,0,0,0,0,0,0,0,0,0,0
1/1/2018,ALB,914,Albania,-6.2361993,2,2018q1,2018,696,0,1,0,0,1,0,0,0,0,0,0,0,0,0,0,0
4/1/2018,ALB,914,Albania,-5.1063874,2,2018q2,2018,699,0,1,0,0,1,0,0,0,0,0,0,0,0,0,0,0
7/1/2018,ALB,914,Albania,-7.0273345,2,2018q3,2018,702,0,1,0,0,1,0,0,0,0,0,0,0,0,0,0,0
10/1/2018,ALB,914,Albania,-8.5139129,2,2018q4,2018,705,0,1,0,0,1,0,0,0,0,0,0,0,0,0,0,0
1/1/2019,ALB,914,Albania,-8.3543159,2,2019q1,2019,708,0,1,0,0,1,0,0,0,0,0,0,0,0,0,0,0
4/1/2019,ALB,914,Albania,-7.8799831,2,2019q2,2019,711,0,1,0,0,1,0,0,0,0,0,0,0,0,0,0,0
7/1/2019,ALB,914,Albania,-7.9406013,2,2019q3,2019,714,0,1,0,0,1,0,0,0,0,0,0,0,0,0,0,0
10/1/2019,ALB,914,Albania,-7.2302642,2,2019q4,2019,717,0,1,0,0,1,0,0,0,0,0,0,0,0,0,0,0
1/1/2020,ALB,914,Albania,-7.2485243,2,2020q1,2020,720,0,1,0,0,1,0,0,0,0,0,0,0,0,0,0,0
4/1/2020,ALB,914,Albania,-11.264124,2,2020q2,2020,723,0,1,0,0,1,0,0,0,0,0,0,0,0,0,0,0
7/1/2020,ALB,914,Albania,-9.04214,2,2020q3,2020,726,0,1,0,0,1,0,0,0,0,0,0,0,0,0,0,0
10/1/2020,ALB,914,Albania,-6.9320107,2,2020q4,2020,729,0,1,0,0,1,0,0,0,0,0,0,0,0,0,0,0
1/1/2021,ALB,914,Albania,-7.9982736,2,2021q1,2021,732,0,1,0,0,1,0,0,0,0,0,0,0,0,0,0,0
4/1/2021,ALB,914,Albania,-5.5460371,2,2021q2,2021,735,0,1,0,0,1,0,0,0,0,0,0,0,0,0,0,0
7/1/2021,ALB,914,Albania,-6.8479059,2,2021q3,2021,738,0,1,0,0,1,0,0,0,0,0,0,0,0,0,0,0
10/1/2021,ALB,914,Albania,-10.150181,2,2021q4,2021,741,0,1,0,0,1,0,0,0,0,0,0,0,0,0,0,0
1/1/2022,ALB,914,Albania,-5.266399,2,2022q1,2022,744,0,1,0,0,1,0,0,0,0,0,0,0,0,0,0,0
4/1/2022,ALB,914,Albania,-4.186539,2,2022q2,2022,747,0,1,0,0,1,0,0,0,0,0,0,0,0,0,0,0
7/1/2022,ALB,914,Albania,-7.8765543,2,2022q3,2022,750,0,1,0,0,1,0,0,0,0,0,0,0,0,0,0,0
10/1/2022,ALB,914,Albania,-6.4432371,2,2022q4,2022,753,0,1,0,0,1,0,0,0,0,0,0,0,0,0,0,0
1/1/2023,ALB,914,Albania,-1.5756894,2,2023q1,2023,756,0,1,0,0,1,0,0,0,0,0,0,0,0,0,0,0
4/1/2023,ALB,914,Albania,-3.6652159,2,2023q2,2023,759,0,1,0,0,1,0,0,0,0,0,0,0,0,0,0,0
7/1/2023,ALB,914,Albania,0.46124707,2,2023q3,2023,762,0,1,0,0,1,0,0,0,0,0,0,0,0,0,0,0
10/1/2023,ALB,914,Albania,-1.058998,2,2023q4,2023,765,0,1,0,0,1,0,0,0,0,0,0,0,0,0,0,0
1/1/2024,ALB,914,Albania,-4.4092098,2,2024q1,2024,768,0,1,0,0,1,0,0,0,0,0,0,0,0,0,0,0
4/1/2024,ALB,914,Albania,-2.4984117,2,2024q2,2024,771,0,1,0,0,1,0,0,0,0,0,0,0,0,0,0,0
7/1/2024,ALB,914,Albania,-0.61004345,2,2024q3,2024,774,0,1,0,0,1,0,0,0,0,0,0,0,0,0,0,0
1/1/1997,GEO,915,Georgia,-14.451324,4,1997q1,1997,444,0,1,0,0,1,0,0,0,0,0,0,0,0,0,0,0
4/1/1997,GEO,915,Georgia,-14.483821,4,1997q2,1997,447,0,1,0,0,1,0,0,0,0,0,0,0,0,0,0,0
7/1/1997,GEO,915,Georgia,-16.103587,4,1997q3,1997,450,0,1,0,0,1,0,0,0,0,0,0,0,0,0,0,0
10/1/1997,GEO,915,Georgia,-13.004509,4,1997q4,1997,453,0,1,0,0,1,0,0,0,0,0,0,0,0,0,0,0
1/1/1998,GEO,915,Georgia,-10.830479,4,1998q1,1998,456,0,1,0,0,1,0,0,0,0,0,0,0,0,0,0,0
4/1/1998,GEO,915,Georgia,-8.0544935,4,1998q2,1998,459,0,1,0,0,1,0,0,0,0,0,0,0,0,0,0,0
7/1/1998,GEO,915,Georgia,-7.8983398,4,1998q3,1998,462,0,1,0,0,1,0,0,0,0,0,0,0,0,0,0,0
10/1/1998,GEO,915,Georgia,-7.5567205,4,1998q4,1998,465,0,1,0,0,1,0,0,0,0,0,0,0,0,0,0,0
1/1/1999,GEO,915,Georgia,-9.7637058,4,1999q1,1999,468,0,1,0,0,1,0,0,0,0,0,0,0,0,0,0,0
4/1/1999,GEO,915,Georgia,-7.8269686,4,1999q2,1999,471,0,1,0,0,1,0,0,0,0,0,0,0,0,0,0,0
7/1/1999,GEO,915,Georgia,-6.1849368,4,1999q3,1999,474,0,1,0,0,1,0,0,0,0,0,0,0,0,0,0,0
10/1/1999,GEO,915,Georgia,-5.9501822,4,1999q4,1999,477,0,1,0,0,1,0,0,0,0,0,0,0,0,0,0,0
1/1/2000,GEO,915,Georgia,-8.3208212,4,2000q1,2000,480,0,1,0,0,1,0,0,0,0,0,0,0,0,0,0,0
4/1/2000,GEO,915,Georgia,-8.2093758,4,2000q2,2000,483,0,1,0,0,1,0,0,0,0,0,0,0,0,0,0,0
7/1/2000,GEO,915,Georgia,-8.1803403,4,2000q3,2000,486,0,1,0,0,1,0,0,0,0,0,0,0,0,0,0,0
10/1/2000,GEO,915,Georgia,-8.907281,4,2000q4,2000,489,0,1,0,0,1,0,0,0,0,0,0,0,0,0,0,0
1/1/2001,GEO,915,Georgia,-6.6886221,4,2001q1,2001,492,0,1,0,0,1,0,0,0,0,0,0,0,0,0,0,0
4/1/2001,GEO,915,Georgia,-7.3346425,4,2001q2,2001,495,0,1,0,0,1,0,0,0,0,0,0,0,0,0,0,0
7/1/2001,GEO,915,Georgia,-6.1403773,4,2001q3,2001,498,0,1,0,0,1,0,0,0,0,0,0,0,0,0,0,0
10/1/2001,GEO,915,Georgia,-6.4962661,4,2001q4,2001,501,0,1,0,0,1,0,0,0,0,0,0,0,0,0,0,0
1/1/2002,GEO,915,Georgia,-7.5847626,4,2002q1,2002,504,0,1,0,0,1,0,0,0,0,0,0,0,0,0,0,0
4/1/2002,GEO,915,Georgia,-6.1219404,4,2002q2,2002,507,0,1,0,0,1,0,0,0,0,0,0,0,0,0,0,0
7/1/2002,GEO,915,Georgia,-7.626473,4,2002q3,2002,510,0,1,0,0,1,0,0,0,0,0,0,0,0,0,0,0
10/1/2002,GEO,915,Georgia,-7.4932235,4,2002q4,2002,513,0,1,0,0,1,0,0,0,0,0,0,0,0,0,0,0
1/1/2003,GEO,915,Georgia,-10.376941,4,2003q1,2003,516,0,1,0,0,1,0,0,0,0,0,0,0,0,0,0,0
4/1/2003,GEO,915,Georgia,-10.618347,4,2003q2,2003,519,0,1,0,0,1,0,0,0,0,0,0,0,0,0,0,0
7/1/2003,GEO,915,Georgia,-7.1451216,4,2003q3,2003,522,0,1,0,0,1,0,0,0,0,0,0,0,0,0,0,0
10/1/2003,GEO,915,Georgia,-10.135483,4,2003q4,2003,525,0,1,0,0,1,0,0,0,0,0,0,0,0,0,0,0
1/1/2004,GEO,915,Georgia,-9.1730193,4,2004q1,2004,528,0,1,0,0,1,0,0,0,0,0,0,0,0,0,0,0
4/1/2004,GEO,915,Georgia,-6.5067631,4,2004q2,2004,531,0,1,0,0,1,0,0,0,0,0,0,0,0,0,0,0
7/1/2004,GEO,915,Georgia,-9.1240387,4,2004q3,2004,534,0,1,0,0,1,0,0,0,0,0,0,0,0,0,0,0
10/1/2004,GEO,915,Georgia,-7.9044551,4,2004q4,2004,537,0,1,0,0,1,0,0,0,0,0,0,0,0,0,0,0
1/1/2005,GEO,915,Georgia,-9.2766568,4,2005q1,2005,540,0,1,0,0,1,0,0,0,0,0,0,0,0,0,0,0
4/1/2005,GEO,915,Georgia,-10.149486,4,2005q2,2005,543,0,1,0,0,1,0,0,0,0,0,0,0,0,0,0,0
7/1/2005,GEO,915,Georgia,-12.192701,4,2005q3,2005,546,0,1,0,0,1,0,0,0,0,0,0,0,0,0,0,0
10/1/2005,GEO,915,Georgia,-15.549319,4,2005q4,2005,549,0,1,0,0,1,0,0,0,0,0,0,0,0,0,0,0
1/1/2006,GEO,915,Georgia,-13.711065,4,2006q1,2006,552,0,1,0,0,1,0,0,0,0,0,0,0,0,0,0,0
4/1/2006,GEO,915,Georgia,-17.53569,4,2006q2,2006,555,0,1,0,0,1,0,0,0,0,0,0,0,0,0,0,0
7/1/2006,GEO,915,Georgia,-17.762468,4,2006q3,2006,558,0,1,0,0,1,0,0,0,0,0,0,0,0,0,0,0
10/1/2006,GEO,915,Georgia,-15.582659,4,2006q4,2006,561,0,1,0,0,1,0,0,0,0,0,0,0,0,0,0,0
1/1/2007,GEO,915,Georgia,-19.139502,4,2007q1,2007,564,0,1,0,0,1,0,0,0,0,0,0,0,0,0,0,0
4/1/2007,GEO,915,Georgia,-16.31935,4,2007q2,2007,567,0,1,0,0,1,0,0,0,0,0,0,0,0,0,0,0
7/1/2007,GEO,915,Georgia,-16.746827,4,2007q3,2007,570,0,1,0,0,1,0,0,0,0,0,0,0,0,0,0,0
10/1/2007,GEO,915,Georgia,-29.073502,4,2007q4,2007,573,0,1,0,0,1,0,0,0,0,0,0,0,0,0,0,0
1/1/2008,GEO,915,Georgia,-28.027661,4,2008q1,2008,576,0,1,0,0,1,0,0,0,0,0,0,0,0,0,0,0
4/1/2008,GEO,915,Georgia,-26.695367,4,2008q2,2008,579,0,1,0,0,1,0,0,0,0,0,0,0,0,0,0,0
7/1/2008,GEO,915,Georgia,-21.986348,4,2008q3,2008,582,0,1,0,0,1,0,0,0,0,0,0,0,0,0,0,0
10/1/2008,GEO,915,Georgia,-22.440974,4,2008q4,2008,585,0,1,0,0,1,0,0,0,0,0,0,0,0,0,0,0
1/1/2009,GEO,915,Georgia,-16.90921,4,2009q1,2009,588,0,1,0,0,1,0,0,0,0,0,0,0,0,0,0,0
4/1/2009,GEO,915,Georgia,-12.021721,4,2009q2,2009,591,0,1,0,0,1,0,0,0,0,0,0,0,0,0,0,0
7/1/2009,GEO,915,Georgia,-10.237313,4,2009q3,2009,594,0,1,0,0,1,0,0,0,0,0,0,0,0,0,0,0
10/1/2009,GEO,915,Georgia,-11.292958,4,2009q4,2009,597,0,1,0,0,1,0,0,0,0,0,0,0,0,0,0,0
1/1/2010,GEO,915,Georgia,-9.0688803,4,2010q1,2010,600,0,1,0,0,1,0,0,0,0,0,0,0,0,0,0,0
4/1/2010,GEO,915,Georgia,-11.884186,4,2010q2,2010,603,0,1,0,0,1,0,0,0,0,0,0,0,0,0,0,0
7/1/2010,GEO,915,Georgia,-10.518659,4,2010q3,2010,606,0,1,0,0,1,0,0,0,0,0,0,0,0,0,0,0
10/1/2010,GEO,915,Georgia,-11.526949,4,2010q4,2010,609,0,1,0,0,1,0,0,0,0,0,0,0,0,0,0,0
1/1/2011,GEO,915,Georgia,-12.076765,4,2011q1,2011,612,0,1,0,0,1,0,0,0,0,0,0,0,0,0,0,0
4/1/2011,GEO,915,Georgia,-10.969815,5,2011q2,2011,615,0,1,0,0,1,0,0,0,0,0,0,0,0,0,0,0
7/1/2011,GEO,915,Georgia,-13.845778,5,2011q3,2011,618,0,1,0,0,1,0,0,0,0,0,0,0,0,0,0,0
10/1/2011,GEO,915,Georgia,-12.138417,5,2011q4,2011,621,0,1,0,0,1,0,0,0,0,0,0,0,0,0,0,0
1/1/2012,GEO,915,Georgia,-11.466275,5,2012q1,2012,624,0,1,0,0,1,0,0,0,0,0,0,0,0,0,0,0
4/1/2012,GEO,915,Georgia,-13.266891,5,2012q2,2012,627,0,1,0,0,1,0,0,0,0,0,0,0,0,0,0,0
7/1/2012,GEO,915,Georgia,-13.541737,5,2012q3,2012,630,0,1,0,0,1,0,0,0,0,0,0,0,0,0,0,0
10/1/2012,GEO,915,Georgia,-7.1181281,5,2012q4,2012,633,0,1,0,0,1,0,0,0,0,0,0,0,0,0,0,0
1/1/2013,GEO,915,Georgia,-6.7555176,5,2013q1,2013,636,0,1,0,0,1,0,0,0,0,0,0,0,0,0,0,0
4/1/2013,GEO,915,Georgia,-4.5393044,5,2013q2,2013,639,0,1,0,0,1,0,0,0,0,0,0,0,0,0,0,0
7/1/2013,GEO,915,Georgia,-3.7628803,5,2013q3,2013,642,0,1,0,0,1,0,0,0,0,0,0,0,0,0,0,0
10/1/2013,GEO,915,Georgia,-7.1604213,5,2013q4,2013,645,0,1,0,0,1,0,0,0,0,0,0,0,0,0,0,0
1/1/2014,GEO,915,Georgia,-8.5276922,5,2014q1,2014,648,0,1,0,0,1,0,0,0,0,0,0,0,0,0,0,0
4/1/2014,GEO,915,Georgia,-9.9618767,5,2014q2,2014,651,0,1,0,0,1,0,0,0,0,0,0,0,0,0,0,0
7/1/2014,GEO,915,Georgia,-9.1600217,5,2014q3,2014,654,0,1,0,0,1,0,0,0,0,0,0,0,0,0,0,0
10/1/2014,GEO,915,Georgia,-12.685218,5,2014q4,2014,657,0,1,0,0,1,0,0,0,0,0,0,0,0,0,0,0
1/1/2015,GEO,915,Georgia,-12.646103,5,2015q1,2015,660,0,1,0,0,1,0,0,0,0,0,0,0,0,0,0,0
4/1/2015,GEO,915,Georgia,-11.306741,5,2015q2,2015,663,0,1,0,0,1,0,0,0,0,0,0,0,0,0,0,0
7/1/2015,GEO,915,Georgia,-12.246488,5,2015q3,2015,666,0,1,0,0,1,0,0,0,0,0,0,0,0,0,0,0
10/1/2015,GEO,915,Georgia,-10.965217,5,2015q4,2015,669,0,1,0,0,1,0,0,0,0,0,0,0,0,0,0,0
1/1/2016,GEO,915,Georgia,-11.376908,5,2016q1,2016,672,0,1,0,0,1,0,0,0,0,0,0,0,0,0,0,0
4/1/2016,GEO,915,Georgia,-12.111121,5,2016q2,2016,675,0,1,0,0,1,0,0,0,0,0,0,0,0,0,0,0
7/1/2016,GEO,915,Georgia,-12.964783,5,2016q3,2016,678,0,1,0,0,1,0,0,0,0,0,0,0,0,0,0,0
10/1/2016,GEO,915,Georgia,-13.389237,5,2016q4,2016,681,0,1,0,0,1,0,0,0,0,0,0,0,0,0,0,0
1/1/2017,GEO,915,Georgia,-9.4042901,5,2017q1,2017,684,0,1,0,0,1,0,0,0,0,0,0,0,0,0,0,0
4/1/2017,GEO,915,Georgia,-7.9903245,5,2017q2,2017,687,0,1,0,0,1,0,0,0,0,0,0,0,0,0,0,0
7/1/2017,GEO,915,Georgia,-6.7598717,5,2017q3,2017,690,0,1,0,0,1,0,0,0,0,0,0,0,0,0,0,0
10/1/2017,GEO,915,Georgia,-8.4102558,5,2017q4,2017,693,0,1,0,0,1,0,0,0,0,0,0,0,0,0,0,0
1/1/2018,GEO,915,Georgia,-9.2577804,5,2018q1,2018,696,0,1,0,0,1,0,0,0,0,0,0,0,0,0,0,0
4/1/2018,GEO,915,Georgia,-7.7232339,5,2018q2,2018,699,0,1,0,0,1,0,0,0,0,0,0,0,0,0,0,0
7/1/2018,GEO,915,Georgia,-4.294669,5,2018q3,2018,702,0,1,0,0,1,0,0,0,0,0,0,0,0,0,0,0
10/1/2018,GEO,915,Georgia,-5.7242196,5,2018q4,2018,705,0,1,0,0,1,0,0,0,0,0,0,0,0,0,0,0
1/1/2019,GEO,915,Georgia,-5.2186351,5,2019q1,2019,708,0,1,0,0,1,0,0,0,0,0,0,0,0,0,0,0
4/1/2019,GEO,915,Georgia,-4.1607838,5,2019q2,2019,711,0,1,0,0,1,0,0,0,0,0,0,0,0,0,0,0
7/1/2019,GEO,915,Georgia,-5.3708283,5,2019q3,2019,714,0,1,0,0,1,0,0,0,0,0,0,0,0,0,0,0
10/1/2019,GEO,915,Georgia,-8.3598807,5,2019q4,2019,717,0,1,0,0,1,0,0,0,0,0,0,0,0,0,0,0
1/1/2020,GEO,915,Georgia,-9.2789334,5,2020q1,2020,720,0,1,0,0,1,0,0,0,0,0,0,0,0,0,0,0
1/1/1995,KAZ,916,Kazakhstan,-9.2319291,4,1995q1,1995,420,0,1,0,0,1,0,0,0,0,0,0,0,0,0,0,0
4/1/1995,KAZ,916,Kazakhstan,-1.9282225,4,1995q2,1995,423,0,1,0,0,1,0,0,0,0,0,0,0,0,0,0,0
7/1/1995,KAZ,916,Kazakhstan,2.5996521,4,1995q3,1995,426,0,1,0,0,1,0,0,0,0,0,0,0,0,0,0,0
10/1/1995,KAZ,916,Kazakhstan,-0.26602662,4,1995q4,1995,429,0,1,0,0,1,0,0,0,0,0,0,0,0,0,0,0
1/1/1996,KAZ,916,Kazakhstan,-2.7536054,4,1996q1,1996,432,0,1,0,0,1,0,0,0,0,0,0,0,0,0,0,0
4/1/1996,KAZ,916,Kazakhstan,-3.1672278,4,1996q2,1996,435,0,1,0,0,1,0,0,0,0,0,0,0,0,0,0,0
7/1/1996,KAZ,916,Kazakhstan,-5.3724088,4,1996q3,1996,438,0,1,0,0,1,0,0,0,0,0,0,0,0,0,0,0
10/1/1996,KAZ,916,Kazakhstan,-2.4112467,4,1996q4,1996,441,0,1,0,0,1,0,0,0,0,0,0,0,0,0,0,0
1/1/1997,KAZ,916,Kazakhstan,0.65707972,4,1997q1,1997,444,0,1,0,0,1,0,0,0,0,0,0,0,0,0,0,0
4/1/1997,KAZ,916,Kazakhstan,-4.727426,4,1997q2,1997,447,0,1,0,0,1,0,0,0,0,0,0,0,0,0,0,0
7/1/1997,KAZ,916,Kazakhstan,-5.9461311,4,1997q3,1997,450,0,1,0,0,1,0,0,0,0,0,0,0,0,0,0,0
10/1/1997,KAZ,916,Kazakhstan,-4.2838828,4,1997q4,1997,453,0,1,0,0,1,0,0,0,0,0,0,0,0,0,0,0
1/1/1998,KAZ,916,Kazakhstan,-1.3372739,4,1998q1,1998,456,0,1,0,0,1,0,0,0,0,0,0,0,0,0,0,0
4/1/1998,KAZ,916,Kazakhstan,-4.5598236,4,1998q2,1998,459,0,1,0,0,1,0,0,0,0,0,0,0,0,0,0,0
7/1/1998,KAZ,916,Kazakhstan,-7.6955115,4,1998q3,1998,462,0,1,0,0,1,0,0,0,0,0,0,0,0,0,0,0
10/1/1998,KAZ,916,Kazakhstan,-10.354548,4,1998q4,1998,465,0,1,0,0,1,0,0,0,0,0,0,0,0,0,0,0
1/1/1999,KAZ,916,Kazakhstan,-9.9048764,4,1999q1,1999,468,0,1,0,0,1,0,0,0,0,0,0,0,0,0,0,0
4/1/1999,KAZ,916,Kazakhstan,-5.8052181,4,1999q2,1999,471,0,1,0,0,1,0,0,0,0,0,0,0,0,0,0,0
7/1/1999,KAZ,916,Kazakhstan,1.603938,4,1999q3,1999,474,0,1,0,0,1,0,0,0,0,0,0,0,0,0,0,0
10/1/1999,KAZ,916,Kazakhstan,7.1980209,4,1999q4,1999,477,0,1,0,0,1,0,0,0,0,0,0,0,0,0,0,0
1/1/2000,KAZ,916,Kazakhstan,4.0718672,4,2000q1,2000,480,0,1,0,0,1,0,0,0,0,0,0,0,0,0,0,0
4/1/2000,KAZ,916,Kazakhstan,2.419228,4,2000q2,2000,483,0,1,0,0,1,0,0,0,0,0,0,0,0,0,0,0
7/1/2000,KAZ,916,Kazakhstan,0.29779711,4,2000q3,2000,486,0,1,0,0,1,0,0,0,0,0,0,0,0,0,0,0
10/1/2000,KAZ,916,Kazakhstan,2.8381054,4,2000q4,2000,489,0,1,0,0,1,0,0,0,0,0,0,0,0,0,0,0
1/1/2001,KAZ,916,Kazakhstan,1.7065017,4,2001q1,2001,492,0,1,0,0,1,0,0,0,0,0,0,0,0,0,0,0
4/1/2001,KAZ,916,Kazakhstan,-6.2587876,4,2001q2,2001,495,0,1,0,0,1,0,0,0,0,0,0,0,0,0,0,0
7/1/2001,KAZ,916,Kazakhstan,-9.6118895,4,2001q3,2001,498,0,1,0,0,1,0,0,0,0,0,0,0,0,0,0,0
10/1/2001,KAZ,916,Kazakhstan,-8.2923146,4,2001q4,2001,501,0,1,0,0,1,0,0,0,0,0,0,0,0,0,0,0
1/1/2002,KAZ,916,Kazakhstan,-1.705573,4,2002q1,2002,504,0,1,0,0,1,0,0,0,0,0,0,0,0,0,0,0
4/1/2002,KAZ,916,Kazakhstan,-4.1584385,4,2002q2,2002,507,0,1,0,0,1,0,0,0,0,0,0,0,0,0,0,0
7/1/2002,KAZ,916,Kazakhstan,-8.6523335,4,2002q3,2002,510,0,1,0,0,1,0,0,0,0,0,0,0,0,0,0,0
10/1/2002,KAZ,916,Kazakhstan,-2.8218076,4,2002q4,2002,513,0,1,0,0,1,0,0,0,0,0,0,0,0,0,0,0
1/1/2003,KAZ,916,Kazakhstan,4.643036,4,2003q1,2003,516,0,1,0,0,1,0,0,0,0,0,0,0,0,0,0,0
4/1/2003,KAZ,916,Kazakhstan,0.03608916,4,2003q2,2003,519,0,1,0,0,1,0,0,0,0,0,0,0,0,0,0,0
7/1/2003,KAZ,916,Kazakhstan,-3.4236745,4,2003q3,2003,522,0,1,0,0,1,0,0,0,0,0,0,0,0,0,0,0
10/1/2003,KAZ,916,Kazakhstan,-2.9747399,4,2003q4,2003,525,0,1,0,0,1,0,0,0,0,0,0,0,0,0,0,0
1/1/2004,KAZ,916,Kazakhstan,0.71476733,4,2004q1,2004,528,0,1,0,0,1,0,0,0,0,0,0,0,0,0,0,0
4/1/2004,KAZ,916,Kazakhstan,-1.3709846,4,2004q2,2004,531,0,1,0,0,1,0,0,0,0,0,0,0,0,0,0,0
7/1/2004,KAZ,916,Kazakhstan,-0.5546725,4,2004q3,2004,534,0,1,0,0,1,0,0,0,0,0,0,0,0,0,0,0
10/1/2004,KAZ,916,Kazakhstan,2.9347499,4,2004q4,2004,537,0,1,0,0,1,0,0,0,0,0,0,0,0,0,0,0
1/1/2005,KAZ,916,Kazakhstan,2.7552464,4,2005q1,2005,540,0,1,0,0,1,0,0,0,0,0,0,0,0,0,0,0
4/1/2005,KAZ,916,Kazakhstan,1.0428633,4,2005q2,2005,543,0,1,0,0,1,0,0,0,0,0,0,0,0,0,0,0
7/1/2005,KAZ,916,Kazakhstan,-3.2273975,4,2005q3,2005,546,0,1,0,0,1,0,0,0,0,0,0,0,0,0,0,0
10/1/2005,KAZ,916,Kazakhstan,-5.3726102,4,2005q4,2005,549,0,1,0,0,1,0,0,0,0,0,0,0,0,0,0,0
1/1/2006,KAZ,916,Kazakhstan,-0.53579017,4,2006q1,2006,552,0,1,0,0,1,0,0,0,0,0,0,0,0,0,0,0
4/1/2006,KAZ,916,Kazakhstan,0.82845484,4,2006q2,2006,555,0,1,0,0,1,0,0,0,0,0,0,0,0,0,0,0
7/1/2006,KAZ,916,Kazakhstan,-2.023249,4,2006q3,2006,558,0,1,0,0,1,0,0,0,0,0,0,0,0,0,0,0
10/1/2006,KAZ,916,Kazakhstan,-6.641487,4,2006q4,2006,561,0,1,0,0,1,0,0,0,0,0,0,0,0,0,0,0
1/1/2007,KAZ,916,Kazakhstan,-5.4671058,4,2007q1,2007,564,0,1,0,0,1,0,0,0,0,0,0,0,0,0,0,0
4/1/2007,KAZ,916,Kazakhstan,-7.4420111,4,2007q2,2007,567,0,1,0,0,1,0,0,0,0,0,0,0,0,0,0,0
7/1/2007,KAZ,916,Kazakhstan,-11.775603,4,2007q3,2007,570,0,1,0,0,1,0,0,0,0,0,0,0,0,0,0,0
10/1/2007,KAZ,916,Kazakhstan,-5.4462063,4,2007q4,2007,573,0,1,0,0,1,0,0,0,0,0,0,0,0,0,0,0
1/1/2008,KAZ,916,Kazakhstan,6.4852961,4,2008q1,2008,576,0,1,0,0,1,0,0,0,0,0,0,0,0,0,0,0
4/1/2008,KAZ,916,Kazakhstan,5.9810272,4,2008q2,2008,579,0,1,0,0,1,0,0,0,0,0,0,0,0,0,0,0
7/1/2008,KAZ,916,Kazakhstan,5.1888961,4,2008q3,2008,582,0,1,0,0,1,0,0,0,0,0,0,0,0,0,0,0
10/1/2008,KAZ,916,Kazakhstan,1.0273243,4,2008q4,2008,585,0,1,0,0,1,0,0,0,0,0,0,0,0,0,0,0
1/1/2009,KAZ,916,Kazakhstan,-6.9556017,4,2009q1,2009,588,0,1,0,0,1,0,0,0,0,0,0,0,0,0,0,0
4/1/2009,KAZ,916,Kazakhstan,-10.893673,4,2009q2,2009,591,0,1,0,0,1,0,0,0,0,0,0,0,0,0,0,0
7/1/2009,KAZ,916,Kazakhstan,-4.4312653,4,2009q3,2009,594,0,1,0,0,1,0,0,0,0,0,0,0,0,0,0,0
10/1/2009,KAZ,916,Kazakhstan,2.7287296,4,2009q4,2009,597,0,1,0,0,1,0,0,0,0,0,0,0,0,0,0,0
1/1/2010,KAZ,916,Kazakhstan,8.7158391,4,2010q1,2010,600,0,1,0,0,1,0,0,0,0,0,0,0,0,0,0,0
4/1/2010,KAZ,916,Kazakhstan,5.8943489,4,2010q2,2010,603,0,1,0,0,1,0,0,0,0,0,0,0,0,0,0,0
7/1/2010,KAZ,916,Kazakhstan,-0.23448446,4,2010q3,2010,606,0,1,0,0,1,0,0,0,0,0,0,0,0,0,0,0
10/1/2010,KAZ,916,Kazakhstan,-1.0949729,4,2010q4,2010,609,0,1,0,0,1,0,0,0,0,0,0,0,0,0,0,0
1/1/2011,KAZ,916,Kazakhstan,4.3841273,5,2011q1,2011,612,0,1,0,0,1,0,0,0,0,0,0,0,0,0,0,0
4/1/2011,KAZ,916,Kazakhstan,11.53768,5,2011q2,2011,615,0,1,0,0,1,0,0,0,0,0,0,0,0,0,0,0
7/1/2011,KAZ,916,Kazakhstan,5.5192778,5,2011q3,2011,618,0,1,0,0,1,0,0,0,0,0,0,0,0,0,0,0
10/1/2011,KAZ,916,Kazakhstan,1.3300113,5,2011q4,2011,621,0,1,0,0,1,0,0,0,0,0,0,0,0,0,0,0
1/1/2012,KAZ,916,Kazakhstan,5.0508547,5,2012q1,2012,624,0,1,0,0,1,0,0,0,0,0,0,0,0,0,0,0
4/1/2012,KAZ,916,Kazakhstan,5.5747366,5,2012q2,2012,627,0,1,0,0,1,0,0,0,0,0,0,0,0,0,0,0
7/1/2012,KAZ,916,Kazakhstan,-1.3165859,5,2012q3,2012,630,0,1,0,0,1,0,0,0,0,0,0,0,0,0,0,0
10/1/2012,KAZ,916,Kazakhstan,-4.1732084,5,2012q4,2012,633,0,1,0,0,1,0,0,0,0,0,0,0,0,0,0,0
1/1/2013,KAZ,916,Kazakhstan,4.6255812,5,2013q1,2013,636,0,1,0,0,1,0,0,0,0,0,0,0,0,0,0,0
4/1/2013,KAZ,916,Kazakhstan,2.6465535,5,2013q2,2013,639,0,1,0,0,1,0,0,0,0,0,0,0,0,0,0,0
7/1/2013,KAZ,916,Kazakhstan,-3.6491807,5,2013q3,2013,642,0,1,0,0,1,0,0,0,0,0,0,0,0,0,0,0
10/1/2013,KAZ,916,Kazakhstan,0.1703474,5,2013q4,2013,645,0,1,0,0,1,0,0,0,0,0,0,0,0,0,0,0
1/1/2014,KAZ,916,Kazakhstan,11.858096,5,2014q1,2014,648,0,1,0,0,1,0,0,0,0,0,0,0,0,0,0,0
4/1/2014,KAZ,916,Kazakhstan,1.2936105,5,2014q2,2014,651,0,1,0,0,1,0,0,0,0,0,0,0,0,0,0,0
7/1/2014,KAZ,916,Kazakhstan,-1.4677612,5,2014q3,2014,654,0,1,0,0,1,0,0,0,0,0,0,0,0,0,0,0
10/1/2014,KAZ,916,Kazakhstan,-1.1863993,5,2014q4,2014,657,0,1,0,0,1,0,0,0,0,0,0,0,0,0,0,0
1/1/2015,KAZ,916,Kazakhstan,-1.0615597,5,2015q1,2015,660,0,1,0,0,1,0,0,0,0,0,0,0,0,0,0,0
4/1/2015,KAZ,916,Kazakhstan,-5.1841616,5,2015q2,2015,663,0,1,0,0,1,0,0,0,0,0,0,0,0,0,0,0
7/1/2015,KAZ,916,Kazakhstan,-4.6478647,5,2015q3,2015,666,0,1,0,0,1,0,0,0,0,0,0,0,0,0,0,0
10/1/2015,KAZ,916,Kazakhstan,-4.0182099,5,2015q4,2015,669,0,1,0,0,1,0,0,0,0,0,0,0,0,0,0,0
1/1/2016,KAZ,916,Kazakhstan,-3.285686,5,2016q1,2016,672,0,1,0,0,1,0,0,0,0,0,0,0,0,0,0,0
4/1/2016,KAZ,916,Kazakhstan,-8.1834262,5,2016q2,2016,675,0,1,0,0,1,0,0,0,0,0,0,0,0,0,0,0
7/1/2016,KAZ,916,Kazakhstan,-5.9537692,5,2016q3,2016,678,0,1,0,0,1,0,0,0,0,0,0,0,0,0,0,0
10/1/2016,KAZ,916,Kazakhstan,-7.6872806,5,2016q4,2016,681,0,1,0,0,1,0,0,0,0,0,0,0,0,0,0,0
1/1/2017,KAZ,916,Kazakhstan,-4.0004467,5,2017q1,2017,684,0,1,0,0,1,0,0,0,0,0,0,0,0,0,0,0
4/1/2017,KAZ,916,Kazakhstan,-3.3967448,5,2017q2,2017,687,0,1,0,0,1,0,0,0,0,0,0,0,0,0,0,0
7/1/2017,KAZ,916,Kazakhstan,-4.2518559,5,2017q3,2017,690,0,1,0,0,1,0,0,0,0,0,0,0,0,0,0,0
10/1/2017,KAZ,916,Kazakhstan,-2.2816123,5,2017q4,2017,693,0,1,0,0,1,0,0,0,0,0,0,0,0,0,0,0
1/1/2018,KAZ,916,Kazakhstan,-2.2166355,5,2018q1,2018,696,0,1,0,0,1,0,0,0,0,0,0,0,0,0,0,0
4/1/2018,KAZ,916,Kazakhstan,-1.344733,5,2018q2,2018,699,0,1,0,0,1,0,0,0,0,0,0,0,0,0,0,0
7/1/2018,KAZ,916,Kazakhstan,-1.1313755,5,2018q3,2018,702,0,1,0,0,1,0,0,0,0,0,0,0,0,0,0,0
10/1/2018,KAZ,916,Kazakhstan,2.7442377,5,2018q4,2018,705,0,1,0,0,1,0,0,0,0,0,0,0,0,0,0,0
1/1/2019,KAZ,916,Kazakhstan,-0.980195,5,2019q1,2019,708,0,1,0,0,1,0,0,0,0,0,0,0,0,0,0,0
4/1/2019,KAZ,916,Kazakhstan,-4.2725316,5,2019q2,2019,711,0,1,0,0,1,0,0,0,0,0,0,0,0,0,0,0
7/1/2019,KAZ,916,Kazakhstan,-8.1808596,5,2019q3,2019,714,0,1,0,0,1,0,0,0,0,0,0,0,0,0,0,0
10/1/2019,KAZ,916,Kazakhstan,-5.3457378,5,2019q4,2019,717,0,1,0,0,1,0,0,0,0,0,0,0,0,0,0,0
1/1/2020,KAZ,916,Kazakhstan,4.1099832,5,2020q1,2020,720,0,1,0,0,1,0,0,0,0,0,0,0,0,0,0,0
1/1/1993,KGZ,917,Kyrgyz Republic,-3.9757521,5,1993q1,1993,396,0,1,0,0,1,0,0,0,0,0,0,0,0,0,0,0
4/1/1993,KGZ,917,Kyrgyz Republic,-5.8149319,5,1993q2,1993,399,0,1,0,0,1,0,0,0,0,0,0,0,0,0,0,0
7/1/1993,KGZ,917,Kyrgyz Republic,-1.077555,5,1993q3,1993,402,0,1,0,0,1,0,0,0,0,0,0,0,0,0,0,0
10/1/1993,KGZ,917,Kyrgyz Republic,-6.4061673,5,1993q4,1993,405,0,1,0,0,1,0,0,0,0,0,0,0,0,0,0,0
1/1/1994,KGZ,917,Kyrgyz Republic,-8.5165618,5,1994q1,1994,408,0,1,0,0,1,0,0,0,0,0,0,0,0,0,0,0
4/1/1994,KGZ,917,Kyrgyz Republic,0.39547724,5,1994q2,1994,411,0,1,0,0,1,0,0,0,0,0,0,0,0,0,0,0
7/1/1994,KGZ,917,Kyrgyz Republic,2.7390725,5,1994q3,1994,414,0,1,0,0,1,0,0,0,0,0,0,0,0,0,0,0
10/1/1994,KGZ,917,Kyrgyz Republic,-14.59982,5,1994q4,1994,417,0,1,0,0,1,0,0,0,0,0,0,0,0,0,0,0
1/1/1995,KGZ,917,Kyrgyz Republic,-7.5835398,5,1995q1,1995,420,0,1,0,0,1,0,0,0,0,0,0,0,0,0,0,0
4/1/1995,KGZ,917,Kyrgyz Republic,-6.1131167,5,1995q2,1995,423,0,1,0,0,1,0,0,0,0,0,0,0,0,0,0,0
7/1/1995,KGZ,917,Kyrgyz Republic,-7.9991884,5,1995q3,1995,426,0,1,0,0,1,0,0,0,0,0,0,0,0,0,0,0
10/1/1995,KGZ,917,Kyrgyz Republic,-34.827787,5,1995q4,1995,429,0,1,0,0,1,0,0,0,0,0,0,0,0,0,0,0
1/1/1996,KGZ,917,Kyrgyz Republic,-21.241314,5,1996q1,1996,432,0,1,0,0,1,0,0,0,0,0,0,0,0,0,0,0
4/1/1996,KGZ,917,Kyrgyz Republic,-28.317374,5,1996q2,1996,435,0,1,0,0,1,0,0,0,0,0,0,0,0,0,0,0
7/1/1996,KGZ,917,Kyrgyz Republic,-18.85038,5,1996q3,1996,438,0,1,0,0,1,0,0,0,0,0,0,0,0,0,0,0
10/1/1996,KGZ,917,Kyrgyz Republic,-24.556972,5,1996q4,1996,441,0,1,0,0,1,0,0,0,0,0,0,0,0,0,0,0
1/1/1997,KGZ,917,Kyrgyz Republic,-17.988035,5,1997q1,1997,444,0,1,0,0,1,0,0,0,0,0,0,0,0,0,0,0
4/1/1997,KGZ,917,Kyrgyz Republic,3.6944018,5,1997q2,1997,447,0,1,0,0,1,0,0,0,0,0,0,0,0,0,0,0
7/1/1997,KGZ,917,Kyrgyz Republic,-2.7676337,5,1997q3,1997,450,0,1,0,0,1,0,0,0,0,0,0,0,0,0,0,0
10/1/1997,KGZ,917,Kyrgyz Republic,-14.279379,5,1997q4,1997,453,0,1,0,0,1,0,0,0,0,0,0,0,0,0,0,0
1/1/1998,KGZ,917,Kyrgyz Republic,-15.733006,5,1998q1,1998,456,0,1,0,0,1,0,0,0,0,0,0,0,0,0,0,0
4/1/1998,KGZ,917,Kyrgyz Republic,-22.444474,5,1998q2,1998,459,0,1,0,0,1,0,0,0,0,0,0,0,0,0,0,0
7/1/1998,KGZ,917,Kyrgyz Republic,-16.791278,5,1998q3,1998,462,0,1,0,0,1,0,0,0,0,0,0,0,0,0,0,0
10/1/1998,KGZ,917,Kyrgyz Republic,-33.469972,5,1998q4,1998,465,0,1,0,0,1,0,0,0,0,0,0,0,0,0,0,0
1/1/1999,KGZ,917,Kyrgyz Republic,-10.213118,5,1999q1,1999,468,0,1,0,0,1,0,0,0,0,0,0,0,0,0,0,0
4/1/1999,KGZ,917,Kyrgyz Republic,-13.699281,5,1999q2,1999,471,0,1,0,0,1,0,0,0,0,0,0,0,0,0,0,0
7/1/1999,KGZ,917,Kyrgyz Republic,-9.3829174,5,1999q3,1999,474,0,1,0,0,1,0,0,0,0,0,0,0,0,0,0,0
10/1/1999,KGZ,917,Kyrgyz Republic,-25.550315,5,1999q4,1999,477,0,1,0,0,1,0,0,0,0,0,0,0,0,0,0,0
1/1/2000,KGZ,917,Kyrgyz Republic,-9.7970946,4,2000q1,2000,480,0,1,0,0,1,0,0,0,0,0,0,0,0,0,0,0
4/1/2000,KGZ,917,Kyrgyz Republic,-9.1732715,4,2000q2,2000,483,0,1,0,0,1,0,0,0,0,0,0,0,0,0,0,0
7/1/2000,KGZ,917,Kyrgyz Republic,-7.7735187,4,2000q3,2000,486,0,1,0,0,1,0,0,0,0,0,0,0,0,0,0,0
10/1/2000,KGZ,917,Kyrgyz Republic,-8.1860182,4,2000q4,2000,489,0,1,0,0,1,0,0,0,0,0,0,0,0,0,0,0
1/1/2001,KGZ,917,Kyrgyz Republic,-4.5343998,4,2001q1,2001,492,0,1,0,0,1,0,0,0,0,0,0,0,0,0,0,0
4/1/2001,KGZ,917,Kyrgyz Republic,-5.1369373,4,2001q2,2001,495,0,1,0,0,1,0,0,0,0,0,0,0,0,0,0,0
7/1/2001,KGZ,917,Kyrgyz Republic,-3.896782,4,2001q3,2001,498,0,1,0,0,1,0,0,0,0,0,0,0,0,0,0,0
10/1/2001,KGZ,917,Kyrgyz Republic,-4.362861,4,2001q4,2001,501,0,1,0,0,1,0,0,0,0,0,0,0,0,0,0,0
1/1/2002,KGZ,917,Kyrgyz Republic,-5.1126628,4,2002q1,2002,504,0,1,0,0,1,0,0,0,0,0,0,0,0,0,0,0
4/1/2002,KGZ,917,Kyrgyz Republic,-3.1489599,4,2002q2,2002,507,0,1,0,0,1,0,0,0,0,0,0,0,0,0,0,0
7/1/2002,KGZ,917,Kyrgyz Republic,-3.3551671,4,2002q3,2002,510,0,1,0,0,1,0,0,0,0,0,0,0,0,0,0,0
10/1/2002,KGZ,917,Kyrgyz Republic,-4.1694504,4,2002q4,2002,513,0,1,0,0,1,0,0,0,0,0,0,0,0,0,0,0
1/1/2003,KGZ,917,Kyrgyz Republic,-3.8128175,4,2003q1,2003,516,0,1,0,0,1,0,0,0,0,0,0,0,0,0,0,0
4/1/2003,KGZ,917,Kyrgyz Republic,-5.9965711,4,2003q2,2003,519,0,1,0,0,1,0,0,0,0,0,0,0,0,0,0,0
7/1/2003,KGZ,917,Kyrgyz Republic,-4.1090616,4,2003q3,2003,522,0,1,0,0,1,0,0,0,0,0,0,0,0,0,0,0
10/1/2003,KGZ,917,Kyrgyz Republic,-2.5478651,4,2003q4,2003,525,0,1,0,0,1,0,0,0,0,0,0,0,0,0,0,0
1/1/2004,KGZ,917,Kyrgyz Republic,-1.9152161,4,2004q1,2004,528,0,1,0,0,1,0,0,0,0,0,0,0,0,0,0,0
4/1/2004,KGZ,917,Kyrgyz Republic,-0.07988967,4,2004q2,2004,531,0,1,0,0,1,0,0,0,0,0,0,0,0,0,0,0
7/1/2004,KGZ,917,Kyrgyz Republic,-0.03750702,4,2004q3,2004,534,0,1,0,0,1,0,0,0,0,0,0,0,0,0,0,0
10/1/2004,KGZ,917,Kyrgyz Republic,0.04477221,4,2004q4,2004,537,0,1,0,0,1,0,0,0,0,0,0,0,0,0,0,0
1/1/2005,KGZ,917,Kyrgyz Republic,-0.83384101,4,2005q1,2005,540,0,1,0,0,1,0,0,0,0,0,0,0,0,0,0,0
4/1/2005,KGZ,917,Kyrgyz Republic,-1.8523975,4,2005q2,2005,543,0,1,0,0,1,0,0,0,0,0,0,0,0,0,0,0
7/1/2005,KGZ,917,Kyrgyz Republic,-2.7182389,4,2005q3,2005,546,0,1,0,0,1,0,0,0,0,0,0,0,0,0,0,0
10/1/2005,KGZ,917,Kyrgyz Republic,-4.2560232,4,2005q4,2005,549,0,1,0,0,1,0,0,0,0,0,0,0,0,0,0,0
1/1/2006,KGZ,917,Kyrgyz Republic,-3.3265755,4,2006q1,2006,552,0,1,0,0,1,0,0,0,0,0,0,0,0,0,0,0
4/1/2006,KGZ,917,Kyrgyz Republic,-4.6489299,4,2006q2,2006,555,0,1,0,0,1,0,0,0,0,0,0,0,0,0,0,0
7/1/2006,KGZ,917,Kyrgyz Republic,-6.6994511,4,2006q3,2006,558,0,1,0,0,1,0,0,0,0,0,0,0,0,0,0,0
10/1/2006,KGZ,917,Kyrgyz Republic,-30.773616,4,2006q4,2006,561,0,1,0,0,1,0,0,0,0,0,0,0,0,0,0,0
1/1/2007,KGZ,917,Kyrgyz Republic,-10.17597,4,2007q1,2007,564,0,1,0,0,1,0,0,0,0,0,0,0,0,0,0,0
4/1/2007,KGZ,917,Kyrgyz Republic,-8.8405742,4,2007q2,2007,567,0,1,0,0,1,0,0,0,0,0,0,0,0,0,0,0
7/1/2007,KGZ,917,Kyrgyz Republic,-7.7347716,4,2007q3,2007,570,0,1,0,0,1,0,0,0,0,0,0,0,0,0,0,0
10/1/2007,KGZ,917,Kyrgyz Republic,-7.7345328,4,2007q4,2007,573,0,1,0,0,1,0,0,0,0,0,0,0,0,0,0,0
1/1/2008,KGZ,917,Kyrgyz Republic,-22.461442,4,2008q1,2008,576,0,1,0,0,1,0,0,0,0,0,0,0,0,0,0,0
4/1/2008,KGZ,917,Kyrgyz Republic,-18.506578,4,2008q2,2008,579,0,1,0,0,1,0,0,0,0,0,0,0,0,0,0,0
7/1/2008,KGZ,917,Kyrgyz Republic,-14.455213,4,2008q3,2008,582,0,1,0,0,1,0,0,0,0,0,0,0,0,0,0,0
10/1/2008,KGZ,917,Kyrgyz Republic,-13.520747,4,2008q4,2008,585,0,1,0,0,1,0,0,0,0,0,0,0,0,0,0,0
1/1/2009,KGZ,917,Kyrgyz Republic,-11.246148,4,2009q1,2009,588,0,1,0,0,1,0,0,0,0,0,0,0,0,0,0,0
4/1/2009,KGZ,917,Kyrgyz Republic,-7.636509,4,2009q2,2009,591,0,1,0,0,1,0,0,0,0,0,0,0,0,0,0,0
7/1/2009,KGZ,917,Kyrgyz Republic,-6.3900996,4,2009q3,2009,594,0,1,0,0,1,0,0,0,0,0,0,0,0,0,0,0
10/1/2009,KGZ,917,Kyrgyz Republic,-4.6215103,4,2009q4,2009,597,0,1,0,0,1,0,0,0,0,0,0,0,0,0,0,0
1/1/2010,KGZ,917,Kyrgyz Republic,-5.372771,4,2010q1,2010,600,0,1,0,0,1,0,0,0,0,0,0,0,0,0,0,0
4/1/2010,KGZ,917,Kyrgyz Republic,-5.5588272,4,2010q2,2010,603,0,1,0,0,1,0,0,0,0,0,0,0,0,0,0,0
7/1/2010,KGZ,917,Kyrgyz Republic,-5.5575775,4,2010q3,2010,606,0,1,0,0,1,0,0,0,0,0,0,0,0,0,0,0
10/1/2010,KGZ,917,Kyrgyz Republic,-5.0663309,4,2010q4,2010,609,0,1,0,0,1,0,0,0,0,0,0,0,0,0,0,0
1/1/2011,KGZ,917,Kyrgyz Republic,-5.3820467,5,2011q1,2011,612,0,1,0,0,1,0,0,0,0,0,0,0,0,0,0,0
4/1/2011,KGZ,917,Kyrgyz Republic,3.6593726,5,2011q2,2011,615,0,1,0,0,1,0,0,0,0,0,0,0,0,0,0,0
7/1/2011,KGZ,917,Kyrgyz Republic,-6.0823085,5,2011q3,2011,618,0,1,0,0,1,0,0,0,0,0,0,0,0,0,0,0
10/1/2011,KGZ,917,Kyrgyz Republic,-22.984227,5,2011q4,2011,621,0,1,0,0,1,0,0,0,0,0,0,0,0,0,0,0
1/1/2012,KGZ,917,Kyrgyz Republic,-15.472741,5,2012q1,2012,624,0,1,0,0,1,0,0,0,0,0,0,0,0,0,0,0
4/1/2012,KGZ,917,Kyrgyz Republic,-11.998142,5,2012q2,2012,627,0,1,0,0,1,0,0,0,0,0,0,0,0,0,0,0
7/1/2012,KGZ,917,Kyrgyz Republic,-16.266731,5,2012q3,2012,630,0,1,0,0,1,0,0,0,0,0,0,0,0,0,0,0
10/1/2012,KGZ,917,Kyrgyz Republic,-18.363344,5,2012q4,2012,633,0,1,0,0,1,0,0,0,0,0,0,0,0,0,0,0
1/1/2013,KGZ,917,Kyrgyz Republic,-18.674709,5,2013q1,2013,636,0,1,0,0,1,0,0,0,0,0,0,0,0,0,0,0
4/1/2013,KGZ,917,Kyrgyz Republic,-15.569737,5,2013q2,2013,639,0,1,0,0,1,0,0,0,0,0,0,0,0,0,0,0
7/1/2013,KGZ,917,Kyrgyz Republic,-17.004227,5,2013q3,2013,642,0,1,0,0,1,0,0,0,0,0,0,0,0,0,0,0
10/1/2013,KGZ,917,Kyrgyz Republic,-3.8530493,5,2013q4,2013,645,0,1,0,0,1,0,0,0,0,0,0,0,0,0,0,0
1/1/2014,KGZ,917,Kyrgyz Republic,-15.131144,5,2014q1,2014,648,0,1,0,0,1,0,0,0,0,0,0,0,0,0,0,0
4/1/2014,KGZ,917,Kyrgyz Republic,-6.7296149,5,2014q2,2014,651,0,1,0,0,1,0,0,0,0,0,0,0,0,0,0,0
7/1/2014,KGZ,917,Kyrgyz Republic,-18.112288,5,2014q3,2014,654,0,1,0,0,1,0,0,0,0,0,0,0,0,0,0,0
10/1/2014,KGZ,917,Kyrgyz Republic,-29.724671,5,2014q4,2014,657,0,1,0,0,1,0,0,0,0,0,0,0,0,0,0,0
1/1/2015,KGZ,917,Kyrgyz Republic,-24.016429,5,2015q1,2015,660,0,1,0,0,1,0,0,0,0,0,0,0,0,0,0,0
4/1/2015,KGZ,917,Kyrgyz Republic,-16.544152,5,2015q2,2015,663,0,1,0,0,1,0,0,0,0,0,0,0,0,0,0,0
7/1/2015,KGZ,917,Kyrgyz Republic,-16.32108,5,2015q3,2015,666,0,1,0,0,1,0,0,0,0,0,0,0,0,0,0,0
10/1/2015,KGZ,917,Kyrgyz Republic,-6.1553221,5,2015q4,2015,669,0,1,0,0,1,0,0,0,0,0,0,0,0,0,0,0
1/1/2016,KGZ,917,Kyrgyz Republic,-13.838391,5,2016q1,2016,672,0,1,0,0,1,0,0,0,0,0,0,0,0,0,0,0
4/1/2016,KGZ,917,Kyrgyz Republic,-17.584104,5,2016q2,2016,675,0,1,0,0,1,0,0,0,0,0,0,0,0,0,0,0
7/1/2016,KGZ,917,Kyrgyz Republic,-6.8629308,5,2016q3,2016,678,0,1,0,0,1,0,0,0,0,0,0,0,0,0,0,0
10/1/2016,KGZ,917,Kyrgyz Republic,-8.2275296,5,2016q4,2016,681,0,1,0,0,1,0,0,0,0,0,0,0,0,0,0,0
1/1/2017,KGZ,917,Kyrgyz Republic,-6.3025694,5,2017q1,2017,684,0,1,0,0,1,0,0,0,0,0,0,0,0,0,0,0
4/1/2017,KGZ,917,Kyrgyz Republic,-7.9234011,5,2017q2,2017,687,0,1,0,0,1,0,0,0,0,0,0,0,0,0,0,0
7/1/2017,KGZ,917,Kyrgyz Republic,-3.6630579,5,2017q3,2017,690,0,1,0,0,1,0,0,0,0,0,0,0,0,0,0,0
10/1/2017,KGZ,917,Kyrgyz Republic,-9.9217694,5,2017q4,2017,693,0,1,0,0,1,0,0,0,0,0,0,0,0,0,0,0
1/1/2018,KGZ,917,Kyrgyz Republic,-21.916417,5,2018q1,2018,696,0,1,0,0,1,0,0,0,0,0,0,0,0,0,0,0
4/1/2018,KGZ,917,Kyrgyz Republic,-13.197287,5,2018q2,2018,699,0,1,0,0,1,0,0,0,0,0,0,0,0,0,0,0
7/1/2018,KGZ,917,Kyrgyz Republic,-7.9275283,5,2018q3,2018,702,0,1,0,0,1,0,0,0,0,0,0,0,0,0,0,0
10/1/2018,KGZ,917,Kyrgyz Republic,-3.4689776,5,2018q4,2018,705,0,1,0,0,1,0,0,0,0,0,0,0,0,0,0,0
1/1/2019,KGZ,917,Kyrgyz Republic,-13.044491,5,2019q1,2019,708,0,1,0,0,1,0,0,0,0,0,0,0,0,0,0,0
4/1/2019,KGZ,917,Kyrgyz Republic,-12.4336,5,2019q2,2019,711,0,1,0,0,1,0,0,0,0,0,0,0,0,0,0,0
7/1/2019,KGZ,917,Kyrgyz Republic,-9.0192708,5,2019q3,2019,714,0,1,0,0,1,0,0,0,0,0,0,0,0,0,0,0
10/1/2019,KGZ,917,Kyrgyz Republic,-13.606813,5,2019q4,2019,717,0,1,0,0,1,0,0,0,0,0,0,0,0,0,0,0
1/1/2020,KGZ,917,Kyrgyz Republic,-1.4087383,5,2020q1,2020,720,0,1,0,0,1,0,0,0,0,0,0,0,0,0,0,0
4/1/2020,KGZ,917,Kyrgyz Republic,9.8436918,5,2020q2,2020,723,0,1,0,0,1,0,0,0,0,0,0,0,0,0,0,0
7/1/2020,KGZ,917,Kyrgyz Republic,8.8810232,5,2020q3,2020,726,0,1,0,0,1,0,0,0,0,0,0,0,0,0,0,0
10/1/2020,KGZ,917,Kyrgyz Republic,1.923866,5,2020q4,2020,729,0,1,0,0,1,0,0,0,0,0,0,0,0,0,0,0
1/1/2021,KGZ,917,Kyrgyz Republic,-5.9291814,5,2021q1,2021,732,0,1,0,0,1,0,0,0,0,0,0,0,0,0,0,0
4/1/2021,KGZ,917,Kyrgyz Republic,16.060995,5,2021q2,2021,735,0,1,0,0,1,0,0,0,0,0,0,0,0,0,0,0
7/1/2021,KGZ,917,Kyrgyz Republic,-13.348896,5,2021q3,2021,738,0,1,0,0,1,0,0,0,0,0,0,0,0,0,0,0
10/1/2021,KGZ,917,Kyrgyz Republic,-31.586889,5,2021q4,2021,741,0,1,0,0,1,0,0,0,0,0,0,0,0,0,0,0
1/1/1994,BGR,918,Bulgaria,-23.228481,4,1994q1,1994,408,0,1,1,0,1,0,0,0,0,0,0,0,0,0,0,0
4/1/1994,BGR,918,Bulgaria,3.4714376,4,1994q2,1994,411,0,1,1,0,1,0,0,0,0,0,0,0,0,0,0,0
7/1/1994,BGR,918,Bulgaria,1.1945355,4,1994q3,1994,414,0,1,1,0,1,0,0,0,0,0,0,0,0,0,0,0
10/1/1994,BGR,918,Bulgaria,3.8718885,4,1994q4,1994,417,0,1,1,0,1,0,0,0,0,0,0,0,0,0,0,0
1/1/1995,BGR,918,Bulgaria,-0.42547351,3,1995q1,1995,420,0,1,1,0,1,0,0,0,0,0,0,0,0,0,0,0
4/1/1995,BGR,918,Bulgaria,-0.6396812,3,1995q2,1995,423,0,1,1,0,1,0,0,0,0,0,0,0,0,0,0,0
7/1/1995,BGR,918,Bulgaria,0.78572921,3,1995q3,1995,426,0,1,1,0,1,0,0,0,0,0,0,0,0,0,0,0
10/1/1995,BGR,918,Bulgaria,-0.8406518,3,1995q4,1995,429,0,1,1,0,1,0,0,0,0,0,0,0,0,0,0,0
1/1/1996,BGR,918,Bulgaria,1.0940351,3,1996q1,1996,432,0,1,1,0,1,0,0,0,0,0,0,0,0,0,0,0
4/1/1996,BGR,918,Bulgaria,-0.08525877,3,1996q2,1996,435,0,1,1,0,1,0,0,0,0,0,0,0,0,0,0,0
7/1/1996,BGR,918,Bulgaria,-1.386543,3,1996q3,1996,438,0,1,1,0,1,0,0,0,0,0,0,0,0,0,0,0
10/1/1996,BGR,918,Bulgaria,2.6144357,3,1996q4,1996,441,0,1,1,0,1,0,0,0,0,0,0,0,0,0,0,0
1/1/1997,BGR,918,Bulgaria,20.421124,3,1997q1,1997,444,0,1,1,0,1,0,0,0,0,0,0,0,0,0,0,0
4/1/1997,BGR,918,Bulgaria,3.0204693,3,1997q2,1997,447,0,1,1,0,1,0,0,0,0,0,0,0,0,0,0,0
7/1/1997,BGR,918,Bulgaria,0.13126168,3,1997q3,1997,450,0,1,1,0,1,0,0,0,0,0,0,0,0,0,0,0
10/1/1997,BGR,918,Bulgaria,3.6763846,3,1997q4,1997,453,0,1,1,0,1,0,0,0,0,0,0,0,0,0,0,0
1/1/1998,BGR,918,Bulgaria,2.832463,2,1998q1,1998,456,0,1,1,0,1,0,0,0,0,0,0,0,0,0,0,0
4/1/1998,BGR,918,Bulgaria,1.8479012,2,1998q2,1998,459,0,1,1,0,1,0,0,0,0,0,0,0,0,0,0,0
7/1/1998,BGR,918,Bulgaria,-3.1303846,2,1998q3,1998,462,0,1,1,0,1,0,0,0,0,0,0,0,0,0,0,0
10/1/1998,BGR,918,Bulgaria,-1.907915,2,1998q4,1998,465,0,1,1,0,1,0,0,0,0,0,0,0,0,0,0,0
1/1/1999,BGR,918,Bulgaria,-4.790486,2,1999q1,1999,468,0,1,1,0,1,0,0,0,0,0,0,0,0,0,0,0
4/1/1999,BGR,918,Bulgaria,-6.2618377,2,1999q2,1999,471,0,1,1,0,1,0,0,0,0,0,0,0,0,0,0,0
7/1/1999,BGR,918,Bulgaria,-5.7680931,2,1999q3,1999,474,0,1,1,0,1,0,0,0,0,0,0,0,0,0,0,0
10/1/1999,BGR,918,Bulgaria,-2.9196524,2,1999q4,1999,477,0,1,1,0,1,0,0,0,0,0,0,0,0,0,0,0
1/1/2000,BGR,918,Bulgaria,-7.5981936,2,2000q1,2000,480,0,1,1,0,1,0,0,0,0,0,0,0,0,0,0,0
4/1/2000,BGR,918,Bulgaria,-3.374057,2,2000q2,2000,483,0,1,1,0,1,0,0,0,0,0,0,0,0,0,0,0
7/1/2000,BGR,918,Bulgaria,-5.0339924,2,2000q3,2000,486,0,1,1,0,1,0,0,0,0,0,0,0,0,0,0,0
10/1/2000,BGR,918,Bulgaria,-5.9398637,2,2000q4,2000,489,0,1,1,0,1,0,0,0,0,0,0,0,0,0,0,0
1/1/2001,BGR,918,Bulgaria,-3.6848563,2,2001q1,2001,492,0,1,1,0,1,0,0,0,0,0,0,0,0,0,0,0
4/1/2001,BGR,918,Bulgaria,-4.7999616,2,2001q2,2001,495,0,1,1,0,1,0,0,0,0,0,0,0,0,0,0,0
7/1/2001,BGR,918,Bulgaria,-9.0438828,2,2001q3,2001,498,0,1,1,0,1,0,0,0,0,0,0,0,0,0,0,0
10/1/2001,BGR,918,Bulgaria,-4.1834377,2,2001q4,2001,501,0,1,1,0,1,0,0,0,0,0,0,0,0,0,0,0
1/1/2002,BGR,918,Bulgaria,-1.7573676,2,2002q1,2002,504,0,1,1,0,1,0,0,0,0,0,0,0,0,0,0,0
4/1/2002,BGR,918,Bulgaria,-2.4960748,2,2002q2,2002,507,0,1,1,0,1,0,0,0,0,0,0,0,0,0,0,0
7/1/2002,BGR,918,Bulgaria,-0.70711233,2,2002q3,2002,510,0,1,1,0,1,0,0,0,0,0,0,0,0,0,0,0
10/1/2002,BGR,918,Bulgaria,-5.4941272,2,2002q4,2002,513,0,1,1,0,1,0,0,0,0,0,0,0,0,0,0,0
1/1/2003,BGR,918,Bulgaria,-4.3570379,2,2003q1,2003,516,0,1,1,0,1,0,0,0,0,0,0,0,0,0,0,0
4/1/2003,BGR,918,Bulgaria,-8.8834201,2,2003q2,2003,519,0,1,1,0,1,0,0,0,0,0,0,0,0,0,0,0
7/1/2003,BGR,918,Bulgaria,-3.7894644,2,2003q3,2003,522,0,1,1,0,1,0,0,0,0,0,0,0,0,0,0,0
10/1/2003,BGR,918,Bulgaria,-5.6785461,2,2003q4,2003,525,0,1,1,0,1,0,0,0,0,0,0,0,0,0,0,0
1/1/2004,BGR,918,Bulgaria,-6.8346141,2,2004q1,2004,528,0,1,1,0,1,0,0,0,0,0,0,0,0,0,0,0
4/1/2004,BGR,918,Bulgaria,-7.4766497,2,2004q2,2004,531,0,1,1,0,1,0,0,0,0,0,0,0,0,0,0,0
7/1/2004,BGR,918,Bulgaria,-3.2895172,2,2004q3,2004,534,0,1,1,0,1,0,0,0,0,0,0,0,0,0,0,0
10/1/2004,BGR,918,Bulgaria,-9.0611631,2,2004q4,2004,537,0,1,1,0,1,0,0,0,0,0,0,0,0,0,0,0
1/1/2005,BGR,918,Bulgaria,-7.7273173,2,2005q1,2005,540,0,1,1,0,1,0,0,0,0,0,0,0,0,0,0,0
4/1/2005,BGR,918,Bulgaria,-10.254592,2,2005q2,2005,543,0,1,1,0,1,0,0,0,0,0,0,0,0,0,0,0
7/1/2005,BGR,918,Bulgaria,-14.062122,2,2005q3,2005,546,0,1,1,0,1,0,0,0,0,0,0,0,0,0,0,0
10/1/2005,BGR,918,Bulgaria,-13.131895,2,2005q4,2005,549,0,1,1,0,1,0,0,0,0,0,0,0,0,0,0,0
1/1/2006,BGR,918,Bulgaria,-17.665896,2,2006q1,2006,552,0,1,1,0,1,0,0,0,0,0,0,0,0,0,0,0
4/1/2006,BGR,918,Bulgaria,-13.723412,2,2006q2,2006,555,0,1,1,0,1,0,0,0,0,0,0,0,0,0,0,0
7/1/2006,BGR,918,Bulgaria,-17.454134,2,2006q3,2006,558,0,1,1,0,1,0,0,0,0,0,0,0,0,0,0,0
10/1/2006,BGR,918,Bulgaria,-19.90416,2,2006q4,2006,561,0,1,1,0,1,0,0,0,0,0,0,0,0,0,0,0
1/1/2007,BGR,918,Bulgaria,-25.495846,2,2007q1,2007,564,0,1,1,0,1,0,0,0,0,0,0,0,0,0,0,0
4/1/2007,BGR,918,Bulgaria,-22.001446,2,2007q2,2007,567,0,1,1,0,1,0,0,0,0,0,0,0,0,0,0,0
7/1/2007,BGR,918,Bulgaria,-24.720457,2,2007q3,2007,570,0,1,1,0,1,0,0,0,0,0,0,0,0,0,0,0
10/1/2007,BGR,918,Bulgaria,-23.818448,2,2007q4,2007,573,0,1,1,0,1,0,0,0,0,0,0,0,0,0,0,0
1/1/2008,BGR,918,Bulgaria,-21.98044,2,2008q1,2008,576,0,1,1,0,1,0,0,0,0,0,0,0,0,0,0,0
4/1/2008,BGR,918,Bulgaria,-25.415163,2,2008q2,2008,579,0,1,1,0,1,0,0,0,0,0,0,0,0,0,0,0
7/1/2008,BGR,918,Bulgaria,-20.789327,2,2008q3,2008,582,0,1,1,0,1,0,0,0,0,0,0,0,0,0,0,0
10/1/2008,BGR,918,Bulgaria,-20.804269,2,2008q4,2008,585,0,1,1,0,1,0,0,0,0,0,0,0,0,0,0,0
1/1/2009,BGR,918,Bulgaria,-13.284018,2,2009q1,2009,588,0,1,1,0,1,0,0,0,0,0,0,0,0,0,0,0
4/1/2009,BGR,918,Bulgaria,-11.896031,2,2009q2,2009,591,0,1,1,0,1,0,0,0,0,0,0,0,0,0,0,0
7/1/2009,BGR,918,Bulgaria,-7.7112632,2,2009q3,2009,594,0,1,1,0,1,0,0,0,0,0,0,0,0,0,0,0
10/1/2009,BGR,918,Bulgaria,-2.2571295,2,2009q4,2009,597,0,1,1,0,1,0,0,0,0,0,0,0,0,0,0,0
1/1/2010,BGR,918,Bulgaria,-2.7749965,2,2010q1,2010,600,0,1,1,0,1,0,0,0,0,0,0,0,0,0,0,0
4/1/2010,BGR,918,Bulgaria,-2.7943661,2,2010q2,2010,603,0,1,1,0,1,0,0,0,0,0,0,0,0,0,0,0
7/1/2010,BGR,918,Bulgaria,1.9796185,2,2010q3,2010,606,0,1,1,0,1,0,0,0,0,0,0,0,0,0,0,0
10/1/2010,BGR,918,Bulgaria,-3.8131713,2,2010q4,2010,609,0,1,1,0,1,0,0,0,0,0,0,0,0,0,0,0
1/1/2011,BGR,918,Bulgaria,1.9129176,2,2011q1,2011,612,0,1,1,0,1,0,0,0,0,0,0,0,0,0,0,0
4/1/2011,BGR,918,Bulgaria,0.88919646,2,2011q2,2011,615,0,1,1,0,1,0,0,0,0,0,0,0,0,0,0,0
7/1/2011,BGR,918,Bulgaria,-1.2978393,2,2011q3,2011,618,0,1,1,0,1,0,0,0,0,0,0,0,0,0,0,0
10/1/2011,BGR,918,Bulgaria,-0.87309203,2,2011q4,2011,621,0,1,1,0,1,0,0,0,0,0,0,0,0,0,0,0
1/1/2012,BGR,918,Bulgaria,-1.9118533,2,2012q1,2012,624,0,1,1,0,1,0,0,0,0,0,0,0,0,0,0,0
4/1/2012,BGR,918,Bulgaria,-2.8466925,2,2012q2,2012,627,0,1,1,0,1,0,0,0,0,0,0,0,0,0,0,0
7/1/2012,BGR,918,Bulgaria,-1.0648974,2,2012q3,2012,630,0,1,1,0,1,0,0,0,0,0,0,0,0,0,0,0
10/1/2012,BGR,918,Bulgaria,1.1055741,2,2012q4,2012,633,0,1,1,0,1,0,0,0,0,0,0,0,0,0,0,0
1/1/2013,BGR,918,Bulgaria,-1.4611806,2,2013q1,2013,636,0,1,1,0,1,0,0,0,0,0,0,0,0,0,0,0
4/1/2013,BGR,918,Bulgaria,4.4240734,2,2013q2,2013,639,0,1,1,0,1,0,0,0,0,0,0,0,0,0,0,0
7/1/2013,BGR,918,Bulgaria,0.02995534,2,2013q3,2013,642,0,1,1,0,1,0,0,0,0,0,0,0,0,0,0,0
10/1/2013,BGR,918,Bulgaria,1.4646955,2,2013q4,2013,645,0,1,1,0,1,0,0,0,0,0,0,0,0,0,0,0
1/1/2014,BGR,918,Bulgaria,1.5039622,2,2014q1,2014,648,0,1,1,0,1,0,0,0,0,0,0,0,0,0,0,0
4/1/2014,BGR,918,Bulgaria,1.291606,2,2014q2,2014,651,0,1,1,0,1,0,0,0,0,0,0,0,0,0,0,0
7/1/2014,BGR,918,Bulgaria,1.3804619,2,2014q3,2014,654,0,1,1,0,1,0,0,0,0,0,0,0,0,0,0,0
10/1/2014,BGR,918,Bulgaria,3.4231553,2,2014q4,2014,657,0,1,1,0,1,0,0,0,0,0,0,0,0,0,0,0
1/1/2015,BGR,918,Bulgaria,2.3401421,2,2015q1,2015,660,0,1,1,0,1,0,0,0,0,0,0,0,0,0,0,0
4/1/2015,BGR,918,Bulgaria,-0.99976044,2,2015q2,2015,663,0,1,1,0,1,0,0,0,0,0,0,0,0,0,0,0
7/1/2015,BGR,918,Bulgaria,0.08071935,2,2015q3,2015,666,0,1,1,0,1,0,0,0,0,0,0,0,0,0,0,0
10/1/2015,BGR,918,Bulgaria,-1.1959675,2,2015q4,2015,669,0,1,1,0,1,0,0,0,0,0,0,0,0,0,0,0
1/1/2016,BGR,918,Bulgaria,2.6321221,2,2016q1,2016,672,0,1,1,0,1,0,0,0,0,0,0,0,0,0,0,0
4/1/2016,BGR,918,Bulgaria,4.7533986,2,2016q2,2016,675,0,1,1,0,1,0,0,0,0,0,0,0,0,0,0,0
7/1/2016,BGR,918,Bulgaria,2.182963,2,2016q3,2016,678,0,1,1,0,1,0,0,0,0,0,0,0,0,0,0,0
10/1/2016,BGR,918,Bulgaria,2.0372262,2,2016q4,2016,681,0,1,1,0,1,0,0,0,0,0,0,0,0,0,0,0
1/1/2017,BGR,918,Bulgaria,2.8179017,2,2017q1,2017,684,0,1,1,0,1,0,0,0,0,0,0,0,0,0,0,0
4/1/2017,BGR,918,Bulgaria,2.3074387,2,2017q2,2017,687,0,1,1,0,1,0,0,0,0,0,0,0,0,0,0,0
7/1/2017,BGR,918,Bulgaria,6.1881408,2,2017q3,2017,690,0,1,1,0,1,0,0,0,0,0,0,0,0,0,0,0
10/1/2017,BGR,918,Bulgaria,0.31382167,2,2017q4,2017,693,0,1,1,0,1,0,0,0,0,0,0,0,0,0,0,0
1/1/2018,BGR,918,Bulgaria,-2.6152394,2,2018q1,2018,696,0,1,1,0,1,0,0,0,0,0,0,0,0,0,0,0
4/1/2018,BGR,918,Bulgaria,-1.4802051,2,2018q2,2018,699,0,1,1,0,1,0,0,0,0,0,0,0,0,0,0,0
7/1/2018,BGR,918,Bulgaria,3.3213031,2,2018q3,2018,702,0,1,1,0,1,0,0,0,0,0,0,0,0,0,0,0
10/1/2018,BGR,918,Bulgaria,1.5128678,2,2018q4,2018,705,0,1,1,0,1,0,0,0,0,0,0,0,0,0,0,0
1/1/2019,BGR,918,Bulgaria,1.2519898,2,2019q1,2019,708,0,1,1,0,1,0,0,0,0,0,0,0,0,0,0,0
4/1/2019,BGR,918,Bulgaria,0.22753442,2,2019q2,2019,711,0,1,1,0,1,0,0,0,0,0,0,0,0,0,0,0
7/1/2019,BGR,918,Bulgaria,3.1045477,2,2019q3,2019,714,0,1,1,0,1,0,0,0,0,0,0,0,0,0,0,0
10/1/2019,BGR,918,Bulgaria,1.7553186,2,2019q4,2019,717,0,1,1,0,1,0,0,0,0,0,0,0,0,0,0,0
1/1/2020,BGR,918,Bulgaria,3.6707533,2,2020q1,2020,720,0,1,1,0,1,0,0,0,0,0,0,0,0,0,0,0
4/1/2020,BGR,918,Bulgaria,2.5625006,2,2020q2,2020,723,0,1,1,0,1,0,0,0,0,0,0,0,0,0,0,0
7/1/2020,BGR,918,Bulgaria,-4.0448549,2,2020q3,2020,726,0,1,1,0,1,0,0,0,0,0,0,0,0,0,0,0
10/1/2020,BGR,918,Bulgaria,0.39574046,2,2020q4,2020,729,0,1,1,0,1,0,0,0,0,0,0,0,0,0,0,0
1/1/2021,BGR,918,Bulgaria,0.3010525,2,2021q1,2021,732,0,1,1,0,1,0,0,0,0,0,0,0,0,0,0,0
4/1/2021,BGR,918,Bulgaria,-1.4277907,2,2021q2,2021,735,0,1,1,0,1,0,0,0,0,0,0,0,0,0,0,0
7/1/2021,BGR,918,Bulgaria,-1.7908528,2,2021q3,2021,738,0,1,1,0,1,0,0,0,0,0,0,0,0,0,0,0
10/1/2021,BGR,918,Bulgaria,-1.3370221,2,2021q4,2021,741,0,1,1,0,1,0,0,0,0,0,0,0,0,0,0,0
1/1/2022,BGR,918,Bulgaria,-4.3510255,2,2022q1,2022,744,0,1,1,0,1,0,0,0,0,0,0,0,0,0,0,0
4/1/2022,BGR,918,Bulgaria,-0.90351774,2,2022q2,2022,747,0,1,1,0,1,0,0,0,0,0,0,0,0,0,0,0
7/1/2022,BGR,918,Bulgaria,-3.6912325,2,2022q3,2022,750,0,1,1,0,1,0,0,0,0,0,0,0,0,0,0,0
10/1/2022,BGR,918,Bulgaria,-1.6971298,2,2022q4,2022,753,0,1,1,0,1,0,0,0,0,0,0,0,0,0,0,0
1/1/2023,BGR,918,Bulgaria,-0.19125925,2,2023q1,2023,756,0,1,1,0,1,0,0,0,0,0,0,0,0,0,0,0
4/1/2023,BGR,918,Bulgaria,2.1242228,2,2023q2,2023,759,0,1,1,0,1,0,0,0,0,0,0,0,0,0,0,0
7/1/2023,BGR,918,Bulgaria,-1.4325113,2,2023q3,2023,762,0,1,1,0,1,0,0,0,0,0,0,0,0,0,0,0
10/1/2023,BGR,918,Bulgaria,2.7888137,2,2023q4,2023,765,0,1,1,0,1,0,0,0,0,0,0,0,0,0,0,0
1/1/2024,BGR,918,Bulgaria,1.8565235,2,2024q1,2024,768,0,1,1,0,1,0,0,0,0,0,0,0,0,0,0,0
4/1/2024,BGR,918,Bulgaria,-1.007977,2,2024q2,2024,771,0,1,1,0,1,0,0,0,0,0,0,0,0,0,0,0
7/1/2024,BGR,918,Bulgaria,2.324075,2,2024q3,2024,774,0,1,1,0,1,0,0,0,0,0,0,0,0,0,0,0
10/1/2024,BGR,918,Bulgaria,-4.4139576,3,2024q4,2024,777,0,1,1,0,1,0,0,0,0,0,0,0,0,0,0,0
1/1/1995,MDA,921,Moldova,-11.428499,4,1995q1,1995,420,0,1,0,0,1,0,0,0,0,0,0,0,0,0,0,0
4/1/1995,MDA,921,Moldova,-10.114407,4,1995q2,1995,423,0,1,0,0,1,0,0,0,0,0,0,0,0,0,0,0
7/1/1995,MDA,921,Moldova,-8.3738673,4,1995q3,1995,426,0,1,0,0,1,0,0,0,0,0,0,0,0,0,0,0
10/1/1995,MDA,921,Moldova,-7.0936099,4,1995q4,1995,429,0,1,0,0,1,0,0,0,0,0,0,0,0,0,0,0
1/1/1996,MDA,921,Moldova,-10.289467,4,1996q1,1996,432,0,1,0,0,1,0,0,0,0,0,0,0,0,0,0,0
4/1/1996,MDA,921,Moldova,-10.625992,4,1996q2,1996,435,0,1,0,0,1,0,0,0,0,0,0,0,0,0,0,0
7/1/1996,MDA,921,Moldova,-14.684917,4,1996q3,1996,438,0,1,0,0,1,0,0,0,0,0,0,0,0,0,0,0
10/1/1996,MDA,921,Moldova,-15.070914,4,1996q4,1996,441,0,1,0,0,1,0,0,0,0,0,0,0,0,0,0,0
1/1/1997,MDA,921,Moldova,-17.511957,4,1997q1,1997,444,0,1,0,0,1,0,0,0,0,0,0,0,0,0,0,0
4/1/1997,MDA,921,Moldova,-16.384048,4,1997q2,1997,447,0,1,0,0,1,0,0,0,0,0,0,0,0,0,0,0
7/1/1997,MDA,921,Moldova,-16.275593,4,1997q3,1997,450,0,1,0,0,1,0,0,0,0,0,0,0,0,0,0,0
10/1/1997,MDA,921,Moldova,-16.300945,4,1997q4,1997,453,0,1,0,0,1,0,0,0,0,0,0,0,0,0,0,0
1/1/1998,MDA,921,Moldova,-23.110968,4,1998q1,1998,456,0,1,0,0,1,0,0,0,0,0,0,0,0,0,0,0
4/1/1998,MDA,921,Moldova,-20.718188,4,1998q2,1998,459,0,1,0,0,1,0,0,0,0,0,0,0,0,0,0,0
7/1/1998,MDA,921,Moldova,-18.65012,4,1998q3,1998,462,0,1,0,0,1,0,0,0,0,0,0,0,0,0,0,0
10/1/1998,MDA,921,Moldova,-17.853833,4,1998q4,1998,465,0,1,0,0,1,0,0,0,0,0,0,0,0,0,0,0
1/1/1999,MDA,921,Moldova,-8.0458632,4,1999q1,1999,468,0,1,0,0,1,0,0,0,0,0,0,0,0,0,0,0
4/1/1999,MDA,921,Moldova,-9.5440291,4,1999q2,1999,471,0,1,0,0,1,0,0,0,0,0,0,0,0,0,0,0
7/1/1999,MDA,921,Moldova,-8.2341356,4,1999q3,1999,474,0,1,0,0,1,0,0,0,0,0,0,0,0,0,0,0
10/1/1999,MDA,921,Moldova,-8.5215839,4,1999q4,1999,477,0,1,0,0,1,0,0,0,0,0,0,0,0,0,0,0
1/1/2000,MDA,921,Moldova,-14.502915,4,2000q1,2000,480,0,1,0,0,1,0,0,0,0,0,0,0,0,0,0,0
4/1/2000,MDA,921,Moldova,-10.977846,4,2000q2,2000,483,0,1,0,0,1,0,0,0,0,0,0,0,0,0,0,0
7/1/2000,MDA,921,Moldova,-6.3986116,4,2000q3,2000,486,0,1,0,0,1,0,0,0,0,0,0,0,0,0,0,0
10/1/2000,MDA,921,Moldova,-5.0501757,4,2000q4,2000,489,0,1,0,0,1,0,0,0,0,0,0,0,0,0,0,0
1/1/2001,MDA,921,Moldova,-1.0903412,4,2001q1,2001,492,0,1,0,0,1,0,0,0,0,0,0,0,0,0,0,0
4/1/2001,MDA,921,Moldova,0.73320458,4,2001q2,2001,495,0,1,0,0,1,0,0,0,0,0,0,0,0,0,0,0
7/1/2001,MDA,921,Moldova,-1.740169,4,2001q3,2001,498,0,1,0,0,1,0,0,0,0,0,0,0,0,0,0,0
10/1/2001,MDA,921,Moldova,-2.2119625,4,2001q4,2001,501,0,1,0,0,1,0,0,0,0,0,0,0,0,0,0,0
1/1/2002,MDA,921,Moldova,-0.77021063,4,2002q1,2002,504,0,1,0,0,1,0,0,0,0,0,0,0,0,0,0,0
4/1/2002,MDA,921,Moldova,-0.76085182,4,2002q2,2002,507,0,1,0,0,1,0,0,0,0,0,0,0,0,0,0,0
7/1/2002,MDA,921,Moldova,-1.4685767,4,2002q3,2002,510,0,1,0,0,1,0,0,0,0,0,0,0,0,0,0,0
10/1/2002,MDA,921,Moldova,2.3392311,4,2002q4,2002,513,0,1,0,0,1,0,0,0,0,0,0,0,0,0,0,0
1/1/2003,MDA,921,Moldova,1.6920807,4,2003q1,2003,516,0,1,0,0,1,0,0,0,0,0,0,0,0,0,0,0
4/1/2003,MDA,921,Moldova,-3.0769726,4,2003q2,2003,519,0,1,0,0,1,0,0,0,0,0,0,0,0,0,0,0
7/1/2003,MDA,921,Moldova,-3.6889757,4,2003q3,2003,522,0,1,0,0,1,0,0,0,0,0,0,0,0,0,0,0
10/1/2003,MDA,921,Moldova,-10.091043,4,2003q4,2003,525,0,1,0,0,1,0,0,0,0,0,0,0,0,0,0,0
1/1/2004,MDA,921,Moldova,-3.626045,4,2004q1,2004,528,0,1,0,0,1,0,0,0,0,0,0,0,0,0,0,0
4/1/2004,MDA,921,Moldova,-4.3348297,4,2004q2,2004,531,0,1,0,0,1,0,0,0,0,0,0,0,0,0,0,0
7/1/2004,MDA,921,Moldova,-2.6718937,4,2004q3,2004,534,0,1,0,0,1,0,0,0,0,0,0,0,0,0,0,0
10/1/2004,MDA,921,Moldova,-1.2025337,4,2004q4,2004,537,0,1,0,0,1,0,0,0,0,0,0,0,0,0,0,0
1/1/2005,MDA,921,Moldova,-6.0989465,4,2005q1,2005,540,0,1,0,0,1,0,0,0,0,0,0,0,0,0,0,0
4/1/2005,MDA,921,Moldova,-7.2807468,4,2005q2,2005,543,0,1,0,0,1,0,0,0,0,0,0,0,0,0,0,0
7/1/2005,MDA,921,Moldova,-9.3409648,4,2005q3,2005,546,0,1,0,0,1,0,0,0,0,0,0,0,0,0,0,0
10/1/2005,MDA,921,Moldova,-10.530133,4,2005q4,2005,549,0,1,0,0,1,0,0,0,0,0,0,0,0,0,0,0
1/1/2006,MDA,921,Moldova,-9.2586887,4,2006q1,2006,552,0,1,0,0,1,0,0,0,0,0,0,0,0,0,0,0
4/1/2006,MDA,921,Moldova,-13.83451,4,2006q2,2006,555,0,1,0,0,1,0,0,0,0,0,0,0,0,0,0,0
7/1/2006,MDA,921,Moldova,-12.066696,4,2006q3,2006,558,0,1,0,0,1,0,0,0,0,0,0,0,0,0,0,0
10/1/2006,MDA,921,Moldova,-13.972927,4,2006q4,2006,561,0,1,0,0,1,0,0,0,0,0,0,0,0,0,0,0
1/1/2007,MDA,921,Moldova,-18.65204,4,2007q1,2007,564,0,1,0,0,1,0,0,0,0,0,0,0,0,0,0,0
4/1/2007,MDA,921,Moldova,-14.399085,4,2007q2,2007,567,0,1,0,0,1,0,0,0,0,0,0,0,0,0,0,0
7/1/2007,MDA,921,Moldova,-16.518148,4,2007q3,2007,570,0,1,0,0,1,0,0,0,0,0,0,0,0,0,0,0
10/1/2007,MDA,921,Moldova,-18.021774,4,2007q4,2007,573,0,1,0,0,1,0,0,0,0,0,0,0,0,0,0,0
1/1/2008,MDA,921,Moldova,-16.1939,4,2008q1,2008,576,0,1,0,0,1,0,0,0,0,0,0,0,0,0,0,0
4/1/2008,MDA,921,Moldova,-21.29801,4,2008q2,2008,579,0,1,0,0,1,0,0,0,0,0,0,0,0,0,0,0
7/1/2008,MDA,921,Moldova,-16.734947,4,2008q3,2008,582,0,1,0,0,1,0,0,0,0,0,0,0,0,0,0,0
10/1/2008,MDA,921,Moldova,-15.535797,4,2008q4,2008,585,0,1,0,0,1,0,0,0,0,0,0,0,0,0,0,0
1/1/2009,MDA,921,Moldova,-16.173761,4,2009q1,2009,588,0,1,0,0,1,0,0,0,0,0,0,0,0,0,0,0
4/1/2009,MDA,921,Moldova,-6.9997485,4,2009q2,2009,591,0,1,0,0,1,0,0,0,0,0,0,0,0,0,0,0
7/1/2009,MDA,921,Moldova,-10.767618,4,2009q3,2009,594,0,1,0,0,1,0,0,0,0,0,0,0,0,0,0,0
10/1/2009,MDA,921,Moldova,-11.07573,4,2009q4,2009,597,0,1,0,0,1,0,0,0,0,0,0,0,0,0,0,0
1/1/2010,MDA,921,Moldova,-10.031408,4,2010q1,2010,600,0,1,0,0,1,0,0,0,0,0,0,0,0,0,0,0
4/1/2010,MDA,921,Moldova,-14.563319,4,2010q2,2010,603,0,1,0,0,1,0,0,0,0,0,0,0,0,0,0,0
7/1/2010,MDA,921,Moldova,-10.580885,4,2010q3,2010,606,0,1,0,0,1,0,0,0,0,0,0,0,0,0,0,0
10/1/2010,MDA,921,Moldova,-10.406123,4,2010q4,2010,609,0,1,0,0,1,0,0,0,0,0,0,0,0,0,0,0
1/1/2011,MDA,921,Moldova,-9.7555296,5,2011q1,2011,612,0,1,0,0,1,0,0,0,0,0,0,0,0,0,0,0
4/1/2011,MDA,921,Moldova,-9.0916415,5,2011q2,2011,615,0,1,0,0,1,0,0,0,0,0,0,0,0,0,0,0
7/1/2011,MDA,921,Moldova,-9.2578279,5,2011q3,2011,618,0,1,0,0,1,0,0,0,0,0,0,0,0,0,0,0
10/1/2011,MDA,921,Moldova,-12.433616,5,2011q4,2011,621,0,1,0,0,1,0,0,0,0,0,0,0,0,0,0,0
1/1/2012,MDA,921,Moldova,-10.119185,5,2012q1,2012,624,0,1,0,0,1,0,0,0,0,0,0,0,0,0,0,0
4/1/2012,MDA,921,Moldova,-4.3351922,5,2012q2,2012,627,0,1,0,0,1,0,0,0,0,0,0,0,0,0,0,0
7/1/2012,MDA,921,Moldova,-5.0224173,5,2012q3,2012,630,0,1,0,0,1,0,0,0,0,0,0,0,0,0,0,0
10/1/2012,MDA,921,Moldova,-10.224435,5,2012q4,2012,633,0,1,0,0,1,0,0,0,0,0,0,0,0,0,0,0
1/1/2013,MDA,921,Moldova,-6.3711144,5,2013q1,2013,636,0,1,0,0,1,0,0,0,0,0,0,0,0,0,0,0
4/1/2013,MDA,921,Moldova,-10.220569,5,2013q2,2013,639,0,1,0,0,1,0,0,0,0,0,0,0,0,0,0,0
7/1/2013,MDA,921,Moldova,-4.5472402,5,2013q3,2013,642,0,1,0,0,1,0,0,0,0,0,0,0,0,0,0,0
10/1/2013,MDA,921,Moldova,0.35237289,5,2013q4,2013,645,0,1,0,0,1,0,0,0,0,0,0,0,0,0,0,0
1/1/2014,MDA,921,Moldova,-6.9512659,5,2014q1,2014,648,0,1,0,0,1,0,0,0,0,0,0,0,0,0,0,0
4/1/2014,MDA,921,Moldova,-4.7117309,5,2014q2,2014,651,0,1,0,0,1,0,0,0,0,0,0,0,0,0,0,0
7/1/2014,MDA,921,Moldova,-4.1467142,5,2014q3,2014,654,0,1,0,0,1,0,0,0,0,0,0,0,0,0,0,0
10/1/2014,MDA,921,Moldova,-8.4510481,5,2014q4,2014,657,0,1,0,0,1,0,0,0,0,0,0,0,0,0,0,0
1/1/2015,MDA,921,Moldova,-7.7019508,5,2015q1,2015,660,0,1,0,0,1,0,0,0,0,0,0,0,0,0,0,0
4/1/2015,MDA,921,Moldova,-7.1802395,5,2015q2,2015,663,0,1,0,0,1,0,0,0,0,0,0,0,0,0,0,0
7/1/2015,MDA,921,Moldova,-6.3830979,5,2015q3,2015,666,0,1,0,0,1,0,0,0,0,0,0,0,0,0,0,0
10/1/2015,MDA,921,Moldova,-2.6390784,5,2015q4,2015,669,0,1,0,0,1,0,0,0,0,0,0,0,0,0,0,0
1/1/2016,MDA,921,Moldova,-4.9688994,5,2016q1,2016,672,0,1,0,0,1,0,0,0,0,0,0,0,0,0,0,0
4/1/2016,MDA,921,Moldova,-3.9800624,5,2016q2,2016,675,0,1,0,0,1,0,0,0,0,0,0,0,0,0,0,0
7/1/2016,MDA,921,Moldova,-5.3685417,5,2016q3,2016,678,0,1,0,0,1,0,0,0,0,0,0,0,0,0,0,0
10/1/2016,MDA,921,Moldova,-0.11221288,5,2016q4,2016,681,0,1,0,0,1,0,0,0,0,0,0,0,0,0,0,0
1/1/2017,MDA,921,Moldova,-5.6884142,5,2017q1,2017,684,0,1,0,0,1,0,0,0,0,0,0,0,0,0,0,0
4/1/2017,MDA,921,Moldova,-7.8489047,5,2017q2,2017,687,0,1,0,0,1,0,0,0,0,0,0,0,0,0,0,0
7/1/2017,MDA,921,Moldova,-8.0134718,5,2017q3,2017,690,0,1,0,0,1,0,0,0,0,0,0,0,0,0,0,0
10/1/2017,MDA,921,Moldova,-1.7707013,5,2017q4,2017,693,0,1,0,0,1,0,0,0,0,0,0,0,0,0,0,0
1/1/2018,MDA,921,Moldova,-7.6679724,5,2018q1,2018,696,0,1,0,0,1,0,0,0,0,0,0,0,0,0,0,0
4/1/2018,MDA,921,Moldova,-10.164127,5,2018q2,2018,699,0,1,0,0,1,0,0,0,0,0,0,0,0,0,0,0
7/1/2018,MDA,921,Moldova,-11.836697,5,2018q3,2018,702,0,1,0,0,1,0,0,0,0,0,0,0,0,0,0,0
10/1/2018,MDA,921,Moldova,-13.154663,5,2018q4,2018,705,0,1,0,0,1,0,0,0,0,0,0,0,0,0,0,0
1/1/2019,MDA,921,Moldova,-7.8787498,5,2019q1,2019,708,0,1,0,0,1,0,0,0,0,0,0,0,0,0,0,0
4/1/2019,MDA,921,Moldova,-10.620015,5,2019q2,2019,711,0,1,0,0,1,0,0,0,0,0,0,0,0,0,0,0
7/1/2019,MDA,921,Moldova,-12.124474,5,2019q3,2019,714,0,1,0,0,1,0,0,0,0,0,0,0,0,0,0,0
10/1/2019,MDA,921,Moldova,-6.4574436,5,2019q4,2019,717,0,1,0,0,1,0,0,0,0,0,0,0,0,0,0,0
1/1/2020,MDA,921,Moldova,-6.6634489,5,2020q1,2020,720,0,1,0,0,1,0,0,0,0,0,0,0,0,0,0,0
1/1/1994,RUS,922,Russia,2.1945898,4,1994q1,1994,408,0,1,1,0,1,0,0,0,0,0,0,0,1,0,0,0
4/1/1994,RUS,922,Russia,4.3043181,4,1994q2,1994,411,0,1,1,0,1,0,0,0,0,0,0,0,1,0,0,0
7/1/1994,RUS,922,Russia,6.8171162,4,1994q3,1994,414,0,1,1,0,1,0,0,0,0,0,0,0,1,0,0,0
10/1/1994,RUS,922,Russia,-0.21916529,4,1994q4,1994,417,0,1,1,0,1,0,0,0,0,0,0,0,1,0,0,0
1/1/1995,RUS,922,Russia,7.6574573,4,1995q1,1995,420,0,1,1,0,1,0,0,0,0,0,0,0,1,0,0,0
4/1/1995,RUS,922,Russia,4.830728,4,1995q2,1995,423,0,1,1,0,1,0,0,0,0,0,0,0,1,0,0,0
7/1/1995,RUS,922,Russia,1.649099,4,1995q3,1995,426,0,1,1,0,1,0,0,0,0,0,0,0,1,0,0,0
10/1/1995,RUS,922,Russia,0.27726978,4,1995q4,1995,429,0,1,1,0,1,0,0,0,0,0,0,0,1,0,0,0
1/1/1996,RUS,922,Russia,1.3076027,4,1996q1,1996,432,0,1,1,0,1,0,0,0,0,0,0,0,1,0,0,0
4/1/1996,RUS,922,Russia,2.216368,4,1996q2,1996,435,0,1,1,0,1,0,0,0,0,0,0,0,1,0,0,0
7/1/1996,RUS,922,Russia,2.9809681,4,1996q3,1996,438,0,1,1,0,1,0,0,0,0,0,0,0,1,0,0,0
10/1/1996,RUS,922,Russia,3.3171505,4,1996q4,1996,441,0,1,1,0,1,0,0,0,0,0,0,0,1,0,0,0
1/1/1997,RUS,922,Russia,2.1154276,4,1997q1,1997,444,0,1,1,0,1,0,0,0,0,0,0,0,1,0,0,0
4/1/1997,RUS,922,Russia,0.69742375,4,1997q2,1997,447,0,1,1,0,1,0,0,0,0,0,0,0,1,0,0,0
7/1/1997,RUS,922,Russia,-1.0919657,4,1997q3,1997,450,0,1,1,0,1,0,0,0,0,0,0,0,1,0,0,0
10/1/1997,RUS,922,Russia,-2.4486981,4,1997q4,1997,453,0,1,1,0,1,0,0,0,0,0,0,0,1,0,0,0
1/1/1998,RUS,922,Russia,-2.3370626,4,1998q1,1998,456,0,1,1,0,1,0,0,0,0,0,0,0,1,0,0,0
4/1/1998,RUS,922,Russia,-1.1676716,4,1998q2,1998,459,0,1,1,0,1,0,0,0,0,0,0,0,1,0,0,0
7/1/1998,RUS,922,Russia,1.9887992,4,1998q3,1998,462,0,1,1,0,1,0,0,0,0,0,0,0,1,0,0,0
10/1/1998,RUS,922,Russia,11.866398,4,1998q4,1998,465,0,1,1,0,1,0,0,0,0,0,0,0,1,0,0,0
1/1/1999,RUS,922,Russia,10.986341,4,1999q1,1999,468,0,1,1,0,1,0,0,0,0,0,0,0,1,0,0,0
4/1/1999,RUS,922,Russia,12.011649,4,1999q2,1999,471,0,1,1,0,1,0,0,0,0,0,0,0,1,0,0,0
7/1/1999,RUS,922,Russia,13.053507,4,1999q3,1999,474,0,1,1,0,1,0,0,0,0,0,0,0,1,0,0,0
10/1/1999,RUS,922,Russia,16.627002,4,1999q4,1999,477,0,1,1,0,1,0,0,0,0,0,0,0,1,0,0,0
1/1/2000,RUS,922,Russia,18.819183,4,2000q1,2000,480,0,1,1,0,1,0,0,0,0,0,0,0,1,0,0,0
4/1/2000,RUS,922,Russia,19.539102,4,2000q2,2000,483,0,1,1,0,1,0,0,0,0,0,0,0,1,0,0,0
7/1/2000,RUS,922,Russia,17.825057,4,2000q3,2000,486,0,1,1,0,1,0,0,0,0,0,0,0,1,0,0,0
10/1/2000,RUS,922,Russia,16.693857,4,2000q4,2000,489,0,1,1,0,1,0,0,0,0,0,0,0,1,0,0,0
1/1/2001,RUS,922,Russia,15.130776,4,2001q1,2001,492,0,1,1,0,1,0,0,0,0,0,0,0,1,0,0,0
4/1/2001,RUS,922,Russia,11.947652,4,2001q2,2001,495,0,1,1,0,1,0,0,0,0,0,0,0,1,0,0,0
7/1/2001,RUS,922,Russia,10.737273,4,2001q3,2001,498,0,1,1,0,1,0,0,0,0,0,0,0,1,0,0,0
10/1/2001,RUS,922,Russia,8.4415083,4,2001q4,2001,501,0,1,1,0,1,0,0,0,0,0,0,0,1,0,0,0
1/1/2002,RUS,922,Russia,7.2287007,4,2002q1,2002,504,0,1,1,0,1,0,0,0,0,0,0,0,1,0,0,0
4/1/2002,RUS,922,Russia,9.2525484,4,2002q2,2002,507,0,1,1,0,1,0,0,0,0,0,0,0,1,0,0,0
7/1/2002,RUS,922,Russia,9.1143844,4,2002q3,2002,510,0,1,1,0,1,0,0,0,0,0,0,0,1,0,0,0
10/1/2002,RUS,922,Russia,9.1493101,4,2002q4,2002,513,0,1,1,0,1,0,0,0,0,0,0,0,1,0,0,0
1/1/2003,RUS,922,Russia,9.899697,1,2003q1,2003,516,0,1,1,0,1,0,0,0,0,0,0,0,1,0,0,0
4/1/2003,RUS,922,Russia,6.585067,1,2003q2,2003,519,0,1,1,0,1,0,0,0,0,0,0,0,1,0,0,0
7/1/2003,RUS,922,Russia,6.284342,1,2003q3,2003,522,0,1,1,0,1,0,0,0,0,0,0,0,1,0,0,0
10/1/2003,RUS,922,Russia,6.469858,1,2003q4,2003,525,0,1,1,0,1,0,0,0,0,0,0,0,1,0,0,0
1/1/2004,RUS,922,Russia,7.614893,1,2004q1,2004,528,0,1,1,0,1,0,0,0,0,0,0,0,1,0,0,0
4/1/2004,RUS,922,Russia,8.483642,1,2004q2,2004,531,0,1,1,0,1,0,0,0,0,0,0,0,1,0,0,0
7/1/2004,RUS,922,Russia,9.732862,1,2004q3,2004,534,0,1,1,0,1,0,0,0,0,0,0,0,1,0,0,0
10/1/2004,RUS,922,Russia,10.4268,1,2004q4,2004,537,0,1,1,0,1,0,0,0,0,0,0,0,1,0,0,0
1/1/2005,RUS,922,Russia,10.38615,1,2005q1,2005,540,0,1,1,0,1,0,0,0,0,0,0,0,1,0,0,0
4/1/2005,RUS,922,Russia,10.46102,1,2005q2,2005,543,0,1,1,0,1,0,0,0,0,0,0,0,1,0,0,0
7/1/2005,RUS,922,Russia,9.783927,1,2005q3,2005,546,0,1,1,0,1,0,0,0,0,0,0,0,1,0,0,0
10/1/2005,RUS,922,Russia,11.15115,1,2005q4,2005,549,0,1,1,0,1,0,0,0,0,0,0,0,1,0,0,0
1/1/2006,RUS,922,Russia,10.93973,1,2006q1,2006,552,0,1,1,0,1,0,0,0,0,0,0,0,1,0,0,0
4/1/2006,RUS,922,Russia,9.528579,1,2006q2,2006,555,0,1,1,0,1,0,0,0,0,0,0,0,1,0,0,0
7/1/2006,RUS,922,Russia,9.722374,1,2006q3,2006,558,0,1,1,0,1,0,0,0,0,0,0,0,1,0,0,0
10/1/2006,RUS,922,Russia,6.269996,1,2006q4,2006,561,0,1,1,0,1,0,0,0,0,0,0,0,1,0,0,0
1/1/2007,RUS,922,Russia,5.236955,1,2007q1,2007,564,0,1,1,0,1,0,0,0,0,0,0,0,1,0,0,0
4/1/2007,RUS,922,Russia,4.172434,1,2007q2,2007,567,0,1,1,0,1,0,0,0,0,0,0,0,1,0,0,0
7/1/2007,RUS,922,Russia,5.151706,1,2007q3,2007,570,0,1,1,0,1,0,0,0,0,0,0,0,1,0,0,0
10/1/2007,RUS,922,Russia,6.216722,1,2007q4,2007,573,0,1,1,0,1,0,0,0,0,0,0,0,1,0,0,0
1/1/2008,RUS,922,Russia,6.827404,1,2008q1,2008,576,0,1,1,0,1,0,0,0,0,0,0,0,1,0,0,0
4/1/2008,RUS,922,Russia,5.618963,1,2008q2,2008,579,0,1,1,0,1,0,0,0,0,0,0,0,1,0,0,0
7/1/2008,RUS,922,Russia,6.615259,1,2008q3,2008,582,0,1,1,0,1,0,0,0,0,0,0,0,1,0,0,0
10/1/2008,RUS,922,Russia,3.728261,1,2008q4,2008,585,0,1,1,0,1,0,0,0,0,0,0,0,1,0,0,0
1/1/2009,RUS,922,Russia,0.7298403,1,2009q1,2009,588,0,1,1,0,1,0,0,0,0,0,0,0,1,0,0,0
4/1/2009,RUS,922,Russia,2.106831,1,2009q2,2009,591,0,1,1,0,1,0,0,0,0,0,0,0,1,0,0,0
7/1/2009,RUS,922,Russia,6.112514,1,2009q3,2009,594,0,1,1,0,1,0,0,0,0,0,0,0,1,0,0,0
10/1/2009,RUS,922,Russia,5.310309,1,2009q4,2009,597,0,1,1,0,1,0,0,0,0,0,0,0,1,0,0,0
1/1/2010,RUS,922,Russia,6.447866,1,2010q1,2010,600,0,1,1,0,1,0,0,0,0,0,0,0,1,0,0,0
4/1/2010,RUS,922,Russia,4.670522,1,2010q2,2010,603,0,1,1,0,1,0,0,0,0,0,0,0,1,0,0,0
7/1/2010,RUS,922,Russia,2.567121,1,2010q3,2010,606,0,1,1,0,1,0,0,0,0,0,0,0,1,0,0,0
10/1/2010,RUS,922,Russia,3.352119,1,2010q4,2010,609,0,1,1,0,1,0,0,0,0,0,0,0,1,0,0,0
1/1/2011,RUS,922,Russia,3.176109,1,2011q1,2011,612,0,1,1,0,1,0,0,0,0,0,0,0,1,0,0,0
4/1/2011,RUS,922,Russia,5.211968,1,2011q2,2011,615,0,1,1,0,1,0,0,0,0,0,0,0,1,0,0,0
7/1/2011,RUS,922,Russia,4.774004,1,2011q3,2011,618,0,1,1,0,1,0,0,0,0,0,0,0,1,0,0,0
10/1/2011,RUS,922,Russia,6.080389,1,2011q4,2011,621,0,1,1,0,1,0,0,0,0,0,0,0,1,0,0,0
1/1/2012,RUS,922,Russia,4.328233,1,2012q1,2012,624,0,1,1,0,1,0,0,0,0,0,0,0,1,0,0,0
4/1/2012,RUS,922,Russia,3.495311,1,2012q2,2012,627,0,1,1,0,1,0,0,0,0,0,0,0,1,0,0,0
7/1/2012,RUS,922,Russia,3.110974,1,2012q3,2012,630,0,1,1,0,1,0,0,0,0,0,0,0,1,0,0,0
10/1/2012,RUS,922,Russia,2.02621,1,2012q4,2012,633,0,1,1,0,1,0,0,0,0,0,0,0,1,0,0,0
1/1/2013,RUS,922,Russia,2.132672,1,2013q1,2013,636,0,1,1,0,1,0,0,0,0,0,0,0,1,0,0,0
4/1/2013,RUS,922,Russia,0.5475555,1,2013q2,2013,639,0,1,1,0,1,0,0,0,0,0,0,0,1,0,0,0
7/1/2013,RUS,922,Russia,1.6977,1,2013q3,2013,642,0,1,1,0,1,0,0,0,0,0,0,0,1,0,0,0
10/1/2013,RUS,922,Russia,1.299717,1,2013q4,2013,645,0,1,1,0,1,0,0,0,0,0,0,0,1,0,0,0
1/1/2014,RUS,922,Russia,1.757305,1,2014q1,2014,648,0,1,1,0,1,0,0,0,0,0,0,0,1,0,0,0
4/1/2014,RUS,922,Russia,3.267922,1,2014q2,2014,651,0,1,1,0,1,0,0,0,0,0,0,0,1,0,0,0
7/1/2014,RUS,922,Russia,2.855474,1,2014q3,2014,654,0,1,1,0,1,0,0,0,0,0,0,0,1,0,0,0
10/1/2014,RUS,922,Russia,2.902025,1,2014q4,2014,657,0,1,1,0,1,0,0,0,0,0,0,0,1,0,0,0
1/1/2015,RUS,922,Russia,6.909082,1,2015q1,2015,660,0,1,1,0,1,0,0,0,0,0,0,0,1,0,0,0
4/1/2015,RUS,922,Russia,5.058864,1,2015q2,2015,663,0,1,1,0,1,0,0,0,0,0,0,0,1,0,0,0
7/1/2015,RUS,922,Russia,4.024738,1,2015q3,2015,666,0,1,1,0,1,0,0,0,0,0,0,0,1,0,0,0
10/1/2015,RUS,922,Russia,3.804288,1,2015q4,2015,669,0,1,1,0,1,0,0,0,0,0,0,0,1,0,0,0
1/1/2016,RUS,922,Russia,1.884893,1,2016q1,2016,672,0,1,1,0,1,0,0,0,0,0,0,0,1,0,0,0
4/1/2016,RUS,922,Russia,1.402972,1,2016q2,2016,675,0,1,1,0,1,0,0,0,0,0,0,0,1,0,0,0
7/1/2016,RUS,922,Russia,1.670431,1,2016q3,2016,678,0,1,1,0,1,0,0,0,0,0,0,0,1,0,0,0
10/1/2016,RUS,922,Russia,2.672382,1,2016q4,2016,681,0,1,1,0,1,0,0,0,0,0,0,0,1,0,0,0
1/1/2017,RUS,922,Russia,2.496241,1,2017q1,2017,684,0,1,1,0,1,0,0,0,0,0,0,0,1,0,0,0
4/1/2017,RUS,922,Russia,1.927958,1,2017q2,2017,687,0,1,1,0,1,0,0,0,0,0,0,0,1,0,0,0
7/1/2017,RUS,922,Russia,1.263535,1,2017q3,2017,690,0,1,1,0,1,0,0,0,0,0,0,0,1,0,0,0
10/1/2017,RUS,922,Russia,2.978677,1,2017q4,2017,693,0,1,1,0,1,0,0,0,0,0,0,0,1,0,0,0
1/1/2018,RUS,922,Russia,4.538984,1,2018q1,2018,696,0,1,1,0,1,0,0,0,0,0,0,0,1,0,0,0
4/1/2018,RUS,922,Russia,5.473495,1,2018q2,2018,699,0,1,1,0,1,0,0,0,0,0,0,0,1,0,0,0
7/1/2018,RUS,922,Russia,9.165143,1,2018q3,2018,702,0,1,1,0,1,0,0,0,0,0,0,0,1,0,0,0
10/1/2018,RUS,922,Russia,8.636488,1,2018q4,2018,705,0,1,1,0,1,0,0,0,0,0,0,0,1,0,0,0
1/1/2019,RUS,922,Russia,5.268847,1,2019q1,2019,708,0,1,1,0,1,0,0,0,0,0,0,0,1,0,0,0
4/1/2019,RUS,922,Russia,4.488373,1,2019q2,2019,711,0,1,1,0,1,0,0,0,0,0,0,0,1,0,0,0
7/1/2019,RUS,922,Russia,3.932639,1,2019q3,2019,714,0,1,1,0,1,0,0,0,0,0,0,0,1,0,0,0
10/1/2019,RUS,922,Russia,2.447693,1,2019q4,2019,717,0,1,1,0,1,0,0,0,0,0,0,0,1,0,0,0
1/1/2020,RUS,922,Russia,3.010959,1,2020q1,2020,720,0,1,1,0,1,0,0,0,0,0,0,0,1,0,0,0
4/1/2020,RUS,922,Russia,1.712875,1,2020q2,2020,723,0,1,1,0,1,0,0,0,0,0,0,0,1,0,0,0
7/1/2020,RUS,922,Russia,1.970334,1,2020q3,2020,726,0,1,1,0,1,0,0,0,0,0,0,0,1,0,0,0
10/1/2020,RUS,922,Russia,2.03698,1,2020q4,2020,729,0,1,1,0,1,0,0,0,0,0,0,0,1,0,0,0
1/1/2021,RUS,922,Russia,3.857094,1,2021q1,2021,732,0,1,1,0,1,0,0,0,0,0,0,0,1,0,0,0
4/1/2021,RUS,922,Russia,5.0538,1,2021q2,2021,735,0,1,1,0,1,0,0,0,0,0,0,0,1,0,0,0
7/1/2021,RUS,922,Russia,8.902834,1,2021q3,2021,738,0,1,1,0,1,0,0,0,0,0,0,0,1,0,0,0
1/1/1991,CHN,924,China,4.0973634,4,1991q1,1991,372,0,1,1,1,0,0,0,0,0,0,0,0,1,0,0,0
4/1/1991,CHN,924,China,1.7672189,4,1991q2,1991,375,0,1,1,1,0,0,0,0,0,0,0,0,1,0,0,0
7/1/1991,CHN,924,China,2.1239031,4,1991q3,1991,378,0,1,1,1,0,0,0,0,0,0,0,0,1,0,0,0
10/1/1991,CHN,924,China,1.0683081,4,1991q4,1991,381,0,1,1,1,0,0,0,0,0,0,0,0,1,0,0,0
1/1/1992,CHN,924,China,1.4706623,4,1992q1,1992,384,0,1,1,1,0,0,0,0,0,0,0,0,1,0,0,0
4/1/1992,CHN,924,China,1.2053424,4,1992q2,1992,387,0,1,1,1,0,0,0,0,0,0,0,0,1,0,0,0
7/1/1992,CHN,924,China,1.3890916,4,1992q3,1992,390,0,1,1,1,0,0,0,0,0,0,0,0,1,0,0,0
10/1/1992,CHN,924,China,-0.12424214,4,1992q4,1992,393,0,1,1,1,0,0,0,0,0,0,0,0,1,0,0,0
1/1/1993,CHN,924,China,-1.7296445,4,1993q1,1993,396,0,1,1,1,0,0,0,0,0,0,0,0,1,0,0,0
4/1/1993,CHN,924,China,-1.908223,4,1993q2,1993,399,0,1,1,1,0,0,0,0,0,0,0,0,1,0,0,0
7/1/1993,CHN,924,China,-2.3721531,4,1993q3,1993,402,0,1,1,1,0,0,0,0,0,0,0,0,1,0,0,0
10/1/1993,CHN,924,China,-1.9154856,4,1993q4,1993,405,0,1,1,1,0,0,0,0,0,0,0,0,1,0,0,0
1/1/1994,CHN,924,China,-1.9847019,4,1994q1,1994,408,0,1,1,1,0,0,0,0,0,0,0,0,1,0,0,0
4/1/1994,CHN,924,China,0.70797545,4,1994q2,1994,411,0,1,1,1,0,0,0,0,0,0,0,0,1,0,0,0
7/1/1994,CHN,924,China,1.4535621,4,1994q3,1994,414,0,1,1,1,0,0,0,0,0,0,0,0,1,0,0,0
10/1/1994,CHN,924,China,2.3994025,4,1994q4,1994,417,0,1,1,1,0,0,0,0,0,0,0,0,1,0,0,0
1/1/1995,CHN,924,China,5.7091292,4,1995q1,1995,420,0,1,1,1,0,0,0,0,0,0,0,0,1,0,0,0
4/1/1995,CHN,924,China,3.2253388,4,1995q2,1995,423,0,1,1,1,0,0,0,0,0,0,0,0,1,0,0,0
7/1/1995,CHN,924,China,1.0500912,4,1995q3,1995,426,0,1,1,1,0,0,0,0,0,0,0,0,1,0,0,0
10/1/1995,CHN,924,China,0.52427836,4,1995q4,1995,429,0,1,1,1,0,0,0,0,0,0,0,0,1,0,0,0
1/1/1996,CHN,924,China,-1.3388051,4,1996q1,1996,432,0,1,1,1,0,0,0,0,0,0,0,0,1,0,0,0
4/1/1996,CHN,924,China,1.0763195,4,1996q2,1996,435,0,1,1,1,0,0,0,0,0,0,0,0,1,0,0,0
7/1/1996,CHN,924,China,2.9431986,4,1996q3,1996,438,0,1,1,1,0,0,0,0,0,0,0,0,1,0,0,0
10/1/1996,CHN,924,China,2.233278,4,1996q4,1996,441,0,1,1,1,0,0,0,0,0,0,0,0,1,0,0,0
1/1/1997,CHN,924,China,3.7060693,4,1997q1,1997,444,0,1,1,1,0,0,0,0,0,0,0,0,1,0,0,0
4/1/1997,CHN,924,China,5.0349798,4,1997q2,1997,447,0,1,1,1,0,0,0,0,0,0,0,0,1,0,0,0
7/1/1997,CHN,924,China,4.762191,4,1997q3,1997,450,0,1,1,1,0,0,0,0,0,0,0,0,1,0,0,0
10/1/1997,CHN,924,China,3.5944704,4,1997q4,1997,453,0,1,1,1,0,0,0,0,0,0,0,0,1,0,0,0
1/1/1998,CHN,924,China,5.827651,1,1998q1,1998,456,0,1,1,1,0,0,0,0,0,0,0,0,1,0,0,0
4/1/1998,CHN,924,China,2.907752,1,1998q2,1998,459,0,1,1,1,0,0,0,0,0,0,0,0,1,0,0,0
7/1/1998,CHN,924,China,1.835771,1,1998q3,1998,462,0,1,1,1,0,0,0,0,0,0,0,0,1,0,0,0
10/1/1998,CHN,924,China,2.542505,1,1998q4,1998,465,0,1,1,1,0,0,0,0,0,0,0,0,1,0,0,0
1/1/1999,CHN,924,China,0.8548527,1,1999q1,1999,468,0,1,1,1,0,0,0,0,0,0,0,0,1,0,0,0
4/1/1999,CHN,924,China,1.100766,1,1999q2,1999,471,0,1,1,1,0,0,0,0,0,0,0,0,1,0,0,0
7/1/1999,CHN,924,China,3.412767,1,1999q3,1999,474,0,1,1,1,0,0,0,0,0,0,0,0,1,0,0,0
10/1/1999,CHN,924,China,1.581233,1,1999q4,1999,477,0,1,1,1,0,0,0,0,0,0,0,0,1,0,0,0
1/1/2000,CHN,924,China,1.931178,1,2000q1,2000,480,0,1,1,1,0,0,0,0,0,0,0,0,1,0,0,0
4/1/2000,CHN,924,China,1.9357,1,2000q2,2000,483,0,1,1,1,0,0,0,0,0,0,0,0,1,0,0,0
7/1/2000,CHN,924,China,2.009688,1,2000q3,2000,486,0,1,1,1,0,0,0,0,0,0,0,0,1,0,0,0
10/1/2000,CHN,924,China,1.206801,1,2000q4,2000,489,0,1,1,1,0,0,0,0,0,0,0,0,1,0,0,0
1/1/2001,CHN,924,China,2.625474,1,2001q1,2001,492,0,1,1,1,0,0,0,0,0,0,0,0,1,0,0,0
4/1/2001,CHN,924,China,0.6119196,1,2001q2,2001,495,0,1,1,1,0,0,0,0,0,0,0,0,1,0,0,0
7/1/2001,CHN,924,China,1.277041,1,2001q3,2001,498,0,1,1,1,0,0,0,0,0,0,0,0,1,0,0,0
10/1/2001,CHN,924,China,1.063013,1,2001q4,2001,501,0,1,1,1,0,0,0,0,0,0,0,0,1,0,0,0
1/1/2002,CHN,924,China,3.504351,1,2002q1,2002,504,0,1,1,1,0,0,0,0,0,0,0,0,1,0,0,0
4/1/2002,CHN,924,China,2.216767,1,2002q2,2002,507,0,1,1,1,0,0,0,0,0,0,0,0,1,0,0,0
7/1/2002,CHN,924,China,1.531348,1,2002q3,2002,510,0,1,1,1,0,0,0,0,0,0,0,0,1,0,0,0
10/1/2002,CHN,924,China,2.369816,1,2002q4,2002,513,0,1,1,1,0,0,0,0,0,0,0,0,1,0,0,0
1/1/2003,CHN,924,China,1.420487,1,2003q1,2003,516,0,1,1,1,0,0,0,0,0,0,0,0,1,0,0,0
4/1/2003,CHN,924,China,2.946834,1,2003q2,2003,519,0,1,1,1,0,0,0,0,0,0,0,0,1,0,0,0
7/1/2003,CHN,924,China,1.781464,1,2003q3,2003,522,0,1,1,1,0,0,0,0,0,0,0,0,1,0,0,0
10/1/2003,CHN,924,China,3.347385,1,2003q4,2003,525,0,1,1,1,0,0,0,0,0,0,0,0,1,0,0,0
1/1/2004,CHN,924,China,2.029033,1,2004q1,2004,528,0,1,1,1,0,0,0,0,0,0,0,0,1,0,0,0
4/1/2004,CHN,924,China,2.092421,1,2004q2,2004,531,0,1,1,1,0,0,0,0,0,0,0,0,1,0,0,0
7/1/2004,CHN,924,China,3.194163,1,2004q3,2004,534,0,1,1,1,0,0,0,0,0,0,0,0,1,0,0,0
10/1/2004,CHN,924,China,5.577891,1,2004q4,2004,537,0,1,1,1,0,0,0,0,0,0,0,0,1,0,0,0
1/1/2005,CHN,924,China,6.335031,1,2005q1,2005,540,0,1,1,1,0,0,0,0,0,0,0,0,1,0,0,0
4/1/2005,CHN,924,China,6.117393,1,2005q2,2005,543,0,1,1,1,0,0,0,0,0,0,0,0,1,0,0,0
7/1/2005,CHN,924,China,5.292455,1,2005q3,2005,546,0,1,1,1,0,0,0,0,0,0,0,0,1,0,0,0
10/1/2005,CHN,924,China,5.100547,1,2005q4,2005,549,0,1,1,1,0,0,0,0,0,0,0,0,1,0,0,0
1/1/2006,CHN,924,China,7.508158,1,2006q1,2006,552,0,1,1,1,0,0,0,0,0,0,0,0,1,0,0,0
4/1/2006,CHN,924,China,7.75482,1,2006q2,2006,555,0,1,1,1,0,0,0,0,0,0,0,0,1,0,0,0
7/1/2006,CHN,924,China,8.064999,1,2006q3,2006,558,0,1,1,1,0,0,0,0,0,0,0,0,1,0,0,0
10/1/2006,CHN,924,China,9.166247,1,2006q4,2006,561,0,1,1,1,0,0,0,0,0,0,0,0,1,0,0,0
1/1/2007,CHN,924,China,10.8799,1,2007q1,2007,564,0,1,1,1,0,0,0,0,0,0,0,0,1,0,0,0
4/1/2007,CHN,924,China,10.67131,1,2007q2,2007,567,0,1,1,1,0,0,0,0,0,0,0,0,1,0,0,0
7/1/2007,CHN,924,China,10.05253,1,2007q3,2007,570,0,1,1,1,0,0,0,0,0,0,0,0,1,0,0,0
10/1/2007,CHN,924,China,7.909146,1,2007q4,2007,573,0,1,1,1,0,0,0,0,0,0,0,0,1,0,0,0
1/1/2008,CHN,924,China,10.24613,1,2008q1,2008,576,0,1,1,1,0,0,0,0,0,0,0,0,1,0,0,0
4/1/2008,CHN,924,China,8.786543,1,2008q2,2008,579,0,1,1,1,0,0,0,0,0,0,0,0,1,0,0,0
7/1/2008,CHN,924,China,8.353752,1,2008q3,2008,582,0,1,1,1,0,0,0,0,0,0,0,0,1,0,0,0
10/1/2008,CHN,924,China,8.595877,1,2008q4,2008,585,0,1,1,1,0,0,0,0,0,0,0,0,1,0,0,0
1/1/2009,CHN,924,China,7.542651,1,2009q1,2009,588,0,1,1,1,0,0,0,0,0,0,0,0,1,0,0,0
4/1/2009,CHN,924,China,3.726616,1,2009q2,2009,591,0,1,1,1,0,0,0,0,0,0,0,0,1,0,0,0
7/1/2009,CHN,924,China,3.01059,1,2009q3,2009,594,0,1,1,1,0,0,0,0,0,0,0,0,1,0,0,0
10/1/2009,CHN,924,China,4.778962,1,2009q4,2009,597,0,1,1,1,0,0,0,0,0,0,0,0,1,0,0,0
1/1/2010,CHN,924,China,3.103728,1,2010q1,2010,600,0,1,1,1,0,0,0,0,0,0,0,0,1,0,0,0
4/1/2010,CHN,924,China,3.439154,1,2010q2,2010,603,0,1,1,1,0,0,0,0,0,0,0,0,1,0,0,0
7/1/2010,CHN,924,China,4.782142,1,2010q3,2010,606,0,1,1,1,0,0,0,0,0,0,0,0,1,0,0,0
10/1/2010,CHN,924,China,3.644892,1,2010q4,2010,609,0,1,1,1,0,0,0,0,0,0,0,0,1,0,0,0
1/1/2011,CHN,924,China,1.043694,1,2011q1,2011,612,0,1,1,1,0,0,0,0,0,0,0,0,1,0,0,0
4/1/2011,CHN,924,China,2.720834,1,2011q2,2011,615,0,1,1,1,0,0,0,0,0,0,0,0,1,0,0,0
7/1/2011,CHN,924,China,1.748582,1,2011q3,2011,618,0,1,1,1,0,0,0,0,0,0,0,0,1,0,0,0
10/1/2011,CHN,924,China,1.253312,1,2011q4,2011,621,0,1,1,1,0,0,0,0,0,0,0,0,1,0,0,0
1/1/2012,CHN,924,China,2.693068,1,2012q1,2012,624,0,1,1,1,0,0,0,0,0,0,0,0,1,0,0,0
4/1/2012,CHN,924,China,2.963867,1,2012q2,2012,627,0,1,1,1,0,0,0,0,0,0,0,0,1,0,0,0
7/1/2012,CHN,924,China,3.02551,1,2012q3,2012,630,0,1,1,1,0,0,0,0,0,0,0,0,1,0,0,0
10/1/2012,CHN,924,China,1.20687,1,2012q4,2012,633,0,1,1,1,0,0,0,0,0,0,0,0,1,0,0,0
1/1/2013,CHN,924,China,3.277854,1,2013q1,2013,636,0,1,1,1,0,0,0,0,0,0,0,0,1,0,0,0
4/1/2013,CHN,924,China,1.90865,1,2013q2,2013,639,0,1,1,1,0,0,0,0,0,0,0,0,1,0,0,0
7/1/2013,CHN,924,China,0.9955283,1,2013q3,2013,642,0,1,1,1,0,0,0,0,0,0,0,0,1,0,0,0
10/1/2013,CHN,924,China,0.3994929,1,2013q4,2013,645,0,1,1,1,0,0,0,0,0,0,0,0,1,0,0,0
1/1/2014,CHN,924,China,1.443833,1,2014q1,2014,648,0,1,1,1,0,0,0,0,0,0,0,0,1,0,0,0
4/1/2014,CHN,924,China,2.880364,1,2014q2,2014,651,0,1,1,1,0,0,0,0,0,0,0,0,1,0,0,0
7/1/2014,CHN,924,China,2.585681,1,2014q3,2014,654,0,1,1,1,0,0,0,0,0,0,0,0,1,0,0,0
10/1/2014,CHN,924,China,1.825848,1,2014q4,2014,657,0,1,1,1,0,0,0,0,0,0,0,0,1,0,0,0
1/1/2015,CHN,924,China,4.154152,1,2015q1,2015,660,0,1,1,1,0,0,0,0,0,0,0,0,1,0,0,0
4/1/2015,CHN,924,China,2.505675,1,2015q2,2015,663,0,1,1,1,0,0,0,0,0,0,0,0,1,0,0,0
7/1/2015,CHN,924,China,2.048808,1,2015q3,2015,666,0,1,1,1,0,0,0,0,0,0,0,0,1,0,0,0
10/1/2015,CHN,924,China,2.049552,1,2015q4,2015,669,0,1,1,1,0,0,0,0,0,0,0,0,1,0,0,0
1/1/2016,CHN,924,China,2.656618,1,2016q1,2016,672,0,1,1,1,0,0,0,0,0,0,0,0,1,0,0,0
4/1/2016,CHN,924,China,2.18528,1,2016q2,2016,675,0,1,1,1,0,0,0,0,0,0,0,0,1,0,0,0
7/1/2016,CHN,924,China,2.224793,1,2016q3,2016,678,0,1,1,1,0,0,0,0,0,0,0,0,1,0,0,0
10/1/2016,CHN,924,China,-0.07108288,1,2016q4,2016,681,0,1,1,1,0,0,0,0,0,0,0,0,1,0,0,0
1/1/2017,CHN,924,China,1.532671,1,2017q1,2017,684,0,1,1,1,0,0,0,0,0,0,0,0,1,0,0,0
4/1/2017,CHN,924,China,1.865141,1,2017q2,2017,687,0,1,1,1,0,0,0,0,0,0,0,0,1,0,0,0
7/1/2017,CHN,924,China,1.162729,1,2017q3,2017,690,0,1,1,1,0,0,0,0,0,0,0,0,1,0,0,0
10/1/2017,CHN,924,China,1.417848,1,2017q4,2017,693,0,1,1,1,0,0,0,0,0,0,0,0,1,0,0,0
1/1/2018,CHN,924,China,-0.6956964,1,2018q1,2018,696,0,1,1,1,0,0,0,0,0,0,0,0,1,0,0,0
4/1/2018,CHN,924,China,-0.02143695,1,2018q2,2018,699,0,1,1,1,0,0,0,0,0,0,0,0,1,0,0,0
7/1/2018,CHN,924,China,0.4064979,1,2018q3,2018,702,0,1,1,1,0,0,0,0,0,0,0,0,1,0,0,0
10/1/2018,CHN,924,China,0.7715489,1,2018q4,2018,705,0,1,1,1,0,0,0,0,0,0,0,0,1,0,0,0
1/1/2019,CHN,924,China,1.316724,1,2019q1,2019,708,0,1,1,1,0,0,0,0,0,0,0,0,1,0,0,0
4/1/2019,CHN,924,China,0.6061015,1,2019q2,2019,711,0,1,1,1,0,0,0,0,0,0,0,0,1,0,0,0
7/1/2019,CHN,924,China,0.7143697,1,2019q3,2019,714,0,1,1,1,0,0,0,0,0,0,0,0,1,0,0,0
10/1/2019,CHN,924,China,0.2510014,1,2019q4,2019,717,0,1,1,1,0,0,0,0,0,0,0,0,1,0,0,0
1/1/2020,CHN,924,China,-1.139191,1,2020q1,2020,720,0,1,1,1,0,0,0,0,0,0,0,0,1,0,0,0
4/1/2020,CHN,924,China,2.754129,1,2020q2,2020,723,0,1,1,1,0,0,0,0,0,0,0,0,1,0,0,0
7/1/2020,CHN,924,China,2.087516,1,2020q3,2020,726,0,1,1,1,0,0,0,0,0,0,0,0,1,0,0,0
10/1/2020,CHN,924,China,2.156463,1,2020q4,2020,729,0,1,1,1,0,0,0,0,0,0,0,0,1,0,0,0
1/1/2021,CHN,924,China,2.492697,1,2021q1,2021,732,0,1,1,1,0,0,0,0,0,0,0,0,1,0,0,0
4/1/2021,CHN,924,China,1.495837,1,2021q2,2021,735,0,1,1,1,0,0,0,0,0,0,0,0,1,0,0,0
7/1/2021,CHN,924,China,1.794497,1,2021q3,2021,738,0,1,1,1,0,0,0,0,0,0,0,0,1,0,0,0
10/1/2021,CHN,924,China,1.987369,1,2021q4,2021,741,0,1,1,1,0,0,0,0,0,0,0,0,1,0,0,0
1/1/2022,CHN,924,China,2.78648,1,2022q1,2022,744,0,1,1,1,0,0,0,0,0,0,0,0,1,0,0,0
4/1/2022,CHN,924,China,2.143153,1,2022q2,2022,747,0,1,1,1,0,0,0,0,0,0,0,0,1,0,0,0
7/1/2022,CHN,924,China,2.980221,1,2022q3,2022,750,0,1,1,1,0,0,0,0,0,0,0,0,1,0,0,0
10/1/2022,CHN,924,China,1.939152,1,2022q4,2022,753,0,1,1,1,0,0,0,0,0,0,0,0,1,0,0,0
1/1/2023,CHN,924,China,2.250922,1,2023q1,2023,756,0,1,1,1,0,0,0,0,0,0,0,0,1,0,0,0
4/1/2023,CHN,924,China,1.67213,1,2023q2,2023,759,0,1,1,1,0,0,0,0,0,0,0,0,1,0,0,0
7/1/2023,CHN,924,China,1.281072,1,2023q3,2023,762,0,1,1,1,0,0,0,0,0,0,0,0,1,0,0,0
10/1/2023,CHN,924,China,0.8134726,1,2023q4,2023,765,0,1,1,1,0,0,0,0,0,0,0,0,1,0,0,0
1/1/2024,CHN,924,China,1.672158,1,2024q1,2024,768,0,1,1,1,0,0,0,0,0,0,0,0,1,0,0,0
4/1/2024,CHN,924,China,1.534679,1,2024q2,2024,771,0,1,1,1,0,0,0,0,0,0,0,0,1,0,0,0
7/1/2024,CHN,924,China,3.001734,1,2024q3,2024,774,0,1,1,1,0,0,0,0,0,0,0,0,1,0,0,0
10/1/2024,CHN,924,China,2.691953,1,2024q4,2024,777,0,1,1,1,0,0,0,0,0,0,0,0,1,0,0,0
1/1/1993,CZE,935,Czech Republic,2.6065229,4,1993q1,1993,396,0,1,1,0,1,0,0,0,0,0,0,0,1,0,0,0
4/1/1993,CZE,935,Czech Republic,2.9437386,4,1993q2,1993,399,0,1,1,0,1,0,0,0,0,0,0,0,1,0,0,0
7/1/1993,CZE,935,Czech Republic,1.6262838,4,1993q3,1993,402,0,1,1,0,1,0,0,0,0,0,0,0,1,0,0,0
10/1/1993,CZE,935,Czech Republic,-1.3848442,4,1993q4,1993,405,0,1,1,0,1,0,0,0,0,0,0,0,1,0,0,0
1/1/1994,CZE,935,Czech Republic,-0.01006849,4,1994q1,1994,408,0,1,1,0,1,0,0,0,0,0,0,0,1,0,0,0
4/1/1994,CZE,935,Czech Republic,-1.9839913,4,1994q2,1994,411,0,1,1,0,1,0,0,0,0,0,0,0,1,0,0,0
7/1/1994,CZE,935,Czech Republic,-3.8590764,4,1994q3,1994,414,0,1,1,0,1,0,0,0,0,0,0,0,1,0,0,0
10/1/1994,CZE,935,Czech Republic,-1.8452779,4,1994q4,1994,417,0,1,1,0,1,0,0,0,0,0,0,0,1,0,0,0
1/1/1995,CZE,935,Czech Republic,-1.639487,1,1995q1,1995,420,0,1,1,0,1,0,0,0,0,0,0,0,1,0,0,0
4/1/1995,CZE,935,Czech Republic,-2.542884,1,1995q2,1995,423,0,1,1,0,1,0,0,0,0,0,0,0,1,0,0,0
7/1/1995,CZE,935,Czech Republic,-1.606864,1,1995q3,1995,426,0,1,1,0,1,0,0,0,0,0,0,0,1,0,0,0
10/1/1995,CZE,935,Czech Republic,-3.258015,1,1995q4,1995,429,0,1,1,0,1,0,0,0,0,0,0,0,1,0,0,0
1/1/1996,CZE,935,Czech Republic,-4.425579,1,1996q1,1996,432,0,1,1,0,1,0,0,0,0,0,0,0,1,0,0,0
4/1/1996,CZE,935,Czech Republic,-5.530008,1,1996q2,1996,435,0,1,1,0,1,0,0,0,0,0,0,0,1,0,0,0
7/1/1996,CZE,935,Czech Republic,-7.194065,1,1996q3,1996,438,0,1,1,0,1,0,0,0,0,0,0,0,1,0,0,0
10/1/1996,CZE,935,Czech Republic,-6.322803,1,1996q4,1996,441,0,1,1,0,1,0,0,0,0,0,0,0,1,0,0,0
1/1/1997,CZE,935,Czech Republic,-7.662442,1,1997q1,1997,444,0,1,1,0,1,0,0,0,0,0,0,0,1,0,0,0
4/1/1997,CZE,935,Czech Republic,-7.167509,1,1997q2,1997,447,0,1,1,0,1,0,0,0,0,0,0,0,1,0,0,0
7/1/1997,CZE,935,Czech Republic,-4.61697,1,1997q3,1997,450,0,1,1,0,1,0,0,0,0,0,0,0,1,0,0,0
10/1/1997,CZE,935,Czech Republic,-3.183741,1,1997q4,1997,453,0,1,1,0,1,0,0,0,0,0,0,0,1,0,0,0
1/1/1998,CZE,935,Czech Republic,-2.811533,1,1998q1,1998,456,0,1,1,0,1,0,0,0,0,0,0,0,1,0,0,0
4/1/1998,CZE,935,Czech Republic,-0.5110145,1,1998q2,1998,459,0,1,1,0,1,0,0,0,0,0,0,0,1,0,0,0
7/1/1998,CZE,935,Czech Republic,-0.6965114,1,1998q3,1998,462,0,1,1,0,1,0,0,0,0,0,0,0,1,0,0,0
10/1/1998,CZE,935,Czech Republic,-3.751924,1,1998q4,1998,465,0,1,1,0,1,0,0,0,0,0,0,0,1,0,0,0
1/1/1999,CZE,935,Czech Republic,-2.761013,1,1999q1,1999,468,0,1,1,0,1,0,0,0,0,0,0,0,1,0,0,0
4/1/1999,CZE,935,Czech Republic,-2.027821,1,1999q2,1999,471,0,1,1,0,1,0,0,0,0,0,0,0,1,0,0,0
7/1/1999,CZE,935,Czech Republic,-0.6598781,1,1999q3,1999,474,0,1,1,0,1,0,0,0,0,0,0,0,1,0,0,0
10/1/1999,CZE,935,Czech Republic,-3.006204,1,1999q4,1999,477,0,1,1,0,1,0,0,0,0,0,0,0,1,0,0,0
1/1/2000,CZE,935,Czech Republic,-3.877256,1,2000q1,2000,480,0,1,1,0,1,0,0,0,0,0,0,0,1,0,0,0
4/1/2000,CZE,935,Czech Republic,-3.778709,1,2000q2,2000,483,0,1,1,0,1,0,0,0,0,0,0,0,1,0,0,0
7/1/2000,CZE,935,Czech Republic,-4.706279,1,2000q3,2000,486,0,1,1,0,1,0,0,0,0,0,0,0,1,0,0,0
10/1/2000,CZE,935,Czech Republic,-5.393345,1,2000q4,2000,489,0,1,1,0,1,0,0,0,0,0,0,0,1,0,0,0
1/1/2001,CZE,935,Czech Republic,-6.508827,1,2001q1,2001,492,0,1,1,0,1,0,0,0,0,0,0,0,1,0,0,0
4/1/2001,CZE,935,Czech Republic,-5.302604,1,2001q2,2001,495,0,1,1,0,1,0,0,0,0,0,0,0,1,0,0,0
7/1/2001,CZE,935,Czech Republic,-4.626334,1,2001q3,2001,498,0,1,1,0,1,0,0,0,0,0,0,0,1,0,0,0
10/1/2001,CZE,935,Czech Republic,-2.456839,1,2001q4,2001,501,0,1,1,0,1,0,0,0,0,0,0,0,1,0,0,0
1/1/2002,CZE,935,Czech Republic,-5.593944,1,2002q1,2002,504,0,1,1,0,1,0,0,0,0,0,0,0,1,0,0,0
4/1/2002,CZE,935,Czech Republic,-4.265486,1,2002q2,2002,507,0,1,1,0,1,0,0,0,0,0,0,0,1,0,0,0
7/1/2002,CZE,935,Czech Republic,-5.505204,1,2002q3,2002,510,0,1,1,0,1,0,0,0,0,0,0,0,1,0,0,0
10/1/2002,CZE,935,Czech Republic,-4.827208,1,2002q4,2002,513,0,1,1,0,1,0,0,0,0,0,0,0,1,0,0,0
1/1/2003,CZE,935,Czech Republic,-3.253622,1,2003q1,2003,516,0,1,1,0,1,0,0,0,0,0,0,0,1,0,0,0
4/1/2003,CZE,935,Czech Republic,-5.521708,1,2003q2,2003,519,0,1,1,0,1,0,0,0,0,0,0,0,1,0,0,0
7/1/2003,CZE,935,Czech Republic,-5.731192,1,2003q3,2003,522,0,1,1,0,1,0,0,0,0,0,0,0,1,0,0,0
10/1/2003,CZE,935,Czech Republic,-7.052505,1,2003q4,2003,525,0,1,1,0,1,0,0,0,0,0,0,0,1,0,0,0
1/1/2004,CZE,935,Czech Republic,-3.43801,1,2004q1,2004,528,0,1,1,0,1,0,0,0,0,0,0,0,1,0,0,0
4/1/2004,CZE,935,Czech Republic,-4.051353,1,2004q2,2004,531,0,1,1,0,1,0,0,0,0,0,0,0,1,0,0,0
7/1/2004,CZE,935,Czech Republic,-5.180775,1,2004q3,2004,534,0,1,1,0,1,0,0,0,0,0,0,0,1,0,0,0
10/1/2004,CZE,935,Czech Republic,-0.958958,1,2004q4,2004,537,0,1,1,0,1,0,0,0,0,0,0,0,1,0,0,0
1/1/2005,CZE,935,Czech Republic,-2.128508,1,2005q1,2005,540,0,1,1,0,1,0,0,0,0,0,0,0,1,0,0,0
4/1/2005,CZE,935,Czech Republic,-3.487835,1,2005q2,2005,543,0,1,1,0,1,0,0,0,0,0,0,0,1,0,0,0
7/1/2005,CZE,935,Czech Republic,-1.499016,1,2005q3,2005,546,0,1,1,0,1,0,0,0,0,0,0,0,1,0,0,0
10/1/2005,CZE,935,Czech Republic,-2.052731,1,2005q4,2005,549,0,1,1,0,1,0,0,0,0,0,0,0,1,0,0,0
1/1/2006,CZE,935,Czech Republic,-0.215616,1,2006q1,2006,552,0,1,1,0,1,0,0,0,0,0,0,0,1,0,0,0
4/1/2006,CZE,935,Czech Republic,-2.96136,1,2006q2,2006,555,0,1,1,0,1,0,0,0,0,0,0,0,1,0,0,0
7/1/2006,CZE,935,Czech Republic,-2.962915,1,2006q3,2006,558,0,1,1,0,1,0,0,0,0,0,0,0,1,0,0,0
10/1/2006,CZE,935,Czech Republic,-3.784143,1,2006q4,2006,561,0,1,1,0,1,0,0,0,0,0,0,0,1,0,0,0
1/1/2007,CZE,935,Czech Republic,-3.435977,1,2007q1,2007,564,0,1,1,0,1,0,0,0,0,0,0,0,1,0,0,0
4/1/2007,CZE,935,Czech Republic,-4.624447,1,2007q2,2007,567,0,1,1,0,1,0,0,0,0,0,0,0,1,0,0,0
7/1/2007,CZE,935,Czech Republic,-5.592024,1,2007q3,2007,570,0,1,1,0,1,0,0,0,0,0,0,0,1,0,0,0
10/1/2007,CZE,935,Czech Republic,-4.122049,1,2007q4,2007,573,0,1,1,0,1,0,0,0,0,0,0,0,1,0,0,0
1/1/2008,CZE,935,Czech Republic,-0.1103082,1,2008q1,2008,576,0,1,1,0,1,0,0,0,0,0,0,0,1,0,0,0
4/1/2008,CZE,935,Czech Republic,-3.651803,1,2008q2,2008,579,0,1,1,0,1,0,0,0,0,0,0,0,1,0,0,0
7/1/2008,CZE,935,Czech Republic,0.5520287,1,2008q3,2008,582,0,1,1,0,1,0,0,0,0,0,0,0,1,0,0,0
10/1/2008,CZE,935,Czech Republic,-2.55443,1,2008q4,2008,585,0,1,1,0,1,0,0,0,0,0,0,0,1,0,0,0
1/1/2009,CZE,935,Czech Republic,-3.201733,1,2009q1,2009,588,0,1,1,0,1,0,0,0,0,0,0,0,1,0,0,0
4/1/2009,CZE,935,Czech Republic,-3.674607,1,2009q2,2009,591,0,1,1,0,1,0,0,0,0,0,0,0,1,0,0,0
7/1/2009,CZE,935,Czech Republic,-1.343212,1,2009q3,2009,594,0,1,1,0,1,0,0,0,0,0,0,0,1,0,0,0
10/1/2009,CZE,935,Czech Republic,-0.9250788,1,2009q4,2009,597,0,1,1,0,1,0,0,0,0,0,0,0,1,0,0,0
1/1/2010,CZE,935,Czech Republic,-0.0686709,1,2010q1,2010,600,0,1,1,0,1,0,0,0,0,0,0,0,1,0,0,0
4/1/2010,CZE,935,Czech Republic,-2.475178,1,2010q2,2010,603,0,1,1,0,1,0,0,0,0,0,0,0,1,0,0,0
7/1/2010,CZE,935,Czech Republic,-7.506602,1,2010q3,2010,606,0,1,1,0,1,0,0,0,0,0,0,0,1,0,0,0
10/1/2010,CZE,935,Czech Republic,-2.769834,1,2010q4,2010,609,0,1,1,0,1,0,0,0,0,0,0,0,1,0,0,0
1/1/2011,CZE,935,Czech Republic,0.1480832,1,2011q1,2011,612,0,1,1,0,1,0,0,0,0,0,0,0,1,0,0,0
4/1/2011,CZE,935,Czech Republic,-6.538149,1,2011q2,2011,615,0,1,1,0,1,0,0,0,0,0,0,0,1,0,0,0
7/1/2011,CZE,935,Czech Republic,0.2913161,1,2011q3,2011,618,0,1,1,0,1,0,0,0,0,0,0,0,1,0,0,0
10/1/2011,CZE,935,Czech Republic,-1.977023,1,2011q4,2011,621,0,1,1,0,1,0,0,0,0,0,0,0,1,0,0,0
1/1/2012,CZE,935,Czech Republic,-1.587621,1,2012q1,2012,624,0,1,1,0,1,0,0,0,0,0,0,0,1,0,0,0
4/1/2012,CZE,935,Czech Republic,-0.1681315,1,2012q2,2012,627,0,1,1,0,1,0,0,0,0,0,0,0,1,0,0,0
7/1/2012,CZE,935,Czech Republic,-1.937826,1,2012q3,2012,630,0,1,1,0,1,0,0,0,0,0,0,0,1,0,0,0
10/1/2012,CZE,935,Czech Republic,-2.577652,1,2012q4,2012,633,0,1,1,0,1,0,0,0,0,0,0,0,1,0,0,0
1/1/2013,CZE,935,Czech Republic,-3.71497,1,2013q1,2013,636,0,1,1,0,1,0,0,0,0,0,0,0,1,0,0,0
4/1/2013,CZE,935,Czech Republic,-0.1246159,1,2013q2,2013,639,0,1,1,0,1,0,0,0,0,0,0,0,1,0,0,0
7/1/2013,CZE,935,Czech Republic,0.4947828,1,2013q3,2013,642,0,1,1,0,1,0,0,0,0,0,0,0,1,0,0,0
10/1/2013,CZE,935,Czech Republic,0.2017968,1,2013q4,2013,645,0,1,1,0,1,0,0,0,0,0,0,0,1,0,0,0
1/1/2014,CZE,935,Czech Republic,2.204168,1,2014q1,2014,648,0,1,1,0,1,0,0,0,0,0,0,0,1,0,0,0
4/1/2014,CZE,935,Czech Republic,-0.5386214,1,2014q2,2014,651,0,1,1,0,1,0,0,0,0,0,0,0,1,0,0,0
7/1/2014,CZE,935,Czech Republic,-0.05695228,1,2014q3,2014,654,0,1,1,0,1,0,0,0,0,0,0,0,1,0,0,0
10/1/2014,CZE,935,Czech Republic,1.697445,1,2014q4,2014,657,0,1,1,0,1,0,0,0,0,0,0,0,1,0,0,0
1/1/2015,CZE,935,Czech Republic,1.846973,1,2015q1,2015,660,0,1,1,0,1,0,0,0,0,0,0,0,1,0,0,0
4/1/2015,CZE,935,Czech Republic,-1.939209,1,2015q2,2015,663,0,1,1,0,1,0,0,0,0,0,0,0,1,0,0,0
7/1/2015,CZE,935,Czech Republic,-0.00369436,1,2015q3,2015,666,0,1,1,0,1,0,0,0,0,0,0,0,1,0,0,0
10/1/2015,CZE,935,Czech Republic,3.040849,1,2015q4,2015,669,0,1,1,0,1,0,0,0,0,0,0,0,1,0,0,0
1/1/2016,CZE,935,Czech Republic,5.664888,1,2016q1,2016,672,0,1,1,0,1,0,0,0,0,0,0,0,1,0,0,0
4/1/2016,CZE,935,Czech Republic,0.6030403,1,2016q2,2016,675,0,1,1,0,1,0,0,0,0,0,0,0,1,0,0,0
7/1/2016,CZE,935,Czech Republic,2.539525,1,2016q3,2016,678,0,1,1,0,1,0,0,0,0,0,0,0,1,0,0,0
10/1/2016,CZE,935,Czech Republic,-1.62014,1,2016q4,2016,681,0,1,1,0,1,0,0,0,0,0,0,0,1,0,0,0
1/1/2017,CZE,935,Czech Republic,3.579916,1,2017q1,2017,684,0,1,1,0,1,0,0,0,0,0,0,0,1,0,0,0
4/1/2017,CZE,935,Czech Republic,1.613805,1,2017q2,2017,687,0,1,1,0,1,0,0,0,0,0,0,0,1,0,0,0
7/1/2017,CZE,935,Czech Republic,0.1053391,1,2017q3,2017,690,0,1,1,0,1,0,0,0,0,0,0,0,1,0,0,0
10/1/2017,CZE,935,Czech Republic,0.6577012,1,2017q4,2017,693,0,1,1,0,1,0,0,0,0,0,0,0,1,0,0,0
1/1/2018,CZE,935,Czech Republic,-0.7390299,1,2018q1,2018,696,0,1,1,0,1,0,0,0,0,0,0,0,1,0,0,0
4/1/2018,CZE,935,Czech Republic,0.3296616,1,2018q2,2018,699,0,1,1,0,1,0,0,0,0,0,0,0,1,0,0,0
7/1/2018,CZE,935,Czech Republic,-0.8920682,1,2018q3,2018,702,0,1,1,0,1,0,0,0,0,0,0,0,1,0,0,0
10/1/2018,CZE,935,Czech Republic,2.288897,1,2018q4,2018,705,0,1,1,0,1,0,0,0,0,0,0,0,1,0,0,0
1/1/2019,CZE,935,Czech Republic,-2.079648,1,2019q1,2019,708,0,1,1,0,1,0,0,0,0,0,0,0,1,0,0,0
4/1/2019,CZE,935,Czech Republic,2.287532,1,2019q2,2019,711,0,1,1,0,1,0,0,0,0,0,0,0,1,0,0,0
7/1/2019,CZE,935,Czech Republic,1.201224,1,2019q3,2019,714,0,1,1,0,1,0,0,0,0,0,0,0,1,0,0,0
10/1/2019,CZE,935,Czech Republic,-0.03813943,1,2019q4,2019,717,0,1,1,0,1,0,0,0,0,0,0,0,1,0,0,0
1/1/2020,CZE,935,Czech Republic,2.004358,1,2020q1,2020,720,0,1,1,0,1,0,0,0,0,0,0,0,1,0,0,0
4/1/2020,CZE,935,Czech Republic,-1.405521,1,2020q2,2020,723,0,1,1,0,1,0,0,0,0,0,0,0,1,0,0,0
7/1/2020,CZE,935,Czech Republic,7.83289,1,2020q3,2020,726,0,1,1,0,1,0,0,0,0,0,0,0,1,0,0,0
10/1/2020,CZE,935,Czech Republic,-1.316542,1,2020q4,2020,729,0,1,1,0,1,0,0,0,0,0,0,0,1,0,0,0
1/1/2021,CZE,935,Czech Republic,-1.421626,1,2021q1,2021,732,0,1,1,0,1,0,0,0,0,0,0,0,1,0,0,0
4/1/2021,CZE,935,Czech Republic,-1.569002,1,2021q2,2021,735,0,1,1,0,1,0,0,0,0,0,0,0,1,0,0,0
7/1/2021,CZE,935,Czech Republic,-3.676663,1,2021q3,2021,738,0,1,1,0,1,0,0,0,0,0,0,0,1,0,0,0
10/1/2021,CZE,935,Czech Republic,-1.74365,1,2021q4,2021,741,0,1,1,0,1,0,0,0,0,0,0,0,1,0,0,0
1/1/2022,CZE,935,Czech Republic,-2.929182,1,2022q1,2022,744,0,1,1,0,1,0,0,0,0,0,0,0,1,0,0,0
4/1/2022,CZE,935,Czech Republic,-3.511624,1,2022q2,2022,747,0,1,1,0,1,0,0,0,0,0,0,0,1,0,0,0
7/1/2022,CZE,935,Czech Republic,-8.129887,1,2022q3,2022,750,0,1,1,0,1,0,0,0,0,0,0,0,1,0,0,0
10/1/2022,CZE,935,Czech Republic,-3.917057,1,2022q4,2022,753,0,1,1,0,1,0,0,0,0,0,0,0,1,0,0,0
1/1/2023,CZE,935,Czech Republic,-1.422597,1,2023q1,2023,756,0,1,1,0,1,0,0,0,0,0,0,0,1,0,0,0
4/1/2023,CZE,935,Czech Republic,-1.193177,1,2023q2,2023,759,0,1,1,0,1,0,0,0,0,0,0,0,1,0,0,0
7/1/2023,CZE,935,Czech Republic,0.4535531,1,2023q3,2023,762,0,1,1,0,1,0,0,0,0,0,0,0,1,0,0,0
10/1/2023,CZE,935,Czech Republic,0.9691421,1,2023q4,2023,765,0,1,1,0,1,0,0,0,0,0,0,0,1,0,0,0
1/1/2024,CZE,935,Czech Republic,2.396837,1,2024q1,2024,768,0,1,1,0,1,0,0,0,0,0,0,0,1,0,0,0
4/1/2024,CZE,935,Czech Republic,0.3927501,1,2024q2,2024,771,0,1,1,0,1,0,0,0,0,0,0,0,1,0,0,0
7/1/2024,CZE,935,Czech Republic,2.572385,1,2024q3,2024,774,0,1,1,0,1,0,0,0,0,0,0,0,1,0,0,0
10/1/2024,CZE,935,Czech Republic,3.25518,1,2024q4,2024,777,0,1,1,0,1,0,0,0,0,0,0,0,1,0,0,0
1/1/1993,SVK,936,Slovak Republic,0.35326721,4,1993q1,1993,396,0,1,1,0,1,0,0,0,0,0,0,0,0,0,0,0
4/1/1993,SVK,936,Slovak Republic,-6.5175284,4,1993q2,1993,399,0,1,1,0,1,0,0,0,0,0,0,0,0,0,0,0
7/1/1993,SVK,936,Slovak Republic,-2.9251053,4,1993q3,1993,402,0,1,1,0,1,0,0,0,0,0,0,0,0,0,0,0
10/1/1993,SVK,936,Slovak Republic,-6.6137463,4,1993q4,1993,405,0,1,1,0,1,0,0,0,0,0,0,0,0,0,0,0
1/1/1994,SVK,936,Slovak Republic,-1.1252369,4,1994q1,1994,408,0,1,1,0,1,0,0,0,0,0,0,0,0,0,0,0
4/1/1994,SVK,936,Slovak Republic,5.4579252,4,1994q2,1994,411,0,1,1,0,1,0,0,0,0,0,0,0,0,0,0,0
7/1/1994,SVK,936,Slovak Republic,2.5196301,4,1994q3,1994,414,0,1,1,0,1,0,0,0,0,0,0,0,0,0,0,0
10/1/1994,SVK,936,Slovak Republic,11.873868,4,1994q4,1994,417,0,1,1,0,1,0,0,0,0,0,0,0,0,0,0,0
1/1/1995,SVK,936,Slovak Republic,2.3577868,4,1995q1,1995,420,0,1,1,0,1,0,0,0,0,0,0,0,0,0,0,0
4/1/1995,SVK,936,Slovak Republic,3.2177498,4,1995q2,1995,423,0,1,1,0,1,0,0,0,0,0,0,0,0,0,0,0
7/1/1995,SVK,936,Slovak Republic,1.7627092,4,1995q3,1995,426,0,1,1,0,1,0,0,0,0,0,0,0,0,0,0,0
10/1/1995,SVK,936,Slovak Republic,2.0027541,4,1995q4,1995,429,0,1,1,0,1,0,0,0,0,0,0,0,0,0,0,0
1/1/1996,SVK,936,Slovak Republic,-9.5825132,4,1996q1,1996,432,0,1,1,0,1,0,0,0,0,0,0,0,0,0,0,0
4/1/1996,SVK,936,Slovak Republic,-6.963967,4,1996q2,1996,435,0,1,1,0,1,0,0,0,0,0,0,0,0,0,0,0
7/1/1996,SVK,936,Slovak Republic,-9.6399777,4,1996q3,1996,438,0,1,1,0,1,0,0,0,0,0,0,0,0,0,0,0
10/1/1996,SVK,936,Slovak Republic,-11.890001,4,1996q4,1996,441,0,1,1,0,1,0,0,0,0,0,0,0,0,0,0,0
1/1/1997,SVK,936,Slovak Republic,-11.529322,4,1997q1,1997,444,0,1,1,0,1,0,0,0,0,0,0,0,0,0,0,0
4/1/1997,SVK,936,Slovak Republic,-10.003218,4,1997q2,1997,447,0,1,1,0,1,0,0,0,0,0,0,0,0,0,0,0
7/1/1997,SVK,936,Slovak Republic,-8.8428857,4,1997q3,1997,450,0,1,1,0,1,0,0,0,0,0,0,0,0,0,0,0
10/1/1997,SVK,936,Slovak Republic,-4.7069851,4,1997q4,1997,453,0,1,1,0,1,0,0,0,0,0,0,0,0,0,0,0
1/1/1998,SVK,936,Slovak Republic,-9.3900055,4,1998q1,1998,456,0,1,1,0,1,0,0,0,0,0,0,0,0,0,0,0
4/1/1998,SVK,936,Slovak Republic,-10.571732,4,1998q2,1998,459,0,1,1,0,1,0,0,0,0,0,0,0,0,0,0,0
7/1/1998,SVK,936,Slovak Republic,-9.6615874,4,1998q3,1998,462,0,1,1,0,1,0,0,0,0,0,0,0,0,0,0,0
10/1/1998,SVK,936,Slovak Republic,-6.2006068,4,1998q4,1998,465,0,1,1,0,1,0,0,0,0,0,0,0,0,0,0,0
1/1/1999,SVK,936,Slovak Republic,-5.8442184,4,1999q1,1999,468,0,1,1,0,1,0,0,0,0,0,0,0,0,0,0,0
4/1/1999,SVK,936,Slovak Republic,-7.6823789,4,1999q2,1999,471,0,1,1,0,1,0,0,0,0,0,0,0,0,0,0,0
7/1/1999,SVK,936,Slovak Republic,-3.7425816,4,1999q3,1999,474,0,1,1,0,1,0,0,0,0,0,0,0,0,0,0,0
10/1/1999,SVK,936,Slovak Republic,-2.3523354,4,1999q4,1999,477,0,1,1,0,1,0,0,0,0,0,0,0,0,0,0,0
1/1/2000,SVK,936,Slovak Republic,-2.5408541,4,2000q1,2000,480,0,1,1,0,1,0,0,0,0,0,0,0,0,0,0,0
4/1/2000,SVK,936,Slovak Republic,-0.84584653,4,2000q2,2000,483,0,1,1,0,1,0,0,0,0,0,0,0,0,0,0,0
7/1/2000,SVK,936,Slovak Republic,-2.7173765,4,2000q3,2000,486,0,1,1,0,1,0,0,0,0,0,0,0,0,0,0,0
10/1/2000,SVK,936,Slovak Republic,-6.8242945,4,2000q4,2000,489,0,1,1,0,1,0,0,0,0,0,0,0,0,0,0,0
1/1/2001,SVK,936,Slovak Republic,-7.9792044,4,2001q1,2001,492,0,1,1,0,1,0,0,0,0,0,0,0,0,0,0,0
4/1/2001,SVK,936,Slovak Republic,-8.1924973,4,2001q2,2001,495,0,1,1,0,1,0,0,0,0,0,0,0,0,0,0,0
7/1/2001,SVK,936,Slovak Republic,-7.5857713,4,2001q3,2001,498,0,1,1,0,1,0,0,0,0,0,0,0,0,0,0,0
10/1/2001,SVK,936,Slovak Republic,-9.1029406,4,2001q4,2001,501,0,1,1,0,1,0,0,0,0,0,0,0,0,0,0,0
1/1/2002,SVK,936,Slovak Republic,-7.7105481,4,2002q1,2002,504,0,1,1,0,1,0,0,0,0,0,0,0,0,0,0,0
4/1/2002,SVK,936,Slovak Republic,-7.6165724,4,2002q2,2002,507,0,1,1,0,1,0,0,0,0,0,0,0,0,0,0,0
7/1/2002,SVK,936,Slovak Republic,-6.9320436,4,2002q3,2002,510,0,1,1,0,1,0,0,0,0,0,0,0,0,0,0,0
10/1/2002,SVK,936,Slovak Republic,-7.9160483,4,2002q4,2002,513,0,1,1,0,1,0,0,0,0,0,0,0,0,0,0,0
1/1/2003,SVK,936,Slovak Republic,-8.8235672,4,2003q1,2003,516,0,1,1,0,1,0,0,0,0,0,0,0,0,0,0,0
4/1/2003,SVK,936,Slovak Republic,-5.0254561,4,2003q2,2003,519,0,1,1,0,1,0,0,0,0,0,0,0,0,0,0,0
7/1/2003,SVK,936,Slovak Republic,-6.1085437,4,2003q3,2003,522,0,1,1,0,1,0,0,0,0,0,0,0,0,0,0,0
10/1/2003,SVK,936,Slovak Republic,-3.3658667,4,2003q4,2003,525,0,1,1,0,1,0,0,0,0,0,0,0,0,0,0,0
1/1/2004,SVK,936,Slovak Republic,-6.611397,1,2004q1,2004,528,0,1,1,0,1,0,0,0,0,0,0,0,0,0,0,0
4/1/2004,SVK,936,Slovak Republic,-7.268898,1,2004q2,2004,531,0,1,1,0,1,0,0,0,0,0,0,0,0,0,0,0
7/1/2004,SVK,936,Slovak Republic,-9.283442,1,2004q3,2004,534,0,1,1,0,1,0,0,0,0,0,0,0,0,0,0,0
10/1/2004,SVK,936,Slovak Republic,-6.787247,1,2004q4,2004,537,0,1,1,0,1,0,0,0,0,0,0,0,0,0,0,0
1/1/2005,SVK,936,Slovak Republic,-7.413333,1,2005q1,2005,540,0,1,1,0,1,0,0,0,0,0,0,0,0,0,0,0
4/1/2005,SVK,936,Slovak Republic,-8.683241,1,2005q2,2005,543,0,1,1,0,1,0,0,0,0,0,0,0,0,0,0,0
7/1/2005,SVK,936,Slovak Republic,-4.569961,1,2005q3,2005,546,0,1,1,0,1,0,0,0,0,0,0,0,0,0,0,0
10/1/2005,SVK,936,Slovak Republic,-11.32868,1,2005q4,2005,549,0,1,1,0,1,0,0,0,0,0,0,0,0,0,0,0
1/1/2006,SVK,936,Slovak Republic,-9.271654,1,2006q1,2006,552,0,1,1,0,1,0,0,0,0,0,0,0,0,0,0,0
4/1/2006,SVK,936,Slovak Republic,-5.751742,1,2006q2,2006,555,0,1,1,0,1,0,0,0,0,0,0,0,0,0,0,0
7/1/2006,SVK,936,Slovak Republic,-10.13945,1,2006q3,2006,558,0,1,1,0,1,0,0,0,0,0,0,0,0,0,0,0
10/1/2006,SVK,936,Slovak Republic,-5.061609,1,2006q4,2006,561,0,1,1,0,1,0,0,0,0,0,0,0,0,0,0,0
1/1/2007,SVK,936,Slovak Republic,-4.221111,1,2007q1,2007,564,0,1,1,0,1,0,0,0,0,0,0,0,0,0,0,0
4/1/2007,SVK,936,Slovak Republic,-4.745988,1,2007q2,2007,567,0,1,1,0,1,0,0,0,0,0,0,0,0,0,0,0
7/1/2007,SVK,936,Slovak Republic,-4.843203,1,2007q3,2007,570,0,1,1,0,1,0,0,0,0,0,0,0,0,0,0,0
10/1/2007,SVK,936,Slovak Republic,-5.586232,1,2007q4,2007,573,0,1,1,0,1,0,0,0,0,0,0,0,0,0,0,0
1/1/2008,SVK,936,Slovak Republic,-6.952539,1,2008q1,2008,576,0,1,1,0,1,0,0,0,0,0,0,0,0,0,0,0
4/1/2008,SVK,936,Slovak Republic,-10.13178,1,2008q2,2008,579,0,1,1,0,1,0,0,0,0,0,0,0,0,0,0,0
7/1/2008,SVK,936,Slovak Republic,-3.541178,1,2008q3,2008,582,0,1,1,0,1,0,0,0,0,0,0,0,0,0,0,0
10/1/2008,SVK,936,Slovak Republic,-4.661546,1,2008q4,2008,585,0,1,1,0,1,0,0,0,0,0,0,0,0,0,0,0
1/1/2009,SVK,936,Slovak Republic,-9.697133,1,2009q1,2009,588,0,1,1,0,1,0,0,0,0,0,0,0,0,0,1,1
4/1/2009,SVK,936,Slovak Republic,-3.706303,1,2009q2,2009,591,0,1,1,0,1,0,0,0,0,0,0,0,0,0,1,0
7/1/2009,SVK,936,Slovak Republic,-0.7585947,1,2009q3,2009,594,0,1,1,0,1,0,0,0,0,0,0,0,0,0,1,0
10/1/2009,SVK,936,Slovak Republic,-1.843118,1,2009q4,2009,597,0,1,1,0,1,0,0,0,0,0,0,0,0,0,1,0
1/1/2010,SVK,936,Slovak Republic,-4.946334,1,2010q1,2010,600,0,1,1,0,1,0,0,0,0,0,0,0,0,0,1,0
4/1/2010,SVK,936,Slovak Republic,-3.398831,1,2010q2,2010,603,0,1,1,0,1,0,0,0,0,0,0,0,0,0,1,0
7/1/2010,SVK,936,Slovak Republic,-6.279913,1,2010q3,2010,606,0,1,1,0,1,0,0,0,0,0,0,0,0,0,1,0
10/1/2010,SVK,936,Slovak Republic,-3.955255,1,2010q4,2010,609,0,1,1,0,1,0,0,0,0,0,0,0,0,0,1,0
1/1/2011,SVK,936,Slovak Republic,-4.389966,1,2011q1,2011,612,0,1,1,0,1,0,0,0,0,0,0,0,0,0,1,0
4/1/2011,SVK,936,Slovak Republic,-7.761509,1,2011q2,2011,615,0,1,1,0,1,0,0,0,0,0,0,0,0,0,1,0
7/1/2011,SVK,936,Slovak Republic,-4.60413,1,2011q3,2011,618,0,1,1,0,1,0,0,0,0,0,0,0,0,0,1,0
10/1/2011,SVK,936,Slovak Republic,-1.937462,1,2011q4,2011,621,0,1,1,0,1,0,0,0,0,0,0,0,0,0,1,0
1/1/2012,SVK,936,Slovak Republic,-0.7322409,1,2012q1,2012,624,0,1,1,0,1,0,0,0,0,0,0,0,0,0,1,0
4/1/2012,SVK,936,Slovak Republic,0.3693433,1,2012q2,2012,627,0,1,1,0,1,0,0,0,0,0,0,0,0,0,1,0
7/1/2012,SVK,936,Slovak Republic,0.7842181,1,2012q3,2012,630,0,1,1,0,1,0,0,0,0,0,0,0,0,0,1,0
10/1/2012,SVK,936,Slovak Republic,3.127621,1,2012q4,2012,633,0,1,1,0,1,0,0,0,0,0,0,0,0,0,1,0
1/1/2013,SVK,936,Slovak Republic,1.545603,1,2013q1,2013,636,0,1,1,0,1,0,0,0,0,0,0,0,0,0,1,0
4/1/2013,SVK,936,Slovak Republic,3.762711,1,2013q2,2013,639,0,1,1,0,1,0,0,0,0,0,0,0,0,0,1,0
7/1/2013,SVK,936,Slovak Republic,3.176077,1,2013q3,2013,642,0,1,1,0,1,0,0,0,0,0,0,0,0,0,1,0
10/1/2013,SVK,936,Slovak Republic,2.096311,1,2013q4,2013,645,0,1,1,0,1,0,0,0,0,0,0,0,0,0,1,0
1/1/2014,SVK,936,Slovak Republic,1.442747,1,2014q1,2014,648,0,1,1,0,1,0,0,0,0,0,0,0,0,0,1,0
4/1/2014,SVK,936,Slovak Republic,1.891562,1,2014q2,2014,651,0,1,1,0,1,0,0,0,0,0,0,0,0,0,1,0
7/1/2014,SVK,936,Slovak Republic,1.658879,1,2014q3,2014,654,0,1,1,0,1,0,0,0,0,0,0,0,0,0,1,0
10/1/2014,SVK,936,Slovak Republic,1.402908,1,2014q4,2014,657,0,1,1,0,1,0,0,0,0,0,0,0,0,0,1,0
1/1/2015,SVK,936,Slovak Republic,-0.7735362,1,2015q1,2015,660,0,1,1,0,1,0,0,0,0,0,0,0,0,0,1,0
4/1/2015,SVK,936,Slovak Republic,-2.511419,1,2015q2,2015,663,0,1,1,0,1,0,0,0,0,0,0,0,0,0,1,0
7/1/2015,SVK,936,Slovak Republic,-2.676797,1,2015q3,2015,666,0,1,1,0,1,0,0,0,0,0,0,0,0,0,1,0
10/1/2015,SVK,936,Slovak Republic,-2.073215,1,2015q4,2015,669,0,1,1,0,1,0,0,0,0,0,0,0,0,0,1,0
1/1/2016,SVK,936,Slovak Republic,-0.5928101,1,2016q1,2016,672,0,1,1,0,1,0,0,0,0,0,0,0,0,0,1,0
4/1/2016,SVK,936,Slovak Republic,-0.6042759,1,2016q2,2016,675,0,1,1,0,1,0,0,0,0,0,0,0,0,0,1,0
7/1/2016,SVK,936,Slovak Republic,-1.048766,1,2016q3,2016,678,0,1,1,0,1,0,0,0,0,0,0,0,0,0,1,0
10/1/2016,SVK,936,Slovak Republic,-3.13783,1,2016q4,2016,681,0,1,1,0,1,0,0,0,0,0,0,0,0,0,1,0
1/1/2017,SVK,936,Slovak Republic,-3.529145,1,2017q1,2017,684,0,1,1,0,1,0,0,0,0,0,0,0,0,0,1,0
4/1/2017,SVK,936,Slovak Republic,-2.852145,1,2017q2,2017,687,0,1,1,0,1,0,0,0,0,0,0,0,0,0,1,0
7/1/2017,SVK,936,Slovak Republic,-1.486122,1,2017q3,2017,690,0,1,1,0,1,0,0,0,0,0,0,0,0,0,1,0
10/1/2017,SVK,936,Slovak Republic,0.5748791,1,2017q4,2017,693,0,1,1,0,1,0,0,0,0,0,0,0,0,0,1,0
1/1/2018,SVK,936,Slovak Republic,-1.11694,1,2018q1,2018,696,0,1,1,0,1,0,0,0,0,0,0,0,0,0,1,0
4/1/2018,SVK,936,Slovak Republic,-1.532779,1,2018q2,2018,699,0,1,1,0,1,0,0,0,0,0,0,0,0,0,1,0
7/1/2018,SVK,936,Slovak Republic,-0.6555621,1,2018q3,2018,702,0,1,1,0,1,0,0,0,0,0,0,0,0,0,1,0
10/1/2018,SVK,936,Slovak Republic,-3.070494,1,2018q4,2018,705,0,1,1,0,1,0,0,0,0,0,0,0,0,0,1,0
1/1/2019,SVK,936,Slovak Republic,-1.74269,1,2019q1,2019,708,0,1,1,0,1,0,0,0,0,0,0,0,0,0,1,0
4/1/2019,SVK,936,Slovak Republic,-4.190377,1,2019q2,2019,711,0,1,1,0,1,0,0,0,0,0,0,0,0,0,1,0
7/1/2019,SVK,936,Slovak Republic,-4.886206,1,2019q3,2019,714,0,1,1,0,1,0,0,0,0,0,0,0,0,0,1,0
10/1/2019,SVK,936,Slovak Republic,-2.601222,1,2019q4,2019,717,0,1,1,0,1,0,0,0,0,0,0,0,0,0,1,0
1/1/2020,SVK,936,Slovak Republic,-2.793424,1,2020q1,2020,720,0,1,1,0,1,0,0,0,0,0,0,0,0,0,1,0
4/1/2020,SVK,936,Slovak Republic,-1.703211,1,2020q2,2020,723,0,1,1,0,1,0,0,0,0,0,0,0,0,0,1,0
7/1/2020,SVK,936,Slovak Republic,1.148375,1,2020q3,2020,726,0,1,1,0,1,0,0,0,0,0,0,0,0,0,1,0
10/1/2020,SVK,936,Slovak Republic,-0.2407831,1,2020q4,2020,729,0,1,1,0,1,0,0,0,0,0,0,0,0,0,1,0
1/1/2021,SVK,936,Slovak Republic,-0.9895618,1,2021q1,2021,732,0,1,1,0,1,0,0,0,0,0,0,0,0,0,1,0
4/1/2021,SVK,936,Slovak Republic,-5.911296,1,2021q2,2021,735,0,1,1,0,1,0,0,0,0,0,0,0,0,0,1,0
7/1/2021,SVK,936,Slovak Republic,-6.372149,1,2021q3,2021,738,0,1,1,0,1,0,0,0,0,0,0,0,0,0,1,0
10/1/2021,SVK,936,Slovak Republic,-5.242316,1,2021q4,2021,741,0,1,1,0,1,0,0,0,0,0,0,0,0,0,1,0
1/1/2022,SVK,936,Slovak Republic,-10.52417,1,2022q1,2022,744,0,1,1,0,1,0,0,0,0,0,0,0,0,0,1,0
4/1/2022,SVK,936,Slovak Republic,-9.280468,1,2022q2,2022,747,0,1,1,0,1,0,0,0,0,0,0,0,0,0,1,0
7/1/2022,SVK,936,Slovak Republic,-9.321592,1,2022q3,2022,750,0,1,1,0,1,0,0,0,0,0,0,0,0,0,1,0
10/1/2022,SVK,936,Slovak Republic,-9.016554,1,2022q4,2022,753,0,1,1,0,1,0,0,0,0,0,0,0,0,0,1,0
1/1/2023,SVK,936,Slovak Republic,-2.56805,1,2023q1,2023,756,0,1,1,0,1,0,0,0,0,0,0,0,0,0,1,0
4/1/2023,SVK,936,Slovak Republic,0.2909077,1,2023q2,2023,759,0,1,1,0,1,0,0,0,0,0,0,0,0,0,1,0
7/1/2023,SVK,936,Slovak Republic,-0.7722862,1,2023q3,2023,762,0,1,1,0,1,0,0,0,0,0,0,0,0,0,1,0
10/1/2023,SVK,936,Slovak Republic,-0.353557,1,2023q4,2023,765,0,1,1,0,1,0,0,0,0,0,0,0,0,0,1,0
1/1/2024,SVK,936,Slovak Republic,-1.471198,1,2024q1,2024,768,0,1,1,0,1,0,0,0,0,0,0,0,0,0,1,0
4/1/2024,SVK,936,Slovak Republic,-3.091031,1,2024q2,2024,771,0,1,1,0,1,0,0,0,0,0,0,0,0,0,1,0
7/1/2024,SVK,936,Slovak Republic,-3.072344,1,2024q3,2024,774,0,1,1,0,1,0,0,0,0,0,0,0,0,0,1,0
10/1/2024,SVK,936,Slovak Republic,-2.786727,1,2024q4,2024,777,0,1,1,0,1,0,0,0,0,0,0,0,0,0,1,0
1/1/1993,EST,939,Estonia,6.5714069,4,1993q1,1993,396,0,1,0,0,1,0,0,0,0,0,0,0,0,0,0,0
4/1/1993,EST,939,Estonia,1.0665662,4,1993q2,1993,399,0,1,0,0,1,0,0,0,0,0,0,0,0,0,0,0
7/1/1993,EST,939,Estonia,3.2550094,4,1993q3,1993,402,0,1,0,0,1,0,0,0,0,0,0,0,0,0,0,0
10/1/1993,EST,939,Estonia,-4.9921444,4,1993q4,1993,405,0,1,0,0,1,0,0,0,0,0,0,0,0,0,0,0
1/1/1994,EST,939,Estonia,-7.3337713,4,1994q1,1994,408,0,1,0,0,1,0,0,0,0,0,0,0,0,0,0,0
4/1/1994,EST,939,Estonia,-4.3595567,4,1994q2,1994,411,0,1,0,0,1,0,0,0,0,0,0,0,0,0,0,0
7/1/1994,EST,939,Estonia,-8.6553798,4,1994q3,1994,414,0,1,0,0,1,0,0,0,0,0,0,0,0,0,0,0
10/1/1994,EST,939,Estonia,-6.7576049,4,1994q4,1994,417,0,1,0,0,1,0,0,0,0,0,0,0,0,0,0,0
1/1/1995,EST,939,Estonia,-5.274927,1,1995q1,1995,420,0,1,0,0,1,0,0,0,0,0,0,0,0,0,0,0
4/1/1995,EST,939,Estonia,-5.986194,1,1995q2,1995,423,0,1,0,0,1,0,0,0,0,0,0,0,0,0,0,0
7/1/1995,EST,939,Estonia,-0.2460749,1,1995q3,1995,426,0,1,0,0,1,0,0,0,0,0,0,0,0,0,0,0
10/1/1995,EST,939,Estonia,-4.363711,1,1995q4,1995,429,0,1,0,0,1,0,0,0,0,0,0,0,0,0,0,0
1/1/1996,EST,939,Estonia,-7.552674,1,1996q1,1996,432,0,1,0,0,1,0,0,0,0,0,0,0,0,0,0,0
4/1/1996,EST,939,Estonia,-5.97239,1,1996q2,1996,435,0,1,0,0,1,0,0,0,0,0,0,0,0,0,0,0
7/1/1996,EST,939,Estonia,-8.670701,1,1996q3,1996,438,0,1,0,0,1,0,0,0,0,0,0,0,0,0,0,0
10/1/1996,EST,939,Estonia,-10.12257,1,1996q4,1996,441,0,1,0,0,1,0,0,0,0,0,0,0,0,0,0,0
1/1/1997,EST,939,Estonia,-11.05715,1,1997q1,1997,444,0,1,0,0,1,0,0,0,0,0,0,0,0,0,0,0
4/1/1997,EST,939,Estonia,-7.337425,1,1997q2,1997,447,0,1,0,0,1,0,0,0,0,0,0,0,0,0,0,0
7/1/1997,EST,939,Estonia,-12.78048,1,1997q3,1997,450,0,1,0,0,1,0,0,0,0,0,0,0,0,0,0,0
10/1/1997,EST,939,Estonia,-11.76359,1,1997q4,1997,453,0,1,0,0,1,0,0,0,0,0,0,0,0,0,0,0
1/1/1998,EST,939,Estonia,-10.4861,1,1998q1,1998,456,0,1,0,0,1,0,0,0,0,0,0,0,0,0,0,0
4/1/1998,EST,939,Estonia,-9.398897,1,1998q2,1998,459,0,1,0,0,1,0,0,0,0,0,0,0,0,0,0,0
7/1/1998,EST,939,Estonia,-10.64635,1,1998q3,1998,462,0,1,0,0,1,0,0,0,0,0,0,0,0,0,0,0
10/1/1998,EST,939,Estonia,-3.923075,1,1998q4,1998,465,0,1,0,0,1,0,0,0,0,0,0,0,0,0,0,0
1/1/1999,EST,939,Estonia,-5.069475,1,1999q1,1999,468,0,1,0,0,1,0,0,0,0,0,0,0,0,0,0,0
4/1/1999,EST,939,Estonia,-6.116392,1,1999q2,1999,471,0,1,0,0,1,0,0,0,0,0,0,0,0,0,0,0
7/1/1999,EST,939,Estonia,-1.666103,1,1999q3,1999,474,0,1,0,0,1,0,0,0,0,0,0,0,0,0,0,0
10/1/1999,EST,939,Estonia,-4.428372,1,1999q4,1999,477,0,1,0,0,1,0,0,0,0,0,0,0,0,0,0,0
1/1/2000,EST,939,Estonia,-0.2988213,1,2000q1,2000,480,0,1,0,0,1,0,0,0,0,0,0,0,0,0,0,0
4/1/2000,EST,939,Estonia,-4.017654,1,2000q2,2000,483,0,1,0,0,1,0,0,0,0,0,0,0,0,0,0,0
7/1/2000,EST,939,Estonia,-8.729709,1,2000q3,2000,486,0,1,0,0,1,0,0,0,0,0,0,0,0,0,0,0
10/1/2000,EST,939,Estonia,-7.306765,1,2000q4,2000,489,0,1,0,0,1,0,0,0,0,0,0,0,0,0,0,0
1/1/2001,EST,939,Estonia,-5.57022,1,2001q1,2001,492,0,1,0,0,1,0,0,0,0,0,0,0,0,0,0,0
4/1/2001,EST,939,Estonia,-5.889158,1,2001q2,2001,495,0,1,0,0,1,0,0,0,0,0,0,0,0,0,0,0
7/1/2001,EST,939,Estonia,-8.765741,1,2001q3,2001,498,0,1,0,0,1,0,0,0,0,0,0,0,0,0,0,0
10/1/2001,EST,939,Estonia,-8.063067,1,2001q4,2001,501,0,1,0,0,1,0,0,0,0,0,0,0,0,0,0,0
1/1/2002,EST,939,Estonia,-12.1995,1,2002q1,2002,504,0,1,0,0,1,0,0,0,0,0,0,0,0,0,0,0
4/1/2002,EST,939,Estonia,-10.7711,1,2002q2,2002,507,0,1,0,0,1,0,0,0,0,0,0,0,0,0,0,0
7/1/2002,EST,939,Estonia,-10.64076,1,2002q3,2002,510,0,1,0,0,1,0,0,0,0,0,0,0,0,0,0,0
10/1/2002,EST,939,Estonia,-11.40409,1,2002q4,2002,513,0,1,0,0,1,0,0,0,0,0,0,0,0,0,0,0
1/1/2003,EST,939,Estonia,-13.25705,1,2003q1,2003,516,0,1,0,0,1,0,0,0,0,0,0,0,0,0,0,0
4/1/2003,EST,939,Estonia,-10.72274,1,2003q2,2003,519,0,1,0,0,1,0,0,0,0,0,0,0,0,0,0,0
7/1/2003,EST,939,Estonia,-13.57358,1,2003q3,2003,522,0,1,0,0,1,0,0,0,0,0,0,0,0,0,0,0
10/1/2003,EST,939,Estonia,-14.06051,1,2003q4,2003,525,0,1,0,0,1,0,0,0,0,0,0,0,0,0,0,0
1/1/2004,EST,939,Estonia,-13.72848,1,2004q1,2004,528,0,1,0,0,1,0,0,0,0,0,0,0,0,0,0,0
4/1/2004,EST,939,Estonia,-16.55908,1,2004q2,2004,531,0,1,0,0,1,0,0,0,0,0,0,0,0,0,0,0
7/1/2004,EST,939,Estonia,-5.014696,1,2004q3,2004,534,0,1,0,0,1,0,0,0,0,0,0,0,0,0,0,0
10/1/2004,EST,939,Estonia,-13.53149,1,2004q4,2004,537,0,1,0,0,1,0,0,0,0,0,0,0,0,0,0,0
1/1/2005,EST,939,Estonia,-5.488766,1,2005q1,2005,540,0,1,0,0,1,0,0,0,0,0,0,0,0,0,0,0
4/1/2005,EST,939,Estonia,-7.772704,1,2005q2,2005,543,0,1,0,0,1,0,0,0,0,0,0,0,0,0,0,0
7/1/2005,EST,939,Estonia,-10.96186,1,2005q3,2005,546,0,1,0,0,1,0,0,0,0,0,0,0,0,0,0,0
10/1/2005,EST,939,Estonia,-9.944476,1,2005q4,2005,549,0,1,0,0,1,0,0,0,0,0,0,0,0,0,0,0
1/1/2006,EST,939,Estonia,-13.37953,1,2006q1,2006,552,0,1,0,0,1,0,0,0,0,0,0,0,0,0,0,0
4/1/2006,EST,939,Estonia,-13.13768,1,2006q2,2006,555,0,1,0,0,1,0,0,0,0,0,0,0,0,0,0,0
7/1/2006,EST,939,Estonia,-14.80119,1,2006q3,2006,558,0,1,0,0,1,0,0,0,0,0,0,0,0,0,0,0
10/1/2006,EST,939,Estonia,-18.79305,1,2006q4,2006,561,0,1,0,0,1,0,0,0,0,0,0,0,0,0,0,0
1/1/2007,EST,939,Estonia,-17.32329,1,2007q1,2007,564,0,1,0,0,1,0,0,0,0,0,0,0,0,0,0,0
4/1/2007,EST,939,Estonia,-14.08117,1,2007q2,2007,567,0,1,0,0,1,0,0,0,0,0,0,0,0,0,0,0
7/1/2007,EST,939,Estonia,-15.76857,1,2007q3,2007,570,0,1,0,0,1,0,0,0,0,0,0,0,0,0,0,0
10/1/2007,EST,939,Estonia,-13.80751,1,2007q4,2007,573,0,1,0,0,1,0,0,0,0,0,0,0,0,0,0,0
1/1/2008,EST,939,Estonia,-11.7952,1,2008q1,2008,576,0,1,0,0,1,0,0,0,0,0,0,0,0,0,0,0
4/1/2008,EST,939,Estonia,-8.279379,1,2008q2,2008,579,0,1,0,0,1,0,0,0,0,0,0,0,0,0,0,0
7/1/2008,EST,939,Estonia,-9.218147,1,2008q3,2008,582,0,1,0,0,1,0,0,0,0,0,0,0,0,0,0,0
10/1/2008,EST,939,Estonia,-5.558406,1,2008q4,2008,585,0,1,0,0,1,0,0,0,0,0,0,0,0,0,0,0
1/1/2009,EST,939,Estonia,2.20797,1,2009q1,2009,588,0,1,0,0,1,0,0,0,0,0,0,0,0,0,0,0
4/1/2009,EST,939,Estonia,1.725183,1,2009q2,2009,591,0,1,0,0,1,0,0,0,0,0,0,0,0,0,0,0
7/1/2009,EST,939,Estonia,3.348383,1,2009q3,2009,594,0,1,0,0,1,0,0,0,0,0,0,0,0,0,0,0
10/1/2009,EST,939,Estonia,3.038535,1,2009q4,2009,597,0,1,0,0,1,0,0,0,0,0,0,0,0,0,0,0
1/1/2010,EST,939,Estonia,2.061159,1,2010q1,2010,600,0,1,0,0,1,0,0,0,0,0,0,0,0,0,0,0
4/1/2010,EST,939,Estonia,1.465601,1,2010q2,2010,603,0,1,0,0,1,0,0,0,0,0,0,0,0,0,0,0
7/1/2010,EST,939,Estonia,3.820625,1,2010q3,2010,606,0,1,0,0,1,0,0,0,0,0,0,0,0,0,0,0
10/1/2010,EST,939,Estonia,-0.7344036,1,2010q4,2010,609,0,1,0,0,1,0,0,0,0,0,0,0,0,0,0,0
1/1/2011,EST,939,Estonia,-0.7345975,1,2011q1,2011,612,0,1,0,0,1,0,0,0,0,0,0,0,0,0,1,1
4/1/2011,EST,939,Estonia,0.8090181,1,2011q2,2011,615,0,1,0,0,1,0,0,0,0,0,0,0,0,0,1,0
7/1/2011,EST,939,Estonia,3.255222,1,2011q3,2011,618,0,1,0,0,1,0,0,0,0,0,0,0,0,0,1,0
10/1/2011,EST,939,Estonia,1.562835,1,2011q4,2011,621,0,1,0,0,1,0,0,0,0,0,0,0,0,0,1,0
1/1/2012,EST,939,Estonia,1.214415,1,2012q1,2012,624,0,1,0,0,1,0,0,0,0,0,0,0,0,0,1,0
4/1/2012,EST,939,Estonia,-2.999343,1,2012q2,2012,627,0,1,0,0,1,0,0,0,0,0,0,0,0,0,1,0
7/1/2012,EST,939,Estonia,-3.911948,1,2012q3,2012,630,0,1,0,0,1,0,0,0,0,0,0,0,0,0,1,0
10/1/2012,EST,939,Estonia,-1.470019,1,2012q4,2012,633,0,1,0,0,1,0,0,0,0,0,0,0,0,0,1,0
1/1/2013,EST,939,Estonia,0.8518452,1,2013q1,2013,636,0,1,0,0,1,0,0,0,0,0,0,0,0,0,1,0
4/1/2013,EST,939,Estonia,0.4590876,1,2013q2,2013,639,0,1,0,0,1,0,0,0,0,0,0,0,0,0,1,0
7/1/2013,EST,939,Estonia,-1.377892,1,2013q3,2013,642,0,1,0,0,1,0,0,0,0,0,0,0,0,0,1,0
10/1/2013,EST,939,Estonia,-0.1244801,1,2013q4,2013,645,0,1,0,0,1,0,0,0,0,0,0,0,0,0,1,0
1/1/2014,EST,939,Estonia,-1.278942,1,2014q1,2014,648,0,1,0,0,1,0,0,0,0,0,0,0,0,0,1,0
4/1/2014,EST,939,Estonia,1.049641,1,2014q2,2014,651,0,1,0,0,1,0,0,0,0,0,0,0,0,0,1,0
7/1/2014,EST,939,Estonia,0.124443,1,2014q3,2014,654,0,1,0,0,1,0,0,0,0,0,0,0,0,0,1,0
10/1/2014,EST,939,Estonia,2.449066,1,2014q4,2014,657,0,1,0,0,1,0,0,0,0,0,0,0,0,0,1,0
1/1/2015,EST,939,Estonia,0.06299258,1,2015q1,2015,660,0,1,0,0,1,0,0,0,0,0,0,0,0,0,1,0
4/1/2015,EST,939,Estonia,3.542414,1,2015q2,2015,663,0,1,0,0,1,0,0,0,0,0,0,0,0,0,1,0
7/1/2015,EST,939,Estonia,1.610599,1,2015q3,2015,666,0,1,0,0,1,0,0,0,0,0,0,0,0,0,1,0
10/1/2015,EST,939,Estonia,0.4556454,1,2015q4,2015,669,0,1,0,0,1,0,0,0,0,0,0,0,0,0,1,0
1/1/2016,EST,939,Estonia,-1.128359,1,2016q1,2016,672,0,1,0,0,1,0,0,0,0,0,0,0,0,0,1,0
4/1/2016,EST,939,Estonia,1.7515,1,2016q2,2016,675,0,1,0,0,1,0,0,0,0,0,0,0,0,0,1,0
7/1/2016,EST,939,Estonia,2.769056,1,2016q3,2016,678,0,1,0,0,1,0,0,0,0,0,0,0,0,0,1,0
10/1/2016,EST,939,Estonia,0.254334,1,2016q4,2016,681,0,1,0,0,1,0,0,0,0,0,0,0,0,0,1,0
1/1/2017,EST,939,Estonia,3.081088,1,2017q1,2017,684,0,1,0,0,1,0,0,0,0,0,0,0,0,0,1,0
4/1/2017,EST,939,Estonia,1.369221,1,2017q2,2017,687,0,1,0,0,1,0,0,0,0,0,0,0,0,0,1,0
7/1/2017,EST,939,Estonia,1.333002,1,2017q3,2017,690,0,1,0,0,1,0,0,0,0,0,0,0,0,0,1,0
10/1/2017,EST,939,Estonia,1.379042,1,2017q4,2017,693,0,1,0,0,1,0,0,0,0,0,0,0,0,0,1,0
1/1/2018,EST,939,Estonia,1.725651,1,2018q1,2018,696,0,1,0,0,1,0,0,0,0,0,0,0,0,0,1,0
4/1/2018,EST,939,Estonia,2.078455,1,2018q2,2018,699,0,1,0,0,1,0,0,0,0,0,0,0,0,0,1,0
7/1/2018,EST,939,Estonia,-1.072741,1,2018q3,2018,702,0,1,0,0,1,0,0,0,0,0,0,0,0,0,1,0
10/1/2018,EST,939,Estonia,-0.2314325,1,2018q4,2018,705,0,1,0,0,1,0,0,0,0,0,0,0,0,0,1,0
1/1/2019,EST,939,Estonia,2.460315,1,2019q1,2019,708,0,1,0,0,1,0,0,0,0,0,0,0,0,0,1,0
4/1/2019,EST,939,Estonia,2.760789,1,2019q2,2019,711,0,1,0,0,1,0,0,0,0,0,0,0,0,0,1,0
7/1/2019,EST,939,Estonia,1.248841,1,2019q3,2019,714,0,1,0,0,1,0,0,0,0,0,0,0,0,0,1,0
10/1/2019,EST,939,Estonia,1.691895,1,2019q4,2019,717,0,1,0,0,1,0,0,0,0,0,0,0,0,0,1,0
1/1/2020,EST,939,Estonia,3.108416,1,2020q1,2020,720,0,1,0,0,1,0,0,0,0,0,0,0,0,0,1,0
4/1/2020,EST,939,Estonia,3.90256,1,2020q2,2020,723,0,1,0,0,1,0,0,0,0,0,0,0,0,0,1,0
7/1/2020,EST,939,Estonia,-3.277025,1,2020q3,2020,726,0,1,0,0,1,0,0,0,0,0,0,0,0,0,1,0
10/1/2020,EST,939,Estonia,-12.44529,1,2020q4,2020,729,0,1,0,0,1,0,0,0,0,0,0,0,0,0,1,0
1/1/2021,EST,939,Estonia,-6.544168,1,2021q1,2021,732,0,1,0,0,1,0,0,0,0,0,0,0,0,0,1,0
4/1/2021,EST,939,Estonia,-9.760205,1,2021q2,2021,735,0,1,0,0,1,0,0,0,0,0,0,0,0,0,1,0
7/1/2021,EST,939,Estonia,-3.31437,1,2021q3,2021,738,0,1,0,0,1,0,0,0,0,0,0,0,0,0,1,0
10/1/2021,EST,939,Estonia,4.224936,1,2021q4,2021,741,0,1,0,0,1,0,0,0,0,0,0,0,0,0,1,0
1/1/2022,EST,939,Estonia,-2.649345,1,2022q1,2022,744,0,1,0,0,1,0,0,0,0,0,0,0,0,0,1,0
4/1/2022,EST,939,Estonia,-4.900271,1,2022q2,2022,747,0,1,0,0,1,0,0,0,0,0,0,0,0,0,1,0
7/1/2022,EST,939,Estonia,-3.679168,1,2022q3,2022,750,0,1,0,0,1,0,0,0,0,0,0,0,0,0,1,0
10/1/2022,EST,939,Estonia,-3.785656,1,2022q4,2022,753,0,1,0,0,1,0,0,0,0,0,0,0,0,0,1,0
1/1/2023,EST,939,Estonia,-1.094821,1,2023q1,2023,756,0,1,0,0,1,0,0,0,0,0,0,0,0,0,1,0
4/1/2023,EST,939,Estonia,-1.572573,1,2023q2,2023,759,0,1,0,0,1,0,0,0,0,0,0,0,0,0,1,0
7/1/2023,EST,939,Estonia,-5.867415,1,2023q3,2023,762,0,1,0,0,1,0,0,0,0,0,0,0,0,0,1,0
10/1/2023,EST,939,Estonia,0.5535345,1,2023q4,2023,765,0,1,0,0,1,0,0,0,0,0,0,0,0,0,1,0
1/1/2024,EST,939,Estonia,-0.791278,1,2024q1,2024,768,0,1,0,0,1,0,0,0,0,0,0,0,0,0,1,0
4/1/2024,EST,939,Estonia,-1.17171,1,2024q2,2024,771,0,1,0,0,1,0,0,0,0,0,0,0,0,0,1,0
7/1/2024,EST,939,Estonia,-3.204632,1,2024q3,2024,774,0,1,0,0,1,0,0,0,0,0,0,0,0,0,1,0
10/1/2024,EST,939,Estonia,0.083893,1,2024q4,2024,777,0,1,0,0,1,0,0,0,0,0,0,0,0,0,1,0
1/1/1993,LVA,941,Latvia,24.636431,4,1993q1,1993,396,0,1,0,0,1,0,0,0,0,0,0,0,0,0,0,0
4/1/1993,LVA,941,Latvia,17.376158,4,1993q2,1993,399,0,1,0,0,1,0,0,0,0,0,0,0,0,0,0,0
7/1/1993,LVA,941,Latvia,12.442632,4,1993q3,1993,402,0,1,0,0,1,0,0,0,0,0,0,0,0,0,0,0
10/1/1993,LVA,941,Latvia,13.390456,4,1993q4,1993,405,0,1,0,0,1,0,0,0,0,0,0,0,0,0,0,0
1/1/1994,LVA,941,Latvia,5.9222122,4,1994q1,1994,408,0,1,0,0,1,0,0,0,0,0,0,0,0,0,0,0
4/1/1994,LVA,941,Latvia,5.2012488,4,1994q2,1994,411,0,1,0,0,1,0,0,0,0,0,0,0,0,0,0,0
7/1/1994,LVA,941,Latvia,11.758073,4,1994q3,1994,414,0,1,0,0,1,0,0,0,0,0,0,0,0,0,0,0
10/1/1994,LVA,941,Latvia,6.2293178,4,1994q4,1994,417,0,1,0,0,1,0,0,0,0,0,0,0,0,0,0,0
1/1/1995,LVA,941,Latvia,1.1246735,4,1995q1,1995,420,0,1,0,0,1,0,0,0,0,0,0,0,0,0,0,0
4/1/1995,LVA,941,Latvia,4.3945666,4,1995q2,1995,423,0,1,0,0,1,0,0,0,0,0,0,0,0,0,0,0
7/1/1995,LVA,941,Latvia,-1.5647332,4,1995q3,1995,426,0,1,0,0,1,0,0,0,0,0,0,0,0,0,0,0
10/1/1995,LVA,941,Latvia,-5.2310221,4,1995q4,1995,429,0,1,0,0,1,0,0,0,0,0,0,0,0,0,0,0
1/1/1996,LVA,941,Latvia,-5.1734207,4,1996q1,1996,432,0,1,0,0,1,0,0,0,0,0,0,0,0,0,0,0
4/1/1996,LVA,941,Latvia,-2.4398557,4,1996q2,1996,435,0,1,0,0,1,0,0,0,0,0,0,0,0,0,0,0
7/1/1996,LVA,941,Latvia,-4.3526397,4,1996q3,1996,438,0,1,0,0,1,0,0,0,0,0,0,0,0,0,0,0
10/1/1996,LVA,941,Latvia,-6.735275,4,1996q4,1996,441,0,1,0,0,1,0,0,0,0,0,0,0,0,0,0,0
1/1/1997,LVA,941,Latvia,-4.0137787,4,1997q1,1997,444,0,1,0,0,1,0,0,0,0,0,0,0,0,0,0,0
4/1/1997,LVA,941,Latvia,-8.0545081,4,1997q2,1997,447,0,1,0,0,1,0,0,0,0,0,0,0,0,0,0,0
7/1/1997,LVA,941,Latvia,-5.4477554,4,1997q3,1997,450,0,1,0,0,1,0,0,0,0,0,0,0,0,0,0,0
10/1/1997,LVA,941,Latvia,-3.4509815,4,1997q4,1997,453,0,1,0,0,1,0,0,0,0,0,0,0,0,0,0,0
1/1/1998,LVA,941,Latvia,-6.4038265,4,1998q1,1998,456,0,1,0,0,1,0,0,0,0,0,0,0,0,0,0,0
4/1/1998,LVA,941,Latvia,-7.5048874,4,1998q2,1998,459,0,1,0,0,1,0,0,0,0,0,0,0,0,0,0,0
7/1/1998,LVA,941,Latvia,-12.047293,4,1998q3,1998,462,0,1,0,0,1,0,0,0,0,0,0,0,0,0,0,0
10/1/1998,LVA,941,Latvia,-11.415935,4,1998q4,1998,465,0,1,0,0,1,0,0,0,0,0,0,0,0,0,0,0
1/1/1999,LVA,941,Latvia,-8.5049159,4,1999q1,1999,468,0,1,0,0,1,0,0,0,0,0,0,0,0,0,0,0
4/1/1999,LVA,941,Latvia,-7.9256548,4,1999q2,1999,471,0,1,0,0,1,0,0,0,0,0,0,0,0,0,0,0
7/1/1999,LVA,941,Latvia,-8.0575206,4,1999q3,1999,474,0,1,0,0,1,0,0,0,0,0,0,0,0,0,0,0
10/1/1999,LVA,941,Latvia,-9.2453689,4,1999q4,1999,477,0,1,0,0,1,0,0,0,0,0,0,0,0,0,0,0
1/1/2000,LVA,941,Latvia,-6.682635,1,2000q1,2000,480,0,1,0,0,1,0,0,0,0,0,0,0,0,0,0,0
4/1/2000,LVA,941,Latvia,-3.425792,1,2000q2,2000,483,0,1,0,0,1,0,0,0,0,0,0,0,0,0,0,0
7/1/2000,LVA,941,Latvia,-2.985197,1,2000q3,2000,486,0,1,0,0,1,0,0,0,0,0,0,0,0,0,0,0
10/1/2000,LVA,941,Latvia,-3.984393,1,2000q4,2000,489,0,1,0,0,1,0,0,0,0,0,0,0,0,0,0,0
1/1/2001,LVA,941,Latvia,-5.842596,1,2001q1,2001,492,0,1,0,0,1,0,0,0,0,0,0,0,0,0,0,0
4/1/2001,LVA,941,Latvia,-3.926053,1,2001q2,2001,495,0,1,0,0,1,0,0,0,0,0,0,0,0,0,0,0
7/1/2001,LVA,941,Latvia,-6.635857,1,2001q3,2001,498,0,1,0,0,1,0,0,0,0,0,0,0,0,0,0,0
10/1/2001,LVA,941,Latvia,-11.26239,1,2001q4,2001,501,0,1,0,0,1,0,0,0,0,0,0,0,0,0,0,0
1/1/2002,LVA,941,Latvia,-6.616051,1,2002q1,2002,504,0,1,0,0,1,0,0,0,0,0,0,0,0,0,0,0
4/1/2002,LVA,941,Latvia,-7.010231,1,2002q2,2002,507,0,1,0,0,1,0,0,0,0,0,0,0,0,0,0,0
7/1/2002,LVA,941,Latvia,-6.068629,1,2002q3,2002,510,0,1,0,0,1,0,0,0,0,0,0,0,0,0,0,0
10/1/2002,LVA,941,Latvia,-5.709929,1,2002q4,2002,513,0,1,0,0,1,0,0,0,0,0,0,0,0,0,0,0
1/1/2003,LVA,941,Latvia,-7.255455,1,2003q1,2003,516,0,1,0,0,1,0,0,0,0,0,0,0,0,0,0,0
4/1/2003,LVA,941,Latvia,-8.841859,1,2003q2,2003,519,0,1,0,0,1,0,0,0,0,0,0,0,0,0,0,0
7/1/2003,LVA,941,Latvia,-7.72818,1,2003q3,2003,522,0,1,0,0,1,0,0,0,0,0,0,0,0,0,0,0
10/1/2003,LVA,941,Latvia,-8.115685,1,2003q4,2003,525,0,1,0,0,1,0,0,0,0,0,0,0,0,0,0,0
1/1/2004,LVA,941,Latvia,-10.88305,1,2004q1,2004,528,0,1,0,0,1,0,0,0,0,0,0,0,0,0,0,0
4/1/2004,LVA,941,Latvia,-18.9157,1,2004q2,2004,531,0,1,0,0,1,0,0,0,0,0,0,0,0,0,0,0
7/1/2004,LVA,941,Latvia,-12.3691,1,2004q3,2004,534,0,1,0,0,1,0,0,0,0,0,0,0,0,0,0,0
10/1/2004,LVA,941,Latvia,-9.077858,1,2004q4,2004,537,0,1,0,0,1,0,0,0,0,0,0,0,0,0,0,0
1/1/2005,LVA,941,Latvia,-12.08364,1,2005q1,2005,540,0,1,0,0,1,0,0,0,0,0,0,0,0,0,0,0
4/1/2005,LVA,941,Latvia,-11.5281,1,2005q2,2005,543,0,1,0,0,1,0,0,0,0,0,0,0,0,0,0,0
7/1/2005,LVA,941,Latvia,-11.13067,1,2005q3,2005,546,0,1,0,0,1,0,0,0,0,0,0,0,0,0,0,0
10/1/2005,LVA,941,Latvia,-14.00292,1,2005q4,2005,549,0,1,0,0,1,0,0,0,0,0,0,0,0,0,0,0
1/1/2006,LVA,941,Latvia,-15.63436,1,2006q1,2006,552,0,1,0,0,1,0,0,0,0,0,0,0,0,0,0,0
4/1/2006,LVA,941,Latvia,-19.69115,1,2006q2,2006,555,0,1,0,0,1,0,0,0,0,0,0,0,0,0,0,0
7/1/2006,LVA,941,Latvia,-23.55636,1,2006q3,2006,558,0,1,0,0,1,0,0,0,0,0,0,0,0,0,0,0
10/1/2006,LVA,941,Latvia,-26.70344,1,2006q4,2006,561,0,1,0,0,1,0,0,0,0,0,0,0,0,0,0,0
1/1/2007,LVA,941,Latvia,-22.67644,1,2007q1,2007,564,0,1,0,0,1,0,0,0,0,0,0,0,0,0,0,0
4/1/2007,LVA,941,Latvia,-23.06658,1,2007q2,2007,567,0,1,0,0,1,0,0,0,0,0,0,0,0,0,0,0
7/1/2007,LVA,941,Latvia,-23.53209,1,2007q3,2007,570,0,1,0,0,1,0,0,0,0,0,0,0,0,0,0,0
10/1/2007,LVA,941,Latvia,-18.89755,1,2007q4,2007,573,0,1,0,0,1,0,0,0,0,0,0,0,0,0,0,0
1/1/2008,LVA,941,Latvia,-16.13656,1,2008q1,2008,576,0,1,0,0,1,0,0,0,0,0,0,0,0,0,0,0
4/1/2008,LVA,941,Latvia,-15.63801,1,2008q2,2008,579,0,1,0,0,1,0,0,0,0,0,0,0,0,0,0,0
7/1/2008,LVA,941,Latvia,-11.81472,1,2008q3,2008,582,0,1,0,0,1,0,0,0,0,0,0,0,0,0,0,0
10/1/2008,LVA,941,Latvia,-7.832712,1,2008q4,2008,585,0,1,0,0,1,0,0,0,0,0,0,0,0,0,0,0
1/1/2009,LVA,941,Latvia,0.9464456,1,2009q1,2009,588,0,1,0,0,1,0,0,0,0,0,0,0,0,0,0,0
4/1/2009,LVA,941,Latvia,12.41167,1,2009q2,2009,591,0,1,0,0,1,0,0,0,0,0,0,0,0,0,0,0
7/1/2009,LVA,941,Latvia,10.18305,1,2009q3,2009,594,0,1,0,0,1,0,0,0,0,0,0,0,0,0,0,0
10/1/2009,LVA,941,Latvia,10.59038,1,2009q4,2009,597,0,1,0,0,1,0,0,0,0,0,0,0,0,0,0,0
1/1/2010,LVA,941,Latvia,7.82121,1,2010q1,2010,600,0,1,0,0,1,0,0,0,0,0,0,0,0,0,0,0
4/1/2010,LVA,941,Latvia,4.261781,1,2010q2,2010,603,0,1,0,0,1,0,0,0,0,0,0,0,0,0,0,0
7/1/2010,LVA,941,Latvia,0.4061619,1,2010q3,2010,606,0,1,0,0,1,0,0,0,0,0,0,0,0,0,0,0
10/1/2010,LVA,941,Latvia,-1.126063,1,2010q4,2010,609,0,1,0,0,1,0,0,0,0,0,0,0,0,0,0,0
1/1/2011,LVA,941,Latvia,-0.5340461,1,2011q1,2011,612,0,1,0,0,1,0,0,0,0,0,0,0,0,0,0,0
4/1/2011,LVA,941,Latvia,-2.534647,1,2011q2,2011,615,0,1,0,0,1,0,0,0,0,0,0,0,0,0,0,0
7/1/2011,LVA,941,Latvia,-5.787288,1,2011q3,2011,618,0,1,0,0,1,0,0,0,0,0,0,0,0,0,0,0
10/1/2011,LVA,941,Latvia,-2.294765,1,2011q4,2011,621,0,1,0,0,1,0,0,0,0,0,0,0,0,0,0,0
1/1/2012,LVA,941,Latvia,-4.74661,1,2012q1,2012,624,0,1,0,0,1,0,0,0,0,0,0,0,0,0,0,0
4/1/2012,LVA,941,Latvia,-4.761927,1,2012q2,2012,627,0,1,0,0,1,0,0,0,0,0,0,0,0,0,0,0
7/1/2012,LVA,941,Latvia,-1.722889,1,2012q3,2012,630,0,1,0,0,1,0,0,0,0,0,0,0,0,0,0,0
10/1/2012,LVA,941,Latvia,-2.470992,1,2012q4,2012,633,0,1,0,0,1,0,0,0,0,0,0,0,0,0,0,0
1/1/2013,LVA,941,Latvia,-3.35105,1,2013q1,2013,636,0,1,0,0,1,0,0,0,0,0,0,0,0,0,0,0
4/1/2013,LVA,941,Latvia,-1.974586,1,2013q2,2013,639,0,1,0,0,1,0,0,0,0,0,0,0,0,0,0,0
7/1/2013,LVA,941,Latvia,-4.335946,1,2013q3,2013,642,0,1,0,0,1,0,0,0,0,0,0,0,0,0,0,0
10/1/2013,LVA,941,Latvia,-2.38165,1,2013q4,2013,645,0,1,0,0,1,0,0,0,0,0,0,0,0,0,0,0
1/1/2014,LVA,941,Latvia,-3.491959,1,2014q1,2014,648,0,1,0,0,1,0,0,0,0,0,0,0,0,0,1,1
4/1/2014,LVA,941,Latvia,-1.973364,1,2014q2,2014,651,0,1,0,0,1,0,0,0,0,0,0,0,0,0,1,0
7/1/2014,LVA,941,Latvia,-0.8221088,1,2014q3,2014,654,0,1,0,0,1,0,0,0,0,0,0,0,0,0,1,0
10/1/2014,LVA,941,Latvia,-0.449195,1,2014q4,2014,657,0,1,0,0,1,0,0,0,0,0,0,0,0,0,1,0
1/1/2015,LVA,941,Latvia,-2.126726,1,2015q1,2015,660,0,1,0,0,1,0,0,0,0,0,0,0,0,0,1,0
4/1/2015,LVA,941,Latvia,-0.456709,1,2015q2,2015,663,0,1,0,0,1,0,0,0,0,0,0,0,0,0,1,0
7/1/2015,LVA,941,Latvia,0.3331038,1,2015q3,2015,666,0,1,0,0,1,0,0,0,0,0,0,0,0,0,1,0
10/1/2015,LVA,941,Latvia,1.540094,1,2015q4,2015,669,0,1,0,0,1,0,0,0,0,0,0,0,0,0,1,0
1/1/2016,LVA,941,Latvia,1.725001,1,2016q1,2016,672,0,1,0,0,1,0,0,0,0,0,0,0,0,0,1,0
4/1/2016,LVA,941,Latvia,0.9863591,1,2016q2,2016,675,0,1,0,0,1,0,0,0,0,0,0,0,0,0,1,0
7/1/2016,LVA,941,Latvia,4.322314,1,2016q3,2016,678,0,1,0,0,1,0,0,0,0,0,0,0,0,0,1,0
10/1/2016,LVA,941,Latvia,-0.09594922,1,2016q4,2016,681,0,1,0,0,1,0,0,0,0,0,0,0,0,0,1,0
1/1/2017,LVA,941,Latvia,0.7827921,1,2017q1,2017,684,0,1,0,0,1,0,0,0,0,0,0,0,0,0,1,0
4/1/2017,LVA,941,Latvia,0.4029987,1,2017q2,2017,687,0,1,0,0,1,0,0,0,0,0,0,0,0,0,1,0
7/1/2017,LVA,941,Latvia,-0.04593777,1,2017q3,2017,690,0,1,0,0,1,0,0,0,0,0,0,0,0,0,1,0
10/1/2017,LVA,941,Latvia,3.922792,1,2017q4,2017,693,0,1,0,0,1,0,0,0,0,0,0,0,0,0,1,0
1/1/2018,LVA,941,Latvia,0.355849,1,2018q1,2018,696,0,1,0,0,1,0,0,0,0,0,0,0,0,0,1,0
4/1/2018,LVA,941,Latvia,3.913761,1,2018q2,2018,699,0,1,0,0,1,0,0,0,0,0,0,0,0,0,1,0
7/1/2018,LVA,941,Latvia,-2.954614,1,2018q3,2018,702,0,1,0,0,1,0,0,0,0,0,0,0,0,0,1,0
10/1/2018,LVA,941,Latvia,-2.572282,1,2018q4,2018,705,0,1,0,0,1,0,0,0,0,0,0,0,0,0,1,0
1/1/2019,LVA,941,Latvia,1.287319,1,2019q1,2019,708,0,1,0,0,1,0,0,0,0,0,0,0,0,0,1,0
4/1/2019,LVA,941,Latvia,0.6654658,1,2019q2,2019,711,0,1,0,0,1,0,0,0,0,0,0,0,0,0,1,0
7/1/2019,LVA,941,Latvia,-0.321086,1,2019q3,2019,714,0,1,0,0,1,0,0,0,0,0,0,0,0,0,1,0
10/1/2019,LVA,941,Latvia,-2.077422,1,2019q4,2019,717,0,1,0,0,1,0,0,0,0,0,0,0,0,0,1,0
1/1/2020,LVA,941,Latvia,0.6695538,1,2020q1,2020,720,0,1,0,0,1,0,0,0,0,0,0,0,0,0,1,0
4/1/2020,LVA,941,Latvia,6.438822,1,2020q2,2020,723,0,1,0,0,1,0,0,0,0,0,0,0,0,0,1,0
7/1/2020,LVA,941,Latvia,1.985569,1,2020q3,2020,726,0,1,0,0,1,0,0,0,0,0,0,0,0,0,1,0
10/1/2020,LVA,941,Latvia,3.116228,1,2020q4,2020,729,0,1,0,0,1,0,0,0,0,0,0,0,0,0,1,0
1/1/2021,LVA,941,Latvia,-2.191929,1,2021q1,2021,732,0,1,0,0,1,0,0,0,0,0,0,0,0,0,1,0
4/1/2021,LVA,941,Latvia,-6.693131,1,2021q2,2021,735,0,1,0,0,1,0,0,0,0,0,0,0,0,0,1,0
7/1/2021,LVA,941,Latvia,-4.475121,1,2021q3,2021,738,0,1,0,0,1,0,0,0,0,0,0,0,0,0,1,0
10/1/2021,LVA,941,Latvia,-2.475489,1,2021q4,2021,741,0,1,0,0,1,0,0,0,0,0,0,0,0,0,1,0
1/1/2022,LVA,941,Latvia,-5.480268,1,2022q1,2022,744,0,1,0,0,1,0,0,0,0,0,0,0,0,0,1,0
4/1/2022,LVA,941,Latvia,-4.691825,1,2022q2,2022,747,0,1,0,0,1,0,0,0,0,0,0,0,0,0,1,0
7/1/2022,LVA,941,Latvia,-4.272594,1,2022q3,2022,750,0,1,0,0,1,0,0,0,0,0,0,0,0,0,1,0
10/1/2022,LVA,941,Latvia,-6.153089,1,2022q4,2022,753,0,1,0,0,1,0,0,0,0,0,0,0,0,0,1,0
1/1/2023,LVA,941,Latvia,-5.415965,1,2023q1,2023,756,0,1,0,0,1,0,0,0,0,0,0,0,0,0,1,0
4/1/2023,LVA,941,Latvia,-1.996667,1,2023q2,2023,759,0,1,0,0,1,0,0,0,0,0,0,0,0,0,1,0
7/1/2023,LVA,941,Latvia,-3.906667,1,2023q3,2023,762,0,1,0,0,1,0,0,0,0,0,0,0,0,0,1,0
10/1/2023,LVA,941,Latvia,-4.168849,1,2023q4,2023,765,0,1,0,0,1,0,0,0,0,0,0,0,0,0,1,0
1/1/2024,LVA,941,Latvia,-1.36394,1,2024q1,2024,768,0,1,0,0,1,0,0,0,0,0,0,0,0,0,1,0
4/1/2024,LVA,941,Latvia,-2.384614,1,2024q2,2024,771,0,1,0,0,1,0,0,0,0,0,0,0,0,0,1,0
7/1/2024,LVA,941,Latvia,-2.402341,1,2024q3,2024,774,0,1,0,0,1,0,0,0,0,0,0,0,0,0,1,0
10/1/2024,LVA,941,Latvia,-2.528914,1,2024q4,2024,777,0,1,0,0,1,0,0,0,0,0,0,0,0,0,1,0
1/1/2013,MNE,943,Montenegro,-15.727473,2,2013q1,2013,636,0,1,0,0,0,0,0,0,0,0,0,0,0,0,0,0
4/1/2013,MNE,943,Montenegro,-14.541568,2,2013q2,2013,639,0,1,0,0,0,0,0,0,0,0,0,0,0,0,0,0
7/1/2013,MNE,943,Montenegro,-14.962112,2,2013q3,2013,642,0,1,0,0,0,0,0,0,0,0,0,0,0,0,0,0
10/1/2013,MNE,943,Montenegro,-15.470176,2,2013q4,2013,645,0,1,0,0,0,0,0,0,0,0,0,0,0,0,0,0
1/1/2014,MNE,943,Montenegro,-15.086185,2,2014q1,2014,648,0,1,0,0,0,0,0,0,0,0,0,0,0,0,0,0
4/1/2014,MNE,943,Montenegro,-15.668604,2,2014q2,2014,651,0,1,0,0,0,0,0,0,0,0,0,0,0,0,0,0
7/1/2014,MNE,943,Montenegro,-17.105181,2,2014q3,2014,654,0,1,0,0,0,0,0,0,0,0,0,0,0,0,0,0
10/1/2014,MNE,943,Montenegro,-14.85329,2,2014q4,2014,657,0,1,0,0,0,0,0,0,0,0,0,0,0,0,0,0
1/1/2015,MNE,943,Montenegro,-14.323322,2,2015q1,2015,660,0,1,0,0,0,0,0,0,0,0,0,0,0,0,0,0
4/1/2015,MNE,943,Montenegro,-16.213222,2,2015q2,2015,663,0,1,0,0,0,0,0,0,0,0,0,0,0,0,0,0
7/1/2015,MNE,943,Montenegro,-14.967745,2,2015q3,2015,666,0,1,0,0,0,0,0,0,0,0,0,0,0,0,0,0
10/1/2015,MNE,943,Montenegro,-19.66329,2,2015q4,2015,669,0,1,0,0,0,0,0,0,0,0,0,0,0,0,0,0
1/1/2016,MNE,943,Montenegro,-19.517291,2,2016q1,2016,672,0,1,0,0,0,0,0,0,0,0,0,0,0,0,0,0
4/1/2016,MNE,943,Montenegro,-22.647139,2,2016q2,2016,675,0,1,0,0,0,0,0,0,0,0,0,0,0,0,0,0
7/1/2016,MNE,943,Montenegro,-19.865258,2,2016q3,2016,678,0,1,0,0,0,0,0,0,0,0,0,0,0,0,0,0
10/1/2016,MNE,943,Montenegro,-18.057778,2,2016q4,2016,681,0,1,0,0,0,0,0,0,0,0,0,0,0,0,0,0
1/1/2017,MNE,943,Montenegro,-20.623207,2,2017q1,2017,684,0,1,0,0,0,0,0,0,0,0,0,0,0,0,0,0
4/1/2017,MNE,943,Montenegro,-17.298504,2,2017q2,2017,687,0,1,0,0,0,0,0,0,0,0,0,0,0,0,0,0
7/1/2017,MNE,943,Montenegro,-19.870815,2,2017q3,2017,690,0,1,0,0,0,0,0,0,0,0,0,0,0,0,0,0
10/1/2017,MNE,943,Montenegro,-21.559166,2,2017q4,2017,693,0,1,0,0,0,0,0,0,0,0,0,0,0,0,0,0
1/1/2018,MNE,943,Montenegro,-20.114374,2,2018q1,2018,696,0,1,0,0,0,0,0,0,0,0,0,0,0,0,0,0
4/1/2018,MNE,943,Montenegro,-20.712805,2,2018q2,2018,699,0,1,0,0,0,0,0,0,0,0,0,0,0,0,0,0
7/1/2018,MNE,943,Montenegro,-21.726028,2,2018q3,2018,702,0,1,0,0,0,0,0,0,0,0,0,0,0,0,0,0
10/1/2018,MNE,943,Montenegro,-20.093559,2,2018q4,2018,705,0,1,0,0,0,0,0,0,0,0,0,0,0,0,0,0
1/1/2019,MNE,943,Montenegro,-20.196542,2,2019q1,2019,708,0,1,0,0,0,0,0,0,0,0,0,0,0,0,0,0
4/1/2019,MNE,943,Montenegro,-19.017392,2,2019q2,2019,711,0,1,0,0,0,0,0,0,0,0,0,0,0,0,0,0
7/1/2019,MNE,943,Montenegro,-18.230033,2,2019q3,2019,714,0,1,0,0,0,0,0,0,0,0,0,0,0,0,0,0
10/1/2019,MNE,943,Montenegro,-20.322337,2,2019q4,2019,717,0,1,0,0,0,0,0,0,0,0,0,0,0,0,0,0
1/1/2020,MNE,943,Montenegro,-20.809239,2,2020q1,2020,720,0,1,0,0,0,0,0,0,0,0,0,0,0,0,0,0
4/1/2020,MNE,943,Montenegro,-21.299658,2,2020q2,2020,723,0,1,0,0,0,0,0,0,0,0,0,0,0,0,0,0
7/1/2020,MNE,943,Montenegro,-44.982009,2,2020q3,2020,726,0,1,0,0,0,0,0,0,0,0,0,0,0,0,0,0
10/1/2020,MNE,943,Montenegro,-15.684632,2,2020q4,2020,729,0,1,0,0,0,0,0,0,0,0,0,0,0,0,0,0
1/1/2021,MNE,943,Montenegro,-12.243127,2,2021q1,2021,732,0,1,0,0,0,0,0,0,0,0,0,0,0,0,0,0
4/1/2021,MNE,943,Montenegro,-11.087827,2,2021q2,2021,735,0,1,0,0,0,0,0,0,0,0,0,0,0,0,0,0
7/1/2021,MNE,943,Montenegro,-11.828757,2,2021q3,2021,738,0,1,0,0,0,0,0,0,0,0,0,0,0,0,0,0
10/1/2021,MNE,943,Montenegro,-11.829827,2,2021q4,2021,741,0,1,0,0,0,0,0,0,0,0,0,0,0,0,0,0
1/1/2022,MNE,943,Montenegro,-12.493295,2,2022q1,2022,744,0,1,0,0,0,0,0,0,0,0,0,0,0,0,0,0
4/1/2022,MNE,943,Montenegro,-14.706367,2,2022q2,2022,747,0,1,0,0,0,0,0,0,0,0,0,0,0,0,0,0
7/1/2022,MNE,943,Montenegro,-15.047028,2,2022q3,2022,750,0,1,0,0,0,0,0,0,0,0,0,0,0,0,0,0
10/1/2022,MNE,943,Montenegro,-12.905098,2,2022q4,2022,753,0,1,0,0,0,0,0,0,0,0,0,0,0,0,0,0
1/1/2023,MNE,943,Montenegro,-13.516984,2,2023q1,2023,756,0,1,0,0,0,0,0,0,0,0,0,0,0,0,0,0
4/1/2023,MNE,943,Montenegro,-12.479437,2,2023q2,2023,759,0,1,0,0,0,0,0,0,0,0,0,0,0,0,0,0
7/1/2023,MNE,943,Montenegro,-14.376026,2,2023q3,2023,762,0,1,0,0,0,0,0,0,0,0,0,0,0,0,0,0
10/1/2023,MNE,943,Montenegro,-16.68143,2,2023q4,2023,765,0,1,0,0,0,0,0,0,0,0,0,0,0,0,0,0
1/1/2024,MNE,943,Montenegro,-18.873732,2,2024q1,2024,768,0,1,0,0,0,0,0,0,0,0,0,0,0,0,0,0
4/1/2024,MNE,943,Montenegro,-18.92595,2,2024q2,2024,771,0,1,0,0,0,0,0,0,0,0,0,0,0,0,0,0
7/1/2024,MNE,943,Montenegro,-19.778851,2,2024q3,2024,774,0,1,0,0,0,0,0,0,0,0,0,0,0,0,0,0
10/1/1989,HUN,944,Hungary,3.0473959,4,1989q4,1989,357,0,1,1,0,1,0,0,0,0,0,0,0,1,0,0,0
1/1/1990,HUN,944,Hungary,-0.79092997,4,1990q1,1990,360,0,1,1,0,1,0,0,0,0,0,0,0,1,0,0,0
4/1/1990,HUN,944,Hungary,2.0256015,4,1990q2,1990,363,0,1,1,0,1,0,0,0,0,0,0,0,1,0,0,0
7/1/1990,HUN,944,Hungary,1.3286911,4,1990q3,1990,366,0,1,1,0,1,0,0,0,0,0,0,0,1,0,0,0
10/1/1990,HUN,944,Hungary,2.6598598,4,1990q4,1990,369,0,1,1,0,1,0,0,0,0,0,0,0,1,0,0,0
1/1/1991,HUN,944,Hungary,5.3383479,4,1991q1,1991,372,0,1,1,0,1,0,0,0,0,0,0,0,1,0,0,0
4/1/1991,HUN,944,Hungary,-4.8929108,4,1991q2,1991,375,0,1,1,0,1,0,0,0,0,0,0,0,1,0,0,0
7/1/1991,HUN,944,Hungary,2.6708665,4,1991q3,1991,378,0,1,1,0,1,0,0,0,0,0,0,0,1,0,0,0
10/1/1991,HUN,944,Hungary,2.3253826,4,1991q4,1991,381,0,1,1,0,1,0,0,0,0,0,0,0,1,0,0,0
1/1/1992,HUN,944,Hungary,4.5658732,4,1992q1,1992,384,0,1,1,0,1,0,0,0,0,0,0,0,1,0,0,0
4/1/1992,HUN,944,Hungary,2.0098556,4,1992q2,1992,387,0,1,1,0,1,0,0,0,0,0,0,0,1,0,0,0
7/1/1992,HUN,944,Hungary,0.38310375,4,1992q3,1992,390,0,1,1,0,1,0,0,0,0,0,0,0,1,0,0,0
10/1/1992,HUN,944,Hungary,-3.0528346,4,1992q4,1992,393,0,1,1,0,1,0,0,0,0,0,0,0,1,0,0,0
1/1/1993,HUN,944,Hungary,-10.883471,4,1993q1,1993,396,0,1,1,0,1,0,0,0,0,0,0,0,1,0,0,0
4/1/1993,HUN,944,Hungary,-10.593513,4,1993q2,1993,399,0,1,1,0,1,0,0,0,0,0,0,0,1,0,0,0
7/1/1993,HUN,944,Hungary,-9.9865228,4,1993q3,1993,402,0,1,1,0,1,0,0,0,0,0,0,0,1,0,0,0
10/1/1993,HUN,944,Hungary,-17.736059,4,1993q4,1993,405,0,1,1,0,1,0,0,0,0,0,0,0,1,0,0,0
1/1/1994,HUN,944,Hungary,-8.2836702,4,1994q1,1994,408,0,1,1,0,1,0,0,0,0,0,0,0,1,0,0,0
4/1/1994,HUN,944,Hungary,-12.016486,4,1994q2,1994,411,0,1,1,0,1,0,0,0,0,0,0,0,1,0,0,0
7/1/1994,HUN,944,Hungary,-11.269338,4,1994q3,1994,414,0,1,1,0,1,0,0,0,0,0,0,0,1,0,0,0
10/1/1994,HUN,944,Hungary,-11.67378,4,1994q4,1994,417,0,1,1,0,1,0,0,0,0,0,0,0,1,0,0,0
1/1/1995,HUN,944,Hungary,-7.455937,1,1995q1,1995,420,0,1,1,0,1,0,0,0,0,0,0,0,1,0,0,0
4/1/1995,HUN,944,Hungary,-5.200405,1,1995q2,1995,423,0,1,1,0,1,0,0,0,0,0,0,0,1,0,0,0
7/1/1995,HUN,944,Hungary,-1.957409,1,1995q3,1995,426,0,1,1,0,1,0,0,0,0,0,0,0,1,0,0,0
10/1/1995,HUN,944,Hungary,-0.7983996,1,1995q4,1995,429,0,1,1,0,1,0,0,0,0,0,0,0,1,0,0,0
1/1/1996,HUN,944,Hungary,-2.564861,1,1996q1,1996,432,0,1,1,0,1,0,0,0,0,0,0,0,1,0,0,0
4/1/1996,HUN,944,Hungary,-2.992742,1,1996q2,1996,435,0,1,1,0,1,0,0,0,0,0,0,0,1,0,0,0
7/1/1996,HUN,944,Hungary,-4.65331,1,1996q3,1996,438,0,1,1,0,1,0,0,0,0,0,0,0,1,0,0,0
10/1/1996,HUN,944,Hungary,-5.739739,1,1996q4,1996,441,0,1,1,0,1,0,0,0,0,0,0,0,1,0,0,0
1/1/1997,HUN,944,Hungary,-5.096744,1,1997q1,1997,444,0,1,1,0,1,0,0,0,0,0,0,0,1,0,0,0
4/1/1997,HUN,944,Hungary,-4.439286,1,1997q2,1997,447,0,1,1,0,1,0,0,0,0,0,0,0,1,0,0,0
7/1/1997,HUN,944,Hungary,-4.595817,1,1997q3,1997,450,0,1,1,0,1,0,0,0,0,0,0,0,1,0,0,0
10/1/1997,HUN,944,Hungary,-4.276085,1,1997q4,1997,453,0,1,1,0,1,0,0,0,0,0,0,0,1,0,0,0
1/1/1998,HUN,944,Hungary,-6.262187,1,1998q1,1998,456,0,1,1,0,1,0,0,0,0,0,0,0,1,0,0,0
4/1/1998,HUN,944,Hungary,-8.098125,1,1998q2,1998,459,0,1,1,0,1,0,0,0,0,0,0,0,1,0,0,0
7/1/1998,HUN,944,Hungary,-8.237785,1,1998q3,1998,462,0,1,1,0,1,0,0,0,0,0,0,0,1,0,0,0
10/1/1998,HUN,944,Hungary,-8.039544,1,1998q4,1998,465,0,1,1,0,1,0,0,0,0,0,0,0,1,0,0,0
1/1/1999,HUN,944,Hungary,-7.877152,1,1999q1,1999,468,0,1,1,0,1,0,0,0,0,0,0,0,1,0,0,0
4/1/1999,HUN,944,Hungary,-9.340378,1,1999q2,1999,471,0,1,1,0,1,0,0,0,0,0,0,0,1,0,0,0
7/1/1999,HUN,944,Hungary,-8.307152,1,1999q3,1999,474,0,1,1,0,1,0,0,0,0,0,0,0,1,0,0,0
10/1/1999,HUN,944,Hungary,-8.121937,1,1999q4,1999,477,0,1,1,0,1,0,0,0,0,0,0,0,1,0,0,0
1/1/2000,HUN,944,Hungary,-8.111474,1,2000q1,2000,480,0,1,1,0,1,0,0,0,0,0,0,0,1,0,0,0
4/1/2000,HUN,944,Hungary,-6.747503,1,2000q2,2000,483,0,1,1,0,1,0,0,0,0,0,0,0,1,0,0,0
7/1/2000,HUN,944,Hungary,-9.150233,1,2000q3,2000,486,0,1,1,0,1,0,0,0,0,0,0,0,1,0,0,0
10/1/2000,HUN,944,Hungary,-11.10094,1,2000q4,2000,489,0,1,1,0,1,0,0,0,0,0,0,0,1,0,0,0
1/1/2001,HUN,944,Hungary,-7.844801,1,2001q1,2001,492,0,1,1,0,1,0,0,0,0,0,0,0,1,0,0,0
4/1/2001,HUN,944,Hungary,-7.45908,1,2001q2,2001,495,0,1,1,0,1,0,0,0,0,0,0,0,1,0,0,0
7/1/2001,HUN,944,Hungary,-3.754718,1,2001q3,2001,498,0,1,1,0,1,0,0,0,0,0,0,0,1,0,0,0
10/1/2001,HUN,944,Hungary,-5.747941,1,2001q4,2001,501,0,1,1,0,1,0,0,0,0,0,0,0,1,0,0,0
1/1/2002,HUN,944,Hungary,-5.894186,1,2002q1,2002,504,0,1,1,0,1,0,0,0,0,0,0,0,1,0,0,0
4/1/2002,HUN,944,Hungary,-5.260648,1,2002q2,2002,507,0,1,1,0,1,0,0,0,0,0,0,0,1,0,0,0
7/1/2002,HUN,944,Hungary,-5.469978,1,2002q3,2002,510,0,1,1,0,1,0,0,0,0,0,0,0,1,0,0,0
10/1/2002,HUN,944,Hungary,-8.847759,1,2002q4,2002,513,0,1,1,0,1,0,0,0,0,0,0,0,1,0,0,0
1/1/2003,HUN,944,Hungary,-7.76591,1,2003q1,2003,516,0,1,1,0,1,0,0,0,0,0,0,0,1,0,0,0
4/1/2003,HUN,944,Hungary,-8.965574,1,2003q2,2003,519,0,1,1,0,1,0,0,0,0,0,0,0,1,0,0,0
7/1/2003,HUN,944,Hungary,-8.157948,1,2003q3,2003,522,0,1,1,0,1,0,0,0,0,0,0,0,1,0,0,0
10/1/2003,HUN,944,Hungary,-8.005819,1,2003q4,2003,525,0,1,1,0,1,0,0,0,0,0,0,0,1,0,0,0
1/1/2004,HUN,944,Hungary,-7.54744,1,2004q1,2004,528,0,1,1,0,1,0,0,0,0,0,0,0,1,0,0,0
4/1/2004,HUN,944,Hungary,-11.22884,1,2004q2,2004,531,0,1,1,0,1,0,0,0,0,0,0,0,1,0,0,0
7/1/2004,HUN,944,Hungary,-9.651514,1,2004q3,2004,534,0,1,1,0,1,0,0,0,0,0,0,0,1,0,0,0
10/1/2004,HUN,944,Hungary,-7.777065,1,2004q4,2004,537,0,1,1,0,1,0,0,0,0,0,0,0,1,0,0,0
1/1/2005,HUN,944,Hungary,-6.972703,1,2005q1,2005,540,0,1,1,0,1,0,0,0,0,0,0,0,1,0,0,0
4/1/2005,HUN,944,Hungary,-7.244376,1,2005q2,2005,543,0,1,1,0,1,0,0,0,0,0,0,0,1,0,0,0
7/1/2005,HUN,944,Hungary,-8.07883,1,2005q3,2005,546,0,1,1,0,1,0,0,0,0,0,0,0,1,0,0,0
10/1/2005,HUN,944,Hungary,-6.575058,1,2005q4,2005,549,0,1,1,0,1,0,0,0,0,0,0,0,1,0,0,0
1/1/2006,HUN,944,Hungary,-8.605522,1,2006q1,2006,552,0,1,1,0,1,0,0,0,0,0,0,0,1,0,0,0
4/1/2006,HUN,944,Hungary,-6.50062,1,2006q2,2006,555,0,1,1,0,1,0,0,0,0,0,0,0,1,0,0,0
7/1/2006,HUN,944,Hungary,-7.858631,1,2006q3,2006,558,0,1,1,0,1,0,0,0,0,0,0,0,1,0,0,0
10/1/2006,HUN,944,Hungary,-6.559523,1,2006q4,2006,561,0,1,1,0,1,0,0,0,0,0,0,0,1,0,0,0
1/1/2007,HUN,944,Hungary,-6.918157,1,2007q1,2007,564,0,1,1,0,1,0,0,0,0,0,0,0,1,0,0,0
4/1/2007,HUN,944,Hungary,-7.597505,1,2007q2,2007,567,0,1,1,0,1,0,0,0,0,0,0,0,1,0,0,0
7/1/2007,HUN,944,Hungary,-7.328051,1,2007q3,2007,570,0,1,1,0,1,0,0,0,0,0,0,0,1,0,0,0
10/1/2007,HUN,944,Hungary,-7.214536,1,2007q4,2007,573,0,1,1,0,1,0,0,0,0,0,0,0,1,0,0,0
1/1/2008,HUN,944,Hungary,-7.000934,1,2008q1,2008,576,0,1,1,0,1,0,0,0,0,0,0,0,1,0,0,0
4/1/2008,HUN,944,Hungary,-5.677893,1,2008q2,2008,579,0,1,1,0,1,0,0,0,0,0,0,0,1,0,0,0
7/1/2008,HUN,944,Hungary,-8.526237,1,2008q3,2008,582,0,1,1,0,1,0,0,0,0,0,0,0,1,0,0,0
10/1/2008,HUN,944,Hungary,-7.87939,1,2008q4,2008,585,0,1,1,0,1,0,0,0,0,0,0,0,1,0,0,0
1/1/2009,HUN,944,Hungary,-3.587602,1,2009q1,2009,588,0,1,1,0,1,0,0,0,0,0,0,0,1,0,0,0
4/1/2009,HUN,944,Hungary,-1.211423,1,2009q2,2009,591,0,1,1,0,1,0,0,0,0,0,0,0,1,0,0,0
7/1/2009,HUN,944,Hungary,-0.5849869,1,2009q3,2009,594,0,1,1,0,1,0,0,0,0,0,0,0,1,0,0,0
10/1/2009,HUN,944,Hungary,0.1256898,1,2009q4,2009,597,0,1,1,0,1,0,0,0,0,0,0,0,1,0,0,0
1/1/2010,HUN,944,Hungary,-0.9705182,1,2010q1,2010,600,0,1,1,0,1,0,0,0,0,0,0,0,1,0,0,0
4/1/2010,HUN,944,Hungary,0.6727277,1,2010q2,2010,603,0,1,1,0,1,0,0,0,0,0,0,0,1,0,0,0
7/1/2010,HUN,944,Hungary,0.2208009,1,2010q3,2010,606,0,1,1,0,1,0,0,0,0,0,0,0,1,0,0,0
10/1/2010,HUN,944,Hungary,-0.2752016,1,2010q4,2010,609,0,1,1,0,1,0,0,0,0,0,0,0,1,0,0,0
1/1/2011,HUN,944,Hungary,-0.4067105,1,2011q1,2011,612,0,1,1,0,1,0,0,0,0,0,0,0,1,0,0,0
4/1/2011,HUN,944,Hungary,0.00969595,1,2011q2,2011,615,0,1,1,0,1,0,0,0,0,0,0,0,1,0,0,0
7/1/2011,HUN,944,Hungary,0.1511931,1,2011q3,2011,618,0,1,1,0,1,0,0,0,0,0,0,0,1,0,0,0
10/1/2011,HUN,944,Hungary,1.626922,1,2011q4,2011,621,0,1,1,0,1,0,0,0,0,0,0,0,1,0,0,0
1/1/2012,HUN,944,Hungary,-0.4234944,1,2012q1,2012,624,0,1,1,0,1,0,0,0,0,0,0,0,1,0,0,0
4/1/2012,HUN,944,Hungary,2.000576,1,2012q2,2012,627,0,1,1,0,1,0,0,0,0,0,0,0,1,0,0,0
7/1/2012,HUN,944,Hungary,2.695138,1,2012q3,2012,630,0,1,1,0,1,0,0,0,0,0,0,0,1,0,0,0
10/1/2012,HUN,944,Hungary,0.2763276,1,2012q4,2012,633,0,1,1,0,1,0,0,0,0,0,0,0,1,0,0,0
1/1/2013,HUN,944,Hungary,3.05175,1,2013q1,2013,636,0,1,1,0,1,0,0,0,0,0,0,0,1,0,0,0
4/1/2013,HUN,944,Hungary,1.982189,1,2013q2,2013,639,0,1,1,0,1,0,0,0,0,0,0,0,1,0,0,0
7/1/2013,HUN,944,Hungary,3.571054,1,2013q3,2013,642,0,1,1,0,1,0,0,0,0,0,0,0,1,0,0,0
10/1/2013,HUN,944,Hungary,3.222039,1,2013q4,2013,645,0,1,1,0,1,0,0,0,0,0,0,0,1,0,0,0
1/1/2014,HUN,944,Hungary,-0.1835282,1,2014q1,2014,648,0,1,1,0,1,0,0,0,0,0,0,0,1,0,0,0
4/1/2014,HUN,944,Hungary,-1.445022,1,2014q2,2014,651,0,1,1,0,1,0,0,0,0,0,0,0,1,0,0,0
7/1/2014,HUN,944,Hungary,2.018615,1,2014q3,2014,654,0,1,1,0,1,0,0,0,0,0,0,0,1,0,0,0
10/1/2014,HUN,944,Hungary,2.615861,1,2014q4,2014,657,0,1,1,0,1,0,0,0,0,0,0,0,1,0,0,0
1/1/2015,HUN,944,Hungary,4.130344,1,2015q1,2015,660,0,1,1,0,1,0,0,0,0,0,0,0,1,0,0,0
4/1/2015,HUN,944,Hungary,0.6070157,1,2015q2,2015,663,0,1,1,0,1,0,0,0,0,0,0,0,1,0,0,0
7/1/2015,HUN,944,Hungary,1.115679,1,2015q3,2015,666,0,1,1,0,1,0,0,0,0,0,0,0,1,0,0,0
10/1/2015,HUN,944,Hungary,2.905898,1,2015q4,2015,669,0,1,1,0,1,0,0,0,0,0,0,0,1,0,0,0
1/1/2016,HUN,944,Hungary,4.671555,1,2016q1,2016,672,0,1,1,0,1,0,0,0,0,0,0,0,1,0,0,0
4/1/2016,HUN,944,Hungary,4.950069,1,2016q2,2016,675,0,1,1,0,1,0,0,0,0,0,0,0,1,0,0,0
7/1/2016,HUN,944,Hungary,4.446763,1,2016q3,2016,678,0,1,1,0,1,0,0,0,0,0,0,0,1,0,0,0
10/1/2016,HUN,944,Hungary,3.750802,1,2016q4,2016,681,0,1,1,0,1,0,0,0,0,0,0,0,1,0,0,0
1/1/2017,HUN,944,Hungary,1.405638,1,2017q1,2017,684,0,1,1,0,1,0,0,0,0,0,0,0,1,0,0,0
4/1/2017,HUN,944,Hungary,2.614131,1,2017q2,2017,687,0,1,1,0,1,0,0,0,0,0,0,0,1,0,0,0
7/1/2017,HUN,944,Hungary,1.152645,1,2017q3,2017,690,0,1,1,0,1,0,0,0,0,0,0,0,1,0,0,0
10/1/2017,HUN,944,Hungary,1.793987,1,2017q4,2017,693,0,1,1,0,1,0,0,0,0,0,0,0,1,0,0,0
1/1/2018,HUN,944,Hungary,1.761695,1,2018q1,2018,696,0,1,1,0,1,0,0,0,0,0,0,0,1,0,0,0
4/1/2018,HUN,944,Hungary,0.1207677,1,2018q2,2018,699,0,1,1,0,1,0,0,0,0,0,0,0,1,0,0,0
7/1/2018,HUN,944,Hungary,-1.064952,1,2018q3,2018,702,0,1,1,0,1,0,0,0,0,0,0,0,1,0,0,0
10/1/2018,HUN,944,Hungary,0.4560021,1,2018q4,2018,705,0,1,1,0,1,0,0,0,0,0,0,0,1,0,0,0
1/1/2019,HUN,944,Hungary,-0.7972962,1,2019q1,2019,708,0,1,1,0,1,0,0,0,0,0,0,0,1,0,0,0
4/1/2019,HUN,944,Hungary,-0.4199359,1,2019q2,2019,711,0,1,1,0,1,0,0,0,0,0,0,0,1,0,0,0
7/1/2019,HUN,944,Hungary,-1.748382,1,2019q3,2019,714,0,1,1,0,1,0,0,0,0,0,0,0,1,0,0,0
10/1/2019,HUN,944,Hungary,0.7095348,1,2019q4,2019,717,0,1,1,0,1,0,0,0,0,0,0,0,1,0,0,0
1/1/2020,HUN,944,Hungary,-0.9473057,1,2020q1,2020,720,0,1,1,0,1,0,0,0,0,0,0,0,1,0,0,0
4/1/2020,HUN,944,Hungary,-4.962856,1,2020q2,2020,723,0,1,1,0,1,0,0,0,0,0,0,0,1,0,0,0
7/1/2020,HUN,944,Hungary,2.069453,1,2020q3,2020,726,0,1,1,0,1,0,0,0,0,0,0,0,1,0,0,0
10/1/2020,HUN,944,Hungary,0.6978078,1,2020q4,2020,729,0,1,1,0,1,0,0,0,0,0,0,0,1,0,0,0
1/1/2021,HUN,944,Hungary,0.3177125,1,2021q1,2021,732,0,1,1,0,1,0,0,0,0,0,0,0,1,0,0,0
4/1/2021,HUN,944,Hungary,-3.949919,1,2021q2,2021,735,0,1,1,0,1,0,0,0,0,0,0,0,1,0,0,0
7/1/2021,HUN,944,Hungary,-4.813547,1,2021q3,2021,738,0,1,1,0,1,0,0,0,0,0,0,0,1,0,0,0
10/1/2021,HUN,944,Hungary,-6.124357,1,2021q4,2021,741,0,1,1,0,1,0,0,0,0,0,0,0,1,0,0,0
1/1/2022,HUN,944,Hungary,-6.844493,1,2022q1,2022,744,0,1,1,0,1,0,0,0,0,0,0,0,1,0,0,0
4/1/2022,HUN,944,Hungary,-7.287002,1,2022q2,2022,747,0,1,1,0,1,0,0,0,0,0,0,0,1,0,0,0
7/1/2022,HUN,944,Hungary,-11.31197,1,2022q3,2022,750,0,1,1,0,1,0,0,0,0,0,0,0,1,0,0,0
10/1/2022,HUN,944,Hungary,-7.500438,1,2022q4,2022,753,0,1,1,0,1,0,0,0,0,0,0,0,1,0,0,0
1/1/2023,HUN,944,Hungary,-1.645411,1,2023q1,2023,756,0,1,1,0,1,0,0,0,0,0,0,0,1,0,0,0
4/1/2023,HUN,944,Hungary,0.5469655,1,2023q2,2023,759,0,1,1,0,1,0,0,0,0,0,0,0,1,0,0,0
7/1/2023,HUN,944,Hungary,1.738857,1,2023q3,2023,762,0,1,1,0,1,0,0,0,0,0,0,0,1,0,0,0
10/1/2023,HUN,944,Hungary,0.897393,1,2023q4,2023,765,0,1,1,0,1,0,0,0,0,0,0,0,1,0,0,0
1/1/2024,HUN,944,Hungary,1.801729,1,2024q1,2024,768,0,1,1,0,1,0,0,0,0,0,0,0,1,0,0,0
4/1/2024,HUN,944,Hungary,2.379256,1,2024q2,2024,771,0,1,1,0,1,0,0,0,0,0,0,0,1,0,0,0
7/1/2024,HUN,944,Hungary,1.683741,1,2024q3,2024,774,0,1,1,0,1,0,0,0,0,0,0,0,1,0,0,0
10/1/2024,HUN,944,Hungary,2.80976,1,2024q4,2024,777,0,1,1,0,1,0,0,0,0,0,0,0,1,0,0,0
1/1/1993,LTU,946,Lithuania,7.526743,4,1993q1,1993,396,0,1,1,0,1,0,0,0,0,0,0,0,0,0,0,0
4/1/1993,LTU,946,Lithuania,-7.0361028,4,1993q2,1993,399,0,1,1,0,1,0,0,0,0,0,0,0,0,0,0,0
7/1/1993,LTU,946,Lithuania,-6.4028347,4,1993q3,1993,402,0,1,1,0,1,0,0,0,0,0,0,0,0,0,0,0
10/1/1993,LTU,946,Lithuania,-7.1497472,4,1993q4,1993,405,0,1,1,0,1,0,0,0,0,0,0,0,0,0,0,0
1/1/1994,LTU,946,Lithuania,-8.3628732,4,1994q1,1994,408,0,1,1,0,1,0,0,0,0,0,0,0,0,0,0,0
4/1/1994,LTU,946,Lithuania,-7.915386,4,1994q2,1994,411,0,1,1,0,1,0,0,0,0,0,0,0,0,0,0,0
7/1/1994,LTU,946,Lithuania,5.1875441,4,1994q3,1994,414,0,1,1,0,1,0,0,0,0,0,0,0,0,0,0,0
10/1/1994,LTU,946,Lithuania,-0.70356041,4,1994q4,1994,417,0,1,1,0,1,0,0,0,0,0,0,0,0,0,0,0
1/1/1995,LTU,946,Lithuania,-12.706195,2,1995q1,1995,420,0,1,1,0,1,0,0,0,0,0,0,0,0,0,0,0
4/1/1995,LTU,946,Lithuania,-8.356256,2,1995q2,1995,423,0,1,1,0,1,0,0,0,0,0,0,0,0,0,0,0
7/1/1995,LTU,946,Lithuania,-7.2161433,2,1995q3,1995,426,0,1,1,0,1,0,0,0,0,0,0,0,0,0,0,0
10/1/1995,LTU,946,Lithuania,-8.2136206,2,1995q4,1995,429,0,1,1,0,1,0,0,0,0,0,0,0,0,0,0,0
1/1/1996,LTU,946,Lithuania,-6.7560384,2,1996q1,1996,432,0,1,1,0,1,0,0,0,0,0,0,0,0,0,0,0
4/1/1996,LTU,946,Lithuania,-8.3608949,2,1996q2,1996,435,0,1,1,0,1,0,0,0,0,0,0,0,0,0,0,0
7/1/1996,LTU,946,Lithuania,-9.4282038,2,1996q3,1996,438,0,1,1,0,1,0,0,0,0,0,0,0,0,0,0,0
10/1/1996,LTU,946,Lithuania,-11.345522,2,1996q4,1996,441,0,1,1,0,1,0,0,0,0,0,0,0,0,0,0,0
1/1/1997,LTU,946,Lithuania,-10.856415,2,1997q1,1997,444,0,1,1,0,1,0,0,0,0,0,0,0,0,0,0,0
4/1/1997,LTU,946,Lithuania,-11.481699,2,1997q2,1997,447,0,1,1,0,1,0,0,0,0,0,0,0,0,0,0,0
7/1/1997,LTU,946,Lithuania,-9.283365,2,1997q3,1997,450,0,1,1,0,1,0,0,0,0,0,0,0,0,0,0,0
10/1/1997,LTU,946,Lithuania,-11.494878,2,1997q4,1997,453,0,1,1,0,1,0,0,0,0,0,0,0,0,0,0,0
1/1/1998,LTU,946,Lithuania,-12.06109,2,1998q1,1998,456,0,1,1,0,1,0,0,0,0,0,0,0,0,0,0,0
4/1/1998,LTU,946,Lithuania,-11.768581,2,1998q2,1998,459,0,1,1,0,1,0,0,0,0,0,0,0,0,0,0,0
7/1/1998,LTU,946,Lithuania,-14.854811,2,1998q3,1998,462,0,1,1,0,1,0,0,0,0,0,0,0,0,0,0,0
10/1/1998,LTU,946,Lithuania,-12.875702,2,1998q4,1998,465,0,1,1,0,1,0,0,0,0,0,0,0,0,0,0,0
1/1/1999,LTU,946,Lithuania,-11.696779,2,1999q1,1999,468,0,1,1,0,1,0,0,0,0,0,0,0,0,0,0,0
4/1/1999,LTU,946,Lithuania,-13.008986,2,1999q2,1999,471,0,1,1,0,1,0,0,0,0,0,0,0,0,0,0,0
7/1/1999,LTU,946,Lithuania,-9.9663097,2,1999q3,1999,474,0,1,1,0,1,0,0,0,0,0,0,0,0,0,0,0
10/1/1999,LTU,946,Lithuania,-9.5406225,2,1999q4,1999,477,0,1,1,0,1,0,0,0,0,0,0,0,0,0,0,0
1/1/2000,LTU,946,Lithuania,-6.9137946,2,2000q1,2000,480,0,1,1,0,1,0,0,0,0,0,0,0,0,0,0,0
4/1/2000,LTU,946,Lithuania,-4.9819681,2,2000q2,2000,483,0,1,1,0,1,0,0,0,0,0,0,0,0,0,0,0
7/1/2000,LTU,946,Lithuania,-4.5424874,2,2000q3,2000,486,0,1,1,0,1,0,0,0,0,0,0,0,0,0,0,0
10/1/2000,LTU,946,Lithuania,-3.2550274,2,2000q4,2000,489,0,1,1,0,1,0,0,0,0,0,0,0,0,0,0,0
1/1/2001,LTU,946,Lithuania,-3.9483872,2,2001q1,2001,492,0,1,1,0,1,0,0,0,0,0,0,0,0,0,0,0
4/1/2001,LTU,946,Lithuania,-3.246998,2,2001q2,2001,495,0,1,1,0,1,0,0,0,0,0,0,0,0,0,0,0
7/1/2001,LTU,946,Lithuania,-2.9011488,2,2001q3,2001,498,0,1,1,0,1,0,0,0,0,0,0,0,0,0,0,0
10/1/2001,LTU,946,Lithuania,-4.8539123,2,2001q4,2001,501,0,1,1,0,1,0,0,0,0,0,0,0,0,0,0,0
1/1/2002,LTU,946,Lithuania,-4.0172362,2,2002q1,2002,504,0,1,1,0,1,0,0,0,0,0,0,0,0,0,0,0
4/1/2002,LTU,946,Lithuania,-4.0508282,2,2002q2,2002,507,0,1,1,0,1,0,0,0,0,0,0,0,0,0,0,0
7/1/2002,LTU,946,Lithuania,-3.7707297,2,2002q3,2002,510,0,1,1,0,1,0,0,0,0,0,0,0,0,0,0,0
10/1/2002,LTU,946,Lithuania,-4.2433206,2,2002q4,2002,513,0,1,1,0,1,0,0,0,0,0,0,0,0,0,0,0
1/1/2003,LTU,946,Lithuania,-3.783257,2,2003q1,2003,516,0,1,1,0,1,0,0,0,0,0,0,0,0,0,0,0
4/1/2003,LTU,946,Lithuania,-5.6962177,2,2003q2,2003,519,0,1,1,0,1,0,0,0,0,0,0,0,0,0,0,0
7/1/2003,LTU,946,Lithuania,-6.2092406,2,2003q3,2003,522,0,1,1,0,1,0,0,0,0,0,0,0,0,0,0,0
10/1/2003,LTU,946,Lithuania,-7.5706573,2,2003q4,2003,525,0,1,1,0,1,0,0,0,0,0,0,0,0,0,0,0
1/1/2004,LTU,946,Lithuania,-9.095437,1,2004q1,2004,528,0,1,1,0,1,0,0,0,0,0,0,0,0,0,0,0
4/1/2004,LTU,946,Lithuania,-8.50828,1,2004q2,2004,531,0,1,1,0,1,0,0,0,0,0,0,0,0,0,0,0
7/1/2004,LTU,946,Lithuania,-8.24442,1,2004q3,2004,534,0,1,1,0,1,0,0,0,0,0,0,0,0,0,0,0
10/1/2004,LTU,946,Lithuania,-4.960937,1,2004q4,2004,537,0,1,1,0,1,0,0,0,0,0,0,0,0,0,0,0
1/1/2005,LTU,946,Lithuania,-6.694763,1,2005q1,2005,540,0,1,1,0,1,0,0,0,0,0,0,0,0,0,0,0
4/1/2005,LTU,946,Lithuania,-8.198207,1,2005q2,2005,543,0,1,1,0,1,0,0,0,0,0,0,0,0,0,0,0
7/1/2005,LTU,946,Lithuania,-10.22206,1,2005q3,2005,546,0,1,1,0,1,0,0,0,0,0,0,0,0,0,0,0
10/1/2005,LTU,946,Lithuania,-4.235244,1,2005q4,2005,549,0,1,1,0,1,0,0,0,0,0,0,0,0,0,0,0
1/1/2006,LTU,946,Lithuania,-9.231349,1,2006q1,2006,552,0,1,1,0,1,0,0,0,0,0,0,0,0,0,0,0
4/1/2006,LTU,946,Lithuania,-8.642228,1,2006q2,2006,555,0,1,1,0,1,0,0,0,0,0,0,0,0,0,0,0
7/1/2006,LTU,946,Lithuania,-12.81371,1,2006q3,2006,558,0,1,1,0,1,0,0,0,0,0,0,0,0,0,0,0
10/1/2006,LTU,946,Lithuania,-11.41448,1,2006q4,2006,561,0,1,1,0,1,0,0,0,0,0,0,0,0,0,0,0
1/1/2007,LTU,946,Lithuania,-12.45331,1,2007q1,2007,564,0,1,1,0,1,0,0,0,0,0,0,0,0,0,0,0
4/1/2007,LTU,946,Lithuania,-14.37798,1,2007q2,2007,567,0,1,1,0,1,0,0,0,0,0,0,0,0,0,0,0
7/1/2007,LTU,946,Lithuania,-14.642,1,2007q3,2007,570,0,1,1,0,1,0,0,0,0,0,0,0,0,0,0,0
10/1/2007,LTU,946,Lithuania,-18.54825,1,2007q4,2007,573,0,1,1,0,1,0,0,0,0,0,0,0,0,0,0,0
1/1/2008,LTU,946,Lithuania,-15.78469,1,2008q1,2008,576,0,1,1,0,1,0,0,0,0,0,0,0,0,0,0,0
4/1/2008,LTU,946,Lithuania,-11.5777,1,2008q2,2008,579,0,1,1,0,1,0,0,0,0,0,0,0,0,0,0,0
7/1/2008,LTU,946,Lithuania,-10.13848,1,2008q3,2008,582,0,1,1,0,1,0,0,0,0,0,0,0,0,0,0,0
10/1/2008,LTU,946,Lithuania,-14.60714,1,2008q4,2008,585,0,1,1,0,1,0,0,0,0,0,0,0,0,0,0,0
1/1/2009,LTU,946,Lithuania,-1.79335,1,2009q1,2009,588,0,1,1,0,1,0,0,0,0,0,0,0,0,0,0,0
4/1/2009,LTU,946,Lithuania,5.621449,1,2009q2,2009,591,0,1,1,0,1,0,0,0,0,0,0,0,0,0,0,0
7/1/2009,LTU,946,Lithuania,1.352113,1,2009q3,2009,594,0,1,1,0,1,0,0,0,0,0,0,0,0,0,0,0
10/1/2009,LTU,946,Lithuania,2.71525,1,2009q4,2009,597,0,1,1,0,1,0,0,0,0,0,0,0,0,0,0,0
1/1/2010,LTU,946,Lithuania,1.344053,1,2010q1,2010,600,0,1,1,0,1,0,0,0,0,0,0,0,0,0,0,0
4/1/2010,LTU,946,Lithuania,0.8527325,1,2010q2,2010,603,0,1,1,0,1,0,0,0,0,0,0,0,0,0,0,0
7/1/2010,LTU,946,Lithuania,-1.555463,1,2010q3,2010,606,0,1,1,0,1,0,0,0,0,0,0,0,0,0,0,0
10/1/2010,LTU,946,Lithuania,-0.4402941,1,2010q4,2010,609,0,1,1,0,1,0,0,0,0,0,0,0,0,0,0,0
1/1/2011,LTU,946,Lithuania,-3.487596,1,2011q1,2011,612,0,1,1,0,1,0,0,0,0,0,0,0,0,0,0,0
4/1/2011,LTU,946,Lithuania,-4.653003,1,2011q2,2011,615,0,1,1,0,1,0,0,0,0,0,0,0,0,0,0,0
7/1/2011,LTU,946,Lithuania,-3.672603,1,2011q3,2011,618,0,1,1,0,1,0,0,0,0,0,0,0,0,0,0,0
10/1/2011,LTU,946,Lithuania,-4.004326,1,2011q4,2011,621,0,1,1,0,1,0,0,0,0,0,0,0,0,0,0,0
1/1/2012,LTU,946,Lithuania,-4.490196,1,2012q1,2012,624,0,1,1,0,1,0,0,0,0,0,0,0,0,0,0,0
4/1/2012,LTU,946,Lithuania,1.199884,1,2012q2,2012,627,0,1,1,0,1,0,0,0,0,0,0,0,0,0,0,0
7/1/2012,LTU,946,Lithuania,-4.109489,1,2012q3,2012,630,0,1,1,0,1,0,0,0,0,0,0,0,0,0,0,0
10/1/2012,LTU,946,Lithuania,0.9408212,1,2012q4,2012,633,0,1,1,0,1,0,0,0,0,0,0,0,0,0,0,0
1/1/2013,LTU,946,Lithuania,2.586174,1,2013q1,2013,636,0,1,1,0,1,0,0,0,0,0,0,0,0,0,0,0
4/1/2013,LTU,946,Lithuania,1.956233,1,2013q2,2013,639,0,1,1,0,1,0,0,0,0,0,0,0,0,0,0,0
7/1/2013,LTU,946,Lithuania,-0.09599331,1,2013q3,2013,642,0,1,1,0,1,0,0,0,0,0,0,0,0,0,0,0
10/1/2013,LTU,946,Lithuania,1.894015,1,2013q4,2013,645,0,1,1,0,1,0,0,0,0,0,0,0,0,0,0,0
1/1/2014,LTU,946,Lithuania,2.536738,1,2014q1,2014,648,0,1,1,0,1,0,0,0,0,0,0,0,0,0,0,0
4/1/2014,LTU,946,Lithuania,1.882565,1,2014q2,2014,651,0,1,1,0,1,0,0,0,0,0,0,0,0,0,0,0
7/1/2014,LTU,946,Lithuania,6.689951,1,2014q3,2014,654,0,1,1,0,1,0,0,0,0,0,0,0,0,0,0,0
10/1/2014,LTU,946,Lithuania,2.546835,1,2014q4,2014,657,0,1,1,0,1,0,0,0,0,0,0,0,0,0,0,0
1/1/2015,LTU,946,Lithuania,-2.740857,1,2015q1,2015,660,0,1,1,0,1,0,0,0,0,0,0,0,0,0,1,1
4/1/2015,LTU,946,Lithuania,-4.83074,1,2015q2,2015,663,0,1,1,0,1,0,0,0,0,0,0,0,0,0,1,0
7/1/2015,LTU,946,Lithuania,-1.371189,1,2015q3,2015,666,0,1,1,0,1,0,0,0,0,0,0,0,0,0,1,0
10/1/2015,LTU,946,Lithuania,-1.18044,1,2015q4,2015,669,0,1,1,0,1,0,0,0,0,0,0,0,0,0,1,0
1/1/2016,LTU,946,Lithuania,0.1658579,1,2016q1,2016,672,0,1,1,0,1,0,0,0,0,0,0,0,0,0,1,0
4/1/2016,LTU,946,Lithuania,-2.030805,1,2016q2,2016,675,0,1,1,0,1,0,0,0,0,0,0,0,0,0,1,0
7/1/2016,LTU,946,Lithuania,-0.4262676,1,2016q3,2016,678,0,1,1,0,1,0,0,0,0,0,0,0,0,0,1,0
10/1/2016,LTU,946,Lithuania,-1.252124,1,2016q4,2016,681,0,1,1,0,1,0,0,0,0,0,0,0,0,0,1,0
1/1/2017,LTU,946,Lithuania,0.7755018,1,2017q1,2017,684,0,1,1,0,1,0,0,0,0,0,0,0,0,0,1,0
4/1/2017,LTU,946,Lithuania,0.3106936,1,2017q2,2017,687,0,1,1,0,1,0,0,0,0,0,0,0,0,0,1,0
7/1/2017,LTU,946,Lithuania,1.321943,1,2017q3,2017,690,0,1,1,0,1,0,0,0,0,0,0,0,0,0,1,0
10/1/2017,LTU,946,Lithuania,0.9959967,1,2017q4,2017,693,0,1,1,0,1,0,0,0,0,0,0,0,0,0,1,0
1/1/2018,LTU,946,Lithuania,-1.191437,1,2018q1,2018,696,0,1,1,0,1,0,0,0,0,0,0,0,0,0,1,0
4/1/2018,LTU,946,Lithuania,0.4814859,1,2018q2,2018,699,0,1,1,0,1,0,0,0,0,0,0,0,0,0,1,0
7/1/2018,LTU,946,Lithuania,0.7200994,1,2018q3,2018,702,0,1,1,0,1,0,0,0,0,0,0,0,0,0,1,0
10/1/2018,LTU,946,Lithuania,1.035901,1,2018q4,2018,705,0,1,1,0,1,0,0,0,0,0,0,0,0,0,1,0
1/1/2019,LTU,946,Lithuania,2.900645,1,2019q1,2019,708,0,1,1,0,1,0,0,0,0,0,0,0,0,0,1,0
4/1/2019,LTU,946,Lithuania,2.218067,1,2019q2,2019,711,0,1,1,0,1,0,0,0,0,0,0,0,0,0,1,0
7/1/2019,LTU,946,Lithuania,3.897077,1,2019q3,2019,714,0,1,1,0,1,0,0,0,0,0,0,0,0,0,1,0
10/1/2019,LTU,946,Lithuania,5.856668,1,2019q4,2019,717,0,1,1,0,1,0,0,0,0,0,0,0,0,0,1,0
1/1/2020,LTU,946,Lithuania,7.363948,1,2020q1,2020,720,0,1,1,0,1,0,0,0,0,0,0,0,0,0,1,0
4/1/2020,LTU,946,Lithuania,7.661669,1,2020q2,2020,723,0,1,1,0,1,0,0,0,0,0,0,0,0,0,1,0
7/1/2020,LTU,946,Lithuania,7.300269,1,2020q3,2020,726,0,1,1,0,1,0,0,0,0,0,0,0,0,0,1,0
10/1/2020,LTU,946,Lithuania,6.597049,1,2020q4,2020,729,0,1,1,0,1,0,0,0,0,0,0,0,0,0,1,0
1/1/2021,LTU,946,Lithuania,4.822875,1,2021q1,2021,732,0,1,1,0,1,0,0,0,0,0,0,0,0,0,1,0
4/1/2021,LTU,946,Lithuania,1.423554,1,2021q2,2021,735,0,1,1,0,1,0,0,0,0,0,0,0,0,0,1,0
7/1/2021,LTU,946,Lithuania,1.778774,1,2021q3,2021,738,0,1,1,0,1,0,0,0,0,0,0,0,0,0,1,0
10/1/2021,LTU,946,Lithuania,-0.5914005,1,2021q4,2021,741,0,1,1,0,1,0,0,0,0,0,0,0,0,0,1,0
1/1/2022,LTU,946,Lithuania,-5.875728,1,2022q1,2022,744,0,1,1,0,1,0,0,0,0,0,0,0,0,0,1,0
4/1/2022,LTU,946,Lithuania,-5.646479,1,2022q2,2022,747,0,1,1,0,1,0,0,0,0,0,0,0,0,0,1,0
7/1/2022,LTU,946,Lithuania,-5.757422,1,2022q3,2022,750,0,1,1,0,1,0,0,0,0,0,0,0,0,0,1,0
10/1/2022,LTU,946,Lithuania,-6.866877,1,2022q4,2022,753,0,1,1,0,1,0,0,0,0,0,0,0,0,0,1,0
1/1/2023,LTU,946,Lithuania,-0.1901291,1,2023q1,2023,756,0,1,1,0,1,0,0,0,0,0,0,0,0,0,1,0
4/1/2023,LTU,946,Lithuania,1.678681,1,2023q2,2023,759,0,1,1,0,1,0,0,0,0,0,0,0,0,0,1,0
7/1/2023,LTU,946,Lithuania,1.231074,1,2023q3,2023,762,0,1,1,0,1,0,0,0,0,0,0,0,0,0,1,0
10/1/2023,LTU,946,Lithuania,1.726509,1,2023q4,2023,765,0,1,1,0,1,0,0,0,0,0,0,0,0,0,1,0
1/1/2024,LTU,946,Lithuania,2.48884,1,2024q1,2024,768,0,1,1,0,1,0,0,0,0,0,0,0,0,0,1,0
4/1/2024,LTU,946,Lithuania,3.846498,1,2024q2,2024,771,0,1,1,0,1,0,0,0,0,0,0,0,0,0,1,0
7/1/2024,LTU,946,Lithuania,2.129542,1,2024q3,2024,774,0,1,1,0,1,0,0,0,0,0,0,0,0,0,1,0
10/1/2024,LTU,946,Lithuania,3.335119,1,2024q4,2024,777,0,1,1,0,1,0,0,0,0,0,0,0,0,0,1,0
10/1/1994,HRV,960,Croatia,-6.3556295,4,1994q4,1994,417,0,1,0,0,1,0,0,0,0,0,0,0,0,0,0,0
1/1/1995,HRV,960,Croatia,-6.9031238,4,1995q1,1995,420,0,1,0,0,1,0,0,0,0,0,0,0,0,0,0,0
4/1/1995,HRV,960,Croatia,-6.1564662,4,1995q2,1995,423,0,1,0,0,1,0,0,0,0,0,0,0,0,0,0,0
7/1/1995,HRV,960,Croatia,-8.6509463,4,1995q3,1995,426,0,1,0,0,1,0,0,0,0,0,0,0,0,0,0,0
10/1/1995,HRV,960,Croatia,-5.5504188,4,1995q4,1995,429,0,1,0,0,1,0,0,0,0,0,0,0,0,0,0,0
1/1/1996,HRV,960,Croatia,-2.5671092,4,1996q1,1996,432,0,1,0,0,1,0,0,0,0,0,0,0,0,0,0,0
4/1/1996,HRV,960,Croatia,-5.1787635,4,1996q2,1996,435,0,1,0,0,1,0,0,0,0,0,0,0,0,0,0,0
7/1/1996,HRV,960,Croatia,-4.7523139,4,1996q3,1996,438,0,1,0,0,1,0,0,0,0,0,0,0,0,0,0,0
10/1/1996,HRV,960,Croatia,-6.9651675,4,1996q4,1996,441,0,1,0,0,1,0,0,0,0,0,0,0,0,0,0,0
1/1/1997,HRV,960,Croatia,-10.250916,4,1997q1,1997,444,0,1,0,0,1,0,0,0,0,0,0,0,0,0,0,0
4/1/1997,HRV,960,Croatia,-7.8155298,4,1997q2,1997,447,0,1,0,0,1,0,0,0,0,0,0,0,0,0,0,0
7/1/1997,HRV,960,Croatia,-7.033546,4,1997q3,1997,450,0,1,0,0,1,0,0,0,0,0,0,0,0,0,0,0
10/1/1997,HRV,960,Croatia,-20.038885,4,1997q4,1997,453,0,1,0,0,1,0,0,0,0,0,0,0,0,0,0,0
1/1/1998,HRV,960,Croatia,-6.06402,4,1998q1,1998,456,0,1,0,0,1,0,0,0,0,0,0,0,0,0,0,0
4/1/1998,HRV,960,Croatia,-7.2716114,4,1998q2,1998,459,0,1,0,0,1,0,0,0,0,0,0,0,0,0,0,0
7/1/1998,HRV,960,Croatia,-7.637311,4,1998q3,1998,462,0,1,0,0,1,0,0,0,0,0,0,0,0,0,0,0
10/1/1998,HRV,960,Croatia,-6.0161347,4,1998q4,1998,465,0,1,0,0,1,0,0,0,0,0,0,0,0,0,0,0
1/1/1999,HRV,960,Croatia,-8.3076982,4,1999q1,1999,468,0,1,0,0,1,0,0,0,0,0,0,0,0,0,0,0
4/1/1999,HRV,960,Croatia,-7.6706043,4,1999q2,1999,471,0,1,0,0,1,0,0,0,0,0,0,0,0,0,0,0
7/1/1999,HRV,960,Croatia,-7.4042731,4,1999q3,1999,474,0,1,0,0,1,0,0,0,0,0,0,0,0,0,0,0
10/1/1999,HRV,960,Croatia,-8.7556985,4,1999q4,1999,477,0,1,0,0,1,0,0,0,0,0,0,0,0,0,0,0
1/1/2000,HRV,960,Croatia,0.44283387,2,2000q1,2000,480,0,1,0,0,1,0,0,0,0,0,0,0,0,0,0,0
4/1/2000,HRV,960,Croatia,0.25657752,2,2000q2,2000,483,0,1,0,0,1,0,0,0,0,0,0,0,0,0,0,0
7/1/2000,HRV,960,Croatia,-5.3720635,2,2000q3,2000,486,0,1,0,0,1,0,0,0,0,0,0,0,0,0,0,0
10/1/2000,HRV,960,Croatia,-4.609304,2,2000q4,2000,489,0,1,0,0,1,0,0,0,0,0,0,0,0,0,0,0
1/1/2001,HRV,960,Croatia,-3.1043393,2,2001q1,2001,492,0,1,0,0,1,0,0,0,0,0,0,0,0,0,0,0
4/1/2001,HRV,960,Croatia,-6.9381296,2,2001q2,2001,495,0,1,0,0,1,0,0,0,0,0,0,0,0,0,0,0
7/1/2001,HRV,960,Croatia,-0.93883676,2,2001q3,2001,498,0,1,0,0,1,0,0,0,0,0,0,0,0,0,0,0
10/1/2001,HRV,960,Croatia,-2.199806,2,2001q4,2001,501,0,1,0,0,1,0,0,0,0,0,0,0,0,0,0,0
1/1/2002,HRV,960,Croatia,-6.688543,2,2002q1,2002,504,0,1,0,0,1,0,0,0,0,0,0,0,0,0,0,0
4/1/2002,HRV,960,Croatia,-6.3036501,2,2002q2,2002,507,0,1,0,0,1,0,0,0,0,0,0,0,0,0,0,0
7/1/2002,HRV,960,Croatia,-8.2950204,2,2002q3,2002,510,0,1,0,0,1,0,0,0,0,0,0,0,0,0,0,0
10/1/2002,HRV,960,Croatia,-7.9776798,2,2002q4,2002,513,0,1,0,0,1,0,0,0,0,0,0,0,0,0,0,0
1/1/2003,HRV,960,Croatia,-6.4905573,2,2003q1,2003,516,0,1,0,0,1,0,0,0,0,0,0,0,0,0,0,0
4/1/2003,HRV,960,Croatia,-11.726005,2,2003q2,2003,519,0,1,0,0,1,0,0,0,0,0,0,0,0,0,0,0
7/1/2003,HRV,960,Croatia,-10.068648,2,2003q3,2003,522,0,1,0,0,1,0,0,0,0,0,0,0,0,0,0,0
10/1/2003,HRV,960,Croatia,-11.904175,2,2003q4,2003,525,0,1,0,0,1,0,0,0,0,0,0,0,0,0,0,0
1/1/2004,HRV,960,Croatia,-8.0364663,2,2004q1,2004,528,0,1,0,0,1,0,0,0,0,0,0,0,0,0,0,0
4/1/2004,HRV,960,Croatia,-5.8124549,2,2004q2,2004,531,0,1,0,0,1,0,0,0,0,0,0,0,0,0,0,0
7/1/2004,HRV,960,Croatia,-7.5600096,2,2004q3,2004,534,0,1,0,0,1,0,0,0,0,0,0,0,0,0,0,0
10/1/2004,HRV,960,Croatia,-7.3081544,2,2004q4,2004,537,0,1,0,0,1,0,0,0,0,0,0,0,0,0,0,0
1/1/2005,HRV,960,Croatia,-8.104476,2,2005q1,2005,540,0,1,0,0,1,0,0,0,0,0,0,0,0,0,0,0
4/1/2005,HRV,960,Croatia,-8.6076198,2,2005q2,2005,543,0,1,0,0,1,0,0,0,0,0,0,0,0,0,0,0
7/1/2005,HRV,960,Croatia,-7.9870567,2,2005q3,2005,546,0,1,0,0,1,0,0,0,0,0,0,0,0,0,0,0
10/1/2005,HRV,960,Croatia,-9.0759807,2,2005q4,2005,549,0,1,0,0,1,0,0,0,0,0,0,0,0,0,0,0
1/1/2006,HRV,960,Croatia,-10.768886,2,2006q1,2006,552,0,1,0,0,1,0,0,0,0,0,0,0,0,0,0,0
4/1/2006,HRV,960,Croatia,-9.2131791,2,2006q2,2006,555,0,1,0,0,1,0,0,0,0,0,0,0,0,0,0,0
7/1/2006,HRV,960,Croatia,-8.1523974,2,2006q3,2006,558,0,1,0,0,1,0,0,0,0,0,0,0,0,0,0,0
10/1/2006,HRV,960,Croatia,-7.897424,2,2006q4,2006,561,0,1,0,0,1,0,0,0,0,0,0,0,0,0,0,0
1/1/2007,HRV,960,Croatia,-9.508083,2,2007q1,2007,564,0,1,0,0,1,0,0,0,0,0,0,0,0,0,0,0
4/1/2007,HRV,960,Croatia,-8.934131,2,2007q2,2007,567,0,1,0,0,1,0,0,0,0,0,0,0,0,0,0,0
7/1/2007,HRV,960,Croatia,-7.1291114,2,2007q3,2007,570,0,1,0,0,1,0,0,0,0,0,0,0,0,0,0,0
10/1/2007,HRV,960,Croatia,-10.317557,2,2007q4,2007,573,0,1,0,0,1,0,0,0,0,0,0,0,0,0,0,0
1/1/2008,HRV,960,Croatia,-12.309594,2,2008q1,2008,576,0,1,0,0,1,0,0,0,0,0,0,0,0,0,0,0
4/1/2008,HRV,960,Croatia,-13.86153,2,2008q2,2008,579,0,1,0,0,1,0,0,0,0,0,0,0,0,0,0,0
7/1/2008,HRV,960,Croatia,-10.783475,2,2008q3,2008,582,0,1,0,0,1,0,0,0,0,0,0,0,0,0,0,0
10/1/2008,HRV,960,Croatia,-9.5752427,2,2008q4,2008,585,0,1,0,0,1,0,0,0,0,0,0,0,0,0,0,0
1/1/2009,HRV,960,Croatia,-7.2488176,2,2009q1,2009,588,0,1,0,0,1,0,0,0,0,0,0,0,0,0,0,0
4/1/2009,HRV,960,Croatia,-6.9523025,2,2009q2,2009,591,0,1,0,0,1,0,0,0,0,0,0,0,0,0,0,0
7/1/2009,HRV,960,Croatia,-8.3626133,2,2009q3,2009,594,0,1,0,0,1,0,0,0,0,0,0,0,0,0,0,0
10/1/2009,HRV,960,Croatia,-7.1866404,2,2009q4,2009,597,0,1,0,0,1,0,0,0,0,0,0,0,0,0,0,0
1/1/2010,HRV,960,Croatia,-2.395673,2,2010q1,2010,600,0,1,0,0,1,0,0,0,0,0,0,0,0,0,0,0
4/1/2010,HRV,960,Croatia,-0.10660049,2,2010q2,2010,603,0,1,0,0,1,0,0,0,0,0,0,0,0,0,0,0
7/1/2010,HRV,960,Croatia,-6.6505481,2,2010q3,2010,606,0,1,0,0,1,0,0,0,0,0,0,0,0,0,0,0
10/1/2010,HRV,960,Croatia,-3.3219534,2,2010q4,2010,609,0,1,0,0,1,0,0,0,0,0,0,0,0,0,0,0
1/1/2011,HRV,960,Croatia,-4.0077978,2,2011q1,2011,612,0,1,0,0,1,0,0,0,0,0,0,0,0,0,0,0
4/1/2011,HRV,960,Croatia,-2.1180463,2,2011q2,2011,615,0,1,0,0,1,0,0,0,0,0,0,0,0,0,0,0
7/1/2011,HRV,960,Croatia,-2.9461019,2,2011q3,2011,618,0,1,0,0,1,0,0,0,0,0,0,0,0,0,0,0
10/1/2011,HRV,960,Croatia,-2.6896302,2,2011q4,2011,621,0,1,0,0,1,0,0,0,0,0,0,0,0,0,0,0
1/1/2012,HRV,960,Croatia,-4.5306719,2,2012q1,2012,624,0,1,0,0,1,0,0,0,0,0,0,0,0,0,0,0
4/1/2012,HRV,960,Croatia,-3.0519044,2,2012q2,2012,627,0,1,0,0,1,0,0,0,0,0,0,0,0,0,0,0
7/1/2012,HRV,960,Croatia,-3.2861837,2,2012q3,2012,630,0,1,0,0,1,0,0,0,0,0,0,0,0,0,0,0
10/1/2012,HRV,960,Croatia,-1.4382663,2,2012q4,2012,633,0,1,0,0,1,0,0,0,0,0,0,0,0,0,0,0
1/1/2013,HRV,960,Croatia,-1.0656366,2,2013q1,2013,636,0,1,0,0,1,0,0,0,0,0,0,0,0,0,0,0
4/1/2013,HRV,960,Croatia,-2.36648,2,2013q2,2013,639,0,1,0,0,1,0,0,0,0,0,0,0,0,0,0,0
7/1/2013,HRV,960,Croatia,-2.5386686,2,2013q3,2013,642,0,1,0,0,1,0,0,0,0,0,0,0,0,0,0,0
10/1/2013,HRV,960,Croatia,-2.1374223,2,2013q4,2013,645,0,1,0,0,1,0,0,0,0,0,0,0,0,0,0,0
1/1/2014,HRV,960,Croatia,-1.4641667,2,2014q1,2014,648,0,1,0,0,1,0,0,0,0,0,0,0,0,0,0,0
4/1/2014,HRV,960,Croatia,-2.16876,2,2014q2,2014,651,0,1,0,0,1,0,0,0,0,0,0,0,0,0,0,0
7/1/2014,HRV,960,Croatia,-2.8261545,2,2014q3,2014,654,0,1,0,0,1,0,0,0,0,0,0,0,0,0,0,0
10/1/2014,HRV,960,Croatia,3.4749728,2,2014q4,2014,657,0,1,0,0,1,0,0,0,0,0,0,0,0,0,0,0
1/1/2015,HRV,960,Croatia,0.75434573,2,2015q1,2015,660,0,1,0,0,1,0,0,0,0,0,0,0,0,0,0,0
4/1/2015,HRV,960,Croatia,-0.02664102,2,2015q2,2015,663,0,1,0,0,1,0,0,0,0,0,0,0,0,0,0,0
7/1/2015,HRV,960,Croatia,4.7704238,2,2015q3,2015,666,0,1,0,0,1,0,0,0,0,0,0,0,0,0,0,0
10/1/2015,HRV,960,Croatia,-0.83248947,2,2015q4,2015,669,0,1,0,0,1,0,0,0,0,0,0,0,0,0,0,0
1/1/2016,HRV,960,Croatia,-0.01290615,2,2016q1,2016,672,0,1,0,0,1,0,0,0,0,0,0,0,0,0,0,0
4/1/2016,HRV,960,Croatia,1.5417012,2,2016q2,2016,675,0,1,0,0,1,0,0,0,0,0,0,0,0,0,0,0
7/1/2016,HRV,960,Croatia,0.46893911,2,2016q3,2016,678,0,1,0,0,1,0,0,0,0,0,0,0,0,0,0,0
10/1/2016,HRV,960,Croatia,1.2957458,2,2016q4,2016,681,0,1,0,0,1,0,0,0,0,0,0,0,0,0,0,0
1/1/2017,HRV,960,Croatia,2.696155,2,2017q1,2017,684,0,1,0,0,1,0,0,0,0,0,0,0,0,0,0,0
4/1/2017,HRV,960,Croatia,2.2129713,2,2017q2,2017,687,0,1,0,0,1,0,0,0,0,0,0,0,0,0,0,0
7/1/2017,HRV,960,Croatia,1.7448894,2,2017q3,2017,690,0,1,0,0,1,0,0,0,0,0,0,0,0,0,0,0
10/1/2017,HRV,960,Croatia,1.2392319,2,2017q4,2017,693,0,1,0,0,1,0,0,0,0,0,0,0,0,0,0,0
1/1/2018,HRV,960,Croatia,-1.5274362,2,2018q1,2018,696,0,1,0,0,1,0,0,0,0,0,0,0,0,0,0,0
4/1/2018,HRV,960,Croatia,2.3012926,2,2018q2,2018,699,0,1,0,0,1,0,0,0,0,0,0,0,0,0,0,0
7/1/2018,HRV,960,Croatia,0.23212453,2,2018q3,2018,702,0,1,0,0,1,0,0,0,0,0,0,0,0,0,0,0
10/1/2018,HRV,960,Croatia,-2.557475,2,2018q4,2018,705,0,1,0,0,1,0,0,0,0,0,0,0,0,0,0,0
1/1/2019,HRV,960,Croatia,-2.2296269,2,2019q1,2019,708,0,1,0,0,1,0,0,0,0,0,0,0,0,0,0,0
4/1/2019,HRV,960,Croatia,1.1372484,2,2019q2,2019,711,0,1,0,0,1,0,0,0,0,0,0,0,0,0,0,0
7/1/2019,HRV,960,Croatia,3.1207813,2,2019q3,2019,714,0,1,0,0,1,0,0,0,0,0,0,0,0,0,0,0
10/1/2019,HRV,960,Croatia,1.2368149,2,2019q4,2019,717,0,1,0,0,1,0,0,0,0,0,0,0,0,0,0,0
1/1/2020,HRV,960,Croatia,2.2187329,2,2020q1,2020,720,0,1,0,0,1,0,0,0,0,0,0,0,0,0,0,0
4/1/2020,HRV,960,Croatia,-0.78915156,2,2020q2,2020,723,0,1,0,0,1,0,0,0,0,0,0,0,0,0,0,0
7/1/2020,HRV,960,Croatia,-10.732156,2,2020q3,2020,726,0,1,0,0,1,0,0,0,0,0,0,0,0,0,0,0
10/1/2020,HRV,960,Croatia,2.7843587,2,2020q4,2020,729,0,1,0,0,1,0,0,0,0,0,0,0,0,0,0,0
1/1/2021,HRV,960,Croatia,3.3962472,2,2021q1,2021,732,0,1,0,0,1,0,0,0,0,0,0,0,0,0,0,0
4/1/2021,HRV,960,Croatia,-3.0663251,2,2021q2,2021,735,0,1,0,0,1,0,0,0,0,0,0,0,0,0,0,0
7/1/2021,HRV,960,Croatia,-0.14675418,2,2021q3,2021,738,0,1,0,0,1,0,0,0,0,0,0,0,0,0,0,0
10/1/2021,HRV,960,Croatia,-2.8368103,2,2021q4,2021,741,0,1,0,0,1,0,0,0,0,0,0,0,0,0,0,0
1/1/2022,HRV,960,Croatia,-6.94228,2,2022q1,2022,744,0,1,0,0,1,0,0,0,0,0,0,0,0,0,0,0
4/1/2022,HRV,960,Croatia,-3.4567588,2,2022q2,2022,747,0,1,0,0,1,0,0,0,0,0,0,0,0,0,0,0
7/1/2022,HRV,960,Croatia,-4.3018478,2,2022q3,2022,750,0,1,0,0,1,0,0,0,0,0,0,0,0,0,0,0
10/1/2022,HRV,960,Croatia,-4.9781706,2,2022q4,2022,753,0,1,0,0,1,0,0,0,0,0,0,0,0,0,0,0
1/1/2023,HRV,960,Croatia,-1.9393303,2,2023q1,2023,756,0,1,0,0,1,0,0,0,0,0,0,0,0,0,0,0
4/1/2023,HRV,960,Croatia,-0.45102132,2,2023q2,2023,759,0,1,0,0,1,0,0,0,0,0,0,0,0,0,0,0
7/1/2023,HRV,960,Croatia,-0.98932436,2,2023q3,2023,762,0,1,0,0,1,0,0,0,0,0,0,0,0,0,0,0
10/1/2023,HRV,960,Croatia,-0.1331347,2,2023q4,2023,765,0,1,0,0,1,0,0,0,0,0,0,0,0,0,0,0
1/1/2024,HRV,960,Croatia,-1.2217832,2,2024q1,2024,768,0,1,0,0,1,0,0,0,0,0,0,0,0,0,0,0
4/1/2024,HRV,960,Croatia,-2.1733811,2,2024q2,2024,771,0,1,0,0,1,0,0,0,0,0,0,0,0,0,0,0
7/1/2024,HRV,960,Croatia,-3.848104,2,2024q3,2024,774,0,1,0,0,1,0,0,0,0,0,0,0,0,0,0,0
1/1/1995,SVN,961,Slovenia,3.918679,1,1995q1,1995,420,0,1,1,0,1,0,0,0,0,0,0,0,0,0,0,0
4/1/1995,SVN,961,Slovenia,-2.159164,1,1995q2,1995,423,0,1,1,0,1,0,0,0,0,0,0,0,0,0,0,0
7/1/1995,SVN,961,Slovenia,-0.7079803,1,1995q3,1995,426,0,1,1,0,1,0,0,0,0,0,0,0,0,0,0,0
10/1/1995,SVN,961,Slovenia,-2.779005,1,1995q4,1995,429,0,1,1,0,1,0,0,0,0,0,0,0,0,0,0,0
1/1/1996,SVN,961,Slovenia,-0.1762258,1,1996q1,1996,432,0,1,1,0,1,0,0,0,0,0,0,0,0,0,0,0
4/1/1996,SVN,961,Slovenia,-0.2762468,1,1996q2,1996,435,0,1,1,0,1,0,0,0,0,0,0,0,0,0,0,0
7/1/1996,SVN,961,Slovenia,0.8219878,1,1996q3,1996,438,0,1,1,0,1,0,0,0,0,0,0,0,0,0,0,0
10/1/1996,SVN,961,Slovenia,0.1704491,1,1996q4,1996,441,0,1,1,0,1,0,0,0,0,0,0,0,0,0,0,0
1/1/1997,SVN,961,Slovenia,-1.672141,1,1997q1,1997,444,0,1,1,0,1,0,0,0,0,0,0,0,0,0,0,0
4/1/1997,SVN,961,Slovenia,0.276218,1,1997q2,1997,447,0,1,1,0,1,0,0,0,0,0,0,0,0,0,0,0
7/1/1997,SVN,961,Slovenia,-0.3649986,1,1997q3,1997,450,0,1,1,0,1,0,0,0,0,0,0,0,0,0,0,0
10/1/1997,SVN,961,Slovenia,2.525589,1,1997q4,1997,453,0,1,1,0,1,0,0,0,0,0,0,0,0,0,0,0
1/1/1998,SVN,961,Slovenia,-3.079699,1,1998q1,1998,456,0,1,1,0,1,0,0,0,0,0,0,0,0,0,0,0
4/1/1998,SVN,961,Slovenia,0.1605846,1,1998q2,1998,459,0,1,1,0,1,0,0,0,0,0,0,0,0,0,0,0
7/1/1998,SVN,961,Slovenia,0.6436426,1,1998q3,1998,462,0,1,1,0,1,0,0,0,0,0,0,0,0,0,0,0
10/1/1998,SVN,961,Slovenia,-0.8344682,1,1998q4,1998,465,0,1,1,0,1,0,0,0,0,0,0,0,0,0,0,0
1/1/1999,SVN,961,Slovenia,-2.288016,1,1999q1,1999,468,0,1,1,0,1,0,0,0,0,0,0,0,0,0,0,0
4/1/1999,SVN,961,Slovenia,-10.35208,1,1999q2,1999,471,0,1,1,0,1,0,0,0,0,0,0,0,0,0,0,0
7/1/1999,SVN,961,Slovenia,-0.493514,1,1999q3,1999,474,0,1,1,0,1,0,0,0,0,0,0,0,0,0,0,0
10/1/1999,SVN,961,Slovenia,-2.193517,1,1999q4,1999,477,0,1,1,0,1,0,0,0,0,0,0,0,0,0,0,0
1/1/2000,SVN,961,Slovenia,-4.733563,1,2000q1,2000,480,0,1,1,0,1,0,0,0,0,0,0,0,0,0,0,0
4/1/2000,SVN,961,Slovenia,-2.097086,1,2000q2,2000,483,0,1,1,0,1,0,0,0,0,0,0,0,0,0,0,0
7/1/2000,SVN,961,Slovenia,-4.471567,1,2000q3,2000,486,0,1,1,0,1,0,0,0,0,0,0,0,0,0,0,0
10/1/2000,SVN,961,Slovenia,-1.567904,1,2000q4,2000,489,0,1,1,0,1,0,0,0,0,0,0,0,0,0,0,0
1/1/2001,SVN,961,Slovenia,0.5610165,1,2001q1,2001,492,0,1,1,0,1,0,0,0,0,0,0,0,0,0,0,0
4/1/2001,SVN,961,Slovenia,-1.204235,1,2001q2,2001,495,0,1,1,0,1,0,0,0,0,0,0,0,0,0,0,0
7/1/2001,SVN,961,Slovenia,0.5304893,1,2001q3,2001,498,0,1,1,0,1,0,0,0,0,0,0,0,0,0,0,0
10/1/2001,SVN,961,Slovenia,0.5128862,1,2001q4,2001,501,0,1,1,0,1,0,0,0,0,0,0,0,0,0,0,0
1/1/2002,SVN,961,Slovenia,-0.123342,1,2002q1,2002,504,0,1,1,0,1,0,0,0,0,0,0,0,0,0,0,0
4/1/2002,SVN,961,Slovenia,1.408553,1,2002q2,2002,507,0,1,1,0,1,0,0,0,0,0,0,0,0,0,0,0
7/1/2002,SVN,961,Slovenia,2.18907,1,2002q3,2002,510,0,1,1,0,1,0,0,0,0,0,0,0,0,0,0,0
10/1/2002,SVN,961,Slovenia,0.5777261,1,2002q4,2002,513,0,1,1,0,1,0,0,0,0,0,0,0,0,0,0,0
1/1/2003,SVN,961,Slovenia,-1.285182,1,2003q1,2003,516,0,1,1,0,1,0,0,0,0,0,0,0,0,0,0,0
4/1/2003,SVN,961,Slovenia,-0.9711402,1,2003q2,2003,519,0,1,1,0,1,0,0,0,0,0,0,0,0,0,0,0
7/1/2003,SVN,961,Slovenia,-0.2428577,1,2003q3,2003,522,0,1,1,0,1,0,0,0,0,0,0,0,0,0,0,0
10/1/2003,SVN,961,Slovenia,-0.5281797,1,2003q4,2003,525,0,1,1,0,1,0,0,0,0,0,0,0,0,0,0,0
1/1/2004,SVN,961,Slovenia,-1.870781,1,2004q1,2004,528,0,1,1,0,1,0,0,0,0,0,0,0,0,0,0,0
4/1/2004,SVN,961,Slovenia,-3.58574,1,2004q2,2004,531,0,1,1,0,1,0,0,0,0,0,0,0,0,0,0,0
7/1/2004,SVN,961,Slovenia,-2.626852,1,2004q3,2004,534,0,1,1,0,1,0,0,0,0,0,0,0,0,0,0,0
10/1/2004,SVN,961,Slovenia,-2.653547,1,2004q4,2004,537,0,1,1,0,1,0,0,0,0,0,0,0,0,0,0,0
1/1/2005,SVN,961,Slovenia,-2.358433,1,2005q1,2005,540,0,1,1,0,1,0,0,0,0,0,0,0,0,0,0,0
4/1/2005,SVN,961,Slovenia,0.164812,1,2005q2,2005,543,0,1,1,0,1,0,0,0,0,0,0,0,0,0,0,0
7/1/2005,SVN,961,Slovenia,-0.8436195,1,2005q3,2005,546,0,1,1,0,1,0,0,0,0,0,0,0,0,0,0,0
10/1/2005,SVN,961,Slovenia,-4.212315,1,2005q4,2005,549,0,1,1,0,1,0,0,0,0,0,0,0,0,0,0,0
1/1/2006,SVN,961,Slovenia,-1.522744,1,2006q1,2006,552,0,1,1,0,1,0,0,0,0,0,0,0,0,0,0,0
4/1/2006,SVN,961,Slovenia,0.7698319,1,2006q2,2006,555,0,1,1,0,1,0,0,0,0,0,0,0,0,0,0,0
7/1/2006,SVN,961,Slovenia,-2.964316,1,2006q3,2006,558,0,1,1,0,1,0,0,0,0,0,0,0,0,0,0,0
10/1/2006,SVN,961,Slovenia,-3.264354,1,2006q4,2006,561,0,1,1,0,1,0,0,0,0,0,0,0,0,0,0,0
1/1/2007,SVN,961,Slovenia,-1.978154,1,2007q1,2007,564,0,1,1,0,1,0,0,0,0,0,0,0,0,0,1,1
4/1/2007,SVN,961,Slovenia,-3.840694,1,2007q2,2007,567,0,1,1,0,1,0,0,0,0,0,0,0,0,0,1,0
7/1/2007,SVN,961,Slovenia,-4.98686,1,2007q3,2007,570,0,1,1,0,1,0,0,0,0,0,0,0,0,0,1,0
10/1/2007,SVN,961,Slovenia,-4.959732,1,2007q4,2007,573,0,1,1,0,1,0,0,0,0,0,0,0,0,0,1,0
1/1/2008,SVN,961,Slovenia,-4.982707,1,2008q1,2008,576,0,1,1,0,1,0,0,0,0,0,0,0,0,0,1,0
4/1/2008,SVN,961,Slovenia,-5.75251,1,2008q2,2008,579,0,1,1,0,1,0,0,0,0,0,0,0,0,0,1,0
7/1/2008,SVN,961,Slovenia,-6.559207,1,2008q3,2008,582,0,1,1,0,1,0,0,0,0,0,0,0,0,0,1,0
10/1/2008,SVN,961,Slovenia,-4.296002,1,2008q4,2008,585,0,1,1,0,1,0,0,0,0,0,0,0,0,0,1,0
1/1/2009,SVN,961,Slovenia,-3.035412,1,2009q1,2009,588,0,1,1,0,1,0,0,0,0,0,0,0,0,0,1,0
4/1/2009,SVN,961,Slovenia,0.2374972,1,2009q2,2009,591,0,1,1,0,1,0,0,0,0,0,0,0,0,0,1,0
7/1/2009,SVN,961,Slovenia,-2.92637,1,2009q3,2009,594,0,1,1,0,1,0,0,0,0,0,0,0,0,0,1,0
10/1/2009,SVN,961,Slovenia,1.111964,1,2009q4,2009,597,0,1,1,0,1,0,0,0,0,0,0,0,0,0,1,0
1/1/2010,SVN,961,Slovenia,-0.2930105,1,2010q1,2010,600,0,1,1,0,1,0,0,0,0,0,0,0,0,0,1,0
4/1/2010,SVN,961,Slovenia,-1.556016,1,2010q2,2010,603,0,1,1,0,1,0,0,0,0,0,0,0,0,0,1,0
7/1/2010,SVN,961,Slovenia,-0.8986772,1,2010q3,2010,606,0,1,1,0,1,0,0,0,0,0,0,0,0,0,1,0
10/1/2010,SVN,961,Slovenia,-0.2164669,1,2010q4,2010,609,0,1,1,0,1,0,0,0,0,0,0,0,0,0,1,0
1/1/2011,SVN,961,Slovenia,-0.440907,1,2011q1,2011,612,0,1,1,0,1,0,0,0,0,0,0,0,0,0,1,0
4/1/2011,SVN,961,Slovenia,-0.9116141,1,2011q2,2011,615,0,1,1,0,1,0,0,0,0,0,0,0,0,0,1,0
7/1/2011,SVN,961,Slovenia,-1.38565,1,2011q3,2011,618,0,1,1,0,1,0,0,0,0,0,0,0,0,0,1,0
10/1/2011,SVN,961,Slovenia,-0.4506358,1,2011q4,2011,621,0,1,1,0,1,0,0,0,0,0,0,0,0,0,1,0
1/1/2012,SVN,961,Slovenia,-1.276847,1,2012q1,2012,624,0,1,1,0,1,0,0,0,0,0,0,0,0,0,1,0
4/1/2012,SVN,961,Slovenia,0.3156725,1,2012q2,2012,627,0,1,1,0,1,0,0,0,0,0,0,0,0,0,1,0
7/1/2012,SVN,961,Slovenia,2.010467,1,2012q3,2012,630,0,1,1,0,1,0,0,0,0,0,0,0,0,0,1,0
10/1/2012,SVN,961,Slovenia,4.544409,1,2012q4,2012,633,0,1,1,0,1,0,0,0,0,0,0,0,0,0,1,0
1/1/2013,SVN,961,Slovenia,4.083629,1,2013q1,2013,636,0,1,1,0,1,0,0,0,0,0,0,0,0,0,1,0
4/1/2013,SVN,961,Slovenia,3.479373,1,2013q2,2013,639,0,1,1,0,1,0,0,0,0,0,0,0,0,0,1,0
7/1/2013,SVN,961,Slovenia,3.344124,1,2013q3,2013,642,0,1,1,0,1,0,0,0,0,0,0,0,0,0,1,0
10/1/2013,SVN,961,Slovenia,3.406468,1,2013q4,2013,645,0,1,1,0,1,0,0,0,0,0,0,0,0,0,1,0
1/1/2014,SVN,961,Slovenia,4.164987,1,2014q1,2014,648,0,1,1,0,1,0,0,0,0,0,0,0,0,0,1,0
4/1/2014,SVN,961,Slovenia,4.918816,1,2014q2,2014,651,0,1,1,0,1,0,0,0,0,0,0,0,0,0,1,0
7/1/2014,SVN,961,Slovenia,5.42748,1,2014q3,2014,654,0,1,1,0,1,0,0,0,0,0,0,0,0,0,1,0
10/1/2014,SVN,961,Slovenia,6.463109,1,2014q4,2014,657,0,1,1,0,1,0,0,0,0,0,0,0,0,0,1,0
1/1/2015,SVN,961,Slovenia,2.979346,1,2015q1,2015,660,0,1,1,0,1,0,0,0,0,0,0,0,0,0,1,0
4/1/2015,SVN,961,Slovenia,3.282786,1,2015q2,2015,663,0,1,1,0,1,0,0,0,0,0,0,0,0,0,1,0
7/1/2015,SVN,961,Slovenia,4.922977,1,2015q3,2015,666,0,1,1,0,1,0,0,0,0,0,0,0,0,0,1,0
10/1/2015,SVN,961,Slovenia,5.3151,1,2015q4,2015,669,0,1,1,0,1,0,0,0,0,0,0,0,0,0,1,0
1/1/2016,SVN,961,Slovenia,5.536628,1,2016q1,2016,672,0,1,1,0,1,0,0,0,0,0,0,0,0,0,1,0
4/1/2016,SVN,961,Slovenia,5.235336,1,2016q2,2016,675,0,1,1,0,1,0,0,0,0,0,0,0,0,0,1,0
7/1/2016,SVN,961,Slovenia,5.07105,1,2016q3,2016,678,0,1,1,0,1,0,0,0,0,0,0,0,0,0,1,0
10/1/2016,SVN,961,Slovenia,4.865194,1,2016q4,2016,681,0,1,1,0,1,0,0,0,0,0,0,0,0,0,1,0
1/1/2017,SVN,961,Slovenia,5.633739,1,2017q1,2017,684,0,1,1,0,1,0,0,0,0,0,0,0,0,0,1,0
4/1/2017,SVN,961,Slovenia,5.442106,1,2017q2,2017,687,0,1,1,0,1,0,0,0,0,0,0,0,0,0,1,0
7/1/2017,SVN,961,Slovenia,8.629958,1,2017q3,2017,690,0,1,1,0,1,0,0,0,0,0,0,0,0,0,1,0
10/1/2017,SVN,961,Slovenia,7.112339,1,2017q4,2017,693,0,1,1,0,1,0,0,0,0,0,0,0,0,0,1,0
1/1/2018,SVN,961,Slovenia,6.226995,1,2018q1,2018,696,0,1,1,0,1,0,0,0,0,0,0,0,0,0,1,0
4/1/2018,SVN,961,Slovenia,6.06082,1,2018q2,2018,699,0,1,1,0,1,0,0,0,0,0,0,0,0,0,1,0
7/1/2018,SVN,961,Slovenia,7.187109,1,2018q3,2018,702,0,1,1,0,1,0,0,0,0,0,0,0,0,0,1,0
10/1/2018,SVN,961,Slovenia,6.147478,1,2018q4,2018,705,0,1,1,0,1,0,0,0,0,0,0,0,0,0,1,0
1/1/2019,SVN,961,Slovenia,7.005856,1,2019q1,2019,708,0,1,1,0,1,0,0,0,0,0,0,0,0,0,1,0
4/1/2019,SVN,961,Slovenia,6.188291,1,2019q2,2019,711,0,1,1,0,1,0,0,0,0,0,0,0,0,0,1,0
7/1/2019,SVN,961,Slovenia,5.802079,1,2019q3,2019,714,0,1,1,0,1,0,0,0,0,0,0,0,0,0,1,0
10/1/2019,SVN,961,Slovenia,6.749007,1,2019q4,2019,717,0,1,1,0,1,0,0,0,0,0,0,0,0,0,1,0
1/1/2020,SVN,961,Slovenia,8.618577,1,2020q1,2020,720,0,1,1,0,1,0,0,0,0,0,0,0,0,0,1,0
4/1/2020,SVN,961,Slovenia,6.483308,1,2020q2,2020,723,0,1,1,0,1,0,0,0,0,0,0,0,0,0,1,0
7/1/2020,SVN,961,Slovenia,6.892621,1,2020q3,2020,726,0,1,1,0,1,0,0,0,0,0,0,0,0,0,1,0
10/1/2020,SVN,961,Slovenia,9.245972,1,2020q4,2020,729,0,1,1,0,1,0,0,0,0,0,0,0,0,0,1,0
1/1/2021,SVN,961,Slovenia,7.194426,1,2021q1,2021,732,0,1,1,0,1,0,0,0,0,0,0,0,0,0,1,0
4/1/2021,SVN,961,Slovenia,2.572777,1,2021q2,2021,735,0,1,1,0,1,0,0,0,0,0,0,0,0,0,1,0
7/1/2021,SVN,961,Slovenia,3.611203,1,2021q3,2021,738,0,1,1,0,1,0,0,0,0,0,0,0,0,0,1,0
10/1/2021,SVN,961,Slovenia,2.201238,1,2021q4,2021,741,0,1,1,0,1,0,0,0,0,0,0,0,0,0,1,0
1/1/2022,SVN,961,Slovenia,-2.013881,1,2022q1,2022,744,0,1,1,0,1,0,0,0,0,0,0,0,0,0,1,0
4/1/2022,SVN,961,Slovenia,-2.761949,1,2022q2,2022,747,0,1,1,0,1,0,0,0,0,0,0,0,0,0,1,0
7/1/2022,SVN,961,Slovenia,0.3628355,1,2022q3,2022,750,0,1,1,0,1,0,0,0,0,0,0,0,0,0,1,0
10/1/2022,SVN,961,Slovenia,0.05953707,1,2022q4,2022,753,0,1,1,0,1,0,0,0,0,0,0,0,0,0,1,0
1/1/2023,SVN,961,Slovenia,3.751246,1,2023q1,2023,756,0,1,1,0,1,0,0,0,0,0,0,0,0,0,1,0
4/1/2023,SVN,961,Slovenia,5.687509,1,2023q2,2023,759,0,1,1,0,1,0,0,0,0,0,0,0,0,0,1,0
7/1/2023,SVN,961,Slovenia,3.050082,1,2023q3,2023,762,0,1,1,0,1,0,0,0,0,0,0,0,0,0,1,0
10/1/2023,SVN,961,Slovenia,4.733748,1,2023q4,2023,765,0,1,1,0,1,0,0,0,0,0,0,0,0,0,1,0
1/1/2024,SVN,961,Slovenia,3.257201,1,2024q1,2024,768,0,1,1,0,1,0,0,0,0,0,0,0,0,0,1,0
4/1/2024,SVN,961,Slovenia,3.602558,1,2024q2,2024,771,0,1,1,0,1,0,0,0,0,0,0,0,0,0,1,0
7/1/2024,SVN,961,Slovenia,5.717769,1,2024q3,2024,774,0,1,1,0,1,0,0,0,0,0,0,0,0,0,1,0
10/1/2024,SVN,961,Slovenia,4.751618,1,2024q4,2024,777,0,1,1,0,1,0,0,0,0,0,0,0,0,0,1,0
1/1/2011,MKD,962,Macedonia,-7.8946412,2,2011q1,2011,612,0,1,0,0,1,0,0,0,0,0,0,0,0,0,0,0
4/1/2011,MKD,962,Macedonia,-3.403979,2,2011q2,2011,615,0,1,0,0,1,0,0,0,0,0,0,0,0,0,0,0
7/1/2011,MKD,962,Macedonia,-3.355111,2,2011q3,2011,618,0,1,0,0,1,0,0,0,0,0,0,0,0,0,0,0
10/1/2011,MKD,962,Macedonia,3.2133129,2,2011q4,2011,621,0,1,0,0,1,0,0,0,0,0,0,0,0,0,0,0
1/1/2012,MKD,962,Macedonia,-2.6991913,2,2012q1,2012,624,0,1,0,0,1,0,0,0,0,0,0,0,0,0,0,0
4/1/2012,MKD,962,Macedonia,-1.6959938,2,2012q2,2012,627,0,1,0,0,1,0,0,0,0,0,0,0,0,0,0,0
7/1/2012,MKD,962,Macedonia,-3.5610026,2,2012q3,2012,630,0,1,0,0,1,0,0,0,0,0,0,0,0,0,0,0
10/1/2012,MKD,962,Macedonia,-5.0328796,2,2012q4,2012,633,0,1,0,0,1,0,0,0,0,0,0,0,0,0,0,0
1/1/2013,MKD,962,Macedonia,-2.441064,2,2013q1,2013,636,0,1,0,0,1,0,0,0,0,0,0,0,0,0,0,0
4/1/2013,MKD,962,Macedonia,-3.1810791,2,2013q2,2013,639,0,1,0,0,1,0,0,0,0,0,0,0,0,0,0,0
7/1/2013,MKD,962,Macedonia,-0.68195986,2,2013q3,2013,642,0,1,0,0,1,0,0,0,0,0,0,0,0,0,0,0
10/1/2013,MKD,962,Macedonia,-1.0039113,2,2013q4,2013,645,0,1,0,0,1,0,0,0,0,0,0,0,0,0,0,0
1/1/2014,MKD,962,Macedonia,-1.9707547,2,2014q1,2014,648,0,1,0,0,1,0,0,0,0,0,0,0,0,0,0,0
4/1/2014,MKD,962,Macedonia,-1.4790713,2,2014q2,2014,651,0,1,0,0,1,0,0,0,0,0,0,0,0,0,0,0
7/1/2014,MKD,962,Macedonia,-0.37343752,2,2014q3,2014,654,0,1,0,0,1,0,0,0,0,0,0,0,0,0,0,0
10/1/2014,MKD,962,Macedonia,2.0372289,2,2014q4,2014,657,0,1,0,0,1,0,0,0,0,0,0,0,0,0,0,0
1/1/2015,MKD,962,Macedonia,0.48084658,2,2015q1,2015,660,0,1,0,0,1,0,0,0,0,0,0,0,0,0,0,0
4/1/2015,MKD,962,Macedonia,-1.9043041,2,2015q2,2015,663,0,1,0,0,1,0,0,0,0,0,0,0,0,0,0,0
7/1/2015,MKD,962,Macedonia,-1.668995,2,2015q3,2015,666,0,1,0,0,1,0,0,0,0,0,0,0,0,0,0,0
10/1/2015,MKD,962,Macedonia,-3.9801683,2,2015q4,2015,669,0,1,0,0,1,0,0,0,0,0,0,0,0,0,0,0
1/1/2016,MKD,962,Macedonia,1.35557,2,2016q1,2016,672,0,1,0,0,1,0,0,0,0,0,0,0,0,0,0,0
4/1/2016,MKD,962,Macedonia,-6.4680822,2,2016q2,2016,675,0,1,0,0,1,0,0,0,0,0,0,0,0,0,0,0
7/1/2016,MKD,962,Macedonia,-2.3660837,2,2016q3,2016,678,0,1,0,0,1,0,0,0,0,0,0,0,0,0,0,0
10/1/2016,MKD,962,Macedonia,-3.0324145,2,2016q4,2016,681,0,1,0,0,1,0,0,0,0,0,0,0,0,0,0,0
1/1/2017,MKD,962,Macedonia,-2.2713629,2,2017q1,2017,684,0,1,0,0,1,0,0,0,0,0,0,0,0,0,0,0
4/1/2017,MKD,962,Macedonia,-1.5118228,2,2017q2,2017,687,0,1,0,0,1,0,0,0,0,0,0,0,0,0,0,0
7/1/2017,MKD,962,Macedonia,0.65846854,2,2017q3,2017,690,0,1,0,0,1,0,0,0,0,0,0,0,0,0,0,0
10/1/2017,MKD,962,Macedonia,-0.49635051,2,2017q4,2017,693,0,1,0,0,1,0,0,0,0,0,0,0,0,0,0,0
1/1/2018,MKD,962,Macedonia,-2.2960395,2,2018q1,2018,696,0,1,0,0,1,0,0,0,0,0,0,0,0,0,0,0
4/1/2018,MKD,962,Macedonia,3.2411384,2,2018q2,2018,699,0,1,0,0,1,0,0,0,0,0,0,0,0,0,0,0
7/1/2018,MKD,962,Macedonia,1.0179196,2,2018q3,2018,702,0,1,0,0,1,0,0,0,0,0,0,0,0,0,0,0
10/1/2018,MKD,962,Macedonia,-1.3737213,2,2018q4,2018,705,0,1,0,0,1,0,0,0,0,0,0,0,0,0,0,0
1/1/2019,MKD,962,Macedonia,-3.4881654,2,2019q1,2019,708,0,1,0,0,1,0,0,0,0,0,0,0,0,0,0,0
4/1/2019,MKD,962,Macedonia,-0.23617062,2,2019q2,2019,711,0,1,0,0,1,0,0,0,0,0,0,0,0,0,0,0
7/1/2019,MKD,962,Macedonia,-0.69346709,2,2019q3,2019,714,0,1,0,0,1,0,0,0,0,0,0,0,0,0,0,0
10/1/2019,MKD,962,Macedonia,-7.5846353,2,2019q4,2019,717,0,1,0,0,1,0,0,0,0,0,0,0,0,0,0,0
1/1/2020,MKD,962,Macedonia,-2.6353203,2,2020q1,2020,720,0,1,0,0,1,0,0,0,0,0,0,0,0,0,0,0
4/1/2020,MKD,962,Macedonia,-1.6565936,2,2020q2,2020,723,0,1,0,0,1,0,0,0,0,0,0,0,0,0,0,0
7/1/2020,MKD,962,Macedonia,-7.862658,2,2020q3,2020,726,0,1,0,0,1,0,0,0,0,0,0,0,0,0,0,0
10/1/2020,MKD,962,Macedonia,0.11773674,2,2020q4,2020,729,0,1,0,0,1,0,0,0,0,0,0,0,0,0,0,0
1/1/2021,MKD,962,Macedonia,1.9497324,2,2021q1,2021,732,0,1,0,0,1,0,0,0,0,0,0,0,0,0,0,0
4/1/2021,MKD,962,Macedonia,-1.0271723,2,2021q2,2021,735,0,1,0,0,1,0,0,0,0,0,0,0,0,0,0,0
7/1/2021,MKD,962,Macedonia,-2.8472082,2,2021q3,2021,738,0,1,0,0,1,0,0,0,0,0,0,0,0,0,0,0
10/1/2021,MKD,962,Macedonia,-8.3441115,2,2021q4,2021,741,0,1,0,0,1,0,0,0,0,0,0,0,0,0,0,0
1/1/2022,MKD,962,Macedonia,-10.903168,2,2022q1,2022,744,0,1,0,0,1,0,0,0,0,0,0,0,0,0,0,0
4/1/2022,MKD,962,Macedonia,-5.5941623,2,2022q2,2022,747,0,1,0,0,1,0,0,0,0,0,0,0,0,0,0,0
7/1/2022,MKD,962,Macedonia,-3.4786056,2,2022q3,2022,750,0,1,0,0,1,0,0,0,0,0,0,0,0,0,0,0
10/1/2022,MKD,962,Macedonia,-5.1655684,2,2022q4,2022,753,0,1,0,0,1,0,0,0,0,0,0,0,0,0,0,0
1/1/2023,MKD,962,Macedonia,5.1043735,2,2023q1,2023,756,0,1,0,0,1,0,0,0,0,0,0,0,0,0,0,0
4/1/2023,MKD,962,Macedonia,-1.8554196,2,2023q2,2023,759,0,1,0,0,1,0,0,0,0,0,0,0,0,0,0,0
7/1/2023,MKD,962,Macedonia,-0.50446585,2,2023q3,2023,762,0,1,0,0,1,0,0,0,0,0,0,0,0,0,0,0
10/1/2023,MKD,962,Macedonia,-0.95621905,2,2023q4,2023,765,0,1,0,0,1,0,0,0,0,0,0,0,0,0,0,0
1/1/2024,MKD,962,Macedonia,-2.8678293,2,2024q1,2024,768,0,1,0,0,1,0,0,0,0,0,0,0,0,0,0,0
4/1/2024,MKD,962,Macedonia,-1.0540186,2,2024q2,2024,771,0,1,0,0,1,0,0,0,0,0,0,0,0,0,0,0
7/1/2024,MKD,962,Macedonia,-0.02816365,2,2024q3,2024,774,0,1,0,0,1,0,0,0,0,0,0,0,0,0,0,0
1/1/2010,BIH,963,Bosnia and Herzegovina,-4.2521029,2,2010q1,2010,600,0,1,0,0,1,0,0,0,0,0,0,0,0,0,0,0
4/1/2010,BIH,963,Bosnia and Herzegovina,-4.5218915,2,2010q2,2010,603,0,1,0,0,1,0,0,0,0,0,0,0,0,0,0,0
7/1/2010,BIH,963,Bosnia and Herzegovina,-8.4464033,2,2010q3,2010,606,0,1,0,0,1,0,0,0,0,0,0,0,0,0,0,0
10/1/2010,BIH,963,Bosnia and Herzegovina,-6.4195231,2,2010q4,2010,609,0,1,0,0,1,0,0,0,0,0,0,0,0,0,0,0
1/1/2011,BIH,963,Bosnia and Herzegovina,-6.7792796,2,2011q1,2011,612,0,1,0,0,1,0,0,0,0,0,0,0,0,0,0,0
4/1/2011,BIH,963,Bosnia and Herzegovina,-9.8653066,2,2011q2,2011,615,0,1,0,0,1,0,0,0,0,0,0,0,0,0,0,0
7/1/2011,BIH,963,Bosnia and Herzegovina,-9.0269395,2,2011q3,2011,618,0,1,0,0,1,0,0,0,0,0,0,0,0,0,0,0
10/1/2011,BIH,963,Bosnia and Herzegovina,-11.911829,2,2011q4,2011,621,0,1,0,0,1,0,0,0,0,0,0,0,0,0,0,0
1/1/2012,BIH,963,Bosnia and Herzegovina,-9.4082789,2,2012q1,2012,624,0,1,0,0,1,0,0,0,0,0,0,0,0,0,0,0
4/1/2012,BIH,963,Bosnia and Herzegovina,-8.9467527,2,2012q2,2012,627,0,1,0,0,1,0,0,0,0,0,0,0,0,0,0,0
7/1/2012,BIH,963,Bosnia and Herzegovina,-9.2864555,2,2012q3,2012,630,0,1,0,0,1,0,0,0,0,0,0,0,0,0,0,0
10/1/2012,BIH,963,Bosnia and Herzegovina,-7.003215,2,2012q4,2012,633,0,1,0,0,1,0,0,0,0,0,0,0,0,0,0,0
1/1/2013,BIH,963,Bosnia and Herzegovina,-6.6815021,2,2013q1,2013,636,0,1,0,0,1,0,0,0,0,0,0,0,0,0,0,0
4/1/2013,BIH,963,Bosnia and Herzegovina,-4.6928937,2,2013q2,2013,639,0,1,0,0,1,0,0,0,0,0,0,0,0,0,0,0
7/1/2013,BIH,963,Bosnia and Herzegovina,-4.5843435,2,2013q3,2013,642,0,1,0,0,1,0,0,0,0,0,0,0,0,0,0,0
10/1/2013,BIH,963,Bosnia and Herzegovina,-5.5963527,2,2013q4,2013,645,0,1,0,0,1,0,0,0,0,0,0,0,0,0,0,0
1/1/2014,BIH,963,Bosnia and Herzegovina,-7.596615,2,2014q1,2014,648,0,1,0,0,1,0,0,0,0,0,0,0,0,0,0,0
4/1/2014,BIH,963,Bosnia and Herzegovina,-8.2964181,2,2014q2,2014,651,0,1,0,0,1,0,0,0,0,0,0,0,0,0,0,0
7/1/2014,BIH,963,Bosnia and Herzegovina,-7.2353496,2,2014q3,2014,654,0,1,0,0,1,0,0,0,0,0,0,0,0,0,0,0
10/1/2014,BIH,963,Bosnia and Herzegovina,-6.3563285,2,2014q4,2014,657,0,1,0,0,1,0,0,0,0,0,0,0,0,0,0,0
1/1/2015,BIH,963,Bosnia and Herzegovina,-4.5577396,2,2015q1,2015,660,0,1,0,0,1,0,0,0,0,0,0,0,0,0,0,0
4/1/2015,BIH,963,Bosnia and Herzegovina,-6.0705815,2,2015q2,2015,663,0,1,0,0,1,0,0,0,0,0,0,0,0,0,0,0
7/1/2015,BIH,963,Bosnia and Herzegovina,-5.9932017,2,2015q3,2015,666,0,1,0,0,1,0,0,0,0,0,0,0,0,0,0,0
10/1/2015,BIH,963,Bosnia and Herzegovina,-3.5800302,2,2015q4,2015,669,0,1,0,0,1,0,0,0,0,0,0,0,0,0,0,0
1/1/2016,BIH,963,Bosnia and Herzegovina,-5.5424379,2,2016q1,2016,672,0,1,0,0,1,0,0,0,0,0,0,0,0,0,0,0
4/1/2016,BIH,963,Bosnia and Herzegovina,-4.8988655,2,2016q2,2016,675,0,1,0,0,1,0,0,0,0,0,0,0,0,0,0,0
7/1/2016,BIH,963,Bosnia and Herzegovina,-3.5002706,2,2016q3,2016,678,0,1,0,0,1,0,0,0,0,0,0,0,0,0,0,0
10/1/2016,BIH,963,Bosnia and Herzegovina,-5.2249014,2,2016q4,2016,681,0,1,0,0,1,0,0,0,0,0,0,0,0,0,0,0
1/1/2017,BIH,963,Bosnia and Herzegovina,-4.3641287,2,2017q1,2017,684,0,1,0,0,1,0,0,0,0,0,0,0,0,0,0,0
4/1/2017,BIH,963,Bosnia and Herzegovina,-6.3683991,2,2017q2,2017,687,0,1,0,0,1,0,0,0,0,0,0,0,0,0,0,0
7/1/2017,BIH,963,Bosnia and Herzegovina,-4.4392341,2,2017q3,2017,690,0,1,0,0,1,0,0,0,0,0,0,0,0,0,0,0
10/1/2017,BIH,963,Bosnia and Herzegovina,-4.1817295,2,2017q4,2017,693,0,1,0,0,1,0,0,0,0,0,0,0,0,0,0,0
1/1/2018,BIH,963,Bosnia and Herzegovina,-4.7620394,2,2018q1,2018,696,0,1,0,0,1,0,0,0,0,0,0,0,0,0,0,0
4/1/2018,BIH,963,Bosnia and Herzegovina,-1.8106363,2,2018q2,2018,699,0,1,0,0,1,0,0,0,0,0,0,0,0,0,0,0
7/1/2018,BIH,963,Bosnia and Herzegovina,-3.1413763,2,2018q3,2018,702,0,1,0,0,1,0,0,0,0,0,0,0,0,0,0,0
10/1/2018,BIH,963,Bosnia and Herzegovina,-3.5362907,2,2018q4,2018,705,0,1,0,0,1,0,0,0,0,0,0,0,0,0,0,0
1/1/2019,BIH,963,Bosnia and Herzegovina,-4.3278915,2,2019q1,2019,708,0,1,0,0,1,0,0,0,0,0,0,0,0,0,0,0
4/1/2019,BIH,963,Bosnia and Herzegovina,-1.7509898,2,2019q2,2019,711,0,1,0,0,1,0,0,0,0,0,0,0,0,0,0,0
7/1/2019,BIH,963,Bosnia and Herzegovina,-1.3246798,2,2019q3,2019,714,0,1,0,0,1,0,0,0,0,0,0,0,0,0,0,0
10/1/2019,BIH,963,Bosnia and Herzegovina,-3.3305381,2,2019q4,2019,717,0,1,0,0,1,0,0,0,0,0,0,0,0,0,0,0
1/1/2020,BIH,963,Bosnia and Herzegovina,-2.0950449,2,2020q1,2020,720,0,1,0,0,1,0,0,0,0,0,0,0,0,0,0,0
4/1/2020,BIH,963,Bosnia and Herzegovina,-2.1136193,2,2020q2,2020,723,0,1,0,0,1,0,0,0,0,0,0,0,0,0,0,0
7/1/2020,BIH,963,Bosnia and Herzegovina,-4.8575327,2,2020q3,2020,726,0,1,0,0,1,0,0,0,0,0,0,0,0,0,0,0
10/1/2020,BIH,963,Bosnia and Herzegovina,-2.2847222,2,2020q4,2020,729,0,1,0,0,1,0,0,0,0,0,0,0,0,0,0,0
1/1/2021,BIH,963,Bosnia and Herzegovina,-0.42639804,2,2021q1,2021,732,0,1,0,0,1,0,0,0,0,0,0,0,0,0,0,0
4/1/2021,BIH,963,Bosnia and Herzegovina,-2.4314526,2,2021q2,2021,735,0,1,0,0,1,0,0,0,0,0,0,0,0,0,0,0
7/1/2021,BIH,963,Bosnia and Herzegovina,-1.4138868,2,2021q3,2021,738,0,1,0,0,1,0,0,0,0,0,0,0,0,0,0,0
10/1/2021,BIH,963,Bosnia and Herzegovina,-1.8379067,2,2021q4,2021,741,0,1,0,0,1,0,0,0,0,0,0,0,0,0,0,0
1/1/2022,BIH,963,Bosnia and Herzegovina,-3.3582872,2,2022q1,2022,744,0,1,0,0,1,0,0,0,0,0,0,0,0,0,0,0
4/1/2022,BIH,963,Bosnia and Herzegovina,-5.5077571,2,2022q2,2022,747,0,1,0,0,1,0,0,0,0,0,0,0,0,0,0,0
7/1/2022,BIH,963,Bosnia and Herzegovina,-3.7571334,2,2022q3,2022,750,0,1,0,0,1,0,0,0,0,0,0,0,0,0,0,0
10/1/2022,BIH,963,Bosnia and Herzegovina,-4.9548705,2,2022q4,2022,753,0,1,0,0,1,0,0,0,0,0,0,0,0,0,0,0
1/1/2023,BIH,963,Bosnia and Herzegovina,-2.4613264,2,2023q1,2023,756,0,1,0,0,1,0,0,0,0,0,0,0,0,0,0,0
4/1/2023,BIH,963,Bosnia and Herzegovina,-2.682708,2,2023q2,2023,759,0,1,0,0,1,0,0,0,0,0,0,0,0,0,0,0
7/1/2023,BIH,963,Bosnia and Herzegovina,-1.9551114,2,2023q3,2023,762,0,1,0,0,1,0,0,0,0,0,0,0,0,0,0,0
10/1/2023,BIH,963,Bosnia and Herzegovina,-2.4267468,2,2023q4,2023,765,0,1,0,0,1,0,0,0,0,0,0,0,0,0,0,0
1/1/2024,BIH,963,Bosnia and Herzegovina,-6.9423866,2,2024q1,2024,768,0,1,0,0,1,0,0,0,0,0,0,0,0,0,0,0
4/1/2024,BIH,963,Bosnia and Herzegovina,-3.350346,2,2024q2,2024,771,0,1,0,0,1,0,0,0,0,0,0,0,0,0,0,0
1/1/1985,POL,964,Poland,2.0130773,4,1985q1,1985,300,0,1,1,0,1,0,0,0,0,0,0,0,1,0,0,0
4/1/1985,POL,964,Poland,-0.46112604,4,1985q2,1985,303,0,1,1,0,1,0,0,0,0,0,0,0,1,0,0,0
7/1/1985,POL,964,Poland,-6.1744709,4,1985q3,1985,306,0,1,1,0,1,0,0,0,0,0,0,0,1,0,0,0
10/1/1985,POL,964,Poland,-2.2684239,4,1985q4,1985,309,0,1,1,0,1,0,0,0,0,0,0,0,1,0,0,0
1/1/1986,POL,964,Poland,-2.0077112,4,1986q1,1986,312,0,1,1,0,1,0,0,0,0,0,0,0,1,0,0,0
4/1/1986,POL,964,Poland,-1.8965916,4,1986q2,1986,315,0,1,1,0,1,0,0,0,0,0,0,0,1,0,0,0
7/1/1986,POL,964,Poland,-2.7170239,4,1986q3,1986,318,0,1,1,0,1,0,0,0,0,0,0,0,1,0,0,0
10/1/1986,POL,964,Poland,0.78052179,4,1986q4,1986,321,0,1,1,0,1,0,0,0,0,0,0,0,1,0,0,0
1/1/1987,POL,964,Poland,-1.5277426,4,1987q1,1987,324,0,1,1,0,1,0,0,0,0,0,0,0,1,0,0,0
4/1/1987,POL,964,Poland,-1.5060251,4,1987q2,1987,327,0,1,1,0,1,0,0,0,0,0,0,0,1,0,0,0
7/1/1987,POL,964,Poland,-0.59468503,4,1987q3,1987,330,0,1,1,0,1,0,0,0,0,0,0,0,1,0,0,0
10/1/1987,POL,964,Poland,-0.82002656,4,1987q4,1987,333,0,1,1,0,1,0,0,0,0,0,0,0,1,0,0,0
1/1/1988,POL,964,Poland,-0.99848908,4,1988q1,1988,336,0,1,1,0,1,0,0,0,0,0,0,0,1,0,0,0
4/1/1988,POL,964,Poland,-0.8824153,4,1988q2,1988,339,0,1,1,0,1,0,0,0,0,0,0,0,1,0,0,0
7/1/1988,POL,964,Poland,-0.26399986,4,1988q3,1988,342,0,1,1,0,1,0,0,0,0,0,0,0,1,0,0,0
10/1/1988,POL,964,Poland,-0.29783443,4,1988q4,1988,345,0,1,1,0,1,0,0,0,0,0,0,0,1,0,0,0
1/1/1989,POL,964,Poland,-2.3798652,4,1989q1,1989,348,0,1,1,0,1,0,0,0,0,0,0,0,1,0,0,0
4/1/1989,POL,964,Poland,-3.22577,4,1989q2,1989,351,0,1,1,0,1,0,0,0,0,0,0,0,1,0,0,0
7/1/1989,POL,964,Poland,-6.2609087,4,1989q3,1989,354,0,1,1,0,1,0,0,0,0,0,0,0,1,0,0,0
10/1/1989,POL,964,Poland,-7.6504632,4,1989q4,1989,357,0,1,1,0,1,0,0,0,0,0,0,0,1,0,0,0
1/1/1990,POL,964,Poland,11.128981,4,1990q1,1990,360,0,1,1,0,1,0,0,0,0,0,0,0,1,0,0,0
4/1/1990,POL,964,Poland,17.707357,4,1990q2,1990,363,0,1,1,0,1,0,0,0,0,0,0,0,1,0,0,0
7/1/1990,POL,964,Poland,7.5249754,4,1990q3,1990,366,0,1,1,0,1,0,0,0,0,0,0,0,1,0,0,0
10/1/1990,POL,964,Poland,-2.8461451,4,1990q4,1990,369,0,1,1,0,1,0,0,0,0,0,0,0,1,0,0,0
1/1/1991,POL,964,Poland,-3.4857193,4,1991q1,1991,372,0,1,1,0,1,0,0,0,0,0,0,0,1,0,0,0
4/1/1991,POL,964,Poland,-4.3894361,4,1991q2,1991,375,0,1,1,0,1,0,0,0,0,0,0,0,1,0,0,0
7/1/1991,POL,964,Poland,0.87398808,4,1991q3,1991,378,0,1,1,0,1,0,0,0,0,0,0,0,1,0,0,0
10/1/1991,POL,964,Poland,-4.4224043,4,1991q4,1991,381,0,1,1,0,1,0,0,0,0,0,0,0,1,0,0,0
1/1/1992,POL,964,Poland,-3.0596037,4,1992q1,1992,384,0,1,1,0,1,0,0,0,0,0,0,0,1,0,0,0
4/1/1992,POL,964,Poland,-1.036754,4,1992q2,1992,387,0,1,1,0,1,0,0,0,0,0,0,0,1,0,0,0
7/1/1992,POL,964,Poland,-6.2984975,4,1992q3,1992,390,0,1,1,0,1,0,0,0,0,0,0,0,1,0,0,0
10/1/1992,POL,964,Poland,-4.1835553,4,1992q4,1992,393,0,1,1,0,1,0,0,0,0,0,0,0,1,0,0,0
1/1/1993,POL,964,Poland,-7.355497,4,1993q1,1993,396,0,1,1,0,1,0,0,0,0,0,0,0,1,0,0,0
4/1/1993,POL,964,Poland,-6.6985246,4,1993q2,1993,399,0,1,1,0,1,0,0,0,0,0,0,0,1,0,0,0
7/1/1993,POL,964,Poland,-8.6261658,4,1993q3,1993,402,0,1,1,0,1,0,0,0,0,0,0,0,1,0,0,0
10/1/1993,POL,964,Poland,-1.4586575,4,1993q4,1993,405,0,1,1,0,1,0,0,0,0,0,0,0,1,0,0,0
1/1/1994,POL,964,Poland,-4.575942,4,1994q1,1994,408,0,1,1,0,1,0,0,0,0,0,0,0,1,0,0,0
4/1/1994,POL,964,Poland,-0.95662876,4,1994q2,1994,411,0,1,1,0,1,0,0,0,0,0,0,0,1,0,0,0
7/1/1994,POL,964,Poland,-0.74890439,4,1994q3,1994,414,0,1,1,0,1,0,0,0,0,0,0,0,1,0,0,0
10/1/1994,POL,964,Poland,-2.1062621,4,1994q4,1994,417,0,1,1,0,1,0,0,0,0,0,0,0,1,0,0,0
1/1/1995,POL,964,Poland,-0.92171377,4,1995q1,1995,420,0,1,1,0,1,0,0,0,0,0,0,0,1,0,0,0
4/1/1995,POL,964,Poland,-1.2415605,4,1995q2,1995,423,0,1,1,0,1,0,0,0,0,0,0,0,1,0,0,0
7/1/1995,POL,964,Poland,0.18205177,4,1995q3,1995,426,0,1,1,0,1,0,0,0,0,0,0,0,1,0,0,0
10/1/1995,POL,964,Poland,0.30594605,4,1995q4,1995,429,0,1,1,0,1,0,0,0,0,0,0,0,1,0,0,0
1/1/1996,POL,964,Poland,-1.0600881,4,1996q1,1996,432,0,1,1,0,1,0,0,0,0,0,0,0,1,0,0,0
4/1/1996,POL,964,Poland,-2.7707863,4,1996q2,1996,435,0,1,1,0,1,0,0,0,0,0,0,0,1,0,0,0
7/1/1996,POL,964,Poland,-2.8050577,4,1996q3,1996,438,0,1,1,0,1,0,0,0,0,0,0,0,1,0,0,0
10/1/1996,POL,964,Poland,-2.4524681,4,1996q4,1996,441,0,1,1,0,1,0,0,0,0,0,0,0,1,0,0,0
1/1/1997,POL,964,Poland,-3.1366617,4,1997q1,1997,444,0,1,1,0,1,0,0,0,0,0,0,0,1,0,0,0
4/1/1997,POL,964,Poland,-3.715786,4,1997q2,1997,447,0,1,1,0,1,0,0,0,0,0,0,0,1,0,0,0
7/1/1997,POL,964,Poland,-3.0967708,4,1997q3,1997,450,0,1,1,0,1,0,0,0,0,0,0,0,1,0,0,0
10/1/1997,POL,964,Poland,-1.9297366,4,1997q4,1997,453,0,1,1,0,1,0,0,0,0,0,0,0,1,0,0,0
1/1/1998,POL,964,Poland,-4.157529,4,1998q1,1998,456,0,1,1,0,1,0,0,0,0,0,0,0,1,0,0,0
4/1/1998,POL,964,Poland,-1.9642416,4,1998q2,1998,459,0,1,1,0,1,0,0,0,0,0,0,0,1,0,0,0
7/1/1998,POL,964,Poland,-3.5691584,4,1998q3,1998,462,0,1,1,0,1,0,0,0,0,0,0,0,1,0,0,0
10/1/1998,POL,964,Poland,-6.8566896,4,1998q4,1998,465,0,1,1,0,1,0,0,0,0,0,0,0,1,0,0,0
1/1/1999,POL,964,Poland,-5.0899865,4,1999q1,1999,468,0,1,1,0,1,0,0,0,0,0,0,0,1,0,0,0
4/1/1999,POL,964,Poland,-6.9972874,4,1999q2,1999,471,0,1,1,0,1,0,0,0,0,0,0,0,1,0,0,0
7/1/1999,POL,964,Poland,-8.2511947,4,1999q3,1999,474,0,1,1,0,1,0,0,0,0,0,0,0,1,0,0,0
10/1/1999,POL,964,Poland,-8.7195718,4,1999q4,1999,477,0,1,1,0,1,0,0,0,0,0,0,0,1,0,0,0
1/1/2000,POL,964,Poland,-6.5958004,4,2000q1,2000,480,0,1,1,0,1,0,0,0,0,0,0,0,1,0,0,0
4/1/2000,POL,964,Poland,-7.0308413,4,2000q2,2000,483,0,1,1,0,1,0,0,0,0,0,0,0,1,0,0,0
7/1/2000,POL,964,Poland,-5.418914,4,2000q3,2000,486,0,1,1,0,1,0,0,0,0,0,0,0,1,0,0,0
10/1/2000,POL,964,Poland,-5.762779,4,2000q4,2000,489,0,1,1,0,1,0,0,0,0,0,0,0,1,0,0,0
1/1/2001,POL,964,Poland,-2.8950092,4,2001q1,2001,492,0,1,1,0,1,0,0,0,0,0,0,0,1,0,0,0
4/1/2001,POL,964,Poland,-4.5976847,4,2001q2,2001,495,0,1,1,0,1,0,0,0,0,0,0,0,1,0,0,0
7/1/2001,POL,964,Poland,-2.0039508,4,2001q3,2001,498,0,1,1,0,1,0,0,0,0,0,0,0,1,0,0,0
10/1/2001,POL,964,Poland,-3.0225545,4,2001q4,2001,501,0,1,1,0,1,0,0,0,0,0,0,0,1,0,0,0
1/1/2002,POL,964,Poland,-3.1436061,4,2002q1,2002,504,0,1,1,0,1,0,0,0,0,0,0,0,1,0,0,0
4/1/2002,POL,964,Poland,-3.390508,4,2002q2,2002,507,0,1,1,0,1,0,0,0,0,0,0,0,1,0,0,0
7/1/2002,POL,964,Poland,-2.2856132,4,2002q3,2002,510,0,1,1,0,1,0,0,0,0,0,0,0,1,0,0,0
10/1/2002,POL,964,Poland,-2.4023483,4,2002q4,2002,513,0,1,1,0,1,0,0,0,0,0,0,0,1,0,0,0
1/1/2003,POL,964,Poland,-3.5602404,4,2003q1,2003,516,0,1,1,0,1,0,0,0,0,0,0,0,1,0,0,0
4/1/2003,POL,964,Poland,-2.5536274,4,2003q2,2003,519,0,1,1,0,1,0,0,0,0,0,0,0,1,0,0,0
7/1/2003,POL,964,Poland,-2.2692526,4,2003q3,2003,522,0,1,1,0,1,0,0,0,0,0,0,0,1,0,0,0
10/1/2003,POL,964,Poland,-2.0078715,4,2003q4,2003,525,0,1,1,0,1,0,0,0,0,0,0,0,1,0,0,0
1/1/2004,POL,964,Poland,-6.296633,1,2004q1,2004,528,0,1,1,0,1,0,0,0,0,0,0,0,1,0,0,0
4/1/2004,POL,964,Poland,-7.089722,1,2004q2,2004,531,0,1,1,0,1,0,0,0,0,0,0,0,1,0,0,0
7/1/2004,POL,964,Poland,-5.564564,1,2004q3,2004,534,0,1,1,0,1,0,0,0,0,0,0,0,1,0,0,0
10/1/2004,POL,964,Poland,-5.039496,1,2004q4,2004,537,0,1,1,0,1,0,0,0,0,0,0,0,1,0,0,0
1/1/2005,POL,964,Poland,-2.388335,1,2005q1,2005,540,0,1,1,0,1,0,0,0,0,0,0,0,1,0,0,0
4/1/2005,POL,964,Poland,-3.080863,1,2005q2,2005,543,0,1,1,0,1,0,0,0,0,0,0,0,1,0,0,0
7/1/2005,POL,964,Poland,-3.497351,1,2005q3,2005,546,0,1,1,0,1,0,0,0,0,0,0,0,1,0,0,0
10/1/2005,POL,964,Poland,-3.072732,1,2005q4,2005,549,0,1,1,0,1,0,0,0,0,0,0,0,1,0,0,0
1/1/2006,POL,964,Poland,-3.958408,1,2006q1,2006,552,0,1,1,0,1,0,0,0,0,0,0,0,1,0,0,0
4/1/2006,POL,964,Poland,-4.472288,1,2006q2,2006,555,0,1,1,0,1,0,0,0,0,0,0,0,1,0,0,0
7/1/2006,POL,964,Poland,-4.513657,1,2006q3,2006,558,0,1,1,0,1,0,0,0,0,0,0,0,1,0,0,0
10/1/2006,POL,964,Poland,-5.125206,1,2006q4,2006,561,0,1,1,0,1,0,0,0,0,0,0,0,1,0,0,0
1/1/2007,POL,964,Poland,-6.268423,1,2007q1,2007,564,0,1,1,0,1,0,0,0,0,0,0,0,1,0,0,0
4/1/2007,POL,964,Poland,-7.471946,1,2007q2,2007,567,0,1,1,0,1,0,0,0,0,0,0,0,1,0,0,0
7/1/2007,POL,964,Poland,-6.036881,1,2007q3,2007,570,0,1,1,0,1,0,0,0,0,0,0,0,1,0,0,0
10/1/2007,POL,964,Poland,-6.382258,1,2007q4,2007,573,0,1,1,0,1,0,0,0,0,0,0,0,1,0,0,0
1/1/2008,POL,964,Poland,-5.591887,1,2008q1,2008,576,0,1,1,0,1,0,0,0,0,0,0,0,1,0,0,0
4/1/2008,POL,964,Poland,-7.154838,1,2008q2,2008,579,0,1,1,0,1,0,0,0,0,0,0,0,1,0,0,0
7/1/2008,POL,964,Poland,-6.900501,1,2008q3,2008,582,0,1,1,0,1,0,0,0,0,0,0,0,1,0,0,0
10/1/2008,POL,964,Poland,-6.871506,1,2008q4,2008,585,0,1,1,0,1,0,0,0,0,0,0,0,1,0,0,0
1/1/2009,POL,964,Poland,-1.938402,1,2009q1,2009,588,0,1,1,0,1,0,0,0,0,0,0,0,1,0,0,0
4/1/2009,POL,964,Poland,-4.481725,1,2009q2,2009,591,0,1,1,0,1,0,0,0,0,0,0,0,1,0,0,0
7/1/2009,POL,964,Poland,-4.347338,1,2009q3,2009,594,0,1,1,0,1,0,0,0,0,0,0,0,1,0,0,0
10/1/2009,POL,964,Poland,-4.363293,1,2009q4,2009,597,0,1,1,0,1,0,0,0,0,0,0,0,1,0,0,0
1/1/2010,POL,964,Poland,-5.226319,1,2010q1,2010,600,0,1,1,0,1,0,0,0,0,0,0,0,1,0,0,0
4/1/2010,POL,964,Poland,-4.007267,1,2010q2,2010,603,0,1,1,0,1,0,0,0,0,0,0,0,1,0,0,0
7/1/2010,POL,964,Poland,-5.877018,1,2010q3,2010,606,0,1,1,0,1,0,0,0,0,0,0,0,1,0,0,0
10/1/2010,POL,964,Poland,-5.610966,1,2010q4,2010,609,0,1,1,0,1,0,0,0,0,0,0,0,1,0,0,0
1/1/2011,POL,964,Poland,-4.272534,1,2011q1,2011,612,0,1,1,0,1,0,0,0,0,0,0,0,1,0,0,0
4/1/2011,POL,964,Poland,-5.938626,1,2011q2,2011,615,0,1,1,0,1,0,0,0,0,0,0,0,1,0,0,0
7/1/2011,POL,964,Poland,-5.573064,1,2011q3,2011,618,0,1,1,0,1,0,0,0,0,0,0,0,1,0,0,0
10/1/2011,POL,964,Poland,-4.646621,1,2011q4,2011,621,0,1,1,0,1,0,0,0,0,0,0,0,1,0,0,0
1/1/2012,POL,964,Poland,-5.943976,1,2012q1,2012,624,0,1,1,0,1,0,0,0,0,0,0,0,1,0,0,0
4/1/2012,POL,964,Poland,-4.373057,1,2012q2,2012,627,0,1,1,0,1,0,0,0,0,0,0,0,1,0,0,0
7/1/2012,POL,964,Poland,-3.59655,1,2012q3,2012,630,0,1,1,0,1,0,0,0,0,0,0,0,1,0,0,0
10/1/2012,POL,964,Poland,-2.386281,1,2012q4,2012,633,0,1,1,0,1,0,0,0,0,0,0,0,1,0,0,0
1/1/2013,POL,964,Poland,-2.029102,1,2013q1,2013,636,0,1,1,0,1,0,0,0,0,0,0,0,1,0,0,0
4/1/2013,POL,964,Poland,-3.199441,1,2013q2,2013,639,0,1,1,0,1,0,0,0,0,0,0,0,1,0,0,0
7/1/2013,POL,964,Poland,-1.416573,1,2013q3,2013,642,0,1,1,0,1,0,0,0,0,0,0,0,1,0,0,0
10/1/2013,POL,964,Poland,-0.8102108,1,2013q4,2013,645,0,1,1,0,1,0,0,0,0,0,0,0,1,0,0,0
1/1/2014,POL,964,Poland,-3.681999,1,2014q1,2014,648,0,1,1,0,1,0,0,0,0,0,0,0,1,0,0,0
4/1/2014,POL,964,Poland,-4.557699,1,2014q2,2014,651,0,1,1,0,1,0,0,0,0,0,0,0,1,0,0,0
7/1/2014,POL,964,Poland,-2.733732,1,2014q3,2014,654,0,1,1,0,1,0,0,0,0,0,0,0,1,0,0,0
10/1/2014,POL,964,Poland,-0.8849289,1,2014q4,2014,657,0,1,1,0,1,0,0,0,0,0,0,0,1,0,0,0
1/1/2015,POL,964,Poland,-1.699708,1,2015q1,2015,660,0,1,1,0,1,0,0,0,0,0,0,0,1,0,0,0
4/1/2015,POL,964,Poland,-1.976686,1,2015q2,2015,663,0,1,1,0,1,0,0,0,0,0,0,0,1,0,0,0
7/1/2015,POL,964,Poland,-1.174578,1,2015q3,2015,666,0,1,1,0,1,0,0,0,0,0,0,0,1,0,0,0
10/1/2015,POL,964,Poland,0.2148223,1,2015q4,2015,669,0,1,1,0,1,0,0,0,0,0,0,0,1,0,0,0
1/1/2016,POL,964,Poland,-1.521092,1,2016q1,2016,672,0,1,1,0,1,0,0,0,0,0,0,0,1,0,0,0
4/1/2016,POL,964,Poland,-0.1529328,1,2016q2,2016,675,0,1,1,0,1,0,0,0,0,0,0,0,1,0,0,0
7/1/2016,POL,964,Poland,-2.506317,1,2016q3,2016,678,0,1,1,0,1,0,0,0,0,0,0,0,1,0,0,0
10/1/2016,POL,964,Poland,-0.5440689,1,2016q4,2016,681,0,1,1,0,1,0,0,0,0,0,0,0,1,0,0,0
1/1/2017,POL,964,Poland,-1.216196,1,2017q1,2017,684,0,1,1,0,1,0,0,0,0,0,0,0,1,0,0,0
4/1/2017,POL,964,Poland,-2.180311,1,2017q2,2017,687,0,1,1,0,1,0,0,0,0,0,0,0,1,0,0,0
7/1/2017,POL,964,Poland,0.4336455,1,2017q3,2017,690,0,1,1,0,1,0,0,0,0,0,0,0,1,0,0,0
10/1/2017,POL,964,Poland,-1.936757,1,2017q4,2017,693,0,1,1,0,1,0,0,0,0,0,0,0,1,0,0,0
1/1/2018,POL,964,Poland,-2.329219,1,2018q1,2018,696,0,1,1,0,1,0,0,0,0,0,0,0,1,0,0,0
4/1/2018,POL,964,Poland,-2.163965,1,2018q2,2018,699,0,1,1,0,1,0,0,0,0,0,0,0,1,0,0,0
7/1/2018,POL,964,Poland,-1.701462,1,2018q3,2018,702,0,1,1,0,1,0,0,0,0,0,0,0,1,0,0,0
10/1/2018,POL,964,Poland,-1.779245,1,2018q4,2018,705,0,1,1,0,1,0,0,0,0,0,0,0,1,0,0,0
1/1/2019,POL,964,Poland,-1.750125,1,2019q1,2019,708,0,1,1,0,1,0,0,0,0,0,0,0,1,0,0,0
4/1/2019,POL,964,Poland,-1.245777,1,2019q2,2019,711,0,1,1,0,1,0,0,0,0,0,0,0,1,0,0,0
7/1/2019,POL,964,Poland,0.2064523,1,2019q3,2019,714,0,1,1,0,1,0,0,0,0,0,0,0,1,0,0,0
10/1/2019,POL,964,Poland,1.305041,1,2019q4,2019,717,0,1,1,0,1,0,0,0,0,0,0,0,1,0,0,0
1/1/2020,POL,964,Poland,-0.02186001,1,2020q1,2020,720,0,1,1,0,1,0,0,0,0,0,0,0,1,0,0,0
4/1/2020,POL,964,Poland,3.10431,1,2020q2,2020,723,0,1,1,0,1,0,0,0,0,0,0,0,1,0,0,0
7/1/2020,POL,964,Poland,2.790796,1,2020q3,2020,726,0,1,1,0,1,0,0,0,0,0,0,0,1,0,0,0
10/1/2020,POL,964,Poland,3.667284,1,2020q4,2020,729,0,1,1,0,1,0,0,0,0,0,0,0,1,0,0,0
1/1/2021,POL,964,Poland,-0.4296282,1,2021q1,2021,732,0,1,1,0,1,0,0,0,0,0,0,0,1,0,0,0
4/1/2021,POL,964,Poland,0.5102029,1,2021q2,2021,735,0,1,1,0,1,0,0,0,0,0,0,0,1,0,0,0
7/1/2021,POL,964,Poland,-1.909947,1,2021q3,2021,738,0,1,1,0,1,0,0,0,0,0,0,0,1,0,0,0
10/1/2021,POL,964,Poland,-3.196752,1,2021q4,2021,741,0,1,1,0,1,0,0,0,0,0,0,0,1,0,0,0
1/1/2022,POL,964,Poland,-4.917139,1,2022q1,2022,744,0,1,1,0,1,0,0,0,0,0,0,0,1,0,0,0
4/1/2022,POL,964,Poland,-1.977546,1,2022q2,2022,747,0,1,1,0,1,0,0,0,0,0,0,0,1,0,0,0
7/1/2022,POL,964,Poland,-0.814707,1,2022q3,2022,750,0,1,1,0,1,0,0,0,0,0,0,0,1,0,0,0
10/1/2022,POL,964,Poland,-1.455524,1,2022q4,2022,753,0,1,1,0,1,0,0,0,0,0,0,0,1,0,0,0
1/1/2023,POL,964,Poland,2.237352,1,2023q1,2023,756,0,1,1,0,1,0,0,0,0,0,0,0,1,0,0,0
4/1/2023,POL,964,Poland,0.8987429,1,2023q2,2023,759,0,1,1,0,1,0,0,0,0,0,0,0,1,0,0,0
7/1/2023,POL,964,Poland,2.72585,1,2023q3,2023,762,0,1,1,0,1,0,0,0,0,0,0,0,1,0,0,0
10/1/2023,POL,964,Poland,1.34008,1,2023q4,2023,765,0,1,1,0,1,0,0,0,0,0,0,0,1,0,0,0
1/1/2024,POL,964,Poland,1.945922,1,2024q1,2024,768,0,1,1,0,1,0,0,0,0,0,0,0,1,0,0,0
4/1/2024,POL,964,Poland,-0.7022095,1,2024q2,2024,771,0,1,1,0,1,0,0,0,0,0,0,0,1,0,0,0
7/1/2024,POL,964,Poland,-0.3978482,1,2024q3,2024,774,0,1,1,0,1,0,0,0,0,0,0,0,1,0,0,0
10/1/2024,POL,964,Poland,0.208098,1,2024q4,2024,777,0,1,1,0,1,0,0,0,0,0,0,0,1,0,0,0
1/1/1991,ROM,968,Romania,-7.0307351,4,1991q1,1991,372,0,1,0,0,1,0,0,0,0,0,0,0,0,0,0,0
4/1/1991,ROM,968,Romania,-5.3101667,4,1991q2,1991,375,0,1,0,0,1,0,0,0,0,0,0,0,0,0,0,0
7/1/1991,ROM,968,Romania,-4.1043767,4,1991q3,1991,378,0,1,0,0,1,0,0,0,0,0,0,0,0,0,0,0
10/1/1991,ROM,968,Romania,-2.2232533,4,1991q4,1991,381,0,1,0,0,1,0,0,0,0,0,0,0,0,0,0,0
1/1/1992,ROM,968,Romania,-12.829921,4,1992q1,1992,384,0,1,0,0,1,0,0,0,0,0,0,0,0,0,0,0
4/1/1992,ROM,968,Romania,-13.255596,4,1992q2,1992,387,0,1,0,0,1,0,0,0,0,0,0,0,0,0,0,0
7/1/1992,ROM,968,Romania,1.9631093,4,1992q3,1992,390,0,1,0,0,1,0,0,0,0,0,0,0,0,0,0,0
10/1/1992,ROM,968,Romania,-21.532955,4,1992q4,1992,393,0,1,0,0,1,0,0,0,0,0,0,0,0,0,0,0
1/1/1993,ROM,968,Romania,-12.804369,4,1993q1,1993,396,0,1,0,0,1,0,0,0,0,0,0,0,0,0,0,0
4/1/1993,ROM,968,Romania,-6.76121,4,1993q2,1993,399,0,1,0,0,1,0,0,0,0,0,0,0,0,0,0,0
7/1/1993,ROM,968,Romania,-6.9469521,4,1993q3,1993,402,0,1,0,0,1,0,0,0,0,0,0,0,0,0,0,0
10/1/1993,ROM,968,Romania,-6.6232667,4,1993q4,1993,405,0,1,0,0,1,0,0,0,0,0,0,0,0,0,0,0
1/1/1994,ROM,968,Romania,-2.563742,4,1994q1,1994,408,0,1,0,0,1,0,0,0,0,0,0,0,0,0,0,0
4/1/1994,ROM,968,Romania,-1.3399133,4,1994q2,1994,411,0,1,0,0,1,0,0,0,0,0,0,0,0,0,0,0
7/1/1994,ROM,968,Romania,-1.1482934,4,1994q3,1994,414,0,1,0,0,1,0,0,0,0,0,0,0,0,0,0,0
10/1/1994,ROM,968,Romania,-2.2839406,4,1994q4,1994,417,0,1,0,0,1,0,0,0,0,0,0,0,0,0,0,0
1/1/1995,ROM,968,Romania,-7.0221838,3,1995q1,1995,420,0,1,0,0,1,0,0,0,0,0,0,0,0,0,0,0
4/1/1995,ROM,968,Romania,-4.5689667,3,1995q2,1995,423,0,1,0,0,1,0,0,0,0,0,0,0,0,0,0,0
7/1/1995,ROM,968,Romania,-6.2171185,3,1995q3,1995,426,0,1,0,0,1,0,0,0,0,0,0,0,0,0,0,0
10/1/1995,ROM,968,Romania,-5.2119034,3,1995q4,1995,429,0,1,0,0,1,0,0,0,0,0,0,0,0,0,0,0
1/1/1996,ROM,968,Romania,-9.2661309,3,1996q1,1996,432,0,1,0,0,1,0,0,0,0,0,0,0,0,0,0,0
4/1/1996,ROM,968,Romania,-6.6966337,3,1996q2,1996,435,0,1,0,0,1,0,0,0,0,0,0,0,0,0,0,0
7/1/1996,ROM,968,Romania,-8.5954602,3,1996q3,1996,438,0,1,0,0,1,0,0,0,0,0,0,0,0,0,0,0
10/1/1996,ROM,968,Romania,-8.0533992,3,1996q4,1996,441,0,1,0,0,1,0,0,0,0,0,0,0,0,0,0,0
1/1/1997,ROM,968,Romania,-5.3372016,3,1997q1,1997,444,0,1,0,0,1,0,0,0,0,0,0,0,0,0,0,0
4/1/1997,ROM,968,Romania,-6.5286349,3,1997q2,1997,447,0,1,0,0,1,0,0,0,0,0,0,0,0,0,0,0
7/1/1997,ROM,968,Romania,-6.4473351,3,1997q3,1997,450,0,1,0,0,1,0,0,0,0,0,0,0,0,0,0,0
10/1/1997,ROM,968,Romania,-8.1844159,3,1997q4,1997,453,0,1,0,0,1,0,0,0,0,0,0,0,0,0,0,0
1/1/1998,ROM,968,Romania,-4.9963257,3,1998q1,1998,456,0,1,0,0,1,0,0,0,0,0,0,0,0,0,0,0
4/1/1998,ROM,968,Romania,-7.7686207,3,1998q2,1998,459,0,1,0,0,1,0,0,0,0,0,0,0,0,0,0,0
7/1/1998,ROM,968,Romania,-9.9563599,3,1998q3,1998,462,0,1,0,0,1,0,0,0,0,0,0,0,0,0,0,0
10/1/1998,ROM,968,Romania,-7.7417185,3,1998q4,1998,465,0,1,0,0,1,0,0,0,0,0,0,0,0,0,0,0
1/1/1999,ROM,968,Romania,-5.1587385,2,1999q1,1999,468,0,1,0,0,1,0,0,0,0,0,0,0,0,0,0,0
4/1/1999,ROM,968,Romania,-4.2597683,2,1999q2,1999,471,0,1,0,0,1,0,0,0,0,0,0,0,0,0,0,0
7/1/1999,ROM,968,Romania,-3.2800544,2,1999q3,1999,474,0,1,0,0,1,0,0,0,0,0,0,0,0,0,0,0
10/1/1999,ROM,968,Romania,-4.401247,2,1999q4,1999,477,0,1,0,0,1,0,0,0,0,0,0,0,0,0,0,0
1/1/2000,ROM,968,Romania,-2.6931623,2,2000q1,2000,480,0,1,0,0,1,0,0,0,0,0,0,0,0,0,0,0
4/1/2000,ROM,968,Romania,-2.9250719,2,2000q2,2000,483,0,1,0,0,1,0,0,0,0,0,0,0,0,0,0,0
7/1/2000,ROM,968,Romania,-5.230548,2,2000q3,2000,486,0,1,0,0,1,0,0,0,0,0,0,0,0,0,0,0
10/1/2000,ROM,968,Romania,-3.9961267,2,2000q4,2000,489,0,1,0,0,1,0,0,0,0,0,0,0,0,0,0,0
1/1/2001,ROM,968,Romania,-6.705976,2,2001q1,2001,492,0,1,0,0,1,0,0,0,0,0,0,0,0,0,0,0
4/1/2001,ROM,968,Romania,-6.0220438,2,2001q2,2001,495,0,1,0,0,1,0,0,0,0,0,0,0,0,0,0,0
7/1/2001,ROM,968,Romania,-3.1904806,2,2001q3,2001,498,0,1,0,0,1,0,0,0,0,0,0,0,0,0,0,0
10/1/2001,ROM,968,Romania,-6.8892832,2,2001q4,2001,501,0,1,0,0,1,0,0,0,0,0,0,0,0,0,0,0
1/1/2002,ROM,968,Romania,-4.1216029,2,2002q1,2002,504,0,1,0,0,1,0,0,0,0,0,0,0,0,0,0,0
4/1/2002,ROM,968,Romania,-3.3217766,2,2002q2,2002,507,0,1,0,0,1,0,0,0,0,0,0,0,0,0,0,0
7/1/2002,ROM,968,Romania,-3.5553284,2,2002q3,2002,510,0,1,0,0,1,0,0,0,0,0,0,0,0,0,0,0
10/1/2002,ROM,968,Romania,-2.8289933,2,2002q4,2002,513,0,1,0,0,1,0,0,0,0,0,0,0,0,0,0,0
1/1/2003,ROM,968,Romania,-3.95528,2,2003q1,2003,516,0,1,0,0,1,0,0,0,0,0,0,0,0,0,0,0
4/1/2003,ROM,968,Romania,-7.0524449,2,2003q2,2003,519,0,1,0,0,1,0,0,0,0,0,0,0,0,0,0,0
7/1/2003,ROM,968,Romania,-5.4312853,2,2003q3,2003,522,0,1,0,0,1,0,0,0,0,0,0,0,0,0,0,0
10/1/2003,ROM,968,Romania,-7.4511099,2,2003q4,2003,525,0,1,0,0,1,0,0,0,0,0,0,0,0,0,0,0
1/1/2004,ROM,968,Romania,-7.7442325,2,2004q1,2004,528,0,1,0,0,1,0,0,0,0,0,0,0,0,0,0,0
4/1/2004,ROM,968,Romania,-7.3290849,2,2004q2,2004,531,0,1,0,0,1,0,0,0,0,0,0,0,0,0,0,0
7/1/2004,ROM,968,Romania,-8.8423148,2,2004q3,2004,534,0,1,0,0,1,0,0,0,0,0,0,0,0,0,0,0
10/1/2004,ROM,968,Romania,-9.3029718,2,2004q4,2004,537,0,1,0,0,1,0,0,0,0,0,0,0,0,0,0,0
1/1/2005,ROM,968,Romania,-8.3057255,2,2005q1,2005,540,0,1,0,0,1,0,0,0,0,0,0,0,0,0,0,0
4/1/2005,ROM,968,Romania,-8.564143,2,2005q2,2005,543,0,1,0,0,1,0,0,0,0,0,0,0,0,0,0,0
7/1/2005,ROM,968,Romania,-9.1742524,2,2005q3,2005,546,0,1,0,0,1,0,0,0,0,0,0,0,0,0,0,0
10/1/2005,ROM,968,Romania,-8.831488,2,2005q4,2005,549,0,1,0,0,1,0,0,0,0,0,0,0,0,0,0,0
1/1/2006,ROM,968,Romania,-8.6066705,2,2006q1,2006,552,0,1,0,0,1,0,0,0,0,0,0,0,0,0,0,0
4/1/2006,ROM,968,Romania,-9.9601494,2,2006q2,2006,555,0,1,0,0,1,0,0,0,0,0,0,0,0,0,0,0
7/1/2006,ROM,968,Romania,-11.485435,2,2006q3,2006,558,0,1,0,0,1,0,0,0,0,0,0,0,0,0,0,0
10/1/2006,ROM,968,Romania,-11.358352,2,2006q4,2006,561,0,1,0,0,1,0,0,0,0,0,0,0,0,0,0,0
1/1/2007,ROM,968,Romania,-13.753928,2,2007q1,2007,564,0,1,0,0,1,0,0,0,0,0,0,0,0,0,0,0
4/1/2007,ROM,968,Romania,-12.725887,2,2007q2,2007,567,0,1,0,0,1,0,0,0,0,0,0,0,0,0,0,0
7/1/2007,ROM,968,Romania,-13.459493,2,2007q3,2007,570,0,1,0,0,1,0,0,0,0,0,0,0,0,0,0,0
10/1/2007,ROM,968,Romania,-14.345723,2,2007q4,2007,573,0,1,0,0,1,0,0,0,0,0,0,0,0,0,0,0
1/1/2008,ROM,968,Romania,-14.193484,2,2008q1,2008,576,0,1,0,0,1,0,0,0,0,0,0,0,0,0,0,0
4/1/2008,ROM,968,Romania,-14.041642,2,2008q2,2008,579,0,1,0,0,1,0,0,0,0,0,0,0,0,0,0,0
7/1/2008,ROM,968,Romania,-11.492012,2,2008q3,2008,582,0,1,0,0,1,0,0,0,0,0,0,0,0,0,0,0
10/1/2008,ROM,968,Romania,-7.789845,2,2008q4,2008,585,0,1,0,0,1,0,0,0,0,0,0,0,0,0,0,0
1/1/2009,ROM,968,Romania,-3.9248914,2,2009q1,2009,588,0,1,0,0,1,0,0,0,0,0,0,0,0,0,0,0
4/1/2009,ROM,968,Romania,-4.1678722,2,2009q2,2009,591,0,1,0,0,1,0,0,0,0,0,0,0,0,0,0,0
7/1/2009,ROM,968,Romania,-4.615319,2,2009q3,2009,594,0,1,0,0,1,0,0,0,0,0,0,0,0,0,0,0
10/1/2009,ROM,968,Romania,-5.6170156,2,2009q4,2009,597,0,1,0,0,1,0,0,0,0,0,0,0,0,0,0,0
1/1/2010,ROM,968,Romania,-8.1130532,2,2010q1,2010,600,0,1,0,0,1,0,0,0,0,0,0,0,0,0,0,0
4/1/2010,ROM,968,Romania,-5.7499237,2,2010q2,2010,603,0,1,0,0,1,0,0,0,0,0,0,0,0,0,0,0
7/1/2010,ROM,968,Romania,-4.3208755,2,2010q3,2010,606,0,1,0,0,1,0,0,0,0,0,0,0,0,0,0,0
10/1/2010,ROM,968,Romania,-3.4498542,2,2010q4,2010,609,0,1,0,0,1,0,0,0,0,0,0,0,0,0,0,0
1/1/2011,ROM,968,Romania,-3.9917289,2,2011q1,2011,612,0,1,0,0,1,0,0,0,0,0,0,0,0,0,0,0
4/1/2011,ROM,968,Romania,-5.8727766,2,2011q2,2011,615,0,1,0,0,1,0,0,0,0,0,0,0,0,0,0,0
7/1/2011,ROM,968,Romania,-4.8238801,2,2011q3,2011,618,0,1,0,0,1,0,0,0,0,0,0,0,0,0,0,0
10/1/2011,ROM,968,Romania,-4.0211278,2,2011q4,2011,621,0,1,0,0,1,0,0,0,0,0,0,0,0,0,0,0
1/1/2012,ROM,968,Romania,-5.9249868,2,2012q1,2012,624,0,1,0,0,1,0,0,0,0,0,0,0,0,0,0,0
4/1/2012,ROM,968,Romania,-4.0199619,2,2012q2,2012,627,0,1,0,0,1,0,0,0,0,0,0,0,0,0,0,0
7/1/2012,ROM,968,Romania,-5.2451233,2,2012q3,2012,630,0,1,0,0,1,0,0,0,0,0,0,0,0,0,0,0
10/1/2012,ROM,968,Romania,-3.661279,2,2012q4,2012,633,0,1,0,0,1,0,0,0,0,0,0,0,0,0,0,0
1/1/2013,ROM,968,Romania,-2.0075327,2,2013q1,2013,636,0,1,0,0,1,0,0,0,0,0,0,0,0,0,0,0
4/1/2013,ROM,968,Romania,2.8696988,2,2013q2,2013,639,0,1,0,0,1,0,0,0,0,0,0,0,0,0,0,0
7/1/2013,ROM,968,Romania,-1.8659411,2,2013q3,2013,642,0,1,0,0,1,0,0,0,0,0,0,0,0,0,0,0
10/1/2013,ROM,968,Romania,-2.8142135,2,2013q4,2013,645,0,1,0,0,1,0,0,0,0,0,0,0,0,0,0,0
1/1/2014,ROM,968,Romania,-1.2197529,2,2014q1,2014,648,0,1,0,0,1,0,0,0,0,0,0,0,0,0,0,0
4/1/2014,ROM,968,Romania,0.33948035,2,2014q2,2014,651,0,1,0,0,1,0,0,0,0,0,0,0,0,0,0,0
7/1/2014,ROM,968,Romania,-0.51809256,2,2014q3,2014,654,0,1,0,0,1,0,0,0,0,0,0,0,0,0,0,0
10/1/2014,ROM,968,Romania,-0.00766628,2,2014q4,2014,657,0,1,0,0,1,0,0,0,0,0,0,0,0,0,0,0
1/1/2015,ROM,968,Romania,2.344612,2,2015q1,2015,660,0,1,0,0,1,0,0,0,0,0,0,0,0,0,0,0
4/1/2015,ROM,968,Romania,-1.3378176,2,2015q2,2015,663,0,1,0,0,1,0,0,0,0,0,0,0,0,0,0,0
7/1/2015,ROM,968,Romania,-1.4397437,2,2015q3,2015,666,0,1,0,0,1,0,0,0,0,0,0,0,0,0,0,0
10/1/2015,ROM,968,Romania,-1.3621213,2,2015q4,2015,669,0,1,0,0,1,0,0,0,0,0,0,0,0,0,0,0
1/1/2016,ROM,968,Romania,-2.5901956,2,2016q1,2016,672,0,1,0,0,1,0,0,0,0,0,0,0,0,0,0,0
4/1/2016,ROM,968,Romania,-2.5029534,2,2016q2,2016,675,0,1,0,0,1,0,0,0,0,0,0,0,0,0,0,0
7/1/2016,ROM,968,Romania,-1.5045917,2,2016q3,2016,678,0,1,0,0,1,0,0,0,0,0,0,0,0,0,0,0
10/1/2016,ROM,968,Romania,-1.9898906,2,2016q4,2016,681,0,1,0,0,1,0,0,0,0,0,0,0,0,0,0,0
1/1/2017,ROM,968,Romania,-3.5389305,2,2017q1,2017,684,0,1,0,0,1,0,0,0,0,0,0,0,0,0,0,0
4/1/2017,ROM,968,Romania,-4.1557459,2,2017q2,2017,687,0,1,0,0,1,0,0,0,0,0,0,0,0,0,0,0
7/1/2017,ROM,968,Romania,-2.1472751,2,2017q3,2017,690,0,1,0,0,1,0,0,0,0,0,0,0,0,0,0,0
10/1/2017,ROM,968,Romania,-3.2379806,2,2017q4,2017,693,0,1,0,0,1,0,0,0,0,0,0,0,0,0,0,0
1/1/2018,ROM,968,Romania,-3.8894942,2,2018q1,2018,696,0,1,0,0,1,0,0,0,0,0,0,0,0,0,0,0
4/1/2018,ROM,968,Romania,-3.8285751,2,2018q2,2018,699,0,1,0,0,1,0,0,0,0,0,0,0,0,0,0,0
7/1/2018,ROM,968,Romania,-5.2777226,2,2018q3,2018,702,0,1,0,0,1,0,0,0,0,0,0,0,0,0,0,0
10/1/2018,ROM,968,Romania,-4.9452738,2,2018q4,2018,705,0,1,0,0,1,0,0,0,0,0,0,0,0,0,0,0
1/1/2019,ROM,968,Romania,-4.7649677,2,2019q1,2019,708,0,1,0,0,1,0,0,0,0,0,0,0,0,0,0,0
4/1/2019,ROM,968,Romania,-4.1787772,2,2019q2,2019,711,0,1,0,0,1,0,0,0,0,0,0,0,0,0,0,0
7/1/2019,ROM,968,Romania,-5.266493,2,2019q3,2019,714,0,1,0,0,1,0,0,0,0,0,0,0,0,0,0,0
10/1/2019,ROM,968,Romania,-4.9732688,2,2019q4,2019,717,0,1,0,0,1,0,0,0,0,0,0,0,0,0,0,0
1/1/2020,ROM,968,Romania,-3.9068199,2,2020q1,2020,720,0,1,0,0,1,0,0,0,0,0,0,0,0,0,0,0
4/1/2020,ROM,968,Romania,-4.8509948,2,2020q2,2020,723,0,1,0,0,1,0,0,0,0,0,0,0,0,0,0,0
7/1/2020,ROM,968,Romania,-5.3390497,2,2020q3,2020,726,0,1,0,0,1,0,0,0,0,0,0,0,0,0,0,0
10/1/2020,ROM,968,Romania,-5.9478201,2,2020q4,2020,729,0,1,0,0,1,0,0,0,0,0,0,0,0,0,0,0
1/1/2021,ROM,968,Romania,-6.7806721,2,2021q1,2021,732,0,1,0,0,1,0,0,0,0,0,0,0,0,0,0,0
4/1/2021,ROM,968,Romania,-6.9996929,2,2021q2,2021,735,0,1,0,0,1,0,0,0,0,0,0,0,0,0,0,0
7/1/2021,ROM,968,Romania,-6.9154675,2,2021q3,2021,738,0,1,0,0,1,0,0,0,0,0,0,0,0,0,0,0
10/1/2021,ROM,968,Romania,-7.8377396,2,2021q4,2021,741,0,1,0,0,1,0,0,0,0,0,0,0,0,0,0,0
1/1/2022,ROM,968,Romania,-10.214399,2,2022q1,2022,744,0,1,0,0,1,0,0,0,0,0,0,0,0,0,0,0
4/1/2022,ROM,968,Romania,-9.5480815,2,2022q2,2022,747,0,1,0,0,1,0,0,0,0,0,0,0,0,0,0,0
7/1/2022,ROM,968,Romania,-10.33309,2,2022q3,2022,750,0,1,0,0,1,0,0,0,0,0,0,0,0,0,0,0
10/1/2022,ROM,968,Romania,-8.1392529,2,2022q4,2022,753,0,1,0,0,1,0,0,0,0,0,0,0,0,0,0,0
1/1/2023,ROM,968,Romania,-6.9425843,2,2023q1,2023,756,0,1,0,0,1,0,0,0,0,0,0,0,0,0,0,0
4/1/2023,ROM,968,Romania,-5.6759596,2,2023q2,2023,759,0,1,0,0,1,0,0,0,0,0,0,0,0,0,0,0
7/1/2023,ROM,968,Romania,-6.7582366,2,2023q3,2023,762,0,1,0,0,1,0,0,0,0,0,0,0,0,0,0,0
10/1/2023,ROM,968,Romania,-7.1073128,2,2023q4,2023,765,0,1,0,0,1,0,0,0,0,0,0,0,0,0,0,0
1/1/2024,ROM,968,Romania,-7.3479413,2,2024q1,2024,768,0,1,0,0,1,0,0,0,0,0,0,0,0,0,0,0
4/1/2024,ROM,968,Romania,-7.8937559,2,2024q2,2024,771,0,1,0,0,1,0,0,0,0,0,0,0,0,0,0,0
7/1/2024,ROM,968,Romania,-8.2451666,2,2024q3,2024,774,0,1,0,0,1,0,0,0,0,0,0,0,0,0,0,0
10/1/2024,ROM,968,Romania,-11.821531,3,2024q4,2024,777,0,1,0,0,1,0,0,0,0,0,0,0,0,0,0,0
