date,ccode,cn,Country,year,idc,ldc,emg,eap,eca,mena,sa,we,na,ssa,lac,oil,emg2,fc,ez,euro_start
1/1/1960,USA,111,United States,1960,1,0,0,0,0,0,0,0,1,0,0,0,0,0,0,0
4/1/1960,USA,111,United States,1960,1,0,0,0,0,0,0,0,1,0,0,0,0,0,0,0
7/1/1960,USA,111,United States,1960,1,0,0,0,0,0,0,0,1,0,0,0,0,0,0,0
10/1/1960,USA,111,United States,1960,1,0,0,0,0,0,0,0,1,0,0,0,0,0,0,0
1/1/1961,USA,111,United States,1961,1,0,0,0,0,0,0,0,1,0,0,0,0,0,0,0
4/1/1961,USA,111,United States,1961,1,0,0,0,0,0,0,0,1,0,0,0,0,0,0,0
7/1/1961,USA,111,United States,1961,1,0,0,0,0,0,0,0,1,0,0,0,0,0,0,0
10/1/1961,USA,111,United States,1961,1,0,0,0,0,0,0,0,1,0,0,0,0,0,0,0
1/1/1962,USA,111,United States,1962,1,0,0,0,0,0,0,0,1,0,0,0,0,0,0,0
4/1/1962,USA,111,United States,1962,1,0,0,0,0,0,0,0,1,0,0,0,0,0,0,0
7/1/1962,USA,111,United States,1962,1,0,0,0,0,0,0,0,1,0,0,0,0,0,0,0
10/1/1962,USA,111,United States,1962,1,0,0,0,0,0,0,0,1,0,0,0,0,0,0,0
1/1/1963,USA,111,United States,1963,1,0,0,0,0,0,0,0,1,0,0,0,0,0,0,0
4/1/1963,USA,111,United States,1963,1,0,0,0,0,0,0,0,1,0,0,0,0,0,0,0
7/1/1963,USA,111,United States,1963,1,0,0,0,0,0,0,0,1,0,0,0,0,0,0,0
10/1/1963,USA,111,United States,1963,1,0,0,0,0,0,0,0,1,0,0,0,0,0,0,0
1/1/1964,USA,111,United States,1964,1,0,0,0,0,0,0,0,1,0,0,0,0,0,0,0
4/1/1964,USA,111,United States,1964,1,0,0,0,0,0,0,0,1,0,0,0,0,0,0,0
7/1/1964,USA,111,United States,1964,1,0,0,0,0,0,0,0,1,0,0,0,0,0,0,0
10/1/1964,USA,111,United States,1964,1,0,0,0,0,0,0,0,1,0,0,0,0,0,0,0
1/1/1965,USA,111,United States,1965,1,0,0,0,0,0,0,0,1,0,0,0,0,0,0,0
4/1/1965,USA,111,United States,1965,1,0,0,0,0,0,0,0,1,0,0,0,0,0,0,0
7/1/1965,USA,111,United States,1965,1,0,0,0,0,0,0,0,1,0,0,0,0,0,0,0
10/1/1965,USA,111,United States,1965,1,0,0,0,0,0,0,0,1,0,0,0,0,0,0,0
1/1/1966,USA,111,United States,1966,1,0,0,0,0,0,0,0,1,0,0,0,0,0,0,0
4/1/1966,USA,111,United States,1966,1,0,0,0,0,0,0,0,1,0,0,0,0,0,0,0
7/1/1966,USA,111,United States,1966,1,0,0,0,0,0,0,0,1,0,0,0,0,0,0,0
10/1/1966,USA,111,United States,1966,1,0,0,0,0,0,0,0,1,0,0,0,0,0,0,0
1/1/1967,USA,111,United States,1967,1,0,0,0,0,0,0,0,1,0,0,0,0,0,0,0
4/1/1967,USA,111,United States,1967,1,0,0,0,0,0,0,0,1,0,0,0,0,0,0,0
7/1/1967,USA,111,United States,1967,1,0,0,0,0,0,0,0,1,0,0,0,0,0,0,0
10/1/1967,USA,111,United States,1967,1,0,0,0,0,0,0,0,1,0,0,0,0,0,0,0
1/1/1968,USA,111,United States,1968,1,0,0,0,0,0,0,0,1,0,0,0,0,0,0,0
4/1/1968,USA,111,United States,1968,1,0,0,0,0,0,0,0,1,0,0,0,0,0,0,0
7/1/1968,USA,111,United States,1968,1,0,0,0,0,0,0,0,1,0,0,0,0,0,0,0
10/1/1968,USA,111,United States,1968,1,0,0,0,0,0,0,0,1,0,0,0,0,0,0,0
1/1/1969,USA,111,United States,1969,1,0,0,0,0,0,0,0,1,0,0,0,0,0,0,0
4/1/1969,USA,111,United States,1969,1,0,0,0,0,0,0,0,1,0,0,0,0,0,0,0
7/1/1969,USA,111,United States,1969,1,0,0,0,0,0,0,0,1,0,0,0,0,0,0,0
10/1/1969,USA,111,United States,1969,1,0,0,0,0,0,0,0,1,0,0,0,0,0,0,0
1/1/1970,USA,111,United States,1970,1,0,0,0,0,0,0,0,1,0,0,0,0,0,0,0
4/1/1970,USA,111,United States,1970,1,0,0,0,0,0,0,0,1,0,0,0,0,0,0,0
7/1/1970,USA,111,United States,1970,1,0,0,0,0,0,0,0,1,0,0,0,0,0,0,0
10/1/1970,USA,111,United States,1970,1,0,0,0,0,0,0,0,1,0,0,0,0,0,0,0
1/1/1971,USA,111,United States,1971,1,0,0,0,0,0,0,0,1,0,0,0,0,0,0,0
4/1/1971,USA,111,United States,1971,1,0,0,0,0,0,0,0,1,0,0,0,0,0,0,0
7/1/1971,USA,111,United States,1971,1,0,0,0,0,0,0,0,1,0,0,0,0,0,0,0
10/1/1971,USA,111,United States,1971,1,0,0,0,0,0,0,0,1,0,0,0,0,0,0,0
1/1/1972,USA,111,United States,1972,1,0,0,0,0,0,0,0,1,0,0,0,0,0,0,0
4/1/1972,USA,111,United States,1972,1,0,0,0,0,0,0,0,1,0,0,0,0,0,0,0
7/1/1972,USA,111,United States,1972,1,0,0,0,0,0,0,0,1,0,0,0,0,0,0,0
10/1/1972,USA,111,United States,1972,1,0,0,0,0,0,0,0,1,0,0,0,0,0,0,0
1/1/1973,USA,111,United States,1973,1,0,0,0,0,0,0,0,1,0,0,0,0,0,0,0
4/1/1973,USA,111,United States,1973,1,0,0,0,0,0,0,0,1,0,0,0,0,0,0,0
7/1/1973,USA,111,United States,1973,1,0,0,0,0,0,0,0,1,0,0,0,0,0,0,0
10/1/1973,USA,111,United States,1973,1,0,0,0,0,0,0,0,1,0,0,0,0,0,0,0
1/1/1974,USA,111,United States,1974,1,0,0,0,0,0,0,0,1,0,0,0,0,0,0,0
4/1/1974,USA,111,United States,1974,1,0,0,0,0,0,0,0,1,0,0,0,0,0,0,0
7/1/1974,USA,111,United States,1974,1,0,0,0,0,0,0,0,1,0,0,0,0,0,0,0
10/1/1974,USA,111,United States,1974,1,0,0,0,0,0,0,0,1,0,0,0,0,0,0,0
1/1/1975,USA,111,United States,1975,1,0,0,0,0,0,0,0,1,0,0,0,0,0,0,0
4/1/1975,USA,111,United States,1975,1,0,0,0,0,0,0,0,1,0,0,0,0,0,0,0
7/1/1975,USA,111,United States,1975,1,0,0,0,0,0,0,0,1,0,0,0,0,0,0,0
10/1/1975,USA,111,United States,1975,1,0,0,0,0,0,0,0,1,0,0,0,0,0,0,0
1/1/1976,USA,111,United States,1976,1,0,0,0,0,0,0,0,1,0,0,0,0,0,0,0
4/1/1976,USA,111,United States,1976,1,0,0,0,0,0,0,0,1,0,0,0,0,0,0,0
7/1/1976,USA,111,United States,1976,1,0,0,0,0,0,0,0,1,0,0,0,0,0,0,0
10/1/1976,USA,111,United States,1976,1,0,0,0,0,0,0,0,1,0,0,0,0,0,0,0
1/1/1977,USA,111,United States,1977,1,0,0,0,0,0,0,0,1,0,0,0,0,0,0,0
4/1/1977,USA,111,United States,1977,1,0,0,0,0,0,0,0,1,0,0,0,0,0,0,0
7/1/1977,USA,111,United States,1977,1,0,0,0,0,0,0,0,1,0,0,0,0,0,0,0
10/1/1977,USA,111,United States,1977,1,0,0,0,0,0,0,0,1,0,0,0,0,0,0,0
1/1/1978,USA,111,United States,1978,1,0,0,0,0,0,0,0,1,0,0,0,0,0,0,0
4/1/1978,USA,111,United States,1978,1,0,0,0,0,0,0,0,1,0,0,0,0,0,0,0
7/1/1978,USA,111,United States,1978,1,0,0,0,0,0,0,0,1,0,0,0,0,0,0,0
10/1/1978,USA,111,United States,1978,1,0,0,0,0,0,0,0,1,0,0,0,0,0,0,0
1/1/1979,USA,111,United States,1979,1,0,0,0,0,0,0,0,1,0,0,0,0,0,0,0
4/1/1979,USA,111,United States,1979,1,0,0,0,0,0,0,0,1,0,0,0,0,0,0,0
7/1/1979,USA,111,United States,1979,1,0,0,0,0,0,0,0,1,0,0,0,0,0,0,0
10/1/1979,USA,111,United States,1979,1,0,0,0,0,0,0,0,1,0,0,0,0,0,0,0
1/1/1980,USA,111,United States,1980,1,0,0,0,0,0,0,0,1,0,0,0,0,0,0,0
4/1/1980,USA,111,United States,1980,1,0,0,0,0,0,0,0,1,0,0,0,0,0,0,0
7/1/1980,USA,111,United States,1980,1,0,0,0,0,0,0,0,1,0,0,0,0,0,0,0
10/1/1980,USA,111,United States,1980,1,0,0,0,0,0,0,0,1,0,0,0,0,0,0,0
1/1/1981,USA,111,United States,1981,1,0,0,0,0,0,0,0,1,0,0,0,0,0,0,0
4/1/1981,USA,111,United States,1981,1,0,0,0,0,0,0,0,1,0,0,0,0,0,0,0
7/1/1981,USA,111,United States,1981,1,0,0,0,0,0,0,0,1,0,0,0,0,0,0,0
10/1/1981,USA,111,United States,1981,1,0,0,0,0,0,0,0,1,0,0,0,0,0,0,0
1/1/1982,USA,111,United States,1982,1,0,0,0,0,0,0,0,1,0,0,0,0,0,0,0
4/1/1982,USA,111,United States,1982,1,0,0,0,0,0,0,0,1,0,0,0,0,0,0,0
7/1/1982,USA,111,United States,1982,1,0,0,0,0,0,0,0,1,0,0,0,0,0,0,0
10/1/1982,USA,111,United States,1982,1,0,0,0,0,0,0,0,1,0,0,0,0,0,0,0
1/1/1983,USA,111,United States,1983,1,0,0,0,0,0,0,0,1,0,0,0,0,0,0,0
4/1/1983,USA,111,United States,1983,1,0,0,0,0,0,0,0,1,0,0,0,0,0,0,0
7/1/1983,USA,111,United States,1983,1,0,0,0,0,0,0,0,1,0,0,0,0,0,0,0
10/1/1983,USA,111,United States,1983,1,0,0,0,0,0,0,0,1,0,0,0,0,0,0,0
1/1/1984,USA,111,United States,1984,1,0,0,0,0,0,0,0,1,0,0,0,0,0,0,0
4/1/1984,USA,111,United States,1984,1,0,0,0,0,0,0,0,1,0,0,0,0,0,0,0
7/1/1984,USA,111,United States,1984,1,0,0,0,0,0,0,0,1,0,0,0,0,0,0,0
10/1/1984,USA,111,United States,1984,1,0,0,0,0,0,0,0,1,0,0,0,0,0,0,0
1/1/1985,USA,111,United States,1985,1,0,0,0,0,0,0,0,1,0,0,0,0,0,0,0
4/1/1985,USA,111,United States,1985,1,0,0,0,0,0,0,0,1,0,0,0,0,0,0,0
7/1/1985,USA,111,United States,1985,1,0,0,0,0,0,0,0,1,0,0,0,0,0,0,0
10/1/1985,USA,111,United States,1985,1,0,0,0,0,0,0,0,1,0,0,0,0,0,0,0
1/1/1986,USA,111,United States,1986,1,0,0,0,0,0,0,0,1,0,0,0,0,0,0,0
4/1/1986,USA,111,United States,1986,1,0,0,0,0,0,0,0,1,0,0,0,0,0,0,0
7/1/1986,USA,111,United States,1986,1,0,0,0,0,0,0,0,1,0,0,0,0,0,0,0
10/1/1986,USA,111,United States,1986,1,0,0,0,0,0,0,0,1,0,0,0,0,0,0,0
1/1/1987,USA,111,United States,1987,1,0,0,0,0,0,0,0,1,0,0,0,0,0,0,0
4/1/1987,USA,111,United States,1987,1,0,0,0,0,0,0,0,1,0,0,0,0,0,0,0
7/1/1987,USA,111,United States,1987,1,0,0,0,0,0,0,0,1,0,0,0,0,0,0,0
10/1/1987,USA,111,United States,1987,1,0,0,0,0,0,0,0,1,0,0,0,0,0,0,0
1/1/1988,USA,111,United States,1988,1,0,0,0,0,0,0,0,1,0,0,0,0,0,0,0
4/1/1988,USA,111,United States,1988,1,0,0,0,0,0,0,0,1,0,0,0,0,0,0,0
7/1/1988,USA,111,United States,1988,1,0,0,0,0,0,0,0,1,0,0,0,0,0,0,0
10/1/1988,USA,111,United States,1988,1,0,0,0,0,0,0,0,1,0,0,0,0,0,0,0
1/1/1989,USA,111,United States,1989,1,0,0,0,0,0,0,0,1,0,0,0,0,0,0,0
4/1/1989,USA,111,United States,1989,1,0,0,0,0,0,0,0,1,0,0,0,0,0,0,0
7/1/1989,USA,111,United States,1989,1,0,0,0,0,0,0,0,1,0,0,0,0,0,0,0
10/1/1989,USA,111,United States,1989,1,0,0,0,0,0,0,0,1,0,0,0,0,0,0,0
1/1/1990,USA,111,United States,1990,1,0,0,0,0,0,0,0,1,0,0,0,0,0,0,0
4/1/1990,USA,111,United States,1990,1,0,0,0,0,0,0,0,1,0,0,0,0,0,0,0
7/1/1990,USA,111,United States,1990,1,0,0,0,0,0,0,0,1,0,0,0,0,0,0,0
10/1/1990,USA,111,United States,1990,1,0,0,0,0,0,0,0,1,0,0,0,0,0,0,0
1/1/1991,USA,111,United States,1991,1,0,0,0,0,0,0,0,1,0,0,0,0,0,0,0
4/1/1991,USA,111,United States,1991,1,0,0,0,0,0,0,0,1,0,0,0,0,0,0,0
7/1/1991,USA,111,United States,1991,1,0,0,0,0,0,0,0,1,0,0,0,0,0,0,0
10/1/1991,USA,111,United States,1991,1,0,0,0,0,0,0,0,1,0,0,0,0,0,0,0
1/1/1992,USA,111,United States,1992,1,0,0,0,0,0,0,0,1,0,0,0,0,0,0,0
4/1/1992,USA,111,United States,1992,1,0,0,0,0,0,0,0,1,0,0,0,0,0,0,0
7/1/1992,USA,111,United States,1992,1,0,0,0,0,0,0,0,1,0,0,0,0,0,0,0
10/1/1992,USA,111,United States,1992,1,0,0,0,0,0,0,0,1,0,0,0,0,0,0,0
1/1/1993,USA,111,United States,1993,1,0,0,0,0,0,0,0,1,0,0,0,0,0,0,0
4/1/1993,USA,111,United States,1993,1,0,0,0,0,0,0,0,1,0,0,0,0,0,0,0
7/1/1993,USA,111,United States,1993,1,0,0,0,0,0,0,0,1,0,0,0,0,0,0,0
10/1/1993,USA,111,United States,1993,1,0,0,0,0,0,0,0,1,0,0,0,0,0,0,0
1/1/1994,USA,111,United States,1994,1,0,0,0,0,0,0,0,1,0,0,0,0,0,0,0
4/1/1994,USA,111,United States,1994,1,0,0,0,0,0,0,0,1,0,0,0,0,0,0,0
7/1/1994,USA,111,United States,1994,1,0,0,0,0,0,0,0,1,0,0,0,0,0,0,0
10/1/1994,USA,111,United States,1994,1,0,0,0,0,0,0,0,1,0,0,0,0,0,0,0
1/1/1995,USA,111,United States,1995,1,0,0,0,0,0,0,0,1,0,0,0,0,0,0,0
4/1/1995,USA,111,United States,1995,1,0,0,0,0,0,0,0,1,0,0,0,0,0,0,0
7/1/1995,USA,111,United States,1995,1,0,0,0,0,0,0,0,1,0,0,0,0,0,0,0
10/1/1995,USA,111,United States,1995,1,0,0,0,0,0,0,0,1,0,0,0,0,0,0,0
1/1/1996,USA,111,United States,1996,1,0,0,0,0,0,0,0,1,0,0,0,0,0,0,0
4/1/1996,USA,111,United States,1996,1,0,0,0,0,0,0,0,1,0,0,0,0,0,0,0
7/1/1996,USA,111,United States,1996,1,0,0,0,0,0,0,0,1,0,0,0,0,0,0,0
10/1/1996,USA,111,United States,1996,1,0,0,0,0,0,0,0,1,0,0,0,0,0,0,0
1/1/1997,USA,111,United States,1997,1,0,0,0,0,0,0,0,1,0,0,0,0,0,0,0
4/1/1997,USA,111,United States,1997,1,0,0,0,0,0,0,0,1,0,0,0,0,0,0,0
7/1/1997,USA,111,United States,1997,1,0,0,0,0,0,0,0,1,0,0,0,0,0,0,0
10/1/1997,USA,111,United States,1997,1,0,0,0,0,0,0,0,1,0,0,0,0,0,0,0
1/1/1998,USA,111,United States,1998,1,0,0,0,0,0,0,0,1,0,0,0,0,0,0,0
4/1/1998,USA,111,United States,1998,1,0,0,0,0,0,0,0,1,0,0,0,0,0,0,0
7/1/1998,USA,111,United States,1998,1,0,0,0,0,0,0,0,1,0,0,0,0,0,0,0
10/1/1998,USA,111,United States,1998,1,0,0,0,0,0,0,0,1,0,0,0,0,0,0,0
1/1/1999,USA,111,United States,1999,1,0,0,0,0,0,0,0,1,0,0,0,0,0,0,0
4/1/1999,USA,111,United States,1999,1,0,0,0,0,0,0,0,1,0,0,0,0,0,0,0
7/1/1999,USA,111,United States,1999,1,0,0,0,0,0,0,0,1,0,0,0,0,0,0,0
10/1/1999,USA,111,United States,1999,1,0,0,0,0,0,0,0,1,0,0,0,0,0,0,0
1/1/2000,USA,111,United States,2000,1,0,0,0,0,0,0,0,1,0,0,0,0,0,0,0
4/1/2000,USA,111,United States,2000,1,0,0,0,0,0,0,0,1,0,0,0,0,0,0,0
7/1/2000,USA,111,United States,2000,1,0,0,0,0,0,0,0,1,0,0,0,0,0,0,0
10/1/2000,USA,111,United States,2000,1,0,0,0,0,0,0,0,1,0,0,0,0,0,0,0
1/1/2001,USA,111,United States,2001,1,0,0,0,0,0,0,0,1,0,0,0,0,0,0,0
4/1/2001,USA,111,United States,2001,1,0,0,0,0,0,0,0,1,0,0,0,0,0,0,0
7/1/2001,USA,111,United States,2001,1,0,0,0,0,0,0,0,1,0,0,0,0,0,0,0
10/1/2001,USA,111,United States,2001,1,0,0,0,0,0,0,0,1,0,0,0,0,0,0,0
1/1/2002,USA,111,United States,2002,1,0,0,0,0,0,0,0,1,0,0,0,0,0,0,0
4/1/2002,USA,111,United States,2002,1,0,0,0,0,0,0,0,1,0,0,0,0,0,0,0
7/1/2002,USA,111,United States,2002,1,0,0,0,0,0,0,0,1,0,0,0,0,0,0,0
10/1/2002,USA,111,United States,2002,1,0,0,0,0,0,0,0,1,0,0,0,0,0,0,0
1/1/2003,USA,111,United States,2003,1,0,0,0,0,0,0,0,1,0,0,0,0,0,0,0
4/1/2003,USA,111,United States,2003,1,0,0,0,0,0,0,0,1,0,0,0,0,0,0,0
7/1/2003,USA,111,United States,2003,1,0,0,0,0,0,0,0,1,0,0,0,0,0,0,0
10/1/2003,USA,111,United States,2003,1,0,0,0,0,0,0,0,1,0,0,0,0,0,0,0
1/1/2004,USA,111,United States,2004,1,0,0,0,0,0,0,0,1,0,0,0,0,0,0,0
4/1/2004,USA,111,United States,2004,1,0,0,0,0,0,0,0,1,0,0,0,0,0,0,0
7/1/2004,USA,111,United States,2004,1,0,0,0,0,0,0,0,1,0,0,0,0,0,0,0
10/1/2004,USA,111,United States,2004,1,0,0,0,0,0,0,0,1,0,0,0,0,0,0,0
1/1/2005,USA,111,United States,2005,1,0,0,0,0,0,0,0,1,0,0,0,0,0,0,0
4/1/2005,USA,111,United States,2005,1,0,0,0,0,0,0,0,1,0,0,0,0,0,0,0
7/1/2005,USA,111,United States,2005,1,0,0,0,0,0,0,0,1,0,0,0,0,0,0,0
10/1/2005,USA,111,United States,2005,1,0,0,0,0,0,0,0,1,0,0,0,0,0,0,0
1/1/2006,USA,111,United States,2006,1,0,0,0,0,0,0,0,1,0,0,0,0,0,0,0
4/1/2006,USA,111,United States,2006,1,0,0,0,0,0,0,0,1,0,0,0,0,0,0,0
7/1/2006,USA,111,United States,2006,1,0,0,0,0,0,0,0,1,0,0,0,0,0,0,0
10/1/2006,USA,111,United States,2006,1,0,0,0,0,0,0,0,1,0,0,0,0,0,0,0
1/1/2007,USA,111,United States,2007,1,0,0,0,0,0,0,0,1,0,0,0,0,0,0,0
4/1/2007,USA,111,United States,2007,1,0,0,0,0,0,0,0,1,0,0,0,0,0,0,0
7/1/2007,USA,111,United States,2007,1,0,0,0,0,0,0,0,1,0,0,0,0,0,0,0
10/1/2007,USA,111,United States,2007,1,0,0,0,0,0,0,0,1,0,0,0,0,0,0,0
1/1/2008,USA,111,United States,2008,1,0,0,0,0,0,0,0,1,0,0,0,0,0,0,0
4/1/2008,USA,111,United States,2008,1,0,0,0,0,0,0,0,1,0,0,0,0,0,0,0
7/1/2008,USA,111,United States,2008,1,0,0,0,0,0,0,0,1,0,0,0,0,0,0,0
10/1/2008,USA,111,United States,2008,1,0,0,0,0,0,0,0,1,0,0,0,0,0,0,0
1/1/2009,USA,111,United States,2009,1,0,0,0,0,0,0,0,1,0,0,0,0,0,0,0
4/1/2009,USA,111,United States,2009,1,0,0,0,0,0,0,0,1,0,0,0,0,0,0,0
7/1/2009,USA,111,United States,2009,1,0,0,0,0,0,0,0,1,0,0,0,0,0,0,0
10/1/2009,USA,111,United States,2009,1,0,0,0,0,0,0,0,1,0,0,0,0,0,0,0
1/1/2010,USA,111,United States,2010,1,0,0,0,0,0,0,0,1,0,0,0,0,0,0,0
4/1/2010,USA,111,United States,2010,1,0,0,0,0,0,0,0,1,0,0,0,0,0,0,0
7/1/2010,USA,111,United States,2010,1,0,0,0,0,0,0,0,1,0,0,0,0,0,0,0
10/1/2010,USA,111,United States,2010,1,0,0,0,0,0,0,0,1,0,0,0,0,0,0,0
1/1/2011,USA,111,United States,2011,1,0,0,0,0,0,0,0,1,0,0,0,0,0,0,0
4/1/2011,USA,111,United States,2011,1,0,0,0,0,0,0,0,1,0,0,0,0,0,0,0
7/1/2011,USA,111,United States,2011,1,0,0,0,0,0,0,0,1,0,0,0,0,0,0,0
10/1/2011,USA,111,United States,2011,1,0,0,0,0,0,0,0,1,0,0,0,0,0,0,0
1/1/2012,USA,111,United States,2012,1,0,0,0,0,0,0,0,1,0,0,0,0,0,0,0
4/1/2012,USA,111,United States,2012,1,0,0,0,0,0,0,0,1,0,0,0,0,0,0,0
7/1/2012,USA,111,United States,2012,1,0,0,0,0,0,0,0,1,0,0,0,0,0,0,0
10/1/2012,USA,111,United States,2012,1,0,0,0,0,0,0,0,1,0,0,0,0,0,0,0
1/1/2013,USA,111,United States,2013,1,0,0,0,0,0,0,0,1,0,0,0,0,0,0,0
4/1/2013,USA,111,United States,2013,1,0,0,0,0,0,0,0,1,0,0,0,0,0,0,0
7/1/2013,USA,111,United States,2013,1,0,0,0,0,0,0,0,1,0,0,0,0,0,0,0
10/1/2013,USA,111,United States,2013,1,0,0,0,0,0,0,0,1,0,0,0,0,0,0,0
1/1/2014,USA,111,United States,2014,1,0,0,0,0,0,0,0,1,0,0,0,0,0,0,0
4/1/2014,USA,111,United States,2014,1,0,0,0,0,0,0,0,1,0,0,0,0,0,0,0
7/1/2014,USA,111,United States,2014,1,0,0,0,0,0,0,0,1,0,0,0,0,0,0,0
10/1/2014,USA,111,United States,2014,1,0,0,0,0,0,0,0,1,0,0,0,0,0,0,0
1/1/2015,USA,111,United States,2015,1,0,0,0,0,0,0,0,1,0,0,0,0,0,0,0
4/1/2015,USA,111,United States,2015,1,0,0,0,0,0,0,0,1,0,0,0,0,0,0,0
7/1/2015,USA,111,United States,2015,1,0,0,0,0,0,0,0,1,0,0,0,0,0,0,0
10/1/2015,USA,111,United States,2015,1,0,0,0,0,0,0,0,1,0,0,0,0,0,0,0
1/1/2016,USA,111,United States,2016,1,0,0,0,0,0,0,0,1,0,0,0,0,0,0,0
4/1/2016,USA,111,United States,2016,1,0,0,0,0,0,0,0,1,0,0,0,0,0,0,0
7/1/2016,USA,111,United States,2016,1,0,0,0,0,0,0,0,1,0,0,0,0,0,0,0
10/1/2016,USA,111,United States,2016,1,0,0,0,0,0,0,0,1,0,0,0,0,0,0,0
1/1/2017,USA,111,United States,2017,1,0,0,0,0,0,0,0,1,0,0,0,0,0,0,0
4/1/2017,USA,111,United States,2017,1,0,0,0,0,0,0,0,1,0,0,0,0,0,0,0
7/1/2017,USA,111,United States,2017,1,0,0,0,0,0,0,0,1,0,0,0,0,0,0,0
10/1/2017,USA,111,United States,2017,1,0,0,0,0,0,0,0,1,0,0,0,0,0,0,0
1/1/2018,USA,111,United States,2018,1,0,0,0,0,0,0,0,1,0,0,0,0,0,0,0
4/1/2018,USA,111,United States,2018,1,0,0,0,0,0,0,0,1,0,0,0,0,0,0,0
7/1/2018,USA,111,United States,2018,1,0,0,0,0,0,0,0,1,0,0,0,0,0,0,0
10/1/2018,USA,111,United States,2018,1,0,0,0,0,0,0,0,1,0,0,0,0,0,0,0
1/1/2019,USA,111,United States,2019,1,0,0,0,0,0,0,0,1,0,0,0,0,0,0,0
4/1/2019,USA,111,United States,2019,1,0,0,0,0,0,0,0,1,0,0,0,0,0,0,0
7/1/2019,USA,111,United States,2019,1,0,0,0,0,0,0,0,1,0,0,0,0,0,0,0
10/1/2019,USA,111,United States,2019,1,0,0,0,0,0,0,0,1,0,0,0,0,0,0,0
1/1/2020,USA,111,United States,2020,1,0,0,0,0,0,0,0,1,0,0,0,0,0,0,0
4/1/2020,USA,111,United States,2020,1,0,0,0,0,0,0,0,1,0,0,0,0,0,0,0
7/1/2020,USA,111,United States,2020,1,0,0,0,0,0,0,0,1,0,0,0,0,0,0,0
10/1/2020,USA,111,United States,2020,1,0,0,0,0,0,0,0,1,0,0,0,0,0,0,0
1/1/2021,USA,111,United States,2021,1,0,0,0,0,0,0,0,1,0,0,0,0,0,0,0
4/1/2021,USA,111,United States,2021,1,0,0,0,0,0,0,0,1,0,0,0,0,0,0,0
7/1/2021,USA,111,United States,2021,1,0,0,0,0,0,0,0,1,0,0,0,0,0,0,0
10/1/2021,USA,111,United States,2021,1,0,0,0,0,0,0,0,1,0,0,0,0,0,0,0
1/1/2022,USA,111,United States,2022,1,0,0,0,0,0,0,0,1,0,0,0,0,0,0,0
4/1/2022,USA,111,United States,2022,1,0,0,0,0,0,0,0,1,0,0,0,0,0,0,0
7/1/2022,USA,111,United States,2022,1,0,0,0,0,0,0,0,1,0,0,0,0,0,0,0
10/1/2022,USA,111,United States,2022,1,0,0,0,0,0,0,0,1,0,0,0,0,0,0,0
1/1/2023,USA,111,United States,2023,1,0,0,0,0,0,0,0,1,0,0,0,0,0,0,0
4/1/2023,USA,111,United States,2023,1,0,0,0,0,0,0,0,1,0,0,0,0,0,0,0
7/1/2023,USA,111,United States,2023,1,0,0,0,0,0,0,0,1,0,0,0,0,0,0,0
10/1/2023,USA,111,United States,2023,1,0,0,0,0,0,0,0,1,0,0,0,0,0,0,0
1/1/2024,USA,111,United States,2024,1,0,0,0,0,0,0,0,1,0,0,0,0,0,0,0
4/1/2024,USA,111,United States,2024,1,0,0,0,0,0,0,0,1,0,0,0,0,0,0,0
7/1/2024,USA,111,United States,2024,1,0,0,0,0,0,0,0,1,0,0,0,0,0,0,0
10/1/2024,USA,111,United States,2024,1,0,0,0,0,0,0,0,1,0,0,0,0,0,0,0
1/1/1960,GBR,112,United Kingdom,1960,1,0,0,0,0,0,0,1,0,0,0,0,0,1,0,0
4/1/1960,GBR,112,United Kingdom,1960,1,0,0,0,0,0,0,1,0,0,0,0,0,1,0,0
7/1/1960,GBR,112,United Kingdom,1960,1,0,0,0,0,0,0,1,0,0,0,0,0,1,0,0
10/1/1960,GBR,112,United Kingdom,1960,1,0,0,0,0,0,0,1,0,0,0,0,0,1,0,0
1/1/1961,GBR,112,United Kingdom,1961,1,0,0,0,0,0,0,1,0,0,0,0,0,1,0,0
4/1/1961,GBR,112,United Kingdom,1961,1,0,0,0,0,0,0,1,0,0,0,0,0,1,0,0
7/1/1961,GBR,112,United Kingdom,1961,1,0,0,0,0,0,0,1,0,0,0,0,0,1,0,0
10/1/1961,GBR,112,United Kingdom,1961,1,0,0,0,0,0,0,1,0,0,0,0,0,1,0,0
1/1/1962,GBR,112,United Kingdom,1962,1,0,0,0,0,0,0,1,0,0,0,0,0,1,0,0
4/1/1962,GBR,112,United Kingdom,1962,1,0,0,0,0,0,0,1,0,0,0,0,0,1,0,0
7/1/1962,GBR,112,United Kingdom,1962,1,0,0,0,0,0,0,1,0,0,0,0,0,1,0,0
10/1/1962,GBR,112,United Kingdom,1962,1,0,0,0,0,0,0,1,0,0,0,0,0,1,0,0
1/1/1963,GBR,112,United Kingdom,1963,1,0,0,0,0,0,0,1,0,0,0,0,0,1,0,0
4/1/1963,GBR,112,United Kingdom,1963,1,0,0,0,0,0,0,1,0,0,0,0,0,1,0,0
7/1/1963,GBR,112,United Kingdom,1963,1,0,0,0,0,0,0,1,0,0,0,0,0,1,0,0
10/1/1963,GBR,112,United Kingdom,1963,1,0,0,0,0,0,0,1,0,0,0,0,0,1,0,0
1/1/1964,GBR,112,United Kingdom,1964,1,0,0,0,0,0,0,1,0,0,0,0,0,1,0,0
4/1/1964,GBR,112,United Kingdom,1964,1,0,0,0,0,0,0,1,0,0,0,0,0,1,0,0
7/1/1964,GBR,112,United Kingdom,1964,1,0,0,0,0,0,0,1,0,0,0,0,0,1,0,0
10/1/1964,GBR,112,United Kingdom,1964,1,0,0,0,0,0,0,1,0,0,0,0,0,1,0,0
1/1/1965,GBR,112,United Kingdom,1965,1,0,0,0,0,0,0,1,0,0,0,0,0,1,0,0
4/1/1965,GBR,112,United Kingdom,1965,1,0,0,0,0,0,0,1,0,0,0,0,0,1,0,0
7/1/1965,GBR,112,United Kingdom,1965,1,0,0,0,0,0,0,1,0,0,0,0,0,1,0,0
10/1/1965,GBR,112,United Kingdom,1965,1,0,0,0,0,0,0,1,0,0,0,0,0,1,0,0
1/1/1966,GBR,112,United Kingdom,1966,1,0,0,0,0,0,0,1,0,0,0,0,0,1,0,0
4/1/1966,GBR,112,United Kingdom,1966,1,0,0,0,0,0,0,1,0,0,0,0,0,1,0,0
7/1/1966,GBR,112,United Kingdom,1966,1,0,0,0,0,0,0,1,0,0,0,0,0,1,0,0
10/1/1966,GBR,112,United Kingdom,1966,1,0,0,0,0,0,0,1,0,0,0,0,0,1,0,0
1/1/1967,GBR,112,United Kingdom,1967,1,0,0,0,0,0,0,1,0,0,0,0,0,1,0,0
4/1/1967,GBR,112,United Kingdom,1967,1,0,0,0,0,0,0,1,0,0,0,0,0,1,0,0
7/1/1967,GBR,112,United Kingdom,1967,1,0,0,0,0,0,0,1,0,0,0,0,0,1,0,0
10/1/1967,GBR,112,United Kingdom,1967,1,0,0,0,0,0,0,1,0,0,0,0,0,1,0,0
1/1/1968,GBR,112,United Kingdom,1968,1,0,0,0,0,0,0,1,0,0,0,0,0,1,0,0
4/1/1968,GBR,112,United Kingdom,1968,1,0,0,0,0,0,0,1,0,0,0,0,0,1,0,0
7/1/1968,GBR,112,United Kingdom,1968,1,0,0,0,0,0,0,1,0,0,0,0,0,1,0,0
10/1/1968,GBR,112,United Kingdom,1968,1,0,0,0,0,0,0,1,0,0,0,0,0,1,0,0
1/1/1969,GBR,112,United Kingdom,1969,1,0,0,0,0,0,0,1,0,0,0,0,0,1,0,0
4/1/1969,GBR,112,United Kingdom,1969,1,0,0,0,0,0,0,1,0,0,0,0,0,1,0,0
7/1/1969,GBR,112,United Kingdom,1969,1,0,0,0,0,0,0,1,0,0,0,0,0,1,0,0
10/1/1969,GBR,112,United Kingdom,1969,1,0,0,0,0,0,0,1,0,0,0,0,0,1,0,0
1/1/1970,GBR,112,United Kingdom,1970,1,0,0,0,0,0,0,1,0,0,0,0,0,1,0,0
4/1/1970,GBR,112,United Kingdom,1970,1,0,0,0,0,0,0,1,0,0,0,0,0,1,0,0
7/1/1970,GBR,112,United Kingdom,1970,1,0,0,0,0,0,0,1,0,0,0,0,0,1,0,0
10/1/1970,GBR,112,United Kingdom,1970,1,0,0,0,0,0,0,1,0,0,0,0,0,1,0,0
1/1/1971,GBR,112,United Kingdom,1971,1,0,0,0,0,0,0,1,0,0,0,0,0,1,0,0
4/1/1971,GBR,112,United Kingdom,1971,1,0,0,0,0,0,0,1,0,0,0,0,0,1,0,0
7/1/1971,GBR,112,United Kingdom,1971,1,0,0,0,0,0,0,1,0,0,0,0,0,1,0,0
10/1/1971,GBR,112,United Kingdom,1971,1,0,0,0,0,0,0,1,0,0,0,0,0,1,0,0
1/1/1972,GBR,112,United Kingdom,1972,1,0,0,0,0,0,0,1,0,0,0,0,0,1,0,0
4/1/1972,GBR,112,United Kingdom,1972,1,0,0,0,0,0,0,1,0,0,0,0,0,1,0,0
7/1/1972,GBR,112,United Kingdom,1972,1,0,0,0,0,0,0,1,0,0,0,0,0,1,0,0
10/1/1972,GBR,112,United Kingdom,1972,1,0,0,0,0,0,0,1,0,0,0,0,0,1,0,0
1/1/1973,GBR,112,United Kingdom,1973,1,0,0,0,0,0,0,1,0,0,0,0,0,1,0,0
4/1/1973,GBR,112,United Kingdom,1973,1,0,0,0,0,0,0,1,0,0,0,0,0,1,0,0
7/1/1973,GBR,112,United Kingdom,1973,1,0,0,0,0,0,0,1,0,0,0,0,0,1,0,0
10/1/1973,GBR,112,United Kingdom,1973,1,0,0,0,0,0,0,1,0,0,0,0,0,1,0,0
1/1/1974,GBR,112,United Kingdom,1974,1,0,0,0,0,0,0,1,0,0,0,0,0,1,0,0
4/1/1974,GBR,112,United Kingdom,1974,1,0,0,0,0,0,0,1,0,0,0,0,0,1,0,0
7/1/1974,GBR,112,United Kingdom,1974,1,0,0,0,0,0,0,1,0,0,0,0,0,1,0,0
10/1/1974,GBR,112,United Kingdom,1974,1,0,0,0,0,0,0,1,0,0,0,0,0,1,0,0
1/1/1975,GBR,112,United Kingdom,1975,1,0,0,0,0,0,0,1,0,0,0,0,0,1,0,0
4/1/1975,GBR,112,United Kingdom,1975,1,0,0,0,0,0,0,1,0,0,0,0,0,1,0,0
7/1/1975,GBR,112,United Kingdom,1975,1,0,0,0,0,0,0,1,0,0,0,0,0,1,0,0
10/1/1975,GBR,112,United Kingdom,1975,1,0,0,0,0,0,0,1,0,0,0,0,0,1,0,0
1/1/1976,GBR,112,United Kingdom,1976,1,0,0,0,0,0,0,1,0,0,0,0,0,1,0,0
4/1/1976,GBR,112,United Kingdom,1976,1,0,0,0,0,0,0,1,0,0,0,0,0,1,0,0
7/1/1976,GBR,112,United Kingdom,1976,1,0,0,0,0,0,0,1,0,0,0,0,0,1,0,0
10/1/1976,GBR,112,United Kingdom,1976,1,0,0,0,0,0,0,1,0,0,0,0,0,1,0,0
1/1/1977,GBR,112,United Kingdom,1977,1,0,0,0,0,0,0,1,0,0,0,0,0,1,0,0
4/1/1977,GBR,112,United Kingdom,1977,1,0,0,0,0,0,0,1,0,0,0,0,0,1,0,0
7/1/1977,GBR,112,United Kingdom,1977,1,0,0,0,0,0,0,1,0,0,0,0,0,1,0,0
10/1/1977,GBR,112,United Kingdom,1977,1,0,0,0,0,0,0,1,0,0,0,0,0,1,0,0
1/1/1978,GBR,112,United Kingdom,1978,1,0,0,0,0,0,0,1,0,0,0,0,0,1,0,0
4/1/1978,GBR,112,United Kingdom,1978,1,0,0,0,0,0,0,1,0,0,0,0,0,1,0,0
7/1/1978,GBR,112,United Kingdom,1978,1,0,0,0,0,0,0,1,0,0,0,0,0,1,0,0
10/1/1978,GBR,112,United Kingdom,1978,1,0,0,0,0,0,0,1,0,0,0,0,0,1,0,0
1/1/1979,GBR,112,United Kingdom,1979,1,0,0,0,0,0,0,1,0,0,0,0,0,1,0,0
4/1/1979,GBR,112,United Kingdom,1979,1,0,0,0,0,0,0,1,0,0,0,0,0,1,0,0
7/1/1979,GBR,112,United Kingdom,1979,1,0,0,0,0,0,0,1,0,0,0,0,0,1,0,0
10/1/1979,GBR,112,United Kingdom,1979,1,0,0,0,0,0,0,1,0,0,0,0,0,1,0,0
1/1/1980,GBR,112,United Kingdom,1980,1,0,0,0,0,0,0,1,0,0,0,0,0,1,0,0
4/1/1980,GBR,112,United Kingdom,1980,1,0,0,0,0,0,0,1,0,0,0,0,0,1,0,0
7/1/1980,GBR,112,United Kingdom,1980,1,0,0,0,0,0,0,1,0,0,0,0,0,1,0,0
10/1/1980,GBR,112,United Kingdom,1980,1,0,0,0,0,0,0,1,0,0,0,0,0,1,0,0
1/1/1981,GBR,112,United Kingdom,1981,1,0,0,0,0,0,0,1,0,0,0,0,0,1,0,0
4/1/1981,GBR,112,United Kingdom,1981,1,0,0,0,0,0,0,1,0,0,0,0,0,1,0,0
7/1/1981,GBR,112,United Kingdom,1981,1,0,0,0,0,0,0,1,0,0,0,0,0,1,0,0
10/1/1981,GBR,112,United Kingdom,1981,1,0,0,0,0,0,0,1,0,0,0,0,0,1,0,0
1/1/1982,GBR,112,United Kingdom,1982,1,0,0,0,0,0,0,1,0,0,0,0,0,1,0,0
4/1/1982,GBR,112,United Kingdom,1982,1,0,0,0,0,0,0,1,0,0,0,0,0,1,0,0
7/1/1982,GBR,112,United Kingdom,1982,1,0,0,0,0,0,0,1,0,0,0,0,0,1,0,0
10/1/1982,GBR,112,United Kingdom,1982,1,0,0,0,0,0,0,1,0,0,0,0,0,1,0,0
1/1/1983,GBR,112,United Kingdom,1983,1,0,0,0,0,0,0,1,0,0,0,0,0,1,0,0
4/1/1983,GBR,112,United Kingdom,1983,1,0,0,0,0,0,0,1,0,0,0,0,0,1,0,0
7/1/1983,GBR,112,United Kingdom,1983,1,0,0,0,0,0,0,1,0,0,0,0,0,1,0,0
10/1/1983,GBR,112,United Kingdom,1983,1,0,0,0,0,0,0,1,0,0,0,0,0,1,0,0
1/1/1984,GBR,112,United Kingdom,1984,1,0,0,0,0,0,0,1,0,0,0,0,0,1,0,0
4/1/1984,GBR,112,United Kingdom,1984,1,0,0,0,0,0,0,1,0,0,0,0,0,1,0,0
7/1/1984,GBR,112,United Kingdom,1984,1,0,0,0,0,0,0,1,0,0,0,0,0,1,0,0
10/1/1984,GBR,112,United Kingdom,1984,1,0,0,0,0,0,0,1,0,0,0,0,0,1,0,0
1/1/1985,GBR,112,United Kingdom,1985,1,0,0,0,0,0,0,1,0,0,0,0,0,1,0,0
4/1/1985,GBR,112,United Kingdom,1985,1,0,0,0,0,0,0,1,0,0,0,0,0,1,0,0
7/1/1985,GBR,112,United Kingdom,1985,1,0,0,0,0,0,0,1,0,0,0,0,0,1,0,0
10/1/1985,GBR,112,United Kingdom,1985,1,0,0,0,0,0,0,1,0,0,0,0,0,1,0,0
1/1/1986,GBR,112,United Kingdom,1986,1,0,0,0,0,0,0,1,0,0,0,0,0,1,0,0
4/1/1986,GBR,112,United Kingdom,1986,1,0,0,0,0,0,0,1,0,0,0,0,0,1,0,0
7/1/1986,GBR,112,United Kingdom,1986,1,0,0,0,0,0,0,1,0,0,0,0,0,1,0,0
10/1/1986,GBR,112,United Kingdom,1986,1,0,0,0,0,0,0,1,0,0,0,0,0,1,0,0
1/1/1987,GBR,112,United Kingdom,1987,1,0,0,0,0,0,0,1,0,0,0,0,0,1,0,0
4/1/1987,GBR,112,United Kingdom,1987,1,0,0,0,0,0,0,1,0,0,0,0,0,1,0,0
7/1/1987,GBR,112,United Kingdom,1987,1,0,0,0,0,0,0,1,0,0,0,0,0,1,0,0
10/1/1987,GBR,112,United Kingdom,1987,1,0,0,0,0,0,0,1,0,0,0,0,0,1,0,0
1/1/1988,GBR,112,United Kingdom,1988,1,0,0,0,0,0,0,1,0,0,0,0,0,1,0,0
4/1/1988,GBR,112,United Kingdom,1988,1,0,0,0,0,0,0,1,0,0,0,0,0,1,0,0
7/1/1988,GBR,112,United Kingdom,1988,1,0,0,0,0,0,0,1,0,0,0,0,0,1,0,0
10/1/1988,GBR,112,United Kingdom,1988,1,0,0,0,0,0,0,1,0,0,0,0,0,1,0,0
1/1/1989,GBR,112,United Kingdom,1989,1,0,0,0,0,0,0,1,0,0,0,0,0,1,0,0
4/1/1989,GBR,112,United Kingdom,1989,1,0,0,0,0,0,0,1,0,0,0,0,0,1,0,0
7/1/1989,GBR,112,United Kingdom,1989,1,0,0,0,0,0,0,1,0,0,0,0,0,1,0,0
10/1/1989,GBR,112,United Kingdom,1989,1,0,0,0,0,0,0,1,0,0,0,0,0,1,0,0
1/1/1990,GBR,112,United Kingdom,1990,1,0,0,0,0,0,0,1,0,0,0,0,0,1,0,0
4/1/1990,GBR,112,United Kingdom,1990,1,0,0,0,0,0,0,1,0,0,0,0,0,1,0,0
7/1/1990,GBR,112,United Kingdom,1990,1,0,0,0,0,0,0,1,0,0,0,0,0,1,0,0
10/1/1990,GBR,112,United Kingdom,1990,1,0,0,0,0,0,0,1,0,0,0,0,0,1,0,0
1/1/1991,GBR,112,United Kingdom,1991,1,0,0,0,0,0,0,1,0,0,0,0,0,1,0,0
4/1/1991,GBR,112,United Kingdom,1991,1,0,0,0,0,0,0,1,0,0,0,0,0,1,0,0
7/1/1991,GBR,112,United Kingdom,1991,1,0,0,0,0,0,0,1,0,0,0,0,0,1,0,0
10/1/1991,GBR,112,United Kingdom,1991,1,0,0,0,0,0,0,1,0,0,0,0,0,1,0,0
1/1/1992,GBR,112,United Kingdom,1992,1,0,0,0,0,0,0,1,0,0,0,0,0,1,0,0
4/1/1992,GBR,112,United Kingdom,1992,1,0,0,0,0,0,0,1,0,0,0,0,0,1,0,0
7/1/1992,GBR,112,United Kingdom,1992,1,0,0,0,0,0,0,1,0,0,0,0,0,1,0,0
10/1/1992,GBR,112,United Kingdom,1992,1,0,0,0,0,0,0,1,0,0,0,0,0,1,0,0
1/1/1993,GBR,112,United Kingdom,1993,1,0,0,0,0,0,0,1,0,0,0,0,0,1,0,0
4/1/1993,GBR,112,United Kingdom,1993,1,0,0,0,0,0,0,1,0,0,0,0,0,1,0,0
7/1/1993,GBR,112,United Kingdom,1993,1,0,0,0,0,0,0,1,0,0,0,0,0,1,0,0
10/1/1993,GBR,112,United Kingdom,1993,1,0,0,0,0,0,0,1,0,0,0,0,0,1,0,0
1/1/1994,GBR,112,United Kingdom,1994,1,0,0,0,0,0,0,1,0,0,0,0,0,1,0,0
4/1/1994,GBR,112,United Kingdom,1994,1,0,0,0,0,0,0,1,0,0,0,0,0,1,0,0
7/1/1994,GBR,112,United Kingdom,1994,1,0,0,0,0,0,0,1,0,0,0,0,0,1,0,0
10/1/1994,GBR,112,United Kingdom,1994,1,0,0,0,0,0,0,1,0,0,0,0,0,1,0,0
1/1/1995,GBR,112,United Kingdom,1995,1,0,0,0,0,0,0,1,0,0,0,0,0,1,0,0
4/1/1995,GBR,112,United Kingdom,1995,1,0,0,0,0,0,0,1,0,0,0,0,0,1,0,0
7/1/1995,GBR,112,United Kingdom,1995,1,0,0,0,0,0,0,1,0,0,0,0,0,1,0,0
10/1/1995,GBR,112,United Kingdom,1995,1,0,0,0,0,0,0,1,0,0,0,0,0,1,0,0
1/1/1996,GBR,112,United Kingdom,1996,1,0,0,0,0,0,0,1,0,0,0,0,0,1,0,0
4/1/1996,GBR,112,United Kingdom,1996,1,0,0,0,0,0,0,1,0,0,0,0,0,1,0,0
7/1/1996,GBR,112,United Kingdom,1996,1,0,0,0,0,0,0,1,0,0,0,0,0,1,0,0
10/1/1996,GBR,112,United Kingdom,1996,1,0,0,0,0,0,0,1,0,0,0,0,0,1,0,0
1/1/1997,GBR,112,United Kingdom,1997,1,0,0,0,0,0,0,1,0,0,0,0,0,1,0,0
4/1/1997,GBR,112,United Kingdom,1997,1,0,0,0,0,0,0,1,0,0,0,0,0,1,0,0
7/1/1997,GBR,112,United Kingdom,1997,1,0,0,0,0,0,0,1,0,0,0,0,0,1,0,0
10/1/1997,GBR,112,United Kingdom,1997,1,0,0,0,0,0,0,1,0,0,0,0,0,1,0,0
1/1/1998,GBR,112,United Kingdom,1998,1,0,0,0,0,0,0,1,0,0,0,0,0,1,0,0
4/1/1998,GBR,112,United Kingdom,1998,1,0,0,0,0,0,0,1,0,0,0,0,0,1,0,0
7/1/1998,GBR,112,United Kingdom,1998,1,0,0,0,0,0,0,1,0,0,0,0,0,1,0,0
10/1/1998,GBR,112,United Kingdom,1998,1,0,0,0,0,0,0,1,0,0,0,0,0,1,0,0
1/1/1999,GBR,112,United Kingdom,1999,1,0,0,0,0,0,0,1,0,0,0,0,0,1,0,0
4/1/1999,GBR,112,United Kingdom,1999,1,0,0,0,0,0,0,1,0,0,0,0,0,1,0,0
7/1/1999,GBR,112,United Kingdom,1999,1,0,0,0,0,0,0,1,0,0,0,0,0,1,0,0
10/1/1999,GBR,112,United Kingdom,1999,1,0,0,0,0,0,0,1,0,0,0,0,0,1,0,0
1/1/2000,GBR,112,United Kingdom,2000,1,0,0,0,0,0,0,1,0,0,0,0,0,1,0,0
4/1/2000,GBR,112,United Kingdom,2000,1,0,0,0,0,0,0,1,0,0,0,0,0,1,0,0
7/1/2000,GBR,112,United Kingdom,2000,1,0,0,0,0,0,0,1,0,0,0,0,0,1,0,0
10/1/2000,GBR,112,United Kingdom,2000,1,0,0,0,0,0,0,1,0,0,0,0,0,1,0,0
1/1/2001,GBR,112,United Kingdom,2001,1,0,0,0,0,0,0,1,0,0,0,0,0,1,0,0
4/1/2001,GBR,112,United Kingdom,2001,1,0,0,0,0,0,0,1,0,0,0,0,0,1,0,0
7/1/2001,GBR,112,United Kingdom,2001,1,0,0,0,0,0,0,1,0,0,0,0,0,1,0,0
10/1/2001,GBR,112,United Kingdom,2001,1,0,0,0,0,0,0,1,0,0,0,0,0,1,0,0
1/1/2002,GBR,112,United Kingdom,2002,1,0,0,0,0,0,0,1,0,0,0,0,0,1,0,0
4/1/2002,GBR,112,United Kingdom,2002,1,0,0,0,0,0,0,1,0,0,0,0,0,1,0,0
7/1/2002,GBR,112,United Kingdom,2002,1,0,0,0,0,0,0,1,0,0,0,0,0,1,0,0
10/1/2002,GBR,112,United Kingdom,2002,1,0,0,0,0,0,0,1,0,0,0,0,0,1,0,0
1/1/2003,GBR,112,United Kingdom,2003,1,0,0,0,0,0,0,1,0,0,0,0,0,1,0,0
4/1/2003,GBR,112,United Kingdom,2003,1,0,0,0,0,0,0,1,0,0,0,0,0,1,0,0
7/1/2003,GBR,112,United Kingdom,2003,1,0,0,0,0,0,0,1,0,0,0,0,0,1,0,0
10/1/2003,GBR,112,United Kingdom,2003,1,0,0,0,0,0,0,1,0,0,0,0,0,1,0,0
1/1/2004,GBR,112,United Kingdom,2004,1,0,0,0,0,0,0,1,0,0,0,0,0,1,0,0
4/1/2004,GBR,112,United Kingdom,2004,1,0,0,0,0,0,0,1,0,0,0,0,0,1,0,0
7/1/2004,GBR,112,United Kingdom,2004,1,0,0,0,0,0,0,1,0,0,0,0,0,1,0,0
10/1/2004,GBR,112,United Kingdom,2004,1,0,0,0,0,0,0,1,0,0,0,0,0,1,0,0
1/1/2005,GBR,112,United Kingdom,2005,1,0,0,0,0,0,0,1,0,0,0,0,0,1,0,0
4/1/2005,GBR,112,United Kingdom,2005,1,0,0,0,0,0,0,1,0,0,0,0,0,1,0,0
7/1/2005,GBR,112,United Kingdom,2005,1,0,0,0,0,0,0,1,0,0,0,0,0,1,0,0
10/1/2005,GBR,112,United Kingdom,2005,1,0,0,0,0,0,0,1,0,0,0,0,0,1,0,0
1/1/2006,GBR,112,United Kingdom,2006,1,0,0,0,0,0,0,1,0,0,0,0,0,1,0,0
4/1/2006,GBR,112,United Kingdom,2006,1,0,0,0,0,0,0,1,0,0,0,0,0,1,0,0
7/1/2006,GBR,112,United Kingdom,2006,1,0,0,0,0,0,0,1,0,0,0,0,0,1,0,0
10/1/2006,GBR,112,United Kingdom,2006,1,0,0,0,0,0,0,1,0,0,0,0,0,1,0,0
1/1/2007,GBR,112,United Kingdom,2007,1,0,0,0,0,0,0,1,0,0,0,0,0,1,0,0
4/1/2007,GBR,112,United Kingdom,2007,1,0,0,0,0,0,0,1,0,0,0,0,0,1,0,0
7/1/2007,GBR,112,United Kingdom,2007,1,0,0,0,0,0,0,1,0,0,0,0,0,1,0,0
10/1/2007,GBR,112,United Kingdom,2007,1,0,0,0,0,0,0,1,0,0,0,0,0,1,0,0
1/1/2008,GBR,112,United Kingdom,2008,1,0,0,0,0,0,0,1,0,0,0,0,0,1,0,0
4/1/2008,GBR,112,United Kingdom,2008,1,0,0,0,0,0,0,1,0,0,0,0,0,1,0,0
7/1/2008,GBR,112,United Kingdom,2008,1,0,0,0,0,0,0,1,0,0,0,0,0,1,0,0
10/1/2008,GBR,112,United Kingdom,2008,1,0,0,0,0,0,0,1,0,0,0,0,0,1,0,0
1/1/2009,GBR,112,United Kingdom,2009,1,0,0,0,0,0,0,1,0,0,0,0,0,1,0,0
4/1/2009,GBR,112,United Kingdom,2009,1,0,0,0,0,0,0,1,0,0,0,0,0,1,0,0
7/1/2009,GBR,112,United Kingdom,2009,1,0,0,0,0,0,0,1,0,0,0,0,0,1,0,0
10/1/2009,GBR,112,United Kingdom,2009,1,0,0,0,0,0,0,1,0,0,0,0,0,1,0,0
1/1/2010,GBR,112,United Kingdom,2010,1,0,0,0,0,0,0,1,0,0,0,0,0,1,0,0
4/1/2010,GBR,112,United Kingdom,2010,1,0,0,0,0,0,0,1,0,0,0,0,0,1,0,0
7/1/2010,GBR,112,United Kingdom,2010,1,0,0,0,0,0,0,1,0,0,0,0,0,1,0,0
10/1/2010,GBR,112,United Kingdom,2010,1,0,0,0,0,0,0,1,0,0,0,0,0,1,0,0
1/1/2011,GBR,112,United Kingdom,2011,1,0,0,0,0,0,0,1,0,0,0,0,0,1,0,0
4/1/2011,GBR,112,United Kingdom,2011,1,0,0,0,0,0,0,1,0,0,0,0,0,1,0,0
7/1/2011,GBR,112,United Kingdom,2011,1,0,0,0,0,0,0,1,0,0,0,0,0,1,0,0
10/1/2011,GBR,112,United Kingdom,2011,1,0,0,0,0,0,0,1,0,0,0,0,0,1,0,0
1/1/2012,GBR,112,United Kingdom,2012,1,0,0,0,0,0,0,1,0,0,0,0,0,1,0,0
4/1/2012,GBR,112,United Kingdom,2012,1,0,0,0,0,0,0,1,0,0,0,0,0,1,0,0
7/1/2012,GBR,112,United Kingdom,2012,1,0,0,0,0,0,0,1,0,0,0,0,0,1,0,0
10/1/2012,GBR,112,United Kingdom,2012,1,0,0,0,0,0,0,1,0,0,0,0,0,1,0,0
1/1/2013,GBR,112,United Kingdom,2013,1,0,0,0,0,0,0,1,0,0,0,0,0,1,0,0
4/1/2013,GBR,112,United Kingdom,2013,1,0,0,0,0,0,0,1,0,0,0,0,0,1,0,0
7/1/2013,GBR,112,United Kingdom,2013,1,0,0,0,0,0,0,1,0,0,0,0,0,1,0,0
10/1/2013,GBR,112,United Kingdom,2013,1,0,0,0,0,0,0,1,0,0,0,0,0,1,0,0
1/1/2014,GBR,112,United Kingdom,2014,1,0,0,0,0,0,0,1,0,0,0,0,0,1,0,0
4/1/2014,GBR,112,United Kingdom,2014,1,0,0,0,0,0,0,1,0,0,0,0,0,1,0,0
7/1/2014,GBR,112,United Kingdom,2014,1,0,0,0,0,0,0,1,0,0,0,0,0,1,0,0
10/1/2014,GBR,112,United Kingdom,2014,1,0,0,0,0,0,0,1,0,0,0,0,0,1,0,0
1/1/2015,GBR,112,United Kingdom,2015,1,0,0,0,0,0,0,1,0,0,0,0,0,1,0,0
4/1/2015,GBR,112,United Kingdom,2015,1,0,0,0,0,0,0,1,0,0,0,0,0,1,0,0
7/1/2015,GBR,112,United Kingdom,2015,1,0,0,0,0,0,0,1,0,0,0,0,0,1,0,0
10/1/2015,GBR,112,United Kingdom,2015,1,0,0,0,0,0,0,1,0,0,0,0,0,1,0,0
1/1/2016,GBR,112,United Kingdom,2016,1,0,0,0,0,0,0,1,0,0,0,0,0,1,0,0
4/1/2016,GBR,112,United Kingdom,2016,1,0,0,0,0,0,0,1,0,0,0,0,0,1,0,0
7/1/2016,GBR,112,United Kingdom,2016,1,0,0,0,0,0,0,1,0,0,0,0,0,1,0,0
10/1/2016,GBR,112,United Kingdom,2016,1,0,0,0,0,0,0,1,0,0,0,0,0,1,0,0
1/1/2017,GBR,112,United Kingdom,2017,1,0,0,0,0,0,0,1,0,0,0,0,0,1,0,0
4/1/2017,GBR,112,United Kingdom,2017,1,0,0,0,0,0,0,1,0,0,0,0,0,1,0,0
7/1/2017,GBR,112,United Kingdom,2017,1,0,0,0,0,0,0,1,0,0,0,0,0,1,0,0
10/1/2017,GBR,112,United Kingdom,2017,1,0,0,0,0,0,0,1,0,0,0,0,0,1,0,0
1/1/2018,GBR,112,United Kingdom,2018,1,0,0,0,0,0,0,1,0,0,0,0,0,1,0,0
4/1/2018,GBR,112,United Kingdom,2018,1,0,0,0,0,0,0,1,0,0,0,0,0,1,0,0
7/1/2018,GBR,112,United Kingdom,2018,1,0,0,0,0,0,0,1,0,0,0,0,0,1,0,0
10/1/2018,GBR,112,United Kingdom,2018,1,0,0,0,0,0,0,1,0,0,0,0,0,1,0,0
1/1/2019,GBR,112,United Kingdom,2019,1,0,0,0,0,0,0,1,0,0,0,0,0,1,0,0
4/1/2019,GBR,112,United Kingdom,2019,1,0,0,0,0,0,0,1,0,0,0,0,0,1,0,0
7/1/2019,GBR,112,United Kingdom,2019,1,0,0,0,0,0,0,1,0,0,0,0,0,1,0,0
10/1/2019,GBR,112,United Kingdom,2019,1,0,0,0,0,0,0,1,0,0,0,0,0,1,0,0
1/1/2020,GBR,112,United Kingdom,2020,1,0,0,0,0,0,0,1,0,0,0,0,0,1,0,0
4/1/2020,GBR,112,United Kingdom,2020,1,0,0,0,0,0,0,1,0,0,0,0,0,1,0,0
7/1/2020,GBR,112,United Kingdom,2020,1,0,0,0,0,0,0,1,0,0,0,0,0,1,0,0
10/1/2020,GBR,112,United Kingdom,2020,1,0,0,0,0,0,0,1,0,0,0,0,0,1,0,0
1/1/2021,GBR,112,United Kingdom,2021,1,0,0,0,0,0,0,1,0,0,0,0,0,1,0,0
4/1/2021,GBR,112,United Kingdom,2021,1,0,0,0,0,0,0,1,0,0,0,0,0,1,0,0
7/1/2021,GBR,112,United Kingdom,2021,1,0,0,0,0,0,0,1,0,0,0,0,0,1,0,0
10/1/2021,GBR,112,United Kingdom,2021,1,0,0,0,0,0,0,1,0,0,0,0,0,1,0,0
1/1/2022,GBR,112,United Kingdom,2022,1,0,0,0,0,0,0,1,0,0,0,0,0,1,0,0
4/1/2022,GBR,112,United Kingdom,2022,1,0,0,0,0,0,0,1,0,0,0,0,0,1,0,0
7/1/2022,GBR,112,United Kingdom,2022,1,0,0,0,0,0,0,1,0,0,0,0,0,1,0,0
10/1/2022,GBR,112,United Kingdom,2022,1,0,0,0,0,0,0,1,0,0,0,0,0,1,0,0
1/1/2023,GBR,112,United Kingdom,2023,1,0,0,0,0,0,0,1,0,0,0,0,0,1,0,0
4/1/2023,GBR,112,United Kingdom,2023,1,0,0,0,0,0,0,1,0,0,0,0,0,1,0,0
7/1/2023,GBR,112,United Kingdom,2023,1,0,0,0,0,0,0,1,0,0,0,0,0,1,0,0
10/1/2023,GBR,112,United Kingdom,2023,1,0,0,0,0,0,0,1,0,0,0,0,0,1,0,0
1/1/2024,GBR,112,United Kingdom,2024,1,0,0,0,0,0,0,1,0,0,0,0,0,1,0,0
4/1/2024,GBR,112,United Kingdom,2024,1,0,0,0,0,0,0,1,0,0,0,0,0,1,0,0
7/1/2024,GBR,112,United Kingdom,2024,1,0,0,0,0,0,0,1,0,0,0,0,0,1,0,0
10/1/2024,GBR,112,United Kingdom,2024,1,0,0,0,0,0,0,1,0,0,0,0,0,1,0,0
1/1/1970,AUT,122,Austria,1970,1,0,0,0,0,0,0,1,0,0,0,0,0,0,0,0
4/1/1970,AUT,122,Austria,1970,1,0,0,0,0,0,0,1,0,0,0,0,0,0,0,0
7/1/1970,AUT,122,Austria,1970,1,0,0,0,0,0,0,1,0,0,0,0,0,0,0,0
10/1/1970,AUT,122,Austria,1970,1,0,0,0,0,0,0,1,0,0,0,0,0,0,0,0
1/1/1971,AUT,122,Austria,1971,1,0,0,0,0,0,0,1,0,0,0,0,0,0,0,0
4/1/1971,AUT,122,Austria,1971,1,0,0,0,0,0,0,1,0,0,0,0,0,0,0,0
7/1/1971,AUT,122,Austria,1971,1,0,0,0,0,0,0,1,0,0,0,0,0,0,0,0
10/1/1971,AUT,122,Austria,1971,1,0,0,0,0,0,0,1,0,0,0,0,0,0,0,0
1/1/1972,AUT,122,Austria,1972,1,0,0,0,0,0,0,1,0,0,0,0,0,0,0,0
4/1/1972,AUT,122,Austria,1972,1,0,0,0,0,0,0,1,0,0,0,0,0,0,0,0
7/1/1972,AUT,122,Austria,1972,1,0,0,0,0,0,0,1,0,0,0,0,0,0,0,0
10/1/1972,AUT,122,Austria,1972,1,0,0,0,0,0,0,1,0,0,0,0,0,0,0,0
1/1/1973,AUT,122,Austria,1973,1,0,0,0,0,0,0,1,0,0,0,0,0,0,0,0
4/1/1973,AUT,122,Austria,1973,1,0,0,0,0,0,0,1,0,0,0,0,0,0,0,0
7/1/1973,AUT,122,Austria,1973,1,0,0,0,0,0,0,1,0,0,0,0,0,0,0,0
10/1/1973,AUT,122,Austria,1973,1,0,0,0,0,0,0,1,0,0,0,0,0,0,0,0
1/1/1974,AUT,122,Austria,1974,1,0,0,0,0,0,0,1,0,0,0,0,0,0,0,0
4/1/1974,AUT,122,Austria,1974,1,0,0,0,0,0,0,1,0,0,0,0,0,0,0,0
7/1/1974,AUT,122,Austria,1974,1,0,0,0,0,0,0,1,0,0,0,0,0,0,0,0
10/1/1974,AUT,122,Austria,1974,1,0,0,0,0,0,0,1,0,0,0,0,0,0,0,0
1/1/1975,AUT,122,Austria,1975,1,0,0,0,0,0,0,1,0,0,0,0,0,0,0,0
4/1/1975,AUT,122,Austria,1975,1,0,0,0,0,0,0,1,0,0,0,0,0,0,0,0
7/1/1975,AUT,122,Austria,1975,1,0,0,0,0,0,0,1,0,0,0,0,0,0,0,0
10/1/1975,AUT,122,Austria,1975,1,0,0,0,0,0,0,1,0,0,0,0,0,0,0,0
1/1/1976,AUT,122,Austria,1976,1,0,0,0,0,0,0,1,0,0,0,0,0,0,0,0
4/1/1976,AUT,122,Austria,1976,1,0,0,0,0,0,0,1,0,0,0,0,0,0,0,0
7/1/1976,AUT,122,Austria,1976,1,0,0,0,0,0,0,1,0,0,0,0,0,0,0,0
10/1/1976,AUT,122,Austria,1976,1,0,0,0,0,0,0,1,0,0,0,0,0,0,0,0
1/1/1977,AUT,122,Austria,1977,1,0,0,0,0,0,0,1,0,0,0,0,0,0,0,0
4/1/1977,AUT,122,Austria,1977,1,0,0,0,0,0,0,1,0,0,0,0,0,0,0,0
7/1/1977,AUT,122,Austria,1977,1,0,0,0,0,0,0,1,0,0,0,0,0,0,0,0
10/1/1977,AUT,122,Austria,1977,1,0,0,0,0,0,0,1,0,0,0,0,0,0,0,0
1/1/1978,AUT,122,Austria,1978,1,0,0,0,0,0,0,1,0,0,0,0,0,0,0,0
4/1/1978,AUT,122,Austria,1978,1,0,0,0,0,0,0,1,0,0,0,0,0,0,0,0
7/1/1978,AUT,122,Austria,1978,1,0,0,0,0,0,0,1,0,0,0,0,0,0,0,0
10/1/1978,AUT,122,Austria,1978,1,0,0,0,0,0,0,1,0,0,0,0,0,0,0,0
1/1/1979,AUT,122,Austria,1979,1,0,0,0,0,0,0,1,0,0,0,0,0,0,0,0
4/1/1979,AUT,122,Austria,1979,1,0,0,0,0,0,0,1,0,0,0,0,0,0,0,0
7/1/1979,AUT,122,Austria,1979,1,0,0,0,0,0,0,1,0,0,0,0,0,0,0,0
10/1/1979,AUT,122,Austria,1979,1,0,0,0,0,0,0,1,0,0,0,0,0,0,0,0
1/1/1980,AUT,122,Austria,1980,1,0,0,0,0,0,0,1,0,0,0,0,0,0,0,0
4/1/1980,AUT,122,Austria,1980,1,0,0,0,0,0,0,1,0,0,0,0,0,0,0,0
7/1/1980,AUT,122,Austria,1980,1,0,0,0,0,0,0,1,0,0,0,0,0,0,0,0
10/1/1980,AUT,122,Austria,1980,1,0,0,0,0,0,0,1,0,0,0,0,0,0,0,0
1/1/1981,AUT,122,Austria,1981,1,0,0,0,0,0,0,1,0,0,0,0,0,0,0,0
4/1/1981,AUT,122,Austria,1981,1,0,0,0,0,0,0,1,0,0,0,0,0,0,0,0
7/1/1981,AUT,122,Austria,1981,1,0,0,0,0,0,0,1,0,0,0,0,0,0,0,0
10/1/1981,AUT,122,Austria,1981,1,0,0,0,0,0,0,1,0,0,0,0,0,0,0,0
1/1/1982,AUT,122,Austria,1982,1,0,0,0,0,0,0,1,0,0,0,0,0,0,0,0
4/1/1982,AUT,122,Austria,1982,1,0,0,0,0,0,0,1,0,0,0,0,0,0,0,0
7/1/1982,AUT,122,Austria,1982,1,0,0,0,0,0,0,1,0,0,0,0,0,0,0,0
10/1/1982,AUT,122,Austria,1982,1,0,0,0,0,0,0,1,0,0,0,0,0,0,0,0
1/1/1983,AUT,122,Austria,1983,1,0,0,0,0,0,0,1,0,0,0,0,0,0,0,0
4/1/1983,AUT,122,Austria,1983,1,0,0,0,0,0,0,1,0,0,0,0,0,0,0,0
7/1/1983,AUT,122,Austria,1983,1,0,0,0,0,0,0,1,0,0,0,0,0,0,0,0
10/1/1983,AUT,122,Austria,1983,1,0,0,0,0,0,0,1,0,0,0,0,0,0,0,0
1/1/1984,AUT,122,Austria,1984,1,0,0,0,0,0,0,1,0,0,0,0,0,0,0,0
4/1/1984,AUT,122,Austria,1984,1,0,0,0,0,0,0,1,0,0,0,0,0,0,0,0
7/1/1984,AUT,122,Austria,1984,1,0,0,0,0,0,0,1,0,0,0,0,0,0,0,0
10/1/1984,AUT,122,Austria,1984,1,0,0,0,0,0,0,1,0,0,0,0,0,0,0,0
1/1/1985,AUT,122,Austria,1985,1,0,0,0,0,0,0,1,0,0,0,0,0,0,0,0
4/1/1985,AUT,122,Austria,1985,1,0,0,0,0,0,0,1,0,0,0,0,0,0,0,0
7/1/1985,AUT,122,Austria,1985,1,0,0,0,0,0,0,1,0,0,0,0,0,0,0,0
10/1/1985,AUT,122,Austria,1985,1,0,0,0,0,0,0,1,0,0,0,0,0,0,0,0
1/1/1986,AUT,122,Austria,1986,1,0,0,0,0,0,0,1,0,0,0,0,0,0,0,0
4/1/1986,AUT,122,Austria,1986,1,0,0,0,0,0,0,1,0,0,0,0,0,0,0,0
7/1/1986,AUT,122,Austria,1986,1,0,0,0,0,0,0,1,0,0,0,0,0,0,0,0
10/1/1986,AUT,122,Austria,1986,1,0,0,0,0,0,0,1,0,0,0,0,0,0,0,0
1/1/1987,AUT,122,Austria,1987,1,0,0,0,0,0,0,1,0,0,0,0,0,0,0,0
4/1/1987,AUT,122,Austria,1987,1,0,0,0,0,0,0,1,0,0,0,0,0,0,0,0
7/1/1987,AUT,122,Austria,1987,1,0,0,0,0,0,0,1,0,0,0,0,0,0,0,0
10/1/1987,AUT,122,Austria,1987,1,0,0,0,0,0,0,1,0,0,0,0,0,0,0,0
1/1/1988,AUT,122,Austria,1988,1,0,0,0,0,0,0,1,0,0,0,0,0,0,0,0
4/1/1988,AUT,122,Austria,1988,1,0,0,0,0,0,0,1,0,0,0,0,0,0,0,0
7/1/1988,AUT,122,Austria,1988,1,0,0,0,0,0,0,1,0,0,0,0,0,0,0,0
10/1/1988,AUT,122,Austria,1988,1,0,0,0,0,0,0,1,0,0,0,0,0,0,0,0
1/1/1989,AUT,122,Austria,1989,1,0,0,0,0,0,0,1,0,0,0,0,0,0,0,0
4/1/1989,AUT,122,Austria,1989,1,0,0,0,0,0,0,1,0,0,0,0,0,0,0,0
7/1/1989,AUT,122,Austria,1989,1,0,0,0,0,0,0,1,0,0,0,0,0,0,0,0
10/1/1989,AUT,122,Austria,1989,1,0,0,0,0,0,0,1,0,0,0,0,0,0,0,0
1/1/1990,AUT,122,Austria,1990,1,0,0,0,0,0,0,1,0,0,0,0,0,0,0,0
4/1/1990,AUT,122,Austria,1990,1,0,0,0,0,0,0,1,0,0,0,0,0,0,0,0
7/1/1990,AUT,122,Austria,1990,1,0,0,0,0,0,0,1,0,0,0,0,0,0,0,0
10/1/1990,AUT,122,Austria,1990,1,0,0,0,0,0,0,1,0,0,0,0,0,0,0,0
1/1/1991,AUT,122,Austria,1991,1,0,0,0,0,0,0,1,0,0,0,0,0,0,0,0
4/1/1991,AUT,122,Austria,1991,1,0,0,0,0,0,0,1,0,0,0,0,0,0,0,0
7/1/1991,AUT,122,Austria,1991,1,0,0,0,0,0,0,1,0,0,0,0,0,0,0,0
10/1/1991,AUT,122,Austria,1991,1,0,0,0,0,0,0,1,0,0,0,0,0,0,0,0
1/1/1992,AUT,122,Austria,1992,1,0,0,0,0,0,0,1,0,0,0,0,0,0,0,0
4/1/1992,AUT,122,Austria,1992,1,0,0,0,0,0,0,1,0,0,0,0,0,0,0,0
7/1/1992,AUT,122,Austria,1992,1,0,0,0,0,0,0,1,0,0,0,0,0,0,0,0
10/1/1992,AUT,122,Austria,1992,1,0,0,0,0,0,0,1,0,0,0,0,0,0,0,0
1/1/1993,AUT,122,Austria,1993,1,0,0,0,0,0,0,1,0,0,0,0,0,0,0,0
4/1/1993,AUT,122,Austria,1993,1,0,0,0,0,0,0,1,0,0,0,0,0,0,0,0
7/1/1993,AUT,122,Austria,1993,1,0,0,0,0,0,0,1,0,0,0,0,0,0,0,0
10/1/1993,AUT,122,Austria,1993,1,0,0,0,0,0,0,1,0,0,0,0,0,0,0,0
1/1/1994,AUT,122,Austria,1994,1,0,0,0,0,0,0,1,0,0,0,0,0,0,0,0
4/1/1994,AUT,122,Austria,1994,1,0,0,0,0,0,0,1,0,0,0,0,0,0,0,0
7/1/1994,AUT,122,Austria,1994,1,0,0,0,0,0,0,1,0,0,0,0,0,0,0,0
10/1/1994,AUT,122,Austria,1994,1,0,0,0,0,0,0,1,0,0,0,0,0,0,0,0
1/1/1995,AUT,122,Austria,1995,1,0,0,0,0,0,0,1,0,0,0,0,0,0,0,0
4/1/1995,AUT,122,Austria,1995,1,0,0,0,0,0,0,1,0,0,0,0,0,0,0,0
7/1/1995,AUT,122,Austria,1995,1,0,0,0,0,0,0,1,0,0,0,0,0,0,0,0
10/1/1995,AUT,122,Austria,1995,1,0,0,0,0,0,0,1,0,0,0,0,0,0,0,0
1/1/1996,AUT,122,Austria,1996,1,0,0,0,0,0,0,1,0,0,0,0,0,0,0,0
4/1/1996,AUT,122,Austria,1996,1,0,0,0,0,0,0,1,0,0,0,0,0,0,0,0
7/1/1996,AUT,122,Austria,1996,1,0,0,0,0,0,0,1,0,0,0,0,0,0,0,0
10/1/1996,AUT,122,Austria,1996,1,0,0,0,0,0,0,1,0,0,0,0,0,0,0,0
1/1/1997,AUT,122,Austria,1997,1,0,0,0,0,0,0,1,0,0,0,0,0,0,0,0
4/1/1997,AUT,122,Austria,1997,1,0,0,0,0,0,0,1,0,0,0,0,0,0,0,0
7/1/1997,AUT,122,Austria,1997,1,0,0,0,0,0,0,1,0,0,0,0,0,0,0,0
10/1/1997,AUT,122,Austria,1997,1,0,0,0,0,0,0,1,0,0,0,0,0,0,0,0
1/1/1998,AUT,122,Austria,1998,1,0,0,0,0,0,0,1,0,0,0,0,0,0,0,0
4/1/1998,AUT,122,Austria,1998,1,0,0,0,0,0,0,1,0,0,0,0,0,0,0,0
7/1/1998,AUT,122,Austria,1998,1,0,0,0,0,0,0,1,0,0,0,0,0,0,0,0
10/1/1998,AUT,122,Austria,1998,1,0,0,0,0,0,0,1,0,0,0,0,0,0,0,0
1/1/1999,AUT,122,Austria,1999,1,0,0,0,0,0,0,1,0,0,0,0,0,0,1,1
4/1/1999,AUT,122,Austria,1999,1,0,0,0,0,0,0,1,0,0,0,0,0,0,1,0
7/1/1999,AUT,122,Austria,1999,1,0,0,0,0,0,0,1,0,0,0,0,0,0,1,0
10/1/1999,AUT,122,Austria,1999,1,0,0,0,0,0,0,1,0,0,0,0,0,0,1,0
1/1/2000,AUT,122,Austria,2000,1,0,0,0,0,0,0,1,0,0,0,0,0,0,1,0
4/1/2000,AUT,122,Austria,2000,1,0,0,0,0,0,0,1,0,0,0,0,0,0,1,0
7/1/2000,AUT,122,Austria,2000,1,0,0,0,0,0,0,1,0,0,0,0,0,0,1,0
10/1/2000,AUT,122,Austria,2000,1,0,0,0,0,0,0,1,0,0,0,0,0,0,1,0
1/1/2001,AUT,122,Austria,2001,1,0,0,0,0,0,0,1,0,0,0,0,0,0,1,0
4/1/2001,AUT,122,Austria,2001,1,0,0,0,0,0,0,1,0,0,0,0,0,0,1,0
7/1/2001,AUT,122,Austria,2001,1,0,0,0,0,0,0,1,0,0,0,0,0,0,1,0
10/1/2001,AUT,122,Austria,2001,1,0,0,0,0,0,0,1,0,0,0,0,0,0,1,0
1/1/2002,AUT,122,Austria,2002,1,0,0,0,0,0,0,1,0,0,0,0,0,0,1,0
4/1/2002,AUT,122,Austria,2002,1,0,0,0,0,0,0,1,0,0,0,0,0,0,1,0
7/1/2002,AUT,122,Austria,2002,1,0,0,0,0,0,0,1,0,0,0,0,0,0,1,0
10/1/2002,AUT,122,Austria,2002,1,0,0,0,0,0,0,1,0,0,0,0,0,0,1,0
1/1/2003,AUT,122,Austria,2003,1,0,0,0,0,0,0,1,0,0,0,0,0,0,1,0
4/1/2003,AUT,122,Austria,2003,1,0,0,0,0,0,0,1,0,0,0,0,0,0,1,0
7/1/2003,AUT,122,Austria,2003,1,0,0,0,0,0,0,1,0,0,0,0,0,0,1,0
10/1/2003,AUT,122,Austria,2003,1,0,0,0,0,0,0,1,0,0,0,0,0,0,1,0
1/1/2004,AUT,122,Austria,2004,1,0,0,0,0,0,0,1,0,0,0,0,0,0,1,0
4/1/2004,AUT,122,Austria,2004,1,0,0,0,0,0,0,1,0,0,0,0,0,0,1,0
7/1/2004,AUT,122,Austria,2004,1,0,0,0,0,0,0,1,0,0,0,0,0,0,1,0
10/1/2004,AUT,122,Austria,2004,1,0,0,0,0,0,0,1,0,0,0,0,0,0,1,0
1/1/2005,AUT,122,Austria,2005,1,0,0,0,0,0,0,1,0,0,0,0,0,0,1,0
4/1/2005,AUT,122,Austria,2005,1,0,0,0,0,0,0,1,0,0,0,0,0,0,1,0
7/1/2005,AUT,122,Austria,2005,1,0,0,0,0,0,0,1,0,0,0,0,0,0,1,0
10/1/2005,AUT,122,Austria,2005,1,0,0,0,0,0,0,1,0,0,0,0,0,0,1,0
1/1/2006,AUT,122,Austria,2006,1,0,0,0,0,0,0,1,0,0,0,0,0,0,1,0
4/1/2006,AUT,122,Austria,2006,1,0,0,0,0,0,0,1,0,0,0,0,0,0,1,0
7/1/2006,AUT,122,Austria,2006,1,0,0,0,0,0,0,1,0,0,0,0,0,0,1,0
10/1/2006,AUT,122,Austria,2006,1,0,0,0,0,0,0,1,0,0,0,0,0,0,1,0
1/1/2007,AUT,122,Austria,2007,1,0,0,0,0,0,0,1,0,0,0,0,0,0,1,0
4/1/2007,AUT,122,Austria,2007,1,0,0,0,0,0,0,1,0,0,0,0,0,0,1,0
7/1/2007,AUT,122,Austria,2007,1,0,0,0,0,0,0,1,0,0,0,0,0,0,1,0
10/1/2007,AUT,122,Austria,2007,1,0,0,0,0,0,0,1,0,0,0,0,0,0,1,0
1/1/2008,AUT,122,Austria,2008,1,0,0,0,0,0,0,1,0,0,0,0,0,0,1,0
4/1/2008,AUT,122,Austria,2008,1,0,0,0,0,0,0,1,0,0,0,0,0,0,1,0
7/1/2008,AUT,122,Austria,2008,1,0,0,0,0,0,0,1,0,0,0,0,0,0,1,0
10/1/2008,AUT,122,Austria,2008,1,0,0,0,0,0,0,1,0,0,0,0,0,0,1,0
1/1/2009,AUT,122,Austria,2009,1,0,0,0,0,0,0,1,0,0,0,0,0,0,1,0
4/1/2009,AUT,122,Austria,2009,1,0,0,0,0,0,0,1,0,0,0,0,0,0,1,0
7/1/2009,AUT,122,Austria,2009,1,0,0,0,0,0,0,1,0,0,0,0,0,0,1,0
10/1/2009,AUT,122,Austria,2009,1,0,0,0,0,0,0,1,0,0,0,0,0,0,1,0
1/1/2010,AUT,122,Austria,2010,1,0,0,0,0,0,0,1,0,0,0,0,0,0,1,0
4/1/2010,AUT,122,Austria,2010,1,0,0,0,0,0,0,1,0,0,0,0,0,0,1,0
7/1/2010,AUT,122,Austria,2010,1,0,0,0,0,0,0,1,0,0,0,0,0,0,1,0
10/1/2010,AUT,122,Austria,2010,1,0,0,0,0,0,0,1,0,0,0,0,0,0,1,0
1/1/2011,AUT,122,Austria,2011,1,0,0,0,0,0,0,1,0,0,0,0,0,0,1,0
4/1/2011,AUT,122,Austria,2011,1,0,0,0,0,0,0,1,0,0,0,0,0,0,1,0
7/1/2011,AUT,122,Austria,2011,1,0,0,0,0,0,0,1,0,0,0,0,0,0,1,0
10/1/2011,AUT,122,Austria,2011,1,0,0,0,0,0,0,1,0,0,0,0,0,0,1,0
1/1/2012,AUT,122,Austria,2012,1,0,0,0,0,0,0,1,0,0,0,0,0,0,1,0
4/1/2012,AUT,122,Austria,2012,1,0,0,0,0,0,0,1,0,0,0,0,0,0,1,0
7/1/2012,AUT,122,Austria,2012,1,0,0,0,0,0,0,1,0,0,0,0,0,0,1,0
10/1/2012,AUT,122,Austria,2012,1,0,0,0,0,0,0,1,0,0,0,0,0,0,1,0
1/1/2013,AUT,122,Austria,2013,1,0,0,0,0,0,0,1,0,0,0,0,0,0,1,0
4/1/2013,AUT,122,Austria,2013,1,0,0,0,0,0,0,1,0,0,0,0,0,0,1,0
7/1/2013,AUT,122,Austria,2013,1,0,0,0,0,0,0,1,0,0,0,0,0,0,1,0
10/1/2013,AUT,122,Austria,2013,1,0,0,0,0,0,0,1,0,0,0,0,0,0,1,0
1/1/2014,AUT,122,Austria,2014,1,0,0,0,0,0,0,1,0,0,0,0,0,0,1,0
4/1/2014,AUT,122,Austria,2014,1,0,0,0,0,0,0,1,0,0,0,0,0,0,1,0
7/1/2014,AUT,122,Austria,2014,1,0,0,0,0,0,0,1,0,0,0,0,0,0,1,0
10/1/2014,AUT,122,Austria,2014,1,0,0,0,0,0,0,1,0,0,0,0,0,0,1,0
1/1/2015,AUT,122,Austria,2015,1,0,0,0,0,0,0,1,0,0,0,0,0,0,1,0
4/1/2015,AUT,122,Austria,2015,1,0,0,0,0,0,0,1,0,0,0,0,0,0,1,0
7/1/2015,AUT,122,Austria,2015,1,0,0,0,0,0,0,1,0,0,0,0,0,0,1,0
10/1/2015,AUT,122,Austria,2015,1,0,0,0,0,0,0,1,0,0,0,0,0,0,1,0
1/1/2016,AUT,122,Austria,2016,1,0,0,0,0,0,0,1,0,0,0,0,0,0,1,0
4/1/2016,AUT,122,Austria,2016,1,0,0,0,0,0,0,1,0,0,0,0,0,0,1,0
7/1/2016,AUT,122,Austria,2016,1,0,0,0,0,0,0,1,0,0,0,0,0,0,1,0
10/1/2016,AUT,122,Austria,2016,1,0,0,0,0,0,0,1,0,0,0,0,0,0,1,0
1/1/2017,AUT,122,Austria,2017,1,0,0,0,0,0,0,1,0,0,0,0,0,0,1,0
4/1/2017,AUT,122,Austria,2017,1,0,0,0,0,0,0,1,0,0,0,0,0,0,1,0
7/1/2017,AUT,122,Austria,2017,1,0,0,0,0,0,0,1,0,0,0,0,0,0,1,0
10/1/2017,AUT,122,Austria,2017,1,0,0,0,0,0,0,1,0,0,0,0,0,0,1,0
1/1/2018,AUT,122,Austria,2018,1,0,0,0,0,0,0,1,0,0,0,0,0,0,1,0
4/1/2018,AUT,122,Austria,2018,1,0,0,0,0,0,0,1,0,0,0,0,0,0,1,0
7/1/2018,AUT,122,Austria,2018,1,0,0,0,0,0,0,1,0,0,0,0,0,0,1,0
10/1/2018,AUT,122,Austria,2018,1,0,0,0,0,0,0,1,0,0,0,0,0,0,1,0
1/1/2019,AUT,122,Austria,2019,1,0,0,0,0,0,0,1,0,0,0,0,0,0,1,0
4/1/2019,AUT,122,Austria,2019,1,0,0,0,0,0,0,1,0,0,0,0,0,0,1,0
7/1/2019,AUT,122,Austria,2019,1,0,0,0,0,0,0,1,0,0,0,0,0,0,1,0
10/1/2019,AUT,122,Austria,2019,1,0,0,0,0,0,0,1,0,0,0,0,0,0,1,0
1/1/2020,AUT,122,Austria,2020,1,0,0,0,0,0,0,1,0,0,0,0,0,0,1,0
4/1/2020,AUT,122,Austria,2020,1,0,0,0,0,0,0,1,0,0,0,0,0,0,1,0
7/1/2020,AUT,122,Austria,2020,1,0,0,0,0,0,0,1,0,0,0,0,0,0,1,0
10/1/2020,AUT,122,Austria,2020,1,0,0,0,0,0,0,1,0,0,0,0,0,0,1,0
1/1/2021,AUT,122,Austria,2021,1,0,0,0,0,0,0,1,0,0,0,0,0,0,1,0
4/1/2021,AUT,122,Austria,2021,1,0,0,0,0,0,0,1,0,0,0,0,0,0,1,0
7/1/2021,AUT,122,Austria,2021,1,0,0,0,0,0,0,1,0,0,0,0,0,0,1,0
10/1/2021,AUT,122,Austria,2021,1,0,0,0,0,0,0,1,0,0,0,0,0,0,1,0
1/1/2022,AUT,122,Austria,2022,1,0,0,0,0,0,0,1,0,0,0,0,0,0,1,0
4/1/2022,AUT,122,Austria,2022,1,0,0,0,0,0,0,1,0,0,0,0,0,0,1,0
7/1/2022,AUT,122,Austria,2022,1,0,0,0,0,0,0,1,0,0,0,0,0,0,1,0
10/1/2022,AUT,122,Austria,2022,1,0,0,0,0,0,0,1,0,0,0,0,0,0,1,0
1/1/2023,AUT,122,Austria,2023,1,0,0,0,0,0,0,1,0,0,0,0,0,0,1,0
4/1/2023,AUT,122,Austria,2023,1,0,0,0,0,0,0,1,0,0,0,0,0,0,1,0
7/1/2023,AUT,122,Austria,2023,1,0,0,0,0,0,0,1,0,0,0,0,0,0,1,0
10/1/2023,AUT,122,Austria,2023,1,0,0,0,0,0,0,1,0,0,0,0,0,0,1,0
1/1/2024,AUT,122,Austria,2024,1,0,0,0,0,0,0,1,0,0,0,0,0,0,1,0
4/1/2024,AUT,122,Austria,2024,1,0,0,0,0,0,0,1,0,0,0,0,0,0,1,0
7/1/2024,AUT,122,Austria,2024,1,0,0,0,0,0,0,1,0,0,0,0,0,0,1,0
10/1/2024,AUT,122,Austria,2024,1,0,0,0,0,0,0,1,0,0,0,0,0,0,1,0
1/1/1995,BEL,124,Belgium,1995,1,0,0,0,0,0,0,1,0,0,0,0,0,1,0,0
4/1/1995,BEL,124,Belgium,1995,1,0,0,0,0,0,0,1,0,0,0,0,0,1,0,0
7/1/1995,BEL,124,Belgium,1995,1,0,0,0,0,0,0,1,0,0,0,0,0,1,0,0
10/1/1995,BEL,124,Belgium,1995,1,0,0,0,0,0,0,1,0,0,0,0,0,1,0,0
1/1/1996,BEL,124,Belgium,1996,1,0,0,0,0,0,0,1,0,0,0,0,0,1,0,0
4/1/1996,BEL,124,Belgium,1996,1,0,0,0,0,0,0,1,0,0,0,0,0,1,0,0
7/1/1996,BEL,124,Belgium,1996,1,0,0,0,0,0,0,1,0,0,0,0,0,1,0,0
10/1/1996,BEL,124,Belgium,1996,1,0,0,0,0,0,0,1,0,0,0,0,0,1,0,0
1/1/1997,BEL,124,Belgium,1997,1,0,0,0,0,0,0,1,0,0,0,0,0,1,0,0
4/1/1997,BEL,124,Belgium,1997,1,0,0,0,0,0,0,1,0,0,0,0,0,1,0,0
7/1/1997,BEL,124,Belgium,1997,1,0,0,0,0,0,0,1,0,0,0,0,0,1,0,0
10/1/1997,BEL,124,Belgium,1997,1,0,0,0,0,0,0,1,0,0,0,0,0,1,0,0
1/1/1998,BEL,124,Belgium,1998,1,0,0,0,0,0,0,1,0,0,0,0,0,1,0,0
4/1/1998,BEL,124,Belgium,1998,1,0,0,0,0,0,0,1,0,0,0,0,0,1,0,0
7/1/1998,BEL,124,Belgium,1998,1,0,0,0,0,0,0,1,0,0,0,0,0,1,0,0
10/1/1998,BEL,124,Belgium,1998,1,0,0,0,0,0,0,1,0,0,0,0,0,1,0,0
1/1/1999,BEL,124,Belgium,1999,1,0,0,0,0,0,0,1,0,0,0,0,0,1,1,1
4/1/1999,BEL,124,Belgium,1999,1,0,0,0,0,0,0,1,0,0,0,0,0,1,1,0
7/1/1999,BEL,124,Belgium,1999,1,0,0,0,0,0,0,1,0,0,0,0,0,1,1,0
10/1/1999,BEL,124,Belgium,1999,1,0,0,0,0,0,0,1,0,0,0,0,0,1,1,0
1/1/2000,BEL,124,Belgium,2000,1,0,0,0,0,0,0,1,0,0,0,0,0,1,1,0
4/1/2000,BEL,124,Belgium,2000,1,0,0,0,0,0,0,1,0,0,0,0,0,1,1,0
7/1/2000,BEL,124,Belgium,2000,1,0,0,0,0,0,0,1,0,0,0,0,0,1,1,0
10/1/2000,BEL,124,Belgium,2000,1,0,0,0,0,0,0,1,0,0,0,0,0,1,1,0
1/1/2001,BEL,124,Belgium,2001,1,0,0,0,0,0,0,1,0,0,0,0,0,1,1,0
4/1/2001,BEL,124,Belgium,2001,1,0,0,0,0,0,0,1,0,0,0,0,0,1,1,0
7/1/2001,BEL,124,Belgium,2001,1,0,0,0,0,0,0,1,0,0,0,0,0,1,1,0
10/1/2001,BEL,124,Belgium,2001,1,0,0,0,0,0,0,1,0,0,0,0,0,1,1,0
1/1/2002,BEL,124,Belgium,2002,1,0,0,0,0,0,0,1,0,0,0,0,0,1,1,0
4/1/2002,BEL,124,Belgium,2002,1,0,0,0,0,0,0,1,0,0,0,0,0,1,1,0
7/1/2002,BEL,124,Belgium,2002,1,0,0,0,0,0,0,1,0,0,0,0,0,1,1,0
10/1/2002,BEL,124,Belgium,2002,1,0,0,0,0,0,0,1,0,0,0,0,0,1,1,0
1/1/2003,BEL,124,Belgium,2003,1,0,0,0,0,0,0,1,0,0,0,0,0,1,1,0
4/1/2003,BEL,124,Belgium,2003,1,0,0,0,0,0,0,1,0,0,0,0,0,1,1,0
7/1/2003,BEL,124,Belgium,2003,1,0,0,0,0,0,0,1,0,0,0,0,0,1,1,0
10/1/2003,BEL,124,Belgium,2003,1,0,0,0,0,0,0,1,0,0,0,0,0,1,1,0
1/1/2004,BEL,124,Belgium,2004,1,0,0,0,0,0,0,1,0,0,0,0,0,1,1,0
4/1/2004,BEL,124,Belgium,2004,1,0,0,0,0,0,0,1,0,0,0,0,0,1,1,0
7/1/2004,BEL,124,Belgium,2004,1,0,0,0,0,0,0,1,0,0,0,0,0,1,1,0
10/1/2004,BEL,124,Belgium,2004,1,0,0,0,0,0,0,1,0,0,0,0,0,1,1,0
1/1/2005,BEL,124,Belgium,2005,1,0,0,0,0,0,0,1,0,0,0,0,0,1,1,0
4/1/2005,BEL,124,Belgium,2005,1,0,0,0,0,0,0,1,0,0,0,0,0,1,1,0
7/1/2005,BEL,124,Belgium,2005,1,0,0,0,0,0,0,1,0,0,0,0,0,1,1,0
10/1/2005,BEL,124,Belgium,2005,1,0,0,0,0,0,0,1,0,0,0,0,0,1,1,0
1/1/2006,BEL,124,Belgium,2006,1,0,0,0,0,0,0,1,0,0,0,0,0,1,1,0
4/1/2006,BEL,124,Belgium,2006,1,0,0,0,0,0,0,1,0,0,0,0,0,1,1,0
7/1/2006,BEL,124,Belgium,2006,1,0,0,0,0,0,0,1,0,0,0,0,0,1,1,0
10/1/2006,BEL,124,Belgium,2006,1,0,0,0,0,0,0,1,0,0,0,0,0,1,1,0
1/1/2007,BEL,124,Belgium,2007,1,0,0,0,0,0,0,1,0,0,0,0,0,1,1,0
4/1/2007,BEL,124,Belgium,2007,1,0,0,0,0,0,0,1,0,0,0,0,0,1,1,0
7/1/2007,BEL,124,Belgium,2007,1,0,0,0,0,0,0,1,0,0,0,0,0,1,1,0
10/1/2007,BEL,124,Belgium,2007,1,0,0,0,0,0,0,1,0,0,0,0,0,1,1,0
1/1/2008,BEL,124,Belgium,2008,1,0,0,0,0,0,0,1,0,0,0,0,0,1,1,0
4/1/2008,BEL,124,Belgium,2008,1,0,0,0,0,0,0,1,0,0,0,0,0,1,1,0
7/1/2008,BEL,124,Belgium,2008,1,0,0,0,0,0,0,1,0,0,0,0,0,1,1,0
10/1/2008,BEL,124,Belgium,2008,1,0,0,0,0,0,0,1,0,0,0,0,0,1,1,0
1/1/2009,BEL,124,Belgium,2009,1,0,0,0,0,0,0,1,0,0,0,0,0,1,1,0
4/1/2009,BEL,124,Belgium,2009,1,0,0,0,0,0,0,1,0,0,0,0,0,1,1,0
7/1/2009,BEL,124,Belgium,2009,1,0,0,0,0,0,0,1,0,0,0,0,0,1,1,0
10/1/2009,BEL,124,Belgium,2009,1,0,0,0,0,0,0,1,0,0,0,0,0,1,1,0
1/1/2010,BEL,124,Belgium,2010,1,0,0,0,0,0,0,1,0,0,0,0,0,1,1,0
4/1/2010,BEL,124,Belgium,2010,1,0,0,0,0,0,0,1,0,0,0,0,0,1,1,0
7/1/2010,BEL,124,Belgium,2010,1,0,0,0,0,0,0,1,0,0,0,0,0,1,1,0
10/1/2010,BEL,124,Belgium,2010,1,0,0,0,0,0,0,1,0,0,0,0,0,1,1,0
1/1/2011,BEL,124,Belgium,2011,1,0,0,0,0,0,0,1,0,0,0,0,0,1,1,0
4/1/2011,BEL,124,Belgium,2011,1,0,0,0,0,0,0,1,0,0,0,0,0,1,1,0
7/1/2011,BEL,124,Belgium,2011,1,0,0,0,0,0,0,1,0,0,0,0,0,1,1,0
10/1/2011,BEL,124,Belgium,2011,1,0,0,0,0,0,0,1,0,0,0,0,0,1,1,0
1/1/2012,BEL,124,Belgium,2012,1,0,0,0,0,0,0,1,0,0,0,0,0,1,1,0
4/1/2012,BEL,124,Belgium,2012,1,0,0,0,0,0,0,1,0,0,0,0,0,1,1,0
7/1/2012,BEL,124,Belgium,2012,1,0,0,0,0,0,0,1,0,0,0,0,0,1,1,0
10/1/2012,BEL,124,Belgium,2012,1,0,0,0,0,0,0,1,0,0,0,0,0,1,1,0
1/1/2013,BEL,124,Belgium,2013,1,0,0,0,0,0,0,1,0,0,0,0,0,1,1,0
4/1/2013,BEL,124,Belgium,2013,1,0,0,0,0,0,0,1,0,0,0,0,0,1,1,0
7/1/2013,BEL,124,Belgium,2013,1,0,0,0,0,0,0,1,0,0,0,0,0,1,1,0
10/1/2013,BEL,124,Belgium,2013,1,0,0,0,0,0,0,1,0,0,0,0,0,1,1,0
1/1/2014,BEL,124,Belgium,2014,1,0,0,0,0,0,0,1,0,0,0,0,0,1,1,0
4/1/2014,BEL,124,Belgium,2014,1,0,0,0,0,0,0,1,0,0,0,0,0,1,1,0
7/1/2014,BEL,124,Belgium,2014,1,0,0,0,0,0,0,1,0,0,0,0,0,1,1,0
10/1/2014,BEL,124,Belgium,2014,1,0,0,0,0,0,0,1,0,0,0,0,0,1,1,0
1/1/2015,BEL,124,Belgium,2015,1,0,0,0,0,0,0,1,0,0,0,0,0,1,1,0
4/1/2015,BEL,124,Belgium,2015,1,0,0,0,0,0,0,1,0,0,0,0,0,1,1,0
7/1/2015,BEL,124,Belgium,2015,1,0,0,0,0,0,0,1,0,0,0,0,0,1,1,0
10/1/2015,BEL,124,Belgium,2015,1,0,0,0,0,0,0,1,0,0,0,0,0,1,1,0
1/1/2016,BEL,124,Belgium,2016,1,0,0,0,0,0,0,1,0,0,0,0,0,1,1,0
4/1/2016,BEL,124,Belgium,2016,1,0,0,0,0,0,0,1,0,0,0,0,0,1,1,0
7/1/2016,BEL,124,Belgium,2016,1,0,0,0,0,0,0,1,0,0,0,0,0,1,1,0
10/1/2016,BEL,124,Belgium,2016,1,0,0,0,0,0,0,1,0,0,0,0,0,1,1,0
1/1/2017,BEL,124,Belgium,2017,1,0,0,0,0,0,0,1,0,0,0,0,0,1,1,0
4/1/2017,BEL,124,Belgium,2017,1,0,0,0,0,0,0,1,0,0,0,0,0,1,1,0
7/1/2017,BEL,124,Belgium,2017,1,0,0,0,0,0,0,1,0,0,0,0,0,1,1,0
10/1/2017,BEL,124,Belgium,2017,1,0,0,0,0,0,0,1,0,0,0,0,0,1,1,0
1/1/2018,BEL,124,Belgium,2018,1,0,0,0,0,0,0,1,0,0,0,0,0,1,1,0
4/1/2018,BEL,124,Belgium,2018,1,0,0,0,0,0,0,1,0,0,0,0,0,1,1,0
7/1/2018,BEL,124,Belgium,2018,1,0,0,0,0,0,0,1,0,0,0,0,0,1,1,0
10/1/2018,BEL,124,Belgium,2018,1,0,0,0,0,0,0,1,0,0,0,0,0,1,1,0
1/1/2019,BEL,124,Belgium,2019,1,0,0,0,0,0,0,1,0,0,0,0,0,1,1,0
4/1/2019,BEL,124,Belgium,2019,1,0,0,0,0,0,0,1,0,0,0,0,0,1,1,0
7/1/2019,BEL,124,Belgium,2019,1,0,0,0,0,0,0,1,0,0,0,0,0,1,1,0
10/1/2019,BEL,124,Belgium,2019,1,0,0,0,0,0,0,1,0,0,0,0,0,1,1,0
1/1/2020,BEL,124,Belgium,2020,1,0,0,0,0,0,0,1,0,0,0,0,0,1,1,0
4/1/2020,BEL,124,Belgium,2020,1,0,0,0,0,0,0,1,0,0,0,0,0,1,1,0
7/1/2020,BEL,124,Belgium,2020,1,0,0,0,0,0,0,1,0,0,0,0,0,1,1,0
10/1/2020,BEL,124,Belgium,2020,1,0,0,0,0,0,0,1,0,0,0,0,0,1,1,0
1/1/2021,BEL,124,Belgium,2021,1,0,0,0,0,0,0,1,0,0,0,0,0,1,1,0
4/1/2021,BEL,124,Belgium,2021,1,0,0,0,0,0,0,1,0,0,0,0,0,1,1,0
7/1/2021,BEL,124,Belgium,2021,1,0,0,0,0,0,0,1,0,0,0,0,0,1,1,0
10/1/2021,BEL,124,Belgium,2021,1,0,0,0,0,0,0,1,0,0,0,0,0,1,1,0
1/1/2022,BEL,124,Belgium,2022,1,0,0,0,0,0,0,1,0,0,0,0,0,1,1,0
4/1/2022,BEL,124,Belgium,2022,1,0,0,0,0,0,0,1,0,0,0,0,0,1,1,0
7/1/2022,BEL,124,Belgium,2022,1,0,0,0,0,0,0,1,0,0,0,0,0,1,1,0
10/1/2022,BEL,124,Belgium,2022,1,0,0,0,0,0,0,1,0,0,0,0,0,1,1,0
1/1/2023,BEL,124,Belgium,2023,1,0,0,0,0,0,0,1,0,0,0,0,0,1,1,0
4/1/2023,BEL,124,Belgium,2023,1,0,0,0,0,0,0,1,0,0,0,0,0,1,1,0
7/1/2023,BEL,124,Belgium,2023,1,0,0,0,0,0,0,1,0,0,0,0,0,1,1,0
10/1/2023,BEL,124,Belgium,2023,1,0,0,0,0,0,0,1,0,0,0,0,0,1,1,0
1/1/2024,BEL,124,Belgium,2024,1,0,0,0,0,0,0,1,0,0,0,0,0,1,1,0
4/1/2024,BEL,124,Belgium,2024,1,0,0,0,0,0,0,1,0,0,0,0,0,1,1,0
7/1/2024,BEL,124,Belgium,2024,1,0,0,0,0,0,0,1,0,0,0,0,0,1,1,0
10/1/2024,BEL,124,Belgium,2024,1,0,0,0,0,0,0,1,0,0,0,0,0,1,1,0
1/1/1977,DNK,128,Denmark,1977,1,0,0,0,0,0,0,1,0,0,0,0,0,0,0,0
4/1/1977,DNK,128,Denmark,1977,1,0,0,0,0,0,0,1,0,0,0,0,0,0,0,0
7/1/1977,DNK,128,Denmark,1977,1,0,0,0,0,0,0,1,0,0,0,0,0,0,0,0
10/1/1977,DNK,128,Denmark,1977,1,0,0,0,0,0,0,1,0,0,0,0,0,0,0,0
1/1/1978,DNK,128,Denmark,1978,1,0,0,0,0,0,0,1,0,0,0,0,0,0,0,0
4/1/1978,DNK,128,Denmark,1978,1,0,0,0,0,0,0,1,0,0,0,0,0,0,0,0
7/1/1978,DNK,128,Denmark,1978,1,0,0,0,0,0,0,1,0,0,0,0,0,0,0,0
10/1/1978,DNK,128,Denmark,1978,1,0,0,0,0,0,0,1,0,0,0,0,0,0,0,0
1/1/1979,DNK,128,Denmark,1979,1,0,0,0,0,0,0,1,0,0,0,0,0,0,0,0
4/1/1979,DNK,128,Denmark,1979,1,0,0,0,0,0,0,1,0,0,0,0,0,0,0,0
7/1/1979,DNK,128,Denmark,1979,1,0,0,0,0,0,0,1,0,0,0,0,0,0,0,0
10/1/1979,DNK,128,Denmark,1979,1,0,0,0,0,0,0,1,0,0,0,0,0,0,0,0
1/1/1980,DNK,128,Denmark,1980,1,0,0,0,0,0,0,1,0,0,0,0,0,0,0,0
4/1/1980,DNK,128,Denmark,1980,1,0,0,0,0,0,0,1,0,0,0,0,0,0,0,0
7/1/1980,DNK,128,Denmark,1980,1,0,0,0,0,0,0,1,0,0,0,0,0,0,0,0
10/1/1980,DNK,128,Denmark,1980,1,0,0,0,0,0,0,1,0,0,0,0,0,0,0,0
1/1/1981,DNK,128,Denmark,1981,1,0,0,0,0,0,0,1,0,0,0,0,0,0,0,0
4/1/1981,DNK,128,Denmark,1981,1,0,0,0,0,0,0,1,0,0,0,0,0,0,0,0
7/1/1981,DNK,128,Denmark,1981,1,0,0,0,0,0,0,1,0,0,0,0,0,0,0,0
10/1/1981,DNK,128,Denmark,1981,1,0,0,0,0,0,0,1,0,0,0,0,0,0,0,0
1/1/1982,DNK,128,Denmark,1982,1,0,0,0,0,0,0,1,0,0,0,0,0,0,0,0
4/1/1982,DNK,128,Denmark,1982,1,0,0,0,0,0,0,1,0,0,0,0,0,0,0,0
7/1/1982,DNK,128,Denmark,1982,1,0,0,0,0,0,0,1,0,0,0,0,0,0,0,0
10/1/1982,DNK,128,Denmark,1982,1,0,0,0,0,0,0,1,0,0,0,0,0,0,0,0
1/1/1983,DNK,128,Denmark,1983,1,0,0,0,0,0,0,1,0,0,0,0,0,0,0,0
4/1/1983,DNK,128,Denmark,1983,1,0,0,0,0,0,0,1,0,0,0,0,0,0,0,0
7/1/1983,DNK,128,Denmark,1983,1,0,0,0,0,0,0,1,0,0,0,0,0,0,0,0
10/1/1983,DNK,128,Denmark,1983,1,0,0,0,0,0,0,1,0,0,0,0,0,0,0,0
1/1/1984,DNK,128,Denmark,1984,1,0,0,0,0,0,0,1,0,0,0,0,0,0,0,0
4/1/1984,DNK,128,Denmark,1984,1,0,0,0,0,0,0,1,0,0,0,0,0,0,0,0
7/1/1984,DNK,128,Denmark,1984,1,0,0,0,0,0,0,1,0,0,0,0,0,0,0,0
10/1/1984,DNK,128,Denmark,1984,1,0,0,0,0,0,0,1,0,0,0,0,0,0,0,0
1/1/1985,DNK,128,Denmark,1985,1,0,0,0,0,0,0,1,0,0,0,0,0,0,0,0
4/1/1985,DNK,128,Denmark,1985,1,0,0,0,0,0,0,1,0,0,0,0,0,0,0,0
7/1/1985,DNK,128,Denmark,1985,1,0,0,0,0,0,0,1,0,0,0,0,0,0,0,0
10/1/1985,DNK,128,Denmark,1985,1,0,0,0,0,0,0,1,0,0,0,0,0,0,0,0
1/1/1986,DNK,128,Denmark,1986,1,0,0,0,0,0,0,1,0,0,0,0,0,0,0,0
4/1/1986,DNK,128,Denmark,1986,1,0,0,0,0,0,0,1,0,0,0,0,0,0,0,0
7/1/1986,DNK,128,Denmark,1986,1,0,0,0,0,0,0,1,0,0,0,0,0,0,0,0
10/1/1986,DNK,128,Denmark,1986,1,0,0,0,0,0,0,1,0,0,0,0,0,0,0,0
1/1/1987,DNK,128,Denmark,1987,1,0,0,0,0,0,0,1,0,0,0,0,0,0,0,0
4/1/1987,DNK,128,Denmark,1987,1,0,0,0,0,0,0,1,0,0,0,0,0,0,0,0
7/1/1987,DNK,128,Denmark,1987,1,0,0,0,0,0,0,1,0,0,0,0,0,0,0,0
10/1/1987,DNK,128,Denmark,1987,1,0,0,0,0,0,0,1,0,0,0,0,0,0,0,0
1/1/1988,DNK,128,Denmark,1988,1,0,0,0,0,0,0,1,0,0,0,0,0,0,0,0
4/1/1988,DNK,128,Denmark,1988,1,0,0,0,0,0,0,1,0,0,0,0,0,0,0,0
7/1/1988,DNK,128,Denmark,1988,1,0,0,0,0,0,0,1,0,0,0,0,0,0,0,0
10/1/1988,DNK,128,Denmark,1988,1,0,0,0,0,0,0,1,0,0,0,0,0,0,0,0
1/1/1989,DNK,128,Denmark,1989,1,0,0,0,0,0,0,1,0,0,0,0,0,0,0,0
4/1/1989,DNK,128,Denmark,1989,1,0,0,0,0,0,0,1,0,0,0,0,0,0,0,0
7/1/1989,DNK,128,Denmark,1989,1,0,0,0,0,0,0,1,0,0,0,0,0,0,0,0
10/1/1989,DNK,128,Denmark,1989,1,0,0,0,0,0,0,1,0,0,0,0,0,0,0,0
1/1/1990,DNK,128,Denmark,1990,1,0,0,0,0,0,0,1,0,0,0,0,0,0,0,0
4/1/1990,DNK,128,Denmark,1990,1,0,0,0,0,0,0,1,0,0,0,0,0,0,0,0
7/1/1990,DNK,128,Denmark,1990,1,0,0,0,0,0,0,1,0,0,0,0,0,0,0,0
10/1/1990,DNK,128,Denmark,1990,1,0,0,0,0,0,0,1,0,0,0,0,0,0,0,0
1/1/1991,DNK,128,Denmark,1991,1,0,0,0,0,0,0,1,0,0,0,0,0,0,0,0
4/1/1991,DNK,128,Denmark,1991,1,0,0,0,0,0,0,1,0,0,0,0,0,0,0,0
7/1/1991,DNK,128,Denmark,1991,1,0,0,0,0,0,0,1,0,0,0,0,0,0,0,0
10/1/1991,DNK,128,Denmark,1991,1,0,0,0,0,0,0,1,0,0,0,0,0,0,0,0
1/1/1992,DNK,128,Denmark,1992,1,0,0,0,0,0,0,1,0,0,0,0,0,0,0,0
4/1/1992,DNK,128,Denmark,1992,1,0,0,0,0,0,0,1,0,0,0,0,0,0,0,0
7/1/1992,DNK,128,Denmark,1992,1,0,0,0,0,0,0,1,0,0,0,0,0,0,0,0
10/1/1992,DNK,128,Denmark,1992,1,0,0,0,0,0,0,1,0,0,0,0,0,0,0,0
1/1/1993,DNK,128,Denmark,1993,1,0,0,0,0,0,0,1,0,0,0,0,0,0,0,0
4/1/1993,DNK,128,Denmark,1993,1,0,0,0,0,0,0,1,0,0,0,0,0,0,0,0
7/1/1993,DNK,128,Denmark,1993,1,0,0,0,0,0,0,1,0,0,0,0,0,0,0,0
10/1/1993,DNK,128,Denmark,1993,1,0,0,0,0,0,0,1,0,0,0,0,0,0,0,0
1/1/1994,DNK,128,Denmark,1994,1,0,0,0,0,0,0,1,0,0,0,0,0,0,0,0
4/1/1994,DNK,128,Denmark,1994,1,0,0,0,0,0,0,1,0,0,0,0,0,0,0,0
7/1/1994,DNK,128,Denmark,1994,1,0,0,0,0,0,0,1,0,0,0,0,0,0,0,0
10/1/1994,DNK,128,Denmark,1994,1,0,0,0,0,0,0,1,0,0,0,0,0,0,0,0
1/1/1995,DNK,128,Denmark,1995,1,0,0,0,0,0,0,1,0,0,0,0,0,0,0,0
4/1/1995,DNK,128,Denmark,1995,1,0,0,0,0,0,0,1,0,0,0,0,0,0,0,0
7/1/1995,DNK,128,Denmark,1995,1,0,0,0,0,0,0,1,0,0,0,0,0,0,0,0
10/1/1995,DNK,128,Denmark,1995,1,0,0,0,0,0,0,1,0,0,0,0,0,0,0,0
1/1/1996,DNK,128,Denmark,1996,1,0,0,0,0,0,0,1,0,0,0,0,0,0,0,0
4/1/1996,DNK,128,Denmark,1996,1,0,0,0,0,0,0,1,0,0,0,0,0,0,0,0
7/1/1996,DNK,128,Denmark,1996,1,0,0,0,0,0,0,1,0,0,0,0,0,0,0,0
10/1/1996,DNK,128,Denmark,1996,1,0,0,0,0,0,0,1,0,0,0,0,0,0,0,0
1/1/1997,DNK,128,Denmark,1997,1,0,0,0,0,0,0,1,0,0,0,0,0,0,0,0
4/1/1997,DNK,128,Denmark,1997,1,0,0,0,0,0,0,1,0,0,0,0,0,0,0,0
7/1/1997,DNK,128,Denmark,1997,1,0,0,0,0,0,0,1,0,0,0,0,0,0,0,0
10/1/1997,DNK,128,Denmark,1997,1,0,0,0,0,0,0,1,0,0,0,0,0,0,0,0
1/1/1998,DNK,128,Denmark,1998,1,0,0,0,0,0,0,1,0,0,0,0,0,0,0,0
4/1/1998,DNK,128,Denmark,1998,1,0,0,0,0,0,0,1,0,0,0,0,0,0,0,0
7/1/1998,DNK,128,Denmark,1998,1,0,0,0,0,0,0,1,0,0,0,0,0,0,0,0
10/1/1998,DNK,128,Denmark,1998,1,0,0,0,0,0,0,1,0,0,0,0,0,0,0,0
1/1/1999,DNK,128,Denmark,1999,1,0,0,0,0,0,0,1,0,0,0,0,0,0,0,0
4/1/1999,DNK,128,Denmark,1999,1,0,0,0,0,0,0,1,0,0,0,0,0,0,0,0
7/1/1999,DNK,128,Denmark,1999,1,0,0,0,0,0,0,1,0,0,0,0,0,0,0,0
10/1/1999,DNK,128,Denmark,1999,1,0,0,0,0,0,0,1,0,0,0,0,0,0,0,0
1/1/2000,DNK,128,Denmark,2000,1,0,0,0,0,0,0,1,0,0,0,0,0,0,0,0
4/1/2000,DNK,128,Denmark,2000,1,0,0,0,0,0,0,1,0,0,0,0,0,0,0,0
7/1/2000,DNK,128,Denmark,2000,1,0,0,0,0,0,0,1,0,0,0,0,0,0,0,0
10/1/2000,DNK,128,Denmark,2000,1,0,0,0,0,0,0,1,0,0,0,0,0,0,0,0
1/1/2001,DNK,128,Denmark,2001,1,0,0,0,0,0,0,1,0,0,0,0,0,0,0,0
4/1/2001,DNK,128,Denmark,2001,1,0,0,0,0,0,0,1,0,0,0,0,0,0,0,0
7/1/2001,DNK,128,Denmark,2001,1,0,0,0,0,0,0,1,0,0,0,0,0,0,0,0
10/1/2001,DNK,128,Denmark,2001,1,0,0,0,0,0,0,1,0,0,0,0,0,0,0,0
1/1/2002,DNK,128,Denmark,2002,1,0,0,0,0,0,0,1,0,0,0,0,0,0,0,0
4/1/2002,DNK,128,Denmark,2002,1,0,0,0,0,0,0,1,0,0,0,0,0,0,0,0
7/1/2002,DNK,128,Denmark,2002,1,0,0,0,0,0,0,1,0,0,0,0,0,0,0,0
10/1/2002,DNK,128,Denmark,2002,1,0,0,0,0,0,0,1,0,0,0,0,0,0,0,0
1/1/2003,DNK,128,Denmark,2003,1,0,0,0,0,0,0,1,0,0,0,0,0,0,0,0
4/1/2003,DNK,128,Denmark,2003,1,0,0,0,0,0,0,1,0,0,0,0,0,0,0,0
7/1/2003,DNK,128,Denmark,2003,1,0,0,0,0,0,0,1,0,0,0,0,0,0,0,0
10/1/2003,DNK,128,Denmark,2003,1,0,0,0,0,0,0,1,0,0,0,0,0,0,0,0
1/1/2004,DNK,128,Denmark,2004,1,0,0,0,0,0,0,1,0,0,0,0,0,0,0,0
4/1/2004,DNK,128,Denmark,2004,1,0,0,0,0,0,0,1,0,0,0,0,0,0,0,0
7/1/2004,DNK,128,Denmark,2004,1,0,0,0,0,0,0,1,0,0,0,0,0,0,0,0
10/1/2004,DNK,128,Denmark,2004,1,0,0,0,0,0,0,1,0,0,0,0,0,0,0,0
1/1/2005,DNK,128,Denmark,2005,1,0,0,0,0,0,0,1,0,0,0,0,0,0,0,0
4/1/2005,DNK,128,Denmark,2005,1,0,0,0,0,0,0,1,0,0,0,0,0,0,0,0
7/1/2005,DNK,128,Denmark,2005,1,0,0,0,0,0,0,1,0,0,0,0,0,0,0,0
10/1/2005,DNK,128,Denmark,2005,1,0,0,0,0,0,0,1,0,0,0,0,0,0,0,0
1/1/2006,DNK,128,Denmark,2006,1,0,0,0,0,0,0,1,0,0,0,0,0,0,0,0
4/1/2006,DNK,128,Denmark,2006,1,0,0,0,0,0,0,1,0,0,0,0,0,0,0,0
7/1/2006,DNK,128,Denmark,2006,1,0,0,0,0,0,0,1,0,0,0,0,0,0,0,0
10/1/2006,DNK,128,Denmark,2006,1,0,0,0,0,0,0,1,0,0,0,0,0,0,0,0
1/1/2007,DNK,128,Denmark,2007,1,0,0,0,0,0,0,1,0,0,0,0,0,0,0,0
4/1/2007,DNK,128,Denmark,2007,1,0,0,0,0,0,0,1,0,0,0,0,0,0,0,0
7/1/2007,DNK,128,Denmark,2007,1,0,0,0,0,0,0,1,0,0,0,0,0,0,0,0
10/1/2007,DNK,128,Denmark,2007,1,0,0,0,0,0,0,1,0,0,0,0,0,0,0,0
1/1/2008,DNK,128,Denmark,2008,1,0,0,0,0,0,0,1,0,0,0,0,0,0,0,0
4/1/2008,DNK,128,Denmark,2008,1,0,0,0,0,0,0,1,0,0,0,0,0,0,0,0
7/1/2008,DNK,128,Denmark,2008,1,0,0,0,0,0,0,1,0,0,0,0,0,0,0,0
10/1/2008,DNK,128,Denmark,2008,1,0,0,0,0,0,0,1,0,0,0,0,0,0,0,0
1/1/2009,DNK,128,Denmark,2009,1,0,0,0,0,0,0,1,0,0,0,0,0,0,0,0
4/1/2009,DNK,128,Denmark,2009,1,0,0,0,0,0,0,1,0,0,0,0,0,0,0,0
7/1/2009,DNK,128,Denmark,2009,1,0,0,0,0,0,0,1,0,0,0,0,0,0,0,0
10/1/2009,DNK,128,Denmark,2009,1,0,0,0,0,0,0,1,0,0,0,0,0,0,0,0
1/1/2010,DNK,128,Denmark,2010,1,0,0,0,0,0,0,1,0,0,0,0,0,0,0,0
4/1/2010,DNK,128,Denmark,2010,1,0,0,0,0,0,0,1,0,0,0,0,0,0,0,0
7/1/2010,DNK,128,Denmark,2010,1,0,0,0,0,0,0,1,0,0,0,0,0,0,0,0
10/1/2010,DNK,128,Denmark,2010,1,0,0,0,0,0,0,1,0,0,0,0,0,0,0,0
1/1/2011,DNK,128,Denmark,2011,1,0,0,0,0,0,0,1,0,0,0,0,0,0,0,0
4/1/2011,DNK,128,Denmark,2011,1,0,0,0,0,0,0,1,0,0,0,0,0,0,0,0
7/1/2011,DNK,128,Denmark,2011,1,0,0,0,0,0,0,1,0,0,0,0,0,0,0,0
10/1/2011,DNK,128,Denmark,2011,1,0,0,0,0,0,0,1,0,0,0,0,0,0,0,0
1/1/2012,DNK,128,Denmark,2012,1,0,0,0,0,0,0,1,0,0,0,0,0,0,0,0
4/1/2012,DNK,128,Denmark,2012,1,0,0,0,0,0,0,1,0,0,0,0,0,0,0,0
7/1/2012,DNK,128,Denmark,2012,1,0,0,0,0,0,0,1,0,0,0,0,0,0,0,0
10/1/2012,DNK,128,Denmark,2012,1,0,0,0,0,0,0,1,0,0,0,0,0,0,0,0
1/1/2013,DNK,128,Denmark,2013,1,0,0,0,0,0,0,1,0,0,0,0,0,0,0,0
4/1/2013,DNK,128,Denmark,2013,1,0,0,0,0,0,0,1,0,0,0,0,0,0,0,0
7/1/2013,DNK,128,Denmark,2013,1,0,0,0,0,0,0,1,0,0,0,0,0,0,0,0
10/1/2013,DNK,128,Denmark,2013,1,0,0,0,0,0,0,1,0,0,0,0,0,0,0,0
1/1/2014,DNK,128,Denmark,2014,1,0,0,0,0,0,0,1,0,0,0,0,0,0,0,0
4/1/2014,DNK,128,Denmark,2014,1,0,0,0,0,0,0,1,0,0,0,0,0,0,0,0
7/1/2014,DNK,128,Denmark,2014,1,0,0,0,0,0,0,1,0,0,0,0,0,0,0,0
10/1/2014,DNK,128,Denmark,2014,1,0,0,0,0,0,0,1,0,0,0,0,0,0,0,0
1/1/2015,DNK,128,Denmark,2015,1,0,0,0,0,0,0,1,0,0,0,0,0,0,0,0
4/1/2015,DNK,128,Denmark,2015,1,0,0,0,0,0,0,1,0,0,0,0,0,0,0,0
7/1/2015,DNK,128,Denmark,2015,1,0,0,0,0,0,0,1,0,0,0,0,0,0,0,0
10/1/2015,DNK,128,Denmark,2015,1,0,0,0,0,0,0,1,0,0,0,0,0,0,0,0
1/1/2016,DNK,128,Denmark,2016,1,0,0,0,0,0,0,1,0,0,0,0,0,0,0,0
4/1/2016,DNK,128,Denmark,2016,1,0,0,0,0,0,0,1,0,0,0,0,0,0,0,0
7/1/2016,DNK,128,Denmark,2016,1,0,0,0,0,0,0,1,0,0,0,0,0,0,0,0
10/1/2016,DNK,128,Denmark,2016,1,0,0,0,0,0,0,1,0,0,0,0,0,0,0,0
1/1/2017,DNK,128,Denmark,2017,1,0,0,0,0,0,0,1,0,0,0,0,0,0,0,0
4/1/2017,DNK,128,Denmark,2017,1,0,0,0,0,0,0,1,0,0,0,0,0,0,0,0
7/1/2017,DNK,128,Denmark,2017,1,0,0,0,0,0,0,1,0,0,0,0,0,0,0,0
10/1/2017,DNK,128,Denmark,2017,1,0,0,0,0,0,0,1,0,0,0,0,0,0,0,0
1/1/2018,DNK,128,Denmark,2018,1,0,0,0,0,0,0,1,0,0,0,0,0,0,0,0
4/1/2018,DNK,128,Denmark,2018,1,0,0,0,0,0,0,1,0,0,0,0,0,0,0,0
7/1/2018,DNK,128,Denmark,2018,1,0,0,0,0,0,0,1,0,0,0,0,0,0,0,0
10/1/2018,DNK,128,Denmark,2018,1,0,0,0,0,0,0,1,0,0,0,0,0,0,0,0
1/1/2019,DNK,128,Denmark,2019,1,0,0,0,0,0,0,1,0,0,0,0,0,0,0,0
4/1/2019,DNK,128,Denmark,2019,1,0,0,0,0,0,0,1,0,0,0,0,0,0,0,0
7/1/2019,DNK,128,Denmark,2019,1,0,0,0,0,0,0,1,0,0,0,0,0,0,0,0
10/1/2019,DNK,128,Denmark,2019,1,0,0,0,0,0,0,1,0,0,0,0,0,0,0,0
1/1/2020,DNK,128,Denmark,2020,1,0,0,0,0,0,0,1,0,0,0,0,0,0,0,0
4/1/2020,DNK,128,Denmark,2020,1,0,0,0,0,0,0,1,0,0,0,0,0,0,0,0
7/1/2020,DNK,128,Denmark,2020,1,0,0,0,0,0,0,1,0,0,0,0,0,0,0,0
10/1/2020,DNK,128,Denmark,2020,1,0,0,0,0,0,0,1,0,0,0,0,0,0,0,0
1/1/2021,DNK,128,Denmark,2021,1,0,0,0,0,0,0,1,0,0,0,0,0,0,0,0
4/1/2021,DNK,128,Denmark,2021,1,0,0,0,0,0,0,1,0,0,0,0,0,0,0,0
7/1/2021,DNK,128,Denmark,2021,1,0,0,0,0,0,0,1,0,0,0,0,0,0,0,0
10/1/2021,DNK,128,Denmark,2021,1,0,0,0,0,0,0,1,0,0,0,0,0,0,0,0
1/1/2022,DNK,128,Denmark,2022,1,0,0,0,0,0,0,1,0,0,0,0,0,0,0,0
4/1/2022,DNK,128,Denmark,2022,1,0,0,0,0,0,0,1,0,0,0,0,0,0,0,0
7/1/2022,DNK,128,Denmark,2022,1,0,0,0,0,0,0,1,0,0,0,0,0,0,0,0
10/1/2022,DNK,128,Denmark,2022,1,0,0,0,0,0,0,1,0,0,0,0,0,0,0,0
1/1/2023,DNK,128,Denmark,2023,1,0,0,0,0,0,0,1,0,0,0,0,0,0,0,0
4/1/2023,DNK,128,Denmark,2023,1,0,0,0,0,0,0,1,0,0,0,0,0,0,0,0
7/1/2023,DNK,128,Denmark,2023,1,0,0,0,0,0,0,1,0,0,0,0,0,0,0,0
10/1/2023,DNK,128,Denmark,2023,1,0,0,0,0,0,0,1,0,0,0,0,0,0,0,0
1/1/2024,DNK,128,Denmark,2024,1,0,0,0,0,0,0,1,0,0,0,0,0,0,0,0
4/1/2024,DNK,128,Denmark,2024,1,0,0,0,0,0,0,1,0,0,0,0,0,0,0,0
7/1/2024,DNK,128,Denmark,2024,1,0,0,0,0,0,0,1,0,0,0,0,0,0,0,0
10/1/2024,DNK,128,Denmark,2024,1,0,0,0,0,0,0,1,0,0,0,0,0,0,0,0
1/1/2025,DNK,128,Denmark,2025,1,0,0,0,0,0,0,1,0,0,0,0,0,0,0,0
1/1/1975,FRA,132,France,1975,1,0,0,0,0,0,0,1,0,0,0,0,0,0,0,0
4/1/1975,FRA,132,France,1975,1,0,0,0,0,0,0,1,0,0,0,0,0,0,0,0
7/1/1975,FRA,132,France,1975,1,0,0,0,0,0,0,1,0,0,0,0,0,0,0,0
10/1/1975,FRA,132,France,1975,1,0,0,0,0,0,0,1,0,0,0,0,0,0,0,0
1/1/1976,FRA,132,France,1976,1,0,0,0,0,0,0,1,0,0,0,0,0,0,0,0
4/1/1976,FRA,132,France,1976,1,0,0,0,0,0,0,1,0,0,0,0,0,0,0,0
7/1/1976,FRA,132,France,1976,1,0,0,0,0,0,0,1,0,0,0,0,0,0,0,0
10/1/1976,FRA,132,France,1976,1,0,0,0,0,0,0,1,0,0,0,0,0,0,0,0
1/1/1977,FRA,132,France,1977,1,0,0,0,0,0,0,1,0,0,0,0,0,0,0,0
4/1/1977,FRA,132,France,1977,1,0,0,0,0,0,0,1,0,0,0,0,0,0,0,0
7/1/1977,FRA,132,France,1977,1,0,0,0,0,0,0,1,0,0,0,0,0,0,0,0
10/1/1977,FRA,132,France,1977,1,0,0,0,0,0,0,1,0,0,0,0,0,0,0,0
1/1/1978,FRA,132,France,1978,1,0,0,0,0,0,0,1,0,0,0,0,0,0,0,0
4/1/1978,FRA,132,France,1978,1,0,0,0,0,0,0,1,0,0,0,0,0,0,0,0
7/1/1978,FRA,132,France,1978,1,0,0,0,0,0,0,1,0,0,0,0,0,0,0,0
10/1/1978,FRA,132,France,1978,1,0,0,0,0,0,0,1,0,0,0,0,0,0,0,0
1/1/1979,FRA,132,France,1979,1,0,0,0,0,0,0,1,0,0,0,0,0,0,0,0
4/1/1979,FRA,132,France,1979,1,0,0,0,0,0,0,1,0,0,0,0,0,0,0,0
7/1/1979,FRA,132,France,1979,1,0,0,0,0,0,0,1,0,0,0,0,0,0,0,0
10/1/1979,FRA,132,France,1979,1,0,0,0,0,0,0,1,0,0,0,0,0,0,0,0
1/1/1980,FRA,132,France,1980,1,0,0,0,0,0,0,1,0,0,0,0,0,0,0,0
4/1/1980,FRA,132,France,1980,1,0,0,0,0,0,0,1,0,0,0,0,0,0,0,0
7/1/1980,FRA,132,France,1980,1,0,0,0,0,0,0,1,0,0,0,0,0,0,0,0
10/1/1980,FRA,132,France,1980,1,0,0,0,0,0,0,1,0,0,0,0,0,0,0,0
1/1/1981,FRA,132,France,1981,1,0,0,0,0,0,0,1,0,0,0,0,0,0,0,0
4/1/1981,FRA,132,France,1981,1,0,0,0,0,0,0,1,0,0,0,0,0,0,0,0
7/1/1981,FRA,132,France,1981,1,0,0,0,0,0,0,1,0,0,0,0,0,0,0,0
10/1/1981,FRA,132,France,1981,1,0,0,0,0,0,0,1,0,0,0,0,0,0,0,0
1/1/1982,FRA,132,France,1982,1,0,0,0,0,0,0,1,0,0,0,0,0,0,0,0
4/1/1982,FRA,132,France,1982,1,0,0,0,0,0,0,1,0,0,0,0,0,0,0,0
7/1/1982,FRA,132,France,1982,1,0,0,0,0,0,0,1,0,0,0,0,0,0,0,0
10/1/1982,FRA,132,France,1982,1,0,0,0,0,0,0,1,0,0,0,0,0,0,0,0
1/1/1983,FRA,132,France,1983,1,0,0,0,0,0,0,1,0,0,0,0,0,0,0,0
4/1/1983,FRA,132,France,1983,1,0,0,0,0,0,0,1,0,0,0,0,0,0,0,0
7/1/1983,FRA,132,France,1983,1,0,0,0,0,0,0,1,0,0,0,0,0,0,0,0
10/1/1983,FRA,132,France,1983,1,0,0,0,0,0,0,1,0,0,0,0,0,0,0,0
1/1/1984,FRA,132,France,1984,1,0,0,0,0,0,0,1,0,0,0,0,0,0,0,0
4/1/1984,FRA,132,France,1984,1,0,0,0,0,0,0,1,0,0,0,0,0,0,0,0
7/1/1984,FRA,132,France,1984,1,0,0,0,0,0,0,1,0,0,0,0,0,0,0,0
10/1/1984,FRA,132,France,1984,1,0,0,0,0,0,0,1,0,0,0,0,0,0,0,0
1/1/1985,FRA,132,France,1985,1,0,0,0,0,0,0,1,0,0,0,0,0,0,0,0
4/1/1985,FRA,132,France,1985,1,0,0,0,0,0,0,1,0,0,0,0,0,0,0,0
7/1/1985,FRA,132,France,1985,1,0,0,0,0,0,0,1,0,0,0,0,0,0,0,0
10/1/1985,FRA,132,France,1985,1,0,0,0,0,0,0,1,0,0,0,0,0,0,0,0
1/1/1986,FRA,132,France,1986,1,0,0,0,0,0,0,1,0,0,0,0,0,0,0,0
4/1/1986,FRA,132,France,1986,1,0,0,0,0,0,0,1,0,0,0,0,0,0,0,0
7/1/1986,FRA,132,France,1986,1,0,0,0,0,0,0,1,0,0,0,0,0,0,0,0
10/1/1986,FRA,132,France,1986,1,0,0,0,0,0,0,1,0,0,0,0,0,0,0,0
1/1/1987,FRA,132,France,1987,1,0,0,0,0,0,0,1,0,0,0,0,0,0,0,0
4/1/1987,FRA,132,France,1987,1,0,0,0,0,0,0,1,0,0,0,0,0,0,0,0
7/1/1987,FRA,132,France,1987,1,0,0,0,0,0,0,1,0,0,0,0,0,0,0,0
10/1/1987,FRA,132,France,1987,1,0,0,0,0,0,0,1,0,0,0,0,0,0,0,0
1/1/1988,FRA,132,France,1988,1,0,0,0,0,0,0,1,0,0,0,0,0,0,0,0
4/1/1988,FRA,132,France,1988,1,0,0,0,0,0,0,1,0,0,0,0,0,0,0,0
7/1/1988,FRA,132,France,1988,1,0,0,0,0,0,0,1,0,0,0,0,0,0,0,0
10/1/1988,FRA,132,France,1988,1,0,0,0,0,0,0,1,0,0,0,0,0,0,0,0
1/1/1989,FRA,132,France,1989,1,0,0,0,0,0,0,1,0,0,0,0,0,0,0,0
4/1/1989,FRA,132,France,1989,1,0,0,0,0,0,0,1,0,0,0,0,0,0,0,0
7/1/1989,FRA,132,France,1989,1,0,0,0,0,0,0,1,0,0,0,0,0,0,0,0
10/1/1989,FRA,132,France,1989,1,0,0,0,0,0,0,1,0,0,0,0,0,0,0,0
1/1/1990,FRA,132,France,1990,1,0,0,0,0,0,0,1,0,0,0,0,0,0,0,0
4/1/1990,FRA,132,France,1990,1,0,0,0,0,0,0,1,0,0,0,0,0,0,0,0
7/1/1990,FRA,132,France,1990,1,0,0,0,0,0,0,1,0,0,0,0,0,0,0,0
10/1/1990,FRA,132,France,1990,1,0,0,0,0,0,0,1,0,0,0,0,0,0,0,0
1/1/1991,FRA,132,France,1991,1,0,0,0,0,0,0,1,0,0,0,0,0,0,0,0
4/1/1991,FRA,132,France,1991,1,0,0,0,0,0,0,1,0,0,0,0,0,0,0,0
7/1/1991,FRA,132,France,1991,1,0,0,0,0,0,0,1,0,0,0,0,0,0,0,0
10/1/1991,FRA,132,France,1991,1,0,0,0,0,0,0,1,0,0,0,0,0,0,0,0
1/1/1992,FRA,132,France,1992,1,0,0,0,0,0,0,1,0,0,0,0,0,0,0,0
4/1/1992,FRA,132,France,1992,1,0,0,0,0,0,0,1,0,0,0,0,0,0,0,0
7/1/1992,FRA,132,France,1992,1,0,0,0,0,0,0,1,0,0,0,0,0,0,0,0
10/1/1992,FRA,132,France,1992,1,0,0,0,0,0,0,1,0,0,0,0,0,0,0,0
1/1/1993,FRA,132,France,1993,1,0,0,0,0,0,0,1,0,0,0,0,0,0,0,0
4/1/1993,FRA,132,France,1993,1,0,0,0,0,0,0,1,0,0,0,0,0,0,0,0
7/1/1993,FRA,132,France,1993,1,0,0,0,0,0,0,1,0,0,0,0,0,0,0,0
10/1/1993,FRA,132,France,1993,1,0,0,0,0,0,0,1,0,0,0,0,0,0,0,0
1/1/1994,FRA,132,France,1994,1,0,0,0,0,0,0,1,0,0,0,0,0,0,0,0
4/1/1994,FRA,132,France,1994,1,0,0,0,0,0,0,1,0,0,0,0,0,0,0,0
7/1/1994,FRA,132,France,1994,1,0,0,0,0,0,0,1,0,0,0,0,0,0,0,0
10/1/1994,FRA,132,France,1994,1,0,0,0,0,0,0,1,0,0,0,0,0,0,0,0
1/1/1995,FRA,132,France,1995,1,0,0,0,0,0,0,1,0,0,0,0,0,0,0,0
4/1/1995,FRA,132,France,1995,1,0,0,0,0,0,0,1,0,0,0,0,0,0,0,0
7/1/1995,FRA,132,France,1995,1,0,0,0,0,0,0,1,0,0,0,0,0,0,0,0
10/1/1995,FRA,132,France,1995,1,0,0,0,0,0,0,1,0,0,0,0,0,0,0,0
1/1/1996,FRA,132,France,1996,1,0,0,0,0,0,0,1,0,0,0,0,0,0,0,0
4/1/1996,FRA,132,France,1996,1,0,0,0,0,0,0,1,0,0,0,0,0,0,0,0
7/1/1996,FRA,132,France,1996,1,0,0,0,0,0,0,1,0,0,0,0,0,0,0,0
10/1/1996,FRA,132,France,1996,1,0,0,0,0,0,0,1,0,0,0,0,0,0,0,0
1/1/1997,FRA,132,France,1997,1,0,0,0,0,0,0,1,0,0,0,0,0,0,0,0
4/1/1997,FRA,132,France,1997,1,0,0,0,0,0,0,1,0,0,0,0,0,0,0,0
7/1/1997,FRA,132,France,1997,1,0,0,0,0,0,0,1,0,0,0,0,0,0,0,0
10/1/1997,FRA,132,France,1997,1,0,0,0,0,0,0,1,0,0,0,0,0,0,0,0
1/1/1998,FRA,132,France,1998,1,0,0,0,0,0,0,1,0,0,0,0,0,0,0,0
4/1/1998,FRA,132,France,1998,1,0,0,0,0,0,0,1,0,0,0,0,0,0,0,0
7/1/1998,FRA,132,France,1998,1,0,0,0,0,0,0,1,0,0,0,0,0,0,0,0
10/1/1998,FRA,132,France,1998,1,0,0,0,0,0,0,1,0,0,0,0,0,0,0,0
1/1/1999,FRA,132,France,1999,1,0,0,0,0,0,0,1,0,0,0,0,0,0,1,1
4/1/1999,FRA,132,France,1999,1,0,0,0,0,0,0,1,0,0,0,0,0,0,1,0
7/1/1999,FRA,132,France,1999,1,0,0,0,0,0,0,1,0,0,0,0,0,0,1,0
10/1/1999,FRA,132,France,1999,1,0,0,0,0,0,0,1,0,0,0,0,0,0,1,0
1/1/2000,FRA,132,France,2000,1,0,0,0,0,0,0,1,0,0,0,0,0,0,1,0
4/1/2000,FRA,132,France,2000,1,0,0,0,0,0,0,1,0,0,0,0,0,0,1,0
7/1/2000,FRA,132,France,2000,1,0,0,0,0,0,0,1,0,0,0,0,0,0,1,0
10/1/2000,FRA,132,France,2000,1,0,0,0,0,0,0,1,0,0,0,0,0,0,1,0
1/1/2001,FRA,132,France,2001,1,0,0,0,0,0,0,1,0,0,0,0,0,0,1,0
4/1/2001,FRA,132,France,2001,1,0,0,0,0,0,0,1,0,0,0,0,0,0,1,0
7/1/2001,FRA,132,France,2001,1,0,0,0,0,0,0,1,0,0,0,0,0,0,1,0
10/1/2001,FRA,132,France,2001,1,0,0,0,0,0,0,1,0,0,0,0,0,0,1,0
1/1/2002,FRA,132,France,2002,1,0,0,0,0,0,0,1,0,0,0,0,0,0,1,0
4/1/2002,FRA,132,France,2002,1,0,0,0,0,0,0,1,0,0,0,0,0,0,1,0
7/1/2002,FRA,132,France,2002,1,0,0,0,0,0,0,1,0,0,0,0,0,0,1,0
10/1/2002,FRA,132,France,2002,1,0,0,0,0,0,0,1,0,0,0,0,0,0,1,0
1/1/2003,FRA,132,France,2003,1,0,0,0,0,0,0,1,0,0,0,0,0,0,1,0
4/1/2003,FRA,132,France,2003,1,0,0,0,0,0,0,1,0,0,0,0,0,0,1,0
7/1/2003,FRA,132,France,2003,1,0,0,0,0,0,0,1,0,0,0,0,0,0,1,0
10/1/2003,FRA,132,France,2003,1,0,0,0,0,0,0,1,0,0,0,0,0,0,1,0
1/1/2004,FRA,132,France,2004,1,0,0,0,0,0,0,1,0,0,0,0,0,0,1,0
4/1/2004,FRA,132,France,2004,1,0,0,0,0,0,0,1,0,0,0,0,0,0,1,0
7/1/2004,FRA,132,France,2004,1,0,0,0,0,0,0,1,0,0,0,0,0,0,1,0
10/1/2004,FRA,132,France,2004,1,0,0,0,0,0,0,1,0,0,0,0,0,0,1,0
1/1/2005,FRA,132,France,2005,1,0,0,0,0,0,0,1,0,0,0,0,0,0,1,0
4/1/2005,FRA,132,France,2005,1,0,0,0,0,0,0,1,0,0,0,0,0,0,1,0
7/1/2005,FRA,132,France,2005,1,0,0,0,0,0,0,1,0,0,0,0,0,0,1,0
10/1/2005,FRA,132,France,2005,1,0,0,0,0,0,0,1,0,0,0,0,0,0,1,0
1/1/2006,FRA,132,France,2006,1,0,0,0,0,0,0,1,0,0,0,0,0,0,1,0
4/1/2006,FRA,132,France,2006,1,0,0,0,0,0,0,1,0,0,0,0,0,0,1,0
7/1/2006,FRA,132,France,2006,1,0,0,0,0,0,0,1,0,0,0,0,0,0,1,0
10/1/2006,FRA,132,France,2006,1,0,0,0,0,0,0,1,0,0,0,0,0,0,1,0
1/1/2007,FRA,132,France,2007,1,0,0,0,0,0,0,1,0,0,0,0,0,0,1,0
4/1/2007,FRA,132,France,2007,1,0,0,0,0,0,0,1,0,0,0,0,0,0,1,0
7/1/2007,FRA,132,France,2007,1,0,0,0,0,0,0,1,0,0,0,0,0,0,1,0
10/1/2007,FRA,132,France,2007,1,0,0,0,0,0,0,1,0,0,0,0,0,0,1,0
1/1/2008,FRA,132,France,2008,1,0,0,0,0,0,0,1,0,0,0,0,0,0,1,0
4/1/2008,FRA,132,France,2008,1,0,0,0,0,0,0,1,0,0,0,0,0,0,1,0
7/1/2008,FRA,132,France,2008,1,0,0,0,0,0,0,1,0,0,0,0,0,0,1,0
10/1/2008,FRA,132,France,2008,1,0,0,0,0,0,0,1,0,0,0,0,0,0,1,0
1/1/2009,FRA,132,France,2009,1,0,0,0,0,0,0,1,0,0,0,0,0,0,1,0
4/1/2009,FRA,132,France,2009,1,0,0,0,0,0,0,1,0,0,0,0,0,0,1,0
7/1/2009,FRA,132,France,2009,1,0,0,0,0,0,0,1,0,0,0,0,0,0,1,0
10/1/2009,FRA,132,France,2009,1,0,0,0,0,0,0,1,0,0,0,0,0,0,1,0
1/1/2010,FRA,132,France,2010,1,0,0,0,0,0,0,1,0,0,0,0,0,0,1,0
4/1/2010,FRA,132,France,2010,1,0,0,0,0,0,0,1,0,0,0,0,0,0,1,0
7/1/2010,FRA,132,France,2010,1,0,0,0,0,0,0,1,0,0,0,0,0,0,1,0
10/1/2010,FRA,132,France,2010,1,0,0,0,0,0,0,1,0,0,0,0,0,0,1,0
1/1/2011,FRA,132,France,2011,1,0,0,0,0,0,0,1,0,0,0,0,0,0,1,0
4/1/2011,FRA,132,France,2011,1,0,0,0,0,0,0,1,0,0,0,0,0,0,1,0
7/1/2011,FRA,132,France,2011,1,0,0,0,0,0,0,1,0,0,0,0,0,0,1,0
10/1/2011,FRA,132,France,2011,1,0,0,0,0,0,0,1,0,0,0,0,0,0,1,0
1/1/2012,FRA,132,France,2012,1,0,0,0,0,0,0,1,0,0,0,0,0,0,1,0
4/1/2012,FRA,132,France,2012,1,0,0,0,0,0,0,1,0,0,0,0,0,0,1,0
7/1/2012,FRA,132,France,2012,1,0,0,0,0,0,0,1,0,0,0,0,0,0,1,0
10/1/2012,FRA,132,France,2012,1,0,0,0,0,0,0,1,0,0,0,0,0,0,1,0
1/1/2013,FRA,132,France,2013,1,0,0,0,0,0,0,1,0,0,0,0,0,0,1,0
4/1/2013,FRA,132,France,2013,1,0,0,0,0,0,0,1,0,0,0,0,0,0,1,0
7/1/2013,FRA,132,France,2013,1,0,0,0,0,0,0,1,0,0,0,0,0,0,1,0
10/1/2013,FRA,132,France,2013,1,0,0,0,0,0,0,1,0,0,0,0,0,0,1,0
1/1/2014,FRA,132,France,2014,1,0,0,0,0,0,0,1,0,0,0,0,0,0,1,0
4/1/2014,FRA,132,France,2014,1,0,0,0,0,0,0,1,0,0,0,0,0,0,1,0
7/1/2014,FRA,132,France,2014,1,0,0,0,0,0,0,1,0,0,0,0,0,0,1,0
10/1/2014,FRA,132,France,2014,1,0,0,0,0,0,0,1,0,0,0,0,0,0,1,0
1/1/2015,FRA,132,France,2015,1,0,0,0,0,0,0,1,0,0,0,0,0,0,1,0
4/1/2015,FRA,132,France,2015,1,0,0,0,0,0,0,1,0,0,0,0,0,0,1,0
7/1/2015,FRA,132,France,2015,1,0,0,0,0,0,0,1,0,0,0,0,0,0,1,0
10/1/2015,FRA,132,France,2015,1,0,0,0,0,0,0,1,0,0,0,0,0,0,1,0
1/1/2016,FRA,132,France,2016,1,0,0,0,0,0,0,1,0,0,0,0,0,0,1,0
4/1/2016,FRA,132,France,2016,1,0,0,0,0,0,0,1,0,0,0,0,0,0,1,0
7/1/2016,FRA,132,France,2016,1,0,0,0,0,0,0,1,0,0,0,0,0,0,1,0
10/1/2016,FRA,132,France,2016,1,0,0,0,0,0,0,1,0,0,0,0,0,0,1,0
1/1/2017,FRA,132,France,2017,1,0,0,0,0,0,0,1,0,0,0,0,0,0,1,0
4/1/2017,FRA,132,France,2017,1,0,0,0,0,0,0,1,0,0,0,0,0,0,1,0
7/1/2017,FRA,132,France,2017,1,0,0,0,0,0,0,1,0,0,0,0,0,0,1,0
10/1/2017,FRA,132,France,2017,1,0,0,0,0,0,0,1,0,0,0,0,0,0,1,0
1/1/2018,FRA,132,France,2018,1,0,0,0,0,0,0,1,0,0,0,0,0,0,1,0
4/1/2018,FRA,132,France,2018,1,0,0,0,0,0,0,1,0,0,0,0,0,0,1,0
7/1/2018,FRA,132,France,2018,1,0,0,0,0,0,0,1,0,0,0,0,0,0,1,0
10/1/2018,FRA,132,France,2018,1,0,0,0,0,0,0,1,0,0,0,0,0,0,1,0
1/1/2019,FRA,132,France,2019,1,0,0,0,0,0,0,1,0,0,0,0,0,0,1,0
4/1/2019,FRA,132,France,2019,1,0,0,0,0,0,0,1,0,0,0,0,0,0,1,0
7/1/2019,FRA,132,France,2019,1,0,0,0,0,0,0,1,0,0,0,0,0,0,1,0
10/1/2019,FRA,132,France,2019,1,0,0,0,0,0,0,1,0,0,0,0,0,0,1,0
1/1/2020,FRA,132,France,2020,1,0,0,0,0,0,0,1,0,0,0,0,0,0,1,0
4/1/2020,FRA,132,France,2020,1,0,0,0,0,0,0,1,0,0,0,0,0,0,1,0
7/1/2020,FRA,132,France,2020,1,0,0,0,0,0,0,1,0,0,0,0,0,0,1,0
10/1/2020,FRA,132,France,2020,1,0,0,0,0,0,0,1,0,0,0,0,0,0,1,0
1/1/2021,FRA,132,France,2021,1,0,0,0,0,0,0,1,0,0,0,0,0,0,1,0
4/1/2021,FRA,132,France,2021,1,0,0,0,0,0,0,1,0,0,0,0,0,0,1,0
7/1/2021,FRA,132,France,2021,1,0,0,0,0,0,0,1,0,0,0,0,0,0,1,0
10/1/2021,FRA,132,France,2021,1,0,0,0,0,0,0,1,0,0,0,0,0,0,1,0
1/1/2022,FRA,132,France,2022,1,0,0,0,0,0,0,1,0,0,0,0,0,0,1,0
4/1/2022,FRA,132,France,2022,1,0,0,0,0,0,0,1,0,0,0,0,0,0,1,0
7/1/2022,FRA,132,France,2022,1,0,0,0,0,0,0,1,0,0,0,0,0,0,1,0
10/1/2022,FRA,132,France,2022,1,0,0,0,0,0,0,1,0,0,0,0,0,0,1,0
1/1/2023,FRA,132,France,2023,1,0,0,0,0,0,0,1,0,0,0,0,0,0,1,0
4/1/2023,FRA,132,France,2023,1,0,0,0,0,0,0,1,0,0,0,0,0,0,1,0
7/1/2023,FRA,132,France,2023,1,0,0,0,0,0,0,1,0,0,0,0,0,0,1,0
10/1/2023,FRA,132,France,2023,1,0,0,0,0,0,0,1,0,0,0,0,0,0,1,0
1/1/2024,FRA,132,France,2024,1,0,0,0,0,0,0,1,0,0,0,0,0,0,1,0
4/1/2024,FRA,132,France,2024,1,0,0,0,0,0,0,1,0,0,0,0,0,0,1,0
7/1/2024,FRA,132,France,2024,1,0,0,0,0,0,0,1,0,0,0,0,0,0,1,0
10/1/2024,FRA,132,France,2024,1,0,0,0,0,0,0,1,0,0,0,0,0,0,1,0
1/1/1971,DEU,134,Germany,1971,1,0,0,0,0,0,0,1,0,0,0,0,0,0,0,0
4/1/1971,DEU,134,Germany,1971,1,0,0,0,0,0,0,1,0,0,0,0,0,0,0,0
7/1/1971,DEU,134,Germany,1971,1,0,0,0,0,0,0,1,0,0,0,0,0,0,0,0
10/1/1971,DEU,134,Germany,1971,1,0,0,0,0,0,0,1,0,0,0,0,0,0,0,0
1/1/1972,DEU,134,Germany,1972,1,0,0,0,0,0,0,1,0,0,0,0,0,0,0,0
4/1/1972,DEU,134,Germany,1972,1,0,0,0,0,0,0,1,0,0,0,0,0,0,0,0
7/1/1972,DEU,134,Germany,1972,1,0,0,0,0,0,0,1,0,0,0,0,0,0,0,0
10/1/1972,DEU,134,Germany,1972,1,0,0,0,0,0,0,1,0,0,0,0,0,0,0,0
1/1/1973,DEU,134,Germany,1973,1,0,0,0,0,0,0,1,0,0,0,0,0,0,0,0
4/1/1973,DEU,134,Germany,1973,1,0,0,0,0,0,0,1,0,0,0,0,0,0,0,0
7/1/1973,DEU,134,Germany,1973,1,0,0,0,0,0,0,1,0,0,0,0,0,0,0,0
10/1/1973,DEU,134,Germany,1973,1,0,0,0,0,0,0,1,0,0,0,0,0,0,0,0
1/1/1974,DEU,134,Germany,1974,1,0,0,0,0,0,0,1,0,0,0,0,0,0,0,0
4/1/1974,DEU,134,Germany,1974,1,0,0,0,0,0,0,1,0,0,0,0,0,0,0,0
7/1/1974,DEU,134,Germany,1974,1,0,0,0,0,0,0,1,0,0,0,0,0,0,0,0
10/1/1974,DEU,134,Germany,1974,1,0,0,0,0,0,0,1,0,0,0,0,0,0,0,0
1/1/1975,DEU,134,Germany,1975,1,0,0,0,0,0,0,1,0,0,0,0,0,0,0,0
4/1/1975,DEU,134,Germany,1975,1,0,0,0,0,0,0,1,0,0,0,0,0,0,0,0
7/1/1975,DEU,134,Germany,1975,1,0,0,0,0,0,0,1,0,0,0,0,0,0,0,0
10/1/1975,DEU,134,Germany,1975,1,0,0,0,0,0,0,1,0,0,0,0,0,0,0,0
1/1/1976,DEU,134,Germany,1976,1,0,0,0,0,0,0,1,0,0,0,0,0,0,0,0
4/1/1976,DEU,134,Germany,1976,1,0,0,0,0,0,0,1,0,0,0,0,0,0,0,0
7/1/1976,DEU,134,Germany,1976,1,0,0,0,0,0,0,1,0,0,0,0,0,0,0,0
10/1/1976,DEU,134,Germany,1976,1,0,0,0,0,0,0,1,0,0,0,0,0,0,0,0
1/1/1977,DEU,134,Germany,1977,1,0,0,0,0,0,0,1,0,0,0,0,0,0,0,0
4/1/1977,DEU,134,Germany,1977,1,0,0,0,0,0,0,1,0,0,0,0,0,0,0,0
7/1/1977,DEU,134,Germany,1977,1,0,0,0,0,0,0,1,0,0,0,0,0,0,0,0
10/1/1977,DEU,134,Germany,1977,1,0,0,0,0,0,0,1,0,0,0,0,0,0,0,0
1/1/1978,DEU,134,Germany,1978,1,0,0,0,0,0,0,1,0,0,0,0,0,0,0,0
4/1/1978,DEU,134,Germany,1978,1,0,0,0,0,0,0,1,0,0,0,0,0,0,0,0
7/1/1978,DEU,134,Germany,1978,1,0,0,0,0,0,0,1,0,0,0,0,0,0,0,0
10/1/1978,DEU,134,Germany,1978,1,0,0,0,0,0,0,1,0,0,0,0,0,0,0,0
1/1/1979,DEU,134,Germany,1979,1,0,0,0,0,0,0,1,0,0,0,0,0,0,0,0
4/1/1979,DEU,134,Germany,1979,1,0,0,0,0,0,0,1,0,0,0,0,0,0,0,0
7/1/1979,DEU,134,Germany,1979,1,0,0,0,0,0,0,1,0,0,0,0,0,0,0,0
10/1/1979,DEU,134,Germany,1979,1,0,0,0,0,0,0,1,0,0,0,0,0,0,0,0
1/1/1980,DEU,134,Germany,1980,1,0,0,0,0,0,0,1,0,0,0,0,0,0,0,0
4/1/1980,DEU,134,Germany,1980,1,0,0,0,0,0,0,1,0,0,0,0,0,0,0,0
7/1/1980,DEU,134,Germany,1980,1,0,0,0,0,0,0,1,0,0,0,0,0,0,0,0
10/1/1980,DEU,134,Germany,1980,1,0,0,0,0,0,0,1,0,0,0,0,0,0,0,0
1/1/1981,DEU,134,Germany,1981,1,0,0,0,0,0,0,1,0,0,0,0,0,0,0,0
4/1/1981,DEU,134,Germany,1981,1,0,0,0,0,0,0,1,0,0,0,0,0,0,0,0
7/1/1981,DEU,134,Germany,1981,1,0,0,0,0,0,0,1,0,0,0,0,0,0,0,0
10/1/1981,DEU,134,Germany,1981,1,0,0,0,0,0,0,1,0,0,0,0,0,0,0,0
1/1/1982,DEU,134,Germany,1982,1,0,0,0,0,0,0,1,0,0,0,0,0,0,0,0
4/1/1982,DEU,134,Germany,1982,1,0,0,0,0,0,0,1,0,0,0,0,0,0,0,0
7/1/1982,DEU,134,Germany,1982,1,0,0,0,0,0,0,1,0,0,0,0,0,0,0,0
10/1/1982,DEU,134,Germany,1982,1,0,0,0,0,0,0,1,0,0,0,0,0,0,0,0
1/1/1983,DEU,134,Germany,1983,1,0,0,0,0,0,0,1,0,0,0,0,0,0,0,0
4/1/1983,DEU,134,Germany,1983,1,0,0,0,0,0,0,1,0,0,0,0,0,0,0,0
7/1/1983,DEU,134,Germany,1983,1,0,0,0,0,0,0,1,0,0,0,0,0,0,0,0
10/1/1983,DEU,134,Germany,1983,1,0,0,0,0,0,0,1,0,0,0,0,0,0,0,0
1/1/1984,DEU,134,Germany,1984,1,0,0,0,0,0,0,1,0,0,0,0,0,0,0,0
4/1/1984,DEU,134,Germany,1984,1,0,0,0,0,0,0,1,0,0,0,0,0,0,0,0
7/1/1984,DEU,134,Germany,1984,1,0,0,0,0,0,0,1,0,0,0,0,0,0,0,0
10/1/1984,DEU,134,Germany,1984,1,0,0,0,0,0,0,1,0,0,0,0,0,0,0,0
1/1/1985,DEU,134,Germany,1985,1,0,0,0,0,0,0,1,0,0,0,0,0,0,0,0
4/1/1985,DEU,134,Germany,1985,1,0,0,0,0,0,0,1,0,0,0,0,0,0,0,0
7/1/1985,DEU,134,Germany,1985,1,0,0,0,0,0,0,1,0,0,0,0,0,0,0,0
10/1/1985,DEU,134,Germany,1985,1,0,0,0,0,0,0,1,0,0,0,0,0,0,0,0
1/1/1986,DEU,134,Germany,1986,1,0,0,0,0,0,0,1,0,0,0,0,0,0,0,0
4/1/1986,DEU,134,Germany,1986,1,0,0,0,0,0,0,1,0,0,0,0,0,0,0,0
7/1/1986,DEU,134,Germany,1986,1,0,0,0,0,0,0,1,0,0,0,0,0,0,0,0
10/1/1986,DEU,134,Germany,1986,1,0,0,0,0,0,0,1,0,0,0,0,0,0,0,0
1/1/1987,DEU,134,Germany,1987,1,0,0,0,0,0,0,1,0,0,0,0,0,0,0,0
4/1/1987,DEU,134,Germany,1987,1,0,0,0,0,0,0,1,0,0,0,0,0,0,0,0
7/1/1987,DEU,134,Germany,1987,1,0,0,0,0,0,0,1,0,0,0,0,0,0,0,0
10/1/1987,DEU,134,Germany,1987,1,0,0,0,0,0,0,1,0,0,0,0,0,0,0,0
1/1/1988,DEU,134,Germany,1988,1,0,0,0,0,0,0,1,0,0,0,0,0,0,0,0
4/1/1988,DEU,134,Germany,1988,1,0,0,0,0,0,0,1,0,0,0,0,0,0,0,0
7/1/1988,DEU,134,Germany,1988,1,0,0,0,0,0,0,1,0,0,0,0,0,0,0,0
10/1/1988,DEU,134,Germany,1988,1,0,0,0,0,0,0,1,0,0,0,0,0,0,0,0
1/1/1989,DEU,134,Germany,1989,1,0,0,0,0,0,0,1,0,0,0,0,0,0,0,0
4/1/1989,DEU,134,Germany,1989,1,0,0,0,0,0,0,1,0,0,0,0,0,0,0,0
7/1/1989,DEU,134,Germany,1989,1,0,0,0,0,0,0,1,0,0,0,0,0,0,0,0
10/1/1989,DEU,134,Germany,1989,1,0,0,0,0,0,0,1,0,0,0,0,0,0,0,0
1/1/1990,DEU,134,Germany,1990,1,0,0,0,0,0,0,1,0,0,0,0,0,0,0,0
4/1/1990,DEU,134,Germany,1990,1,0,0,0,0,0,0,1,0,0,0,0,0,0,0,0
7/1/1990,DEU,134,Germany,1990,1,0,0,0,0,0,0,1,0,0,0,0,0,0,0,0
10/1/1990,DEU,134,Germany,1990,1,0,0,0,0,0,0,1,0,0,0,0,0,0,0,0
1/1/1991,DEU,134,Germany,1991,1,0,0,0,0,0,0,1,0,0,0,0,0,0,0,0
4/1/1991,DEU,134,Germany,1991,1,0,0,0,0,0,0,1,0,0,0,0,0,0,0,0
7/1/1991,DEU,134,Germany,1991,1,0,0,0,0,0,0,1,0,0,0,0,0,0,0,0
10/1/1991,DEU,134,Germany,1991,1,0,0,0,0,0,0,1,0,0,0,0,0,0,0,0
1/1/1992,DEU,134,Germany,1992,1,0,0,0,0,0,0,1,0,0,0,0,0,0,0,0
4/1/1992,DEU,134,Germany,1992,1,0,0,0,0,0,0,1,0,0,0,0,0,0,0,0
7/1/1992,DEU,134,Germany,1992,1,0,0,0,0,0,0,1,0,0,0,0,0,0,0,0
10/1/1992,DEU,134,Germany,1992,1,0,0,0,0,0,0,1,0,0,0,0,0,0,0,0
1/1/1993,DEU,134,Germany,1993,1,0,0,0,0,0,0,1,0,0,0,0,0,0,0,0
4/1/1993,DEU,134,Germany,1993,1,0,0,0,0,0,0,1,0,0,0,0,0,0,0,0
7/1/1993,DEU,134,Germany,1993,1,0,0,0,0,0,0,1,0,0,0,0,0,0,0,0
10/1/1993,DEU,134,Germany,1993,1,0,0,0,0,0,0,1,0,0,0,0,0,0,0,0
1/1/1994,DEU,134,Germany,1994,1,0,0,0,0,0,0,1,0,0,0,0,0,0,0,0
4/1/1994,DEU,134,Germany,1994,1,0,0,0,0,0,0,1,0,0,0,0,0,0,0,0
7/1/1994,DEU,134,Germany,1994,1,0,0,0,0,0,0,1,0,0,0,0,0,0,0,0
10/1/1994,DEU,134,Germany,1994,1,0,0,0,0,0,0,1,0,0,0,0,0,0,0,0
1/1/1995,DEU,134,Germany,1995,1,0,0,0,0,0,0,1,0,0,0,0,0,0,0,0
4/1/1995,DEU,134,Germany,1995,1,0,0,0,0,0,0,1,0,0,0,0,0,0,0,0
7/1/1995,DEU,134,Germany,1995,1,0,0,0,0,0,0,1,0,0,0,0,0,0,0,0
10/1/1995,DEU,134,Germany,1995,1,0,0,0,0,0,0,1,0,0,0,0,0,0,0,0
1/1/1996,DEU,134,Germany,1996,1,0,0,0,0,0,0,1,0,0,0,0,0,0,0,0
4/1/1996,DEU,134,Germany,1996,1,0,0,0,0,0,0,1,0,0,0,0,0,0,0,0
7/1/1996,DEU,134,Germany,1996,1,0,0,0,0,0,0,1,0,0,0,0,0,0,0,0
10/1/1996,DEU,134,Germany,1996,1,0,0,0,0,0,0,1,0,0,0,0,0,0,0,0
1/1/1997,DEU,134,Germany,1997,1,0,0,0,0,0,0,1,0,0,0,0,0,0,0,0
4/1/1997,DEU,134,Germany,1997,1,0,0,0,0,0,0,1,0,0,0,0,0,0,0,0
7/1/1997,DEU,134,Germany,1997,1,0,0,0,0,0,0,1,0,0,0,0,0,0,0,0
10/1/1997,DEU,134,Germany,1997,1,0,0,0,0,0,0,1,0,0,0,0,0,0,0,0
1/1/1998,DEU,134,Germany,1998,1,0,0,0,0,0,0,1,0,0,0,0,0,0,0,0
4/1/1998,DEU,134,Germany,1998,1,0,0,0,0,0,0,1,0,0,0,0,0,0,0,0
7/1/1998,DEU,134,Germany,1998,1,0,0,0,0,0,0,1,0,0,0,0,0,0,0,0
10/1/1998,DEU,134,Germany,1998,1,0,0,0,0,0,0,1,0,0,0,0,0,0,0,0
1/1/1999,DEU,134,Germany,1999,1,0,0,0,0,0,0,1,0,0,0,0,0,0,1,1
4/1/1999,DEU,134,Germany,1999,1,0,0,0,0,0,0,1,0,0,0,0,0,0,1,0
7/1/1999,DEU,134,Germany,1999,1,0,0,0,0,0,0,1,0,0,0,0,0,0,1,0
10/1/1999,DEU,134,Germany,1999,1,0,0,0,0,0,0,1,0,0,0,0,0,0,1,0
1/1/2000,DEU,134,Germany,2000,1,0,0,0,0,0,0,1,0,0,0,0,0,0,1,0
4/1/2000,DEU,134,Germany,2000,1,0,0,0,0,0,0,1,0,0,0,0,0,0,1,0
7/1/2000,DEU,134,Germany,2000,1,0,0,0,0,0,0,1,0,0,0,0,0,0,1,0
10/1/2000,DEU,134,Germany,2000,1,0,0,0,0,0,0,1,0,0,0,0,0,0,1,0
1/1/2001,DEU,134,Germany,2001,1,0,0,0,0,0,0,1,0,0,0,0,0,0,1,0
4/1/2001,DEU,134,Germany,2001,1,0,0,0,0,0,0,1,0,0,0,0,0,0,1,0
7/1/2001,DEU,134,Germany,2001,1,0,0,0,0,0,0,1,0,0,0,0,0,0,1,0
10/1/2001,DEU,134,Germany,2001,1,0,0,0,0,0,0,1,0,0,0,0,0,0,1,0
1/1/2002,DEU,134,Germany,2002,1,0,0,0,0,0,0,1,0,0,0,0,0,0,1,0
4/1/2002,DEU,134,Germany,2002,1,0,0,0,0,0,0,1,0,0,0,0,0,0,1,0
7/1/2002,DEU,134,Germany,2002,1,0,0,0,0,0,0,1,0,0,0,0,0,0,1,0
10/1/2002,DEU,134,Germany,2002,1,0,0,0,0,0,0,1,0,0,0,0,0,0,1,0
1/1/2003,DEU,134,Germany,2003,1,0,0,0,0,0,0,1,0,0,0,0,0,0,1,0
4/1/2003,DEU,134,Germany,2003,1,0,0,0,0,0,0,1,0,0,0,0,0,0,1,0
7/1/2003,DEU,134,Germany,2003,1,0,0,0,0,0,0,1,0,0,0,0,0,0,1,0
10/1/2003,DEU,134,Germany,2003,1,0,0,0,0,0,0,1,0,0,0,0,0,0,1,0
1/1/2004,DEU,134,Germany,2004,1,0,0,0,0,0,0,1,0,0,0,0,0,0,1,0
4/1/2004,DEU,134,Germany,2004,1,0,0,0,0,0,0,1,0,0,0,0,0,0,1,0
7/1/2004,DEU,134,Germany,2004,1,0,0,0,0,0,0,1,0,0,0,0,0,0,1,0
10/1/2004,DEU,134,Germany,2004,1,0,0,0,0,0,0,1,0,0,0,0,0,0,1,0
1/1/2005,DEU,134,Germany,2005,1,0,0,0,0,0,0,1,0,0,0,0,0,0,1,0
4/1/2005,DEU,134,Germany,2005,1,0,0,0,0,0,0,1,0,0,0,0,0,0,1,0
7/1/2005,DEU,134,Germany,2005,1,0,0,0,0,0,0,1,0,0,0,0,0,0,1,0
10/1/2005,DEU,134,Germany,2005,1,0,0,0,0,0,0,1,0,0,0,0,0,0,1,0
1/1/2006,DEU,134,Germany,2006,1,0,0,0,0,0,0,1,0,0,0,0,0,0,1,0
4/1/2006,DEU,134,Germany,2006,1,0,0,0,0,0,0,1,0,0,0,0,0,0,1,0
7/1/2006,DEU,134,Germany,2006,1,0,0,0,0,0,0,1,0,0,0,0,0,0,1,0
10/1/2006,DEU,134,Germany,2006,1,0,0,0,0,0,0,1,0,0,0,0,0,0,1,0
1/1/2007,DEU,134,Germany,2007,1,0,0,0,0,0,0,1,0,0,0,0,0,0,1,0
4/1/2007,DEU,134,Germany,2007,1,0,0,0,0,0,0,1,0,0,0,0,0,0,1,0
7/1/2007,DEU,134,Germany,2007,1,0,0,0,0,0,0,1,0,0,0,0,0,0,1,0
10/1/2007,DEU,134,Germany,2007,1,0,0,0,0,0,0,1,0,0,0,0,0,0,1,0
1/1/2008,DEU,134,Germany,2008,1,0,0,0,0,0,0,1,0,0,0,0,0,0,1,0
4/1/2008,DEU,134,Germany,2008,1,0,0,0,0,0,0,1,0,0,0,0,0,0,1,0
7/1/2008,DEU,134,Germany,2008,1,0,0,0,0,0,0,1,0,0,0,0,0,0,1,0
10/1/2008,DEU,134,Germany,2008,1,0,0,0,0,0,0,1,0,0,0,0,0,0,1,0
1/1/2009,DEU,134,Germany,2009,1,0,0,0,0,0,0,1,0,0,0,0,0,0,1,0
4/1/2009,DEU,134,Germany,2009,1,0,0,0,0,0,0,1,0,0,0,0,0,0,1,0
7/1/2009,DEU,134,Germany,2009,1,0,0,0,0,0,0,1,0,0,0,0,0,0,1,0
10/1/2009,DEU,134,Germany,2009,1,0,0,0,0,0,0,1,0,0,0,0,0,0,1,0
1/1/2010,DEU,134,Germany,2010,1,0,0,0,0,0,0,1,0,0,0,0,0,0,1,0
4/1/2010,DEU,134,Germany,2010,1,0,0,0,0,0,0,1,0,0,0,0,0,0,1,0
7/1/2010,DEU,134,Germany,2010,1,0,0,0,0,0,0,1,0,0,0,0,0,0,1,0
10/1/2010,DEU,134,Germany,2010,1,0,0,0,0,0,0,1,0,0,0,0,0,0,1,0
1/1/2011,DEU,134,Germany,2011,1,0,0,0,0,0,0,1,0,0,0,0,0,0,1,0
4/1/2011,DEU,134,Germany,2011,1,0,0,0,0,0,0,1,0,0,0,0,0,0,1,0
7/1/2011,DEU,134,Germany,2011,1,0,0,0,0,0,0,1,0,0,0,0,0,0,1,0
10/1/2011,DEU,134,Germany,2011,1,0,0,0,0,0,0,1,0,0,0,0,0,0,1,0
1/1/2012,DEU,134,Germany,2012,1,0,0,0,0,0,0,1,0,0,0,0,0,0,1,0
4/1/2012,DEU,134,Germany,2012,1,0,0,0,0,0,0,1,0,0,0,0,0,0,1,0
7/1/2012,DEU,134,Germany,2012,1,0,0,0,0,0,0,1,0,0,0,0,0,0,1,0
10/1/2012,DEU,134,Germany,2012,1,0,0,0,0,0,0,1,0,0,0,0,0,0,1,0
1/1/2013,DEU,134,Germany,2013,1,0,0,0,0,0,0,1,0,0,0,0,0,0,1,0
4/1/2013,DEU,134,Germany,2013,1,0,0,0,0,0,0,1,0,0,0,0,0,0,1,0
7/1/2013,DEU,134,Germany,2013,1,0,0,0,0,0,0,1,0,0,0,0,0,0,1,0
10/1/2013,DEU,134,Germany,2013,1,0,0,0,0,0,0,1,0,0,0,0,0,0,1,0
1/1/2014,DEU,134,Germany,2014,1,0,0,0,0,0,0,1,0,0,0,0,0,0,1,0
4/1/2014,DEU,134,Germany,2014,1,0,0,0,0,0,0,1,0,0,0,0,0,0,1,0
7/1/2014,DEU,134,Germany,2014,1,0,0,0,0,0,0,1,0,0,0,0,0,0,1,0
10/1/2014,DEU,134,Germany,2014,1,0,0,0,0,0,0,1,0,0,0,0,0,0,1,0
1/1/2015,DEU,134,Germany,2015,1,0,0,0,0,0,0,1,0,0,0,0,0,0,1,0
4/1/2015,DEU,134,Germany,2015,1,0,0,0,0,0,0,1,0,0,0,0,0,0,1,0
7/1/2015,DEU,134,Germany,2015,1,0,0,0,0,0,0,1,0,0,0,0,0,0,1,0
10/1/2015,DEU,134,Germany,2015,1,0,0,0,0,0,0,1,0,0,0,0,0,0,1,0
1/1/2016,DEU,134,Germany,2016,1,0,0,0,0,0,0,1,0,0,0,0,0,0,1,0
4/1/2016,DEU,134,Germany,2016,1,0,0,0,0,0,0,1,0,0,0,0,0,0,1,0
7/1/2016,DEU,134,Germany,2016,1,0,0,0,0,0,0,1,0,0,0,0,0,0,1,0
10/1/2016,DEU,134,Germany,2016,1,0,0,0,0,0,0,1,0,0,0,0,0,0,1,0
1/1/2017,DEU,134,Germany,2017,1,0,0,0,0,0,0,1,0,0,0,0,0,0,1,0
4/1/2017,DEU,134,Germany,2017,1,0,0,0,0,0,0,1,0,0,0,0,0,0,1,0
7/1/2017,DEU,134,Germany,2017,1,0,0,0,0,0,0,1,0,0,0,0,0,0,1,0
10/1/2017,DEU,134,Germany,2017,1,0,0,0,0,0,0,1,0,0,0,0,0,0,1,0
1/1/2018,DEU,134,Germany,2018,1,0,0,0,0,0,0,1,0,0,0,0,0,0,1,0
4/1/2018,DEU,134,Germany,2018,1,0,0,0,0,0,0,1,0,0,0,0,0,0,1,0
7/1/2018,DEU,134,Germany,2018,1,0,0,0,0,0,0,1,0,0,0,0,0,0,1,0
10/1/2018,DEU,134,Germany,2018,1,0,0,0,0,0,0,1,0,0,0,0,0,0,1,0
1/1/2019,DEU,134,Germany,2019,1,0,0,0,0,0,0,1,0,0,0,0,0,0,1,0
4/1/2019,DEU,134,Germany,2019,1,0,0,0,0,0,0,1,0,0,0,0,0,0,1,0
7/1/2019,DEU,134,Germany,2019,1,0,0,0,0,0,0,1,0,0,0,0,0,0,1,0
10/1/2019,DEU,134,Germany,2019,1,0,0,0,0,0,0,1,0,0,0,0,0,0,1,0
1/1/2020,DEU,134,Germany,2020,1,0,0,0,0,0,0,1,0,0,0,0,0,0,1,0
4/1/2020,DEU,134,Germany,2020,1,0,0,0,0,0,0,1,0,0,0,0,0,0,1,0
7/1/2020,DEU,134,Germany,2020,1,0,0,0,0,0,0,1,0,0,0,0,0,0,1,0
10/1/2020,DEU,134,Germany,2020,1,0,0,0,0,0,0,1,0,0,0,0,0,0,1,0
1/1/2021,DEU,134,Germany,2021,1,0,0,0,0,0,0,1,0,0,0,0,0,0,1,0
4/1/2021,DEU,134,Germany,2021,1,0,0,0,0,0,0,1,0,0,0,0,0,0,1,0
7/1/2021,DEU,134,Germany,2021,1,0,0,0,0,0,0,1,0,0,0,0,0,0,1,0
10/1/2021,DEU,134,Germany,2021,1,0,0,0,0,0,0,1,0,0,0,0,0,0,1,0
1/1/2022,DEU,134,Germany,2022,1,0,0,0,0,0,0,1,0,0,0,0,0,0,1,0
4/1/2022,DEU,134,Germany,2022,1,0,0,0,0,0,0,1,0,0,0,0,0,0,1,0
7/1/2022,DEU,134,Germany,2022,1,0,0,0,0,0,0,1,0,0,0,0,0,0,1,0
10/1/2022,DEU,134,Germany,2022,1,0,0,0,0,0,0,1,0,0,0,0,0,0,1,0
1/1/2023,DEU,134,Germany,2023,1,0,0,0,0,0,0,1,0,0,0,0,0,0,1,0
4/1/2023,DEU,134,Germany,2023,1,0,0,0,0,0,0,1,0,0,0,0,0,0,1,0
7/1/2023,DEU,134,Germany,2023,1,0,0,0,0,0,0,1,0,0,0,0,0,0,1,0
10/1/2023,DEU,134,Germany,2023,1,0,0,0,0,0,0,1,0,0,0,0,0,0,1,0
1/1/2024,DEU,134,Germany,2024,1,0,0,0,0,0,0,1,0,0,0,0,0,0,1,0
4/1/2024,DEU,134,Germany,2024,1,0,0,0,0,0,0,1,0,0,0,0,0,0,1,0
7/1/2024,DEU,134,Germany,2024,1,0,0,0,0,0,0,1,0,0,0,0,0,0,1,0
10/1/2024,DEU,134,Germany,2024,1,0,0,0,0,0,0,1,0,0,0,0,0,0,1,0
1/1/1970,ITA,136,Italy,1970,1,0,0,0,0,0,0,1,0,0,0,0,0,0,0,0
4/1/1970,ITA,136,Italy,1970,1,0,0,0,0,0,0,1,0,0,0,0,0,0,0,0
7/1/1970,ITA,136,Italy,1970,1,0,0,0,0,0,0,1,0,0,0,0,0,0,0,0
10/1/1970,ITA,136,Italy,1970,1,0,0,0,0,0,0,1,0,0,0,0,0,0,0,0
1/1/1971,ITA,136,Italy,1971,1,0,0,0,0,0,0,1,0,0,0,0,0,0,0,0
4/1/1971,ITA,136,Italy,1971,1,0,0,0,0,0,0,1,0,0,0,0,0,0,0,0
7/1/1971,ITA,136,Italy,1971,1,0,0,0,0,0,0,1,0,0,0,0,0,0,0,0
10/1/1971,ITA,136,Italy,1971,1,0,0,0,0,0,0,1,0,0,0,0,0,0,0,0
1/1/1972,ITA,136,Italy,1972,1,0,0,0,0,0,0,1,0,0,0,0,0,0,0,0
4/1/1972,ITA,136,Italy,1972,1,0,0,0,0,0,0,1,0,0,0,0,0,0,0,0
7/1/1972,ITA,136,Italy,1972,1,0,0,0,0,0,0,1,0,0,0,0,0,0,0,0
10/1/1972,ITA,136,Italy,1972,1,0,0,0,0,0,0,1,0,0,0,0,0,0,0,0
1/1/1973,ITA,136,Italy,1973,1,0,0,0,0,0,0,1,0,0,0,0,0,0,0,0
4/1/1973,ITA,136,Italy,1973,1,0,0,0,0,0,0,1,0,0,0,0,0,0,0,0
7/1/1973,ITA,136,Italy,1973,1,0,0,0,0,0,0,1,0,0,0,0,0,0,0,0
10/1/1973,ITA,136,Italy,1973,1,0,0,0,0,0,0,1,0,0,0,0,0,0,0,0
1/1/1974,ITA,136,Italy,1974,1,0,0,0,0,0,0,1,0,0,0,0,0,0,0,0
4/1/1974,ITA,136,Italy,1974,1,0,0,0,0,0,0,1,0,0,0,0,0,0,0,0
7/1/1974,ITA,136,Italy,1974,1,0,0,0,0,0,0,1,0,0,0,0,0,0,0,0
10/1/1974,ITA,136,Italy,1974,1,0,0,0,0,0,0,1,0,0,0,0,0,0,0,0
1/1/1975,ITA,136,Italy,1975,1,0,0,0,0,0,0,1,0,0,0,0,0,0,0,0
4/1/1975,ITA,136,Italy,1975,1,0,0,0,0,0,0,1,0,0,0,0,0,0,0,0
7/1/1975,ITA,136,Italy,1975,1,0,0,0,0,0,0,1,0,0,0,0,0,0,0,0
10/1/1975,ITA,136,Italy,1975,1,0,0,0,0,0,0,1,0,0,0,0,0,0,0,0
1/1/1976,ITA,136,Italy,1976,1,0,0,0,0,0,0,1,0,0,0,0,0,0,0,0
4/1/1976,ITA,136,Italy,1976,1,0,0,0,0,0,0,1,0,0,0,0,0,0,0,0
7/1/1976,ITA,136,Italy,1976,1,0,0,0,0,0,0,1,0,0,0,0,0,0,0,0
10/1/1976,ITA,136,Italy,1976,1,0,0,0,0,0,0,1,0,0,0,0,0,0,0,0
1/1/1977,ITA,136,Italy,1977,1,0,0,0,0,0,0,1,0,0,0,0,0,0,0,0
4/1/1977,ITA,136,Italy,1977,1,0,0,0,0,0,0,1,0,0,0,0,0,0,0,0
7/1/1977,ITA,136,Italy,1977,1,0,0,0,0,0,0,1,0,0,0,0,0,0,0,0
10/1/1977,ITA,136,Italy,1977,1,0,0,0,0,0,0,1,0,0,0,0,0,0,0,0
1/1/1978,ITA,136,Italy,1978,1,0,0,0,0,0,0,1,0,0,0,0,0,0,0,0
4/1/1978,ITA,136,Italy,1978,1,0,0,0,0,0,0,1,0,0,0,0,0,0,0,0
7/1/1978,ITA,136,Italy,1978,1,0,0,0,0,0,0,1,0,0,0,0,0,0,0,0
10/1/1978,ITA,136,Italy,1978,1,0,0,0,0,0,0,1,0,0,0,0,0,0,0,0
1/1/1979,ITA,136,Italy,1979,1,0,0,0,0,0,0,1,0,0,0,0,0,0,0,0
4/1/1979,ITA,136,Italy,1979,1,0,0,0,0,0,0,1,0,0,0,0,0,0,0,0
7/1/1979,ITA,136,Italy,1979,1,0,0,0,0,0,0,1,0,0,0,0,0,0,0,0
10/1/1979,ITA,136,Italy,1979,1,0,0,0,0,0,0,1,0,0,0,0,0,0,0,0
1/1/1980,ITA,136,Italy,1980,1,0,0,0,0,0,0,1,0,0,0,0,0,0,0,0
4/1/1980,ITA,136,Italy,1980,1,0,0,0,0,0,0,1,0,0,0,0,0,0,0,0
7/1/1980,ITA,136,Italy,1980,1,0,0,0,0,0,0,1,0,0,0,0,0,0,0,0
10/1/1980,ITA,136,Italy,1980,1,0,0,0,0,0,0,1,0,0,0,0,0,0,0,0
1/1/1981,ITA,136,Italy,1981,1,0,0,0,0,0,0,1,0,0,0,0,0,0,0,0
4/1/1981,ITA,136,Italy,1981,1,0,0,0,0,0,0,1,0,0,0,0,0,0,0,0
7/1/1981,ITA,136,Italy,1981,1,0,0,0,0,0,0,1,0,0,0,0,0,0,0,0
10/1/1981,ITA,136,Italy,1981,1,0,0,0,0,0,0,1,0,0,0,0,0,0,0,0
1/1/1982,ITA,136,Italy,1982,1,0,0,0,0,0,0,1,0,0,0,0,0,0,0,0
4/1/1982,ITA,136,Italy,1982,1,0,0,0,0,0,0,1,0,0,0,0,0,0,0,0
7/1/1982,ITA,136,Italy,1982,1,0,0,0,0,0,0,1,0,0,0,0,0,0,0,0
10/1/1982,ITA,136,Italy,1982,1,0,0,0,0,0,0,1,0,0,0,0,0,0,0,0
1/1/1983,ITA,136,Italy,1983,1,0,0,0,0,0,0,1,0,0,0,0,0,0,0,0
4/1/1983,ITA,136,Italy,1983,1,0,0,0,0,0,0,1,0,0,0,0,0,0,0,0
7/1/1983,ITA,136,Italy,1983,1,0,0,0,0,0,0,1,0,0,0,0,0,0,0,0
10/1/1983,ITA,136,Italy,1983,1,0,0,0,0,0,0,1,0,0,0,0,0,0,0,0
1/1/1984,ITA,136,Italy,1984,1,0,0,0,0,0,0,1,0,0,0,0,0,0,0,0
4/1/1984,ITA,136,Italy,1984,1,0,0,0,0,0,0,1,0,0,0,0,0,0,0,0
7/1/1984,ITA,136,Italy,1984,1,0,0,0,0,0,0,1,0,0,0,0,0,0,0,0
10/1/1984,ITA,136,Italy,1984,1,0,0,0,0,0,0,1,0,0,0,0,0,0,0,0
1/1/1985,ITA,136,Italy,1985,1,0,0,0,0,0,0,1,0,0,0,0,0,0,0,0
4/1/1985,ITA,136,Italy,1985,1,0,0,0,0,0,0,1,0,0,0,0,0,0,0,0
7/1/1985,ITA,136,Italy,1985,1,0,0,0,0,0,0,1,0,0,0,0,0,0,0,0
10/1/1985,ITA,136,Italy,1985,1,0,0,0,0,0,0,1,0,0,0,0,0,0,0,0
1/1/1986,ITA,136,Italy,1986,1,0,0,0,0,0,0,1,0,0,0,0,0,0,0,0
4/1/1986,ITA,136,Italy,1986,1,0,0,0,0,0,0,1,0,0,0,0,0,0,0,0
7/1/1986,ITA,136,Italy,1986,1,0,0,0,0,0,0,1,0,0,0,0,0,0,0,0
10/1/1986,ITA,136,Italy,1986,1,0,0,0,0,0,0,1,0,0,0,0,0,0,0,0
1/1/1987,ITA,136,Italy,1987,1,0,0,0,0,0,0,1,0,0,0,0,0,0,0,0
4/1/1987,ITA,136,Italy,1987,1,0,0,0,0,0,0,1,0,0,0,0,0,0,0,0
7/1/1987,ITA,136,Italy,1987,1,0,0,0,0,0,0,1,0,0,0,0,0,0,0,0
10/1/1987,ITA,136,Italy,1987,1,0,0,0,0,0,0,1,0,0,0,0,0,0,0,0
1/1/1988,ITA,136,Italy,1988,1,0,0,0,0,0,0,1,0,0,0,0,0,0,0,0
4/1/1988,ITA,136,Italy,1988,1,0,0,0,0,0,0,1,0,0,0,0,0,0,0,0
7/1/1988,ITA,136,Italy,1988,1,0,0,0,0,0,0,1,0,0,0,0,0,0,0,0
10/1/1988,ITA,136,Italy,1988,1,0,0,0,0,0,0,1,0,0,0,0,0,0,0,0
1/1/1989,ITA,136,Italy,1989,1,0,0,0,0,0,0,1,0,0,0,0,0,0,0,0
4/1/1989,ITA,136,Italy,1989,1,0,0,0,0,0,0,1,0,0,0,0,0,0,0,0
7/1/1989,ITA,136,Italy,1989,1,0,0,0,0,0,0,1,0,0,0,0,0,0,0,0
10/1/1989,ITA,136,Italy,1989,1,0,0,0,0,0,0,1,0,0,0,0,0,0,0,0
1/1/1990,ITA,136,Italy,1990,1,0,0,0,0,0,0,1,0,0,0,0,0,0,0,0
4/1/1990,ITA,136,Italy,1990,1,0,0,0,0,0,0,1,0,0,0,0,0,0,0,0
7/1/1990,ITA,136,Italy,1990,1,0,0,0,0,0,0,1,0,0,0,0,0,0,0,0
10/1/1990,ITA,136,Italy,1990,1,0,0,0,0,0,0,1,0,0,0,0,0,0,0,0
1/1/1991,ITA,136,Italy,1991,1,0,0,0,0,0,0,1,0,0,0,0,0,0,0,0
4/1/1991,ITA,136,Italy,1991,1,0,0,0,0,0,0,1,0,0,0,0,0,0,0,0
7/1/1991,ITA,136,Italy,1991,1,0,0,0,0,0,0,1,0,0,0,0,0,0,0,0
10/1/1991,ITA,136,Italy,1991,1,0,0,0,0,0,0,1,0,0,0,0,0,0,0,0
1/1/1992,ITA,136,Italy,1992,1,0,0,0,0,0,0,1,0,0,0,0,0,0,0,0
4/1/1992,ITA,136,Italy,1992,1,0,0,0,0,0,0,1,0,0,0,0,0,0,0,0
7/1/1992,ITA,136,Italy,1992,1,0,0,0,0,0,0,1,0,0,0,0,0,0,0,0
10/1/1992,ITA,136,Italy,1992,1,0,0,0,0,0,0,1,0,0,0,0,0,0,0,0
1/1/1993,ITA,136,Italy,1993,1,0,0,0,0,0,0,1,0,0,0,0,0,0,0,0
4/1/1993,ITA,136,Italy,1993,1,0,0,0,0,0,0,1,0,0,0,0,0,0,0,0
7/1/1993,ITA,136,Italy,1993,1,0,0,0,0,0,0,1,0,0,0,0,0,0,0,0
10/1/1993,ITA,136,Italy,1993,1,0,0,0,0,0,0,1,0,0,0,0,0,0,0,0
1/1/1994,ITA,136,Italy,1994,1,0,0,0,0,0,0,1,0,0,0,0,0,0,0,0
4/1/1994,ITA,136,Italy,1994,1,0,0,0,0,0,0,1,0,0,0,0,0,0,0,0
7/1/1994,ITA,136,Italy,1994,1,0,0,0,0,0,0,1,0,0,0,0,0,0,0,0
10/1/1994,ITA,136,Italy,1994,1,0,0,0,0,0,0,1,0,0,0,0,0,0,0,0
1/1/1995,ITA,136,Italy,1995,1,0,0,0,0,0,0,1,0,0,0,0,0,0,0,0
4/1/1995,ITA,136,Italy,1995,1,0,0,0,0,0,0,1,0,0,0,0,0,0,0,0
7/1/1995,ITA,136,Italy,1995,1,0,0,0,0,0,0,1,0,0,0,0,0,0,0,0
10/1/1995,ITA,136,Italy,1995,1,0,0,0,0,0,0,1,0,0,0,0,0,0,0,0
1/1/1996,ITA,136,Italy,1996,1,0,0,0,0,0,0,1,0,0,0,0,0,0,0,0
4/1/1996,ITA,136,Italy,1996,1,0,0,0,0,0,0,1,0,0,0,0,0,0,0,0
7/1/1996,ITA,136,Italy,1996,1,0,0,0,0,0,0,1,0,0,0,0,0,0,0,0
10/1/1996,ITA,136,Italy,1996,1,0,0,0,0,0,0,1,0,0,0,0,0,0,0,0
1/1/1997,ITA,136,Italy,1997,1,0,0,0,0,0,0,1,0,0,0,0,0,0,0,0
4/1/1997,ITA,136,Italy,1997,1,0,0,0,0,0,0,1,0,0,0,0,0,0,0,0
7/1/1997,ITA,136,Italy,1997,1,0,0,0,0,0,0,1,0,0,0,0,0,0,0,0
10/1/1997,ITA,136,Italy,1997,1,0,0,0,0,0,0,1,0,0,0,0,0,0,0,0
1/1/1998,ITA,136,Italy,1998,1,0,0,0,0,0,0,1,0,0,0,0,0,0,0,0
4/1/1998,ITA,136,Italy,1998,1,0,0,0,0,0,0,1,0,0,0,0,0,0,0,0
7/1/1998,ITA,136,Italy,1998,1,0,0,0,0,0,0,1,0,0,0,0,0,0,0,0
10/1/1998,ITA,136,Italy,1998,1,0,0,0,0,0,0,1,0,0,0,0,0,0,0,0
1/1/1999,ITA,136,Italy,1999,1,0,0,0,0,0,0,1,0,0,0,0,0,0,1,1
4/1/1999,ITA,136,Italy,1999,1,0,0,0,0,0,0,1,0,0,0,0,0,0,1,0
7/1/1999,ITA,136,Italy,1999,1,0,0,0,0,0,0,1,0,0,0,0,0,0,1,0
10/1/1999,ITA,136,Italy,1999,1,0,0,0,0,0,0,1,0,0,0,0,0,0,1,0
1/1/2000,ITA,136,Italy,2000,1,0,0,0,0,0,0,1,0,0,0,0,0,0,1,0
4/1/2000,ITA,136,Italy,2000,1,0,0,0,0,0,0,1,0,0,0,0,0,0,1,0
7/1/2000,ITA,136,Italy,2000,1,0,0,0,0,0,0,1,0,0,0,0,0,0,1,0
10/1/2000,ITA,136,Italy,2000,1,0,0,0,0,0,0,1,0,0,0,0,0,0,1,0
1/1/2001,ITA,136,Italy,2001,1,0,0,0,0,0,0,1,0,0,0,0,0,0,1,0
4/1/2001,ITA,136,Italy,2001,1,0,0,0,0,0,0,1,0,0,0,0,0,0,1,0
7/1/2001,ITA,136,Italy,2001,1,0,0,0,0,0,0,1,0,0,0,0,0,0,1,0
10/1/2001,ITA,136,Italy,2001,1,0,0,0,0,0,0,1,0,0,0,0,0,0,1,0
1/1/2002,ITA,136,Italy,2002,1,0,0,0,0,0,0,1,0,0,0,0,0,0,1,0
4/1/2002,ITA,136,Italy,2002,1,0,0,0,0,0,0,1,0,0,0,0,0,0,1,0
7/1/2002,ITA,136,Italy,2002,1,0,0,0,0,0,0,1,0,0,0,0,0,0,1,0
10/1/2002,ITA,136,Italy,2002,1,0,0,0,0,0,0,1,0,0,0,0,0,0,1,0
1/1/2003,ITA,136,Italy,2003,1,0,0,0,0,0,0,1,0,0,0,0,0,0,1,0
4/1/2003,ITA,136,Italy,2003,1,0,0,0,0,0,0,1,0,0,0,0,0,0,1,0
7/1/2003,ITA,136,Italy,2003,1,0,0,0,0,0,0,1,0,0,0,0,0,0,1,0
10/1/2003,ITA,136,Italy,2003,1,0,0,0,0,0,0,1,0,0,0,0,0,0,1,0
1/1/2004,ITA,136,Italy,2004,1,0,0,0,0,0,0,1,0,0,0,0,0,0,1,0
4/1/2004,ITA,136,Italy,2004,1,0,0,0,0,0,0,1,0,0,0,0,0,0,1,0
7/1/2004,ITA,136,Italy,2004,1,0,0,0,0,0,0,1,0,0,0,0,0,0,1,0
10/1/2004,ITA,136,Italy,2004,1,0,0,0,0,0,0,1,0,0,0,0,0,0,1,0
1/1/2005,ITA,136,Italy,2005,1,0,0,0,0,0,0,1,0,0,0,0,0,0,1,0
4/1/2005,ITA,136,Italy,2005,1,0,0,0,0,0,0,1,0,0,0,0,0,0,1,0
7/1/2005,ITA,136,Italy,2005,1,0,0,0,0,0,0,1,0,0,0,0,0,0,1,0
10/1/2005,ITA,136,Italy,2005,1,0,0,0,0,0,0,1,0,0,0,0,0,0,1,0
1/1/2006,ITA,136,Italy,2006,1,0,0,0,0,0,0,1,0,0,0,0,0,0,1,0
4/1/2006,ITA,136,Italy,2006,1,0,0,0,0,0,0,1,0,0,0,0,0,0,1,0
7/1/2006,ITA,136,Italy,2006,1,0,0,0,0,0,0,1,0,0,0,0,0,0,1,0
10/1/2006,ITA,136,Italy,2006,1,0,0,0,0,0,0,1,0,0,0,0,0,0,1,0
1/1/2007,ITA,136,Italy,2007,1,0,0,0,0,0,0,1,0,0,0,0,0,0,1,0
4/1/2007,ITA,136,Italy,2007,1,0,0,0,0,0,0,1,0,0,0,0,0,0,1,0
7/1/2007,ITA,136,Italy,2007,1,0,0,0,0,0,0,1,0,0,0,0,0,0,1,0
10/1/2007,ITA,136,Italy,2007,1,0,0,0,0,0,0,1,0,0,0,0,0,0,1,0
1/1/2008,ITA,136,Italy,2008,1,0,0,0,0,0,0,1,0,0,0,0,0,0,1,0
4/1/2008,ITA,136,Italy,2008,1,0,0,0,0,0,0,1,0,0,0,0,0,0,1,0
7/1/2008,ITA,136,Italy,2008,1,0,0,0,0,0,0,1,0,0,0,0,0,0,1,0
10/1/2008,ITA,136,Italy,2008,1,0,0,0,0,0,0,1,0,0,0,0,0,0,1,0
1/1/2009,ITA,136,Italy,2009,1,0,0,0,0,0,0,1,0,0,0,0,0,0,1,0
4/1/2009,ITA,136,Italy,2009,1,0,0,0,0,0,0,1,0,0,0,0,0,0,1,0
7/1/2009,ITA,136,Italy,2009,1,0,0,0,0,0,0,1,0,0,0,0,0,0,1,0
10/1/2009,ITA,136,Italy,2009,1,0,0,0,0,0,0,1,0,0,0,0,0,0,1,0
1/1/2010,ITA,136,Italy,2010,1,0,0,0,0,0,0,1,0,0,0,0,0,0,1,0
4/1/2010,ITA,136,Italy,2010,1,0,0,0,0,0,0,1,0,0,0,0,0,0,1,0
7/1/2010,ITA,136,Italy,2010,1,0,0,0,0,0,0,1,0,0,0,0,0,0,1,0
10/1/2010,ITA,136,Italy,2010,1,0,0,0,0,0,0,1,0,0,0,0,0,0,1,0
1/1/2011,ITA,136,Italy,2011,1,0,0,0,0,0,0,1,0,0,0,0,0,0,1,0
4/1/2011,ITA,136,Italy,2011,1,0,0,0,0,0,0,1,0,0,0,0,0,0,1,0
7/1/2011,ITA,136,Italy,2011,1,0,0,0,0,0,0,1,0,0,0,0,0,0,1,0
10/1/2011,ITA,136,Italy,2011,1,0,0,0,0,0,0,1,0,0,0,0,0,0,1,0
1/1/2012,ITA,136,Italy,2012,1,0,0,0,0,0,0,1,0,0,0,0,0,0,1,0
4/1/2012,ITA,136,Italy,2012,1,0,0,0,0,0,0,1,0,0,0,0,0,0,1,0
7/1/2012,ITA,136,Italy,2012,1,0,0,0,0,0,0,1,0,0,0,0,0,0,1,0
10/1/2012,ITA,136,Italy,2012,1,0,0,0,0,0,0,1,0,0,0,0,0,0,1,0
1/1/2013,ITA,136,Italy,2013,1,0,0,0,0,0,0,1,0,0,0,0,0,0,1,0
4/1/2013,ITA,136,Italy,2013,1,0,0,0,0,0,0,1,0,0,0,0,0,0,1,0
7/1/2013,ITA,136,Italy,2013,1,0,0,0,0,0,0,1,0,0,0,0,0,0,1,0
10/1/2013,ITA,136,Italy,2013,1,0,0,0,0,0,0,1,0,0,0,0,0,0,1,0
1/1/2014,ITA,136,Italy,2014,1,0,0,0,0,0,0,1,0,0,0,0,0,0,1,0
4/1/2014,ITA,136,Italy,2014,1,0,0,0,0,0,0,1,0,0,0,0,0,0,1,0
7/1/2014,ITA,136,Italy,2014,1,0,0,0,0,0,0,1,0,0,0,0,0,0,1,0
10/1/2014,ITA,136,Italy,2014,1,0,0,0,0,0,0,1,0,0,0,0,0,0,1,0
1/1/2015,ITA,136,Italy,2015,1,0,0,0,0,0,0,1,0,0,0,0,0,0,1,0
4/1/2015,ITA,136,Italy,2015,1,0,0,0,0,0,0,1,0,0,0,0,0,0,1,0
7/1/2015,ITA,136,Italy,2015,1,0,0,0,0,0,0,1,0,0,0,0,0,0,1,0
10/1/2015,ITA,136,Italy,2015,1,0,0,0,0,0,0,1,0,0,0,0,0,0,1,0
1/1/2016,ITA,136,Italy,2016,1,0,0,0,0,0,0,1,0,0,0,0,0,0,1,0
4/1/2016,ITA,136,Italy,2016,1,0,0,0,0,0,0,1,0,0,0,0,0,0,1,0
7/1/2016,ITA,136,Italy,2016,1,0,0,0,0,0,0,1,0,0,0,0,0,0,1,0
10/1/2016,ITA,136,Italy,2016,1,0,0,0,0,0,0,1,0,0,0,0,0,0,1,0
1/1/2017,ITA,136,Italy,2017,1,0,0,0,0,0,0,1,0,0,0,0,0,0,1,0
4/1/2017,ITA,136,Italy,2017,1,0,0,0,0,0,0,1,0,0,0,0,0,0,1,0
7/1/2017,ITA,136,Italy,2017,1,0,0,0,0,0,0,1,0,0,0,0,0,0,1,0
10/1/2017,ITA,136,Italy,2017,1,0,0,0,0,0,0,1,0,0,0,0,0,0,1,0
1/1/2018,ITA,136,Italy,2018,1,0,0,0,0,0,0,1,0,0,0,0,0,0,1,0
4/1/2018,ITA,136,Italy,2018,1,0,0,0,0,0,0,1,0,0,0,0,0,0,1,0
7/1/2018,ITA,136,Italy,2018,1,0,0,0,0,0,0,1,0,0,0,0,0,0,1,0
10/1/2018,ITA,136,Italy,2018,1,0,0,0,0,0,0,1,0,0,0,0,0,0,1,0
1/1/2019,ITA,136,Italy,2019,1,0,0,0,0,0,0,1,0,0,0,0,0,0,1,0
4/1/2019,ITA,136,Italy,2019,1,0,0,0,0,0,0,1,0,0,0,0,0,0,1,0
7/1/2019,ITA,136,Italy,2019,1,0,0,0,0,0,0,1,0,0,0,0,0,0,1,0
10/1/2019,ITA,136,Italy,2019,1,0,0,0,0,0,0,1,0,0,0,0,0,0,1,0
1/1/2020,ITA,136,Italy,2020,1,0,0,0,0,0,0,1,0,0,0,0,0,0,1,0
4/1/2020,ITA,136,Italy,2020,1,0,0,0,0,0,0,1,0,0,0,0,0,0,1,0
7/1/2020,ITA,136,Italy,2020,1,0,0,0,0,0,0,1,0,0,0,0,0,0,1,0
10/1/2020,ITA,136,Italy,2020,1,0,0,0,0,0,0,1,0,0,0,0,0,0,1,0
1/1/2021,ITA,136,Italy,2021,1,0,0,0,0,0,0,1,0,0,0,0,0,0,1,0
4/1/2021,ITA,136,Italy,2021,1,0,0,0,0,0,0,1,0,0,0,0,0,0,1,0
7/1/2021,ITA,136,Italy,2021,1,0,0,0,0,0,0,1,0,0,0,0,0,0,1,0
10/1/2021,ITA,136,Italy,2021,1,0,0,0,0,0,0,1,0,0,0,0,0,0,1,0
1/1/2022,ITA,136,Italy,2022,1,0,0,0,0,0,0,1,0,0,0,0,0,0,1,0
4/1/2022,ITA,136,Italy,2022,1,0,0,0,0,0,0,1,0,0,0,0,0,0,1,0
7/1/2022,ITA,136,Italy,2022,1,0,0,0,0,0,0,1,0,0,0,0,0,0,1,0
10/1/2022,ITA,136,Italy,2022,1,0,0,0,0,0,0,1,0,0,0,0,0,0,1,0
1/1/2023,ITA,136,Italy,2023,1,0,0,0,0,0,0,1,0,0,0,0,0,0,1,0
4/1/2023,ITA,136,Italy,2023,1,0,0,0,0,0,0,1,0,0,0,0,0,0,1,0
7/1/2023,ITA,136,Italy,2023,1,0,0,0,0,0,0,1,0,0,0,0,0,0,1,0
10/1/2023,ITA,136,Italy,2023,1,0,0,0,0,0,0,1,0,0,0,0,0,0,1,0
1/1/2024,ITA,136,Italy,2024,1,0,0,0,0,0,0,1,0,0,0,0,0,0,1,0
4/1/2024,ITA,136,Italy,2024,1,0,0,0,0,0,0,1,0,0,0,0,0,0,1,0
7/1/2024,ITA,136,Italy,2024,1,0,0,0,0,0,0,1,0,0,0,0,0,0,1,0
10/1/2024,ITA,136,Italy,2024,1,0,0,0,0,0,0,1,0,0,0,0,0,0,1,0
1/1/1995,LUX,137,Luxembourg,1995,1,0,0,0,0,0,0,1,0,0,0,0,0,1,0,0
4/1/1995,LUX,137,Luxembourg,1995,1,0,0,0,0,0,0,1,0,0,0,0,0,1,0,0
7/1/1995,LUX,137,Luxembourg,1995,1,0,0,0,0,0,0,1,0,0,0,0,0,1,0,0
10/1/1995,LUX,137,Luxembourg,1995,1,0,0,0,0,0,0,1,0,0,0,0,0,1,0,0
1/1/1996,LUX,137,Luxembourg,1996,1,0,0,0,0,0,0,1,0,0,0,0,0,1,0,0
4/1/1996,LUX,137,Luxembourg,1996,1,0,0,0,0,0,0,1,0,0,0,0,0,1,0,0
7/1/1996,LUX,137,Luxembourg,1996,1,0,0,0,0,0,0,1,0,0,0,0,0,1,0,0
10/1/1996,LUX,137,Luxembourg,1996,1,0,0,0,0,0,0,1,0,0,0,0,0,1,0,0
1/1/1997,LUX,137,Luxembourg,1997,1,0,0,0,0,0,0,1,0,0,0,0,0,1,0,0
4/1/1997,LUX,137,Luxembourg,1997,1,0,0,0,0,0,0,1,0,0,0,0,0,1,0,0
7/1/1997,LUX,137,Luxembourg,1997,1,0,0,0,0,0,0,1,0,0,0,0,0,1,0,0
10/1/1997,LUX,137,Luxembourg,1997,1,0,0,0,0,0,0,1,0,0,0,0,0,1,0,0
1/1/1998,LUX,137,Luxembourg,1998,1,0,0,0,0,0,0,1,0,0,0,0,0,1,0,0
4/1/1998,LUX,137,Luxembourg,1998,1,0,0,0,0,0,0,1,0,0,0,0,0,1,0,0
7/1/1998,LUX,137,Luxembourg,1998,1,0,0,0,0,0,0,1,0,0,0,0,0,1,0,0
10/1/1998,LUX,137,Luxembourg,1998,1,0,0,0,0,0,0,1,0,0,0,0,0,1,0,0
1/1/1999,LUX,137,Luxembourg,1999,1,0,0,0,0,0,0,1,0,0,0,0,0,1,1,1
4/1/1999,LUX,137,Luxembourg,1999,1,0,0,0,0,0,0,1,0,0,0,0,0,1,1,0
7/1/1999,LUX,137,Luxembourg,1999,1,0,0,0,0,0,0,1,0,0,0,0,0,1,1,0
10/1/1999,LUX,137,Luxembourg,1999,1,0,0,0,0,0,0,1,0,0,0,0,0,1,1,0
1/1/2000,LUX,137,Luxembourg,2000,1,0,0,0,0,0,0,1,0,0,0,0,0,1,1,0
4/1/2000,LUX,137,Luxembourg,2000,1,0,0,0,0,0,0,1,0,0,0,0,0,1,1,0
7/1/2000,LUX,137,Luxembourg,2000,1,0,0,0,0,0,0,1,0,0,0,0,0,1,1,0
10/1/2000,LUX,137,Luxembourg,2000,1,0,0,0,0,0,0,1,0,0,0,0,0,1,1,0
1/1/2001,LUX,137,Luxembourg,2001,1,0,0,0,0,0,0,1,0,0,0,0,0,1,1,0
4/1/2001,LUX,137,Luxembourg,2001,1,0,0,0,0,0,0,1,0,0,0,0,0,1,1,0
7/1/2001,LUX,137,Luxembourg,2001,1,0,0,0,0,0,0,1,0,0,0,0,0,1,1,0
10/1/2001,LUX,137,Luxembourg,2001,1,0,0,0,0,0,0,1,0,0,0,0,0,1,1,0
1/1/2002,LUX,137,Luxembourg,2002,1,0,0,0,0,0,0,1,0,0,0,0,0,1,1,0
4/1/2002,LUX,137,Luxembourg,2002,1,0,0,0,0,0,0,1,0,0,0,0,0,1,1,0
7/1/2002,LUX,137,Luxembourg,2002,1,0,0,0,0,0,0,1,0,0,0,0,0,1,1,0
10/1/2002,LUX,137,Luxembourg,2002,1,0,0,0,0,0,0,1,0,0,0,0,0,1,1,0
1/1/2003,LUX,137,Luxembourg,2003,1,0,0,0,0,0,0,1,0,0,0,0,0,1,1,0
4/1/2003,LUX,137,Luxembourg,2003,1,0,0,0,0,0,0,1,0,0,0,0,0,1,1,0
7/1/2003,LUX,137,Luxembourg,2003,1,0,0,0,0,0,0,1,0,0,0,0,0,1,1,0
10/1/2003,LUX,137,Luxembourg,2003,1,0,0,0,0,0,0,1,0,0,0,0,0,1,1,0
1/1/2004,LUX,137,Luxembourg,2004,1,0,0,0,0,0,0,1,0,0,0,0,0,1,1,0
4/1/2004,LUX,137,Luxembourg,2004,1,0,0,0,0,0,0,1,0,0,0,0,0,1,1,0
7/1/2004,LUX,137,Luxembourg,2004,1,0,0,0,0,0,0,1,0,0,0,0,0,1,1,0
10/1/2004,LUX,137,Luxembourg,2004,1,0,0,0,0,0,0,1,0,0,0,0,0,1,1,0
1/1/2005,LUX,137,Luxembourg,2005,1,0,0,0,0,0,0,1,0,0,0,0,0,1,1,0
4/1/2005,LUX,137,Luxembourg,2005,1,0,0,0,0,0,0,1,0,0,0,0,0,1,1,0
7/1/2005,LUX,137,Luxembourg,2005,1,0,0,0,0,0,0,1,0,0,0,0,0,1,1,0
10/1/2005,LUX,137,Luxembourg,2005,1,0,0,0,0,0,0,1,0,0,0,0,0,1,1,0
1/1/2006,LUX,137,Luxembourg,2006,1,0,0,0,0,0,0,1,0,0,0,0,0,1,1,0
4/1/2006,LUX,137,Luxembourg,2006,1,0,0,0,0,0,0,1,0,0,0,0,0,1,1,0
7/1/2006,LUX,137,Luxembourg,2006,1,0,0,0,0,0,0,1,0,0,0,0,0,1,1,0
10/1/2006,LUX,137,Luxembourg,2006,1,0,0,0,0,0,0,1,0,0,0,0,0,1,1,0
1/1/2007,LUX,137,Luxembourg,2007,1,0,0,0,0,0,0,1,0,0,0,0,0,1,1,0
4/1/2007,LUX,137,Luxembourg,2007,1,0,0,0,0,0,0,1,0,0,0,0,0,1,1,0
7/1/2007,LUX,137,Luxembourg,2007,1,0,0,0,0,0,0,1,0,0,0,0,0,1,1,0
10/1/2007,LUX,137,Luxembourg,2007,1,0,0,0,0,0,0,1,0,0,0,0,0,1,1,0
1/1/2008,LUX,137,Luxembourg,2008,1,0,0,0,0,0,0,1,0,0,0,0,0,1,1,0
4/1/2008,LUX,137,Luxembourg,2008,1,0,0,0,0,0,0,1,0,0,0,0,0,1,1,0
7/1/2008,LUX,137,Luxembourg,2008,1,0,0,0,0,0,0,1,0,0,0,0,0,1,1,0
10/1/2008,LUX,137,Luxembourg,2008,1,0,0,0,0,0,0,1,0,0,0,0,0,1,1,0
1/1/2009,LUX,137,Luxembourg,2009,1,0,0,0,0,0,0,1,0,0,0,0,0,1,1,0
4/1/2009,LUX,137,Luxembourg,2009,1,0,0,0,0,0,0,1,0,0,0,0,0,1,1,0
7/1/2009,LUX,137,Luxembourg,2009,1,0,0,0,0,0,0,1,0,0,0,0,0,1,1,0
10/1/2009,LUX,137,Luxembourg,2009,1,0,0,0,0,0,0,1,0,0,0,0,0,1,1,0
1/1/2010,LUX,137,Luxembourg,2010,1,0,0,0,0,0,0,1,0,0,0,0,0,1,1,0
4/1/2010,LUX,137,Luxembourg,2010,1,0,0,0,0,0,0,1,0,0,0,0,0,1,1,0
7/1/2010,LUX,137,Luxembourg,2010,1,0,0,0,0,0,0,1,0,0,0,0,0,1,1,0
10/1/2010,LUX,137,Luxembourg,2010,1,0,0,0,0,0,0,1,0,0,0,0,0,1,1,0
1/1/2011,LUX,137,Luxembourg,2011,1,0,0,0,0,0,0,1,0,0,0,0,0,1,1,0
4/1/2011,LUX,137,Luxembourg,2011,1,0,0,0,0,0,0,1,0,0,0,0,0,1,1,0
7/1/2011,LUX,137,Luxembourg,2011,1,0,0,0,0,0,0,1,0,0,0,0,0,1,1,0
10/1/2011,LUX,137,Luxembourg,2011,1,0,0,0,0,0,0,1,0,0,0,0,0,1,1,0
1/1/2012,LUX,137,Luxembourg,2012,1,0,0,0,0,0,0,1,0,0,0,0,0,1,1,0
4/1/2012,LUX,137,Luxembourg,2012,1,0,0,0,0,0,0,1,0,0,0,0,0,1,1,0
7/1/2012,LUX,137,Luxembourg,2012,1,0,0,0,0,0,0,1,0,0,0,0,0,1,1,0
10/1/2012,LUX,137,Luxembourg,2012,1,0,0,0,0,0,0,1,0,0,0,0,0,1,1,0
1/1/2013,LUX,137,Luxembourg,2013,1,0,0,0,0,0,0,1,0,0,0,0,0,1,1,0
4/1/2013,LUX,137,Luxembourg,2013,1,0,0,0,0,0,0,1,0,0,0,0,0,1,1,0
7/1/2013,LUX,137,Luxembourg,2013,1,0,0,0,0,0,0,1,0,0,0,0,0,1,1,0
10/1/2013,LUX,137,Luxembourg,2013,1,0,0,0,0,0,0,1,0,0,0,0,0,1,1,0
1/1/2014,LUX,137,Luxembourg,2014,1,0,0,0,0,0,0,1,0,0,0,0,0,1,1,0
4/1/2014,LUX,137,Luxembourg,2014,1,0,0,0,0,0,0,1,0,0,0,0,0,1,1,0
7/1/2014,LUX,137,Luxembourg,2014,1,0,0,0,0,0,0,1,0,0,0,0,0,1,1,0
10/1/2014,LUX,137,Luxembourg,2014,1,0,0,0,0,0,0,1,0,0,0,0,0,1,1,0
1/1/2015,LUX,137,Luxembourg,2015,1,0,0,0,0,0,0,1,0,0,0,0,0,1,1,0
4/1/2015,LUX,137,Luxembourg,2015,1,0,0,0,0,0,0,1,0,0,0,0,0,1,1,0
7/1/2015,LUX,137,Luxembourg,2015,1,0,0,0,0,0,0,1,0,0,0,0,0,1,1,0
10/1/2015,LUX,137,Luxembourg,2015,1,0,0,0,0,0,0,1,0,0,0,0,0,1,1,0
1/1/2016,LUX,137,Luxembourg,2016,1,0,0,0,0,0,0,1,0,0,0,0,0,1,1,0
4/1/2016,LUX,137,Luxembourg,2016,1,0,0,0,0,0,0,1,0,0,0,0,0,1,1,0
7/1/2016,LUX,137,Luxembourg,2016,1,0,0,0,0,0,0,1,0,0,0,0,0,1,1,0
10/1/2016,LUX,137,Luxembourg,2016,1,0,0,0,0,0,0,1,0,0,0,0,0,1,1,0
1/1/2017,LUX,137,Luxembourg,2017,1,0,0,0,0,0,0,1,0,0,0,0,0,1,1,0
4/1/2017,LUX,137,Luxembourg,2017,1,0,0,0,0,0,0,1,0,0,0,0,0,1,1,0
7/1/2017,LUX,137,Luxembourg,2017,1,0,0,0,0,0,0,1,0,0,0,0,0,1,1,0
10/1/2017,LUX,137,Luxembourg,2017,1,0,0,0,0,0,0,1,0,0,0,0,0,1,1,0
1/1/2018,LUX,137,Luxembourg,2018,1,0,0,0,0,0,0,1,0,0,0,0,0,1,1,0
4/1/2018,LUX,137,Luxembourg,2018,1,0,0,0,0,0,0,1,0,0,0,0,0,1,1,0
7/1/2018,LUX,137,Luxembourg,2018,1,0,0,0,0,0,0,1,0,0,0,0,0,1,1,0
10/1/2018,LUX,137,Luxembourg,2018,1,0,0,0,0,0,0,1,0,0,0,0,0,1,1,0
1/1/2019,LUX,137,Luxembourg,2019,1,0,0,0,0,0,0,1,0,0,0,0,0,1,1,0
4/1/2019,LUX,137,Luxembourg,2019,1,0,0,0,0,0,0,1,0,0,0,0,0,1,1,0
7/1/2019,LUX,137,Luxembourg,2019,1,0,0,0,0,0,0,1,0,0,0,0,0,1,1,0
10/1/2019,LUX,137,Luxembourg,2019,1,0,0,0,0,0,0,1,0,0,0,0,0,1,1,0
1/1/2020,LUX,137,Luxembourg,2020,1,0,0,0,0,0,0,1,0,0,0,0,0,1,1,0
4/1/2020,LUX,137,Luxembourg,2020,1,0,0,0,0,0,0,1,0,0,0,0,0,1,1,0
7/1/2020,LUX,137,Luxembourg,2020,1,0,0,0,0,0,0,1,0,0,0,0,0,1,1,0
10/1/2020,LUX,137,Luxembourg,2020,1,0,0,0,0,0,0,1,0,0,0,0,0,1,1,0
1/1/2021,LUX,137,Luxembourg,2021,1,0,0,0,0,0,0,1,0,0,0,0,0,1,1,0
4/1/2021,LUX,137,Luxembourg,2021,1,0,0,0,0,0,0,1,0,0,0,0,0,1,1,0
7/1/2021,LUX,137,Luxembourg,2021,1,0,0,0,0,0,0,1,0,0,0,0,0,1,1,0
10/1/2021,LUX,137,Luxembourg,2021,1,0,0,0,0,0,0,1,0,0,0,0,0,1,1,0
1/1/2022,LUX,137,Luxembourg,2022,1,0,0,0,0,0,0,1,0,0,0,0,0,1,1,0
4/1/2022,LUX,137,Luxembourg,2022,1,0,0,0,0,0,0,1,0,0,0,0,0,1,1,0
7/1/2022,LUX,137,Luxembourg,2022,1,0,0,0,0,0,0,1,0,0,0,0,0,1,1,0
10/1/2022,LUX,137,Luxembourg,2022,1,0,0,0,0,0,0,1,0,0,0,0,0,1,1,0
1/1/2023,LUX,137,Luxembourg,2023,1,0,0,0,0,0,0,1,0,0,0,0,0,1,1,0
4/1/2023,LUX,137,Luxembourg,2023,1,0,0,0,0,0,0,1,0,0,0,0,0,1,1,0
7/1/2023,LUX,137,Luxembourg,2023,1,0,0,0,0,0,0,1,0,0,0,0,0,1,1,0
10/1/2023,LUX,137,Luxembourg,2023,1,0,0,0,0,0,0,1,0,0,0,0,0,1,1,0
1/1/2024,LUX,137,Luxembourg,2024,1,0,0,0,0,0,0,1,0,0,0,0,0,1,1,0
4/1/2024,LUX,137,Luxembourg,2024,1,0,0,0,0,0,0,1,0,0,0,0,0,1,1,0
7/1/2024,LUX,137,Luxembourg,2024,1,0,0,0,0,0,0,1,0,0,0,0,0,1,1,0
10/1/2024,LUX,137,Luxembourg,2024,1,0,0,0,0,0,0,1,0,0,0,0,0,1,1,0
1/1/1977,NLD,138,Netherlands,1977,1,0,0,0,0,0,0,1,0,0,0,0,0,1,0,0
4/1/1977,NLD,138,Netherlands,1977,1,0,0,0,0,0,0,1,0,0,0,0,0,1,0,0
7/1/1977,NLD,138,Netherlands,1977,1,0,0,0,0,0,0,1,0,0,0,0,0,1,0,0
10/1/1977,NLD,138,Netherlands,1977,1,0,0,0,0,0,0,1,0,0,0,0,0,1,0,0
1/1/1978,NLD,138,Netherlands,1978,1,0,0,0,0,0,0,1,0,0,0,0,0,1,0,0
4/1/1978,NLD,138,Netherlands,1978,1,0,0,0,0,0,0,1,0,0,0,0,0,1,0,0
7/1/1978,NLD,138,Netherlands,1978,1,0,0,0,0,0,0,1,0,0,0,0,0,1,0,0
10/1/1978,NLD,138,Netherlands,1978,1,0,0,0,0,0,0,1,0,0,0,0,0,1,0,0
1/1/1979,NLD,138,Netherlands,1979,1,0,0,0,0,0,0,1,0,0,0,0,0,1,0,0
4/1/1979,NLD,138,Netherlands,1979,1,0,0,0,0,0,0,1,0,0,0,0,0,1,0,0
7/1/1979,NLD,138,Netherlands,1979,1,0,0,0,0,0,0,1,0,0,0,0,0,1,0,0
10/1/1979,NLD,138,Netherlands,1979,1,0,0,0,0,0,0,1,0,0,0,0,0,1,0,0
1/1/1980,NLD,138,Netherlands,1980,1,0,0,0,0,0,0,1,0,0,0,0,0,1,0,0
4/1/1980,NLD,138,Netherlands,1980,1,0,0,0,0,0,0,1,0,0,0,0,0,1,0,0
7/1/1980,NLD,138,Netherlands,1980,1,0,0,0,0,0,0,1,0,0,0,0,0,1,0,0
10/1/1980,NLD,138,Netherlands,1980,1,0,0,0,0,0,0,1,0,0,0,0,0,1,0,0
1/1/1981,NLD,138,Netherlands,1981,1,0,0,0,0,0,0,1,0,0,0,0,0,1,0,0
4/1/1981,NLD,138,Netherlands,1981,1,0,0,0,0,0,0,1,0,0,0,0,0,1,0,0
7/1/1981,NLD,138,Netherlands,1981,1,0,0,0,0,0,0,1,0,0,0,0,0,1,0,0
10/1/1981,NLD,138,Netherlands,1981,1,0,0,0,0,0,0,1,0,0,0,0,0,1,0,0
1/1/1982,NLD,138,Netherlands,1982,1,0,0,0,0,0,0,1,0,0,0,0,0,1,0,0
4/1/1982,NLD,138,Netherlands,1982,1,0,0,0,0,0,0,1,0,0,0,0,0,1,0,0
7/1/1982,NLD,138,Netherlands,1982,1,0,0,0,0,0,0,1,0,0,0,0,0,1,0,0
10/1/1982,NLD,138,Netherlands,1982,1,0,0,0,0,0,0,1,0,0,0,0,0,1,0,0
1/1/1983,NLD,138,Netherlands,1983,1,0,0,0,0,0,0,1,0,0,0,0,0,1,0,0
4/1/1983,NLD,138,Netherlands,1983,1,0,0,0,0,0,0,1,0,0,0,0,0,1,0,0
7/1/1983,NLD,138,Netherlands,1983,1,0,0,0,0,0,0,1,0,0,0,0,0,1,0,0
10/1/1983,NLD,138,Netherlands,1983,1,0,0,0,0,0,0,1,0,0,0,0,0,1,0,0
1/1/1984,NLD,138,Netherlands,1984,1,0,0,0,0,0,0,1,0,0,0,0,0,1,0,0
4/1/1984,NLD,138,Netherlands,1984,1,0,0,0,0,0,0,1,0,0,0,0,0,1,0,0
7/1/1984,NLD,138,Netherlands,1984,1,0,0,0,0,0,0,1,0,0,0,0,0,1,0,0
10/1/1984,NLD,138,Netherlands,1984,1,0,0,0,0,0,0,1,0,0,0,0,0,1,0,0
1/1/1985,NLD,138,Netherlands,1985,1,0,0,0,0,0,0,1,0,0,0,0,0,1,0,0
4/1/1985,NLD,138,Netherlands,1985,1,0,0,0,0,0,0,1,0,0,0,0,0,1,0,0
7/1/1985,NLD,138,Netherlands,1985,1,0,0,0,0,0,0,1,0,0,0,0,0,1,0,0
10/1/1985,NLD,138,Netherlands,1985,1,0,0,0,0,0,0,1,0,0,0,0,0,1,0,0
1/1/1986,NLD,138,Netherlands,1986,1,0,0,0,0,0,0,1,0,0,0,0,0,1,0,0
4/1/1986,NLD,138,Netherlands,1986,1,0,0,0,0,0,0,1,0,0,0,0,0,1,0,0
7/1/1986,NLD,138,Netherlands,1986,1,0,0,0,0,0,0,1,0,0,0,0,0,1,0,0
10/1/1986,NLD,138,Netherlands,1986,1,0,0,0,0,0,0,1,0,0,0,0,0,1,0,0
1/1/1987,NLD,138,Netherlands,1987,1,0,0,0,0,0,0,1,0,0,0,0,0,1,0,0
4/1/1987,NLD,138,Netherlands,1987,1,0,0,0,0,0,0,1,0,0,0,0,0,1,0,0
7/1/1987,NLD,138,Netherlands,1987,1,0,0,0,0,0,0,1,0,0,0,0,0,1,0,0
10/1/1987,NLD,138,Netherlands,1987,1,0,0,0,0,0,0,1,0,0,0,0,0,1,0,0
1/1/1988,NLD,138,Netherlands,1988,1,0,0,0,0,0,0,1,0,0,0,0,0,1,0,0
4/1/1988,NLD,138,Netherlands,1988,1,0,0,0,0,0,0,1,0,0,0,0,0,1,0,0
7/1/1988,NLD,138,Netherlands,1988,1,0,0,0,0,0,0,1,0,0,0,0,0,1,0,0
10/1/1988,NLD,138,Netherlands,1988,1,0,0,0,0,0,0,1,0,0,0,0,0,1,0,0
1/1/1989,NLD,138,Netherlands,1989,1,0,0,0,0,0,0,1,0,0,0,0,0,1,0,0
4/1/1989,NLD,138,Netherlands,1989,1,0,0,0,0,0,0,1,0,0,0,0,0,1,0,0
7/1/1989,NLD,138,Netherlands,1989,1,0,0,0,0,0,0,1,0,0,0,0,0,1,0,0
10/1/1989,NLD,138,Netherlands,1989,1,0,0,0,0,0,0,1,0,0,0,0,0,1,0,0
1/1/1990,NLD,138,Netherlands,1990,1,0,0,0,0,0,0,1,0,0,0,0,0,1,0,0
4/1/1990,NLD,138,Netherlands,1990,1,0,0,0,0,0,0,1,0,0,0,0,0,1,0,0
7/1/1990,NLD,138,Netherlands,1990,1,0,0,0,0,0,0,1,0,0,0,0,0,1,0,0
10/1/1990,NLD,138,Netherlands,1990,1,0,0,0,0,0,0,1,0,0,0,0,0,1,0,0
1/1/1991,NLD,138,Netherlands,1991,1,0,0,0,0,0,0,1,0,0,0,0,0,1,0,0
4/1/1991,NLD,138,Netherlands,1991,1,0,0,0,0,0,0,1,0,0,0,0,0,1,0,0
7/1/1991,NLD,138,Netherlands,1991,1,0,0,0,0,0,0,1,0,0,0,0,0,1,0,0
10/1/1991,NLD,138,Netherlands,1991,1,0,0,0,0,0,0,1,0,0,0,0,0,1,0,0
1/1/1992,NLD,138,Netherlands,1992,1,0,0,0,0,0,0,1,0,0,0,0,0,1,0,0
4/1/1992,NLD,138,Netherlands,1992,1,0,0,0,0,0,0,1,0,0,0,0,0,1,0,0
7/1/1992,NLD,138,Netherlands,1992,1,0,0,0,0,0,0,1,0,0,0,0,0,1,0,0
10/1/1992,NLD,138,Netherlands,1992,1,0,0,0,0,0,0,1,0,0,0,0,0,1,0,0
1/1/1993,NLD,138,Netherlands,1993,1,0,0,0,0,0,0,1,0,0,0,0,0,1,0,0
4/1/1993,NLD,138,Netherlands,1993,1,0,0,0,0,0,0,1,0,0,0,0,0,1,0,0
7/1/1993,NLD,138,Netherlands,1993,1,0,0,0,0,0,0,1,0,0,0,0,0,1,0,0
10/1/1993,NLD,138,Netherlands,1993,1,0,0,0,0,0,0,1,0,0,0,0,0,1,0,0
1/1/1994,NLD,138,Netherlands,1994,1,0,0,0,0,0,0,1,0,0,0,0,0,1,0,0
4/1/1994,NLD,138,Netherlands,1994,1,0,0,0,0,0,0,1,0,0,0,0,0,1,0,0
7/1/1994,NLD,138,Netherlands,1994,1,0,0,0,0,0,0,1,0,0,0,0,0,1,0,0
10/1/1994,NLD,138,Netherlands,1994,1,0,0,0,0,0,0,1,0,0,0,0,0,1,0,0
1/1/1995,NLD,138,Netherlands,1995,1,0,0,0,0,0,0,1,0,0,0,0,0,1,0,0
4/1/1995,NLD,138,Netherlands,1995,1,0,0,0,0,0,0,1,0,0,0,0,0,1,0,0
7/1/1995,NLD,138,Netherlands,1995,1,0,0,0,0,0,0,1,0,0,0,0,0,1,0,0
10/1/1995,NLD,138,Netherlands,1995,1,0,0,0,0,0,0,1,0,0,0,0,0,1,0,0
1/1/1996,NLD,138,Netherlands,1996,1,0,0,0,0,0,0,1,0,0,0,0,0,1,0,0
4/1/1996,NLD,138,Netherlands,1996,1,0,0,0,0,0,0,1,0,0,0,0,0,1,0,0
7/1/1996,NLD,138,Netherlands,1996,1,0,0,0,0,0,0,1,0,0,0,0,0,1,0,0
10/1/1996,NLD,138,Netherlands,1996,1,0,0,0,0,0,0,1,0,0,0,0,0,1,0,0
1/1/1997,NLD,138,Netherlands,1997,1,0,0,0,0,0,0,1,0,0,0,0,0,1,0,0
4/1/1997,NLD,138,Netherlands,1997,1,0,0,0,0,0,0,1,0,0,0,0,0,1,0,0
7/1/1997,NLD,138,Netherlands,1997,1,0,0,0,0,0,0,1,0,0,0,0,0,1,0,0
10/1/1997,NLD,138,Netherlands,1997,1,0,0,0,0,0,0,1,0,0,0,0,0,1,0,0
1/1/1998,NLD,138,Netherlands,1998,1,0,0,0,0,0,0,1,0,0,0,0,0,1,0,0
4/1/1998,NLD,138,Netherlands,1998,1,0,0,0,0,0,0,1,0,0,0,0,0,1,0,0
7/1/1998,NLD,138,Netherlands,1998,1,0,0,0,0,0,0,1,0,0,0,0,0,1,0,0
10/1/1998,NLD,138,Netherlands,1998,1,0,0,0,0,0,0,1,0,0,0,0,0,1,0,0
1/1/1999,NLD,138,Netherlands,1999,1,0,0,0,0,0,0,1,0,0,0,0,0,1,1,1
4/1/1999,NLD,138,Netherlands,1999,1,0,0,0,0,0,0,1,0,0,0,0,0,1,1,0
7/1/1999,NLD,138,Netherlands,1999,1,0,0,0,0,0,0,1,0,0,0,0,0,1,1,0
10/1/1999,NLD,138,Netherlands,1999,1,0,0,0,0,0,0,1,0,0,0,0,0,1,1,0
1/1/2000,NLD,138,Netherlands,2000,1,0,0,0,0,0,0,1,0,0,0,0,0,1,1,0
4/1/2000,NLD,138,Netherlands,2000,1,0,0,0,0,0,0,1,0,0,0,0,0,1,1,0
7/1/2000,NLD,138,Netherlands,2000,1,0,0,0,0,0,0,1,0,0,0,0,0,1,1,0
10/1/2000,NLD,138,Netherlands,2000,1,0,0,0,0,0,0,1,0,0,0,0,0,1,1,0
1/1/2001,NLD,138,Netherlands,2001,1,0,0,0,0,0,0,1,0,0,0,0,0,1,1,0
4/1/2001,NLD,138,Netherlands,2001,1,0,0,0,0,0,0,1,0,0,0,0,0,1,1,0
7/1/2001,NLD,138,Netherlands,2001,1,0,0,0,0,0,0,1,0,0,0,0,0,1,1,0
10/1/2001,NLD,138,Netherlands,2001,1,0,0,0,0,0,0,1,0,0,0,0,0,1,1,0
1/1/2002,NLD,138,Netherlands,2002,1,0,0,0,0,0,0,1,0,0,0,0,0,1,1,0
4/1/2002,NLD,138,Netherlands,2002,1,0,0,0,0,0,0,1,0,0,0,0,0,1,1,0
7/1/2002,NLD,138,Netherlands,2002,1,0,0,0,0,0,0,1,0,0,0,0,0,1,1,0
10/1/2002,NLD,138,Netherlands,2002,1,0,0,0,0,0,0,1,0,0,0,0,0,1,1,0
1/1/2003,NLD,138,Netherlands,2003,1,0,0,0,0,0,0,1,0,0,0,0,0,1,1,0
4/1/2003,NLD,138,Netherlands,2003,1,0,0,0,0,0,0,1,0,0,0,0,0,1,1,0
7/1/2003,NLD,138,Netherlands,2003,1,0,0,0,0,0,0,1,0,0,0,0,0,1,1,0
10/1/2003,NLD,138,Netherlands,2003,1,0,0,0,0,0,0,1,0,0,0,0,0,1,1,0
1/1/2004,NLD,138,Netherlands,2004,1,0,0,0,0,0,0,1,0,0,0,0,0,1,1,0
4/1/2004,NLD,138,Netherlands,2004,1,0,0,0,0,0,0,1,0,0,0,0,0,1,1,0
7/1/2004,NLD,138,Netherlands,2004,1,0,0,0,0,0,0,1,0,0,0,0,0,1,1,0
10/1/2004,NLD,138,Netherlands,2004,1,0,0,0,0,0,0,1,0,0,0,0,0,1,1,0
1/1/2005,NLD,138,Netherlands,2005,1,0,0,0,0,0,0,1,0,0,0,0,0,1,1,0
4/1/2005,NLD,138,Netherlands,2005,1,0,0,0,0,0,0,1,0,0,0,0,0,1,1,0
7/1/2005,NLD,138,Netherlands,2005,1,0,0,0,0,0,0,1,0,0,0,0,0,1,1,0
10/1/2005,NLD,138,Netherlands,2005,1,0,0,0,0,0,0,1,0,0,0,0,0,1,1,0
1/1/2006,NLD,138,Netherlands,2006,1,0,0,0,0,0,0,1,0,0,0,0,0,1,1,0
4/1/2006,NLD,138,Netherlands,2006,1,0,0,0,0,0,0,1,0,0,0,0,0,1,1,0
7/1/2006,NLD,138,Netherlands,2006,1,0,0,0,0,0,0,1,0,0,0,0,0,1,1,0
10/1/2006,NLD,138,Netherlands,2006,1,0,0,0,0,0,0,1,0,0,0,0,0,1,1,0
1/1/2007,NLD,138,Netherlands,2007,1,0,0,0,0,0,0,1,0,0,0,0,0,1,1,0
4/1/2007,NLD,138,Netherlands,2007,1,0,0,0,0,0,0,1,0,0,0,0,0,1,1,0
7/1/2007,NLD,138,Netherlands,2007,1,0,0,0,0,0,0,1,0,0,0,0,0,1,1,0
10/1/2007,NLD,138,Netherlands,2007,1,0,0,0,0,0,0,1,0,0,0,0,0,1,1,0
1/1/2008,NLD,138,Netherlands,2008,1,0,0,0,0,0,0,1,0,0,0,0,0,1,1,0
4/1/2008,NLD,138,Netherlands,2008,1,0,0,0,0,0,0,1,0,0,0,0,0,1,1,0
7/1/2008,NLD,138,Netherlands,2008,1,0,0,0,0,0,0,1,0,0,0,0,0,1,1,0
10/1/2008,NLD,138,Netherlands,2008,1,0,0,0,0,0,0,1,0,0,0,0,0,1,1,0
1/1/2009,NLD,138,Netherlands,2009,1,0,0,0,0,0,0,1,0,0,0,0,0,1,1,0
4/1/2009,NLD,138,Netherlands,2009,1,0,0,0,0,0,0,1,0,0,0,0,0,1,1,0
7/1/2009,NLD,138,Netherlands,2009,1,0,0,0,0,0,0,1,0,0,0,0,0,1,1,0
10/1/2009,NLD,138,Netherlands,2009,1,0,0,0,0,0,0,1,0,0,0,0,0,1,1,0
1/1/2010,NLD,138,Netherlands,2010,1,0,0,0,0,0,0,1,0,0,0,0,0,1,1,0
4/1/2010,NLD,138,Netherlands,2010,1,0,0,0,0,0,0,1,0,0,0,0,0,1,1,0
7/1/2010,NLD,138,Netherlands,2010,1,0,0,0,0,0,0,1,0,0,0,0,0,1,1,0
10/1/2010,NLD,138,Netherlands,2010,1,0,0,0,0,0,0,1,0,0,0,0,0,1,1,0
1/1/2011,NLD,138,Netherlands,2011,1,0,0,0,0,0,0,1,0,0,0,0,0,1,1,0
4/1/2011,NLD,138,Netherlands,2011,1,0,0,0,0,0,0,1,0,0,0,0,0,1,1,0
7/1/2011,NLD,138,Netherlands,2011,1,0,0,0,0,0,0,1,0,0,0,0,0,1,1,0
10/1/2011,NLD,138,Netherlands,2011,1,0,0,0,0,0,0,1,0,0,0,0,0,1,1,0
1/1/2012,NLD,138,Netherlands,2012,1,0,0,0,0,0,0,1,0,0,0,0,0,1,1,0
4/1/2012,NLD,138,Netherlands,2012,1,0,0,0,0,0,0,1,0,0,0,0,0,1,1,0
7/1/2012,NLD,138,Netherlands,2012,1,0,0,0,0,0,0,1,0,0,0,0,0,1,1,0
10/1/2012,NLD,138,Netherlands,2012,1,0,0,0,0,0,0,1,0,0,0,0,0,1,1,0
1/1/2013,NLD,138,Netherlands,2013,1,0,0,0,0,0,0,1,0,0,0,0,0,1,1,0
4/1/2013,NLD,138,Netherlands,2013,1,0,0,0,0,0,0,1,0,0,0,0,0,1,1,0
7/1/2013,NLD,138,Netherlands,2013,1,0,0,0,0,0,0,1,0,0,0,0,0,1,1,0
10/1/2013,NLD,138,Netherlands,2013,1,0,0,0,0,0,0,1,0,0,0,0,0,1,1,0
1/1/2014,NLD,138,Netherlands,2014,1,0,0,0,0,0,0,1,0,0,0,0,0,1,1,0
4/1/2014,NLD,138,Netherlands,2014,1,0,0,0,0,0,0,1,0,0,0,0,0,1,1,0
7/1/2014,NLD,138,Netherlands,2014,1,0,0,0,0,0,0,1,0,0,0,0,0,1,1,0
10/1/2014,NLD,138,Netherlands,2014,1,0,0,0,0,0,0,1,0,0,0,0,0,1,1,0
1/1/2015,NLD,138,Netherlands,2015,1,0,0,0,0,0,0,1,0,0,0,0,0,1,1,0
4/1/2015,NLD,138,Netherlands,2015,1,0,0,0,0,0,0,1,0,0,0,0,0,1,1,0
7/1/2015,NLD,138,Netherlands,2015,1,0,0,0,0,0,0,1,0,0,0,0,0,1,1,0
10/1/2015,NLD,138,Netherlands,2015,1,0,0,0,0,0,0,1,0,0,0,0,0,1,1,0
1/1/2016,NLD,138,Netherlands,2016,1,0,0,0,0,0,0,1,0,0,0,0,0,1,1,0
4/1/2016,NLD,138,Netherlands,2016,1,0,0,0,0,0,0,1,0,0,0,0,0,1,1,0
7/1/2016,NLD,138,Netherlands,2016,1,0,0,0,0,0,0,1,0,0,0,0,0,1,1,0
10/1/2016,NLD,138,Netherlands,2016,1,0,0,0,0,0,0,1,0,0,0,0,0,1,1,0
1/1/2017,NLD,138,Netherlands,2017,1,0,0,0,0,0,0,1,0,0,0,0,0,1,1,0
4/1/2017,NLD,138,Netherlands,2017,1,0,0,0,0,0,0,1,0,0,0,0,0,1,1,0
7/1/2017,NLD,138,Netherlands,2017,1,0,0,0,0,0,0,1,0,0,0,0,0,1,1,0
10/1/2017,NLD,138,Netherlands,2017,1,0,0,0,0,0,0,1,0,0,0,0,0,1,1,0
1/1/2018,NLD,138,Netherlands,2018,1,0,0,0,0,0,0,1,0,0,0,0,0,1,1,0
4/1/2018,NLD,138,Netherlands,2018,1,0,0,0,0,0,0,1,0,0,0,0,0,1,1,0
7/1/2018,NLD,138,Netherlands,2018,1,0,0,0,0,0,0,1,0,0,0,0,0,1,1,0
10/1/2018,NLD,138,Netherlands,2018,1,0,0,0,0,0,0,1,0,0,0,0,0,1,1,0
1/1/2019,NLD,138,Netherlands,2019,1,0,0,0,0,0,0,1,0,0,0,0,0,1,1,0
4/1/2019,NLD,138,Netherlands,2019,1,0,0,0,0,0,0,1,0,0,0,0,0,1,1,0
7/1/2019,NLD,138,Netherlands,2019,1,0,0,0,0,0,0,1,0,0,0,0,0,1,1,0
10/1/2019,NLD,138,Netherlands,2019,1,0,0,0,0,0,0,1,0,0,0,0,0,1,1,0
1/1/2020,NLD,138,Netherlands,2020,1,0,0,0,0,0,0,1,0,0,0,0,0,1,1,0
4/1/2020,NLD,138,Netherlands,2020,1,0,0,0,0,0,0,1,0,0,0,0,0,1,1,0
7/1/2020,NLD,138,Netherlands,2020,1,0,0,0,0,0,0,1,0,0,0,0,0,1,1,0
10/1/2020,NLD,138,Netherlands,2020,1,0,0,0,0,0,0,1,0,0,0,0,0,1,1,0
1/1/2021,NLD,138,Netherlands,2021,1,0,0,0,0,0,0,1,0,0,0,0,0,1,1,0
4/1/2021,NLD,138,Netherlands,2021,1,0,0,0,0,0,0,1,0,0,0,0,0,1,1,0
7/1/2021,NLD,138,Netherlands,2021,1,0,0,0,0,0,0,1,0,0,0,0,0,1,1,0
10/1/2021,NLD,138,Netherlands,2021,1,0,0,0,0,0,0,1,0,0,0,0,0,1,1,0
1/1/2022,NLD,138,Netherlands,2022,1,0,0,0,0,0,0,1,0,0,0,0,0,1,1,0
4/1/2022,NLD,138,Netherlands,2022,1,0,0,0,0,0,0,1,0,0,0,0,0,1,1,0
7/1/2022,NLD,138,Netherlands,2022,1,0,0,0,0,0,0,1,0,0,0,0,0,1,1,0
10/1/2022,NLD,138,Netherlands,2022,1,0,0,0,0,0,0,1,0,0,0,0,0,1,1,0
1/1/2023,NLD,138,Netherlands,2023,1,0,0,0,0,0,0,1,0,0,0,0,0,1,1,0
4/1/2023,NLD,138,Netherlands,2023,1,0,0,0,0,0,0,1,0,0,0,0,0,1,1,0
7/1/2023,NLD,138,Netherlands,2023,1,0,0,0,0,0,0,1,0,0,0,0,0,1,1,0
10/1/2023,NLD,138,Netherlands,2023,1,0,0,0,0,0,0,1,0,0,0,0,0,1,1,0
1/1/2024,NLD,138,Netherlands,2024,1,0,0,0,0,0,0,1,0,0,0,0,0,1,1,0
4/1/2024,NLD,138,Netherlands,2024,1,0,0,0,0,0,0,1,0,0,0,0,0,1,1,0
7/1/2024,NLD,138,Netherlands,2024,1,0,0,0,0,0,0,1,0,0,0,0,0,1,1,0
10/1/2024,NLD,138,Netherlands,2024,1,0,0,0,0,0,0,1,0,0,0,0,0,1,1,0
1/1/1975,NOR,142,Norway,1975,1,0,0,0,0,0,0,1,0,0,0,0,0,0,0,0
4/1/1975,NOR,142,Norway,1975,1,0,0,0,0,0,0,1,0,0,0,0,0,0,0,0
7/1/1975,NOR,142,Norway,1975,1,0,0,0,0,0,0,1,0,0,0,0,0,0,0,0
10/1/1975,NOR,142,Norway,1975,1,0,0,0,0,0,0,1,0,0,0,0,0,0,0,0
1/1/1976,NOR,142,Norway,1976,1,0,0,0,0,0,0,1,0,0,0,0,0,0,0,0
4/1/1976,NOR,142,Norway,1976,1,0,0,0,0,0,0,1,0,0,0,0,0,0,0,0
7/1/1976,NOR,142,Norway,1976,1,0,0,0,0,0,0,1,0,0,0,0,0,0,0,0
10/1/1976,NOR,142,Norway,1976,1,0,0,0,0,0,0,1,0,0,0,0,0,0,0,0
1/1/1977,NOR,142,Norway,1977,1,0,0,0,0,0,0,1,0,0,0,0,0,0,0,0
4/1/1977,NOR,142,Norway,1977,1,0,0,0,0,0,0,1,0,0,0,0,0,0,0,0
7/1/1977,NOR,142,Norway,1977,1,0,0,0,0,0,0,1,0,0,0,0,0,0,0,0
10/1/1977,NOR,142,Norway,1977,1,0,0,0,0,0,0,1,0,0,0,0,0,0,0,0
1/1/1978,NOR,142,Norway,1978,1,0,0,0,0,0,0,1,0,0,0,0,0,0,0,0
4/1/1978,NOR,142,Norway,1978,1,0,0,0,0,0,0,1,0,0,0,0,0,0,0,0
7/1/1978,NOR,142,Norway,1978,1,0,0,0,0,0,0,1,0,0,0,0,0,0,0,0
10/1/1978,NOR,142,Norway,1978,1,0,0,0,0,0,0,1,0,0,0,0,0,0,0,0
1/1/1979,NOR,142,Norway,1979,1,0,0,0,0,0,0,1,0,0,0,0,0,0,0,0
4/1/1979,NOR,142,Norway,1979,1,0,0,0,0,0,0,1,0,0,0,0,0,0,0,0
7/1/1979,NOR,142,Norway,1979,1,0,0,0,0,0,0,1,0,0,0,0,0,0,0,0
10/1/1979,NOR,142,Norway,1979,1,0,0,0,0,0,0,1,0,0,0,0,0,0,0,0
1/1/1980,NOR,142,Norway,1980,1,0,0,0,0,0,0,1,0,0,0,0,0,0,0,0
4/1/1980,NOR,142,Norway,1980,1,0,0,0,0,0,0,1,0,0,0,0,0,0,0,0
7/1/1980,NOR,142,Norway,1980,1,0,0,0,0,0,0,1,0,0,0,0,0,0,0,0
10/1/1980,NOR,142,Norway,1980,1,0,0,0,0,0,0,1,0,0,0,0,0,0,0,0
1/1/1981,NOR,142,Norway,1981,1,0,0,0,0,0,0,1,0,0,0,0,0,0,0,0
4/1/1981,NOR,142,Norway,1981,1,0,0,0,0,0,0,1,0,0,0,0,0,0,0,0
7/1/1981,NOR,142,Norway,1981,1,0,0,0,0,0,0,1,0,0,0,0,0,0,0,0
10/1/1981,NOR,142,Norway,1981,1,0,0,0,0,0,0,1,0,0,0,0,0,0,0,0
1/1/1982,NOR,142,Norway,1982,1,0,0,0,0,0,0,1,0,0,0,0,0,0,0,0
4/1/1982,NOR,142,Norway,1982,1,0,0,0,0,0,0,1,0,0,0,0,0,0,0,0
7/1/1982,NOR,142,Norway,1982,1,0,0,0,0,0,0,1,0,0,0,0,0,0,0,0
10/1/1982,NOR,142,Norway,1982,1,0,0,0,0,0,0,1,0,0,0,0,0,0,0,0
1/1/1983,NOR,142,Norway,1983,1,0,0,0,0,0,0,1,0,0,0,0,0,0,0,0
4/1/1983,NOR,142,Norway,1983,1,0,0,0,0,0,0,1,0,0,0,0,0,0,0,0
7/1/1983,NOR,142,Norway,1983,1,0,0,0,0,0,0,1,0,0,0,0,0,0,0,0
10/1/1983,NOR,142,Norway,1983,1,0,0,0,0,0,0,1,0,0,0,0,0,0,0,0
1/1/1984,NOR,142,Norway,1984,1,0,0,0,0,0,0,1,0,0,0,0,0,0,0,0
4/1/1984,NOR,142,Norway,1984,1,0,0,0,0,0,0,1,0,0,0,0,0,0,0,0
7/1/1984,NOR,142,Norway,1984,1,0,0,0,0,0,0,1,0,0,0,0,0,0,0,0
10/1/1984,NOR,142,Norway,1984,1,0,0,0,0,0,0,1,0,0,0,0,0,0,0,0
1/1/1985,NOR,142,Norway,1985,1,0,0,0,0,0,0,1,0,0,0,0,0,0,0,0
4/1/1985,NOR,142,Norway,1985,1,0,0,0,0,0,0,1,0,0,0,0,0,0,0,0
7/1/1985,NOR,142,Norway,1985,1,0,0,0,0,0,0,1,0,0,0,0,0,0,0,0
10/1/1985,NOR,142,Norway,1985,1,0,0,0,0,0,0,1,0,0,0,0,0,0,0,0
1/1/1986,NOR,142,Norway,1986,1,0,0,0,0,0,0,1,0,0,0,0,0,0,0,0
4/1/1986,NOR,142,Norway,1986,1,0,0,0,0,0,0,1,0,0,0,0,0,0,0,0
7/1/1986,NOR,142,Norway,1986,1,0,0,0,0,0,0,1,0,0,0,0,0,0,0,0
10/1/1986,NOR,142,Norway,1986,1,0,0,0,0,0,0,1,0,0,0,0,0,0,0,0
1/1/1987,NOR,142,Norway,1987,1,0,0,0,0,0,0,1,0,0,0,0,0,0,0,0
4/1/1987,NOR,142,Norway,1987,1,0,0,0,0,0,0,1,0,0,0,0,0,0,0,0
7/1/1987,NOR,142,Norway,1987,1,0,0,0,0,0,0,1,0,0,0,0,0,0,0,0
10/1/1987,NOR,142,Norway,1987,1,0,0,0,0,0,0,1,0,0,0,0,0,0,0,0
1/1/1988,NOR,142,Norway,1988,1,0,0,0,0,0,0,1,0,0,0,0,0,0,0,0
4/1/1988,NOR,142,Norway,1988,1,0,0,0,0,0,0,1,0,0,0,0,0,0,0,0
7/1/1988,NOR,142,Norway,1988,1,0,0,0,0,0,0,1,0,0,0,0,0,0,0,0
10/1/1988,NOR,142,Norway,1988,1,0,0,0,0,0,0,1,0,0,0,0,0,0,0,0
1/1/1989,NOR,142,Norway,1989,1,0,0,0,0,0,0,1,0,0,0,0,0,0,0,0
4/1/1989,NOR,142,Norway,1989,1,0,0,0,0,0,0,1,0,0,0,0,0,0,0,0
7/1/1989,NOR,142,Norway,1989,1,0,0,0,0,0,0,1,0,0,0,0,0,0,0,0
10/1/1989,NOR,142,Norway,1989,1,0,0,0,0,0,0,1,0,0,0,0,0,0,0,0
1/1/1990,NOR,142,Norway,1990,1,0,0,0,0,0,0,1,0,0,0,0,0,0,0,0
4/1/1990,NOR,142,Norway,1990,1,0,0,0,0,0,0,1,0,0,0,0,0,0,0,0
7/1/1990,NOR,142,Norway,1990,1,0,0,0,0,0,0,1,0,0,0,0,0,0,0,0
10/1/1990,NOR,142,Norway,1990,1,0,0,0,0,0,0,1,0,0,0,0,0,0,0,0
1/1/1991,NOR,142,Norway,1991,1,0,0,0,0,0,0,1,0,0,0,0,0,0,0,0
4/1/1991,NOR,142,Norway,1991,1,0,0,0,0,0,0,1,0,0,0,0,0,0,0,0
7/1/1991,NOR,142,Norway,1991,1,0,0,0,0,0,0,1,0,0,0,0,0,0,0,0
10/1/1991,NOR,142,Norway,1991,1,0,0,0,0,0,0,1,0,0,0,0,0,0,0,0
1/1/1992,NOR,142,Norway,1992,1,0,0,0,0,0,0,1,0,0,0,0,0,0,0,0
4/1/1992,NOR,142,Norway,1992,1,0,0,0,0,0,0,1,0,0,0,0,0,0,0,0
7/1/1992,NOR,142,Norway,1992,1,0,0,0,0,0,0,1,0,0,0,0,0,0,0,0
10/1/1992,NOR,142,Norway,1992,1,0,0,0,0,0,0,1,0,0,0,0,0,0,0,0
1/1/1993,NOR,142,Norway,1993,1,0,0,0,0,0,0,1,0,0,0,0,0,0,0,0
4/1/1993,NOR,142,Norway,1993,1,0,0,0,0,0,0,1,0,0,0,0,0,0,0,0
7/1/1993,NOR,142,Norway,1993,1,0,0,0,0,0,0,1,0,0,0,0,0,0,0,0
10/1/1993,NOR,142,Norway,1993,1,0,0,0,0,0,0,1,0,0,0,0,0,0,0,0
1/1/1994,NOR,142,Norway,1994,1,0,0,0,0,0,0,1,0,0,0,0,0,0,0,0
4/1/1994,NOR,142,Norway,1994,1,0,0,0,0,0,0,1,0,0,0,0,0,0,0,0
7/1/1994,NOR,142,Norway,1994,1,0,0,0,0,0,0,1,0,0,0,0,0,0,0,0
10/1/1994,NOR,142,Norway,1994,1,0,0,0,0,0,0,1,0,0,0,0,0,0,0,0
1/1/1995,NOR,142,Norway,1995,1,0,0,0,0,0,0,1,0,0,0,0,0,0,0,0
4/1/1995,NOR,142,Norway,1995,1,0,0,0,0,0,0,1,0,0,0,0,0,0,0,0
7/1/1995,NOR,142,Norway,1995,1,0,0,0,0,0,0,1,0,0,0,0,0,0,0,0
10/1/1995,NOR,142,Norway,1995,1,0,0,0,0,0,0,1,0,0,0,0,0,0,0,0
1/1/1996,NOR,142,Norway,1996,1,0,0,0,0,0,0,1,0,0,0,0,0,0,0,0
4/1/1996,NOR,142,Norway,1996,1,0,0,0,0,0,0,1,0,0,0,0,0,0,0,0
7/1/1996,NOR,142,Norway,1996,1,0,0,0,0,0,0,1,0,0,0,0,0,0,0,0
10/1/1996,NOR,142,Norway,1996,1,0,0,0,0,0,0,1,0,0,0,0,0,0,0,0
1/1/1997,NOR,142,Norway,1997,1,0,0,0,0,0,0,1,0,0,0,0,0,0,0,0
4/1/1997,NOR,142,Norway,1997,1,0,0,0,0,0,0,1,0,0,0,0,0,0,0,0
7/1/1997,NOR,142,Norway,1997,1,0,0,0,0,0,0,1,0,0,0,0,0,0,0,0
10/1/1997,NOR,142,Norway,1997,1,0,0,0,0,0,0,1,0,0,0,0,0,0,0,0
1/1/1998,NOR,142,Norway,1998,1,0,0,0,0,0,0,1,0,0,0,0,0,0,0,0
4/1/1998,NOR,142,Norway,1998,1,0,0,0,0,0,0,1,0,0,0,0,0,0,0,0
7/1/1998,NOR,142,Norway,1998,1,0,0,0,0,0,0,1,0,0,0,0,0,0,0,0
10/1/1998,NOR,142,Norway,1998,1,0,0,0,0,0,0,1,0,0,0,0,0,0,0,0
1/1/1999,NOR,142,Norway,1999,1,0,0,0,0,0,0,1,0,0,0,0,0,0,0,0
4/1/1999,NOR,142,Norway,1999,1,0,0,0,0,0,0,1,0,0,0,0,0,0,0,0
7/1/1999,NOR,142,Norway,1999,1,0,0,0,0,0,0,1,0,0,0,0,0,0,0,0
10/1/1999,NOR,142,Norway,1999,1,0,0,0,0,0,0,1,0,0,0,0,0,0,0,0
1/1/2000,NOR,142,Norway,2000,1,0,0,0,0,0,0,1,0,0,0,0,0,0,0,0
4/1/2000,NOR,142,Norway,2000,1,0,0,0,0,0,0,1,0,0,0,0,0,0,0,0
7/1/2000,NOR,142,Norway,2000,1,0,0,0,0,0,0,1,0,0,0,0,0,0,0,0
10/1/2000,NOR,142,Norway,2000,1,0,0,0,0,0,0,1,0,0,0,0,0,0,0,0
1/1/2001,NOR,142,Norway,2001,1,0,0,0,0,0,0,1,0,0,0,0,0,0,0,0
4/1/2001,NOR,142,Norway,2001,1,0,0,0,0,0,0,1,0,0,0,0,0,0,0,0
7/1/2001,NOR,142,Norway,2001,1,0,0,0,0,0,0,1,0,0,0,0,0,0,0,0
10/1/2001,NOR,142,Norway,2001,1,0,0,0,0,0,0,1,0,0,0,0,0,0,0,0
1/1/2002,NOR,142,Norway,2002,1,0,0,0,0,0,0,1,0,0,0,0,0,0,0,0
4/1/2002,NOR,142,Norway,2002,1,0,0,0,0,0,0,1,0,0,0,0,0,0,0,0
7/1/2002,NOR,142,Norway,2002,1,0,0,0,0,0,0,1,0,0,0,0,0,0,0,0
10/1/2002,NOR,142,Norway,2002,1,0,0,0,0,0,0,1,0,0,0,0,0,0,0,0
1/1/2003,NOR,142,Norway,2003,1,0,0,0,0,0,0,1,0,0,0,0,0,0,0,0
4/1/2003,NOR,142,Norway,2003,1,0,0,0,0,0,0,1,0,0,0,0,0,0,0,0
7/1/2003,NOR,142,Norway,2003,1,0,0,0,0,0,0,1,0,0,0,0,0,0,0,0
10/1/2003,NOR,142,Norway,2003,1,0,0,0,0,0,0,1,0,0,0,0,0,0,0,0
1/1/2004,NOR,142,Norway,2004,1,0,0,0,0,0,0,1,0,0,0,0,0,0,0,0
4/1/2004,NOR,142,Norway,2004,1,0,0,0,0,0,0,1,0,0,0,0,0,0,0,0
7/1/2004,NOR,142,Norway,2004,1,0,0,0,0,0,0,1,0,0,0,0,0,0,0,0
10/1/2004,NOR,142,Norway,2004,1,0,0,0,0,0,0,1,0,0,0,0,0,0,0,0
1/1/2005,NOR,142,Norway,2005,1,0,0,0,0,0,0,1,0,0,0,0,0,0,0,0
4/1/2005,NOR,142,Norway,2005,1,0,0,0,0,0,0,1,0,0,0,0,0,0,0,0
7/1/2005,NOR,142,Norway,2005,1,0,0,0,0,0,0,1,0,0,0,0,0,0,0,0
10/1/2005,NOR,142,Norway,2005,1,0,0,0,0,0,0,1,0,0,0,0,0,0,0,0
1/1/2006,NOR,142,Norway,2006,1,0,0,0,0,0,0,1,0,0,0,0,0,0,0,0
4/1/2006,NOR,142,Norway,2006,1,0,0,0,0,0,0,1,0,0,0,0,0,0,0,0
7/1/2006,NOR,142,Norway,2006,1,0,0,0,0,0,0,1,0,0,0,0,0,0,0,0
10/1/2006,NOR,142,Norway,2006,1,0,0,0,0,0,0,1,0,0,0,0,0,0,0,0
1/1/2007,NOR,142,Norway,2007,1,0,0,0,0,0,0,1,0,0,0,0,0,0,0,0
4/1/2007,NOR,142,Norway,2007,1,0,0,0,0,0,0,1,0,0,0,0,0,0,0,0
7/1/2007,NOR,142,Norway,2007,1,0,0,0,0,0,0,1,0,0,0,0,0,0,0,0
10/1/2007,NOR,142,Norway,2007,1,0,0,0,0,0,0,1,0,0,0,0,0,0,0,0
1/1/2008,NOR,142,Norway,2008,1,0,0,0,0,0,0,1,0,0,0,0,0,0,0,0
4/1/2008,NOR,142,Norway,2008,1,0,0,0,0,0,0,1,0,0,0,0,0,0,0,0
7/1/2008,NOR,142,Norway,2008,1,0,0,0,0,0,0,1,0,0,0,0,0,0,0,0
10/1/2008,NOR,142,Norway,2008,1,0,0,0,0,0,0,1,0,0,0,0,0,0,0,0
1/1/2009,NOR,142,Norway,2009,1,0,0,0,0,0,0,1,0,0,0,0,0,0,0,0
4/1/2009,NOR,142,Norway,2009,1,0,0,0,0,0,0,1,0,0,0,0,0,0,0,0
7/1/2009,NOR,142,Norway,2009,1,0,0,0,0,0,0,1,0,0,0,0,0,0,0,0
10/1/2009,NOR,142,Norway,2009,1,0,0,0,0,0,0,1,0,0,0,0,0,0,0,0
1/1/2010,NOR,142,Norway,2010,1,0,0,0,0,0,0,1,0,0,0,0,0,0,0,0
4/1/2010,NOR,142,Norway,2010,1,0,0,0,0,0,0,1,0,0,0,0,0,0,0,0
7/1/2010,NOR,142,Norway,2010,1,0,0,0,0,0,0,1,0,0,0,0,0,0,0,0
10/1/2010,NOR,142,Norway,2010,1,0,0,0,0,0,0,1,0,0,0,0,0,0,0,0
1/1/2011,NOR,142,Norway,2011,1,0,0,0,0,0,0,1,0,0,0,0,0,0,0,0
4/1/2011,NOR,142,Norway,2011,1,0,0,0,0,0,0,1,0,0,0,0,0,0,0,0
7/1/2011,NOR,142,Norway,2011,1,0,0,0,0,0,0,1,0,0,0,0,0,0,0,0
10/1/2011,NOR,142,Norway,2011,1,0,0,0,0,0,0,1,0,0,0,0,0,0,0,0
1/1/2012,NOR,142,Norway,2012,1,0,0,0,0,0,0,1,0,0,0,0,0,0,0,0
4/1/2012,NOR,142,Norway,2012,1,0,0,0,0,0,0,1,0,0,0,0,0,0,0,0
7/1/2012,NOR,142,Norway,2012,1,0,0,0,0,0,0,1,0,0,0,0,0,0,0,0
10/1/2012,NOR,142,Norway,2012,1,0,0,0,0,0,0,1,0,0,0,0,0,0,0,0
1/1/2013,NOR,142,Norway,2013,1,0,0,0,0,0,0,1,0,0,0,0,0,0,0,0
4/1/2013,NOR,142,Norway,2013,1,0,0,0,0,0,0,1,0,0,0,0,0,0,0,0
7/1/2013,NOR,142,Norway,2013,1,0,0,0,0,0,0,1,0,0,0,0,0,0,0,0
10/1/2013,NOR,142,Norway,2013,1,0,0,0,0,0,0,1,0,0,0,0,0,0,0,0
1/1/2014,NOR,142,Norway,2014,1,0,0,0,0,0,0,1,0,0,0,0,0,0,0,0
4/1/2014,NOR,142,Norway,2014,1,0,0,0,0,0,0,1,0,0,0,0,0,0,0,0
7/1/2014,NOR,142,Norway,2014,1,0,0,0,0,0,0,1,0,0,0,0,0,0,0,0
10/1/2014,NOR,142,Norway,2014,1,0,0,0,0,0,0,1,0,0,0,0,0,0,0,0
1/1/2015,NOR,142,Norway,2015,1,0,0,0,0,0,0,1,0,0,0,0,0,0,0,0
4/1/2015,NOR,142,Norway,2015,1,0,0,0,0,0,0,1,0,0,0,0,0,0,0,0
7/1/2015,NOR,142,Norway,2015,1,0,0,0,0,0,0,1,0,0,0,0,0,0,0,0
10/1/2015,NOR,142,Norway,2015,1,0,0,0,0,0,0,1,0,0,0,0,0,0,0,0
1/1/2016,NOR,142,Norway,2016,1,0,0,0,0,0,0,1,0,0,0,0,0,0,0,0
4/1/2016,NOR,142,Norway,2016,1,0,0,0,0,0,0,1,0,0,0,0,0,0,0,0
7/1/2016,NOR,142,Norway,2016,1,0,0,0,0,0,0,1,0,0,0,0,0,0,0,0
10/1/2016,NOR,142,Norway,2016,1,0,0,0,0,0,0,1,0,0,0,0,0,0,0,0
1/1/2017,NOR,142,Norway,2017,1,0,0,0,0,0,0,1,0,0,0,0,0,0,0,0
4/1/2017,NOR,142,Norway,2017,1,0,0,0,0,0,0,1,0,0,0,0,0,0,0,0
7/1/2017,NOR,142,Norway,2017,1,0,0,0,0,0,0,1,0,0,0,0,0,0,0,0
10/1/2017,NOR,142,Norway,2017,1,0,0,0,0,0,0,1,0,0,0,0,0,0,0,0
1/1/2018,NOR,142,Norway,2018,1,0,0,0,0,0,0,1,0,0,0,0,0,0,0,0
4/1/2018,NOR,142,Norway,2018,1,0,0,0,0,0,0,1,0,0,0,0,0,0,0,0
7/1/2018,NOR,142,Norway,2018,1,0,0,0,0,0,0,1,0,0,0,0,0,0,0,0
10/1/2018,NOR,142,Norway,2018,1,0,0,0,0,0,0,1,0,0,0,0,0,0,0,0
1/1/2019,NOR,142,Norway,2019,1,0,0,0,0,0,0,1,0,0,0,0,0,0,0,0
4/1/2019,NOR,142,Norway,2019,1,0,0,0,0,0,0,1,0,0,0,0,0,0,0,0
7/1/2019,NOR,142,Norway,2019,1,0,0,0,0,0,0,1,0,0,0,0,0,0,0,0
10/1/2019,NOR,142,Norway,2019,1,0,0,0,0,0,0,1,0,0,0,0,0,0,0,0
1/1/2020,NOR,142,Norway,2020,1,0,0,0,0,0,0,1,0,0,0,0,0,0,0,0
4/1/2020,NOR,142,Norway,2020,1,0,0,0,0,0,0,1,0,0,0,0,0,0,0,0
7/1/2020,NOR,142,Norway,2020,1,0,0,0,0,0,0,1,0,0,0,0,0,0,0,0
10/1/2020,NOR,142,Norway,2020,1,0,0,0,0,0,0,1,0,0,0,0,0,0,0,0
1/1/2021,NOR,142,Norway,2021,1,0,0,0,0,0,0,1,0,0,0,0,0,0,0,0
4/1/2021,NOR,142,Norway,2021,1,0,0,0,0,0,0,1,0,0,0,0,0,0,0,0
7/1/2021,NOR,142,Norway,2021,1,0,0,0,0,0,0,1,0,0,0,0,0,0,0,0
10/1/2021,NOR,142,Norway,2021,1,0,0,0,0,0,0,1,0,0,0,0,0,0,0,0
1/1/2022,NOR,142,Norway,2022,1,0,0,0,0,0,0,1,0,0,0,0,0,0,0,0
4/1/2022,NOR,142,Norway,2022,1,0,0,0,0,0,0,1,0,0,0,0,0,0,0,0
7/1/2022,NOR,142,Norway,2022,1,0,0,0,0,0,0,1,0,0,0,0,0,0,0,0
10/1/2022,NOR,142,Norway,2022,1,0,0,0,0,0,0,1,0,0,0,0,0,0,0,0
1/1/2023,NOR,142,Norway,2023,1,0,0,0,0,0,0,1,0,0,0,0,0,0,0,0
4/1/2023,NOR,142,Norway,2023,1,0,0,0,0,0,0,1,0,0,0,0,0,0,0,0
7/1/2023,NOR,142,Norway,2023,1,0,0,0,0,0,0,1,0,0,0,0,0,0,0,0
10/1/2023,NOR,142,Norway,2023,1,0,0,0,0,0,0,1,0,0,0,0,0,0,0,0
1/1/2024,NOR,142,Norway,2024,1,0,0,0,0,0,0,1,0,0,0,0,0,0,0,0
4/1/2024,NOR,142,Norway,2024,1,0,0,0,0,0,0,1,0,0,0,0,0,0,0,0
7/1/2024,NOR,142,Norway,2024,1,0,0,0,0,0,0,1,0,0,0,0,0,0,0,0
10/1/2024,NOR,142,Norway,2024,1,0,0,0,0,0,0,1,0,0,0,0,0,0,0,0
1/1/1975,SWE,144,Sweden,1975,1,0,0,0,0,0,0,1,0,0,0,0,0,0,0,0
4/1/1975,SWE,144,Sweden,1975,1,0,0,0,0,0,0,1,0,0,0,0,0,0,0,0
7/1/1975,SWE,144,Sweden,1975,1,0,0,0,0,0,0,1,0,0,0,0,0,0,0,0
10/1/1975,SWE,144,Sweden,1975,1,0,0,0,0,0,0,1,0,0,0,0,0,0,0,0
1/1/1976,SWE,144,Sweden,1976,1,0,0,0,0,0,0,1,0,0,0,0,0,0,0,0
4/1/1976,SWE,144,Sweden,1976,1,0,0,0,0,0,0,1,0,0,0,0,0,0,0,0
7/1/1976,SWE,144,Sweden,1976,1,0,0,0,0,0,0,1,0,0,0,0,0,0,0,0
10/1/1976,SWE,144,Sweden,1976,1,0,0,0,0,0,0,1,0,0,0,0,0,0,0,0
1/1/1977,SWE,144,Sweden,1977,1,0,0,0,0,0,0,1,0,0,0,0,0,0,0,0
4/1/1977,SWE,144,Sweden,1977,1,0,0,0,0,0,0,1,0,0,0,0,0,0,0,0
7/1/1977,SWE,144,Sweden,1977,1,0,0,0,0,0,0,1,0,0,0,0,0,0,0,0
10/1/1977,SWE,144,Sweden,1977,1,0,0,0,0,0,0,1,0,0,0,0,0,0,0,0
1/1/1978,SWE,144,Sweden,1978,1,0,0,0,0,0,0,1,0,0,0,0,0,0,0,0
4/1/1978,SWE,144,Sweden,1978,1,0,0,0,0,0,0,1,0,0,0,0,0,0,0,0
7/1/1978,SWE,144,Sweden,1978,1,0,0,0,0,0,0,1,0,0,0,0,0,0,0,0
10/1/1978,SWE,144,Sweden,1978,1,0,0,0,0,0,0,1,0,0,0,0,0,0,0,0
1/1/1979,SWE,144,Sweden,1979,1,0,0,0,0,0,0,1,0,0,0,0,0,0,0,0
4/1/1979,SWE,144,Sweden,1979,1,0,0,0,0,0,0,1,0,0,0,0,0,0,0,0
7/1/1979,SWE,144,Sweden,1979,1,0,0,0,0,0,0,1,0,0,0,0,0,0,0,0
10/1/1979,SWE,144,Sweden,1979,1,0,0,0,0,0,0,1,0,0,0,0,0,0,0,0
1/1/1980,SWE,144,Sweden,1980,1,0,0,0,0,0,0,1,0,0,0,0,0,0,0,0
4/1/1980,SWE,144,Sweden,1980,1,0,0,0,0,0,0,1,0,0,0,0,0,0,0,0
7/1/1980,SWE,144,Sweden,1980,1,0,0,0,0,0,0,1,0,0,0,0,0,0,0,0
10/1/1980,SWE,144,Sweden,1980,1,0,0,0,0,0,0,1,0,0,0,0,0,0,0,0
1/1/1981,SWE,144,Sweden,1981,1,0,0,0,0,0,0,1,0,0,0,0,0,0,0,0
4/1/1981,SWE,144,Sweden,1981,1,0,0,0,0,0,0,1,0,0,0,0,0,0,0,0
7/1/1981,SWE,144,Sweden,1981,1,0,0,0,0,0,0,1,0,0,0,0,0,0,0,0
10/1/1981,SWE,144,Sweden,1981,1,0,0,0,0,0,0,1,0,0,0,0,0,0,0,0
1/1/1982,SWE,144,Sweden,1982,1,0,0,0,0,0,0,1,0,0,0,0,0,0,0,0
4/1/1982,SWE,144,Sweden,1982,1,0,0,0,0,0,0,1,0,0,0,0,0,0,0,0
7/1/1982,SWE,144,Sweden,1982,1,0,0,0,0,0,0,1,0,0,0,0,0,0,0,0
10/1/1982,SWE,144,Sweden,1982,1,0,0,0,0,0,0,1,0,0,0,0,0,0,0,0
1/1/1983,SWE,144,Sweden,1983,1,0,0,0,0,0,0,1,0,0,0,0,0,0,0,0
4/1/1983,SWE,144,Sweden,1983,1,0,0,0,0,0,0,1,0,0,0,0,0,0,0,0
7/1/1983,SWE,144,Sweden,1983,1,0,0,0,0,0,0,1,0,0,0,0,0,0,0,0
10/1/1983,SWE,144,Sweden,1983,1,0,0,0,0,0,0,1,0,0,0,0,0,0,0,0
1/1/1984,SWE,144,Sweden,1984,1,0,0,0,0,0,0,1,0,0,0,0,0,0,0,0
4/1/1984,SWE,144,Sweden,1984,1,0,0,0,0,0,0,1,0,0,0,0,0,0,0,0
7/1/1984,SWE,144,Sweden,1984,1,0,0,0,0,0,0,1,0,0,0,0,0,0,0,0
10/1/1984,SWE,144,Sweden,1984,1,0,0,0,0,0,0,1,0,0,0,0,0,0,0,0
1/1/1985,SWE,144,Sweden,1985,1,0,0,0,0,0,0,1,0,0,0,0,0,0,0,0
4/1/1985,SWE,144,Sweden,1985,1,0,0,0,0,0,0,1,0,0,0,0,0,0,0,0
7/1/1985,SWE,144,Sweden,1985,1,0,0,0,0,0,0,1,0,0,0,0,0,0,0,0
10/1/1985,SWE,144,Sweden,1985,1,0,0,0,0,0,0,1,0,0,0,0,0,0,0,0
1/1/1986,SWE,144,Sweden,1986,1,0,0,0,0,0,0,1,0,0,0,0,0,0,0,0
4/1/1986,SWE,144,Sweden,1986,1,0,0,0,0,0,0,1,0,0,0,0,0,0,0,0
7/1/1986,SWE,144,Sweden,1986,1,0,0,0,0,0,0,1,0,0,0,0,0,0,0,0
10/1/1986,SWE,144,Sweden,1986,1,0,0,0,0,0,0,1,0,0,0,0,0,0,0,0
1/1/1987,SWE,144,Sweden,1987,1,0,0,0,0,0,0,1,0,0,0,0,0,0,0,0
4/1/1987,SWE,144,Sweden,1987,1,0,0,0,0,0,0,1,0,0,0,0,0,0,0,0
7/1/1987,SWE,144,Sweden,1987,1,0,0,0,0,0,0,1,0,0,0,0,0,0,0,0
10/1/1987,SWE,144,Sweden,1987,1,0,0,0,0,0,0,1,0,0,0,0,0,0,0,0
1/1/1988,SWE,144,Sweden,1988,1,0,0,0,0,0,0,1,0,0,0,0,0,0,0,0
4/1/1988,SWE,144,Sweden,1988,1,0,0,0,0,0,0,1,0,0,0,0,0,0,0,0
7/1/1988,SWE,144,Sweden,1988,1,0,0,0,0,0,0,1,0,0,0,0,0,0,0,0
10/1/1988,SWE,144,Sweden,1988,1,0,0,0,0,0,0,1,0,0,0,0,0,0,0,0
1/1/1989,SWE,144,Sweden,1989,1,0,0,0,0,0,0,1,0,0,0,0,0,0,0,0
4/1/1989,SWE,144,Sweden,1989,1,0,0,0,0,0,0,1,0,0,0,0,0,0,0,0
7/1/1989,SWE,144,Sweden,1989,1,0,0,0,0,0,0,1,0,0,0,0,0,0,0,0
10/1/1989,SWE,144,Sweden,1989,1,0,0,0,0,0,0,1,0,0,0,0,0,0,0,0
1/1/1990,SWE,144,Sweden,1990,1,0,0,0,0,0,0,1,0,0,0,0,0,0,0,0
4/1/1990,SWE,144,Sweden,1990,1,0,0,0,0,0,0,1,0,0,0,0,0,0,0,0
7/1/1990,SWE,144,Sweden,1990,1,0,0,0,0,0,0,1,0,0,0,0,0,0,0,0
10/1/1990,SWE,144,Sweden,1990,1,0,0,0,0,0,0,1,0,0,0,0,0,0,0,0
1/1/1991,SWE,144,Sweden,1991,1,0,0,0,0,0,0,1,0,0,0,0,0,0,0,0
4/1/1991,SWE,144,Sweden,1991,1,0,0,0,0,0,0,1,0,0,0,0,0,0,0,0
7/1/1991,SWE,144,Sweden,1991,1,0,0,0,0,0,0,1,0,0,0,0,0,0,0,0
10/1/1991,SWE,144,Sweden,1991,1,0,0,0,0,0,0,1,0,0,0,0,0,0,0,0
1/1/1992,SWE,144,Sweden,1992,1,0,0,0,0,0,0,1,0,0,0,0,0,0,0,0
4/1/1992,SWE,144,Sweden,1992,1,0,0,0,0,0,0,1,0,0,0,0,0,0,0,0
7/1/1992,SWE,144,Sweden,1992,1,0,0,0,0,0,0,1,0,0,0,0,0,0,0,0
10/1/1992,SWE,144,Sweden,1992,1,0,0,0,0,0,0,1,0,0,0,0,0,0,0,0
1/1/1993,SWE,144,Sweden,1993,1,0,0,0,0,0,0,1,0,0,0,0,0,0,0,0
4/1/1993,SWE,144,Sweden,1993,1,0,0,0,0,0,0,1,0,0,0,0,0,0,0,0
7/1/1993,SWE,144,Sweden,1993,1,0,0,0,0,0,0,1,0,0,0,0,0,0,0,0
10/1/1993,SWE,144,Sweden,1993,1,0,0,0,0,0,0,1,0,0,0,0,0,0,0,0
1/1/1994,SWE,144,Sweden,1994,1,0,0,0,0,0,0,1,0,0,0,0,0,0,0,0
4/1/1994,SWE,144,Sweden,1994,1,0,0,0,0,0,0,1,0,0,0,0,0,0,0,0
7/1/1994,SWE,144,Sweden,1994,1,0,0,0,0,0,0,1,0,0,0,0,0,0,0,0
10/1/1994,SWE,144,Sweden,1994,1,0,0,0,0,0,0,1,0,0,0,0,0,0,0,0
1/1/1995,SWE,144,Sweden,1995,1,0,0,0,0,0,0,1,0,0,0,0,0,0,0,0
4/1/1995,SWE,144,Sweden,1995,1,0,0,0,0,0,0,1,0,0,0,0,0,0,0,0
7/1/1995,SWE,144,Sweden,1995,1,0,0,0,0,0,0,1,0,0,0,0,0,0,0,0
10/1/1995,SWE,144,Sweden,1995,1,0,0,0,0,0,0,1,0,0,0,0,0,0,0,0
1/1/1996,SWE,144,Sweden,1996,1,0,0,0,0,0,0,1,0,0,0,0,0,0,0,0
4/1/1996,SWE,144,Sweden,1996,1,0,0,0,0,0,0,1,0,0,0,0,0,0,0,0
7/1/1996,SWE,144,Sweden,1996,1,0,0,0,0,0,0,1,0,0,0,0,0,0,0,0
10/1/1996,SWE,144,Sweden,1996,1,0,0,0,0,0,0,1,0,0,0,0,0,0,0,0
1/1/1997,SWE,144,Sweden,1997,1,0,0,0,0,0,0,1,0,0,0,0,0,0,0,0
4/1/1997,SWE,144,Sweden,1997,1,0,0,0,0,0,0,1,0,0,0,0,0,0,0,0
7/1/1997,SWE,144,Sweden,1997,1,0,0,0,0,0,0,1,0,0,0,0,0,0,0,0
10/1/1997,SWE,144,Sweden,1997,1,0,0,0,0,0,0,1,0,0,0,0,0,0,0,0
1/1/1998,SWE,144,Sweden,1998,1,0,0,0,0,0,0,1,0,0,0,0,0,0,0,0
4/1/1998,SWE,144,Sweden,1998,1,0,0,0,0,0,0,1,0,0,0,0,0,0,0,0
7/1/1998,SWE,144,Sweden,1998,1,0,0,0,0,0,0,1,0,0,0,0,0,0,0,0
10/1/1998,SWE,144,Sweden,1998,1,0,0,0,0,0,0,1,0,0,0,0,0,0,0,0
1/1/1999,SWE,144,Sweden,1999,1,0,0,0,0,0,0,1,0,0,0,0,0,0,0,0
4/1/1999,SWE,144,Sweden,1999,1,0,0,0,0,0,0,1,0,0,0,0,0,0,0,0
7/1/1999,SWE,144,Sweden,1999,1,0,0,0,0,0,0,1,0,0,0,0,0,0,0,0
10/1/1999,SWE,144,Sweden,1999,1,0,0,0,0,0,0,1,0,0,0,0,0,0,0,0
1/1/2000,SWE,144,Sweden,2000,1,0,0,0,0,0,0,1,0,0,0,0,0,0,0,0
4/1/2000,SWE,144,Sweden,2000,1,0,0,0,0,0,0,1,0,0,0,0,0,0,0,0
7/1/2000,SWE,144,Sweden,2000,1,0,0,0,0,0,0,1,0,0,0,0,0,0,0,0
10/1/2000,SWE,144,Sweden,2000,1,0,0,0,0,0,0,1,0,0,0,0,0,0,0,0
1/1/2001,SWE,144,Sweden,2001,1,0,0,0,0,0,0,1,0,0,0,0,0,0,0,0
4/1/2001,SWE,144,Sweden,2001,1,0,0,0,0,0,0,1,0,0,0,0,0,0,0,0
7/1/2001,SWE,144,Sweden,2001,1,0,0,0,0,0,0,1,0,0,0,0,0,0,0,0
10/1/2001,SWE,144,Sweden,2001,1,0,0,0,0,0,0,1,0,0,0,0,0,0,0,0
1/1/2002,SWE,144,Sweden,2002,1,0,0,0,0,0,0,1,0,0,0,0,0,0,0,0
4/1/2002,SWE,144,Sweden,2002,1,0,0,0,0,0,0,1,0,0,0,0,0,0,0,0
7/1/2002,SWE,144,Sweden,2002,1,0,0,0,0,0,0,1,0,0,0,0,0,0,0,0
10/1/2002,SWE,144,Sweden,2002,1,0,0,0,0,0,0,1,0,0,0,0,0,0,0,0
1/1/2003,SWE,144,Sweden,2003,1,0,0,0,0,0,0,1,0,0,0,0,0,0,0,0
4/1/2003,SWE,144,Sweden,2003,1,0,0,0,0,0,0,1,0,0,0,0,0,0,0,0
7/1/2003,SWE,144,Sweden,2003,1,0,0,0,0,0,0,1,0,0,0,0,0,0,0,0
10/1/2003,SWE,144,Sweden,2003,1,0,0,0,0,0,0,1,0,0,0,0,0,0,0,0
1/1/2004,SWE,144,Sweden,2004,1,0,0,0,0,0,0,1,0,0,0,0,0,0,0,0
4/1/2004,SWE,144,Sweden,2004,1,0,0,0,0,0,0,1,0,0,0,0,0,0,0,0
7/1/2004,SWE,144,Sweden,2004,1,0,0,0,0,0,0,1,0,0,0,0,0,0,0,0
10/1/2004,SWE,144,Sweden,2004,1,0,0,0,0,0,0,1,0,0,0,0,0,0,0,0
1/1/2005,SWE,144,Sweden,2005,1,0,0,0,0,0,0,1,0,0,0,0,0,0,0,0
4/1/2005,SWE,144,Sweden,2005,1,0,0,0,0,0,0,1,0,0,0,0,0,0,0,0
7/1/2005,SWE,144,Sweden,2005,1,0,0,0,0,0,0,1,0,0,0,0,0,0,0,0
10/1/2005,SWE,144,Sweden,2005,1,0,0,0,0,0,0,1,0,0,0,0,0,0,0,0
1/1/2006,SWE,144,Sweden,2006,1,0,0,0,0,0,0,1,0,0,0,0,0,0,0,0
4/1/2006,SWE,144,Sweden,2006,1,0,0,0,0,0,0,1,0,0,0,0,0,0,0,0
7/1/2006,SWE,144,Sweden,2006,1,0,0,0,0,0,0,1,0,0,0,0,0,0,0,0
10/1/2006,SWE,144,Sweden,2006,1,0,0,0,0,0,0,1,0,0,0,0,0,0,0,0
1/1/2007,SWE,144,Sweden,2007,1,0,0,0,0,0,0,1,0,0,0,0,0,0,0,0
4/1/2007,SWE,144,Sweden,2007,1,0,0,0,0,0,0,1,0,0,0,0,0,0,0,0
7/1/2007,SWE,144,Sweden,2007,1,0,0,0,0,0,0,1,0,0,0,0,0,0,0,0
10/1/2007,SWE,144,Sweden,2007,1,0,0,0,0,0,0,1,0,0,0,0,0,0,0,0
1/1/2008,SWE,144,Sweden,2008,1,0,0,0,0,0,0,1,0,0,0,0,0,0,0,0
4/1/2008,SWE,144,Sweden,2008,1,0,0,0,0,0,0,1,0,0,0,0,0,0,0,0
7/1/2008,SWE,144,Sweden,2008,1,0,0,0,0,0,0,1,0,0,0,0,0,0,0,0
10/1/2008,SWE,144,Sweden,2008,1,0,0,0,0,0,0,1,0,0,0,0,0,0,0,0
1/1/2009,SWE,144,Sweden,2009,1,0,0,0,0,0,0,1,0,0,0,0,0,0,0,0
4/1/2009,SWE,144,Sweden,2009,1,0,0,0,0,0,0,1,0,0,0,0,0,0,0,0
7/1/2009,SWE,144,Sweden,2009,1,0,0,0,0,0,0,1,0,0,0,0,0,0,0,0
10/1/2009,SWE,144,Sweden,2009,1,0,0,0,0,0,0,1,0,0,0,0,0,0,0,0
1/1/2010,SWE,144,Sweden,2010,1,0,0,0,0,0,0,1,0,0,0,0,0,0,0,0
4/1/2010,SWE,144,Sweden,2010,1,0,0,0,0,0,0,1,0,0,0,0,0,0,0,0
7/1/2010,SWE,144,Sweden,2010,1,0,0,0,0,0,0,1,0,0,0,0,0,0,0,0
10/1/2010,SWE,144,Sweden,2010,1,0,0,0,0,0,0,1,0,0,0,0,0,0,0,0
1/1/2011,SWE,144,Sweden,2011,1,0,0,0,0,0,0,1,0,0,0,0,0,0,0,0
4/1/2011,SWE,144,Sweden,2011,1,0,0,0,0,0,0,1,0,0,0,0,0,0,0,0
7/1/2011,SWE,144,Sweden,2011,1,0,0,0,0,0,0,1,0,0,0,0,0,0,0,0
10/1/2011,SWE,144,Sweden,2011,1,0,0,0,0,0,0,1,0,0,0,0,0,0,0,0
1/1/2012,SWE,144,Sweden,2012,1,0,0,0,0,0,0,1,0,0,0,0,0,0,0,0
4/1/2012,SWE,144,Sweden,2012,1,0,0,0,0,0,0,1,0,0,0,0,0,0,0,0
7/1/2012,SWE,144,Sweden,2012,1,0,0,0,0,0,0,1,0,0,0,0,0,0,0,0
10/1/2012,SWE,144,Sweden,2012,1,0,0,0,0,0,0,1,0,0,0,0,0,0,0,0
1/1/2013,SWE,144,Sweden,2013,1,0,0,0,0,0,0,1,0,0,0,0,0,0,0,0
4/1/2013,SWE,144,Sweden,2013,1,0,0,0,0,0,0,1,0,0,0,0,0,0,0,0
7/1/2013,SWE,144,Sweden,2013,1,0,0,0,0,0,0,1,0,0,0,0,0,0,0,0
10/1/2013,SWE,144,Sweden,2013,1,0,0,0,0,0,0,1,0,0,0,0,0,0,0,0
1/1/2014,SWE,144,Sweden,2014,1,0,0,0,0,0,0,1,0,0,0,0,0,0,0,0
4/1/2014,SWE,144,Sweden,2014,1,0,0,0,0,0,0,1,0,0,0,0,0,0,0,0
7/1/2014,SWE,144,Sweden,2014,1,0,0,0,0,0,0,1,0,0,0,0,0,0,0,0
10/1/2014,SWE,144,Sweden,2014,1,0,0,0,0,0,0,1,0,0,0,0,0,0,0,0
1/1/2015,SWE,144,Sweden,2015,1,0,0,0,0,0,0,1,0,0,0,0,0,0,0,0
4/1/2015,SWE,144,Sweden,2015,1,0,0,0,0,0,0,1,0,0,0,0,0,0,0,0
7/1/2015,SWE,144,Sweden,2015,1,0,0,0,0,0,0,1,0,0,0,0,0,0,0,0
10/1/2015,SWE,144,Sweden,2015,1,0,0,0,0,0,0,1,0,0,0,0,0,0,0,0
1/1/2016,SWE,144,Sweden,2016,1,0,0,0,0,0,0,1,0,0,0,0,0,0,0,0
4/1/2016,SWE,144,Sweden,2016,1,0,0,0,0,0,0,1,0,0,0,0,0,0,0,0
7/1/2016,SWE,144,Sweden,2016,1,0,0,0,0,0,0,1,0,0,0,0,0,0,0,0
10/1/2016,SWE,144,Sweden,2016,1,0,0,0,0,0,0,1,0,0,0,0,0,0,0,0
1/1/2017,SWE,144,Sweden,2017,1,0,0,0,0,0,0,1,0,0,0,0,0,0,0,0
4/1/2017,SWE,144,Sweden,2017,1,0,0,0,0,0,0,1,0,0,0,0,0,0,0,0
7/1/2017,SWE,144,Sweden,2017,1,0,0,0,0,0,0,1,0,0,0,0,0,0,0,0
10/1/2017,SWE,144,Sweden,2017,1,0,0,0,0,0,0,1,0,0,0,0,0,0,0,0
1/1/2018,SWE,144,Sweden,2018,1,0,0,0,0,0,0,1,0,0,0,0,0,0,0,0
4/1/2018,SWE,144,Sweden,2018,1,0,0,0,0,0,0,1,0,0,0,0,0,0,0,0
7/1/2018,SWE,144,Sweden,2018,1,0,0,0,0,0,0,1,0,0,0,0,0,0,0,0
10/1/2018,SWE,144,Sweden,2018,1,0,0,0,0,0,0,1,0,0,0,0,0,0,0,0
1/1/2019,SWE,144,Sweden,2019,1,0,0,0,0,0,0,1,0,0,0,0,0,0,0,0
4/1/2019,SWE,144,Sweden,2019,1,0,0,0,0,0,0,1,0,0,0,0,0,0,0,0
7/1/2019,SWE,144,Sweden,2019,1,0,0,0,0,0,0,1,0,0,0,0,0,0,0,0
10/1/2019,SWE,144,Sweden,2019,1,0,0,0,0,0,0,1,0,0,0,0,0,0,0,0
1/1/2020,SWE,144,Sweden,2020,1,0,0,0,0,0,0,1,0,0,0,0,0,0,0,0
4/1/2020,SWE,144,Sweden,2020,1,0,0,0,0,0,0,1,0,0,0,0,0,0,0,0
7/1/2020,SWE,144,Sweden,2020,1,0,0,0,0,0,0,1,0,0,0,0,0,0,0,0
10/1/2020,SWE,144,Sweden,2020,1,0,0,0,0,0,0,1,0,0,0,0,0,0,0,0
1/1/2021,SWE,144,Sweden,2021,1,0,0,0,0,0,0,1,0,0,0,0,0,0,0,0
4/1/2021,SWE,144,Sweden,2021,1,0,0,0,0,0,0,1,0,0,0,0,0,0,0,0
7/1/2021,SWE,144,Sweden,2021,1,0,0,0,0,0,0,1,0,0,0,0,0,0,0,0
10/1/2021,SWE,144,Sweden,2021,1,0,0,0,0,0,0,1,0,0,0,0,0,0,0,0
1/1/2022,SWE,144,Sweden,2022,1,0,0,0,0,0,0,1,0,0,0,0,0,0,0,0
4/1/2022,SWE,144,Sweden,2022,1,0,0,0,0,0,0,1,0,0,0,0,0,0,0,0
7/1/2022,SWE,144,Sweden,2022,1,0,0,0,0,0,0,1,0,0,0,0,0,0,0,0
10/1/2022,SWE,144,Sweden,2022,1,0,0,0,0,0,0,1,0,0,0,0,0,0,0,0
1/1/2023,SWE,144,Sweden,2023,1,0,0,0,0,0,0,1,0,0,0,0,0,0,0,0
4/1/2023,SWE,144,Sweden,2023,1,0,0,0,0,0,0,1,0,0,0,0,0,0,0,0
7/1/2023,SWE,144,Sweden,2023,1,0,0,0,0,0,0,1,0,0,0,0,0,0,0,0
10/1/2023,SWE,144,Sweden,2023,1,0,0,0,0,0,0,1,0,0,0,0,0,0,0,0
1/1/2024,SWE,144,Sweden,2024,1,0,0,0,0,0,0,1,0,0,0,0,0,0,0,0
4/1/2024,SWE,144,Sweden,2024,1,0,0,0,0,0,0,1,0,0,0,0,0,0,0,0
7/1/2024,SWE,144,Sweden,2024,1,0,0,0,0,0,0,1,0,0,0,0,0,0,0,0
10/1/2024,SWE,144,Sweden,2024,1,0,0,0,0,0,0,1,0,0,0,0,0,0,0,0
1/1/1972,CHE,146,Switzerland,1972,1,0,0,0,0,0,0,1,0,0,0,0,0,1,0,0
4/1/1972,CHE,146,Switzerland,1972,1,0,0,0,0,0,0,1,0,0,0,0,0,1,0,0
7/1/1972,CHE,146,Switzerland,1972,1,0,0,0,0,0,0,1,0,0,0,0,0,1,0,0
10/1/1972,CHE,146,Switzerland,1972,1,0,0,0,0,0,0,1,0,0,0,0,0,1,0,0
1/1/1973,CHE,146,Switzerland,1973,1,0,0,0,0,0,0,1,0,0,0,0,0,1,0,0
4/1/1973,CHE,146,Switzerland,1973,1,0,0,0,0,0,0,1,0,0,0,0,0,1,0,0
7/1/1973,CHE,146,Switzerland,1973,1,0,0,0,0,0,0,1,0,0,0,0,0,1,0,0
10/1/1973,CHE,146,Switzerland,1973,1,0,0,0,0,0,0,1,0,0,0,0,0,1,0,0
1/1/1974,CHE,146,Switzerland,1974,1,0,0,0,0,0,0,1,0,0,0,0,0,1,0,0
4/1/1974,CHE,146,Switzerland,1974,1,0,0,0,0,0,0,1,0,0,0,0,0,1,0,0
7/1/1974,CHE,146,Switzerland,1974,1,0,0,0,0,0,0,1,0,0,0,0,0,1,0,0
10/1/1974,CHE,146,Switzerland,1974,1,0,0,0,0,0,0,1,0,0,0,0,0,1,0,0
1/1/1975,CHE,146,Switzerland,1975,1,0,0,0,0,0,0,1,0,0,0,0,0,1,0,0
4/1/1975,CHE,146,Switzerland,1975,1,0,0,0,0,0,0,1,0,0,0,0,0,1,0,0
7/1/1975,CHE,146,Switzerland,1975,1,0,0,0,0,0,0,1,0,0,0,0,0,1,0,0
10/1/1975,CHE,146,Switzerland,1975,1,0,0,0,0,0,0,1,0,0,0,0,0,1,0,0
1/1/1976,CHE,146,Switzerland,1976,1,0,0,0,0,0,0,1,0,0,0,0,0,1,0,0
4/1/1976,CHE,146,Switzerland,1976,1,0,0,0,0,0,0,1,0,0,0,0,0,1,0,0
7/1/1976,CHE,146,Switzerland,1976,1,0,0,0,0,0,0,1,0,0,0,0,0,1,0,0
10/1/1976,CHE,146,Switzerland,1976,1,0,0,0,0,0,0,1,0,0,0,0,0,1,0,0
1/1/1977,CHE,146,Switzerland,1977,1,0,0,0,0,0,0,1,0,0,0,0,0,1,0,0
4/1/1977,CHE,146,Switzerland,1977,1,0,0,0,0,0,0,1,0,0,0,0,0,1,0,0
7/1/1977,CHE,146,Switzerland,1977,1,0,0,0,0,0,0,1,0,0,0,0,0,1,0,0
10/1/1977,CHE,146,Switzerland,1977,1,0,0,0,0,0,0,1,0,0,0,0,0,1,0,0
1/1/1978,CHE,146,Switzerland,1978,1,0,0,0,0,0,0,1,0,0,0,0,0,1,0,0
4/1/1978,CHE,146,Switzerland,1978,1,0,0,0,0,0,0,1,0,0,0,0,0,1,0,0
7/1/1978,CHE,146,Switzerland,1978,1,0,0,0,0,0,0,1,0,0,0,0,0,1,0,0
10/1/1978,CHE,146,Switzerland,1978,1,0,0,0,0,0,0,1,0,0,0,0,0,1,0,0
1/1/1979,CHE,146,Switzerland,1979,1,0,0,0,0,0,0,1,0,0,0,0,0,1,0,0
4/1/1979,CHE,146,Switzerland,1979,1,0,0,0,0,0,0,1,0,0,0,0,0,1,0,0
7/1/1979,CHE,146,Switzerland,1979,1,0,0,0,0,0,0,1,0,0,0,0,0,1,0,0
10/1/1979,CHE,146,Switzerland,1979,1,0,0,0,0,0,0,1,0,0,0,0,0,1,0,0
1/1/1980,CHE,146,Switzerland,1980,1,0,0,0,0,0,0,1,0,0,0,0,0,1,0,0
4/1/1980,CHE,146,Switzerland,1980,1,0,0,0,0,0,0,1,0,0,0,0,0,1,0,0
7/1/1980,CHE,146,Switzerland,1980,1,0,0,0,0,0,0,1,0,0,0,0,0,1,0,0
10/1/1980,CHE,146,Switzerland,1980,1,0,0,0,0,0,0,1,0,0,0,0,0,1,0,0
1/1/1981,CHE,146,Switzerland,1981,1,0,0,0,0,0,0,1,0,0,0,0,0,1,0,0
4/1/1981,CHE,146,Switzerland,1981,1,0,0,0,0,0,0,1,0,0,0,0,0,1,0,0
7/1/1981,CHE,146,Switzerland,1981,1,0,0,0,0,0,0,1,0,0,0,0,0,1,0,0
10/1/1981,CHE,146,Switzerland,1981,1,0,0,0,0,0,0,1,0,0,0,0,0,1,0,0
1/1/1982,CHE,146,Switzerland,1982,1,0,0,0,0,0,0,1,0,0,0,0,0,1,0,0
4/1/1982,CHE,146,Switzerland,1982,1,0,0,0,0,0,0,1,0,0,0,0,0,1,0,0
7/1/1982,CHE,146,Switzerland,1982,1,0,0,0,0,0,0,1,0,0,0,0,0,1,0,0
10/1/1982,CHE,146,Switzerland,1982,1,0,0,0,0,0,0,1,0,0,0,0,0,1,0,0
1/1/1983,CHE,146,Switzerland,1983,1,0,0,0,0,0,0,1,0,0,0,0,0,1,0,0
4/1/1983,CHE,146,Switzerland,1983,1,0,0,0,0,0,0,1,0,0,0,0,0,1,0,0
7/1/1983,CHE,146,Switzerland,1983,1,0,0,0,0,0,0,1,0,0,0,0,0,1,0,0
10/1/1983,CHE,146,Switzerland,1983,1,0,0,0,0,0,0,1,0,0,0,0,0,1,0,0
1/1/1984,CHE,146,Switzerland,1984,1,0,0,0,0,0,0,1,0,0,0,0,0,1,0,0
4/1/1984,CHE,146,Switzerland,1984,1,0,0,0,0,0,0,1,0,0,0,0,0,1,0,0
7/1/1984,CHE,146,Switzerland,1984,1,0,0,0,0,0,0,1,0,0,0,0,0,1,0,0
10/1/1984,CHE,146,Switzerland,1984,1,0,0,0,0,0,0,1,0,0,0,0,0,1,0,0
1/1/1985,CHE,146,Switzerland,1985,1,0,0,0,0,0,0,1,0,0,0,0,0,1,0,0
4/1/1985,CHE,146,Switzerland,1985,1,0,0,0,0,0,0,1,0,0,0,0,0,1,0,0
7/1/1985,CHE,146,Switzerland,1985,1,0,0,0,0,0,0,1,0,0,0,0,0,1,0,0
10/1/1985,CHE,146,Switzerland,1985,1,0,0,0,0,0,0,1,0,0,0,0,0,1,0,0
1/1/1986,CHE,146,Switzerland,1986,1,0,0,0,0,0,0,1,0,0,0,0,0,1,0,0
4/1/1986,CHE,146,Switzerland,1986,1,0,0,0,0,0,0,1,0,0,0,0,0,1,0,0
7/1/1986,CHE,146,Switzerland,1986,1,0,0,0,0,0,0,1,0,0,0,0,0,1,0,0
10/1/1986,CHE,146,Switzerland,1986,1,0,0,0,0,0,0,1,0,0,0,0,0,1,0,0
1/1/1987,CHE,146,Switzerland,1987,1,0,0,0,0,0,0,1,0,0,0,0,0,1,0,0
4/1/1987,CHE,146,Switzerland,1987,1,0,0,0,0,0,0,1,0,0,0,0,0,1,0,0
7/1/1987,CHE,146,Switzerland,1987,1,0,0,0,0,0,0,1,0,0,0,0,0,1,0,0
10/1/1987,CHE,146,Switzerland,1987,1,0,0,0,0,0,0,1,0,0,0,0,0,1,0,0
1/1/1988,CHE,146,Switzerland,1988,1,0,0,0,0,0,0,1,0,0,0,0,0,1,0,0
4/1/1988,CHE,146,Switzerland,1988,1,0,0,0,0,0,0,1,0,0,0,0,0,1,0,0
7/1/1988,CHE,146,Switzerland,1988,1,0,0,0,0,0,0,1,0,0,0,0,0,1,0,0
10/1/1988,CHE,146,Switzerland,1988,1,0,0,0,0,0,0,1,0,0,0,0,0,1,0,0
1/1/1989,CHE,146,Switzerland,1989,1,0,0,0,0,0,0,1,0,0,0,0,0,1,0,0
4/1/1989,CHE,146,Switzerland,1989,1,0,0,0,0,0,0,1,0,0,0,0,0,1,0,0
7/1/1989,CHE,146,Switzerland,1989,1,0,0,0,0,0,0,1,0,0,0,0,0,1,0,0
10/1/1989,CHE,146,Switzerland,1989,1,0,0,0,0,0,0,1,0,0,0,0,0,1,0,0
1/1/1990,CHE,146,Switzerland,1990,1,0,0,0,0,0,0,1,0,0,0,0,0,1,0,0
4/1/1990,CHE,146,Switzerland,1990,1,0,0,0,0,0,0,1,0,0,0,0,0,1,0,0
7/1/1990,CHE,146,Switzerland,1990,1,0,0,0,0,0,0,1,0,0,0,0,0,1,0,0
10/1/1990,CHE,146,Switzerland,1990,1,0,0,0,0,0,0,1,0,0,0,0,0,1,0,0
1/1/1991,CHE,146,Switzerland,1991,1,0,0,0,0,0,0,1,0,0,0,0,0,1,0,0
4/1/1991,CHE,146,Switzerland,1991,1,0,0,0,0,0,0,1,0,0,0,0,0,1,0,0
7/1/1991,CHE,146,Switzerland,1991,1,0,0,0,0,0,0,1,0,0,0,0,0,1,0,0
10/1/1991,CHE,146,Switzerland,1991,1,0,0,0,0,0,0,1,0,0,0,0,0,1,0,0
1/1/1992,CHE,146,Switzerland,1992,1,0,0,0,0,0,0,1,0,0,0,0,0,1,0,0
4/1/1992,CHE,146,Switzerland,1992,1,0,0,0,0,0,0,1,0,0,0,0,0,1,0,0
7/1/1992,CHE,146,Switzerland,1992,1,0,0,0,0,0,0,1,0,0,0,0,0,1,0,0
10/1/1992,CHE,146,Switzerland,1992,1,0,0,0,0,0,0,1,0,0,0,0,0,1,0,0
1/1/1993,CHE,146,Switzerland,1993,1,0,0,0,0,0,0,1,0,0,0,0,0,1,0,0
4/1/1993,CHE,146,Switzerland,1993,1,0,0,0,0,0,0,1,0,0,0,0,0,1,0,0
7/1/1993,CHE,146,Switzerland,1993,1,0,0,0,0,0,0,1,0,0,0,0,0,1,0,0
10/1/1993,CHE,146,Switzerland,1993,1,0,0,0,0,0,0,1,0,0,0,0,0,1,0,0
1/1/1994,CHE,146,Switzerland,1994,1,0,0,0,0,0,0,1,0,0,0,0,0,1,0,0
4/1/1994,CHE,146,Switzerland,1994,1,0,0,0,0,0,0,1,0,0,0,0,0,1,0,0
7/1/1994,CHE,146,Switzerland,1994,1,0,0,0,0,0,0,1,0,0,0,0,0,1,0,0
10/1/1994,CHE,146,Switzerland,1994,1,0,0,0,0,0,0,1,0,0,0,0,0,1,0,0
1/1/1995,CHE,146,Switzerland,1995,1,0,0,0,0,0,0,1,0,0,0,0,0,1,0,0
4/1/1995,CHE,146,Switzerland,1995,1,0,0,0,0,0,0,1,0,0,0,0,0,1,0,0
7/1/1995,CHE,146,Switzerland,1995,1,0,0,0,0,0,0,1,0,0,0,0,0,1,0,0
10/1/1995,CHE,146,Switzerland,1995,1,0,0,0,0,0,0,1,0,0,0,0,0,1,0,0
1/1/1996,CHE,146,Switzerland,1996,1,0,0,0,0,0,0,1,0,0,0,0,0,1,0,0
4/1/1996,CHE,146,Switzerland,1996,1,0,0,0,0,0,0,1,0,0,0,0,0,1,0,0
7/1/1996,CHE,146,Switzerland,1996,1,0,0,0,0,0,0,1,0,0,0,0,0,1,0,0
10/1/1996,CHE,146,Switzerland,1996,1,0,0,0,0,0,0,1,0,0,0,0,0,1,0,0
1/1/1997,CHE,146,Switzerland,1997,1,0,0,0,0,0,0,1,0,0,0,0,0,1,0,0
4/1/1997,CHE,146,Switzerland,1997,1,0,0,0,0,0,0,1,0,0,0,0,0,1,0,0
7/1/1997,CHE,146,Switzerland,1997,1,0,0,0,0,0,0,1,0,0,0,0,0,1,0,0
10/1/1997,CHE,146,Switzerland,1997,1,0,0,0,0,0,0,1,0,0,0,0,0,1,0,0
1/1/1998,CHE,146,Switzerland,1998,1,0,0,0,0,0,0,1,0,0,0,0,0,1,0,0
4/1/1998,CHE,146,Switzerland,1998,1,0,0,0,0,0,0,1,0,0,0,0,0,1,0,0
7/1/1998,CHE,146,Switzerland,1998,1,0,0,0,0,0,0,1,0,0,0,0,0,1,0,0
10/1/1998,CHE,146,Switzerland,1998,1,0,0,0,0,0,0,1,0,0,0,0,0,1,0,0
1/1/1999,CHE,146,Switzerland,1999,1,0,0,0,0,0,0,1,0,0,0,0,0,1,0,0
4/1/1999,CHE,146,Switzerland,1999,1,0,0,0,0,0,0,1,0,0,0,0,0,1,0,0
7/1/1999,CHE,146,Switzerland,1999,1,0,0,0,0,0,0,1,0,0,0,0,0,1,0,0
10/1/1999,CHE,146,Switzerland,1999,1,0,0,0,0,0,0,1,0,0,0,0,0,1,0,0
1/1/2000,CHE,146,Switzerland,2000,1,0,0,0,0,0,0,1,0,0,0,0,0,1,0,0
4/1/2000,CHE,146,Switzerland,2000,1,0,0,0,0,0,0,1,0,0,0,0,0,1,0,0
7/1/2000,CHE,146,Switzerland,2000,1,0,0,0,0,0,0,1,0,0,0,0,0,1,0,0
10/1/2000,CHE,146,Switzerland,2000,1,0,0,0,0,0,0,1,0,0,0,0,0,1,0,0
1/1/2001,CHE,146,Switzerland,2001,1,0,0,0,0,0,0,1,0,0,0,0,0,1,0,0
4/1/2001,CHE,146,Switzerland,2001,1,0,0,0,0,0,0,1,0,0,0,0,0,1,0,0
7/1/2001,CHE,146,Switzerland,2001,1,0,0,0,0,0,0,1,0,0,0,0,0,1,0,0
10/1/2001,CHE,146,Switzerland,2001,1,0,0,0,0,0,0,1,0,0,0,0,0,1,0,0
1/1/2002,CHE,146,Switzerland,2002,1,0,0,0,0,0,0,1,0,0,0,0,0,1,0,0
4/1/2002,CHE,146,Switzerland,2002,1,0,0,0,0,0,0,1,0,0,0,0,0,1,0,0
7/1/2002,CHE,146,Switzerland,2002,1,0,0,0,0,0,0,1,0,0,0,0,0,1,0,0
10/1/2002,CHE,146,Switzerland,2002,1,0,0,0,0,0,0,1,0,0,0,0,0,1,0,0
1/1/2003,CHE,146,Switzerland,2003,1,0,0,0,0,0,0,1,0,0,0,0,0,1,0,0
4/1/2003,CHE,146,Switzerland,2003,1,0,0,0,0,0,0,1,0,0,0,0,0,1,0,0
7/1/2003,CHE,146,Switzerland,2003,1,0,0,0,0,0,0,1,0,0,0,0,0,1,0,0
10/1/2003,CHE,146,Switzerland,2003,1,0,0,0,0,0,0,1,0,0,0,0,0,1,0,0
1/1/2004,CHE,146,Switzerland,2004,1,0,0,0,0,0,0,1,0,0,0,0,0,1,0,0
4/1/2004,CHE,146,Switzerland,2004,1,0,0,0,0,0,0,1,0,0,0,0,0,1,0,0
7/1/2004,CHE,146,Switzerland,2004,1,0,0,0,0,0,0,1,0,0,0,0,0,1,0,0
10/1/2004,CHE,146,Switzerland,2004,1,0,0,0,0,0,0,1,0,0,0,0,0,1,0,0
1/1/2005,CHE,146,Switzerland,2005,1,0,0,0,0,0,0,1,0,0,0,0,0,1,0,0
4/1/2005,CHE,146,Switzerland,2005,1,0,0,0,0,0,0,1,0,0,0,0,0,1,0,0
7/1/2005,CHE,146,Switzerland,2005,1,0,0,0,0,0,0,1,0,0,0,0,0,1,0,0
10/1/2005,CHE,146,Switzerland,2005,1,0,0,0,0,0,0,1,0,0,0,0,0,1,0,0
1/1/2006,CHE,146,Switzerland,2006,1,0,0,0,0,0,0,1,0,0,0,0,0,1,0,0
4/1/2006,CHE,146,Switzerland,2006,1,0,0,0,0,0,0,1,0,0,0,0,0,1,0,0
7/1/2006,CHE,146,Switzerland,2006,1,0,0,0,0,0,0,1,0,0,0,0,0,1,0,0
10/1/2006,CHE,146,Switzerland,2006,1,0,0,0,0,0,0,1,0,0,0,0,0,1,0,0
1/1/2007,CHE,146,Switzerland,2007,1,0,0,0,0,0,0,1,0,0,0,0,0,1,0,0
4/1/2007,CHE,146,Switzerland,2007,1,0,0,0,0,0,0,1,0,0,0,0,0,1,0,0
7/1/2007,CHE,146,Switzerland,2007,1,0,0,0,0,0,0,1,0,0,0,0,0,1,0,0
10/1/2007,CHE,146,Switzerland,2007,1,0,0,0,0,0,0,1,0,0,0,0,0,1,0,0
1/1/2008,CHE,146,Switzerland,2008,1,0,0,0,0,0,0,1,0,0,0,0,0,1,0,0
4/1/2008,CHE,146,Switzerland,2008,1,0,0,0,0,0,0,1,0,0,0,0,0,1,0,0
7/1/2008,CHE,146,Switzerland,2008,1,0,0,0,0,0,0,1,0,0,0,0,0,1,0,0
10/1/2008,CHE,146,Switzerland,2008,1,0,0,0,0,0,0,1,0,0,0,0,0,1,0,0
1/1/2009,CHE,146,Switzerland,2009,1,0,0,0,0,0,0,1,0,0,0,0,0,1,0,0
4/1/2009,CHE,146,Switzerland,2009,1,0,0,0,0,0,0,1,0,0,0,0,0,1,0,0
7/1/2009,CHE,146,Switzerland,2009,1,0,0,0,0,0,0,1,0,0,0,0,0,1,0,0
10/1/2009,CHE,146,Switzerland,2009,1,0,0,0,0,0,0,1,0,0,0,0,0,1,0,0
1/1/2010,CHE,146,Switzerland,2010,1,0,0,0,0,0,0,1,0,0,0,0,0,1,0,0
4/1/2010,CHE,146,Switzerland,2010,1,0,0,0,0,0,0,1,0,0,0,0,0,1,0,0
7/1/2010,CHE,146,Switzerland,2010,1,0,0,0,0,0,0,1,0,0,0,0,0,1,0,0
10/1/2010,CHE,146,Switzerland,2010,1,0,0,0,0,0,0,1,0,0,0,0,0,1,0,0
1/1/2011,CHE,146,Switzerland,2011,1,0,0,0,0,0,0,1,0,0,0,0,0,1,0,0
4/1/2011,CHE,146,Switzerland,2011,1,0,0,0,0,0,0,1,0,0,0,0,0,1,0,0
7/1/2011,CHE,146,Switzerland,2011,1,0,0,0,0,0,0,1,0,0,0,0,0,1,0,0
10/1/2011,CHE,146,Switzerland,2011,1,0,0,0,0,0,0,1,0,0,0,0,0,1,0,0
1/1/2012,CHE,146,Switzerland,2012,1,0,0,0,0,0,0,1,0,0,0,0,0,1,0,0
4/1/2012,CHE,146,Switzerland,2012,1,0,0,0,0,0,0,1,0,0,0,0,0,1,0,0
7/1/2012,CHE,146,Switzerland,2012,1,0,0,0,0,0,0,1,0,0,0,0,0,1,0,0
10/1/2012,CHE,146,Switzerland,2012,1,0,0,0,0,0,0,1,0,0,0,0,0,1,0,0
1/1/2013,CHE,146,Switzerland,2013,1,0,0,0,0,0,0,1,0,0,0,0,0,1,0,0
4/1/2013,CHE,146,Switzerland,2013,1,0,0,0,0,0,0,1,0,0,0,0,0,1,0,0
7/1/2013,CHE,146,Switzerland,2013,1,0,0,0,0,0,0,1,0,0,0,0,0,1,0,0
10/1/2013,CHE,146,Switzerland,2013,1,0,0,0,0,0,0,1,0,0,0,0,0,1,0,0
1/1/2014,CHE,146,Switzerland,2014,1,0,0,0,0,0,0,1,0,0,0,0,0,1,0,0
4/1/2014,CHE,146,Switzerland,2014,1,0,0,0,0,0,0,1,0,0,0,0,0,1,0,0
7/1/2014,CHE,146,Switzerland,2014,1,0,0,0,0,0,0,1,0,0,0,0,0,1,0,0
10/1/2014,CHE,146,Switzerland,2014,1,0,0,0,0,0,0,1,0,0,0,0,0,1,0,0
1/1/2015,CHE,146,Switzerland,2015,1,0,0,0,0,0,0,1,0,0,0,0,0,1,0,0
4/1/2015,CHE,146,Switzerland,2015,1,0,0,0,0,0,0,1,0,0,0,0,0,1,0,0
7/1/2015,CHE,146,Switzerland,2015,1,0,0,0,0,0,0,1,0,0,0,0,0,1,0,0
10/1/2015,CHE,146,Switzerland,2015,1,0,0,0,0,0,0,1,0,0,0,0,0,1,0,0
1/1/2016,CHE,146,Switzerland,2016,1,0,0,0,0,0,0,1,0,0,0,0,0,1,0,0
4/1/2016,CHE,146,Switzerland,2016,1,0,0,0,0,0,0,1,0,0,0,0,0,1,0,0
7/1/2016,CHE,146,Switzerland,2016,1,0,0,0,0,0,0,1,0,0,0,0,0,1,0,0
10/1/2016,CHE,146,Switzerland,2016,1,0,0,0,0,0,0,1,0,0,0,0,0,1,0,0
1/1/2017,CHE,146,Switzerland,2017,1,0,0,0,0,0,0,1,0,0,0,0,0,1,0,0
4/1/2017,CHE,146,Switzerland,2017,1,0,0,0,0,0,0,1,0,0,0,0,0,1,0,0
7/1/2017,CHE,146,Switzerland,2017,1,0,0,0,0,0,0,1,0,0,0,0,0,1,0,0
10/1/2017,CHE,146,Switzerland,2017,1,0,0,0,0,0,0,1,0,0,0,0,0,1,0,0
1/1/2018,CHE,146,Switzerland,2018,1,0,0,0,0,0,0,1,0,0,0,0,0,1,0,0
4/1/2018,CHE,146,Switzerland,2018,1,0,0,0,0,0,0,1,0,0,0,0,0,1,0,0
7/1/2018,CHE,146,Switzerland,2018,1,0,0,0,0,0,0,1,0,0,0,0,0,1,0,0
10/1/2018,CHE,146,Switzerland,2018,1,0,0,0,0,0,0,1,0,0,0,0,0,1,0,0
1/1/2019,CHE,146,Switzerland,2019,1,0,0,0,0,0,0,1,0,0,0,0,0,1,0,0
4/1/2019,CHE,146,Switzerland,2019,1,0,0,0,0,0,0,1,0,0,0,0,0,1,0,0
7/1/2019,CHE,146,Switzerland,2019,1,0,0,0,0,0,0,1,0,0,0,0,0,1,0,0
10/1/2019,CHE,146,Switzerland,2019,1,0,0,0,0,0,0,1,0,0,0,0,0,1,0,0
1/1/2020,CHE,146,Switzerland,2020,1,0,0,0,0,0,0,1,0,0,0,0,0,1,0,0
4/1/2020,CHE,146,Switzerland,2020,1,0,0,0,0,0,0,1,0,0,0,0,0,1,0,0
7/1/2020,CHE,146,Switzerland,2020,1,0,0,0,0,0,0,1,0,0,0,0,0,1,0,0
10/1/2020,CHE,146,Switzerland,2020,1,0,0,0,0,0,0,1,0,0,0,0,0,1,0,0
1/1/2021,CHE,146,Switzerland,2021,1,0,0,0,0,0,0,1,0,0,0,0,0,1,0,0
4/1/2021,CHE,146,Switzerland,2021,1,0,0,0,0,0,0,1,0,0,0,0,0,1,0,0
7/1/2021,CHE,146,Switzerland,2021,1,0,0,0,0,0,0,1,0,0,0,0,0,1,0,0
10/1/2021,CHE,146,Switzerland,2021,1,0,0,0,0,0,0,1,0,0,0,0,0,1,0,0
1/1/2022,CHE,146,Switzerland,2022,1,0,0,0,0,0,0,1,0,0,0,0,0,1,0,0
4/1/2022,CHE,146,Switzerland,2022,1,0,0,0,0,0,0,1,0,0,0,0,0,1,0,0
7/1/2022,CHE,146,Switzerland,2022,1,0,0,0,0,0,0,1,0,0,0,0,0,1,0,0
10/1/2022,CHE,146,Switzerland,2022,1,0,0,0,0,0,0,1,0,0,0,0,0,1,0,0
1/1/2023,CHE,146,Switzerland,2023,1,0,0,0,0,0,0,1,0,0,0,0,0,1,0,0
4/1/2023,CHE,146,Switzerland,2023,1,0,0,0,0,0,0,1,0,0,0,0,0,1,0,0
7/1/2023,CHE,146,Switzerland,2023,1,0,0,0,0,0,0,1,0,0,0,0,0,1,0,0
10/1/2023,CHE,146,Switzerland,2023,1,0,0,0,0,0,0,1,0,0,0,0,0,1,0,0
1/1/2024,CHE,146,Switzerland,2024,1,0,0,0,0,0,0,1,0,0,0,0,0,1,0,0
4/1/2024,CHE,146,Switzerland,2024,1,0,0,0,0,0,0,1,0,0,0,0,0,1,0,0
7/1/2024,CHE,146,Switzerland,2024,1,0,0,0,0,0,0,1,0,0,0,0,0,1,0,0
10/1/2024,CHE,146,Switzerland,2024,1,0,0,0,0,0,0,1,0,0,0,0,0,1,0,0
1/1/1961,CAN,156,Canada,1961,1,0,0,0,0,0,0,0,1,0,0,0,0,0,0,0
4/1/1961,CAN,156,Canada,1961,1,0,0,0,0,0,0,0,1,0,0,0,0,0,0,0
7/1/1961,CAN,156,Canada,1961,1,0,0,0,0,0,0,0,1,0,0,0,0,0,0,0
10/1/1961,CAN,156,Canada,1961,1,0,0,0,0,0,0,0,1,0,0,0,0,0,0,0
1/1/1962,CAN,156,Canada,1962,1,0,0,0,0,0,0,0,1,0,0,0,0,0,0,0
4/1/1962,CAN,156,Canada,1962,1,0,0,0,0,0,0,0,1,0,0,0,0,0,0,0
7/1/1962,CAN,156,Canada,1962,1,0,0,0,0,0,0,0,1,0,0,0,0,0,0,0
10/1/1962,CAN,156,Canada,1962,1,0,0,0,0,0,0,0,1,0,0,0,0,0,0,0
1/1/1963,CAN,156,Canada,1963,1,0,0,0,0,0,0,0,1,0,0,0,0,0,0,0
4/1/1963,CAN,156,Canada,1963,1,0,0,0,0,0,0,0,1,0,0,0,0,0,0,0
7/1/1963,CAN,156,Canada,1963,1,0,0,0,0,0,0,0,1,0,0,0,0,0,0,0
10/1/1963,CAN,156,Canada,1963,1,0,0,0,0,0,0,0,1,0,0,0,0,0,0,0
1/1/1964,CAN,156,Canada,1964,1,0,0,0,0,0,0,0,1,0,0,0,0,0,0,0
4/1/1964,CAN,156,Canada,1964,1,0,0,0,0,0,0,0,1,0,0,0,0,0,0,0
7/1/1964,CAN,156,Canada,1964,1,0,0,0,0,0,0,0,1,0,0,0,0,0,0,0
10/1/1964,CAN,156,Canada,1964,1,0,0,0,0,0,0,0,1,0,0,0,0,0,0,0
1/1/1965,CAN,156,Canada,1965,1,0,0,0,0,0,0,0,1,0,0,0,0,0,0,0
4/1/1965,CAN,156,Canada,1965,1,0,0,0,0,0,0,0,1,0,0,0,0,0,0,0
7/1/1965,CAN,156,Canada,1965,1,0,0,0,0,0,0,0,1,0,0,0,0,0,0,0
10/1/1965,CAN,156,Canada,1965,1,0,0,0,0,0,0,0,1,0,0,0,0,0,0,0
1/1/1966,CAN,156,Canada,1966,1,0,0,0,0,0,0,0,1,0,0,0,0,0,0,0
4/1/1966,CAN,156,Canada,1966,1,0,0,0,0,0,0,0,1,0,0,0,0,0,0,0
7/1/1966,CAN,156,Canada,1966,1,0,0,0,0,0,0,0,1,0,0,0,0,0,0,0
10/1/1966,CAN,156,Canada,1966,1,0,0,0,0,0,0,0,1,0,0,0,0,0,0,0
1/1/1967,CAN,156,Canada,1967,1,0,0,0,0,0,0,0,1,0,0,0,0,0,0,0
4/1/1967,CAN,156,Canada,1967,1,0,0,0,0,0,0,0,1,0,0,0,0,0,0,0
7/1/1967,CAN,156,Canada,1967,1,0,0,0,0,0,0,0,1,0,0,0,0,0,0,0
10/1/1967,CAN,156,Canada,1967,1,0,0,0,0,0,0,0,1,0,0,0,0,0,0,0
1/1/1968,CAN,156,Canada,1968,1,0,0,0,0,0,0,0,1,0,0,0,0,0,0,0
4/1/1968,CAN,156,Canada,1968,1,0,0,0,0,0,0,0,1,0,0,0,0,0,0,0
7/1/1968,CAN,156,Canada,1968,1,0,0,0,0,0,0,0,1,0,0,0,0,0,0,0
10/1/1968,CAN,156,Canada,1968,1,0,0,0,0,0,0,0,1,0,0,0,0,0,0,0
1/1/1969,CAN,156,Canada,1969,1,0,0,0,0,0,0,0,1,0,0,0,0,0,0,0
4/1/1969,CAN,156,Canada,1969,1,0,0,0,0,0,0,0,1,0,0,0,0,0,0,0
7/1/1969,CAN,156,Canada,1969,1,0,0,0,0,0,0,0,1,0,0,0,0,0,0,0
10/1/1969,CAN,156,Canada,1969,1,0,0,0,0,0,0,0,1,0,0,0,0,0,0,0
1/1/1970,CAN,156,Canada,1970,1,0,0,0,0,0,0,0,1,0,0,0,0,0,0,0
4/1/1970,CAN,156,Canada,1970,1,0,0,0,0,0,0,0,1,0,0,0,0,0,0,0
7/1/1970,CAN,156,Canada,1970,1,0,0,0,0,0,0,0,1,0,0,0,0,0,0,0
10/1/1970,CAN,156,Canada,1970,1,0,0,0,0,0,0,0,1,0,0,0,0,0,0,0
1/1/1971,CAN,156,Canada,1971,1,0,0,0,0,0,0,0,1,0,0,0,0,0,0,0
4/1/1971,CAN,156,Canada,1971,1,0,0,0,0,0,0,0,1,0,0,0,0,0,0,0
7/1/1971,CAN,156,Canada,1971,1,0,0,0,0,0,0,0,1,0,0,0,0,0,0,0
10/1/1971,CAN,156,Canada,1971,1,0,0,0,0,0,0,0,1,0,0,0,0,0,0,0
1/1/1972,CAN,156,Canada,1972,1,0,0,0,0,0,0,0,1,0,0,0,0,0,0,0
4/1/1972,CAN,156,Canada,1972,1,0,0,0,0,0,0,0,1,0,0,0,0,0,0,0
7/1/1972,CAN,156,Canada,1972,1,0,0,0,0,0,0,0,1,0,0,0,0,0,0,0
10/1/1972,CAN,156,Canada,1972,1,0,0,0,0,0,0,0,1,0,0,0,0,0,0,0
1/1/1973,CAN,156,Canada,1973,1,0,0,0,0,0,0,0,1,0,0,0,0,0,0,0
4/1/1973,CAN,156,Canada,1973,1,0,0,0,0,0,0,0,1,0,0,0,0,0,0,0
7/1/1973,CAN,156,Canada,1973,1,0,0,0,0,0,0,0,1,0,0,0,0,0,0,0
10/1/1973,CAN,156,Canada,1973,1,0,0,0,0,0,0,0,1,0,0,0,0,0,0,0
1/1/1974,CAN,156,Canada,1974,1,0,0,0,0,0,0,0,1,0,0,0,0,0,0,0
4/1/1974,CAN,156,Canada,1974,1,0,0,0,0,0,0,0,1,0,0,0,0,0,0,0
7/1/1974,CAN,156,Canada,1974,1,0,0,0,0,0,0,0,1,0,0,0,0,0,0,0
10/1/1974,CAN,156,Canada,1974,1,0,0,0,0,0,0,0,1,0,0,0,0,0,0,0
1/1/1975,CAN,156,Canada,1975,1,0,0,0,0,0,0,0,1,0,0,0,0,0,0,0
4/1/1975,CAN,156,Canada,1975,1,0,0,0,0,0,0,0,1,0,0,0,0,0,0,0
7/1/1975,CAN,156,Canada,1975,1,0,0,0,0,0,0,0,1,0,0,0,0,0,0,0
10/1/1975,CAN,156,Canada,1975,1,0,0,0,0,0,0,0,1,0,0,0,0,0,0,0
1/1/1976,CAN,156,Canada,1976,1,0,0,0,0,0,0,0,1,0,0,0,0,0,0,0
4/1/1976,CAN,156,Canada,1976,1,0,0,0,0,0,0,0,1,0,0,0,0,0,0,0
7/1/1976,CAN,156,Canada,1976,1,0,0,0,0,0,0,0,1,0,0,0,0,0,0,0
10/1/1976,CAN,156,Canada,1976,1,0,0,0,0,0,0,0,1,0,0,0,0,0,0,0
1/1/1977,CAN,156,Canada,1977,1,0,0,0,0,0,0,0,1,0,0,0,0,0,0,0
4/1/1977,CAN,156,Canada,1977,1,0,0,0,0,0,0,0,1,0,0,0,0,0,0,0
7/1/1977,CAN,156,Canada,1977,1,0,0,0,0,0,0,0,1,0,0,0,0,0,0,0
10/1/1977,CAN,156,Canada,1977,1,0,0,0,0,0,0,0,1,0,0,0,0,0,0,0
1/1/1978,CAN,156,Canada,1978,1,0,0,0,0,0,0,0,1,0,0,0,0,0,0,0
4/1/1978,CAN,156,Canada,1978,1,0,0,0,0,0,0,0,1,0,0,0,0,0,0,0
7/1/1978,CAN,156,Canada,1978,1,0,0,0,0,0,0,0,1,0,0,0,0,0,0,0
10/1/1978,CAN,156,Canada,1978,1,0,0,0,0,0,0,0,1,0,0,0,0,0,0,0
1/1/1979,CAN,156,Canada,1979,1,0,0,0,0,0,0,0,1,0,0,0,0,0,0,0
4/1/1979,CAN,156,Canada,1979,1,0,0,0,0,0,0,0,1,0,0,0,0,0,0,0
7/1/1979,CAN,156,Canada,1979,1,0,0,0,0,0,0,0,1,0,0,0,0,0,0,0
10/1/1979,CAN,156,Canada,1979,1,0,0,0,0,0,0,0,1,0,0,0,0,0,0,0
1/1/1980,CAN,156,Canada,1980,1,0,0,0,0,0,0,0,1,0,0,0,0,0,0,0
4/1/1980,CAN,156,Canada,1980,1,0,0,0,0,0,0,0,1,0,0,0,0,0,0,0
7/1/1980,CAN,156,Canada,1980,1,0,0,0,0,0,0,0,1,0,0,0,0,0,0,0
10/1/1980,CAN,156,Canada,1980,1,0,0,0,0,0,0,0,1,0,0,0,0,0,0,0
1/1/1981,CAN,156,Canada,1981,1,0,0,0,0,0,0,0,1,0,0,0,0,0,0,0
4/1/1981,CAN,156,Canada,1981,1,0,0,0,0,0,0,0,1,0,0,0,0,0,0,0
7/1/1981,CAN,156,Canada,1981,1,0,0,0,0,0,0,0,1,0,0,0,0,0,0,0
10/1/1981,CAN,156,Canada,1981,1,0,0,0,0,0,0,0,1,0,0,0,0,0,0,0
1/1/1982,CAN,156,Canada,1982,1,0,0,0,0,0,0,0,1,0,0,0,0,0,0,0
4/1/1982,CAN,156,Canada,1982,1,0,0,0,0,0,0,0,1,0,0,0,0,0,0,0
7/1/1982,CAN,156,Canada,1982,1,0,0,0,0,0,0,0,1,0,0,0,0,0,0,0
10/1/1982,CAN,156,Canada,1982,1,0,0,0,0,0,0,0,1,0,0,0,0,0,0,0
1/1/1983,CAN,156,Canada,1983,1,0,0,0,0,0,0,0,1,0,0,0,0,0,0,0
4/1/1983,CAN,156,Canada,1983,1,0,0,0,0,0,0,0,1,0,0,0,0,0,0,0
7/1/1983,CAN,156,Canada,1983,1,0,0,0,0,0,0,0,1,0,0,0,0,0,0,0
10/1/1983,CAN,156,Canada,1983,1,0,0,0,0,0,0,0,1,0,0,0,0,0,0,0
1/1/1984,CAN,156,Canada,1984,1,0,0,0,0,0,0,0,1,0,0,0,0,0,0,0
4/1/1984,CAN,156,Canada,1984,1,0,0,0,0,0,0,0,1,0,0,0,0,0,0,0
7/1/1984,CAN,156,Canada,1984,1,0,0,0,0,0,0,0,1,0,0,0,0,0,0,0
10/1/1984,CAN,156,Canada,1984,1,0,0,0,0,0,0,0,1,0,0,0,0,0,0,0
1/1/1985,CAN,156,Canada,1985,1,0,0,0,0,0,0,0,1,0,0,0,0,0,0,0
4/1/1985,CAN,156,Canada,1985,1,0,0,0,0,0,0,0,1,0,0,0,0,0,0,0
7/1/1985,CAN,156,Canada,1985,1,0,0,0,0,0,0,0,1,0,0,0,0,0,0,0
10/1/1985,CAN,156,Canada,1985,1,0,0,0,0,0,0,0,1,0,0,0,0,0,0,0
1/1/1986,CAN,156,Canada,1986,1,0,0,0,0,0,0,0,1,0,0,0,0,0,0,0
4/1/1986,CAN,156,Canada,1986,1,0,0,0,0,0,0,0,1,0,0,0,0,0,0,0
7/1/1986,CAN,156,Canada,1986,1,0,0,0,0,0,0,0,1,0,0,0,0,0,0,0
10/1/1986,CAN,156,Canada,1986,1,0,0,0,0,0,0,0,1,0,0,0,0,0,0,0
1/1/1987,CAN,156,Canada,1987,1,0,0,0,0,0,0,0,1,0,0,0,0,0,0,0
4/1/1987,CAN,156,Canada,1987,1,0,0,0,0,0,0,0,1,0,0,0,0,0,0,0
7/1/1987,CAN,156,Canada,1987,1,0,0,0,0,0,0,0,1,0,0,0,0,0,0,0
10/1/1987,CAN,156,Canada,1987,1,0,0,0,0,0,0,0,1,0,0,0,0,0,0,0
1/1/1988,CAN,156,Canada,1988,1,0,0,0,0,0,0,0,1,0,0,0,0,0,0,0
4/1/1988,CAN,156,Canada,1988,1,0,0,0,0,0,0,0,1,0,0,0,0,0,0,0
7/1/1988,CAN,156,Canada,1988,1,0,0,0,0,0,0,0,1,0,0,0,0,0,0,0
10/1/1988,CAN,156,Canada,1988,1,0,0,0,0,0,0,0,1,0,0,0,0,0,0,0
1/1/1989,CAN,156,Canada,1989,1,0,0,0,0,0,0,0,1,0,0,0,0,0,0,0
4/1/1989,CAN,156,Canada,1989,1,0,0,0,0,0,0,0,1,0,0,0,0,0,0,0
7/1/1989,CAN,156,Canada,1989,1,0,0,0,0,0,0,0,1,0,0,0,0,0,0,0
10/1/1989,CAN,156,Canada,1989,1,0,0,0,0,0,0,0,1,0,0,0,0,0,0,0
1/1/1990,CAN,156,Canada,1990,1,0,0,0,0,0,0,0,1,0,0,0,0,0,0,0
4/1/1990,CAN,156,Canada,1990,1,0,0,0,0,0,0,0,1,0,0,0,0,0,0,0
7/1/1990,CAN,156,Canada,1990,1,0,0,0,0,0,0,0,1,0,0,0,0,0,0,0
10/1/1990,CAN,156,Canada,1990,1,0,0,0,0,0,0,0,1,0,0,0,0,0,0,0
1/1/1991,CAN,156,Canada,1991,1,0,0,0,0,0,0,0,1,0,0,0,0,0,0,0
4/1/1991,CAN,156,Canada,1991,1,0,0,0,0,0,0,0,1,0,0,0,0,0,0,0
7/1/1991,CAN,156,Canada,1991,1,0,0,0,0,0,0,0,1,0,0,0,0,0,0,0
10/1/1991,CAN,156,Canada,1991,1,0,0,0,0,0,0,0,1,0,0,0,0,0,0,0
1/1/1992,CAN,156,Canada,1992,1,0,0,0,0,0,0,0,1,0,0,0,0,0,0,0
4/1/1992,CAN,156,Canada,1992,1,0,0,0,0,0,0,0,1,0,0,0,0,0,0,0
7/1/1992,CAN,156,Canada,1992,1,0,0,0,0,0,0,0,1,0,0,0,0,0,0,0
10/1/1992,CAN,156,Canada,1992,1,0,0,0,0,0,0,0,1,0,0,0,0,0,0,0
1/1/1993,CAN,156,Canada,1993,1,0,0,0,0,0,0,0,1,0,0,0,0,0,0,0
4/1/1993,CAN,156,Canada,1993,1,0,0,0,0,0,0,0,1,0,0,0,0,0,0,0
7/1/1993,CAN,156,Canada,1993,1,0,0,0,0,0,0,0,1,0,0,0,0,0,0,0
10/1/1993,CAN,156,Canada,1993,1,0,0,0,0,0,0,0,1,0,0,0,0,0,0,0
1/1/1994,CAN,156,Canada,1994,1,0,0,0,0,0,0,0,1,0,0,0,0,0,0,0
4/1/1994,CAN,156,Canada,1994,1,0,0,0,0,0,0,0,1,0,0,0,0,0,0,0
7/1/1994,CAN,156,Canada,1994,1,0,0,0,0,0,0,0,1,0,0,0,0,0,0,0
10/1/1994,CAN,156,Canada,1994,1,0,0,0,0,0,0,0,1,0,0,0,0,0,0,0
1/1/1995,CAN,156,Canada,1995,1,0,0,0,0,0,0,0,1,0,0,0,0,0,0,0
4/1/1995,CAN,156,Canada,1995,1,0,0,0,0,0,0,0,1,0,0,0,0,0,0,0
7/1/1995,CAN,156,Canada,1995,1,0,0,0,0,0,0,0,1,0,0,0,0,0,0,0
10/1/1995,CAN,156,Canada,1995,1,0,0,0,0,0,0,0,1,0,0,0,0,0,0,0
1/1/1996,CAN,156,Canada,1996,1,0,0,0,0,0,0,0,1,0,0,0,0,0,0,0
4/1/1996,CAN,156,Canada,1996,1,0,0,0,0,0,0,0,1,0,0,0,0,0,0,0
7/1/1996,CAN,156,Canada,1996,1,0,0,0,0,0,0,0,1,0,0,0,0,0,0,0
10/1/1996,CAN,156,Canada,1996,1,0,0,0,0,0,0,0,1,0,0,0,0,0,0,0
1/1/1997,CAN,156,Canada,1997,1,0,0,0,0,0,0,0,1,0,0,0,0,0,0,0
4/1/1997,CAN,156,Canada,1997,1,0,0,0,0,0,0,0,1,0,0,0,0,0,0,0
7/1/1997,CAN,156,Canada,1997,1,0,0,0,0,0,0,0,1,0,0,0,0,0,0,0
10/1/1997,CAN,156,Canada,1997,1,0,0,0,0,0,0,0,1,0,0,0,0,0,0,0
1/1/1998,CAN,156,Canada,1998,1,0,0,0,0,0,0,0,1,0,0,0,0,0,0,0
4/1/1998,CAN,156,Canada,1998,1,0,0,0,0,0,0,0,1,0,0,0,0,0,0,0
7/1/1998,CAN,156,Canada,1998,1,0,0,0,0,0,0,0,1,0,0,0,0,0,0,0
10/1/1998,CAN,156,Canada,1998,1,0,0,0,0,0,0,0,1,0,0,0,0,0,0,0
1/1/1999,CAN,156,Canada,1999,1,0,0,0,0,0,0,0,1,0,0,0,0,0,0,0
4/1/1999,CAN,156,Canada,1999,1,0,0,0,0,0,0,0,1,0,0,0,0,0,0,0
7/1/1999,CAN,156,Canada,1999,1,0,0,0,0,0,0,0,1,0,0,0,0,0,0,0
10/1/1999,CAN,156,Canada,1999,1,0,0,0,0,0,0,0,1,0,0,0,0,0,0,0
1/1/2000,CAN,156,Canada,2000,1,0,0,0,0,0,0,0,1,0,0,0,0,0,0,0
4/1/2000,CAN,156,Canada,2000,1,0,0,0,0,0,0,0,1,0,0,0,0,0,0,0
7/1/2000,CAN,156,Canada,2000,1,0,0,0,0,0,0,0,1,0,0,0,0,0,0,0
10/1/2000,CAN,156,Canada,2000,1,0,0,0,0,0,0,0,1,0,0,0,0,0,0,0
1/1/2001,CAN,156,Canada,2001,1,0,0,0,0,0,0,0,1,0,0,0,0,0,0,0
4/1/2001,CAN,156,Canada,2001,1,0,0,0,0,0,0,0,1,0,0,0,0,0,0,0
7/1/2001,CAN,156,Canada,2001,1,0,0,0,0,0,0,0,1,0,0,0,0,0,0,0
10/1/2001,CAN,156,Canada,2001,1,0,0,0,0,0,0,0,1,0,0,0,0,0,0,0
1/1/2002,CAN,156,Canada,2002,1,0,0,0,0,0,0,0,1,0,0,0,0,0,0,0
4/1/2002,CAN,156,Canada,2002,1,0,0,0,0,0,0,0,1,0,0,0,0,0,0,0
7/1/2002,CAN,156,Canada,2002,1,0,0,0,0,0,0,0,1,0,0,0,0,0,0,0
10/1/2002,CAN,156,Canada,2002,1,0,0,0,0,0,0,0,1,0,0,0,0,0,0,0
1/1/2003,CAN,156,Canada,2003,1,0,0,0,0,0,0,0,1,0,0,0,0,0,0,0
4/1/2003,CAN,156,Canada,2003,1,0,0,0,0,0,0,0,1,0,0,0,0,0,0,0
7/1/2003,CAN,156,Canada,2003,1,0,0,0,0,0,0,0,1,0,0,0,0,0,0,0
10/1/2003,CAN,156,Canada,2003,1,0,0,0,0,0,0,0,1,0,0,0,0,0,0,0
1/1/2004,CAN,156,Canada,2004,1,0,0,0,0,0,0,0,1,0,0,0,0,0,0,0
4/1/2004,CAN,156,Canada,2004,1,0,0,0,0,0,0,0,1,0,0,0,0,0,0,0
7/1/2004,CAN,156,Canada,2004,1,0,0,0,0,0,0,0,1,0,0,0,0,0,0,0
10/1/2004,CAN,156,Canada,2004,1,0,0,0,0,0,0,0,1,0,0,0,0,0,0,0
1/1/2005,CAN,156,Canada,2005,1,0,0,0,0,0,0,0,1,0,0,0,0,0,0,0
4/1/2005,CAN,156,Canada,2005,1,0,0,0,0,0,0,0,1,0,0,0,0,0,0,0
7/1/2005,CAN,156,Canada,2005,1,0,0,0,0,0,0,0,1,0,0,0,0,0,0,0
10/1/2005,CAN,156,Canada,2005,1,0,0,0,0,0,0,0,1,0,0,0,0,0,0,0
1/1/2006,CAN,156,Canada,2006,1,0,0,0,0,0,0,0,1,0,0,0,0,0,0,0
4/1/2006,CAN,156,Canada,2006,1,0,0,0,0,0,0,0,1,0,0,0,0,0,0,0
7/1/2006,CAN,156,Canada,2006,1,0,0,0,0,0,0,0,1,0,0,0,0,0,0,0
10/1/2006,CAN,156,Canada,2006,1,0,0,0,0,0,0,0,1,0,0,0,0,0,0,0
1/1/2007,CAN,156,Canada,2007,1,0,0,0,0,0,0,0,1,0,0,0,0,0,0,0
4/1/2007,CAN,156,Canada,2007,1,0,0,0,0,0,0,0,1,0,0,0,0,0,0,0
7/1/2007,CAN,156,Canada,2007,1,0,0,0,0,0,0,0,1,0,0,0,0,0,0,0
10/1/2007,CAN,156,Canada,2007,1,0,0,0,0,0,0,0,1,0,0,0,0,0,0,0
1/1/2008,CAN,156,Canada,2008,1,0,0,0,0,0,0,0,1,0,0,0,0,0,0,0
4/1/2008,CAN,156,Canada,2008,1,0,0,0,0,0,0,0,1,0,0,0,0,0,0,0
7/1/2008,CAN,156,Canada,2008,1,0,0,0,0,0,0,0,1,0,0,0,0,0,0,0
10/1/2008,CAN,156,Canada,2008,1,0,0,0,0,0,0,0,1,0,0,0,0,0,0,0
1/1/2009,CAN,156,Canada,2009,1,0,0,0,0,0,0,0,1,0,0,0,0,0,0,0
4/1/2009,CAN,156,Canada,2009,1,0,0,0,0,0,0,0,1,0,0,0,0,0,0,0
7/1/2009,CAN,156,Canada,2009,1,0,0,0,0,0,0,0,1,0,0,0,0,0,0,0
10/1/2009,CAN,156,Canada,2009,1,0,0,0,0,0,0,0,1,0,0,0,0,0,0,0
1/1/2010,CAN,156,Canada,2010,1,0,0,0,0,0,0,0,1,0,0,0,0,0,0,0
4/1/2010,CAN,156,Canada,2010,1,0,0,0,0,0,0,0,1,0,0,0,0,0,0,0
7/1/2010,CAN,156,Canada,2010,1,0,0,0,0,0,0,0,1,0,0,0,0,0,0,0
10/1/2010,CAN,156,Canada,2010,1,0,0,0,0,0,0,0,1,0,0,0,0,0,0,0
1/1/2011,CAN,156,Canada,2011,1,0,0,0,0,0,0,0,1,0,0,0,0,0,0,0
4/1/2011,CAN,156,Canada,2011,1,0,0,0,0,0,0,0,1,0,0,0,0,0,0,0
7/1/2011,CAN,156,Canada,2011,1,0,0,0,0,0,0,0,1,0,0,0,0,0,0,0
10/1/2011,CAN,156,Canada,2011,1,0,0,0,0,0,0,0,1,0,0,0,0,0,0,0
1/1/2012,CAN,156,Canada,2012,1,0,0,0,0,0,0,0,1,0,0,0,0,0,0,0
4/1/2012,CAN,156,Canada,2012,1,0,0,0,0,0,0,0,1,0,0,0,0,0,0,0
7/1/2012,CAN,156,Canada,2012,1,0,0,0,0,0,0,0,1,0,0,0,0,0,0,0
10/1/2012,CAN,156,Canada,2012,1,0,0,0,0,0,0,0,1,0,0,0,0,0,0,0
1/1/2013,CAN,156,Canada,2013,1,0,0,0,0,0,0,0,1,0,0,0,0,0,0,0
4/1/2013,CAN,156,Canada,2013,1,0,0,0,0,0,0,0,1,0,0,0,0,0,0,0
7/1/2013,CAN,156,Canada,2013,1,0,0,0,0,0,0,0,1,0,0,0,0,0,0,0
10/1/2013,CAN,156,Canada,2013,1,0,0,0,0,0,0,0,1,0,0,0,0,0,0,0
1/1/2014,CAN,156,Canada,2014,1,0,0,0,0,0,0,0,1,0,0,0,0,0,0,0
4/1/2014,CAN,156,Canada,2014,1,0,0,0,0,0,0,0,1,0,0,0,0,0,0,0
7/1/2014,CAN,156,Canada,2014,1,0,0,0,0,0,0,0,1,0,0,0,0,0,0,0
10/1/2014,CAN,156,Canada,2014,1,0,0,0,0,0,0,0,1,0,0,0,0,0,0,0
1/1/2015,CAN,156,Canada,2015,1,0,0,0,0,0,0,0,1,0,0,0,0,0,0,0
4/1/2015,CAN,156,Canada,2015,1,0,0,0,0,0,0,0,1,0,0,0,0,0,0,0
7/1/2015,CAN,156,Canada,2015,1,0,0,0,0,0,0,0,1,0,0,0,0,0,0,0
10/1/2015,CAN,156,Canada,2015,1,0,0,0,0,0,0,0,1,0,0,0,0,0,0,0
1/1/2016,CAN,156,Canada,2016,1,0,0,0,0,0,0,0,1,0,0,0,0,0,0,0
4/1/2016,CAN,156,Canada,2016,1,0,0,0,0,0,0,0,1,0,0,0,0,0,0,0
7/1/2016,CAN,156,Canada,2016,1,0,0,0,0,0,0,0,1,0,0,0,0,0,0,0
10/1/2016,CAN,156,Canada,2016,1,0,0,0,0,0,0,0,1,0,0,0,0,0,0,0
1/1/2017,CAN,156,Canada,2017,1,0,0,0,0,0,0,0,1,0,0,0,0,0,0,0
4/1/2017,CAN,156,Canada,2017,1,0,0,0,0,0,0,0,1,0,0,0,0,0,0,0
7/1/2017,CAN,156,Canada,2017,1,0,0,0,0,0,0,0,1,0,0,0,0,0,0,0
10/1/2017,CAN,156,Canada,2017,1,0,0,0,0,0,0,0,1,0,0,0,0,0,0,0
1/1/2018,CAN,156,Canada,2018,1,0,0,0,0,0,0,0,1,0,0,0,0,0,0,0
4/1/2018,CAN,156,Canada,2018,1,0,0,0,0,0,0,0,1,0,0,0,0,0,0,0
7/1/2018,CAN,156,Canada,2018,1,0,0,0,0,0,0,0,1,0,0,0,0,0,0,0
10/1/2018,CAN,156,Canada,2018,1,0,0,0,0,0,0,0,1,0,0,0,0,0,0,0
1/1/2019,CAN,156,Canada,2019,1,0,0,0,0,0,0,0,1,0,0,0,0,0,0,0
4/1/2019,CAN,156,Canada,2019,1,0,0,0,0,0,0,0,1,0,0,0,0,0,0,0
7/1/2019,CAN,156,Canada,2019,1,0,0,0,0,0,0,0,1,0,0,0,0,0,0,0
10/1/2019,CAN,156,Canada,2019,1,0,0,0,0,0,0,0,1,0,0,0,0,0,0,0
1/1/2020,CAN,156,Canada,2020,1,0,0,0,0,0,0,0,1,0,0,0,0,0,0,0
4/1/2020,CAN,156,Canada,2020,1,0,0,0,0,0,0,0,1,0,0,0,0,0,0,0
7/1/2020,CAN,156,Canada,2020,1,0,0,0,0,0,0,0,1,0,0,0,0,0,0,0
10/1/2020,CAN,156,Canada,2020,1,0,0,0,0,0,0,0,1,0,0,0,0,0,0,0
1/1/2021,CAN,156,Canada,2021,1,0,0,0,0,0,0,0,1,0,0,0,0,0,0,0
4/1/2021,CAN,156,Canada,2021,1,0,0,0,0,0,0,0,1,0,0,0,0,0,0,0
7/1/2021,CAN,156,Canada,2021,1,0,0,0,0,0,0,0,1,0,0,0,0,0,0,0
10/1/2021,CAN,156,Canada,2021,1,0,0,0,0,0,0,0,1,0,0,0,0,0,0,0
1/1/2022,CAN,156,Canada,2022,1,0,0,0,0,0,0,0,1,0,0,0,0,0,0,0
4/1/2022,CAN,156,Canada,2022,1,0,0,0,0,0,0,0,1,0,0,0,0,0,0,0
7/1/2022,CAN,156,Canada,2022,1,0,0,0,0,0,0,0,1,0,0,0,0,0,0,0
10/1/2022,CAN,156,Canada,2022,1,0,0,0,0,0,0,0,1,0,0,0,0,0,0,0
1/1/2023,CAN,156,Canada,2023,1,0,0,0,0,0,0,0,1,0,0,0,0,0,0,0
4/1/2023,CAN,156,Canada,2023,1,0,0,0,0,0,0,0,1,0,0,0,0,0,0,0
7/1/2023,CAN,156,Canada,2023,1,0,0,0,0,0,0,0,1,0,0,0,0,0,0,0
10/1/2023,CAN,156,Canada,2023,1,0,0,0,0,0,0,0,1,0,0,0,0,0,0,0
1/1/2024,CAN,156,Canada,2024,1,0,0,0,0,0,0,0,1,0,0,0,0,0,0,0
4/1/2024,CAN,156,Canada,2024,1,0,0,0,0,0,0,0,1,0,0,0,0,0,0,0
7/1/2024,CAN,156,Canada,2024,1,0,0,0,0,0,0,0,1,0,0,0,0,0,0,0
10/1/2024,CAN,156,Canada,2024,1,0,0,0,0,0,0,0,1,0,0,0,0,0,0,0
1/1/1977,JPN,158,Japan,1977,1,0,0,1,0,0,0,0,0,0,0,0,0,0,0,0
4/1/1977,JPN,158,Japan,1977,1,0,0,1,0,0,0,0,0,0,0,0,0,0,0,0
7/1/1977,JPN,158,Japan,1977,1,0,0,1,0,0,0,0,0,0,0,0,0,0,0,0
10/1/1977,JPN,158,Japan,1977,1,0,0,1,0,0,0,0,0,0,0,0,0,0,0,0
1/1/1978,JPN,158,Japan,1978,1,0,0,1,0,0,0,0,0,0,0,0,0,0,0,0
4/1/1978,JPN,158,Japan,1978,1,0,0,1,0,0,0,0,0,0,0,0,0,0,0,0
7/1/1978,JPN,158,Japan,1978,1,0,0,1,0,0,0,0,0,0,0,0,0,0,0,0
10/1/1978,JPN,158,Japan,1978,1,0,0,1,0,0,0,0,0,0,0,0,0,0,0,0
1/1/1979,JPN,158,Japan,1979,1,0,0,1,0,0,0,0,0,0,0,0,0,0,0,0
4/1/1979,JPN,158,Japan,1979,1,0,0,1,0,0,0,0,0,0,0,0,0,0,0,0
7/1/1979,JPN,158,Japan,1979,1,0,0,1,0,0,0,0,0,0,0,0,0,0,0,0
10/1/1979,JPN,158,Japan,1979,1,0,0,1,0,0,0,0,0,0,0,0,0,0,0,0
1/1/1980,JPN,158,Japan,1980,1,0,0,1,0,0,0,0,0,0,0,0,0,0,0,0
4/1/1980,JPN,158,Japan,1980,1,0,0,1,0,0,0,0,0,0,0,0,0,0,0,0
7/1/1980,JPN,158,Japan,1980,1,0,0,1,0,0,0,0,0,0,0,0,0,0,0,0
10/1/1980,JPN,158,Japan,1980,1,0,0,1,0,0,0,0,0,0,0,0,0,0,0,0
1/1/1981,JPN,158,Japan,1981,1,0,0,1,0,0,0,0,0,0,0,0,0,0,0,0
4/1/1981,JPN,158,Japan,1981,1,0,0,1,0,0,0,0,0,0,0,0,0,0,0,0
7/1/1981,JPN,158,Japan,1981,1,0,0,1,0,0,0,0,0,0,0,0,0,0,0,0
10/1/1981,JPN,158,Japan,1981,1,0,0,1,0,0,0,0,0,0,0,0,0,0,0,0
1/1/1982,JPN,158,Japan,1982,1,0,0,1,0,0,0,0,0,0,0,0,0,0,0,0
4/1/1982,JPN,158,Japan,1982,1,0,0,1,0,0,0,0,0,0,0,0,0,0,0,0
7/1/1982,JPN,158,Japan,1982,1,0,0,1,0,0,0,0,0,0,0,0,0,0,0,0
10/1/1982,JPN,158,Japan,1982,1,0,0,1,0,0,0,0,0,0,0,0,0,0,0,0
1/1/1983,JPN,158,Japan,1983,1,0,0,1,0,0,0,0,0,0,0,0,0,0,0,0
4/1/1983,JPN,158,Japan,1983,1,0,0,1,0,0,0,0,0,0,0,0,0,0,0,0
7/1/1983,JPN,158,Japan,1983,1,0,0,1,0,0,0,0,0,0,0,0,0,0,0,0
10/1/1983,JPN,158,Japan,1983,1,0,0,1,0,0,0,0,0,0,0,0,0,0,0,0
1/1/1984,JPN,158,Japan,1984,1,0,0,1,0,0,0,0,0,0,0,0,0,0,0,0
4/1/1984,JPN,158,Japan,1984,1,0,0,1,0,0,0,0,0,0,0,0,0,0,0,0
7/1/1984,JPN,158,Japan,1984,1,0,0,1,0,0,0,0,0,0,0,0,0,0,0,0
10/1/1984,JPN,158,Japan,1984,1,0,0,1,0,0,0,0,0,0,0,0,0,0,0,0
1/1/1985,JPN,158,Japan,1985,1,0,0,1,0,0,0,0,0,0,0,0,0,0,0,0
4/1/1985,JPN,158,Japan,1985,1,0,0,1,0,0,0,0,0,0,0,0,0,0,0,0
7/1/1985,JPN,158,Japan,1985,1,0,0,1,0,0,0,0,0,0,0,0,0,0,0,0
10/1/1985,JPN,158,Japan,1985,1,0,0,1,0,0,0,0,0,0,0,0,0,0,0,0
1/1/1986,JPN,158,Japan,1986,1,0,0,1,0,0,0,0,0,0,0,0,0,0,0,0
4/1/1986,JPN,158,Japan,1986,1,0,0,1,0,0,0,0,0,0,0,0,0,0,0,0
7/1/1986,JPN,158,Japan,1986,1,0,0,1,0,0,0,0,0,0,0,0,0,0,0,0
10/1/1986,JPN,158,Japan,1986,1,0,0,1,0,0,0,0,0,0,0,0,0,0,0,0
1/1/1987,JPN,158,Japan,1987,1,0,0,1,0,0,0,0,0,0,0,0,0,0,0,0
4/1/1987,JPN,158,Japan,1987,1,0,0,1,0,0,0,0,0,0,0,0,0,0,0,0
7/1/1987,JPN,158,Japan,1987,1,0,0,1,0,0,0,0,0,0,0,0,0,0,0,0
10/1/1987,JPN,158,Japan,1987,1,0,0,1,0,0,0,0,0,0,0,0,0,0,0,0
1/1/1988,JPN,158,Japan,1988,1,0,0,1,0,0,0,0,0,0,0,0,0,0,0,0
4/1/1988,JPN,158,Japan,1988,1,0,0,1,0,0,0,0,0,0,0,0,0,0,0,0
7/1/1988,JPN,158,Japan,1988,1,0,0,1,0,0,0,0,0,0,0,0,0,0,0,0
10/1/1988,JPN,158,Japan,1988,1,0,0,1,0,0,0,0,0,0,0,0,0,0,0,0
1/1/1989,JPN,158,Japan,1989,1,0,0,1,0,0,0,0,0,0,0,0,0,0,0,0
4/1/1989,JPN,158,Japan,1989,1,0,0,1,0,0,0,0,0,0,0,0,0,0,0,0
7/1/1989,JPN,158,Japan,1989,1,0,0,1,0,0,0,0,0,0,0,0,0,0,0,0
10/1/1989,JPN,158,Japan,1989,1,0,0,1,0,0,0,0,0,0,0,0,0,0,0,0
1/1/1990,JPN,158,Japan,1990,1,0,0,1,0,0,0,0,0,0,0,0,0,0,0,0
4/1/1990,JPN,158,Japan,1990,1,0,0,1,0,0,0,0,0,0,0,0,0,0,0,0
7/1/1990,JPN,158,Japan,1990,1,0,0,1,0,0,0,0,0,0,0,0,0,0,0,0
10/1/1990,JPN,158,Japan,1990,1,0,0,1,0,0,0,0,0,0,0,0,0,0,0,0
1/1/1991,JPN,158,Japan,1991,1,0,0,1,0,0,0,0,0,0,0,0,0,0,0,0
4/1/1991,JPN,158,Japan,1991,1,0,0,1,0,0,0,0,0,0,0,0,0,0,0,0
7/1/1991,JPN,158,Japan,1991,1,0,0,1,0,0,0,0,0,0,0,0,0,0,0,0
10/1/1991,JPN,158,Japan,1991,1,0,0,1,0,0,0,0,0,0,0,0,0,0,0,0
1/1/1992,JPN,158,Japan,1992,1,0,0,1,0,0,0,0,0,0,0,0,0,0,0,0
4/1/1992,JPN,158,Japan,1992,1,0,0,1,0,0,0,0,0,0,0,0,0,0,0,0
7/1/1992,JPN,158,Japan,1992,1,0,0,1,0,0,0,0,0,0,0,0,0,0,0,0
10/1/1992,JPN,158,Japan,1992,1,0,0,1,0,0,0,0,0,0,0,0,0,0,0,0
1/1/1993,JPN,158,Japan,1993,1,0,0,1,0,0,0,0,0,0,0,0,0,0,0,0
4/1/1993,JPN,158,Japan,1993,1,0,0,1,0,0,0,0,0,0,0,0,0,0,0,0
7/1/1993,JPN,158,Japan,1993,1,0,0,1,0,0,0,0,0,0,0,0,0,0,0,0
10/1/1993,JPN,158,Japan,1993,1,0,0,1,0,0,0,0,0,0,0,0,0,0,0,0
1/1/1994,JPN,158,Japan,1994,1,0,0,1,0,0,0,0,0,0,0,0,0,0,0,0
4/1/1994,JPN,158,Japan,1994,1,0,0,1,0,0,0,0,0,0,0,0,0,0,0,0
7/1/1994,JPN,158,Japan,1994,1,0,0,1,0,0,0,0,0,0,0,0,0,0,0,0
10/1/1994,JPN,158,Japan,1994,1,0,0,1,0,0,0,0,0,0,0,0,0,0,0,0
1/1/1995,JPN,158,Japan,1995,1,0,0,1,0,0,0,0,0,0,0,0,0,0,0,0
4/1/1995,JPN,158,Japan,1995,1,0,0,1,0,0,0,0,0,0,0,0,0,0,0,0
7/1/1995,JPN,158,Japan,1995,1,0,0,1,0,0,0,0,0,0,0,0,0,0,0,0
10/1/1995,JPN,158,Japan,1995,1,0,0,1,0,0,0,0,0,0,0,0,0,0,0,0
1/1/1996,JPN,158,Japan,1996,1,0,0,1,0,0,0,0,0,0,0,0,0,0,0,0
4/1/1996,JPN,158,Japan,1996,1,0,0,1,0,0,0,0,0,0,0,0,0,0,0,0
7/1/1996,JPN,158,Japan,1996,1,0,0,1,0,0,0,0,0,0,0,0,0,0,0,0
10/1/1996,JPN,158,Japan,1996,1,0,0,1,0,0,0,0,0,0,0,0,0,0,0,0
1/1/1997,JPN,158,Japan,1997,1,0,0,1,0,0,0,0,0,0,0,0,0,0,0,0
4/1/1997,JPN,158,Japan,1997,1,0,0,1,0,0,0,0,0,0,0,0,0,0,0,0
7/1/1997,JPN,158,Japan,1997,1,0,0,1,0,0,0,0,0,0,0,0,0,0,0,0
10/1/1997,JPN,158,Japan,1997,1,0,0,1,0,0,0,0,0,0,0,0,0,0,0,0
1/1/1998,JPN,158,Japan,1998,1,0,0,1,0,0,0,0,0,0,0,0,0,0,0,0
4/1/1998,JPN,158,Japan,1998,1,0,0,1,0,0,0,0,0,0,0,0,0,0,0,0
7/1/1998,JPN,158,Japan,1998,1,0,0,1,0,0,0,0,0,0,0,0,0,0,0,0
10/1/1998,JPN,158,Japan,1998,1,0,0,1,0,0,0,0,0,0,0,0,0,0,0,0
1/1/1999,JPN,158,Japan,1999,1,0,0,1,0,0,0,0,0,0,0,0,0,0,0,0
4/1/1999,JPN,158,Japan,1999,1,0,0,1,0,0,0,0,0,0,0,0,0,0,0,0
7/1/1999,JPN,158,Japan,1999,1,0,0,1,0,0,0,0,0,0,0,0,0,0,0,0
10/1/1999,JPN,158,Japan,1999,1,0,0,1,0,0,0,0,0,0,0,0,0,0,0,0
1/1/2000,JPN,158,Japan,2000,1,0,0,1,0,0,0,0,0,0,0,0,0,0,0,0
4/1/2000,JPN,158,Japan,2000,1,0,0,1,0,0,0,0,0,0,0,0,0,0,0,0
7/1/2000,JPN,158,Japan,2000,1,0,0,1,0,0,0,0,0,0,0,0,0,0,0,0
10/1/2000,JPN,158,Japan,2000,1,0,0,1,0,0,0,0,0,0,0,0,0,0,0,0
1/1/2001,JPN,158,Japan,2001,1,0,0,1,0,0,0,0,0,0,0,0,0,0,0,0
4/1/2001,JPN,158,Japan,2001,1,0,0,1,0,0,0,0,0,0,0,0,0,0,0,0
7/1/2001,JPN,158,Japan,2001,1,0,0,1,0,0,0,0,0,0,0,0,0,0,0,0
10/1/2001,JPN,158,Japan,2001,1,0,0,1,0,0,0,0,0,0,0,0,0,0,0,0
1/1/2002,JPN,158,Japan,2002,1,0,0,1,0,0,0,0,0,0,0,0,0,0,0,0
4/1/2002,JPN,158,Japan,2002,1,0,0,1,0,0,0,0,0,0,0,0,0,0,0,0
7/1/2002,JPN,158,Japan,2002,1,0,0,1,0,0,0,0,0,0,0,0,0,0,0,0
10/1/2002,JPN,158,Japan,2002,1,0,0,1,0,0,0,0,0,0,0,0,0,0,0,0
1/1/2003,JPN,158,Japan,2003,1,0,0,1,0,0,0,0,0,0,0,0,0,0,0,0
4/1/2003,JPN,158,Japan,2003,1,0,0,1,0,0,0,0,0,0,0,0,0,0,0,0
7/1/2003,JPN,158,Japan,2003,1,0,0,1,0,0,0,0,0,0,0,0,0,0,0,0
10/1/2003,JPN,158,Japan,2003,1,0,0,1,0,0,0,0,0,0,0,0,0,0,0,0
1/1/2004,JPN,158,Japan,2004,1,0,0,1,0,0,0,0,0,0,0,0,0,0,0,0
4/1/2004,JPN,158,Japan,2004,1,0,0,1,0,0,0,0,0,0,0,0,0,0,0,0
7/1/2004,JPN,158,Japan,2004,1,0,0,1,0,0,0,0,0,0,0,0,0,0,0,0
10/1/2004,JPN,158,Japan,2004,1,0,0,1,0,0,0,0,0,0,0,0,0,0,0,0
1/1/2005,JPN,158,Japan,2005,1,0,0,1,0,0,0,0,0,0,0,0,0,0,0,0
4/1/2005,JPN,158,Japan,2005,1,0,0,1,0,0,0,0,0,0,0,0,0,0,0,0
7/1/2005,JPN,158,Japan,2005,1,0,0,1,0,0,0,0,0,0,0,0,0,0,0,0
10/1/2005,JPN,158,Japan,2005,1,0,0,1,0,0,0,0,0,0,0,0,0,0,0,0
1/1/2006,JPN,158,Japan,2006,1,0,0,1,0,0,0,0,0,0,0,0,0,0,0,0
4/1/2006,JPN,158,Japan,2006,1,0,0,1,0,0,0,0,0,0,0,0,0,0,0,0
7/1/2006,JPN,158,Japan,2006,1,0,0,1,0,0,0,0,0,0,0,0,0,0,0,0
10/1/2006,JPN,158,Japan,2006,1,0,0,1,0,0,0,0,0,0,0,0,0,0,0,0
1/1/2007,JPN,158,Japan,2007,1,0,0,1,0,0,0,0,0,0,0,0,0,0,0,0
4/1/2007,JPN,158,Japan,2007,1,0,0,1,0,0,0,0,0,0,0,0,0,0,0,0
7/1/2007,JPN,158,Japan,2007,1,0,0,1,0,0,0,0,0,0,0,0,0,0,0,0
10/1/2007,JPN,158,Japan,2007,1,0,0,1,0,0,0,0,0,0,0,0,0,0,0,0
1/1/2008,JPN,158,Japan,2008,1,0,0,1,0,0,0,0,0,0,0,0,0,0,0,0
4/1/2008,JPN,158,Japan,2008,1,0,0,1,0,0,0,0,0,0,0,0,0,0,0,0
7/1/2008,JPN,158,Japan,2008,1,0,0,1,0,0,0,0,0,0,0,0,0,0,0,0
10/1/2008,JPN,158,Japan,2008,1,0,0,1,0,0,0,0,0,0,0,0,0,0,0,0
1/1/2009,JPN,158,Japan,2009,1,0,0,1,0,0,0,0,0,0,0,0,0,0,0,0
4/1/2009,JPN,158,Japan,2009,1,0,0,1,0,0,0,0,0,0,0,0,0,0,0,0
7/1/2009,JPN,158,Japan,2009,1,0,0,1,0,0,0,0,0,0,0,0,0,0,0,0
10/1/2009,JPN,158,Japan,2009,1,0,0,1,0,0,0,0,0,0,0,0,0,0,0,0
1/1/2010,JPN,158,Japan,2010,1,0,0,1,0,0,0,0,0,0,0,0,0,0,0,0
4/1/2010,JPN,158,Japan,2010,1,0,0,1,0,0,0,0,0,0,0,0,0,0,0,0
7/1/2010,JPN,158,Japan,2010,1,0,0,1,0,0,0,0,0,0,0,0,0,0,0,0
10/1/2010,JPN,158,Japan,2010,1,0,0,1,0,0,0,0,0,0,0,0,0,0,0,0
1/1/2011,JPN,158,Japan,2011,1,0,0,1,0,0,0,0,0,0,0,0,0,0,0,0
4/1/2011,JPN,158,Japan,2011,1,0,0,1,0,0,0,0,0,0,0,0,0,0,0,0
7/1/2011,JPN,158,Japan,2011,1,0,0,1,0,0,0,0,0,0,0,0,0,0,0,0
10/1/2011,JPN,158,Japan,2011,1,0,0,1,0,0,0,0,0,0,0,0,0,0,0,0
1/1/2012,JPN,158,Japan,2012,1,0,0,1,0,0,0,0,0,0,0,0,0,0,0,0
4/1/2012,JPN,158,Japan,2012,1,0,0,1,0,0,0,0,0,0,0,0,0,0,0,0
7/1/2012,JPN,158,Japan,2012,1,0,0,1,0,0,0,0,0,0,0,0,0,0,0,0
10/1/2012,JPN,158,Japan,2012,1,0,0,1,0,0,0,0,0,0,0,0,0,0,0,0
1/1/2013,JPN,158,Japan,2013,1,0,0,1,0,0,0,0,0,0,0,0,0,0,0,0
4/1/2013,JPN,158,Japan,2013,1,0,0,1,0,0,0,0,0,0,0,0,0,0,0,0
7/1/2013,JPN,158,Japan,2013,1,0,0,1,0,0,0,0,0,0,0,0,0,0,0,0
10/1/2013,JPN,158,Japan,2013,1,0,0,1,0,0,0,0,0,0,0,0,0,0,0,0
1/1/2014,JPN,158,Japan,2014,1,0,0,1,0,0,0,0,0,0,0,0,0,0,0,0
4/1/2014,JPN,158,Japan,2014,1,0,0,1,0,0,0,0,0,0,0,0,0,0,0,0
7/1/2014,JPN,158,Japan,2014,1,0,0,1,0,0,0,0,0,0,0,0,0,0,0,0
10/1/2014,JPN,158,Japan,2014,1,0,0,1,0,0,0,0,0,0,0,0,0,0,0,0
1/1/2015,JPN,158,Japan,2015,1,0,0,1,0,0,0,0,0,0,0,0,0,0,0,0
4/1/2015,JPN,158,Japan,2015,1,0,0,1,0,0,0,0,0,0,0,0,0,0,0,0
7/1/2015,JPN,158,Japan,2015,1,0,0,1,0,0,0,0,0,0,0,0,0,0,0,0
10/1/2015,JPN,158,Japan,2015,1,0,0,1,0,0,0,0,0,0,0,0,0,0,0,0
1/1/2016,JPN,158,Japan,2016,1,0,0,1,0,0,0,0,0,0,0,0,0,0,0,0
4/1/2016,JPN,158,Japan,2016,1,0,0,1,0,0,0,0,0,0,0,0,0,0,0,0
7/1/2016,JPN,158,Japan,2016,1,0,0,1,0,0,0,0,0,0,0,0,0,0,0,0
10/1/2016,JPN,158,Japan,2016,1,0,0,1,0,0,0,0,0,0,0,0,0,0,0,0
1/1/2017,JPN,158,Japan,2017,1,0,0,1,0,0,0,0,0,0,0,0,0,0,0,0
4/1/2017,JPN,158,Japan,2017,1,0,0,1,0,0,0,0,0,0,0,0,0,0,0,0
7/1/2017,JPN,158,Japan,2017,1,0,0,1,0,0,0,0,0,0,0,0,0,0,0,0
10/1/2017,JPN,158,Japan,2017,1,0,0,1,0,0,0,0,0,0,0,0,0,0,0,0
1/1/2018,JPN,158,Japan,2018,1,0,0,1,0,0,0,0,0,0,0,0,0,0,0,0
4/1/2018,JPN,158,Japan,2018,1,0,0,1,0,0,0,0,0,0,0,0,0,0,0,0
7/1/2018,JPN,158,Japan,2018,1,0,0,1,0,0,0,0,0,0,0,0,0,0,0,0
10/1/2018,JPN,158,Japan,2018,1,0,0,1,0,0,0,0,0,0,0,0,0,0,0,0
1/1/2019,JPN,158,Japan,2019,1,0,0,1,0,0,0,0,0,0,0,0,0,0,0,0
4/1/2019,JPN,158,Japan,2019,1,0,0,1,0,0,0,0,0,0,0,0,0,0,0,0
7/1/2019,JPN,158,Japan,2019,1,0,0,1,0,0,0,0,0,0,0,0,0,0,0,0
10/1/2019,JPN,158,Japan,2019,1,0,0,1,0,0,0,0,0,0,0,0,0,0,0,0
1/1/2020,JPN,158,Japan,2020,1,0,0,1,0,0,0,0,0,0,0,0,0,0,0,0
4/1/2020,JPN,158,Japan,2020,1,0,0,1,0,0,0,0,0,0,0,0,0,0,0,0
7/1/2020,JPN,158,Japan,2020,1,0,0,1,0,0,0,0,0,0,0,0,0,0,0,0
10/1/2020,JPN,158,Japan,2020,1,0,0,1,0,0,0,0,0,0,0,0,0,0,0,0
1/1/2021,JPN,158,Japan,2021,1,0,0,1,0,0,0,0,0,0,0,0,0,0,0,0
4/1/2021,JPN,158,Japan,2021,1,0,0,1,0,0,0,0,0,0,0,0,0,0,0,0
7/1/2021,JPN,158,Japan,2021,1,0,0,1,0,0,0,0,0,0,0,0,0,0,0,0
10/1/2021,JPN,158,Japan,2021,1,0,0,1,0,0,0,0,0,0,0,0,0,0,0,0
1/1/2022,JPN,158,Japan,2022,1,0,0,1,0,0,0,0,0,0,0,0,0,0,0,0
4/1/2022,JPN,158,Japan,2022,1,0,0,1,0,0,0,0,0,0,0,0,0,0,0,0
7/1/2022,JPN,158,Japan,2022,1,0,0,1,0,0,0,0,0,0,0,0,0,0,0,0
10/1/2022,JPN,158,Japan,2022,1,0,0,1,0,0,0,0,0,0,0,0,0,0,0,0
1/1/2023,JPN,158,Japan,2023,1,0,0,1,0,0,0,0,0,0,0,0,0,0,0,0
4/1/2023,JPN,158,Japan,2023,1,0,0,1,0,0,0,0,0,0,0,0,0,0,0,0
7/1/2023,JPN,158,Japan,2023,1,0,0,1,0,0,0,0,0,0,0,0,0,0,0,0
10/1/2023,JPN,158,Japan,2023,1,0,0,1,0,0,0,0,0,0,0,0,0,0,0,0
1/1/2024,JPN,158,Japan,2024,1,0,0,1,0,0,0,0,0,0,0,0,0,0,0,0
4/1/2024,JPN,158,Japan,2024,1,0,0,1,0,0,0,0,0,0,0,0,0,0,0,0
7/1/2024,JPN,158,Japan,2024,1,0,0,1,0,0,0,0,0,0,0,0,0,0,0,0
10/1/2024,JPN,158,Japan,2024,1,0,0,1,0,0,0,0,0,0,0,0,0,0,0,0
1/1/2025,JPN,158,Japan,2025,1,0,0,1,0,0,0,0,0,0,0,0,0,0,0,0
1/1/1975,FIN,172,Finland,1975,1,0,0,0,0,0,0,1,0,0,0,0,0,0,0,0
4/1/1975,FIN,172,Finland,1975,1,0,0,0,0,0,0,1,0,0,0,0,0,0,0,0
7/1/1975,FIN,172,Finland,1975,1,0,0,0,0,0,0,1,0,0,0,0,0,0,0,0
10/1/1975,FIN,172,Finland,1975,1,0,0,0,0,0,0,1,0,0,0,0,0,0,0,0
1/1/1976,FIN,172,Finland,1976,1,0,0,0,0,0,0,1,0,0,0,0,0,0,0,0
4/1/1976,FIN,172,Finland,1976,1,0,0,0,0,0,0,1,0,0,0,0,0,0,0,0
7/1/1976,FIN,172,Finland,1976,1,0,0,0,0,0,0,1,0,0,0,0,0,0,0,0
10/1/1976,FIN,172,Finland,1976,1,0,0,0,0,0,0,1,0,0,0,0,0,0,0,0
1/1/1977,FIN,172,Finland,1977,1,0,0,0,0,0,0,1,0,0,0,0,0,0,0,0
4/1/1977,FIN,172,Finland,1977,1,0,0,0,0,0,0,1,0,0,0,0,0,0,0,0
7/1/1977,FIN,172,Finland,1977,1,0,0,0,0,0,0,1,0,0,0,0,0,0,0,0
10/1/1977,FIN,172,Finland,1977,1,0,0,0,0,0,0,1,0,0,0,0,0,0,0,0
1/1/1978,FIN,172,Finland,1978,1,0,0,0,0,0,0,1,0,0,0,0,0,0,0,0
4/1/1978,FIN,172,Finland,1978,1,0,0,0,0,0,0,1,0,0,0,0,0,0,0,0
7/1/1978,FIN,172,Finland,1978,1,0,0,0,0,0,0,1,0,0,0,0,0,0,0,0
10/1/1978,FIN,172,Finland,1978,1,0,0,0,0,0,0,1,0,0,0,0,0,0,0,0
1/1/1979,FIN,172,Finland,1979,1,0,0,0,0,0,0,1,0,0,0,0,0,0,0,0
4/1/1979,FIN,172,Finland,1979,1,0,0,0,0,0,0,1,0,0,0,0,0,0,0,0
7/1/1979,FIN,172,Finland,1979,1,0,0,0,0,0,0,1,0,0,0,0,0,0,0,0
10/1/1979,FIN,172,Finland,1979,1,0,0,0,0,0,0,1,0,0,0,0,0,0,0,0
1/1/1980,FIN,172,Finland,1980,1,0,0,0,0,0,0,1,0,0,0,0,0,0,0,0
4/1/1980,FIN,172,Finland,1980,1,0,0,0,0,0,0,1,0,0,0,0,0,0,0,0
7/1/1980,FIN,172,Finland,1980,1,0,0,0,0,0,0,1,0,0,0,0,0,0,0,0
10/1/1980,FIN,172,Finland,1980,1,0,0,0,0,0,0,1,0,0,0,0,0,0,0,0
1/1/1981,FIN,172,Finland,1981,1,0,0,0,0,0,0,1,0,0,0,0,0,0,0,0
4/1/1981,FIN,172,Finland,1981,1,0,0,0,0,0,0,1,0,0,0,0,0,0,0,0
7/1/1981,FIN,172,Finland,1981,1,0,0,0,0,0,0,1,0,0,0,0,0,0,0,0
10/1/1981,FIN,172,Finland,1981,1,0,0,0,0,0,0,1,0,0,0,0,0,0,0,0
1/1/1982,FIN,172,Finland,1982,1,0,0,0,0,0,0,1,0,0,0,0,0,0,0,0
4/1/1982,FIN,172,Finland,1982,1,0,0,0,0,0,0,1,0,0,0,0,0,0,0,0
7/1/1982,FIN,172,Finland,1982,1,0,0,0,0,0,0,1,0,0,0,0,0,0,0,0
10/1/1982,FIN,172,Finland,1982,1,0,0,0,0,0,0,1,0,0,0,0,0,0,0,0
1/1/1983,FIN,172,Finland,1983,1,0,0,0,0,0,0,1,0,0,0,0,0,0,0,0
4/1/1983,FIN,172,Finland,1983,1,0,0,0,0,0,0,1,0,0,0,0,0,0,0,0
7/1/1983,FIN,172,Finland,1983,1,0,0,0,0,0,0,1,0,0,0,0,0,0,0,0
10/1/1983,FIN,172,Finland,1983,1,0,0,0,0,0,0,1,0,0,0,0,0,0,0,0
1/1/1984,FIN,172,Finland,1984,1,0,0,0,0,0,0,1,0,0,0,0,0,0,0,0
4/1/1984,FIN,172,Finland,1984,1,0,0,0,0,0,0,1,0,0,0,0,0,0,0,0
7/1/1984,FIN,172,Finland,1984,1,0,0,0,0,0,0,1,0,0,0,0,0,0,0,0
10/1/1984,FIN,172,Finland,1984,1,0,0,0,0,0,0,1,0,0,0,0,0,0,0,0
1/1/1985,FIN,172,Finland,1985,1,0,0,0,0,0,0,1,0,0,0,0,0,0,0,0
4/1/1985,FIN,172,Finland,1985,1,0,0,0,0,0,0,1,0,0,0,0,0,0,0,0
7/1/1985,FIN,172,Finland,1985,1,0,0,0,0,0,0,1,0,0,0,0,0,0,0,0
10/1/1985,FIN,172,Finland,1985,1,0,0,0,0,0,0,1,0,0,0,0,0,0,0,0
1/1/1986,FIN,172,Finland,1986,1,0,0,0,0,0,0,1,0,0,0,0,0,0,0,0
4/1/1986,FIN,172,Finland,1986,1,0,0,0,0,0,0,1,0,0,0,0,0,0,0,0
7/1/1986,FIN,172,Finland,1986,1,0,0,0,0,0,0,1,0,0,0,0,0,0,0,0
10/1/1986,FIN,172,Finland,1986,1,0,0,0,0,0,0,1,0,0,0,0,0,0,0,0
1/1/1987,FIN,172,Finland,1987,1,0,0,0,0,0,0,1,0,0,0,0,0,0,0,0
4/1/1987,FIN,172,Finland,1987,1,0,0,0,0,0,0,1,0,0,0,0,0,0,0,0
7/1/1987,FIN,172,Finland,1987,1,0,0,0,0,0,0,1,0,0,0,0,0,0,0,0
10/1/1987,FIN,172,Finland,1987,1,0,0,0,0,0,0,1,0,0,0,0,0,0,0,0
1/1/1988,FIN,172,Finland,1988,1,0,0,0,0,0,0,1,0,0,0,0,0,0,0,0
4/1/1988,FIN,172,Finland,1988,1,0,0,0,0,0,0,1,0,0,0,0,0,0,0,0
7/1/1988,FIN,172,Finland,1988,1,0,0,0,0,0,0,1,0,0,0,0,0,0,0,0
10/1/1988,FIN,172,Finland,1988,1,0,0,0,0,0,0,1,0,0,0,0,0,0,0,0
1/1/1989,FIN,172,Finland,1989,1,0,0,0,0,0,0,1,0,0,0,0,0,0,0,0
4/1/1989,FIN,172,Finland,1989,1,0,0,0,0,0,0,1,0,0,0,0,0,0,0,0
7/1/1989,FIN,172,Finland,1989,1,0,0,0,0,0,0,1,0,0,0,0,0,0,0,0
10/1/1989,FIN,172,Finland,1989,1,0,0,0,0,0,0,1,0,0,0,0,0,0,0,0
1/1/1990,FIN,172,Finland,1990,1,0,0,0,0,0,0,1,0,0,0,0,0,0,0,0
4/1/1990,FIN,172,Finland,1990,1,0,0,0,0,0,0,1,0,0,0,0,0,0,0,0
7/1/1990,FIN,172,Finland,1990,1,0,0,0,0,0,0,1,0,0,0,0,0,0,0,0
10/1/1990,FIN,172,Finland,1990,1,0,0,0,0,0,0,1,0,0,0,0,0,0,0,0
1/1/1991,FIN,172,Finland,1991,1,0,0,0,0,0,0,1,0,0,0,0,0,0,0,0
4/1/1991,FIN,172,Finland,1991,1,0,0,0,0,0,0,1,0,0,0,0,0,0,0,0
7/1/1991,FIN,172,Finland,1991,1,0,0,0,0,0,0,1,0,0,0,0,0,0,0,0
10/1/1991,FIN,172,Finland,1991,1,0,0,0,0,0,0,1,0,0,0,0,0,0,0,0
1/1/1992,FIN,172,Finland,1992,1,0,0,0,0,0,0,1,0,0,0,0,0,0,0,0
4/1/1992,FIN,172,Finland,1992,1,0,0,0,0,0,0,1,0,0,0,0,0,0,0,0
7/1/1992,FIN,172,Finland,1992,1,0,0,0,0,0,0,1,0,0,0,0,0,0,0,0
10/1/1992,FIN,172,Finland,1992,1,0,0,0,0,0,0,1,0,0,0,0,0,0,0,0
1/1/1993,FIN,172,Finland,1993,1,0,0,0,0,0,0,1,0,0,0,0,0,0,0,0
4/1/1993,FIN,172,Finland,1993,1,0,0,0,0,0,0,1,0,0,0,0,0,0,0,0
7/1/1993,FIN,172,Finland,1993,1,0,0,0,0,0,0,1,0,0,0,0,0,0,0,0
10/1/1993,FIN,172,Finland,1993,1,0,0,0,0,0,0,1,0,0,0,0,0,0,0,0
1/1/1994,FIN,172,Finland,1994,1,0,0,0,0,0,0,1,0,0,0,0,0,0,0,0
4/1/1994,FIN,172,Finland,1994,1,0,0,0,0,0,0,1,0,0,0,0,0,0,0,0
7/1/1994,FIN,172,Finland,1994,1,0,0,0,0,0,0,1,0,0,0,0,0,0,0,0
10/1/1994,FIN,172,Finland,1994,1,0,0,0,0,0,0,1,0,0,0,0,0,0,0,0
1/1/1995,FIN,172,Finland,1995,1,0,0,0,0,0,0,1,0,0,0,0,0,0,0,0
4/1/1995,FIN,172,Finland,1995,1,0,0,0,0,0,0,1,0,0,0,0,0,0,0,0
7/1/1995,FIN,172,Finland,1995,1,0,0,0,0,0,0,1,0,0,0,0,0,0,0,0
10/1/1995,FIN,172,Finland,1995,1,0,0,0,0,0,0,1,0,0,0,0,0,0,0,0
1/1/1996,FIN,172,Finland,1996,1,0,0,0,0,0,0,1,0,0,0,0,0,0,0,0
4/1/1996,FIN,172,Finland,1996,1,0,0,0,0,0,0,1,0,0,0,0,0,0,0,0
7/1/1996,FIN,172,Finland,1996,1,0,0,0,0,0,0,1,0,0,0,0,0,0,0,0
10/1/1996,FIN,172,Finland,1996,1,0,0,0,0,0,0,1,0,0,0,0,0,0,0,0
1/1/1997,FIN,172,Finland,1997,1,0,0,0,0,0,0,1,0,0,0,0,0,0,0,0
4/1/1997,FIN,172,Finland,1997,1,0,0,0,0,0,0,1,0,0,0,0,0,0,0,0
7/1/1997,FIN,172,Finland,1997,1,0,0,0,0,0,0,1,0,0,0,0,0,0,0,0
10/1/1997,FIN,172,Finland,1997,1,0,0,0,0,0,0,1,0,0,0,0,0,0,0,0
1/1/1998,FIN,172,Finland,1998,1,0,0,0,0,0,0,1,0,0,0,0,0,0,0,0
4/1/1998,FIN,172,Finland,1998,1,0,0,0,0,0,0,1,0,0,0,0,0,0,0,0
7/1/1998,FIN,172,Finland,1998,1,0,0,0,0,0,0,1,0,0,0,0,0,0,0,0
10/1/1998,FIN,172,Finland,1998,1,0,0,0,0,0,0,1,0,0,0,0,0,0,0,0
1/1/1999,FIN,172,Finland,1999,1,0,0,0,0,0,0,1,0,0,0,0,0,0,1,1
4/1/1999,FIN,172,Finland,1999,1,0,0,0,0,0,0,1,0,0,0,0,0,0,1,0
7/1/1999,FIN,172,Finland,1999,1,0,0,0,0,0,0,1,0,0,0,0,0,0,1,0
10/1/1999,FIN,172,Finland,1999,1,0,0,0,0,0,0,1,0,0,0,0,0,0,1,0
1/1/2000,FIN,172,Finland,2000,1,0,0,0,0,0,0,1,0,0,0,0,0,0,1,0
4/1/2000,FIN,172,Finland,2000,1,0,0,0,0,0,0,1,0,0,0,0,0,0,1,0
7/1/2000,FIN,172,Finland,2000,1,0,0,0,0,0,0,1,0,0,0,0,0,0,1,0
10/1/2000,FIN,172,Finland,2000,1,0,0,0,0,0,0,1,0,0,0,0,0,0,1,0
1/1/2001,FIN,172,Finland,2001,1,0,0,0,0,0,0,1,0,0,0,0,0,0,1,0
4/1/2001,FIN,172,Finland,2001,1,0,0,0,0,0,0,1,0,0,0,0,0,0,1,0
7/1/2001,FIN,172,Finland,2001,1,0,0,0,0,0,0,1,0,0,0,0,0,0,1,0
10/1/2001,FIN,172,Finland,2001,1,0,0,0,0,0,0,1,0,0,0,0,0,0,1,0
1/1/2002,FIN,172,Finland,2002,1,0,0,0,0,0,0,1,0,0,0,0,0,0,1,0
4/1/2002,FIN,172,Finland,2002,1,0,0,0,0,0,0,1,0,0,0,0,0,0,1,0
7/1/2002,FIN,172,Finland,2002,1,0,0,0,0,0,0,1,0,0,0,0,0,0,1,0
10/1/2002,FIN,172,Finland,2002,1,0,0,0,0,0,0,1,0,0,0,0,0,0,1,0
1/1/2003,FIN,172,Finland,2003,1,0,0,0,0,0,0,1,0,0,0,0,0,0,1,0
4/1/2003,FIN,172,Finland,2003,1,0,0,0,0,0,0,1,0,0,0,0,0,0,1,0
7/1/2003,FIN,172,Finland,2003,1,0,0,0,0,0,0,1,0,0,0,0,0,0,1,0
10/1/2003,FIN,172,Finland,2003,1,0,0,0,0,0,0,1,0,0,0,0,0,0,1,0
1/1/2004,FIN,172,Finland,2004,1,0,0,0,0,0,0,1,0,0,0,0,0,0,1,0
4/1/2004,FIN,172,Finland,2004,1,0,0,0,0,0,0,1,0,0,0,0,0,0,1,0
7/1/2004,FIN,172,Finland,2004,1,0,0,0,0,0,0,1,0,0,0,0,0,0,1,0
10/1/2004,FIN,172,Finland,2004,1,0,0,0,0,0,0,1,0,0,0,0,0,0,1,0
1/1/2005,FIN,172,Finland,2005,1,0,0,0,0,0,0,1,0,0,0,0,0,0,1,0
4/1/2005,FIN,172,Finland,2005,1,0,0,0,0,0,0,1,0,0,0,0,0,0,1,0
7/1/2005,FIN,172,Finland,2005,1,0,0,0,0,0,0,1,0,0,0,0,0,0,1,0
10/1/2005,FIN,172,Finland,2005,1,0,0,0,0,0,0,1,0,0,0,0,0,0,1,0
1/1/2006,FIN,172,Finland,2006,1,0,0,0,0,0,0,1,0,0,0,0,0,0,1,0
4/1/2006,FIN,172,Finland,2006,1,0,0,0,0,0,0,1,0,0,0,0,0,0,1,0
7/1/2006,FIN,172,Finland,2006,1,0,0,0,0,0,0,1,0,0,0,0,0,0,1,0
10/1/2006,FIN,172,Finland,2006,1,0,0,0,0,0,0,1,0,0,0,0,0,0,1,0
1/1/2007,FIN,172,Finland,2007,1,0,0,0,0,0,0,1,0,0,0,0,0,0,1,0
4/1/2007,FIN,172,Finland,2007,1,0,0,0,0,0,0,1,0,0,0,0,0,0,1,0
7/1/2007,FIN,172,Finland,2007,1,0,0,0,0,0,0,1,0,0,0,0,0,0,1,0
10/1/2007,FIN,172,Finland,2007,1,0,0,0,0,0,0,1,0,0,0,0,0,0,1,0
1/1/2008,FIN,172,Finland,2008,1,0,0,0,0,0,0,1,0,0,0,0,0,0,1,0
4/1/2008,FIN,172,Finland,2008,1,0,0,0,0,0,0,1,0,0,0,0,0,0,1,0
7/1/2008,FIN,172,Finland,2008,1,0,0,0,0,0,0,1,0,0,0,0,0,0,1,0
10/1/2008,FIN,172,Finland,2008,1,0,0,0,0,0,0,1,0,0,0,0,0,0,1,0
1/1/2009,FIN,172,Finland,2009,1,0,0,0,0,0,0,1,0,0,0,0,0,0,1,0
4/1/2009,FIN,172,Finland,2009,1,0,0,0,0,0,0,1,0,0,0,0,0,0,1,0
7/1/2009,FIN,172,Finland,2009,1,0,0,0,0,0,0,1,0,0,0,0,0,0,1,0
10/1/2009,FIN,172,Finland,2009,1,0,0,0,0,0,0,1,0,0,0,0,0,0,1,0
1/1/2010,FIN,172,Finland,2010,1,0,0,0,0,0,0,1,0,0,0,0,0,0,1,0
4/1/2010,FIN,172,Finland,2010,1,0,0,0,0,0,0,1,0,0,0,0,0,0,1,0
7/1/2010,FIN,172,Finland,2010,1,0,0,0,0,0,0,1,0,0,0,0,0,0,1,0
10/1/2010,FIN,172,Finland,2010,1,0,0,0,0,0,0,1,0,0,0,0,0,0,1,0
1/1/2011,FIN,172,Finland,2011,1,0,0,0,0,0,0,1,0,0,0,0,0,0,1,0
4/1/2011,FIN,172,Finland,2011,1,0,0,0,0,0,0,1,0,0,0,0,0,0,1,0
7/1/2011,FIN,172,Finland,2011,1,0,0,0,0,0,0,1,0,0,0,0,0,0,1,0
10/1/2011,FIN,172,Finland,2011,1,0,0,0,0,0,0,1,0,0,0,0,0,0,1,0
1/1/2012,FIN,172,Finland,2012,1,0,0,0,0,0,0,1,0,0,0,0,0,0,1,0
4/1/2012,FIN,172,Finland,2012,1,0,0,0,0,0,0,1,0,0,0,0,0,0,1,0
7/1/2012,FIN,172,Finland,2012,1,0,0,0,0,0,0,1,0,0,0,0,0,0,1,0
10/1/2012,FIN,172,Finland,2012,1,0,0,0,0,0,0,1,0,0,0,0,0,0,1,0
1/1/2013,FIN,172,Finland,2013,1,0,0,0,0,0,0,1,0,0,0,0,0,0,1,0
4/1/2013,FIN,172,Finland,2013,1,0,0,0,0,0,0,1,0,0,0,0,0,0,1,0
7/1/2013,FIN,172,Finland,2013,1,0,0,0,0,0,0,1,0,0,0,0,0,0,1,0
10/1/2013,FIN,172,Finland,2013,1,0,0,0,0,0,0,1,0,0,0,0,0,0,1,0
1/1/2014,FIN,172,Finland,2014,1,0,0,0,0,0,0,1,0,0,0,0,0,0,1,0
4/1/2014,FIN,172,Finland,2014,1,0,0,0,0,0,0,1,0,0,0,0,0,0,1,0
7/1/2014,FIN,172,Finland,2014,1,0,0,0,0,0,0,1,0,0,0,0,0,0,1,0
10/1/2014,FIN,172,Finland,2014,1,0,0,0,0,0,0,1,0,0,0,0,0,0,1,0
1/1/2015,FIN,172,Finland,2015,1,0,0,0,0,0,0,1,0,0,0,0,0,0,1,0
4/1/2015,FIN,172,Finland,2015,1,0,0,0,0,0,0,1,0,0,0,0,0,0,1,0
7/1/2015,FIN,172,Finland,2015,1,0,0,0,0,0,0,1,0,0,0,0,0,0,1,0
10/1/2015,FIN,172,Finland,2015,1,0,0,0,0,0,0,1,0,0,0,0,0,0,1,0
1/1/2016,FIN,172,Finland,2016,1,0,0,0,0,0,0,1,0,0,0,0,0,0,1,0
4/1/2016,FIN,172,Finland,2016,1,0,0,0,0,0,0,1,0,0,0,0,0,0,1,0
7/1/2016,FIN,172,Finland,2016,1,0,0,0,0,0,0,1,0,0,0,0,0,0,1,0
10/1/2016,FIN,172,Finland,2016,1,0,0,0,0,0,0,1,0,0,0,0,0,0,1,0
1/1/2017,FIN,172,Finland,2017,1,0,0,0,0,0,0,1,0,0,0,0,0,0,1,0
4/1/2017,FIN,172,Finland,2017,1,0,0,0,0,0,0,1,0,0,0,0,0,0,1,0
7/1/2017,FIN,172,Finland,2017,1,0,0,0,0,0,0,1,0,0,0,0,0,0,1,0
10/1/2017,FIN,172,Finland,2017,1,0,0,0,0,0,0,1,0,0,0,0,0,0,1,0
1/1/2018,FIN,172,Finland,2018,1,0,0,0,0,0,0,1,0,0,0,0,0,0,1,0
4/1/2018,FIN,172,Finland,2018,1,0,0,0,0,0,0,1,0,0,0,0,0,0,1,0
7/1/2018,FIN,172,Finland,2018,1,0,0,0,0,0,0,1,0,0,0,0,0,0,1,0
10/1/2018,FIN,172,Finland,2018,1,0,0,0,0,0,0,1,0,0,0,0,0,0,1,0
1/1/2019,FIN,172,Finland,2019,1,0,0,0,0,0,0,1,0,0,0,0,0,0,1,0
4/1/2019,FIN,172,Finland,2019,1,0,0,0,0,0,0,1,0,0,0,0,0,0,1,0
7/1/2019,FIN,172,Finland,2019,1,0,0,0,0,0,0,1,0,0,0,0,0,0,1,0
10/1/2019,FIN,172,Finland,2019,1,0,0,0,0,0,0,1,0,0,0,0,0,0,1,0
1/1/2020,FIN,172,Finland,2020,1,0,0,0,0,0,0,1,0,0,0,0,0,0,1,0
4/1/2020,FIN,172,Finland,2020,1,0,0,0,0,0,0,1,0,0,0,0,0,0,1,0
7/1/2020,FIN,172,Finland,2020,1,0,0,0,0,0,0,1,0,0,0,0,0,0,1,0
10/1/2020,FIN,172,Finland,2020,1,0,0,0,0,0,0,1,0,0,0,0,0,0,1,0
1/1/2021,FIN,172,Finland,2021,1,0,0,0,0,0,0,1,0,0,0,0,0,0,1,0
4/1/2021,FIN,172,Finland,2021,1,0,0,0,0,0,0,1,0,0,0,0,0,0,1,0
7/1/2021,FIN,172,Finland,2021,1,0,0,0,0,0,0,1,0,0,0,0,0,0,1,0
10/1/2021,FIN,172,Finland,2021,1,0,0,0,0,0,0,1,0,0,0,0,0,0,1,0
1/1/2022,FIN,172,Finland,2022,1,0,0,0,0,0,0,1,0,0,0,0,0,0,1,0
4/1/2022,FIN,172,Finland,2022,1,0,0,0,0,0,0,1,0,0,0,0,0,0,1,0
7/1/2022,FIN,172,Finland,2022,1,0,0,0,0,0,0,1,0,0,0,0,0,0,1,0
10/1/2022,FIN,172,Finland,2022,1,0,0,0,0,0,0,1,0,0,0,0,0,0,1,0
1/1/2023,FIN,172,Finland,2023,1,0,0,0,0,0,0,1,0,0,0,0,0,0,1,0
4/1/2023,FIN,172,Finland,2023,1,0,0,0,0,0,0,1,0,0,0,0,0,0,1,0
7/1/2023,FIN,172,Finland,2023,1,0,0,0,0,0,0,1,0,0,0,0,0,0,1,0
10/1/2023,FIN,172,Finland,2023,1,0,0,0,0,0,0,1,0,0,0,0,0,0,1,0
1/1/2024,FIN,172,Finland,2024,1,0,0,0,0,0,0,1,0,0,0,0,0,0,1,0
4/1/2024,FIN,172,Finland,2024,1,0,0,0,0,0,0,1,0,0,0,0,0,0,1,0
7/1/2024,FIN,172,Finland,2024,1,0,0,0,0,0,0,1,0,0,0,0,0,0,1,0
10/1/2024,FIN,172,Finland,2024,1,0,0,0,0,0,0,1,0,0,0,0,0,0,1,0
1/1/1976,GRC,174,Greece,1976,1,0,0,0,0,0,0,1,0,0,0,0,1,0,0,0
4/1/1976,GRC,174,Greece,1976,1,0,0,0,0,0,0,1,0,0,0,0,1,0,0,0
7/1/1976,GRC,174,Greece,1976,1,0,0,0,0,0,0,1,0,0,0,0,1,0,0,0
10/1/1976,GRC,174,Greece,1976,1,0,0,0,0,0,0,1,0,0,0,0,1,0,0,0
1/1/1977,GRC,174,Greece,1977,1,0,0,0,0,0,0,1,0,0,0,0,1,0,0,0
4/1/1977,GRC,174,Greece,1977,1,0,0,0,0,0,0,1,0,0,0,0,1,0,0,0
7/1/1977,GRC,174,Greece,1977,1,0,0,0,0,0,0,1,0,0,0,0,1,0,0,0
10/1/1977,GRC,174,Greece,1977,1,0,0,0,0,0,0,1,0,0,0,0,1,0,0,0
1/1/1978,GRC,174,Greece,1978,1,0,0,0,0,0,0,1,0,0,0,0,1,0,0,0
4/1/1978,GRC,174,Greece,1978,1,0,0,0,0,0,0,1,0,0,0,0,1,0,0,0
7/1/1978,GRC,174,Greece,1978,1,0,0,0,0,0,0,1,0,0,0,0,1,0,0,0
10/1/1978,GRC,174,Greece,1978,1,0,0,0,0,0,0,1,0,0,0,0,1,0,0,0
1/1/1979,GRC,174,Greece,1979,1,0,0,0,0,0,0,1,0,0,0,0,1,0,0,0
4/1/1979,GRC,174,Greece,1979,1,0,0,0,0,0,0,1,0,0,0,0,1,0,0,0
7/1/1979,GRC,174,Greece,1979,1,0,0,0,0,0,0,1,0,0,0,0,1,0,0,0
10/1/1979,GRC,174,Greece,1979,1,0,0,0,0,0,0,1,0,0,0,0,1,0,0,0
1/1/1980,GRC,174,Greece,1980,1,0,0,0,0,0,0,1,0,0,0,0,1,0,0,0
4/1/1980,GRC,174,Greece,1980,1,0,0,0,0,0,0,1,0,0,0,0,1,0,0,0
7/1/1980,GRC,174,Greece,1980,1,0,0,0,0,0,0,1,0,0,0,0,1,0,0,0
10/1/1980,GRC,174,Greece,1980,1,0,0,0,0,0,0,1,0,0,0,0,1,0,0,0
1/1/1981,GRC,174,Greece,1981,1,0,0,0,0,0,0,1,0,0,0,0,1,0,0,0
4/1/1981,GRC,174,Greece,1981,1,0,0,0,0,0,0,1,0,0,0,0,1,0,0,0
7/1/1981,GRC,174,Greece,1981,1,0,0,0,0,0,0,1,0,0,0,0,1,0,0,0
10/1/1981,GRC,174,Greece,1981,1,0,0,0,0,0,0,1,0,0,0,0,1,0,0,0
1/1/1982,GRC,174,Greece,1982,1,0,0,0,0,0,0,1,0,0,0,0,1,0,0,0
4/1/1982,GRC,174,Greece,1982,1,0,0,0,0,0,0,1,0,0,0,0,1,0,0,0
7/1/1982,GRC,174,Greece,1982,1,0,0,0,0,0,0,1,0,0,0,0,1,0,0,0
10/1/1982,GRC,174,Greece,1982,1,0,0,0,0,0,0,1,0,0,0,0,1,0,0,0
1/1/1983,GRC,174,Greece,1983,1,0,0,0,0,0,0,1,0,0,0,0,1,0,0,0
4/1/1983,GRC,174,Greece,1983,1,0,0,0,0,0,0,1,0,0,0,0,1,0,0,0
7/1/1983,GRC,174,Greece,1983,1,0,0,0,0,0,0,1,0,0,0,0,1,0,0,0
10/1/1983,GRC,174,Greece,1983,1,0,0,0,0,0,0,1,0,0,0,0,1,0,0,0
1/1/1984,GRC,174,Greece,1984,1,0,0,0,0,0,0,1,0,0,0,0,1,0,0,0
4/1/1984,GRC,174,Greece,1984,1,0,0,0,0,0,0,1,0,0,0,0,1,0,0,0
7/1/1984,GRC,174,Greece,1984,1,0,0,0,0,0,0,1,0,0,0,0,1,0,0,0
10/1/1984,GRC,174,Greece,1984,1,0,0,0,0,0,0,1,0,0,0,0,1,0,0,0
1/1/1985,GRC,174,Greece,1985,1,0,0,0,0,0,0,1,0,0,0,0,1,0,0,0
4/1/1985,GRC,174,Greece,1985,1,0,0,0,0,0,0,1,0,0,0,0,1,0,0,0
7/1/1985,GRC,174,Greece,1985,1,0,0,0,0,0,0,1,0,0,0,0,1,0,0,0
10/1/1985,GRC,174,Greece,1985,1,0,0,0,0,0,0,1,0,0,0,0,1,0,0,0
1/1/1986,GRC,174,Greece,1986,1,0,0,0,0,0,0,1,0,0,0,0,1,0,0,0
4/1/1986,GRC,174,Greece,1986,1,0,0,0,0,0,0,1,0,0,0,0,1,0,0,0
7/1/1986,GRC,174,Greece,1986,1,0,0,0,0,0,0,1,0,0,0,0,1,0,0,0
10/1/1986,GRC,174,Greece,1986,1,0,0,0,0,0,0,1,0,0,0,0,1,0,0,0
1/1/1987,GRC,174,Greece,1987,1,0,0,0,0,0,0,1,0,0,0,0,1,0,0,0
4/1/1987,GRC,174,Greece,1987,1,0,0,0,0,0,0,1,0,0,0,0,1,0,0,0
7/1/1987,GRC,174,Greece,1987,1,0,0,0,0,0,0,1,0,0,0,0,1,0,0,0
10/1/1987,GRC,174,Greece,1987,1,0,0,0,0,0,0,1,0,0,0,0,1,0,0,0
1/1/1988,GRC,174,Greece,1988,1,0,0,0,0,0,0,1,0,0,0,0,1,0,0,0
4/1/1988,GRC,174,Greece,1988,1,0,0,0,0,0,0,1,0,0,0,0,1,0,0,0
7/1/1988,GRC,174,Greece,1988,1,0,0,0,0,0,0,1,0,0,0,0,1,0,0,0
10/1/1988,GRC,174,Greece,1988,1,0,0,0,0,0,0,1,0,0,0,0,1,0,0,0
1/1/1989,GRC,174,Greece,1989,1,0,0,0,0,0,0,1,0,0,0,0,1,0,0,0
4/1/1989,GRC,174,Greece,1989,1,0,0,0,0,0,0,1,0,0,0,0,1,0,0,0
7/1/1989,GRC,174,Greece,1989,1,0,0,0,0,0,0,1,0,0,0,0,1,0,0,0
10/1/1989,GRC,174,Greece,1989,1,0,0,0,0,0,0,1,0,0,0,0,1,0,0,0
1/1/1990,GRC,174,Greece,1990,1,0,0,0,0,0,0,1,0,0,0,0,1,0,0,0
4/1/1990,GRC,174,Greece,1990,1,0,0,0,0,0,0,1,0,0,0,0,1,0,0,0
7/1/1990,GRC,174,Greece,1990,1,0,0,0,0,0,0,1,0,0,0,0,1,0,0,0
10/1/1990,GRC,174,Greece,1990,1,0,0,0,0,0,0,1,0,0,0,0,1,0,0,0
1/1/1991,GRC,174,Greece,1991,1,0,0,0,0,0,0,1,0,0,0,0,1,0,0,0
4/1/1991,GRC,174,Greece,1991,1,0,0,0,0,0,0,1,0,0,0,0,1,0,0,0
7/1/1991,GRC,174,Greece,1991,1,0,0,0,0,0,0,1,0,0,0,0,1,0,0,0
10/1/1991,GRC,174,Greece,1991,1,0,0,0,0,0,0,1,0,0,0,0,1,0,0,0
1/1/1992,GRC,174,Greece,1992,1,0,0,0,0,0,0,1,0,0,0,0,1,0,0,0
4/1/1992,GRC,174,Greece,1992,1,0,0,0,0,0,0,1,0,0,0,0,1,0,0,0
7/1/1992,GRC,174,Greece,1992,1,0,0,0,0,0,0,1,0,0,0,0,1,0,0,0
10/1/1992,GRC,174,Greece,1992,1,0,0,0,0,0,0,1,0,0,0,0,1,0,0,0
1/1/1993,GRC,174,Greece,1993,1,0,0,0,0,0,0,1,0,0,0,0,1,0,0,0
4/1/1993,GRC,174,Greece,1993,1,0,0,0,0,0,0,1,0,0,0,0,1,0,0,0
7/1/1993,GRC,174,Greece,1993,1,0,0,0,0,0,0,1,0,0,0,0,1,0,0,0
10/1/1993,GRC,174,Greece,1993,1,0,0,0,0,0,0,1,0,0,0,0,1,0,0,0
1/1/1994,GRC,174,Greece,1994,1,0,0,0,0,0,0,1,0,0,0,0,1,0,0,0
4/1/1994,GRC,174,Greece,1994,1,0,0,0,0,0,0,1,0,0,0,0,1,0,0,0
7/1/1994,GRC,174,Greece,1994,1,0,0,0,0,0,0,1,0,0,0,0,1,0,0,0
10/1/1994,GRC,174,Greece,1994,1,0,0,0,0,0,0,1,0,0,0,0,1,0,0,0
1/1/1995,GRC,174,Greece,1995,1,0,0,0,0,0,0,1,0,0,0,0,1,0,0,0
4/1/1995,GRC,174,Greece,1995,1,0,0,0,0,0,0,1,0,0,0,0,1,0,0,0
7/1/1995,GRC,174,Greece,1995,1,0,0,0,0,0,0,1,0,0,0,0,1,0,0,0
10/1/1995,GRC,174,Greece,1995,1,0,0,0,0,0,0,1,0,0,0,0,1,0,0,0
1/1/1996,GRC,174,Greece,1996,1,0,0,0,0,0,0,1,0,0,0,0,1,0,0,0
4/1/1996,GRC,174,Greece,1996,1,0,0,0,0,0,0,1,0,0,0,0,1,0,0,0
7/1/1996,GRC,174,Greece,1996,1,0,0,0,0,0,0,1,0,0,0,0,1,0,0,0
10/1/1996,GRC,174,Greece,1996,1,0,0,0,0,0,0,1,0,0,0,0,1,0,0,0
1/1/1997,GRC,174,Greece,1997,1,0,0,0,0,0,0,1,0,0,0,0,1,0,0,0
4/1/1997,GRC,174,Greece,1997,1,0,0,0,0,0,0,1,0,0,0,0,1,0,0,0
7/1/1997,GRC,174,Greece,1997,1,0,0,0,0,0,0,1,0,0,0,0,1,0,0,0
10/1/1997,GRC,174,Greece,1997,1,0,0,0,0,0,0,1,0,0,0,0,1,0,0,0
1/1/1998,GRC,174,Greece,1998,1,0,0,0,0,0,0,1,0,0,0,0,1,0,0,0
4/1/1998,GRC,174,Greece,1998,1,0,0,0,0,0,0,1,0,0,0,0,1,0,0,0
7/1/1998,GRC,174,Greece,1998,1,0,0,0,0,0,0,1,0,0,0,0,1,0,0,0
10/1/1998,GRC,174,Greece,1998,1,0,0,0,0,0,0,1,0,0,0,0,1,0,0,0
1/1/1999,GRC,174,Greece,1999,1,0,0,0,0,0,0,1,0,0,0,0,1,0,0,0
4/1/1999,GRC,174,Greece,1999,1,0,0,0,0,0,0,1,0,0,0,0,1,0,0,0
7/1/1999,GRC,174,Greece,1999,1,0,0,0,0,0,0,1,0,0,0,0,1,0,0,0
10/1/1999,GRC,174,Greece,1999,1,0,0,0,0,0,0,1,0,0,0,0,1,0,0,0
1/1/2000,GRC,174,Greece,2000,1,0,0,0,0,0,0,1,0,0,0,0,1,0,0,0
4/1/2000,GRC,174,Greece,2000,1,0,0,0,0,0,0,1,0,0,0,0,1,0,0,0
7/1/2000,GRC,174,Greece,2000,1,0,0,0,0,0,0,1,0,0,0,0,1,0,0,0
10/1/2000,GRC,174,Greece,2000,1,0,0,0,0,0,0,1,0,0,0,0,1,0,0,0
1/1/2001,GRC,174,Greece,2001,1,0,0,0,0,0,0,1,0,0,0,0,1,0,1,1
4/1/2001,GRC,174,Greece,2001,1,0,0,0,0,0,0,1,0,0,0,0,1,0,1,0
7/1/2001,GRC,174,Greece,2001,1,0,0,0,0,0,0,1,0,0,0,0,1,0,1,0
10/1/2001,GRC,174,Greece,2001,1,0,0,0,0,0,0,1,0,0,0,0,1,0,1,0
1/1/2002,GRC,174,Greece,2002,1,0,0,0,0,0,0,1,0,0,0,0,1,0,1,0
4/1/2002,GRC,174,Greece,2002,1,0,0,0,0,0,0,1,0,0,0,0,1,0,1,0
7/1/2002,GRC,174,Greece,2002,1,0,0,0,0,0,0,1,0,0,0,0,1,0,1,0
10/1/2002,GRC,174,Greece,2002,1,0,0,0,0,0,0,1,0,0,0,0,1,0,1,0
1/1/2003,GRC,174,Greece,2003,1,0,0,0,0,0,0,1,0,0,0,0,1,0,1,0
4/1/2003,GRC,174,Greece,2003,1,0,0,0,0,0,0,1,0,0,0,0,1,0,1,0
7/1/2003,GRC,174,Greece,2003,1,0,0,0,0,0,0,1,0,0,0,0,1,0,1,0
10/1/2003,GRC,174,Greece,2003,1,0,0,0,0,0,0,1,0,0,0,0,1,0,1,0
1/1/2004,GRC,174,Greece,2004,1,0,0,0,0,0,0,1,0,0,0,0,1,0,1,0
4/1/2004,GRC,174,Greece,2004,1,0,0,0,0,0,0,1,0,0,0,0,1,0,1,0
7/1/2004,GRC,174,Greece,2004,1,0,0,0,0,0,0,1,0,0,0,0,1,0,1,0
10/1/2004,GRC,174,Greece,2004,1,0,0,0,0,0,0,1,0,0,0,0,1,0,1,0
1/1/2005,GRC,174,Greece,2005,1,0,0,0,0,0,0,1,0,0,0,0,1,0,1,0
4/1/2005,GRC,174,Greece,2005,1,0,0,0,0,0,0,1,0,0,0,0,1,0,1,0
7/1/2005,GRC,174,Greece,2005,1,0,0,0,0,0,0,1,0,0,0,0,1,0,1,0
10/1/2005,GRC,174,Greece,2005,1,0,0,0,0,0,0,1,0,0,0,0,1,0,1,0
1/1/2006,GRC,174,Greece,2006,1,0,0,0,0,0,0,1,0,0,0,0,1,0,1,0
4/1/2006,GRC,174,Greece,2006,1,0,0,0,0,0,0,1,0,0,0,0,1,0,1,0
7/1/2006,GRC,174,Greece,2006,1,0,0,0,0,0,0,1,0,0,0,0,1,0,1,0
10/1/2006,GRC,174,Greece,2006,1,0,0,0,0,0,0,1,0,0,0,0,1,0,1,0
1/1/2007,GRC,174,Greece,2007,1,0,0,0,0,0,0,1,0,0,0,0,1,0,1,0
4/1/2007,GRC,174,Greece,2007,1,0,0,0,0,0,0,1,0,0,0,0,1,0,1,0
7/1/2007,GRC,174,Greece,2007,1,0,0,0,0,0,0,1,0,0,0,0,1,0,1,0
10/1/2007,GRC,174,Greece,2007,1,0,0,0,0,0,0,1,0,0,0,0,1,0,1,0
1/1/2008,GRC,174,Greece,2008,1,0,0,0,0,0,0,1,0,0,0,0,1,0,1,0
4/1/2008,GRC,174,Greece,2008,1,0,0,0,0,0,0,1,0,0,0,0,1,0,1,0
7/1/2008,GRC,174,Greece,2008,1,0,0,0,0,0,0,1,0,0,0,0,1,0,1,0
10/1/2008,GRC,174,Greece,2008,1,0,0,0,0,0,0,1,0,0,0,0,1,0,1,0
1/1/2009,GRC,174,Greece,2009,1,0,0,0,0,0,0,1,0,0,0,0,1,0,1,0
4/1/2009,GRC,174,Greece,2009,1,0,0,0,0,0,0,1,0,0,0,0,1,0,1,0
7/1/2009,GRC,174,Greece,2009,1,0,0,0,0,0,0,1,0,0,0,0,1,0,1,0
10/1/2009,GRC,174,Greece,2009,1,0,0,0,0,0,0,1,0,0,0,0,1,0,1,0
1/1/2010,GRC,174,Greece,2010,1,0,0,0,0,0,0,1,0,0,0,0,1,0,1,0
4/1/2010,GRC,174,Greece,2010,1,0,0,0,0,0,0,1,0,0,0,0,1,0,1,0
7/1/2010,GRC,174,Greece,2010,1,0,0,0,0,0,0,1,0,0,0,0,1,0,1,0
10/1/2010,GRC,174,Greece,2010,1,0,0,0,0,0,0,1,0,0,0,0,1,0,1,0
1/1/2011,GRC,174,Greece,2011,1,0,0,0,0,0,0,1,0,0,0,0,1,0,1,0
4/1/2011,GRC,174,Greece,2011,1,0,0,0,0,0,0,1,0,0,0,0,1,0,1,0
7/1/2011,GRC,174,Greece,2011,1,0,0,0,0,0,0,1,0,0,0,0,1,0,1,0
10/1/2011,GRC,174,Greece,2011,1,0,0,0,0,0,0,1,0,0,0,0,1,0,1,0
1/1/2012,GRC,174,Greece,2012,1,0,0,0,0,0,0,1,0,0,0,0,1,0,1,0
4/1/2012,GRC,174,Greece,2012,1,0,0,0,0,0,0,1,0,0,0,0,1,0,1,0
7/1/2012,GRC,174,Greece,2012,1,0,0,0,0,0,0,1,0,0,0,0,1,0,1,0
10/1/2012,GRC,174,Greece,2012,1,0,0,0,0,0,0,1,0,0,0,0,1,0,1,0
1/1/2013,GRC,174,Greece,2013,1,0,0,0,0,0,0,1,0,0,0,0,1,0,1,0
4/1/2013,GRC,174,Greece,2013,1,0,0,0,0,0,0,1,0,0,0,0,1,0,1,0
7/1/2013,GRC,174,Greece,2013,1,0,0,0,0,0,0,1,0,0,0,0,1,0,1,0
10/1/2013,GRC,174,Greece,2013,1,0,0,0,0,0,0,1,0,0,0,0,1,0,1,0
1/1/2014,GRC,174,Greece,2014,1,0,0,0,0,0,0,1,0,0,0,0,1,0,1,0
4/1/2014,GRC,174,Greece,2014,1,0,0,0,0,0,0,1,0,0,0,0,1,0,1,0
7/1/2014,GRC,174,Greece,2014,1,0,0,0,0,0,0,1,0,0,0,0,1,0,1,0
10/1/2014,GRC,174,Greece,2014,1,0,0,0,0,0,0,1,0,0,0,0,1,0,1,0
1/1/2015,GRC,174,Greece,2015,1,0,0,0,0,0,0,1,0,0,0,0,1,0,1,0
4/1/2015,GRC,174,Greece,2015,1,0,0,0,0,0,0,1,0,0,0,0,1,0,1,0
7/1/2015,GRC,174,Greece,2015,1,0,0,0,0,0,0,1,0,0,0,0,1,0,1,0
10/1/2015,GRC,174,Greece,2015,1,0,0,0,0,0,0,1,0,0,0,0,1,0,1,0
1/1/2016,GRC,174,Greece,2016,1,0,0,0,0,0,0,1,0,0,0,0,1,0,1,0
4/1/2016,GRC,174,Greece,2016,1,0,0,0,0,0,0,1,0,0,0,0,1,0,1,0
7/1/2016,GRC,174,Greece,2016,1,0,0,0,0,0,0,1,0,0,0,0,1,0,1,0
10/1/2016,GRC,174,Greece,2016,1,0,0,0,0,0,0,1,0,0,0,0,1,0,1,0
1/1/2017,GRC,174,Greece,2017,1,0,0,0,0,0,0,1,0,0,0,0,1,0,1,0
4/1/2017,GRC,174,Greece,2017,1,0,0,0,0,0,0,1,0,0,0,0,1,0,1,0
7/1/2017,GRC,174,Greece,2017,1,0,0,0,0,0,0,1,0,0,0,0,1,0,1,0
10/1/2017,GRC,174,Greece,2017,1,0,0,0,0,0,0,1,0,0,0,0,1,0,1,0
1/1/2018,GRC,174,Greece,2018,1,0,0,0,0,0,0,1,0,0,0,0,1,0,1,0
4/1/2018,GRC,174,Greece,2018,1,0,0,0,0,0,0,1,0,0,0,0,1,0,1,0
7/1/2018,GRC,174,Greece,2018,1,0,0,0,0,0,0,1,0,0,0,0,1,0,1,0
10/1/2018,GRC,174,Greece,2018,1,0,0,0,0,0,0,1,0,0,0,0,1,0,1,0
1/1/2019,GRC,174,Greece,2019,1,0,0,0,0,0,0,1,0,0,0,0,1,0,1,0
4/1/2019,GRC,174,Greece,2019,1,0,0,0,0,0,0,1,0,0,0,0,1,0,1,0
7/1/2019,GRC,174,Greece,2019,1,0,0,0,0,0,0,1,0,0,0,0,1,0,1,0
10/1/2019,GRC,174,Greece,2019,1,0,0,0,0,0,0,1,0,0,0,0,1,0,1,0
1/1/2020,GRC,174,Greece,2020,1,0,0,0,0,0,0,1,0,0,0,0,1,0,1,0
4/1/2020,GRC,174,Greece,2020,1,0,0,0,0,0,0,1,0,0,0,0,1,0,1,0
7/1/2020,GRC,174,Greece,2020,1,0,0,0,0,0,0,1,0,0,0,0,1,0,1,0
10/1/2020,GRC,174,Greece,2020,1,0,0,0,0,0,0,1,0,0,0,0,1,0,1,0
1/1/2021,GRC,174,Greece,2021,1,0,0,0,0,0,0,1,0,0,0,0,1,0,1,0
4/1/2021,GRC,174,Greece,2021,1,0,0,0,0,0,0,1,0,0,0,0,1,0,1,0
7/1/2021,GRC,174,Greece,2021,1,0,0,0,0,0,0,1,0,0,0,0,1,0,1,0
10/1/2021,GRC,174,Greece,2021,1,0,0,0,0,0,0,1,0,0,0,0,1,0,1,0
1/1/2022,GRC,174,Greece,2022,1,0,0,0,0,0,0,1,0,0,0,0,1,0,1,0
4/1/2022,GRC,174,Greece,2022,1,0,0,0,0,0,0,1,0,0,0,0,1,0,1,0
7/1/2022,GRC,174,Greece,2022,1,0,0,0,0,0,0,1,0,0,0,0,1,0,1,0
10/1/2022,GRC,174,Greece,2022,1,0,0,0,0,0,0,1,0,0,0,0,1,0,1,0
1/1/2023,GRC,174,Greece,2023,1,0,0,0,0,0,0,1,0,0,0,0,1,0,1,0
4/1/2023,GRC,174,Greece,2023,1,0,0,0,0,0,0,1,0,0,0,0,1,0,1,0
7/1/2023,GRC,174,Greece,2023,1,0,0,0,0,0,0,1,0,0,0,0,1,0,1,0
10/1/2023,GRC,174,Greece,2023,1,0,0,0,0,0,0,1,0,0,0,0,1,0,1,0
1/1/2024,GRC,174,Greece,2024,1,0,0,0,0,0,0,1,0,0,0,0,1,0,1,0
4/1/2024,GRC,174,Greece,2024,1,0,0,0,0,0,0,1,0,0,0,0,1,0,1,0
7/1/2024,GRC,174,Greece,2024,1,0,0,0,0,0,0,1,0,0,0,0,1,0,1,0
10/1/2024,GRC,174,Greece,2024,1,0,0,0,0,0,0,1,0,0,0,0,1,0,1,0
1/1/1976,ISL,176,Iceland,1976,1,0,0,0,0,0,0,1,0,0,0,0,0,0,0,0
4/1/1976,ISL,176,Iceland,1976,1,0,0,0,0,0,0,1,0,0,0,0,0,0,0,0
7/1/1976,ISL,176,Iceland,1976,1,0,0,0,0,0,0,1,0,0,0,0,0,0,0,0
10/1/1976,ISL,176,Iceland,1976,1,0,0,0,0,0,0,1,0,0,0,0,0,0,0,0
1/1/1977,ISL,176,Iceland,1977,1,0,0,0,0,0,0,1,0,0,0,0,0,0,0,0
4/1/1977,ISL,176,Iceland,1977,1,0,0,0,0,0,0,1,0,0,0,0,0,0,0,0
7/1/1977,ISL,176,Iceland,1977,1,0,0,0,0,0,0,1,0,0,0,0,0,0,0,0
10/1/1977,ISL,176,Iceland,1977,1,0,0,0,0,0,0,1,0,0,0,0,0,0,0,0
1/1/1978,ISL,176,Iceland,1978,1,0,0,0,0,0,0,1,0,0,0,0,0,0,0,0
4/1/1978,ISL,176,Iceland,1978,1,0,0,0,0,0,0,1,0,0,0,0,0,0,0,0
7/1/1978,ISL,176,Iceland,1978,1,0,0,0,0,0,0,1,0,0,0,0,0,0,0,0
10/1/1978,ISL,176,Iceland,1978,1,0,0,0,0,0,0,1,0,0,0,0,0,0,0,0
1/1/1979,ISL,176,Iceland,1979,1,0,0,0,0,0,0,1,0,0,0,0,0,0,0,0
4/1/1979,ISL,176,Iceland,1979,1,0,0,0,0,0,0,1,0,0,0,0,0,0,0,0
7/1/1979,ISL,176,Iceland,1979,1,0,0,0,0,0,0,1,0,0,0,0,0,0,0,0
10/1/1979,ISL,176,Iceland,1979,1,0,0,0,0,0,0,1,0,0,0,0,0,0,0,0
1/1/1980,ISL,176,Iceland,1980,1,0,0,0,0,0,0,1,0,0,0,0,0,0,0,0
4/1/1980,ISL,176,Iceland,1980,1,0,0,0,0,0,0,1,0,0,0,0,0,0,0,0
7/1/1980,ISL,176,Iceland,1980,1,0,0,0,0,0,0,1,0,0,0,0,0,0,0,0
10/1/1980,ISL,176,Iceland,1980,1,0,0,0,0,0,0,1,0,0,0,0,0,0,0,0
1/1/1981,ISL,176,Iceland,1981,1,0,0,0,0,0,0,1,0,0,0,0,0,0,0,0
4/1/1981,ISL,176,Iceland,1981,1,0,0,0,0,0,0,1,0,0,0,0,0,0,0,0
7/1/1981,ISL,176,Iceland,1981,1,0,0,0,0,0,0,1,0,0,0,0,0,0,0,0
10/1/1981,ISL,176,Iceland,1981,1,0,0,0,0,0,0,1,0,0,0,0,0,0,0,0
1/1/1982,ISL,176,Iceland,1982,1,0,0,0,0,0,0,1,0,0,0,0,0,0,0,0
4/1/1982,ISL,176,Iceland,1982,1,0,0,0,0,0,0,1,0,0,0,0,0,0,0,0
7/1/1982,ISL,176,Iceland,1982,1,0,0,0,0,0,0,1,0,0,0,0,0,0,0,0
10/1/1982,ISL,176,Iceland,1982,1,0,0,0,0,0,0,1,0,0,0,0,0,0,0,0
1/1/1983,ISL,176,Iceland,1983,1,0,0,0,0,0,0,1,0,0,0,0,0,0,0,0
4/1/1983,ISL,176,Iceland,1983,1,0,0,0,0,0,0,1,0,0,0,0,0,0,0,0
7/1/1983,ISL,176,Iceland,1983,1,0,0,0,0,0,0,1,0,0,0,0,0,0,0,0
10/1/1983,ISL,176,Iceland,1983,1,0,0,0,0,0,0,1,0,0,0,0,0,0,0,0
1/1/1984,ISL,176,Iceland,1984,1,0,0,0,0,0,0,1,0,0,0,0,0,0,0,0
4/1/1984,ISL,176,Iceland,1984,1,0,0,0,0,0,0,1,0,0,0,0,0,0,0,0
7/1/1984,ISL,176,Iceland,1984,1,0,0,0,0,0,0,1,0,0,0,0,0,0,0,0
10/1/1984,ISL,176,Iceland,1984,1,0,0,0,0,0,0,1,0,0,0,0,0,0,0,0
1/1/1985,ISL,176,Iceland,1985,1,0,0,0,0,0,0,1,0,0,0,0,0,0,0,0
4/1/1985,ISL,176,Iceland,1985,1,0,0,0,0,0,0,1,0,0,0,0,0,0,0,0
7/1/1985,ISL,176,Iceland,1985,1,0,0,0,0,0,0,1,0,0,0,0,0,0,0,0
10/1/1985,ISL,176,Iceland,1985,1,0,0,0,0,0,0,1,0,0,0,0,0,0,0,0
1/1/1986,ISL,176,Iceland,1986,1,0,0,0,0,0,0,1,0,0,0,0,0,0,0,0
4/1/1986,ISL,176,Iceland,1986,1,0,0,0,0,0,0,1,0,0,0,0,0,0,0,0
7/1/1986,ISL,176,Iceland,1986,1,0,0,0,0,0,0,1,0,0,0,0,0,0,0,0
10/1/1986,ISL,176,Iceland,1986,1,0,0,0,0,0,0,1,0,0,0,0,0,0,0,0
1/1/1987,ISL,176,Iceland,1987,1,0,0,0,0,0,0,1,0,0,0,0,0,0,0,0
4/1/1987,ISL,176,Iceland,1987,1,0,0,0,0,0,0,1,0,0,0,0,0,0,0,0
7/1/1987,ISL,176,Iceland,1987,1,0,0,0,0,0,0,1,0,0,0,0,0,0,0,0
10/1/1987,ISL,176,Iceland,1987,1,0,0,0,0,0,0,1,0,0,0,0,0,0,0,0
1/1/1988,ISL,176,Iceland,1988,1,0,0,0,0,0,0,1,0,0,0,0,0,0,0,0
4/1/1988,ISL,176,Iceland,1988,1,0,0,0,0,0,0,1,0,0,0,0,0,0,0,0
7/1/1988,ISL,176,Iceland,1988,1,0,0,0,0,0,0,1,0,0,0,0,0,0,0,0
10/1/1988,ISL,176,Iceland,1988,1,0,0,0,0,0,0,1,0,0,0,0,0,0,0,0
1/1/1989,ISL,176,Iceland,1989,1,0,0,0,0,0,0,1,0,0,0,0,0,0,0,0
4/1/1989,ISL,176,Iceland,1989,1,0,0,0,0,0,0,1,0,0,0,0,0,0,0,0
7/1/1989,ISL,176,Iceland,1989,1,0,0,0,0,0,0,1,0,0,0,0,0,0,0,0
10/1/1989,ISL,176,Iceland,1989,1,0,0,0,0,0,0,1,0,0,0,0,0,0,0,0
1/1/1990,ISL,176,Iceland,1990,1,0,0,0,0,0,0,1,0,0,0,0,0,0,0,0
4/1/1990,ISL,176,Iceland,1990,1,0,0,0,0,0,0,1,0,0,0,0,0,0,0,0
7/1/1990,ISL,176,Iceland,1990,1,0,0,0,0,0,0,1,0,0,0,0,0,0,0,0
10/1/1990,ISL,176,Iceland,1990,1,0,0,0,0,0,0,1,0,0,0,0,0,0,0,0
1/1/1991,ISL,176,Iceland,1991,1,0,0,0,0,0,0,1,0,0,0,0,0,0,0,0
4/1/1991,ISL,176,Iceland,1991,1,0,0,0,0,0,0,1,0,0,0,0,0,0,0,0
7/1/1991,ISL,176,Iceland,1991,1,0,0,0,0,0,0,1,0,0,0,0,0,0,0,0
10/1/1991,ISL,176,Iceland,1991,1,0,0,0,0,0,0,1,0,0,0,0,0,0,0,0
1/1/1992,ISL,176,Iceland,1992,1,0,0,0,0,0,0,1,0,0,0,0,0,0,0,0
4/1/1992,ISL,176,Iceland,1992,1,0,0,0,0,0,0,1,0,0,0,0,0,0,0,0
7/1/1992,ISL,176,Iceland,1992,1,0,0,0,0,0,0,1,0,0,0,0,0,0,0,0
10/1/1992,ISL,176,Iceland,1992,1,0,0,0,0,0,0,1,0,0,0,0,0,0,0,0
1/1/1993,ISL,176,Iceland,1993,1,0,0,0,0,0,0,1,0,0,0,0,0,0,0,0
4/1/1993,ISL,176,Iceland,1993,1,0,0,0,0,0,0,1,0,0,0,0,0,0,0,0
7/1/1993,ISL,176,Iceland,1993,1,0,0,0,0,0,0,1,0,0,0,0,0,0,0,0
10/1/1993,ISL,176,Iceland,1993,1,0,0,0,0,0,0,1,0,0,0,0,0,0,0,0
1/1/1994,ISL,176,Iceland,1994,1,0,0,0,0,0,0,1,0,0,0,0,0,0,0,0
4/1/1994,ISL,176,Iceland,1994,1,0,0,0,0,0,0,1,0,0,0,0,0,0,0,0
7/1/1994,ISL,176,Iceland,1994,1,0,0,0,0,0,0,1,0,0,0,0,0,0,0,0
10/1/1994,ISL,176,Iceland,1994,1,0,0,0,0,0,0,1,0,0,0,0,0,0,0,0
1/1/1995,ISL,176,Iceland,1995,1,0,0,0,0,0,0,1,0,0,0,0,0,0,0,0
4/1/1995,ISL,176,Iceland,1995,1,0,0,0,0,0,0,1,0,0,0,0,0,0,0,0
7/1/1995,ISL,176,Iceland,1995,1,0,0,0,0,0,0,1,0,0,0,0,0,0,0,0
10/1/1995,ISL,176,Iceland,1995,1,0,0,0,0,0,0,1,0,0,0,0,0,0,0,0
1/1/1996,ISL,176,Iceland,1996,1,0,0,0,0,0,0,1,0,0,0,0,0,0,0,0
4/1/1996,ISL,176,Iceland,1996,1,0,0,0,0,0,0,1,0,0,0,0,0,0,0,0
7/1/1996,ISL,176,Iceland,1996,1,0,0,0,0,0,0,1,0,0,0,0,0,0,0,0
10/1/1996,ISL,176,Iceland,1996,1,0,0,0,0,0,0,1,0,0,0,0,0,0,0,0
1/1/1997,ISL,176,Iceland,1997,1,0,0,0,0,0,0,1,0,0,0,0,0,0,0,0
4/1/1997,ISL,176,Iceland,1997,1,0,0,0,0,0,0,1,0,0,0,0,0,0,0,0
7/1/1997,ISL,176,Iceland,1997,1,0,0,0,0,0,0,1,0,0,0,0,0,0,0,0
10/1/1997,ISL,176,Iceland,1997,1,0,0,0,0,0,0,1,0,0,0,0,0,0,0,0
1/1/1998,ISL,176,Iceland,1998,1,0,0,0,0,0,0,1,0,0,0,0,0,0,0,0
4/1/1998,ISL,176,Iceland,1998,1,0,0,0,0,0,0,1,0,0,0,0,0,0,0,0
7/1/1998,ISL,176,Iceland,1998,1,0,0,0,0,0,0,1,0,0,0,0,0,0,0,0
10/1/1998,ISL,176,Iceland,1998,1,0,0,0,0,0,0,1,0,0,0,0,0,0,0,0
1/1/1999,ISL,176,Iceland,1999,1,0,0,0,0,0,0,1,0,0,0,0,0,0,0,0
4/1/1999,ISL,176,Iceland,1999,1,0,0,0,0,0,0,1,0,0,0,0,0,0,0,0
7/1/1999,ISL,176,Iceland,1999,1,0,0,0,0,0,0,1,0,0,0,0,0,0,0,0
10/1/1999,ISL,176,Iceland,1999,1,0,0,0,0,0,0,1,0,0,0,0,0,0,0,0
1/1/2000,ISL,176,Iceland,2000,1,0,0,0,0,0,0,1,0,0,0,0,0,0,0,0
4/1/2000,ISL,176,Iceland,2000,1,0,0,0,0,0,0,1,0,0,0,0,0,0,0,0
7/1/2000,ISL,176,Iceland,2000,1,0,0,0,0,0,0,1,0,0,0,0,0,0,0,0
10/1/2000,ISL,176,Iceland,2000,1,0,0,0,0,0,0,1,0,0,0,0,0,0,0,0
1/1/2001,ISL,176,Iceland,2001,1,0,0,0,0,0,0,1,0,0,0,0,0,0,0,0
4/1/2001,ISL,176,Iceland,2001,1,0,0,0,0,0,0,1,0,0,0,0,0,0,0,0
7/1/2001,ISL,176,Iceland,2001,1,0,0,0,0,0,0,1,0,0,0,0,0,0,0,0
10/1/2001,ISL,176,Iceland,2001,1,0,0,0,0,0,0,1,0,0,0,0,0,0,0,0
1/1/2002,ISL,176,Iceland,2002,1,0,0,0,0,0,0,1,0,0,0,0,0,0,0,0
4/1/2002,ISL,176,Iceland,2002,1,0,0,0,0,0,0,1,0,0,0,0,0,0,0,0
7/1/2002,ISL,176,Iceland,2002,1,0,0,0,0,0,0,1,0,0,0,0,0,0,0,0
10/1/2002,ISL,176,Iceland,2002,1,0,0,0,0,0,0,1,0,0,0,0,0,0,0,0
1/1/2003,ISL,176,Iceland,2003,1,0,0,0,0,0,0,1,0,0,0,0,0,0,0,0
4/1/2003,ISL,176,Iceland,2003,1,0,0,0,0,0,0,1,0,0,0,0,0,0,0,0
7/1/2003,ISL,176,Iceland,2003,1,0,0,0,0,0,0,1,0,0,0,0,0,0,0,0
10/1/2003,ISL,176,Iceland,2003,1,0,0,0,0,0,0,1,0,0,0,0,0,0,0,0
1/1/2004,ISL,176,Iceland,2004,1,0,0,0,0,0,0,1,0,0,0,0,0,0,0,0
4/1/2004,ISL,176,Iceland,2004,1,0,0,0,0,0,0,1,0,0,0,0,0,0,0,0
7/1/2004,ISL,176,Iceland,2004,1,0,0,0,0,0,0,1,0,0,0,0,0,0,0,0
10/1/2004,ISL,176,Iceland,2004,1,0,0,0,0,0,0,1,0,0,0,0,0,0,0,0
1/1/2005,ISL,176,Iceland,2005,1,0,0,0,0,0,0,1,0,0,0,0,0,0,0,0
4/1/2005,ISL,176,Iceland,2005,1,0,0,0,0,0,0,1,0,0,0,0,0,0,0,0
7/1/2005,ISL,176,Iceland,2005,1,0,0,0,0,0,0,1,0,0,0,0,0,0,0,0
10/1/2005,ISL,176,Iceland,2005,1,0,0,0,0,0,0,1,0,0,0,0,0,0,0,0
1/1/2006,ISL,176,Iceland,2006,1,0,0,0,0,0,0,1,0,0,0,0,0,0,0,0
4/1/2006,ISL,176,Iceland,2006,1,0,0,0,0,0,0,1,0,0,0,0,0,0,0,0
7/1/2006,ISL,176,Iceland,2006,1,0,0,0,0,0,0,1,0,0,0,0,0,0,0,0
10/1/2006,ISL,176,Iceland,2006,1,0,0,0,0,0,0,1,0,0,0,0,0,0,0,0
1/1/2007,ISL,176,Iceland,2007,1,0,0,0,0,0,0,1,0,0,0,0,0,0,0,0
4/1/2007,ISL,176,Iceland,2007,1,0,0,0,0,0,0,1,0,0,0,0,0,0,0,0
7/1/2007,ISL,176,Iceland,2007,1,0,0,0,0,0,0,1,0,0,0,0,0,0,0,0
10/1/2007,ISL,176,Iceland,2007,1,0,0,0,0,0,0,1,0,0,0,0,0,0,0,0
1/1/2008,ISL,176,Iceland,2008,1,0,0,0,0,0,0,1,0,0,0,0,0,0,0,0
4/1/2008,ISL,176,Iceland,2008,1,0,0,0,0,0,0,1,0,0,0,0,0,0,0,0
7/1/2008,ISL,176,Iceland,2008,1,0,0,0,0,0,0,1,0,0,0,0,0,0,0,0
10/1/2008,ISL,176,Iceland,2008,1,0,0,0,0,0,0,1,0,0,0,0,0,0,0,0
1/1/2009,ISL,176,Iceland,2009,1,0,0,0,0,0,0,1,0,0,0,0,0,0,0,0
4/1/2009,ISL,176,Iceland,2009,1,0,0,0,0,0,0,1,0,0,0,0,0,0,0,0
7/1/2009,ISL,176,Iceland,2009,1,0,0,0,0,0,0,1,0,0,0,0,0,0,0,0
10/1/2009,ISL,176,Iceland,2009,1,0,0,0,0,0,0,1,0,0,0,0,0,0,0,0
1/1/2010,ISL,176,Iceland,2010,1,0,0,0,0,0,0,1,0,0,0,0,0,0,0,0
4/1/2010,ISL,176,Iceland,2010,1,0,0,0,0,0,0,1,0,0,0,0,0,0,0,0
7/1/2010,ISL,176,Iceland,2010,1,0,0,0,0,0,0,1,0,0,0,0,0,0,0,0
10/1/2010,ISL,176,Iceland,2010,1,0,0,0,0,0,0,1,0,0,0,0,0,0,0,0
1/1/2011,ISL,176,Iceland,2011,1,0,0,0,0,0,0,1,0,0,0,0,0,0,0,0
4/1/2011,ISL,176,Iceland,2011,1,0,0,0,0,0,0,1,0,0,0,0,0,0,0,0
7/1/2011,ISL,176,Iceland,2011,1,0,0,0,0,0,0,1,0,0,0,0,0,0,0,0
10/1/2011,ISL,176,Iceland,2011,1,0,0,0,0,0,0,1,0,0,0,0,0,0,0,0
1/1/2012,ISL,176,Iceland,2012,1,0,0,0,0,0,0,1,0,0,0,0,0,0,0,0
4/1/2012,ISL,176,Iceland,2012,1,0,0,0,0,0,0,1,0,0,0,0,0,0,0,0
7/1/2012,ISL,176,Iceland,2012,1,0,0,0,0,0,0,1,0,0,0,0,0,0,0,0
10/1/2012,ISL,176,Iceland,2012,1,0,0,0,0,0,0,1,0,0,0,0,0,0,0,0
1/1/2013,ISL,176,Iceland,2013,1,0,0,0,0,0,0,1,0,0,0,0,0,0,0,0
4/1/2013,ISL,176,Iceland,2013,1,0,0,0,0,0,0,1,0,0,0,0,0,0,0,0
7/1/2013,ISL,176,Iceland,2013,1,0,0,0,0,0,0,1,0,0,0,0,0,0,0,0
10/1/2013,ISL,176,Iceland,2013,1,0,0,0,0,0,0,1,0,0,0,0,0,0,0,0
1/1/2014,ISL,176,Iceland,2014,1,0,0,0,0,0,0,1,0,0,0,0,0,0,0,0
4/1/2014,ISL,176,Iceland,2014,1,0,0,0,0,0,0,1,0,0,0,0,0,0,0,0
7/1/2014,ISL,176,Iceland,2014,1,0,0,0,0,0,0,1,0,0,0,0,0,0,0,0
10/1/2014,ISL,176,Iceland,2014,1,0,0,0,0,0,0,1,0,0,0,0,0,0,0,0
1/1/2015,ISL,176,Iceland,2015,1,0,0,0,0,0,0,1,0,0,0,0,0,0,0,0
4/1/2015,ISL,176,Iceland,2015,1,0,0,0,0,0,0,1,0,0,0,0,0,0,0,0
7/1/2015,ISL,176,Iceland,2015,1,0,0,0,0,0,0,1,0,0,0,0,0,0,0,0
10/1/2015,ISL,176,Iceland,2015,1,0,0,0,0,0,0,1,0,0,0,0,0,0,0,0
1/1/2016,ISL,176,Iceland,2016,1,0,0,0,0,0,0,1,0,0,0,0,0,0,0,0
4/1/2016,ISL,176,Iceland,2016,1,0,0,0,0,0,0,1,0,0,0,0,0,0,0,0
7/1/2016,ISL,176,Iceland,2016,1,0,0,0,0,0,0,1,0,0,0,0,0,0,0,0
10/1/2016,ISL,176,Iceland,2016,1,0,0,0,0,0,0,1,0,0,0,0,0,0,0,0
1/1/2017,ISL,176,Iceland,2017,1,0,0,0,0,0,0,1,0,0,0,0,0,0,0,0
4/1/2017,ISL,176,Iceland,2017,1,0,0,0,0,0,0,1,0,0,0,0,0,0,0,0
7/1/2017,ISL,176,Iceland,2017,1,0,0,0,0,0,0,1,0,0,0,0,0,0,0,0
10/1/2017,ISL,176,Iceland,2017,1,0,0,0,0,0,0,1,0,0,0,0,0,0,0,0
1/1/2018,ISL,176,Iceland,2018,1,0,0,0,0,0,0,1,0,0,0,0,0,0,0,0
4/1/2018,ISL,176,Iceland,2018,1,0,0,0,0,0,0,1,0,0,0,0,0,0,0,0
7/1/2018,ISL,176,Iceland,2018,1,0,0,0,0,0,0,1,0,0,0,0,0,0,0,0
10/1/2018,ISL,176,Iceland,2018,1,0,0,0,0,0,0,1,0,0,0,0,0,0,0,0
1/1/2019,ISL,176,Iceland,2019,1,0,0,0,0,0,0,1,0,0,0,0,0,0,0,0
4/1/2019,ISL,176,Iceland,2019,1,0,0,0,0,0,0,1,0,0,0,0,0,0,0,0
7/1/2019,ISL,176,Iceland,2019,1,0,0,0,0,0,0,1,0,0,0,0,0,0,0,0
10/1/2019,ISL,176,Iceland,2019,1,0,0,0,0,0,0,1,0,0,0,0,0,0,0,0
1/1/2020,ISL,176,Iceland,2020,1,0,0,0,0,0,0,1,0,0,0,0,0,0,0,0
4/1/2020,ISL,176,Iceland,2020,1,0,0,0,0,0,0,1,0,0,0,0,0,0,0,0
7/1/2020,ISL,176,Iceland,2020,1,0,0,0,0,0,0,1,0,0,0,0,0,0,0,0
10/1/2020,ISL,176,Iceland,2020,1,0,0,0,0,0,0,1,0,0,0,0,0,0,0,0
1/1/2021,ISL,176,Iceland,2021,1,0,0,0,0,0,0,1,0,0,0,0,0,0,0,0
4/1/2021,ISL,176,Iceland,2021,1,0,0,0,0,0,0,1,0,0,0,0,0,0,0,0
7/1/2021,ISL,176,Iceland,2021,1,0,0,0,0,0,0,1,0,0,0,0,0,0,0,0
10/1/2021,ISL,176,Iceland,2021,1,0,0,0,0,0,0,1,0,0,0,0,0,0,0,0
1/1/2022,ISL,176,Iceland,2022,1,0,0,0,0,0,0,1,0,0,0,0,0,0,0,0
4/1/2022,ISL,176,Iceland,2022,1,0,0,0,0,0,0,1,0,0,0,0,0,0,0,0
7/1/2022,ISL,176,Iceland,2022,1,0,0,0,0,0,0,1,0,0,0,0,0,0,0,0
10/1/2022,ISL,176,Iceland,2022,1,0,0,0,0,0,0,1,0,0,0,0,0,0,0,0
1/1/2023,ISL,176,Iceland,2023,1,0,0,0,0,0,0,1,0,0,0,0,0,0,0,0
4/1/2023,ISL,176,Iceland,2023,1,0,0,0,0,0,0,1,0,0,0,0,0,0,0,0
7/1/2023,ISL,176,Iceland,2023,1,0,0,0,0,0,0,1,0,0,0,0,0,0,0,0
10/1/2023,ISL,176,Iceland,2023,1,0,0,0,0,0,0,1,0,0,0,0,0,0,0,0
1/1/2024,ISL,176,Iceland,2024,1,0,0,0,0,0,0,1,0,0,0,0,0,0,0,0
4/1/2024,ISL,176,Iceland,2024,1,0,0,0,0,0,0,1,0,0,0,0,0,0,0,0
7/1/2024,ISL,176,Iceland,2024,1,0,0,0,0,0,0,1,0,0,0,0,0,0,0,0
10/1/2024,ISL,176,Iceland,2024,1,0,0,0,0,0,0,1,0,0,0,0,0,0,0,0
1/1/1990,IRL,178,Ireland,1990,1,0,0,0,0,0,0,1,0,0,0,0,0,1,0,0
4/1/1990,IRL,178,Ireland,1990,1,0,0,0,0,0,0,1,0,0,0,0,0,1,0,0
7/1/1990,IRL,178,Ireland,1990,1,0,0,0,0,0,0,1,0,0,0,0,0,1,0,0
10/1/1990,IRL,178,Ireland,1990,1,0,0,0,0,0,0,1,0,0,0,0,0,1,0,0
1/1/1991,IRL,178,Ireland,1991,1,0,0,0,0,0,0,1,0,0,0,0,0,1,0,0
4/1/1991,IRL,178,Ireland,1991,1,0,0,0,0,0,0,1,0,0,0,0,0,1,0,0
7/1/1991,IRL,178,Ireland,1991,1,0,0,0,0,0,0,1,0,0,0,0,0,1,0,0
10/1/1991,IRL,178,Ireland,1991,1,0,0,0,0,0,0,1,0,0,0,0,0,1,0,0
1/1/1992,IRL,178,Ireland,1992,1,0,0,0,0,0,0,1,0,0,0,0,0,1,0,0
4/1/1992,IRL,178,Ireland,1992,1,0,0,0,0,0,0,1,0,0,0,0,0,1,0,0
7/1/1992,IRL,178,Ireland,1992,1,0,0,0,0,0,0,1,0,0,0,0,0,1,0,0
10/1/1992,IRL,178,Ireland,1992,1,0,0,0,0,0,0,1,0,0,0,0,0,1,0,0
1/1/1993,IRL,178,Ireland,1993,1,0,0,0,0,0,0,1,0,0,0,0,0,1,0,0
4/1/1993,IRL,178,Ireland,1993,1,0,0,0,0,0,0,1,0,0,0,0,0,1,0,0
7/1/1993,IRL,178,Ireland,1993,1,0,0,0,0,0,0,1,0,0,0,0,0,1,0,0
10/1/1993,IRL,178,Ireland,1993,1,0,0,0,0,0,0,1,0,0,0,0,0,1,0,0
1/1/1994,IRL,178,Ireland,1994,1,0,0,0,0,0,0,1,0,0,0,0,0,1,0,0
4/1/1994,IRL,178,Ireland,1994,1,0,0,0,0,0,0,1,0,0,0,0,0,1,0,0
7/1/1994,IRL,178,Ireland,1994,1,0,0,0,0,0,0,1,0,0,0,0,0,1,0,0
10/1/1994,IRL,178,Ireland,1994,1,0,0,0,0,0,0,1,0,0,0,0,0,1,0,0
1/1/1995,IRL,178,Ireland,1995,1,0,0,0,0,0,0,1,0,0,0,0,0,1,0,0
4/1/1995,IRL,178,Ireland,1995,1,0,0,0,0,0,0,1,0,0,0,0,0,1,0,0
7/1/1995,IRL,178,Ireland,1995,1,0,0,0,0,0,0,1,0,0,0,0,0,1,0,0
10/1/1995,IRL,178,Ireland,1995,1,0,0,0,0,0,0,1,0,0,0,0,0,1,0,0
1/1/1996,IRL,178,Ireland,1996,1,0,0,0,0,0,0,1,0,0,0,0,0,1,0,0
4/1/1996,IRL,178,Ireland,1996,1,0,0,0,0,0,0,1,0,0,0,0,0,1,0,0
7/1/1996,IRL,178,Ireland,1996,1,0,0,0,0,0,0,1,0,0,0,0,0,1,0,0
10/1/1996,IRL,178,Ireland,1996,1,0,0,0,0,0,0,1,0,0,0,0,0,1,0,0
1/1/1997,IRL,178,Ireland,1997,1,0,0,0,0,0,0,1,0,0,0,0,0,1,0,0
4/1/1997,IRL,178,Ireland,1997,1,0,0,0,0,0,0,1,0,0,0,0,0,1,0,0
7/1/1997,IRL,178,Ireland,1997,1,0,0,0,0,0,0,1,0,0,0,0,0,1,0,0
10/1/1997,IRL,178,Ireland,1997,1,0,0,0,0,0,0,1,0,0,0,0,0,1,0,0
1/1/1998,IRL,178,Ireland,1998,1,0,0,0,0,0,0,1,0,0,0,0,0,1,0,0
4/1/1998,IRL,178,Ireland,1998,1,0,0,0,0,0,0,1,0,0,0,0,0,1,0,0
7/1/1998,IRL,178,Ireland,1998,1,0,0,0,0,0,0,1,0,0,0,0,0,1,0,0
10/1/1998,IRL,178,Ireland,1998,1,0,0,0,0,0,0,1,0,0,0,0,0,1,0,0
1/1/1999,IRL,178,Ireland,1999,1,0,0,0,0,0,0,1,0,0,0,0,0,1,1,1
4/1/1999,IRL,178,Ireland,1999,1,0,0,0,0,0,0,1,0,0,0,0,0,1,1,0
7/1/1999,IRL,178,Ireland,1999,1,0,0,0,0,0,0,1,0,0,0,0,0,1,1,0
10/1/1999,IRL,178,Ireland,1999,1,0,0,0,0,0,0,1,0,0,0,0,0,1,1,0
1/1/2000,IRL,178,Ireland,2000,1,0,0,0,0,0,0,1,0,0,0,0,0,1,1,0
4/1/2000,IRL,178,Ireland,2000,1,0,0,0,0,0,0,1,0,0,0,0,0,1,1,0
7/1/2000,IRL,178,Ireland,2000,1,0,0,0,0,0,0,1,0,0,0,0,0,1,1,0
10/1/2000,IRL,178,Ireland,2000,1,0,0,0,0,0,0,1,0,0,0,0,0,1,1,0
1/1/2001,IRL,178,Ireland,2001,1,0,0,0,0,0,0,1,0,0,0,0,0,1,1,0
4/1/2001,IRL,178,Ireland,2001,1,0,0,0,0,0,0,1,0,0,0,0,0,1,1,0
7/1/2001,IRL,178,Ireland,2001,1,0,0,0,0,0,0,1,0,0,0,0,0,1,1,0
10/1/2001,IRL,178,Ireland,2001,1,0,0,0,0,0,0,1,0,0,0,0,0,1,1,0
1/1/2002,IRL,178,Ireland,2002,1,0,0,0,0,0,0,1,0,0,0,0,0,1,1,0
4/1/2002,IRL,178,Ireland,2002,1,0,0,0,0,0,0,1,0,0,0,0,0,1,1,0
7/1/2002,IRL,178,Ireland,2002,1,0,0,0,0,0,0,1,0,0,0,0,0,1,1,0
10/1/2002,IRL,178,Ireland,2002,1,0,0,0,0,0,0,1,0,0,0,0,0,1,1,0
1/1/2003,IRL,178,Ireland,2003,1,0,0,0,0,0,0,1,0,0,0,0,0,1,1,0
4/1/2003,IRL,178,Ireland,2003,1,0,0,0,0,0,0,1,0,0,0,0,0,1,1,0
7/1/2003,IRL,178,Ireland,2003,1,0,0,0,0,0,0,1,0,0,0,0,0,1,1,0
10/1/2003,IRL,178,Ireland,2003,1,0,0,0,0,0,0,1,0,0,0,0,0,1,1,0
1/1/2004,IRL,178,Ireland,2004,1,0,0,0,0,0,0,1,0,0,0,0,0,1,1,0
4/1/2004,IRL,178,Ireland,2004,1,0,0,0,0,0,0,1,0,0,0,0,0,1,1,0
7/1/2004,IRL,178,Ireland,2004,1,0,0,0,0,0,0,1,0,0,0,0,0,1,1,0
10/1/2004,IRL,178,Ireland,2004,1,0,0,0,0,0,0,1,0,0,0,0,0,1,1,0
1/1/2005,IRL,178,Ireland,2005,1,0,0,0,0,0,0,1,0,0,0,0,0,1,1,0
4/1/2005,IRL,178,Ireland,2005,1,0,0,0,0,0,0,1,0,0,0,0,0,1,1,0
7/1/2005,IRL,178,Ireland,2005,1,0,0,0,0,0,0,1,0,0,0,0,0,1,1,0
10/1/2005,IRL,178,Ireland,2005,1,0,0,0,0,0,0,1,0,0,0,0,0,1,1,0
1/1/2006,IRL,178,Ireland,2006,1,0,0,0,0,0,0,1,0,0,0,0,0,1,1,0
4/1/2006,IRL,178,Ireland,2006,1,0,0,0,0,0,0,1,0,0,0,0,0,1,1,0
7/1/2006,IRL,178,Ireland,2006,1,0,0,0,0,0,0,1,0,0,0,0,0,1,1,0
10/1/2006,IRL,178,Ireland,2006,1,0,0,0,0,0,0,1,0,0,0,0,0,1,1,0
1/1/2007,IRL,178,Ireland,2007,1,0,0,0,0,0,0,1,0,0,0,0,0,1,1,0
4/1/2007,IRL,178,Ireland,2007,1,0,0,0,0,0,0,1,0,0,0,0,0,1,1,0
7/1/2007,IRL,178,Ireland,2007,1,0,0,0,0,0,0,1,0,0,0,0,0,1,1,0
10/1/2007,IRL,178,Ireland,2007,1,0,0,0,0,0,0,1,0,0,0,0,0,1,1,0
1/1/2008,IRL,178,Ireland,2008,1,0,0,0,0,0,0,1,0,0,0,0,0,1,1,0
4/1/2008,IRL,178,Ireland,2008,1,0,0,0,0,0,0,1,0,0,0,0,0,1,1,0
7/1/2008,IRL,178,Ireland,2008,1,0,0,0,0,0,0,1,0,0,0,0,0,1,1,0
10/1/2008,IRL,178,Ireland,2008,1,0,0,0,0,0,0,1,0,0,0,0,0,1,1,0
1/1/2009,IRL,178,Ireland,2009,1,0,0,0,0,0,0,1,0,0,0,0,0,1,1,0
4/1/2009,IRL,178,Ireland,2009,1,0,0,0,0,0,0,1,0,0,0,0,0,1,1,0
7/1/2009,IRL,178,Ireland,2009,1,0,0,0,0,0,0,1,0,0,0,0,0,1,1,0
10/1/2009,IRL,178,Ireland,2009,1,0,0,0,0,0,0,1,0,0,0,0,0,1,1,0
1/1/2010,IRL,178,Ireland,2010,1,0,0,0,0,0,0,1,0,0,0,0,0,1,1,0
4/1/2010,IRL,178,Ireland,2010,1,0,0,0,0,0,0,1,0,0,0,0,0,1,1,0
7/1/2010,IRL,178,Ireland,2010,1,0,0,0,0,0,0,1,0,0,0,0,0,1,1,0
10/1/2010,IRL,178,Ireland,2010,1,0,0,0,0,0,0,1,0,0,0,0,0,1,1,0
1/1/2011,IRL,178,Ireland,2011,1,0,0,0,0,0,0,1,0,0,0,0,0,1,1,0
4/1/2011,IRL,178,Ireland,2011,1,0,0,0,0,0,0,1,0,0,0,0,0,1,1,0
7/1/2011,IRL,178,Ireland,2011,1,0,0,0,0,0,0,1,0,0,0,0,0,1,1,0
10/1/2011,IRL,178,Ireland,2011,1,0,0,0,0,0,0,1,0,0,0,0,0,1,1,0
1/1/2012,IRL,178,Ireland,2012,1,0,0,0,0,0,0,1,0,0,0,0,0,1,1,0
4/1/2012,IRL,178,Ireland,2012,1,0,0,0,0,0,0,1,0,0,0,0,0,1,1,0
7/1/2012,IRL,178,Ireland,2012,1,0,0,0,0,0,0,1,0,0,0,0,0,1,1,0
10/1/2012,IRL,178,Ireland,2012,1,0,0,0,0,0,0,1,0,0,0,0,0,1,1,0
1/1/2013,IRL,178,Ireland,2013,1,0,0,0,0,0,0,1,0,0,0,0,0,1,1,0
4/1/2013,IRL,178,Ireland,2013,1,0,0,0,0,0,0,1,0,0,0,0,0,1,1,0
7/1/2013,IRL,178,Ireland,2013,1,0,0,0,0,0,0,1,0,0,0,0,0,1,1,0
10/1/2013,IRL,178,Ireland,2013,1,0,0,0,0,0,0,1,0,0,0,0,0,1,1,0
1/1/2014,IRL,178,Ireland,2014,1,0,0,0,0,0,0,1,0,0,0,0,0,1,1,0
4/1/2014,IRL,178,Ireland,2014,1,0,0,0,0,0,0,1,0,0,0,0,0,1,1,0
7/1/2014,IRL,178,Ireland,2014,1,0,0,0,0,0,0,1,0,0,0,0,0,1,1,0
10/1/2014,IRL,178,Ireland,2014,1,0,0,0,0,0,0,1,0,0,0,0,0,1,1,0
1/1/2015,IRL,178,Ireland,2015,1,0,0,0,0,0,0,1,0,0,0,0,0,1,1,0
4/1/2015,IRL,178,Ireland,2015,1,0,0,0,0,0,0,1,0,0,0,0,0,1,1,0
7/1/2015,IRL,178,Ireland,2015,1,0,0,0,0,0,0,1,0,0,0,0,0,1,1,0
10/1/2015,IRL,178,Ireland,2015,1,0,0,0,0,0,0,1,0,0,0,0,0,1,1,0
1/1/2016,IRL,178,Ireland,2016,1,0,0,0,0,0,0,1,0,0,0,0,0,1,1,0
4/1/2016,IRL,178,Ireland,2016,1,0,0,0,0,0,0,1,0,0,0,0,0,1,1,0
7/1/2016,IRL,178,Ireland,2016,1,0,0,0,0,0,0,1,0,0,0,0,0,1,1,0
10/1/2016,IRL,178,Ireland,2016,1,0,0,0,0,0,0,1,0,0,0,0,0,1,1,0
1/1/2017,IRL,178,Ireland,2017,1,0,0,0,0,0,0,1,0,0,0,0,0,1,1,0
4/1/2017,IRL,178,Ireland,2017,1,0,0,0,0,0,0,1,0,0,0,0,0,1,1,0
7/1/2017,IRL,178,Ireland,2017,1,0,0,0,0,0,0,1,0,0,0,0,0,1,1,0
10/1/2017,IRL,178,Ireland,2017,1,0,0,0,0,0,0,1,0,0,0,0,0,1,1,0
1/1/2018,IRL,178,Ireland,2018,1,0,0,0,0,0,0,1,0,0,0,0,0,1,1,0
4/1/2018,IRL,178,Ireland,2018,1,0,0,0,0,0,0,1,0,0,0,0,0,1,1,0
7/1/2018,IRL,178,Ireland,2018,1,0,0,0,0,0,0,1,0,0,0,0,0,1,1,0
10/1/2018,IRL,178,Ireland,2018,1,0,0,0,0,0,0,1,0,0,0,0,0,1,1,0
1/1/2019,IRL,178,Ireland,2019,1,0,0,0,0,0,0,1,0,0,0,0,0,1,1,0
4/1/2019,IRL,178,Ireland,2019,1,0,0,0,0,0,0,1,0,0,0,0,0,1,1,0
7/1/2019,IRL,178,Ireland,2019,1,0,0,0,0,0,0,1,0,0,0,0,0,1,1,0
10/1/2019,IRL,178,Ireland,2019,1,0,0,0,0,0,0,1,0,0,0,0,0,1,1,0
1/1/2020,IRL,178,Ireland,2020,1,0,0,0,0,0,0,1,0,0,0,0,0,1,1,0
4/1/2020,IRL,178,Ireland,2020,1,0,0,0,0,0,0,1,0,0,0,0,0,1,1,0
7/1/2020,IRL,178,Ireland,2020,1,0,0,0,0,0,0,1,0,0,0,0,0,1,1,0
10/1/2020,IRL,178,Ireland,2020,1,0,0,0,0,0,0,1,0,0,0,0,0,1,1,0
1/1/2021,IRL,178,Ireland,2021,1,0,0,0,0,0,0,1,0,0,0,0,0,1,1,0
4/1/2021,IRL,178,Ireland,2021,1,0,0,0,0,0,0,1,0,0,0,0,0,1,1,0
7/1/2021,IRL,178,Ireland,2021,1,0,0,0,0,0,0,1,0,0,0,0,0,1,1,0
10/1/2021,IRL,178,Ireland,2021,1,0,0,0,0,0,0,1,0,0,0,0,0,1,1,0
1/1/2022,IRL,178,Ireland,2022,1,0,0,0,0,0,0,1,0,0,0,0,0,1,1,0
4/1/2022,IRL,178,Ireland,2022,1,0,0,0,0,0,0,1,0,0,0,0,0,1,1,0
7/1/2022,IRL,178,Ireland,2022,1,0,0,0,0,0,0,1,0,0,0,0,0,1,1,0
10/1/2022,IRL,178,Ireland,2022,1,0,0,0,0,0,0,1,0,0,0,0,0,1,1,0
1/1/2023,IRL,178,Ireland,2023,1,0,0,0,0,0,0,1,0,0,0,0,0,1,1,0
4/1/2023,IRL,178,Ireland,2023,1,0,0,0,0,0,0,1,0,0,0,0,0,1,1,0
7/1/2023,IRL,178,Ireland,2023,1,0,0,0,0,0,0,1,0,0,0,0,0,1,1,0
10/1/2023,IRL,178,Ireland,2023,1,0,0,0,0,0,0,1,0,0,0,0,0,1,1,0
1/1/2024,IRL,178,Ireland,2024,1,0,0,0,0,0,0,1,0,0,0,0,0,1,1,0
4/1/2024,IRL,178,Ireland,2024,1,0,0,0,0,0,0,1,0,0,0,0,0,1,1,0
7/1/2024,IRL,178,Ireland,2024,1,0,0,0,0,0,0,1,0,0,0,0,0,1,1,0
10/1/2024,IRL,178,Ireland,2024,1,0,0,0,0,0,0,1,0,0,0,0,0,1,1,0
1/1/2004,MLT,181,Malta,2004,1,0,0,0,0,0,0,1,0,0,0,0,0,1,0,0
4/1/2004,MLT,181,Malta,2004,1,0,0,0,0,0,0,1,0,0,0,0,0,1,0,0
7/1/2004,MLT,181,Malta,2004,1,0,0,0,0,0,0,1,0,0,0,0,0,1,0,0
10/1/2004,MLT,181,Malta,2004,1,0,0,0,0,0,0,1,0,0,0,0,0,1,0,0
1/1/2005,MLT,181,Malta,2005,1,0,0,0,0,0,0,1,0,0,0,0,0,1,0,0
4/1/2005,MLT,181,Malta,2005,1,0,0,0,0,0,0,1,0,0,0,0,0,1,0,0
7/1/2005,MLT,181,Malta,2005,1,0,0,0,0,0,0,1,0,0,0,0,0,1,0,0
10/1/2005,MLT,181,Malta,2005,1,0,0,0,0,0,0,1,0,0,0,0,0,1,0,0
1/1/2006,MLT,181,Malta,2006,1,0,0,0,0,0,0,1,0,0,0,0,0,1,0,0
4/1/2006,MLT,181,Malta,2006,1,0,0,0,0,0,0,1,0,0,0,0,0,1,0,0
7/1/2006,MLT,181,Malta,2006,1,0,0,0,0,0,0,1,0,0,0,0,0,1,0,0
10/1/2006,MLT,181,Malta,2006,1,0,0,0,0,0,0,1,0,0,0,0,0,1,0,0
1/1/2007,MLT,181,Malta,2007,1,0,0,0,0,0,0,1,0,0,0,0,0,1,0,0
4/1/2007,MLT,181,Malta,2007,1,0,0,0,0,0,0,1,0,0,0,0,0,1,0,0
7/1/2007,MLT,181,Malta,2007,1,0,0,0,0,0,0,1,0,0,0,0,0,1,0,0
10/1/2007,MLT,181,Malta,2007,1,0,0,0,0,0,0,1,0,0,0,0,0,1,0,0
1/1/2008,MLT,181,Malta,2008,1,0,0,0,0,0,0,1,0,0,0,0,0,1,1,1
4/1/2008,MLT,181,Malta,2008,1,0,0,0,0,0,0,1,0,0,0,0,0,1,1,0
7/1/2008,MLT,181,Malta,2008,1,0,0,0,0,0,0,1,0,0,0,0,0,1,1,0
10/1/2008,MLT,181,Malta,2008,1,0,0,0,0,0,0,1,0,0,0,0,0,1,1,0
1/1/2009,MLT,181,Malta,2009,1,0,0,0,0,0,0,1,0,0,0,0,0,1,1,0
4/1/2009,MLT,181,Malta,2009,1,0,0,0,0,0,0,1,0,0,0,0,0,1,1,0
7/1/2009,MLT,181,Malta,2009,1,0,0,0,0,0,0,1,0,0,0,0,0,1,1,0
10/1/2009,MLT,181,Malta,2009,1,0,0,0,0,0,0,1,0,0,0,0,0,1,1,0
1/1/2010,MLT,181,Malta,2010,1,0,0,0,0,0,0,1,0,0,0,0,0,1,1,0
4/1/2010,MLT,181,Malta,2010,1,0,0,0,0,0,0,1,0,0,0,0,0,1,1,0
7/1/2010,MLT,181,Malta,2010,1,0,0,0,0,0,0,1,0,0,0,0,0,1,1,0
10/1/2010,MLT,181,Malta,2010,1,0,0,0,0,0,0,1,0,0,0,0,0,1,1,0
1/1/2011,MLT,181,Malta,2011,1,0,0,0,0,0,0,1,0,0,0,0,0,1,1,0
4/1/2011,MLT,181,Malta,2011,1,0,0,0,0,0,0,1,0,0,0,0,0,1,1,0
7/1/2011,MLT,181,Malta,2011,1,0,0,0,0,0,0,1,0,0,0,0,0,1,1,0
10/1/2011,MLT,181,Malta,2011,1,0,0,0,0,0,0,1,0,0,0,0,0,1,1,0
1/1/2012,MLT,181,Malta,2012,1,0,0,0,0,0,0,1,0,0,0,0,0,1,1,0
4/1/2012,MLT,181,Malta,2012,1,0,0,0,0,0,0,1,0,0,0,0,0,1,1,0
7/1/2012,MLT,181,Malta,2012,1,0,0,0,0,0,0,1,0,0,0,0,0,1,1,0
10/1/2012,MLT,181,Malta,2012,1,0,0,0,0,0,0,1,0,0,0,0,0,1,1,0
1/1/2013,MLT,181,Malta,2013,1,0,0,0,0,0,0,1,0,0,0,0,0,1,1,0
4/1/2013,MLT,181,Malta,2013,1,0,0,0,0,0,0,1,0,0,0,0,0,1,1,0
7/1/2013,MLT,181,Malta,2013,1,0,0,0,0,0,0,1,0,0,0,0,0,1,1,0
10/1/2013,MLT,181,Malta,2013,1,0,0,0,0,0,0,1,0,0,0,0,0,1,1,0
1/1/2014,MLT,181,Malta,2014,1,0,0,0,0,0,0,1,0,0,0,0,0,1,1,0
4/1/2014,MLT,181,Malta,2014,1,0,0,0,0,0,0,1,0,0,0,0,0,1,1,0
7/1/2014,MLT,181,Malta,2014,1,0,0,0,0,0,0,1,0,0,0,0,0,1,1,0
10/1/2014,MLT,181,Malta,2014,1,0,0,0,0,0,0,1,0,0,0,0,0,1,1,0
1/1/2015,MLT,181,Malta,2015,1,0,0,0,0,0,0,1,0,0,0,0,0,1,1,0
4/1/2015,MLT,181,Malta,2015,1,0,0,0,0,0,0,1,0,0,0,0,0,1,1,0
7/1/2015,MLT,181,Malta,2015,1,0,0,0,0,0,0,1,0,0,0,0,0,1,1,0
10/1/2015,MLT,181,Malta,2015,1,0,0,0,0,0,0,1,0,0,0,0,0,1,1,0
1/1/2016,MLT,181,Malta,2016,1,0,0,0,0,0,0,1,0,0,0,0,0,1,1,0
4/1/2016,MLT,181,Malta,2016,1,0,0,0,0,0,0,1,0,0,0,0,0,1,1,0
7/1/2016,MLT,181,Malta,2016,1,0,0,0,0,0,0,1,0,0,0,0,0,1,1,0
10/1/2016,MLT,181,Malta,2016,1,0,0,0,0,0,0,1,0,0,0,0,0,1,1,0
1/1/2017,MLT,181,Malta,2017,1,0,0,0,0,0,0,1,0,0,0,0,0,1,1,0
4/1/2017,MLT,181,Malta,2017,1,0,0,0,0,0,0,1,0,0,0,0,0,1,1,0
7/1/2017,MLT,181,Malta,2017,1,0,0,0,0,0,0,1,0,0,0,0,0,1,1,0
10/1/2017,MLT,181,Malta,2017,1,0,0,0,0,0,0,1,0,0,0,0,0,1,1,0
1/1/2018,MLT,181,Malta,2018,1,0,0,0,0,0,0,1,0,0,0,0,0,1,1,0
4/1/2018,MLT,181,Malta,2018,1,0,0,0,0,0,0,1,0,0,0,0,0,1,1,0
7/1/2018,MLT,181,Malta,2018,1,0,0,0,0,0,0,1,0,0,0,0,0,1,1,0
10/1/2018,MLT,181,Malta,2018,1,0,0,0,0,0,0,1,0,0,0,0,0,1,1,0
1/1/2019,MLT,181,Malta,2019,1,0,0,0,0,0,0,1,0,0,0,0,0,1,1,0
4/1/2019,MLT,181,Malta,2019,1,0,0,0,0,0,0,1,0,0,0,0,0,1,1,0
7/1/2019,MLT,181,Malta,2019,1,0,0,0,0,0,0,1,0,0,0,0,0,1,1,0
10/1/2019,MLT,181,Malta,2019,1,0,0,0,0,0,0,1,0,0,0,0,0,1,1,0
1/1/2020,MLT,181,Malta,2020,1,0,0,0,0,0,0,1,0,0,0,0,0,1,1,0
4/1/2020,MLT,181,Malta,2020,1,0,0,0,0,0,0,1,0,0,0,0,0,1,1,0
7/1/2020,MLT,181,Malta,2020,1,0,0,0,0,0,0,1,0,0,0,0,0,1,1,0
10/1/2020,MLT,181,Malta,2020,1,0,0,0,0,0,0,1,0,0,0,0,0,1,1,0
1/1/2021,MLT,181,Malta,2021,1,0,0,0,0,0,0,1,0,0,0,0,0,1,1,0
4/1/2021,MLT,181,Malta,2021,1,0,0,0,0,0,0,1,0,0,0,0,0,1,1,0
7/1/2021,MLT,181,Malta,2021,1,0,0,0,0,0,0,1,0,0,0,0,0,1,1,0
10/1/2021,MLT,181,Malta,2021,1,0,0,0,0,0,0,1,0,0,0,0,0,1,1,0
1/1/2022,MLT,181,Malta,2022,1,0,0,0,0,0,0,1,0,0,0,0,0,1,1,0
4/1/2022,MLT,181,Malta,2022,1,0,0,0,0,0,0,1,0,0,0,0,0,1,1,0
7/1/2022,MLT,181,Malta,2022,1,0,0,0,0,0,0,1,0,0,0,0,0,1,1,0
10/1/2022,MLT,181,Malta,2022,1,0,0,0,0,0,0,1,0,0,0,0,0,1,1,0
1/1/2023,MLT,181,Malta,2023,1,0,0,0,0,0,0,1,0,0,0,0,0,1,1,0
4/1/2023,MLT,181,Malta,2023,1,0,0,0,0,0,0,1,0,0,0,0,0,1,1,0
7/1/2023,MLT,181,Malta,2023,1,0,0,0,0,0,0,1,0,0,0,0,0,1,1,0
10/1/2023,MLT,181,Malta,2023,1,0,0,0,0,0,0,1,0,0,0,0,0,1,1,0
1/1/2024,MLT,181,Malta,2024,1,0,0,0,0,0,0,1,0,0,0,0,0,1,1,0
4/1/2024,MLT,181,Malta,2024,1,0,0,0,0,0,0,1,0,0,0,0,0,1,1,0
7/1/2024,MLT,181,Malta,2024,1,0,0,0,0,0,0,1,0,0,0,0,0,1,1,0
1/1/1977,PRT,182,Portugal,1977,1,0,0,0,0,0,0,1,0,0,0,0,0,0,0,0
4/1/1977,PRT,182,Portugal,1977,1,0,0,0,0,0,0,1,0,0,0,0,0,0,0,0
7/1/1977,PRT,182,Portugal,1977,1,0,0,0,0,0,0,1,0,0,0,0,0,0,0,0
10/1/1977,PRT,182,Portugal,1977,1,0,0,0,0,0,0,1,0,0,0,0,0,0,0,0
1/1/1978,PRT,182,Portugal,1978,1,0,0,0,0,0,0,1,0,0,0,0,0,0,0,0
4/1/1978,PRT,182,Portugal,1978,1,0,0,0,0,0,0,1,0,0,0,0,0,0,0,0
7/1/1978,PRT,182,Portugal,1978,1,0,0,0,0,0,0,1,0,0,0,0,0,0,0,0
10/1/1978,PRT,182,Portugal,1978,1,0,0,0,0,0,0,1,0,0,0,0,0,0,0,0
1/1/1979,PRT,182,Portugal,1979,1,0,0,0,0,0,0,1,0,0,0,0,0,0,0,0
4/1/1979,PRT,182,Portugal,1979,1,0,0,0,0,0,0,1,0,0,0,0,0,0,0,0
7/1/1979,PRT,182,Portugal,1979,1,0,0,0,0,0,0,1,0,0,0,0,0,0,0,0
10/1/1979,PRT,182,Portugal,1979,1,0,0,0,0,0,0,1,0,0,0,0,0,0,0,0
1/1/1980,PRT,182,Portugal,1980,1,0,0,0,0,0,0,1,0,0,0,0,0,0,0,0
4/1/1980,PRT,182,Portugal,1980,1,0,0,0,0,0,0,1,0,0,0,0,0,0,0,0
7/1/1980,PRT,182,Portugal,1980,1,0,0,0,0,0,0,1,0,0,0,0,0,0,0,0
10/1/1980,PRT,182,Portugal,1980,1,0,0,0,0,0,0,1,0,0,0,0,0,0,0,0
1/1/1981,PRT,182,Portugal,1981,1,0,0,0,0,0,0,1,0,0,0,0,0,0,0,0
4/1/1981,PRT,182,Portugal,1981,1,0,0,0,0,0,0,1,0,0,0,0,0,0,0,0
7/1/1981,PRT,182,Portugal,1981,1,0,0,0,0,0,0,1,0,0,0,0,0,0,0,0
10/1/1981,PRT,182,Portugal,1981,1,0,0,0,0,0,0,1,0,0,0,0,0,0,0,0
1/1/1982,PRT,182,Portugal,1982,1,0,0,0,0,0,0,1,0,0,0,0,0,0,0,0
4/1/1982,PRT,182,Portugal,1982,1,0,0,0,0,0,0,1,0,0,0,0,0,0,0,0
7/1/1982,PRT,182,Portugal,1982,1,0,0,0,0,0,0,1,0,0,0,0,0,0,0,0
10/1/1982,PRT,182,Portugal,1982,1,0,0,0,0,0,0,1,0,0,0,0,0,0,0,0
1/1/1983,PRT,182,Portugal,1983,1,0,0,0,0,0,0,1,0,0,0,0,0,0,0,0
4/1/1983,PRT,182,Portugal,1983,1,0,0,0,0,0,0,1,0,0,0,0,0,0,0,0
7/1/1983,PRT,182,Portugal,1983,1,0,0,0,0,0,0,1,0,0,0,0,0,0,0,0
10/1/1983,PRT,182,Portugal,1983,1,0,0,0,0,0,0,1,0,0,0,0,0,0,0,0
1/1/1984,PRT,182,Portugal,1984,1,0,0,0,0,0,0,1,0,0,0,0,0,0,0,0
4/1/1984,PRT,182,Portugal,1984,1,0,0,0,0,0,0,1,0,0,0,0,0,0,0,0
7/1/1984,PRT,182,Portugal,1984,1,0,0,0,0,0,0,1,0,0,0,0,0,0,0,0
10/1/1984,PRT,182,Portugal,1984,1,0,0,0,0,0,0,1,0,0,0,0,0,0,0,0
1/1/1985,PRT,182,Portugal,1985,1,0,0,0,0,0,0,1,0,0,0,0,0,0,0,0
4/1/1985,PRT,182,Portugal,1985,1,0,0,0,0,0,0,1,0,0,0,0,0,0,0,0
7/1/1985,PRT,182,Portugal,1985,1,0,0,0,0,0,0,1,0,0,0,0,0,0,0,0
10/1/1985,PRT,182,Portugal,1985,1,0,0,0,0,0,0,1,0,0,0,0,0,0,0,0
1/1/1986,PRT,182,Portugal,1986,1,0,0,0,0,0,0,1,0,0,0,0,0,0,0,0
4/1/1986,PRT,182,Portugal,1986,1,0,0,0,0,0,0,1,0,0,0,0,0,0,0,0
7/1/1986,PRT,182,Portugal,1986,1,0,0,0,0,0,0,1,0,0,0,0,0,0,0,0
10/1/1986,PRT,182,Portugal,1986,1,0,0,0,0,0,0,1,0,0,0,0,0,0,0,0
1/1/1987,PRT,182,Portugal,1987,1,0,0,0,0,0,0,1,0,0,0,0,0,0,0,0
4/1/1987,PRT,182,Portugal,1987,1,0,0,0,0,0,0,1,0,0,0,0,0,0,0,0
7/1/1987,PRT,182,Portugal,1987,1,0,0,0,0,0,0,1,0,0,0,0,0,0,0,0
10/1/1987,PRT,182,Portugal,1987,1,0,0,0,0,0,0,1,0,0,0,0,0,0,0,0
1/1/1988,PRT,182,Portugal,1988,1,0,0,0,0,0,0,1,0,0,0,0,0,0,0,0
4/1/1988,PRT,182,Portugal,1988,1,0,0,0,0,0,0,1,0,0,0,0,0,0,0,0
7/1/1988,PRT,182,Portugal,1988,1,0,0,0,0,0,0,1,0,0,0,0,0,0,0,0
10/1/1988,PRT,182,Portugal,1988,1,0,0,0,0,0,0,1,0,0,0,0,0,0,0,0
1/1/1989,PRT,182,Portugal,1989,1,0,0,0,0,0,0,1,0,0,0,0,0,0,0,0
4/1/1989,PRT,182,Portugal,1989,1,0,0,0,0,0,0,1,0,0,0,0,0,0,0,0
7/1/1989,PRT,182,Portugal,1989,1,0,0,0,0,0,0,1,0,0,0,0,0,0,0,0
10/1/1989,PRT,182,Portugal,1989,1,0,0,0,0,0,0,1,0,0,0,0,0,0,0,0
1/1/1990,PRT,182,Portugal,1990,1,0,0,0,0,0,0,1,0,0,0,0,0,0,0,0
4/1/1990,PRT,182,Portugal,1990,1,0,0,0,0,0,0,1,0,0,0,0,0,0,0,0
7/1/1990,PRT,182,Portugal,1990,1,0,0,0,0,0,0,1,0,0,0,0,0,0,0,0
10/1/1990,PRT,182,Portugal,1990,1,0,0,0,0,0,0,1,0,0,0,0,0,0,0,0
1/1/1991,PRT,182,Portugal,1991,1,0,0,0,0,0,0,1,0,0,0,0,0,0,0,0
4/1/1991,PRT,182,Portugal,1991,1,0,0,0,0,0,0,1,0,0,0,0,0,0,0,0
7/1/1991,PRT,182,Portugal,1991,1,0,0,0,0,0,0,1,0,0,0,0,0,0,0,0
10/1/1991,PRT,182,Portugal,1991,1,0,0,0,0,0,0,1,0,0,0,0,0,0,0,0
1/1/1992,PRT,182,Portugal,1992,1,0,0,0,0,0,0,1,0,0,0,0,0,0,0,0
4/1/1992,PRT,182,Portugal,1992,1,0,0,0,0,0,0,1,0,0,0,0,0,0,0,0
7/1/1992,PRT,182,Portugal,1992,1,0,0,0,0,0,0,1,0,0,0,0,0,0,0,0
10/1/1992,PRT,182,Portugal,1992,1,0,0,0,0,0,0,1,0,0,0,0,0,0,0,0
1/1/1993,PRT,182,Portugal,1993,1,0,0,0,0,0,0,1,0,0,0,0,0,0,0,0
4/1/1993,PRT,182,Portugal,1993,1,0,0,0,0,0,0,1,0,0,0,0,0,0,0,0
7/1/1993,PRT,182,Portugal,1993,1,0,0,0,0,0,0,1,0,0,0,0,0,0,0,0
10/1/1993,PRT,182,Portugal,1993,1,0,0,0,0,0,0,1,0,0,0,0,0,0,0,0
1/1/1994,PRT,182,Portugal,1994,1,0,0,0,0,0,0,1,0,0,0,0,0,0,0,0
4/1/1994,PRT,182,Portugal,1994,1,0,0,0,0,0,0,1,0,0,0,0,0,0,0,0
7/1/1994,PRT,182,Portugal,1994,1,0,0,0,0,0,0,1,0,0,0,0,0,0,0,0
10/1/1994,PRT,182,Portugal,1994,1,0,0,0,0,0,0,1,0,0,0,0,0,0,0,0
1/1/1995,PRT,182,Portugal,1995,1,0,0,0,0,0,0,1,0,0,0,0,0,0,0,0
4/1/1995,PRT,182,Portugal,1995,1,0,0,0,0,0,0,1,0,0,0,0,0,0,0,0
7/1/1995,PRT,182,Portugal,1995,1,0,0,0,0,0,0,1,0,0,0,0,0,0,0,0
10/1/1995,PRT,182,Portugal,1995,1,0,0,0,0,0,0,1,0,0,0,0,0,0,0,0
1/1/1996,PRT,182,Portugal,1996,1,0,0,0,0,0,0,1,0,0,0,0,0,0,0,0
4/1/1996,PRT,182,Portugal,1996,1,0,0,0,0,0,0,1,0,0,0,0,0,0,0,0
7/1/1996,PRT,182,Portugal,1996,1,0,0,0,0,0,0,1,0,0,0,0,0,0,0,0
10/1/1996,PRT,182,Portugal,1996,1,0,0,0,0,0,0,1,0,0,0,0,0,0,0,0
1/1/1997,PRT,182,Portugal,1997,1,0,0,0,0,0,0,1,0,0,0,0,0,0,0,0
4/1/1997,PRT,182,Portugal,1997,1,0,0,0,0,0,0,1,0,0,0,0,0,0,0,0
7/1/1997,PRT,182,Portugal,1997,1,0,0,0,0,0,0,1,0,0,0,0,0,0,0,0
10/1/1997,PRT,182,Portugal,1997,1,0,0,0,0,0,0,1,0,0,0,0,0,0,0,0
1/1/1998,PRT,182,Portugal,1998,1,0,0,0,0,0,0,1,0,0,0,0,0,0,0,0
4/1/1998,PRT,182,Portugal,1998,1,0,0,0,0,0,0,1,0,0,0,0,0,0,0,0
7/1/1998,PRT,182,Portugal,1998,1,0,0,0,0,0,0,1,0,0,0,0,0,0,0,0
10/1/1998,PRT,182,Portugal,1998,1,0,0,0,0,0,0,1,0,0,0,0,0,0,0,0
1/1/1999,PRT,182,Portugal,1999,1,0,0,0,0,0,0,1,0,0,0,0,0,0,1,1
4/1/1999,PRT,182,Portugal,1999,1,0,0,0,0,0,0,1,0,0,0,0,0,0,1,0
7/1/1999,PRT,182,Portugal,1999,1,0,0,0,0,0,0,1,0,0,0,0,0,0,1,0
10/1/1999,PRT,182,Portugal,1999,1,0,0,0,0,0,0,1,0,0,0,0,0,0,1,0
1/1/2000,PRT,182,Portugal,2000,1,0,0,0,0,0,0,1,0,0,0,0,0,0,1,0
4/1/2000,PRT,182,Portugal,2000,1,0,0,0,0,0,0,1,0,0,0,0,0,0,1,0
7/1/2000,PRT,182,Portugal,2000,1,0,0,0,0,0,0,1,0,0,0,0,0,0,1,0
10/1/2000,PRT,182,Portugal,2000,1,0,0,0,0,0,0,1,0,0,0,0,0,0,1,0
1/1/2001,PRT,182,Portugal,2001,1,0,0,0,0,0,0,1,0,0,0,0,0,0,1,0
4/1/2001,PRT,182,Portugal,2001,1,0,0,0,0,0,0,1,0,0,0,0,0,0,1,0
7/1/2001,PRT,182,Portugal,2001,1,0,0,0,0,0,0,1,0,0,0,0,0,0,1,0
10/1/2001,PRT,182,Portugal,2001,1,0,0,0,0,0,0,1,0,0,0,0,0,0,1,0
1/1/2002,PRT,182,Portugal,2002,1,0,0,0,0,0,0,1,0,0,0,0,0,0,1,0
4/1/2002,PRT,182,Portugal,2002,1,0,0,0,0,0,0,1,0,0,0,0,0,0,1,0
7/1/2002,PRT,182,Portugal,2002,1,0,0,0,0,0,0,1,0,0,0,0,0,0,1,0
10/1/2002,PRT,182,Portugal,2002,1,0,0,0,0,0,0,1,0,0,0,0,0,0,1,0
1/1/2003,PRT,182,Portugal,2003,1,0,0,0,0,0,0,1,0,0,0,0,0,0,1,0
4/1/2003,PRT,182,Portugal,2003,1,0,0,0,0,0,0,1,0,0,0,0,0,0,1,0
7/1/2003,PRT,182,Portugal,2003,1,0,0,0,0,0,0,1,0,0,0,0,0,0,1,0
10/1/2003,PRT,182,Portugal,2003,1,0,0,0,0,0,0,1,0,0,0,0,0,0,1,0
1/1/2004,PRT,182,Portugal,2004,1,0,0,0,0,0,0,1,0,0,0,0,0,0,1,0
4/1/2004,PRT,182,Portugal,2004,1,0,0,0,0,0,0,1,0,0,0,0,0,0,1,0
7/1/2004,PRT,182,Portugal,2004,1,0,0,0,0,0,0,1,0,0,0,0,0,0,1,0
10/1/2004,PRT,182,Portugal,2004,1,0,0,0,0,0,0,1,0,0,0,0,0,0,1,0
1/1/2005,PRT,182,Portugal,2005,1,0,0,0,0,0,0,1,0,0,0,0,0,0,1,0
4/1/2005,PRT,182,Portugal,2005,1,0,0,0,0,0,0,1,0,0,0,0,0,0,1,0
7/1/2005,PRT,182,Portugal,2005,1,0,0,0,0,0,0,1,0,0,0,0,0,0,1,0
10/1/2005,PRT,182,Portugal,2005,1,0,0,0,0,0,0,1,0,0,0,0,0,0,1,0
1/1/2006,PRT,182,Portugal,2006,1,0,0,0,0,0,0,1,0,0,0,0,0,0,1,0
4/1/2006,PRT,182,Portugal,2006,1,0,0,0,0,0,0,1,0,0,0,0,0,0,1,0
7/1/2006,PRT,182,Portugal,2006,1,0,0,0,0,0,0,1,0,0,0,0,0,0,1,0
10/1/2006,PRT,182,Portugal,2006,1,0,0,0,0,0,0,1,0,0,0,0,0,0,1,0
1/1/2007,PRT,182,Portugal,2007,1,0,0,0,0,0,0,1,0,0,0,0,0,0,1,0
4/1/2007,PRT,182,Portugal,2007,1,0,0,0,0,0,0,1,0,0,0,0,0,0,1,0
7/1/2007,PRT,182,Portugal,2007,1,0,0,0,0,0,0,1,0,0,0,0,0,0,1,0
10/1/2007,PRT,182,Portugal,2007,1,0,0,0,0,0,0,1,0,0,0,0,0,0,1,0
1/1/2008,PRT,182,Portugal,2008,1,0,0,0,0,0,0,1,0,0,0,0,0,0,1,0
4/1/2008,PRT,182,Portugal,2008,1,0,0,0,0,0,0,1,0,0,0,0,0,0,1,0
7/1/2008,PRT,182,Portugal,2008,1,0,0,0,0,0,0,1,0,0,0,0,0,0,1,0
10/1/2008,PRT,182,Portugal,2008,1,0,0,0,0,0,0,1,0,0,0,0,0,0,1,0
1/1/2009,PRT,182,Portugal,2009,1,0,0,0,0,0,0,1,0,0,0,0,0,0,1,0
4/1/2009,PRT,182,Portugal,2009,1,0,0,0,0,0,0,1,0,0,0,0,0,0,1,0
7/1/2009,PRT,182,Portugal,2009,1,0,0,0,0,0,0,1,0,0,0,0,0,0,1,0
10/1/2009,PRT,182,Portugal,2009,1,0,0,0,0,0,0,1,0,0,0,0,0,0,1,0
1/1/2010,PRT,182,Portugal,2010,1,0,0,0,0,0,0,1,0,0,0,0,0,0,1,0
4/1/2010,PRT,182,Portugal,2010,1,0,0,0,0,0,0,1,0,0,0,0,0,0,1,0
7/1/2010,PRT,182,Portugal,2010,1,0,0,0,0,0,0,1,0,0,0,0,0,0,1,0
10/1/2010,PRT,182,Portugal,2010,1,0,0,0,0,0,0,1,0,0,0,0,0,0,1,0
1/1/2011,PRT,182,Portugal,2011,1,0,0,0,0,0,0,1,0,0,0,0,0,0,1,0
4/1/2011,PRT,182,Portugal,2011,1,0,0,0,0,0,0,1,0,0,0,0,0,0,1,0
7/1/2011,PRT,182,Portugal,2011,1,0,0,0,0,0,0,1,0,0,0,0,0,0,1,0
10/1/2011,PRT,182,Portugal,2011,1,0,0,0,0,0,0,1,0,0,0,0,0,0,1,0
1/1/2012,PRT,182,Portugal,2012,1,0,0,0,0,0,0,1,0,0,0,0,0,0,1,0
4/1/2012,PRT,182,Portugal,2012,1,0,0,0,0,0,0,1,0,0,0,0,0,0,1,0
7/1/2012,PRT,182,Portugal,2012,1,0,0,0,0,0,0,1,0,0,0,0,0,0,1,0
10/1/2012,PRT,182,Portugal,2012,1,0,0,0,0,0,0,1,0,0,0,0,0,0,1,0
1/1/2013,PRT,182,Portugal,2013,1,0,0,0,0,0,0,1,0,0,0,0,0,0,1,0
4/1/2013,PRT,182,Portugal,2013,1,0,0,0,0,0,0,1,0,0,0,0,0,0,1,0
7/1/2013,PRT,182,Portugal,2013,1,0,0,0,0,0,0,1,0,0,0,0,0,0,1,0
10/1/2013,PRT,182,Portugal,2013,1,0,0,0,0,0,0,1,0,0,0,0,0,0,1,0
1/1/2014,PRT,182,Portugal,2014,1,0,0,0,0,0,0,1,0,0,0,0,0,0,1,0
4/1/2014,PRT,182,Portugal,2014,1,0,0,0,0,0,0,1,0,0,0,0,0,0,1,0
7/1/2014,PRT,182,Portugal,2014,1,0,0,0,0,0,0,1,0,0,0,0,0,0,1,0
10/1/2014,PRT,182,Portugal,2014,1,0,0,0,0,0,0,1,0,0,0,0,0,0,1,0
1/1/2015,PRT,182,Portugal,2015,1,0,0,0,0,0,0,1,0,0,0,0,0,0,1,0
4/1/2015,PRT,182,Portugal,2015,1,0,0,0,0,0,0,1,0,0,0,0,0,0,1,0
7/1/2015,PRT,182,Portugal,2015,1,0,0,0,0,0,0,1,0,0,0,0,0,0,1,0
10/1/2015,PRT,182,Portugal,2015,1,0,0,0,0,0,0,1,0,0,0,0,0,0,1,0
1/1/2016,PRT,182,Portugal,2016,1,0,0,0,0,0,0,1,0,0,0,0,0,0,1,0
4/1/2016,PRT,182,Portugal,2016,1,0,0,0,0,0,0,1,0,0,0,0,0,0,1,0
7/1/2016,PRT,182,Portugal,2016,1,0,0,0,0,0,0,1,0,0,0,0,0,0,1,0
10/1/2016,PRT,182,Portugal,2016,1,0,0,0,0,0,0,1,0,0,0,0,0,0,1,0
1/1/2017,PRT,182,Portugal,2017,1,0,0,0,0,0,0,1,0,0,0,0,0,0,1,0
4/1/2017,PRT,182,Portugal,2017,1,0,0,0,0,0,0,1,0,0,0,0,0,0,1,0
7/1/2017,PRT,182,Portugal,2017,1,0,0,0,0,0,0,1,0,0,0,0,0,0,1,0
10/1/2017,PRT,182,Portugal,2017,1,0,0,0,0,0,0,1,0,0,0,0,0,0,1,0
1/1/2018,PRT,182,Portugal,2018,1,0,0,0,0,0,0,1,0,0,0,0,0,0,1,0
4/1/2018,PRT,182,Portugal,2018,1,0,0,0,0,0,0,1,0,0,0,0,0,0,1,0
7/1/2018,PRT,182,Portugal,2018,1,0,0,0,0,0,0,1,0,0,0,0,0,0,1,0
10/1/2018,PRT,182,Portugal,2018,1,0,0,0,0,0,0,1,0,0,0,0,0,0,1,0
1/1/2019,PRT,182,Portugal,2019,1,0,0,0,0,0,0,1,0,0,0,0,0,0,1,0
4/1/2019,PRT,182,Portugal,2019,1,0,0,0,0,0,0,1,0,0,0,0,0,0,1,0
7/1/2019,PRT,182,Portugal,2019,1,0,0,0,0,0,0,1,0,0,0,0,0,0,1,0
10/1/2019,PRT,182,Portugal,2019,1,0,0,0,0,0,0,1,0,0,0,0,0,0,1,0
1/1/2020,PRT,182,Portugal,2020,1,0,0,0,0,0,0,1,0,0,0,0,0,0,1,0
4/1/2020,PRT,182,Portugal,2020,1,0,0,0,0,0,0,1,0,0,0,0,0,0,1,0
7/1/2020,PRT,182,Portugal,2020,1,0,0,0,0,0,0,1,0,0,0,0,0,0,1,0
10/1/2020,PRT,182,Portugal,2020,1,0,0,0,0,0,0,1,0,0,0,0,0,0,1,0
1/1/2021,PRT,182,Portugal,2021,1,0,0,0,0,0,0,1,0,0,0,0,0,0,1,0
4/1/2021,PRT,182,Portugal,2021,1,0,0,0,0,0,0,1,0,0,0,0,0,0,1,0
7/1/2021,PRT,182,Portugal,2021,1,0,0,0,0,0,0,1,0,0,0,0,0,0,1,0
10/1/2021,PRT,182,Portugal,2021,1,0,0,0,0,0,0,1,0,0,0,0,0,0,1,0
1/1/2022,PRT,182,Portugal,2022,1,0,0,0,0,0,0,1,0,0,0,0,0,0,1,0
4/1/2022,PRT,182,Portugal,2022,1,0,0,0,0,0,0,1,0,0,0,0,0,0,1,0
7/1/2022,PRT,182,Portugal,2022,1,0,0,0,0,0,0,1,0,0,0,0,0,0,1,0
10/1/2022,PRT,182,Portugal,2022,1,0,0,0,0,0,0,1,0,0,0,0,0,0,1,0
1/1/2023,PRT,182,Portugal,2023,1,0,0,0,0,0,0,1,0,0,0,0,0,0,1,0
4/1/2023,PRT,182,Portugal,2023,1,0,0,0,0,0,0,1,0,0,0,0,0,0,1,0
7/1/2023,PRT,182,Portugal,2023,1,0,0,0,0,0,0,1,0,0,0,0,0,0,1,0
10/1/2023,PRT,182,Portugal,2023,1,0,0,0,0,0,0,1,0,0,0,0,0,0,1,0
1/1/2024,PRT,182,Portugal,2024,1,0,0,0,0,0,0,1,0,0,0,0,0,0,1,0
4/1/2024,PRT,182,Portugal,2024,1,0,0,0,0,0,0,1,0,0,0,0,0,0,1,0
7/1/2024,PRT,182,Portugal,2024,1,0,0,0,0,0,0,1,0,0,0,0,0,0,1,0
10/1/2024,PRT,182,Portugal,2024,1,0,0,0,0,0,0,1,0,0,0,0,0,0,1,0
1/1/1975,ESP,184,Spain,1975,1,0,0,0,0,0,0,1,0,0,0,0,0,0,0,0
4/1/1975,ESP,184,Spain,1975,1,0,0,0,0,0,0,1,0,0,0,0,0,0,0,0
7/1/1975,ESP,184,Spain,1975,1,0,0,0,0,0,0,1,0,0,0,0,0,0,0,0
10/1/1975,ESP,184,Spain,1975,1,0,0,0,0,0,0,1,0,0,0,0,0,0,0,0
1/1/1976,ESP,184,Spain,1976,1,0,0,0,0,0,0,1,0,0,0,0,0,0,0,0
4/1/1976,ESP,184,Spain,1976,1,0,0,0,0,0,0,1,0,0,0,0,0,0,0,0
7/1/1976,ESP,184,Spain,1976,1,0,0,0,0,0,0,1,0,0,0,0,0,0,0,0
10/1/1976,ESP,184,Spain,1976,1,0,0,0,0,0,0,1,0,0,0,0,0,0,0,0
1/1/1977,ESP,184,Spain,1977,1,0,0,0,0,0,0,1,0,0,0,0,0,0,0,0
4/1/1977,ESP,184,Spain,1977,1,0,0,0,0,0,0,1,0,0,0,0,0,0,0,0
7/1/1977,ESP,184,Spain,1977,1,0,0,0,0,0,0,1,0,0,0,0,0,0,0,0
10/1/1977,ESP,184,Spain,1977,1,0,0,0,0,0,0,1,0,0,0,0,0,0,0,0
1/1/1978,ESP,184,Spain,1978,1,0,0,0,0,0,0,1,0,0,0,0,0,0,0,0
4/1/1978,ESP,184,Spain,1978,1,0,0,0,0,0,0,1,0,0,0,0,0,0,0,0
7/1/1978,ESP,184,Spain,1978,1,0,0,0,0,0,0,1,0,0,0,0,0,0,0,0
10/1/1978,ESP,184,Spain,1978,1,0,0,0,0,0,0,1,0,0,0,0,0,0,0,0
1/1/1979,ESP,184,Spain,1979,1,0,0,0,0,0,0,1,0,0,0,0,0,0,0,0
4/1/1979,ESP,184,Spain,1979,1,0,0,0,0,0,0,1,0,0,0,0,0,0,0,0
7/1/1979,ESP,184,Spain,1979,1,0,0,0,0,0,0,1,0,0,0,0,0,0,0,0
10/1/1979,ESP,184,Spain,1979,1,0,0,0,0,0,0,1,0,0,0,0,0,0,0,0
1/1/1980,ESP,184,Spain,1980,1,0,0,0,0,0,0,1,0,0,0,0,0,0,0,0
4/1/1980,ESP,184,Spain,1980,1,0,0,0,0,0,0,1,0,0,0,0,0,0,0,0
7/1/1980,ESP,184,Spain,1980,1,0,0,0,0,0,0,1,0,0,0,0,0,0,0,0
10/1/1980,ESP,184,Spain,1980,1,0,0,0,0,0,0,1,0,0,0,0,0,0,0,0
1/1/1981,ESP,184,Spain,1981,1,0,0,0,0,0,0,1,0,0,0,0,0,0,0,0
4/1/1981,ESP,184,Spain,1981,1,0,0,0,0,0,0,1,0,0,0,0,0,0,0,0
7/1/1981,ESP,184,Spain,1981,1,0,0,0,0,0,0,1,0,0,0,0,0,0,0,0
10/1/1981,ESP,184,Spain,1981,1,0,0,0,0,0,0,1,0,0,0,0,0,0,0,0
1/1/1982,ESP,184,Spain,1982,1,0,0,0,0,0,0,1,0,0,0,0,0,0,0,0
4/1/1982,ESP,184,Spain,1982,1,0,0,0,0,0,0,1,0,0,0,0,0,0,0,0
7/1/1982,ESP,184,Spain,1982,1,0,0,0,0,0,0,1,0,0,0,0,0,0,0,0
10/1/1982,ESP,184,Spain,1982,1,0,0,0,0,0,0,1,0,0,0,0,0,0,0,0
1/1/1983,ESP,184,Spain,1983,1,0,0,0,0,0,0,1,0,0,0,0,0,0,0,0
4/1/1983,ESP,184,Spain,1983,1,0,0,0,0,0,0,1,0,0,0,0,0,0,0,0
7/1/1983,ESP,184,Spain,1983,1,0,0,0,0,0,0,1,0,0,0,0,0,0,0,0
10/1/1983,ESP,184,Spain,1983,1,0,0,0,0,0,0,1,0,0,0,0,0,0,0,0
1/1/1984,ESP,184,Spain,1984,1,0,0,0,0,0,0,1,0,0,0,0,0,0,0,0
4/1/1984,ESP,184,Spain,1984,1,0,0,0,0,0,0,1,0,0,0,0,0,0,0,0
7/1/1984,ESP,184,Spain,1984,1,0,0,0,0,0,0,1,0,0,0,0,0,0,0,0
10/1/1984,ESP,184,Spain,1984,1,0,0,0,0,0,0,1,0,0,0,0,0,0,0,0
1/1/1985,ESP,184,Spain,1985,1,0,0,0,0,0,0,1,0,0,0,0,0,0,0,0
4/1/1985,ESP,184,Spain,1985,1,0,0,0,0,0,0,1,0,0,0,0,0,0,0,0
7/1/1985,ESP,184,Spain,1985,1,0,0,0,0,0,0,1,0,0,0,0,0,0,0,0
10/1/1985,ESP,184,Spain,1985,1,0,0,0,0,0,0,1,0,0,0,0,0,0,0,0
1/1/1986,ESP,184,Spain,1986,1,0,0,0,0,0,0,1,0,0,0,0,0,0,0,0
4/1/1986,ESP,184,Spain,1986,1,0,0,0,0,0,0,1,0,0,0,0,0,0,0,0
7/1/1986,ESP,184,Spain,1986,1,0,0,0,0,0,0,1,0,0,0,0,0,0,0,0
10/1/1986,ESP,184,Spain,1986,1,0,0,0,0,0,0,1,0,0,0,0,0,0,0,0
1/1/1987,ESP,184,Spain,1987,1,0,0,0,0,0,0,1,0,0,0,0,0,0,0,0
4/1/1987,ESP,184,Spain,1987,1,0,0,0,0,0,0,1,0,0,0,0,0,0,0,0
7/1/1987,ESP,184,Spain,1987,1,0,0,0,0,0,0,1,0,0,0,0,0,0,0,0
10/1/1987,ESP,184,Spain,1987,1,0,0,0,0,0,0,1,0,0,0,0,0,0,0,0
1/1/1988,ESP,184,Spain,1988,1,0,0,0,0,0,0,1,0,0,0,0,0,0,0,0
4/1/1988,ESP,184,Spain,1988,1,0,0,0,0,0,0,1,0,0,0,0,0,0,0,0
7/1/1988,ESP,184,Spain,1988,1,0,0,0,0,0,0,1,0,0,0,0,0,0,0,0
10/1/1988,ESP,184,Spain,1988,1,0,0,0,0,0,0,1,0,0,0,0,0,0,0,0
1/1/1989,ESP,184,Spain,1989,1,0,0,0,0,0,0,1,0,0,0,0,0,0,0,0
4/1/1989,ESP,184,Spain,1989,1,0,0,0,0,0,0,1,0,0,0,0,0,0,0,0
7/1/1989,ESP,184,Spain,1989,1,0,0,0,0,0,0,1,0,0,0,0,0,0,0,0
10/1/1989,ESP,184,Spain,1989,1,0,0,0,0,0,0,1,0,0,0,0,0,0,0,0
1/1/1990,ESP,184,Spain,1990,1,0,0,0,0,0,0,1,0,0,0,0,0,0,0,0
4/1/1990,ESP,184,Spain,1990,1,0,0,0,0,0,0,1,0,0,0,0,0,0,0,0
7/1/1990,ESP,184,Spain,1990,1,0,0,0,0,0,0,1,0,0,0,0,0,0,0,0
10/1/1990,ESP,184,Spain,1990,1,0,0,0,0,0,0,1,0,0,0,0,0,0,0,0
1/1/1991,ESP,184,Spain,1991,1,0,0,0,0,0,0,1,0,0,0,0,0,0,0,0
4/1/1991,ESP,184,Spain,1991,1,0,0,0,0,0,0,1,0,0,0,0,0,0,0,0
7/1/1991,ESP,184,Spain,1991,1,0,0,0,0,0,0,1,0,0,0,0,0,0,0,0
10/1/1991,ESP,184,Spain,1991,1,0,0,0,0,0,0,1,0,0,0,0,0,0,0,0
1/1/1992,ESP,184,Spain,1992,1,0,0,0,0,0,0,1,0,0,0,0,0,0,0,0
4/1/1992,ESP,184,Spain,1992,1,0,0,0,0,0,0,1,0,0,0,0,0,0,0,0
7/1/1992,ESP,184,Spain,1992,1,0,0,0,0,0,0,1,0,0,0,0,0,0,0,0
10/1/1992,ESP,184,Spain,1992,1,0,0,0,0,0,0,1,0,0,0,0,0,0,0,0
1/1/1993,ESP,184,Spain,1993,1,0,0,0,0,0,0,1,0,0,0,0,0,0,0,0
4/1/1993,ESP,184,Spain,1993,1,0,0,0,0,0,0,1,0,0,0,0,0,0,0,0
7/1/1993,ESP,184,Spain,1993,1,0,0,0,0,0,0,1,0,0,0,0,0,0,0,0
10/1/1993,ESP,184,Spain,1993,1,0,0,0,0,0,0,1,0,0,0,0,0,0,0,0
1/1/1994,ESP,184,Spain,1994,1,0,0,0,0,0,0,1,0,0,0,0,0,0,0,0
4/1/1994,ESP,184,Spain,1994,1,0,0,0,0,0,0,1,0,0,0,0,0,0,0,0
7/1/1994,ESP,184,Spain,1994,1,0,0,0,0,0,0,1,0,0,0,0,0,0,0,0
10/1/1994,ESP,184,Spain,1994,1,0,0,0,0,0,0,1,0,0,0,0,0,0,0,0
1/1/1995,ESP,184,Spain,1995,1,0,0,0,0,0,0,1,0,0,0,0,0,0,0,0
4/1/1995,ESP,184,Spain,1995,1,0,0,0,0,0,0,1,0,0,0,0,0,0,0,0
7/1/1995,ESP,184,Spain,1995,1,0,0,0,0,0,0,1,0,0,0,0,0,0,0,0
10/1/1995,ESP,184,Spain,1995,1,0,0,0,0,0,0,1,0,0,0,0,0,0,0,0
1/1/1996,ESP,184,Spain,1996,1,0,0,0,0,0,0,1,0,0,0,0,0,0,0,0
4/1/1996,ESP,184,Spain,1996,1,0,0,0,0,0,0,1,0,0,0,0,0,0,0,0
7/1/1996,ESP,184,Spain,1996,1,0,0,0,0,0,0,1,0,0,0,0,0,0,0,0
10/1/1996,ESP,184,Spain,1996,1,0,0,0,0,0,0,1,0,0,0,0,0,0,0,0
1/1/1997,ESP,184,Spain,1997,1,0,0,0,0,0,0,1,0,0,0,0,0,0,0,0
4/1/1997,ESP,184,Spain,1997,1,0,0,0,0,0,0,1,0,0,0,0,0,0,0,0
7/1/1997,ESP,184,Spain,1997,1,0,0,0,0,0,0,1,0,0,0,0,0,0,0,0
10/1/1997,ESP,184,Spain,1997,1,0,0,0,0,0,0,1,0,0,0,0,0,0,0,0
1/1/1998,ESP,184,Spain,1998,1,0,0,0,0,0,0,1,0,0,0,0,0,0,0,0
4/1/1998,ESP,184,Spain,1998,1,0,0,0,0,0,0,1,0,0,0,0,0,0,0,0
7/1/1998,ESP,184,Spain,1998,1,0,0,0,0,0,0,1,0,0,0,0,0,0,0,0
10/1/1998,ESP,184,Spain,1998,1,0,0,0,0,0,0,1,0,0,0,0,0,0,0,0
1/1/1999,ESP,184,Spain,1999,1,0,0,0,0,0,0,1,0,0,0,0,0,0,1,1
4/1/1999,ESP,184,Spain,1999,1,0,0,0,0,0,0,1,0,0,0,0,0,0,1,0
7/1/1999,ESP,184,Spain,1999,1,0,0,0,0,0,0,1,0,0,0,0,0,0,1,0
10/1/1999,ESP,184,Spain,1999,1,0,0,0,0,0,0,1,0,0,0,0,0,0,1,0
1/1/2000,ESP,184,Spain,2000,1,0,0,0,0,0,0,1,0,0,0,0,0,0,1,0
4/1/2000,ESP,184,Spain,2000,1,0,0,0,0,0,0,1,0,0,0,0,0,0,1,0
7/1/2000,ESP,184,Spain,2000,1,0,0,0,0,0,0,1,0,0,0,0,0,0,1,0
10/1/2000,ESP,184,Spain,2000,1,0,0,0,0,0,0,1,0,0,0,0,0,0,1,0
1/1/2001,ESP,184,Spain,2001,1,0,0,0,0,0,0,1,0,0,0,0,0,0,1,0
4/1/2001,ESP,184,Spain,2001,1,0,0,0,0,0,0,1,0,0,0,0,0,0,1,0
7/1/2001,ESP,184,Spain,2001,1,0,0,0,0,0,0,1,0,0,0,0,0,0,1,0
10/1/2001,ESP,184,Spain,2001,1,0,0,0,0,0,0,1,0,0,0,0,0,0,1,0
1/1/2002,ESP,184,Spain,2002,1,0,0,0,0,0,0,1,0,0,0,0,0,0,1,0
4/1/2002,ESP,184,Spain,2002,1,0,0,0,0,0,0,1,0,0,0,0,0,0,1,0
7/1/2002,ESP,184,Spain,2002,1,0,0,0,0,0,0,1,0,0,0,0,0,0,1,0
10/1/2002,ESP,184,Spain,2002,1,0,0,0,0,0,0,1,0,0,0,0,0,0,1,0
1/1/2003,ESP,184,Spain,2003,1,0,0,0,0,0,0,1,0,0,0,0,0,0,1,0
4/1/2003,ESP,184,Spain,2003,1,0,0,0,0,0,0,1,0,0,0,0,0,0,1,0
7/1/2003,ESP,184,Spain,2003,1,0,0,0,0,0,0,1,0,0,0,0,0,0,1,0
10/1/2003,ESP,184,Spain,2003,1,0,0,0,0,0,0,1,0,0,0,0,0,0,1,0
1/1/2004,ESP,184,Spain,2004,1,0,0,0,0,0,0,1,0,0,0,0,0,0,1,0
4/1/2004,ESP,184,Spain,2004,1,0,0,0,0,0,0,1,0,0,0,0,0,0,1,0
7/1/2004,ESP,184,Spain,2004,1,0,0,0,0,0,0,1,0,0,0,0,0,0,1,0
10/1/2004,ESP,184,Spain,2004,1,0,0,0,0,0,0,1,0,0,0,0,0,0,1,0
1/1/2005,ESP,184,Spain,2005,1,0,0,0,0,0,0,1,0,0,0,0,0,0,1,0
4/1/2005,ESP,184,Spain,2005,1,0,0,0,0,0,0,1,0,0,0,0,0,0,1,0
7/1/2005,ESP,184,Spain,2005,1,0,0,0,0,0,0,1,0,0,0,0,0,0,1,0
10/1/2005,ESP,184,Spain,2005,1,0,0,0,0,0,0,1,0,0,0,0,0,0,1,0
1/1/2006,ESP,184,Spain,2006,1,0,0,0,0,0,0,1,0,0,0,0,0,0,1,0
4/1/2006,ESP,184,Spain,2006,1,0,0,0,0,0,0,1,0,0,0,0,0,0,1,0
7/1/2006,ESP,184,Spain,2006,1,0,0,0,0,0,0,1,0,0,0,0,0,0,1,0
10/1/2006,ESP,184,Spain,2006,1,0,0,0,0,0,0,1,0,0,0,0,0,0,1,0
1/1/2007,ESP,184,Spain,2007,1,0,0,0,0,0,0,1,0,0,0,0,0,0,1,0
4/1/2007,ESP,184,Spain,2007,1,0,0,0,0,0,0,1,0,0,0,0,0,0,1,0
7/1/2007,ESP,184,Spain,2007,1,0,0,0,0,0,0,1,0,0,0,0,0,0,1,0
10/1/2007,ESP,184,Spain,2007,1,0,0,0,0,0,0,1,0,0,0,0,0,0,1,0
1/1/2008,ESP,184,Spain,2008,1,0,0,0,0,0,0,1,0,0,0,0,0,0,1,0
4/1/2008,ESP,184,Spain,2008,1,0,0,0,0,0,0,1,0,0,0,0,0,0,1,0
7/1/2008,ESP,184,Spain,2008,1,0,0,0,0,0,0,1,0,0,0,0,0,0,1,0
10/1/2008,ESP,184,Spain,2008,1,0,0,0,0,0,0,1,0,0,0,0,0,0,1,0
1/1/2009,ESP,184,Spain,2009,1,0,0,0,0,0,0,1,0,0,0,0,0,0,1,0
4/1/2009,ESP,184,Spain,2009,1,0,0,0,0,0,0,1,0,0,0,0,0,0,1,0
7/1/2009,ESP,184,Spain,2009,1,0,0,0,0,0,0,1,0,0,0,0,0,0,1,0
10/1/2009,ESP,184,Spain,2009,1,0,0,0,0,0,0,1,0,0,0,0,0,0,1,0
1/1/2010,ESP,184,Spain,2010,1,0,0,0,0,0,0,1,0,0,0,0,0,0,1,0
4/1/2010,ESP,184,Spain,2010,1,0,0,0,0,0,0,1,0,0,0,0,0,0,1,0
7/1/2010,ESP,184,Spain,2010,1,0,0,0,0,0,0,1,0,0,0,0,0,0,1,0
10/1/2010,ESP,184,Spain,2010,1,0,0,0,0,0,0,1,0,0,0,0,0,0,1,0
1/1/2011,ESP,184,Spain,2011,1,0,0,0,0,0,0,1,0,0,0,0,0,0,1,0
4/1/2011,ESP,184,Spain,2011,1,0,0,0,0,0,0,1,0,0,0,0,0,0,1,0
7/1/2011,ESP,184,Spain,2011,1,0,0,0,0,0,0,1,0,0,0,0,0,0,1,0
10/1/2011,ESP,184,Spain,2011,1,0,0,0,0,0,0,1,0,0,0,0,0,0,1,0
1/1/2012,ESP,184,Spain,2012,1,0,0,0,0,0,0,1,0,0,0,0,0,0,1,0
4/1/2012,ESP,184,Spain,2012,1,0,0,0,0,0,0,1,0,0,0,0,0,0,1,0
7/1/2012,ESP,184,Spain,2012,1,0,0,0,0,0,0,1,0,0,0,0,0,0,1,0
10/1/2012,ESP,184,Spain,2012,1,0,0,0,0,0,0,1,0,0,0,0,0,0,1,0
1/1/2013,ESP,184,Spain,2013,1,0,0,0,0,0,0,1,0,0,0,0,0,0,1,0
4/1/2013,ESP,184,Spain,2013,1,0,0,0,0,0,0,1,0,0,0,0,0,0,1,0
7/1/2013,ESP,184,Spain,2013,1,0,0,0,0,0,0,1,0,0,0,0,0,0,1,0
10/1/2013,ESP,184,Spain,2013,1,0,0,0,0,0,0,1,0,0,0,0,0,0,1,0
1/1/2014,ESP,184,Spain,2014,1,0,0,0,0,0,0,1,0,0,0,0,0,0,1,0
4/1/2014,ESP,184,Spain,2014,1,0,0,0,0,0,0,1,0,0,0,0,0,0,1,0
7/1/2014,ESP,184,Spain,2014,1,0,0,0,0,0,0,1,0,0,0,0,0,0,1,0
10/1/2014,ESP,184,Spain,2014,1,0,0,0,0,0,0,1,0,0,0,0,0,0,1,0
1/1/2015,ESP,184,Spain,2015,1,0,0,0,0,0,0,1,0,0,0,0,0,0,1,0
4/1/2015,ESP,184,Spain,2015,1,0,0,0,0,0,0,1,0,0,0,0,0,0,1,0
7/1/2015,ESP,184,Spain,2015,1,0,0,0,0,0,0,1,0,0,0,0,0,0,1,0
10/1/2015,ESP,184,Spain,2015,1,0,0,0,0,0,0,1,0,0,0,0,0,0,1,0
1/1/2016,ESP,184,Spain,2016,1,0,0,0,0,0,0,1,0,0,0,0,0,0,1,0
4/1/2016,ESP,184,Spain,2016,1,0,0,0,0,0,0,1,0,0,0,0,0,0,1,0
7/1/2016,ESP,184,Spain,2016,1,0,0,0,0,0,0,1,0,0,0,0,0,0,1,0
10/1/2016,ESP,184,Spain,2016,1,0,0,0,0,0,0,1,0,0,0,0,0,0,1,0
1/1/2017,ESP,184,Spain,2017,1,0,0,0,0,0,0,1,0,0,0,0,0,0,1,0
4/1/2017,ESP,184,Spain,2017,1,0,0,0,0,0,0,1,0,0,0,0,0,0,1,0
7/1/2017,ESP,184,Spain,2017,1,0,0,0,0,0,0,1,0,0,0,0,0,0,1,0
10/1/2017,ESP,184,Spain,2017,1,0,0,0,0,0,0,1,0,0,0,0,0,0,1,0
1/1/2018,ESP,184,Spain,2018,1,0,0,0,0,0,0,1,0,0,0,0,0,0,1,0
4/1/2018,ESP,184,Spain,2018,1,0,0,0,0,0,0,1,0,0,0,0,0,0,1,0
7/1/2018,ESP,184,Spain,2018,1,0,0,0,0,0,0,1,0,0,0,0,0,0,1,0
10/1/2018,ESP,184,Spain,2018,1,0,0,0,0,0,0,1,0,0,0,0,0,0,1,0
1/1/2019,ESP,184,Spain,2019,1,0,0,0,0,0,0,1,0,0,0,0,0,0,1,0
4/1/2019,ESP,184,Spain,2019,1,0,0,0,0,0,0,1,0,0,0,0,0,0,1,0
7/1/2019,ESP,184,Spain,2019,1,0,0,0,0,0,0,1,0,0,0,0,0,0,1,0
10/1/2019,ESP,184,Spain,2019,1,0,0,0,0,0,0,1,0,0,0,0,0,0,1,0
1/1/2020,ESP,184,Spain,2020,1,0,0,0,0,0,0,1,0,0,0,0,0,0,1,0
4/1/2020,ESP,184,Spain,2020,1,0,0,0,0,0,0,1,0,0,0,0,0,0,1,0
7/1/2020,ESP,184,Spain,2020,1,0,0,0,0,0,0,1,0,0,0,0,0,0,1,0
10/1/2020,ESP,184,Spain,2020,1,0,0,0,0,0,0,1,0,0,0,0,0,0,1,0
1/1/2021,ESP,184,Spain,2021,1,0,0,0,0,0,0,1,0,0,0,0,0,0,1,0
4/1/2021,ESP,184,Spain,2021,1,0,0,0,0,0,0,1,0,0,0,0,0,0,1,0
7/1/2021,ESP,184,Spain,2021,1,0,0,0,0,0,0,1,0,0,0,0,0,0,1,0
10/1/2021,ESP,184,Spain,2021,1,0,0,0,0,0,0,1,0,0,0,0,0,0,1,0
1/1/2022,ESP,184,Spain,2022,1,0,0,0,0,0,0,1,0,0,0,0,0,0,1,0
4/1/2022,ESP,184,Spain,2022,1,0,0,0,0,0,0,1,0,0,0,0,0,0,1,0
7/1/2022,ESP,184,Spain,2022,1,0,0,0,0,0,0,1,0,0,0,0,0,0,1,0
10/1/2022,ESP,184,Spain,2022,1,0,0,0,0,0,0,1,0,0,0,0,0,0,1,0
1/1/2023,ESP,184,Spain,2023,1,0,0,0,0,0,0,1,0,0,0,0,0,0,1,0
4/1/2023,ESP,184,Spain,2023,1,0,0,0,0,0,0,1,0,0,0,0,0,0,1,0
7/1/2023,ESP,184,Spain,2023,1,0,0,0,0,0,0,1,0,0,0,0,0,0,1,0
10/1/2023,ESP,184,Spain,2023,1,0,0,0,0,0,0,1,0,0,0,0,0,0,1,0
1/1/2024,ESP,184,Spain,2024,1,0,0,0,0,0,0,1,0,0,0,0,0,0,1,0
4/1/2024,ESP,184,Spain,2024,1,0,0,0,0,0,0,1,0,0,0,0,0,0,1,0
7/1/2024,ESP,184,Spain,2024,1,0,0,0,0,0,0,1,0,0,0,0,0,0,1,0
10/1/2024,ESP,184,Spain,2024,1,0,0,0,0,0,0,1,0,0,0,0,0,0,1,0
1/1/1987,TUR,186,Turkey,1987,0,1,1,0,1,0,0,0,0,0,0,0,1,0,0,0
4/1/1987,TUR,186,Turkey,1987,0,1,1,0,1,0,0,0,0,0,0,0,1,0,0,0
7/1/1987,TUR,186,Turkey,1987,0,1,1,0,1,0,0,0,0,0,0,0,1,0,0,0
10/1/1987,TUR,186,Turkey,1987,0,1,1,0,1,0,0,0,0,0,0,0,1,0,0,0
1/1/1988,TUR,186,Turkey,1988,0,1,1,0,1,0,0,0,0,0,0,0,1,0,0,0
4/1/1988,TUR,186,Turkey,1988,0,1,1,0,1,0,0,0,0,0,0,0,1,0,0,0
7/1/1988,TUR,186,Turkey,1988,0,1,1,0,1,0,0,0,0,0,0,0,1,0,0,0
10/1/1988,TUR,186,Turkey,1988,0,1,1,0,1,0,0,0,0,0,0,0,1,0,0,0
1/1/1989,TUR,186,Turkey,1989,0,1,1,0,1,0,0,0,0,0,0,0,1,0,0,0
4/1/1989,TUR,186,Turkey,1989,0,1,1,0,1,0,0,0,0,0,0,0,1,0,0,0
7/1/1989,TUR,186,Turkey,1989,0,1,1,0,1,0,0,0,0,0,0,0,1,0,0,0
10/1/1989,TUR,186,Turkey,1989,0,1,1,0,1,0,0,0,0,0,0,0,1,0,0,0
1/1/1990,TUR,186,Turkey,1990,0,1,1,0,1,0,0,0,0,0,0,0,1,0,0,0
4/1/1990,TUR,186,Turkey,1990,0,1,1,0,1,0,0,0,0,0,0,0,1,0,0,0
7/1/1990,TUR,186,Turkey,1990,0,1,1,0,1,0,0,0,0,0,0,0,1,0,0,0
10/1/1990,TUR,186,Turkey,1990,0,1,1,0,1,0,0,0,0,0,0,0,1,0,0,0
1/1/1991,TUR,186,Turkey,1991,0,1,1,0,1,0,0,0,0,0,0,0,1,0,0,0
4/1/1991,TUR,186,Turkey,1991,0,1,1,0,1,0,0,0,0,0,0,0,1,0,0,0
7/1/1991,TUR,186,Turkey,1991,0,1,1,0,1,0,0,0,0,0,0,0,1,0,0,0
10/1/1991,TUR,186,Turkey,1991,0,1,1,0,1,0,0,0,0,0,0,0,1,0,0,0
1/1/1992,TUR,186,Turkey,1992,0,1,1,0,1,0,0,0,0,0,0,0,1,0,0,0
4/1/1992,TUR,186,Turkey,1992,0,1,1,0,1,0,0,0,0,0,0,0,1,0,0,0
7/1/1992,TUR,186,Turkey,1992,0,1,1,0,1,0,0,0,0,0,0,0,1,0,0,0
10/1/1992,TUR,186,Turkey,1992,0,1,1,0,1,0,0,0,0,0,0,0,1,0,0,0
1/1/1993,TUR,186,Turkey,1993,0,1,1,0,1,0,0,0,0,0,0,0,1,0,0,0
4/1/1993,TUR,186,Turkey,1993,0,1,1,0,1,0,0,0,0,0,0,0,1,0,0,0
7/1/1993,TUR,186,Turkey,1993,0,1,1,0,1,0,0,0,0,0,0,0,1,0,0,0
10/1/1993,TUR,186,Turkey,1993,0,1,1,0,1,0,0,0,0,0,0,0,1,0,0,0
1/1/1994,TUR,186,Turkey,1994,0,1,1,0,1,0,0,0,0,0,0,0,1,0,0,0
4/1/1994,TUR,186,Turkey,1994,0,1,1,0,1,0,0,0,0,0,0,0,1,0,0,0
7/1/1994,TUR,186,Turkey,1994,0,1,1,0,1,0,0,0,0,0,0,0,1,0,0,0
10/1/1994,TUR,186,Turkey,1994,0,1,1,0,1,0,0,0,0,0,0,0,1,0,0,0
1/1/1995,TUR,186,Turkey,1995,0,1,1,0,1,0,0,0,0,0,0,0,1,0,0,0
4/1/1995,TUR,186,Turkey,1995,0,1,1,0,1,0,0,0,0,0,0,0,1,0,0,0
7/1/1995,TUR,186,Turkey,1995,0,1,1,0,1,0,0,0,0,0,0,0,1,0,0,0
10/1/1995,TUR,186,Turkey,1995,0,1,1,0,1,0,0,0,0,0,0,0,1,0,0,0
1/1/1996,TUR,186,Turkey,1996,0,1,1,0,1,0,0,0,0,0,0,0,1,0,0,0
4/1/1996,TUR,186,Turkey,1996,0,1,1,0,1,0,0,0,0,0,0,0,1,0,0,0
7/1/1996,TUR,186,Turkey,1996,0,1,1,0,1,0,0,0,0,0,0,0,1,0,0,0
10/1/1996,TUR,186,Turkey,1996,0,1,1,0,1,0,0,0,0,0,0,0,1,0,0,0
1/1/1997,TUR,186,Turkey,1997,0,1,1,0,1,0,0,0,0,0,0,0,1,0,0,0
4/1/1997,TUR,186,Turkey,1997,0,1,1,0,1,0,0,0,0,0,0,0,1,0,0,0
7/1/1997,TUR,186,Turkey,1997,0,1,1,0,1,0,0,0,0,0,0,0,1,0,0,0
10/1/1997,TUR,186,Turkey,1997,0,1,1,0,1,0,0,0,0,0,0,0,1,0,0,0
1/1/1998,TUR,186,Turkey,1998,0,1,1,0,1,0,0,0,0,0,0,0,1,0,0,0
4/1/1998,TUR,186,Turkey,1998,0,1,1,0,1,0,0,0,0,0,0,0,1,0,0,0
7/1/1998,TUR,186,Turkey,1998,0,1,1,0,1,0,0,0,0,0,0,0,1,0,0,0
10/1/1998,TUR,186,Turkey,1998,0,1,1,0,1,0,0,0,0,0,0,0,1,0,0,0
1/1/1999,TUR,186,Turkey,1999,0,1,1,0,1,0,0,0,0,0,0,0,1,0,0,0
4/1/1999,TUR,186,Turkey,1999,0,1,1,0,1,0,0,0,0,0,0,0,1,0,0,0
7/1/1999,TUR,186,Turkey,1999,0,1,1,0,1,0,0,0,0,0,0,0,1,0,0,0
10/1/1999,TUR,186,Turkey,1999,0,1,1,0,1,0,0,0,0,0,0,0,1,0,0,0
1/1/2000,TUR,186,Turkey,2000,0,1,1,0,1,0,0,0,0,0,0,0,1,0,0,0
4/1/2000,TUR,186,Turkey,2000,0,1,1,0,1,0,0,0,0,0,0,0,1,0,0,0
7/1/2000,TUR,186,Turkey,2000,0,1,1,0,1,0,0,0,0,0,0,0,1,0,0,0
10/1/2000,TUR,186,Turkey,2000,0,1,1,0,1,0,0,0,0,0,0,0,1,0,0,0
1/1/2001,TUR,186,Turkey,2001,0,1,1,0,1,0,0,0,0,0,0,0,1,0,0,0
4/1/2001,TUR,186,Turkey,2001,0,1,1,0,1,0,0,0,0,0,0,0,1,0,0,0
7/1/2001,TUR,186,Turkey,2001,0,1,1,0,1,0,0,0,0,0,0,0,1,0,0,0
10/1/2001,TUR,186,Turkey,2001,0,1,1,0,1,0,0,0,0,0,0,0,1,0,0,0
1/1/2002,TUR,186,Turkey,2002,0,1,1,0,1,0,0,0,0,0,0,0,1,0,0,0
4/1/2002,TUR,186,Turkey,2002,0,1,1,0,1,0,0,0,0,0,0,0,1,0,0,0
7/1/2002,TUR,186,Turkey,2002,0,1,1,0,1,0,0,0,0,0,0,0,1,0,0,0
10/1/2002,TUR,186,Turkey,2002,0,1,1,0,1,0,0,0,0,0,0,0,1,0,0,0
1/1/2003,TUR,186,Turkey,2003,0,1,1,0,1,0,0,0,0,0,0,0,1,0,0,0
4/1/2003,TUR,186,Turkey,2003,0,1,1,0,1,0,0,0,0,0,0,0,1,0,0,0
7/1/2003,TUR,186,Turkey,2003,0,1,1,0,1,0,0,0,0,0,0,0,1,0,0,0
10/1/2003,TUR,186,Turkey,2003,0,1,1,0,1,0,0,0,0,0,0,0,1,0,0,0
1/1/2004,TUR,186,Turkey,2004,0,1,1,0,1,0,0,0,0,0,0,0,1,0,0,0
4/1/2004,TUR,186,Turkey,2004,0,1,1,0,1,0,0,0,0,0,0,0,1,0,0,0
7/1/2004,TUR,186,Turkey,2004,0,1,1,0,1,0,0,0,0,0,0,0,1,0,0,0
10/1/2004,TUR,186,Turkey,2004,0,1,1,0,1,0,0,0,0,0,0,0,1,0,0,0
1/1/2005,TUR,186,Turkey,2005,0,1,1,0,1,0,0,0,0,0,0,0,1,0,0,0
4/1/2005,TUR,186,Turkey,2005,0,1,1,0,1,0,0,0,0,0,0,0,1,0,0,0
7/1/2005,TUR,186,Turkey,2005,0,1,1,0,1,0,0,0,0,0,0,0,1,0,0,0
10/1/2005,TUR,186,Turkey,2005,0,1,1,0,1,0,0,0,0,0,0,0,1,0,0,0
1/1/2006,TUR,186,Turkey,2006,0,1,1,0,1,0,0,0,0,0,0,0,1,0,0,0
4/1/2006,TUR,186,Turkey,2006,0,1,1,0,1,0,0,0,0,0,0,0,1,0,0,0
7/1/2006,TUR,186,Turkey,2006,0,1,1,0,1,0,0,0,0,0,0,0,1,0,0,0
10/1/2006,TUR,186,Turkey,2006,0,1,1,0,1,0,0,0,0,0,0,0,1,0,0,0
1/1/2007,TUR,186,Turkey,2007,0,1,1,0,1,0,0,0,0,0,0,0,1,0,0,0
4/1/2007,TUR,186,Turkey,2007,0,1,1,0,1,0,0,0,0,0,0,0,1,0,0,0
7/1/2007,TUR,186,Turkey,2007,0,1,1,0,1,0,0,0,0,0,0,0,1,0,0,0
10/1/2007,TUR,186,Turkey,2007,0,1,1,0,1,0,0,0,0,0,0,0,1,0,0,0
1/1/2008,TUR,186,Turkey,2008,0,1,1,0,1,0,0,0,0,0,0,0,1,0,0,0
4/1/2008,TUR,186,Turkey,2008,0,1,1,0,1,0,0,0,0,0,0,0,1,0,0,0
7/1/2008,TUR,186,Turkey,2008,0,1,1,0,1,0,0,0,0,0,0,0,1,0,0,0
10/1/2008,TUR,186,Turkey,2008,0,1,1,0,1,0,0,0,0,0,0,0,1,0,0,0
1/1/2009,TUR,186,Turkey,2009,0,1,1,0,1,0,0,0,0,0,0,0,1,0,0,0
4/1/2009,TUR,186,Turkey,2009,0,1,1,0,1,0,0,0,0,0,0,0,1,0,0,0
7/1/2009,TUR,186,Turkey,2009,0,1,1,0,1,0,0,0,0,0,0,0,1,0,0,0
10/1/2009,TUR,186,Turkey,2009,0,1,1,0,1,0,0,0,0,0,0,0,1,0,0,0
1/1/2010,TUR,186,Turkey,2010,0,1,1,0,1,0,0,0,0,0,0,0,1,0,0,0
4/1/2010,TUR,186,Turkey,2010,0,1,1,0,1,0,0,0,0,0,0,0,1,0,0,0
7/1/2010,TUR,186,Turkey,2010,0,1,1,0,1,0,0,0,0,0,0,0,1,0,0,0
10/1/2010,TUR,186,Turkey,2010,0,1,1,0,1,0,0,0,0,0,0,0,1,0,0,0
1/1/2011,TUR,186,Turkey,2011,0,1,1,0,1,0,0,0,0,0,0,0,1,0,0,0
4/1/2011,TUR,186,Turkey,2011,0,1,1,0,1,0,0,0,0,0,0,0,1,0,0,0
7/1/2011,TUR,186,Turkey,2011,0,1,1,0,1,0,0,0,0,0,0,0,1,0,0,0
10/1/2011,TUR,186,Turkey,2011,0,1,1,0,1,0,0,0,0,0,0,0,1,0,0,0
1/1/2012,TUR,186,Turkey,2012,0,1,1,0,1,0,0,0,0,0,0,0,1,0,0,0
4/1/2012,TUR,186,Turkey,2012,0,1,1,0,1,0,0,0,0,0,0,0,1,0,0,0
7/1/2012,TUR,186,Turkey,2012,0,1,1,0,1,0,0,0,0,0,0,0,1,0,0,0
10/1/2012,TUR,186,Turkey,2012,0,1,1,0,1,0,0,0,0,0,0,0,1,0,0,0
1/1/2013,TUR,186,Turkey,2013,0,1,1,0,1,0,0,0,0,0,0,0,1,0,0,0
4/1/2013,TUR,186,Turkey,2013,0,1,1,0,1,0,0,0,0,0,0,0,1,0,0,0
7/1/2013,TUR,186,Turkey,2013,0,1,1,0,1,0,0,0,0,0,0,0,1,0,0,0
10/1/2013,TUR,186,Turkey,2013,0,1,1,0,1,0,0,0,0,0,0,0,1,0,0,0
1/1/2014,TUR,186,Turkey,2014,0,1,1,0,1,0,0,0,0,0,0,0,1,0,0,0
4/1/2014,TUR,186,Turkey,2014,0,1,1,0,1,0,0,0,0,0,0,0,1,0,0,0
7/1/2014,TUR,186,Turkey,2014,0,1,1,0,1,0,0,0,0,0,0,0,1,0,0,0
10/1/2014,TUR,186,Turkey,2014,0,1,1,0,1,0,0,0,0,0,0,0,1,0,0,0
1/1/2015,TUR,186,Turkey,2015,0,1,1,0,1,0,0,0,0,0,0,0,1,0,0,0
4/1/2015,TUR,186,Turkey,2015,0,1,1,0,1,0,0,0,0,0,0,0,1,0,0,0
7/1/2015,TUR,186,Turkey,2015,0,1,1,0,1,0,0,0,0,0,0,0,1,0,0,0
10/1/2015,TUR,186,Turkey,2015,0,1,1,0,1,0,0,0,0,0,0,0,1,0,0,0
1/1/2016,TUR,186,Turkey,2016,0,1,1,0,1,0,0,0,0,0,0,0,1,0,0,0
4/1/2016,TUR,186,Turkey,2016,0,1,1,0,1,0,0,0,0,0,0,0,1,0,0,0
7/1/2016,TUR,186,Turkey,2016,0,1,1,0,1,0,0,0,0,0,0,0,1,0,0,0
10/1/2016,TUR,186,Turkey,2016,0,1,1,0,1,0,0,0,0,0,0,0,1,0,0,0
1/1/2017,TUR,186,Turkey,2017,0,1,1,0,1,0,0,0,0,0,0,0,1,0,0,0
4/1/2017,TUR,186,Turkey,2017,0,1,1,0,1,0,0,0,0,0,0,0,1,0,0,0
7/1/2017,TUR,186,Turkey,2017,0,1,1,0,1,0,0,0,0,0,0,0,1,0,0,0
10/1/2017,TUR,186,Turkey,2017,0,1,1,0,1,0,0,0,0,0,0,0,1,0,0,0
1/1/2018,TUR,186,Turkey,2018,0,1,1,0,1,0,0,0,0,0,0,0,1,0,0,0
4/1/2018,TUR,186,Turkey,2018,0,1,1,0,1,0,0,0,0,0,0,0,1,0,0,0
7/1/2018,TUR,186,Turkey,2018,0,1,1,0,1,0,0,0,0,0,0,0,1,0,0,0
10/1/2018,TUR,186,Turkey,2018,0,1,1,0,1,0,0,0,0,0,0,0,1,0,0,0
1/1/2019,TUR,186,Turkey,2019,0,1,1,0,1,0,0,0,0,0,0,0,1,0,0,0
4/1/2019,TUR,186,Turkey,2019,0,1,1,0,1,0,0,0,0,0,0,0,1,0,0,0
7/1/2019,TUR,186,Turkey,2019,0,1,1,0,1,0,0,0,0,0,0,0,1,0,0,0
10/1/2019,TUR,186,Turkey,2019,0,1,1,0,1,0,0,0,0,0,0,0,1,0,0,0
1/1/2020,TUR,186,Turkey,2020,0,1,1,0,1,0,0,0,0,0,0,0,1,0,0,0
4/1/2020,TUR,186,Turkey,2020,0,1,1,0,1,0,0,0,0,0,0,0,1,0,0,0
7/1/2020,TUR,186,Turkey,2020,0,1,1,0,1,0,0,0,0,0,0,0,1,0,0,0
10/1/2020,TUR,186,Turkey,2020,0,1,1,0,1,0,0,0,0,0,0,0,1,0,0,0
1/1/2021,TUR,186,Turkey,2021,0,1,1,0,1,0,0,0,0,0,0,0,1,0,0,0
4/1/2021,TUR,186,Turkey,2021,0,1,1,0,1,0,0,0,0,0,0,0,1,0,0,0
7/1/2021,TUR,186,Turkey,2021,0,1,1,0,1,0,0,0,0,0,0,0,1,0,0,0
10/1/2021,TUR,186,Turkey,2021,0,1,1,0,1,0,0,0,0,0,0,0,1,0,0,0
1/1/2022,TUR,186,Turkey,2022,0,1,1,0,1,0,0,0,0,0,0,0,1,0,0,0
4/1/2022,TUR,186,Turkey,2022,0,1,1,0,1,0,0,0,0,0,0,0,1,0,0,0
7/1/2022,TUR,186,Turkey,2022,0,1,1,0,1,0,0,0,0,0,0,0,1,0,0,0
10/1/2022,TUR,186,Turkey,2022,0,1,1,0,1,0,0,0,0,0,0,0,1,0,0,0
1/1/2023,TUR,186,Turkey,2023,0,1,1,0,1,0,0,0,0,0,0,0,1,0,0,0
4/1/2023,TUR,186,Turkey,2023,0,1,1,0,1,0,0,0,0,0,0,0,1,0,0,0
7/1/2023,TUR,186,Turkey,2023,0,1,1,0,1,0,0,0,0,0,0,0,1,0,0,0
10/1/2023,TUR,186,Turkey,2023,0,1,1,0,1,0,0,0,0,0,0,0,1,0,0,0
1/1/2024,TUR,186,Turkey,2024,0,1,1,0,1,0,0,0,0,0,0,0,1,0,0,0
4/1/2024,TUR,186,Turkey,2024,0,1,1,0,1,0,0,0,0,0,0,0,1,0,0,0
7/1/2024,TUR,186,Turkey,2024,0,1,1,0,1,0,0,0,0,0,0,0,1,0,0,0
10/1/2024,TUR,186,Turkey,2024,0,1,1,0,1,0,0,0,0,0,0,0,1,0,0,0
1/1/1960,AUS,193,Australia,1960,1,0,0,1,0,0,0,0,0,0,0,0,0,0,0,0
4/1/1960,AUS,193,Australia,1960,1,0,0,1,0,0,0,0,0,0,0,0,0,0,0,0
7/1/1960,AUS,193,Australia,1960,1,0,0,1,0,0,0,0,0,0,0,0,0,0,0,0
10/1/1960,AUS,193,Australia,1960,1,0,0,1,0,0,0,0,0,0,0,0,0,0,0,0
1/1/1961,AUS,193,Australia,1961,1,0,0,1,0,0,0,0,0,0,0,0,0,0,0,0
4/1/1961,AUS,193,Australia,1961,1,0,0,1,0,0,0,0,0,0,0,0,0,0,0,0
7/1/1961,AUS,193,Australia,1961,1,0,0,1,0,0,0,0,0,0,0,0,0,0,0,0
10/1/1961,AUS,193,Australia,1961,1,0,0,1,0,0,0,0,0,0,0,0,0,0,0,0
1/1/1962,AUS,193,Australia,1962,1,0,0,1,0,0,0,0,0,0,0,0,0,0,0,0
4/1/1962,AUS,193,Australia,1962,1,0,0,1,0,0,0,0,0,0,0,0,0,0,0,0
7/1/1962,AUS,193,Australia,1962,1,0,0,1,0,0,0,0,0,0,0,0,0,0,0,0
10/1/1962,AUS,193,Australia,1962,1,0,0,1,0,0,0,0,0,0,0,0,0,0,0,0
1/1/1963,AUS,193,Australia,1963,1,0,0,1,0,0,0,0,0,0,0,0,0,0,0,0
4/1/1963,AUS,193,Australia,1963,1,0,0,1,0,0,0,0,0,0,0,0,0,0,0,0
7/1/1963,AUS,193,Australia,1963,1,0,0,1,0,0,0,0,0,0,0,0,0,0,0,0
10/1/1963,AUS,193,Australia,1963,1,0,0,1,0,0,0,0,0,0,0,0,0,0,0,0
1/1/1964,AUS,193,Australia,1964,1,0,0,1,0,0,0,0,0,0,0,0,0,0,0,0
4/1/1964,AUS,193,Australia,1964,1,0,0,1,0,0,0,0,0,0,0,0,0,0,0,0
7/1/1964,AUS,193,Australia,1964,1,0,0,1,0,0,0,0,0,0,0,0,0,0,0,0
10/1/1964,AUS,193,Australia,1964,1,0,0,1,0,0,0,0,0,0,0,0,0,0,0,0
1/1/1965,AUS,193,Australia,1965,1,0,0,1,0,0,0,0,0,0,0,0,0,0,0,0
4/1/1965,AUS,193,Australia,1965,1,0,0,1,0,0,0,0,0,0,0,0,0,0,0,0
7/1/1965,AUS,193,Australia,1965,1,0,0,1,0,0,0,0,0,0,0,0,0,0,0,0
10/1/1965,AUS,193,Australia,1965,1,0,0,1,0,0,0,0,0,0,0,0,0,0,0,0
1/1/1966,AUS,193,Australia,1966,1,0,0,1,0,0,0,0,0,0,0,0,0,0,0,0
4/1/1966,AUS,193,Australia,1966,1,0,0,1,0,0,0,0,0,0,0,0,0,0,0,0
7/1/1966,AUS,193,Australia,1966,1,0,0,1,0,0,0,0,0,0,0,0,0,0,0,0
10/1/1966,AUS,193,Australia,1966,1,0,0,1,0,0,0,0,0,0,0,0,0,0,0,0
1/1/1967,AUS,193,Australia,1967,1,0,0,1,0,0,0,0,0,0,0,0,0,0,0,0
4/1/1967,AUS,193,Australia,1967,1,0,0,1,0,0,0,0,0,0,0,0,0,0,0,0
7/1/1967,AUS,193,Australia,1967,1,0,0,1,0,0,0,0,0,0,0,0,0,0,0,0
10/1/1967,AUS,193,Australia,1967,1,0,0,1,0,0,0,0,0,0,0,0,0,0,0,0
1/1/1968,AUS,193,Australia,1968,1,0,0,1,0,0,0,0,0,0,0,0,0,0,0,0
4/1/1968,AUS,193,Australia,1968,1,0,0,1,0,0,0,0,0,0,0,0,0,0,0,0
7/1/1968,AUS,193,Australia,1968,1,0,0,1,0,0,0,0,0,0,0,0,0,0,0,0
10/1/1968,AUS,193,Australia,1968,1,0,0,1,0,0,0,0,0,0,0,0,0,0,0,0
1/1/1969,AUS,193,Australia,1969,1,0,0,1,0,0,0,0,0,0,0,0,0,0,0,0
4/1/1969,AUS,193,Australia,1969,1,0,0,1,0,0,0,0,0,0,0,0,0,0,0,0
7/1/1969,AUS,193,Australia,1969,1,0,0,1,0,0,0,0,0,0,0,0,0,0,0,0
10/1/1969,AUS,193,Australia,1969,1,0,0,1,0,0,0,0,0,0,0,0,0,0,0,0
1/1/1970,AUS,193,Australia,1970,1,0,0,1,0,0,0,0,0,0,0,0,0,0,0,0
4/1/1970,AUS,193,Australia,1970,1,0,0,1,0,0,0,0,0,0,0,0,0,0,0,0
7/1/1970,AUS,193,Australia,1970,1,0,0,1,0,0,0,0,0,0,0,0,0,0,0,0
10/1/1970,AUS,193,Australia,1970,1,0,0,1,0,0,0,0,0,0,0,0,0,0,0,0
1/1/1971,AUS,193,Australia,1971,1,0,0,1,0,0,0,0,0,0,0,0,0,0,0,0
4/1/1971,AUS,193,Australia,1971,1,0,0,1,0,0,0,0,0,0,0,0,0,0,0,0
7/1/1971,AUS,193,Australia,1971,1,0,0,1,0,0,0,0,0,0,0,0,0,0,0,0
10/1/1971,AUS,193,Australia,1971,1,0,0,1,0,0,0,0,0,0,0,0,0,0,0,0
1/1/1972,AUS,193,Australia,1972,1,0,0,1,0,0,0,0,0,0,0,0,0,0,0,0
4/1/1972,AUS,193,Australia,1972,1,0,0,1,0,0,0,0,0,0,0,0,0,0,0,0
7/1/1972,AUS,193,Australia,1972,1,0,0,1,0,0,0,0,0,0,0,0,0,0,0,0
10/1/1972,AUS,193,Australia,1972,1,0,0,1,0,0,0,0,0,0,0,0,0,0,0,0
1/1/1973,AUS,193,Australia,1973,1,0,0,1,0,0,0,0,0,0,0,0,0,0,0,0
4/1/1973,AUS,193,Australia,1973,1,0,0,1,0,0,0,0,0,0,0,0,0,0,0,0
7/1/1973,AUS,193,Australia,1973,1,0,0,1,0,0,0,0,0,0,0,0,0,0,0,0
10/1/1973,AUS,193,Australia,1973,1,0,0,1,0,0,0,0,0,0,0,0,0,0,0,0
1/1/1974,AUS,193,Australia,1974,1,0,0,1,0,0,0,0,0,0,0,0,0,0,0,0
4/1/1974,AUS,193,Australia,1974,1,0,0,1,0,0,0,0,0,0,0,0,0,0,0,0
7/1/1974,AUS,193,Australia,1974,1,0,0,1,0,0,0,0,0,0,0,0,0,0,0,0
10/1/1974,AUS,193,Australia,1974,1,0,0,1,0,0,0,0,0,0,0,0,0,0,0,0
1/1/1975,AUS,193,Australia,1975,1,0,0,1,0,0,0,0,0,0,0,0,0,0,0,0
4/1/1975,AUS,193,Australia,1975,1,0,0,1,0,0,0,0,0,0,0,0,0,0,0,0
7/1/1975,AUS,193,Australia,1975,1,0,0,1,0,0,0,0,0,0,0,0,0,0,0,0
10/1/1975,AUS,193,Australia,1975,1,0,0,1,0,0,0,0,0,0,0,0,0,0,0,0
1/1/1976,AUS,193,Australia,1976,1,0,0,1,0,0,0,0,0,0,0,0,0,0,0,0
4/1/1976,AUS,193,Australia,1976,1,0,0,1,0,0,0,0,0,0,0,0,0,0,0,0
7/1/1976,AUS,193,Australia,1976,1,0,0,1,0,0,0,0,0,0,0,0,0,0,0,0
10/1/1976,AUS,193,Australia,1976,1,0,0,1,0,0,0,0,0,0,0,0,0,0,0,0
1/1/1977,AUS,193,Australia,1977,1,0,0,1,0,0,0,0,0,0,0,0,0,0,0,0
4/1/1977,AUS,193,Australia,1977,1,0,0,1,0,0,0,0,0,0,0,0,0,0,0,0
7/1/1977,AUS,193,Australia,1977,1,0,0,1,0,0,0,0,0,0,0,0,0,0,0,0
10/1/1977,AUS,193,Australia,1977,1,0,0,1,0,0,0,0,0,0,0,0,0,0,0,0
1/1/1978,AUS,193,Australia,1978,1,0,0,1,0,0,0,0,0,0,0,0,0,0,0,0
4/1/1978,AUS,193,Australia,1978,1,0,0,1,0,0,0,0,0,0,0,0,0,0,0,0
7/1/1978,AUS,193,Australia,1978,1,0,0,1,0,0,0,0,0,0,0,0,0,0,0,0
10/1/1978,AUS,193,Australia,1978,1,0,0,1,0,0,0,0,0,0,0,0,0,0,0,0
1/1/1979,AUS,193,Australia,1979,1,0,0,1,0,0,0,0,0,0,0,0,0,0,0,0
4/1/1979,AUS,193,Australia,1979,1,0,0,1,0,0,0,0,0,0,0,0,0,0,0,0
7/1/1979,AUS,193,Australia,1979,1,0,0,1,0,0,0,0,0,0,0,0,0,0,0,0
10/1/1979,AUS,193,Australia,1979,1,0,0,1,0,0,0,0,0,0,0,0,0,0,0,0
1/1/1980,AUS,193,Australia,1980,1,0,0,1,0,0,0,0,0,0,0,0,0,0,0,0
4/1/1980,AUS,193,Australia,1980,1,0,0,1,0,0,0,0,0,0,0,0,0,0,0,0
7/1/1980,AUS,193,Australia,1980,1,0,0,1,0,0,0,0,0,0,0,0,0,0,0,0
10/1/1980,AUS,193,Australia,1980,1,0,0,1,0,0,0,0,0,0,0,0,0,0,0,0
1/1/1981,AUS,193,Australia,1981,1,0,0,1,0,0,0,0,0,0,0,0,0,0,0,0
4/1/1981,AUS,193,Australia,1981,1,0,0,1,0,0,0,0,0,0,0,0,0,0,0,0
7/1/1981,AUS,193,Australia,1981,1,0,0,1,0,0,0,0,0,0,0,0,0,0,0,0
10/1/1981,AUS,193,Australia,1981,1,0,0,1,0,0,0,0,0,0,0,0,0,0,0,0
1/1/1982,AUS,193,Australia,1982,1,0,0,1,0,0,0,0,0,0,0,0,0,0,0,0
4/1/1982,AUS,193,Australia,1982,1,0,0,1,0,0,0,0,0,0,0,0,0,0,0,0
7/1/1982,AUS,193,Australia,1982,1,0,0,1,0,0,0,0,0,0,0,0,0,0,0,0
10/1/1982,AUS,193,Australia,1982,1,0,0,1,0,0,0,0,0,0,0,0,0,0,0,0
1/1/1983,AUS,193,Australia,1983,1,0,0,1,0,0,0,0,0,0,0,0,0,0,0,0
4/1/1983,AUS,193,Australia,1983,1,0,0,1,0,0,0,0,0,0,0,0,0,0,0,0
7/1/1983,AUS,193,Australia,1983,1,0,0,1,0,0,0,0,0,0,0,0,0,0,0,0
10/1/1983,AUS,193,Australia,1983,1,0,0,1,0,0,0,0,0,0,0,0,0,0,0,0
1/1/1984,AUS,193,Australia,1984,1,0,0,1,0,0,0,0,0,0,0,0,0,0,0,0
4/1/1984,AUS,193,Australia,1984,1,0,0,1,0,0,0,0,0,0,0,0,0,0,0,0
7/1/1984,AUS,193,Australia,1984,1,0,0,1,0,0,0,0,0,0,0,0,0,0,0,0
10/1/1984,AUS,193,Australia,1984,1,0,0,1,0,0,0,0,0,0,0,0,0,0,0,0
1/1/1985,AUS,193,Australia,1985,1,0,0,1,0,0,0,0,0,0,0,0,0,0,0,0
4/1/1985,AUS,193,Australia,1985,1,0,0,1,0,0,0,0,0,0,0,0,0,0,0,0
7/1/1985,AUS,193,Australia,1985,1,0,0,1,0,0,0,0,0,0,0,0,0,0,0,0
10/1/1985,AUS,193,Australia,1985,1,0,0,1,0,0,0,0,0,0,0,0,0,0,0,0
1/1/1986,AUS,193,Australia,1986,1,0,0,1,0,0,0,0,0,0,0,0,0,0,0,0
4/1/1986,AUS,193,Australia,1986,1,0,0,1,0,0,0,0,0,0,0,0,0,0,0,0
7/1/1986,AUS,193,Australia,1986,1,0,0,1,0,0,0,0,0,0,0,0,0,0,0,0
10/1/1986,AUS,193,Australia,1986,1,0,0,1,0,0,0,0,0,0,0,0,0,0,0,0
1/1/1987,AUS,193,Australia,1987,1,0,0,1,0,0,0,0,0,0,0,0,0,0,0,0
4/1/1987,AUS,193,Australia,1987,1,0,0,1,0,0,0,0,0,0,0,0,0,0,0,0
7/1/1987,AUS,193,Australia,1987,1,0,0,1,0,0,0,0,0,0,0,0,0,0,0,0
10/1/1987,AUS,193,Australia,1987,1,0,0,1,0,0,0,0,0,0,0,0,0,0,0,0
1/1/1988,AUS,193,Australia,1988,1,0,0,1,0,0,0,0,0,0,0,0,0,0,0,0
4/1/1988,AUS,193,Australia,1988,1,0,0,1,0,0,0,0,0,0,0,0,0,0,0,0
7/1/1988,AUS,193,Australia,1988,1,0,0,1,0,0,0,0,0,0,0,0,0,0,0,0
10/1/1988,AUS,193,Australia,1988,1,0,0,1,0,0,0,0,0,0,0,0,0,0,0,0
1/1/1989,AUS,193,Australia,1989,1,0,0,1,0,0,0,0,0,0,0,0,0,0,0,0
4/1/1989,AUS,193,Australia,1989,1,0,0,1,0,0,0,0,0,0,0,0,0,0,0,0
7/1/1989,AUS,193,Australia,1989,1,0,0,1,0,0,0,0,0,0,0,0,0,0,0,0
10/1/1989,AUS,193,Australia,1989,1,0,0,1,0,0,0,0,0,0,0,0,0,0,0,0
1/1/1990,AUS,193,Australia,1990,1,0,0,1,0,0,0,0,0,0,0,0,0,0,0,0
4/1/1990,AUS,193,Australia,1990,1,0,0,1,0,0,0,0,0,0,0,0,0,0,0,0
7/1/1990,AUS,193,Australia,1990,1,0,0,1,0,0,0,0,0,0,0,0,0,0,0,0
10/1/1990,AUS,193,Australia,1990,1,0,0,1,0,0,0,0,0,0,0,0,0,0,0,0
1/1/1991,AUS,193,Australia,1991,1,0,0,1,0,0,0,0,0,0,0,0,0,0,0,0
4/1/1991,AUS,193,Australia,1991,1,0,0,1,0,0,0,0,0,0,0,0,0,0,0,0
7/1/1991,AUS,193,Australia,1991,1,0,0,1,0,0,0,0,0,0,0,0,0,0,0,0
10/1/1991,AUS,193,Australia,1991,1,0,0,1,0,0,0,0,0,0,0,0,0,0,0,0
1/1/1992,AUS,193,Australia,1992,1,0,0,1,0,0,0,0,0,0,0,0,0,0,0,0
4/1/1992,AUS,193,Australia,1992,1,0,0,1,0,0,0,0,0,0,0,0,0,0,0,0
7/1/1992,AUS,193,Australia,1992,1,0,0,1,0,0,0,0,0,0,0,0,0,0,0,0
10/1/1992,AUS,193,Australia,1992,1,0,0,1,0,0,0,0,0,0,0,0,0,0,0,0
1/1/1993,AUS,193,Australia,1993,1,0,0,1,0,0,0,0,0,0,0,0,0,0,0,0
4/1/1993,AUS,193,Australia,1993,1,0,0,1,0,0,0,0,0,0,0,0,0,0,0,0
7/1/1993,AUS,193,Australia,1993,1,0,0,1,0,0,0,0,0,0,0,0,0,0,0,0
10/1/1993,AUS,193,Australia,1993,1,0,0,1,0,0,0,0,0,0,0,0,0,0,0,0
1/1/1994,AUS,193,Australia,1994,1,0,0,1,0,0,0,0,0,0,0,0,0,0,0,0
4/1/1994,AUS,193,Australia,1994,1,0,0,1,0,0,0,0,0,0,0,0,0,0,0,0
7/1/1994,AUS,193,Australia,1994,1,0,0,1,0,0,0,0,0,0,0,0,0,0,0,0
10/1/1994,AUS,193,Australia,1994,1,0,0,1,0,0,0,0,0,0,0,0,0,0,0,0
1/1/1995,AUS,193,Australia,1995,1,0,0,1,0,0,0,0,0,0,0,0,0,0,0,0
4/1/1995,AUS,193,Australia,1995,1,0,0,1,0,0,0,0,0,0,0,0,0,0,0,0
7/1/1995,AUS,193,Australia,1995,1,0,0,1,0,0,0,0,0,0,0,0,0,0,0,0
10/1/1995,AUS,193,Australia,1995,1,0,0,1,0,0,0,0,0,0,0,0,0,0,0,0
1/1/1996,AUS,193,Australia,1996,1,0,0,1,0,0,0,0,0,0,0,0,0,0,0,0
4/1/1996,AUS,193,Australia,1996,1,0,0,1,0,0,0,0,0,0,0,0,0,0,0,0
7/1/1996,AUS,193,Australia,1996,1,0,0,1,0,0,0,0,0,0,0,0,0,0,0,0
10/1/1996,AUS,193,Australia,1996,1,0,0,1,0,0,0,0,0,0,0,0,0,0,0,0
1/1/1997,AUS,193,Australia,1997,1,0,0,1,0,0,0,0,0,0,0,0,0,0,0,0
4/1/1997,AUS,193,Australia,1997,1,0,0,1,0,0,0,0,0,0,0,0,0,0,0,0
7/1/1997,AUS,193,Australia,1997,1,0,0,1,0,0,0,0,0,0,0,0,0,0,0,0
10/1/1997,AUS,193,Australia,1997,1,0,0,1,0,0,0,0,0,0,0,0,0,0,0,0
1/1/1998,AUS,193,Australia,1998,1,0,0,1,0,0,0,0,0,0,0,0,0,0,0,0
4/1/1998,AUS,193,Australia,1998,1,0,0,1,0,0,0,0,0,0,0,0,0,0,0,0
7/1/1998,AUS,193,Australia,1998,1,0,0,1,0,0,0,0,0,0,0,0,0,0,0,0
10/1/1998,AUS,193,Australia,1998,1,0,0,1,0,0,0,0,0,0,0,0,0,0,0,0
1/1/1999,AUS,193,Australia,1999,1,0,0,1,0,0,0,0,0,0,0,0,0,0,0,0
4/1/1999,AUS,193,Australia,1999,1,0,0,1,0,0,0,0,0,0,0,0,0,0,0,0
7/1/1999,AUS,193,Australia,1999,1,0,0,1,0,0,0,0,0,0,0,0,0,0,0,0
10/1/1999,AUS,193,Australia,1999,1,0,0,1,0,0,0,0,0,0,0,0,0,0,0,0
1/1/2000,AUS,193,Australia,2000,1,0,0,1,0,0,0,0,0,0,0,0,0,0,0,0
4/1/2000,AUS,193,Australia,2000,1,0,0,1,0,0,0,0,0,0,0,0,0,0,0,0
7/1/2000,AUS,193,Australia,2000,1,0,0,1,0,0,0,0,0,0,0,0,0,0,0,0
10/1/2000,AUS,193,Australia,2000,1,0,0,1,0,0,0,0,0,0,0,0,0,0,0,0
1/1/2001,AUS,193,Australia,2001,1,0,0,1,0,0,0,0,0,0,0,0,0,0,0,0
4/1/2001,AUS,193,Australia,2001,1,0,0,1,0,0,0,0,0,0,0,0,0,0,0,0
7/1/2001,AUS,193,Australia,2001,1,0,0,1,0,0,0,0,0,0,0,0,0,0,0,0
10/1/2001,AUS,193,Australia,2001,1,0,0,1,0,0,0,0,0,0,0,0,0,0,0,0
1/1/2002,AUS,193,Australia,2002,1,0,0,1,0,0,0,0,0,0,0,0,0,0,0,0
4/1/2002,AUS,193,Australia,2002,1,0,0,1,0,0,0,0,0,0,0,0,0,0,0,0
7/1/2002,AUS,193,Australia,2002,1,0,0,1,0,0,0,0,0,0,0,0,0,0,0,0
10/1/2002,AUS,193,Australia,2002,1,0,0,1,0,0,0,0,0,0,0,0,0,0,0,0
1/1/2003,AUS,193,Australia,2003,1,0,0,1,0,0,0,0,0,0,0,0,0,0,0,0
4/1/2003,AUS,193,Australia,2003,1,0,0,1,0,0,0,0,0,0,0,0,0,0,0,0
7/1/2003,AUS,193,Australia,2003,1,0,0,1,0,0,0,0,0,0,0,0,0,0,0,0
10/1/2003,AUS,193,Australia,2003,1,0,0,1,0,0,0,0,0,0,0,0,0,0,0,0
1/1/2004,AUS,193,Australia,2004,1,0,0,1,0,0,0,0,0,0,0,0,0,0,0,0
4/1/2004,AUS,193,Australia,2004,1,0,0,1,0,0,0,0,0,0,0,0,0,0,0,0
7/1/2004,AUS,193,Australia,2004,1,0,0,1,0,0,0,0,0,0,0,0,0,0,0,0
10/1/2004,AUS,193,Australia,2004,1,0,0,1,0,0,0,0,0,0,0,0,0,0,0,0
1/1/2005,AUS,193,Australia,2005,1,0,0,1,0,0,0,0,0,0,0,0,0,0,0,0
4/1/2005,AUS,193,Australia,2005,1,0,0,1,0,0,0,0,0,0,0,0,0,0,0,0
7/1/2005,AUS,193,Australia,2005,1,0,0,1,0,0,0,0,0,0,0,0,0,0,0,0
10/1/2005,AUS,193,Australia,2005,1,0,0,1,0,0,0,0,0,0,0,0,0,0,0,0
1/1/2006,AUS,193,Australia,2006,1,0,0,1,0,0,0,0,0,0,0,0,0,0,0,0
4/1/2006,AUS,193,Australia,2006,1,0,0,1,0,0,0,0,0,0,0,0,0,0,0,0
7/1/2006,AUS,193,Australia,2006,1,0,0,1,0,0,0,0,0,0,0,0,0,0,0,0
10/1/2006,AUS,193,Australia,2006,1,0,0,1,0,0,0,0,0,0,0,0,0,0,0,0
1/1/2007,AUS,193,Australia,2007,1,0,0,1,0,0,0,0,0,0,0,0,0,0,0,0
4/1/2007,AUS,193,Australia,2007,1,0,0,1,0,0,0,0,0,0,0,0,0,0,0,0
7/1/2007,AUS,193,Australia,2007,1,0,0,1,0,0,0,0,0,0,0,0,0,0,0,0
10/1/2007,AUS,193,Australia,2007,1,0,0,1,0,0,0,0,0,0,0,0,0,0,0,0
1/1/2008,AUS,193,Australia,2008,1,0,0,1,0,0,0,0,0,0,0,0,0,0,0,0
4/1/2008,AUS,193,Australia,2008,1,0,0,1,0,0,0,0,0,0,0,0,0,0,0,0
7/1/2008,AUS,193,Australia,2008,1,0,0,1,0,0,0,0,0,0,0,0,0,0,0,0
10/1/2008,AUS,193,Australia,2008,1,0,0,1,0,0,0,0,0,0,0,0,0,0,0,0
1/1/2009,AUS,193,Australia,2009,1,0,0,1,0,0,0,0,0,0,0,0,0,0,0,0
4/1/2009,AUS,193,Australia,2009,1,0,0,1,0,0,0,0,0,0,0,0,0,0,0,0
7/1/2009,AUS,193,Australia,2009,1,0,0,1,0,0,0,0,0,0,0,0,0,0,0,0
10/1/2009,AUS,193,Australia,2009,1,0,0,1,0,0,0,0,0,0,0,0,0,0,0,0
1/1/2010,AUS,193,Australia,2010,1,0,0,1,0,0,0,0,0,0,0,0,0,0,0,0
4/1/2010,AUS,193,Australia,2010,1,0,0,1,0,0,0,0,0,0,0,0,0,0,0,0
7/1/2010,AUS,193,Australia,2010,1,0,0,1,0,0,0,0,0,0,0,0,0,0,0,0
10/1/2010,AUS,193,Australia,2010,1,0,0,1,0,0,0,0,0,0,0,0,0,0,0,0
1/1/2011,AUS,193,Australia,2011,1,0,0,1,0,0,0,0,0,0,0,0,0,0,0,0
4/1/2011,AUS,193,Australia,2011,1,0,0,1,0,0,0,0,0,0,0,0,0,0,0,0
7/1/2011,AUS,193,Australia,2011,1,0,0,1,0,0,0,0,0,0,0,0,0,0,0,0
10/1/2011,AUS,193,Australia,2011,1,0,0,1,0,0,0,0,0,0,0,0,0,0,0,0
1/1/2012,AUS,193,Australia,2012,1,0,0,1,0,0,0,0,0,0,0,0,0,0,0,0
4/1/2012,AUS,193,Australia,2012,1,0,0,1,0,0,0,0,0,0,0,0,0,0,0,0
7/1/2012,AUS,193,Australia,2012,1,0,0,1,0,0,0,0,0,0,0,0,0,0,0,0
10/1/2012,AUS,193,Australia,2012,1,0,0,1,0,0,0,0,0,0,0,0,0,0,0,0
1/1/2013,AUS,193,Australia,2013,1,0,0,1,0,0,0,0,0,0,0,0,0,0,0,0
4/1/2013,AUS,193,Australia,2013,1,0,0,1,0,0,0,0,0,0,0,0,0,0,0,0
7/1/2013,AUS,193,Australia,2013,1,0,0,1,0,0,0,0,0,0,0,0,0,0,0,0
10/1/2013,AUS,193,Australia,2013,1,0,0,1,0,0,0,0,0,0,0,0,0,0,0,0
1/1/2014,AUS,193,Australia,2014,1,0,0,1,0,0,0,0,0,0,0,0,0,0,0,0
4/1/2014,AUS,193,Australia,2014,1,0,0,1,0,0,0,0,0,0,0,0,0,0,0,0
7/1/2014,AUS,193,Australia,2014,1,0,0,1,0,0,0,0,0,0,0,0,0,0,0,0
10/1/2014,AUS,193,Australia,2014,1,0,0,1,0,0,0,0,0,0,0,0,0,0,0,0
1/1/2015,AUS,193,Australia,2015,1,0,0,1,0,0,0,0,0,0,0,0,0,0,0,0
4/1/2015,AUS,193,Australia,2015,1,0,0,1,0,0,0,0,0,0,0,0,0,0,0,0
7/1/2015,AUS,193,Australia,2015,1,0,0,1,0,0,0,0,0,0,0,0,0,0,0,0
10/1/2015,AUS,193,Australia,2015,1,0,0,1,0,0,0,0,0,0,0,0,0,0,0,0
1/1/2016,AUS,193,Australia,2016,1,0,0,1,0,0,0,0,0,0,0,0,0,0,0,0
4/1/2016,AUS,193,Australia,2016,1,0,0,1,0,0,0,0,0,0,0,0,0,0,0,0
7/1/2016,AUS,193,Australia,2016,1,0,0,1,0,0,0,0,0,0,0,0,0,0,0,0
10/1/2016,AUS,193,Australia,2016,1,0,0,1,0,0,0,0,0,0,0,0,0,0,0,0
1/1/2017,AUS,193,Australia,2017,1,0,0,1,0,0,0,0,0,0,0,0,0,0,0,0
4/1/2017,AUS,193,Australia,2017,1,0,0,1,0,0,0,0,0,0,0,0,0,0,0,0
7/1/2017,AUS,193,Australia,2017,1,0,0,1,0,0,0,0,0,0,0,0,0,0,0,0
10/1/2017,AUS,193,Australia,2017,1,0,0,1,0,0,0,0,0,0,0,0,0,0,0,0
1/1/2018,AUS,193,Australia,2018,1,0,0,1,0,0,0,0,0,0,0,0,0,0,0,0
4/1/2018,AUS,193,Australia,2018,1,0,0,1,0,0,0,0,0,0,0,0,0,0,0,0
7/1/2018,AUS,193,Australia,2018,1,0,0,1,0,0,0,0,0,0,0,0,0,0,0,0
10/1/2018,AUS,193,Australia,2018,1,0,0,1,0,0,0,0,0,0,0,0,0,0,0,0
1/1/2019,AUS,193,Australia,2019,1,0,0,1,0,0,0,0,0,0,0,0,0,0,0,0
4/1/2019,AUS,193,Australia,2019,1,0,0,1,0,0,0,0,0,0,0,0,0,0,0,0
7/1/2019,AUS,193,Australia,2019,1,0,0,1,0,0,0,0,0,0,0,0,0,0,0,0
10/1/2019,AUS,193,Australia,2019,1,0,0,1,0,0,0,0,0,0,0,0,0,0,0,0
1/1/2020,AUS,193,Australia,2020,1,0,0,1,0,0,0,0,0,0,0,0,0,0,0,0
4/1/2020,AUS,193,Australia,2020,1,0,0,1,0,0,0,0,0,0,0,0,0,0,0,0
7/1/2020,AUS,193,Australia,2020,1,0,0,1,0,0,0,0,0,0,0,0,0,0,0,0
10/1/2020,AUS,193,Australia,2020,1,0,0,1,0,0,0,0,0,0,0,0,0,0,0,0
1/1/2021,AUS,193,Australia,2021,1,0,0,1,0,0,0,0,0,0,0,0,0,0,0,0
4/1/2021,AUS,193,Australia,2021,1,0,0,1,0,0,0,0,0,0,0,0,0,0,0,0
7/1/2021,AUS,193,Australia,2021,1,0,0,1,0,0,0,0,0,0,0,0,0,0,0,0
10/1/2021,AUS,193,Australia,2021,1,0,0,1,0,0,0,0,0,0,0,0,0,0,0,0
1/1/2022,AUS,193,Australia,2022,1,0,0,1,0,0,0,0,0,0,0,0,0,0,0,0
4/1/2022,AUS,193,Australia,2022,1,0,0,1,0,0,0,0,0,0,0,0,0,0,0,0
7/1/2022,AUS,193,Australia,2022,1,0,0,1,0,0,0,0,0,0,0,0,0,0,0,0
10/1/2022,AUS,193,Australia,2022,1,0,0,1,0,0,0,0,0,0,0,0,0,0,0,0
1/1/2023,AUS,193,Australia,2023,1,0,0,1,0,0,0,0,0,0,0,0,0,0,0,0
4/1/2023,AUS,193,Australia,2023,1,0,0,1,0,0,0,0,0,0,0,0,0,0,0,0
7/1/2023,AUS,193,Australia,2023,1,0,0,1,0,0,0,0,0,0,0,0,0,0,0,0
10/1/2023,AUS,193,Australia,2023,1,0,0,1,0,0,0,0,0,0,0,0,0,0,0,0
1/1/2024,AUS,193,Australia,2024,1,0,0,1,0,0,0,0,0,0,0,0,0,0,0,0
4/1/2024,AUS,193,Australia,2024,1,0,0,1,0,0,0,0,0,0,0,0,0,0,0,0
7/1/2024,AUS,193,Australia,2024,1,0,0,1,0,0,0,0,0,0,0,0,0,0,0,0
10/1/2024,AUS,193,Australia,2024,1,0,0,1,0,0,0,0,0,0,0,0,0,0,0,0
1/1/1980,NZL,196,New Zealand,1980,1,0,0,1,0,0,0,0,0,0,0,0,0,0,0,0
4/1/1980,NZL,196,New Zealand,1980,1,0,0,1,0,0,0,0,0,0,0,0,0,0,0,0
7/1/1980,NZL,196,New Zealand,1980,1,0,0,1,0,0,0,0,0,0,0,0,0,0,0,0
10/1/1980,NZL,196,New Zealand,1980,1,0,0,1,0,0,0,0,0,0,0,0,0,0,0,0
1/1/1981,NZL,196,New Zealand,1981,1,0,0,1,0,0,0,0,0,0,0,0,0,0,0,0
4/1/1981,NZL,196,New Zealand,1981,1,0,0,1,0,0,0,0,0,0,0,0,0,0,0,0
7/1/1981,NZL,196,New Zealand,1981,1,0,0,1,0,0,0,0,0,0,0,0,0,0,0,0
10/1/1981,NZL,196,New Zealand,1981,1,0,0,1,0,0,0,0,0,0,0,0,0,0,0,0
1/1/1982,NZL,196,New Zealand,1982,1,0,0,1,0,0,0,0,0,0,0,0,0,0,0,0
4/1/1982,NZL,196,New Zealand,1982,1,0,0,1,0,0,0,0,0,0,0,0,0,0,0,0
7/1/1982,NZL,196,New Zealand,1982,1,0,0,1,0,0,0,0,0,0,0,0,0,0,0,0
10/1/1982,NZL,196,New Zealand,1982,1,0,0,1,0,0,0,0,0,0,0,0,0,0,0,0
1/1/1983,NZL,196,New Zealand,1983,1,0,0,1,0,0,0,0,0,0,0,0,0,0,0,0
4/1/1983,NZL,196,New Zealand,1983,1,0,0,1,0,0,0,0,0,0,0,0,0,0,0,0
7/1/1983,NZL,196,New Zealand,1983,1,0,0,1,0,0,0,0,0,0,0,0,0,0,0,0
10/1/1983,NZL,196,New Zealand,1983,1,0,0,1,0,0,0,0,0,0,0,0,0,0,0,0
1/1/1984,NZL,196,New Zealand,1984,1,0,0,1,0,0,0,0,0,0,0,0,0,0,0,0
4/1/1984,NZL,196,New Zealand,1984,1,0,0,1,0,0,0,0,0,0,0,0,0,0,0,0
7/1/1984,NZL,196,New Zealand,1984,1,0,0,1,0,0,0,0,0,0,0,0,0,0,0,0
10/1/1984,NZL,196,New Zealand,1984,1,0,0,1,0,0,0,0,0,0,0,0,0,0,0,0
1/1/1985,NZL,196,New Zealand,1985,1,0,0,1,0,0,0,0,0,0,0,0,0,0,0,0
4/1/1985,NZL,196,New Zealand,1985,1,0,0,1,0,0,0,0,0,0,0,0,0,0,0,0
7/1/1985,NZL,196,New Zealand,1985,1,0,0,1,0,0,0,0,0,0,0,0,0,0,0,0
10/1/1985,NZL,196,New Zealand,1985,1,0,0,1,0,0,0,0,0,0,0,0,0,0,0,0
1/1/1986,NZL,196,New Zealand,1986,1,0,0,1,0,0,0,0,0,0,0,0,0,0,0,0
4/1/1986,NZL,196,New Zealand,1986,1,0,0,1,0,0,0,0,0,0,0,0,0,0,0,0
7/1/1986,NZL,196,New Zealand,1986,1,0,0,1,0,0,0,0,0,0,0,0,0,0,0,0
10/1/1986,NZL,196,New Zealand,1986,1,0,0,1,0,0,0,0,0,0,0,0,0,0,0,0
1/1/1987,NZL,196,New Zealand,1987,1,0,0,1,0,0,0,0,0,0,0,0,0,0,0,0
4/1/1987,NZL,196,New Zealand,1987,1,0,0,1,0,0,0,0,0,0,0,0,0,0,0,0
7/1/1987,NZL,196,New Zealand,1987,1,0,0,1,0,0,0,0,0,0,0,0,0,0,0,0
10/1/1987,NZL,196,New Zealand,1987,1,0,0,1,0,0,0,0,0,0,0,0,0,0,0,0
1/1/1988,NZL,196,New Zealand,1988,1,0,0,1,0,0,0,0,0,0,0,0,0,0,0,0
4/1/1988,NZL,196,New Zealand,1988,1,0,0,1,0,0,0,0,0,0,0,0,0,0,0,0
7/1/1988,NZL,196,New Zealand,1988,1,0,0,1,0,0,0,0,0,0,0,0,0,0,0,0
10/1/1988,NZL,196,New Zealand,1988,1,0,0,1,0,0,0,0,0,0,0,0,0,0,0,0
1/1/1989,NZL,196,New Zealand,1989,1,0,0,1,0,0,0,0,0,0,0,0,0,0,0,0
4/1/1989,NZL,196,New Zealand,1989,1,0,0,1,0,0,0,0,0,0,0,0,0,0,0,0
7/1/1989,NZL,196,New Zealand,1989,1,0,0,1,0,0,0,0,0,0,0,0,0,0,0,0
10/1/1989,NZL,196,New Zealand,1989,1,0,0,1,0,0,0,0,0,0,0,0,0,0,0,0
1/1/1990,NZL,196,New Zealand,1990,1,0,0,1,0,0,0,0,0,0,0,0,0,0,0,0
4/1/1990,NZL,196,New Zealand,1990,1,0,0,1,0,0,0,0,0,0,0,0,0,0,0,0
7/1/1990,NZL,196,New Zealand,1990,1,0,0,1,0,0,0,0,0,0,0,0,0,0,0,0
10/1/1990,NZL,196,New Zealand,1990,1,0,0,1,0,0,0,0,0,0,0,0,0,0,0,0
1/1/1991,NZL,196,New Zealand,1991,1,0,0,1,0,0,0,0,0,0,0,0,0,0,0,0
4/1/1991,NZL,196,New Zealand,1991,1,0,0,1,0,0,0,0,0,0,0,0,0,0,0,0
7/1/1991,NZL,196,New Zealand,1991,1,0,0,1,0,0,0,0,0,0,0,0,0,0,0,0
10/1/1991,NZL,196,New Zealand,1991,1,0,0,1,0,0,0,0,0,0,0,0,0,0,0,0
1/1/1992,NZL,196,New Zealand,1992,1,0,0,1,0,0,0,0,0,0,0,0,0,0,0,0
4/1/1992,NZL,196,New Zealand,1992,1,0,0,1,0,0,0,0,0,0,0,0,0,0,0,0
7/1/1992,NZL,196,New Zealand,1992,1,0,0,1,0,0,0,0,0,0,0,0,0,0,0,0
10/1/1992,NZL,196,New Zealand,1992,1,0,0,1,0,0,0,0,0,0,0,0,0,0,0,0
1/1/1993,NZL,196,New Zealand,1993,1,0,0,1,0,0,0,0,0,0,0,0,0,0,0,0
4/1/1993,NZL,196,New Zealand,1993,1,0,0,1,0,0,0,0,0,0,0,0,0,0,0,0
7/1/1993,NZL,196,New Zealand,1993,1,0,0,1,0,0,0,0,0,0,0,0,0,0,0,0
10/1/1993,NZL,196,New Zealand,1993,1,0,0,1,0,0,0,0,0,0,0,0,0,0,0,0
1/1/1994,NZL,196,New Zealand,1994,1,0,0,1,0,0,0,0,0,0,0,0,0,0,0,0
4/1/1994,NZL,196,New Zealand,1994,1,0,0,1,0,0,0,0,0,0,0,0,0,0,0,0
7/1/1994,NZL,196,New Zealand,1994,1,0,0,1,0,0,0,0,0,0,0,0,0,0,0,0
10/1/1994,NZL,196,New Zealand,1994,1,0,0,1,0,0,0,0,0,0,0,0,0,0,0,0
1/1/1995,NZL,196,New Zealand,1995,1,0,0,1,0,0,0,0,0,0,0,0,0,0,0,0
4/1/1995,NZL,196,New Zealand,1995,1,0,0,1,0,0,0,0,0,0,0,0,0,0,0,0
7/1/1995,NZL,196,New Zealand,1995,1,0,0,1,0,0,0,0,0,0,0,0,0,0,0,0
10/1/1995,NZL,196,New Zealand,1995,1,0,0,1,0,0,0,0,0,0,0,0,0,0,0,0
1/1/1996,NZL,196,New Zealand,1996,1,0,0,1,0,0,0,0,0,0,0,0,0,0,0,0
4/1/1996,NZL,196,New Zealand,1996,1,0,0,1,0,0,0,0,0,0,0,0,0,0,0,0
7/1/1996,NZL,196,New Zealand,1996,1,0,0,1,0,0,0,0,0,0,0,0,0,0,0,0
10/1/1996,NZL,196,New Zealand,1996,1,0,0,1,0,0,0,0,0,0,0,0,0,0,0,0
1/1/1997,NZL,196,New Zealand,1997,1,0,0,1,0,0,0,0,0,0,0,0,0,0,0,0
4/1/1997,NZL,196,New Zealand,1997,1,0,0,1,0,0,0,0,0,0,0,0,0,0,0,0
7/1/1997,NZL,196,New Zealand,1997,1,0,0,1,0,0,0,0,0,0,0,0,0,0,0,0
10/1/1997,NZL,196,New Zealand,1997,1,0,0,1,0,0,0,0,0,0,0,0,0,0,0,0
1/1/1998,NZL,196,New Zealand,1998,1,0,0,1,0,0,0,0,0,0,0,0,0,0,0,0
4/1/1998,NZL,196,New Zealand,1998,1,0,0,1,0,0,0,0,0,0,0,0,0,0,0,0
7/1/1998,NZL,196,New Zealand,1998,1,0,0,1,0,0,0,0,0,0,0,0,0,0,0,0
10/1/1998,NZL,196,New Zealand,1998,1,0,0,1,0,0,0,0,0,0,0,0,0,0,0,0
1/1/1999,NZL,196,New Zealand,1999,1,0,0,1,0,0,0,0,0,0,0,0,0,0,0,0
4/1/1999,NZL,196,New Zealand,1999,1,0,0,1,0,0,0,0,0,0,0,0,0,0,0,0
7/1/1999,NZL,196,New Zealand,1999,1,0,0,1,0,0,0,0,0,0,0,0,0,0,0,0
10/1/1999,NZL,196,New Zealand,1999,1,0,0,1,0,0,0,0,0,0,0,0,0,0,0,0
1/1/2000,NZL,196,New Zealand,2000,1,0,0,1,0,0,0,0,0,0,0,0,0,0,0,0
4/1/2000,NZL,196,New Zealand,2000,1,0,0,1,0,0,0,0,0,0,0,0,0,0,0,0
7/1/2000,NZL,196,New Zealand,2000,1,0,0,1,0,0,0,0,0,0,0,0,0,0,0,0
10/1/2000,NZL,196,New Zealand,2000,1,0,0,1,0,0,0,0,0,0,0,0,0,0,0,0
1/1/2001,NZL,196,New Zealand,2001,1,0,0,1,0,0,0,0,0,0,0,0,0,0,0,0
4/1/2001,NZL,196,New Zealand,2001,1,0,0,1,0,0,0,0,0,0,0,0,0,0,0,0
7/1/2001,NZL,196,New Zealand,2001,1,0,0,1,0,0,0,0,0,0,0,0,0,0,0,0
10/1/2001,NZL,196,New Zealand,2001,1,0,0,1,0,0,0,0,0,0,0,0,0,0,0,0
1/1/2002,NZL,196,New Zealand,2002,1,0,0,1,0,0,0,0,0,0,0,0,0,0,0,0
4/1/2002,NZL,196,New Zealand,2002,1,0,0,1,0,0,0,0,0,0,0,0,0,0,0,0
7/1/2002,NZL,196,New Zealand,2002,1,0,0,1,0,0,0,0,0,0,0,0,0,0,0,0
10/1/2002,NZL,196,New Zealand,2002,1,0,0,1,0,0,0,0,0,0,0,0,0,0,0,0
1/1/2003,NZL,196,New Zealand,2003,1,0,0,1,0,0,0,0,0,0,0,0,0,0,0,0
4/1/2003,NZL,196,New Zealand,2003,1,0,0,1,0,0,0,0,0,0,0,0,0,0,0,0
7/1/2003,NZL,196,New Zealand,2003,1,0,0,1,0,0,0,0,0,0,0,0,0,0,0,0
10/1/2003,NZL,196,New Zealand,2003,1,0,0,1,0,0,0,0,0,0,0,0,0,0,0,0
1/1/2004,NZL,196,New Zealand,2004,1,0,0,1,0,0,0,0,0,0,0,0,0,0,0,0
4/1/2004,NZL,196,New Zealand,2004,1,0,0,1,0,0,0,0,0,0,0,0,0,0,0,0
7/1/2004,NZL,196,New Zealand,2004,1,0,0,1,0,0,0,0,0,0,0,0,0,0,0,0
10/1/2004,NZL,196,New Zealand,2004,1,0,0,1,0,0,0,0,0,0,0,0,0,0,0,0
1/1/2005,NZL,196,New Zealand,2005,1,0,0,1,0,0,0,0,0,0,0,0,0,0,0,0
4/1/2005,NZL,196,New Zealand,2005,1,0,0,1,0,0,0,0,0,0,0,0,0,0,0,0
7/1/2005,NZL,196,New Zealand,2005,1,0,0,1,0,0,0,0,0,0,0,0,0,0,0,0
10/1/2005,NZL,196,New Zealand,2005,1,0,0,1,0,0,0,0,0,0,0,0,0,0,0,0
1/1/2006,NZL,196,New Zealand,2006,1,0,0,1,0,0,0,0,0,0,0,0,0,0,0,0
4/1/2006,NZL,196,New Zealand,2006,1,0,0,1,0,0,0,0,0,0,0,0,0,0,0,0
7/1/2006,NZL,196,New Zealand,2006,1,0,0,1,0,0,0,0,0,0,0,0,0,0,0,0
10/1/2006,NZL,196,New Zealand,2006,1,0,0,1,0,0,0,0,0,0,0,0,0,0,0,0
1/1/2007,NZL,196,New Zealand,2007,1,0,0,1,0,0,0,0,0,0,0,0,0,0,0,0
4/1/2007,NZL,196,New Zealand,2007,1,0,0,1,0,0,0,0,0,0,0,0,0,0,0,0
7/1/2007,NZL,196,New Zealand,2007,1,0,0,1,0,0,0,0,0,0,0,0,0,0,0,0
10/1/2007,NZL,196,New Zealand,2007,1,0,0,1,0,0,0,0,0,0,0,0,0,0,0,0
1/1/2008,NZL,196,New Zealand,2008,1,0,0,1,0,0,0,0,0,0,0,0,0,0,0,0
4/1/2008,NZL,196,New Zealand,2008,1,0,0,1,0,0,0,0,0,0,0,0,0,0,0,0
7/1/2008,NZL,196,New Zealand,2008,1,0,0,1,0,0,0,0,0,0,0,0,0,0,0,0
10/1/2008,NZL,196,New Zealand,2008,1,0,0,1,0,0,0,0,0,0,0,0,0,0,0,0
1/1/2009,NZL,196,New Zealand,2009,1,0,0,1,0,0,0,0,0,0,0,0,0,0,0,0
4/1/2009,NZL,196,New Zealand,2009,1,0,0,1,0,0,0,0,0,0,0,0,0,0,0,0
7/1/2009,NZL,196,New Zealand,2009,1,0,0,1,0,0,0,0,0,0,0,0,0,0,0,0
10/1/2009,NZL,196,New Zealand,2009,1,0,0,1,0,0,0,0,0,0,0,0,0,0,0,0
1/1/2010,NZL,196,New Zealand,2010,1,0,0,1,0,0,0,0,0,0,0,0,0,0,0,0
4/1/2010,NZL,196,New Zealand,2010,1,0,0,1,0,0,0,0,0,0,0,0,0,0,0,0
7/1/2010,NZL,196,New Zealand,2010,1,0,0,1,0,0,0,0,0,0,0,0,0,0,0,0
10/1/2010,NZL,196,New Zealand,2010,1,0,0,1,0,0,0,0,0,0,0,0,0,0,0,0
1/1/2011,NZL,196,New Zealand,2011,1,0,0,1,0,0,0,0,0,0,0,0,0,0,0,0
4/1/2011,NZL,196,New Zealand,2011,1,0,0,1,0,0,0,0,0,0,0,0,0,0,0,0
7/1/2011,NZL,196,New Zealand,2011,1,0,0,1,0,0,0,0,0,0,0,0,0,0,0,0
10/1/2011,NZL,196,New Zealand,2011,1,0,0,1,0,0,0,0,0,0,0,0,0,0,0,0
1/1/2012,NZL,196,New Zealand,2012,1,0,0,1,0,0,0,0,0,0,0,0,0,0,0,0
4/1/2012,NZL,196,New Zealand,2012,1,0,0,1,0,0,0,0,0,0,0,0,0,0,0,0
7/1/2012,NZL,196,New Zealand,2012,1,0,0,1,0,0,0,0,0,0,0,0,0,0,0,0
10/1/2012,NZL,196,New Zealand,2012,1,0,0,1,0,0,0,0,0,0,0,0,0,0,0,0
1/1/2013,NZL,196,New Zealand,2013,1,0,0,1,0,0,0,0,0,0,0,0,0,0,0,0
4/1/2013,NZL,196,New Zealand,2013,1,0,0,1,0,0,0,0,0,0,0,0,0,0,0,0
7/1/2013,NZL,196,New Zealand,2013,1,0,0,1,0,0,0,0,0,0,0,0,0,0,0,0
10/1/2013,NZL,196,New Zealand,2013,1,0,0,1,0,0,0,0,0,0,0,0,0,0,0,0
1/1/2014,NZL,196,New Zealand,2014,1,0,0,1,0,0,0,0,0,0,0,0,0,0,0,0
4/1/2014,NZL,196,New Zealand,2014,1,0,0,1,0,0,0,0,0,0,0,0,0,0,0,0
7/1/2014,NZL,196,New Zealand,2014,1,0,0,1,0,0,0,0,0,0,0,0,0,0,0,0
10/1/2014,NZL,196,New Zealand,2014,1,0,0,1,0,0,0,0,0,0,0,0,0,0,0,0
1/1/2015,NZL,196,New Zealand,2015,1,0,0,1,0,0,0,0,0,0,0,0,0,0,0,0
4/1/2015,NZL,196,New Zealand,2015,1,0,0,1,0,0,0,0,0,0,0,0,0,0,0,0
7/1/2015,NZL,196,New Zealand,2015,1,0,0,1,0,0,0,0,0,0,0,0,0,0,0,0
10/1/2015,NZL,196,New Zealand,2015,1,0,0,1,0,0,0,0,0,0,0,0,0,0,0,0
1/1/2016,NZL,196,New Zealand,2016,1,0,0,1,0,0,0,0,0,0,0,0,0,0,0,0
4/1/2016,NZL,196,New Zealand,2016,1,0,0,1,0,0,0,0,0,0,0,0,0,0,0,0
7/1/2016,NZL,196,New Zealand,2016,1,0,0,1,0,0,0,0,0,0,0,0,0,0,0,0
10/1/2016,NZL,196,New Zealand,2016,1,0,0,1,0,0,0,0,0,0,0,0,0,0,0,0
1/1/2017,NZL,196,New Zealand,2017,1,0,0,1,0,0,0,0,0,0,0,0,0,0,0,0
4/1/2017,NZL,196,New Zealand,2017,1,0,0,1,0,0,0,0,0,0,0,0,0,0,0,0
7/1/2017,NZL,196,New Zealand,2017,1,0,0,1,0,0,0,0,0,0,0,0,0,0,0,0
10/1/2017,NZL,196,New Zealand,2017,1,0,0,1,0,0,0,0,0,0,0,0,0,0,0,0
1/1/2018,NZL,196,New Zealand,2018,1,0,0,1,0,0,0,0,0,0,0,0,0,0,0,0
4/1/2018,NZL,196,New Zealand,2018,1,0,0,1,0,0,0,0,0,0,0,0,0,0,0,0
7/1/2018,NZL,196,New Zealand,2018,1,0,0,1,0,0,0,0,0,0,0,0,0,0,0,0
10/1/2018,NZL,196,New Zealand,2018,1,0,0,1,0,0,0,0,0,0,0,0,0,0,0,0
1/1/2019,NZL,196,New Zealand,2019,1,0,0,1,0,0,0,0,0,0,0,0,0,0,0,0
4/1/2019,NZL,196,New Zealand,2019,1,0,0,1,0,0,0,0,0,0,0,0,0,0,0,0
7/1/2019,NZL,196,New Zealand,2019,1,0,0,1,0,0,0,0,0,0,0,0,0,0,0,0
10/1/2019,NZL,196,New Zealand,2019,1,0,0,1,0,0,0,0,0,0,0,0,0,0,0,0
1/1/2020,NZL,196,New Zealand,2020,1,0,0,1,0,0,0,0,0,0,0,0,0,0,0,0
4/1/2020,NZL,196,New Zealand,2020,1,0,0,1,0,0,0,0,0,0,0,0,0,0,0,0
7/1/2020,NZL,196,New Zealand,2020,1,0,0,1,0,0,0,0,0,0,0,0,0,0,0,0
10/1/2020,NZL,196,New Zealand,2020,1,0,0,1,0,0,0,0,0,0,0,0,0,0,0,0
1/1/2021,NZL,196,New Zealand,2021,1,0,0,1,0,0,0,0,0,0,0,0,0,0,0,0
4/1/2021,NZL,196,New Zealand,2021,1,0,0,1,0,0,0,0,0,0,0,0,0,0,0,0
7/1/2021,NZL,196,New Zealand,2021,1,0,0,1,0,0,0,0,0,0,0,0,0,0,0,0
10/1/2021,NZL,196,New Zealand,2021,1,0,0,1,0,0,0,0,0,0,0,0,0,0,0,0
1/1/2022,NZL,196,New Zealand,2022,1,0,0,1,0,0,0,0,0,0,0,0,0,0,0,0
4/1/2022,NZL,196,New Zealand,2022,1,0,0,1,0,0,0,0,0,0,0,0,0,0,0,0
7/1/2022,NZL,196,New Zealand,2022,1,0,0,1,0,0,0,0,0,0,0,0,0,0,0,0
10/1/2022,NZL,196,New Zealand,2022,1,0,0,1,0,0,0,0,0,0,0,0,0,0,0,0
1/1/2023,NZL,196,New Zealand,2023,1,0,0,1,0,0,0,0,0,0,0,0,0,0,0,0
4/1/2023,NZL,196,New Zealand,2023,1,0,0,1,0,0,0,0,0,0,0,0,0,0,0,0
7/1/2023,NZL,196,New Zealand,2023,1,0,0,1,0,0,0,0,0,0,0,0,0,0,0,0
10/1/2023,NZL,196,New Zealand,2023,1,0,0,1,0,0,0,0,0,0,0,0,0,0,0,0
1/1/2024,NZL,196,New Zealand,2024,1,0,0,1,0,0,0,0,0,0,0,0,0,0,0,0
4/1/2024,NZL,196,New Zealand,2024,1,0,0,1,0,0,0,0,0,0,0,0,0,0,0,0
7/1/2024,NZL,196,New Zealand,2024,1,0,0,1,0,0,0,0,0,0,0,0,0,0,0,0
10/1/2024,NZL,196,New Zealand,2024,1,0,0,1,0,0,0,0,0,0,0,0,0,0,0,0
1/1/1960,ZAF,199,South Africa,1960,0,1,1,0,0,0,0,0,0,1,0,0,1,0,0,0
4/1/1960,ZAF,199,South Africa,1960,0,1,1,0,0,0,0,0,0,1,0,0,1,0,0,0
7/1/1960,ZAF,199,South Africa,1960,0,1,1,0,0,0,0,0,0,1,0,0,1,0,0,0
10/1/1960,ZAF,199,South Africa,1960,0,1,1,0,0,0,0,0,0,1,0,0,1,0,0,0
1/1/1961,ZAF,199,South Africa,1961,0,1,1,0,0,0,0,0,0,1,0,0,1,0,0,0
4/1/1961,ZAF,199,South Africa,1961,0,1,1,0,0,0,0,0,0,1,0,0,1,0,0,0
7/1/1961,ZAF,199,South Africa,1961,0,1,1,0,0,0,0,0,0,1,0,0,1,0,0,0
10/1/1961,ZAF,199,South Africa,1961,0,1,1,0,0,0,0,0,0,1,0,0,1,0,0,0
1/1/1962,ZAF,199,South Africa,1962,0,1,1,0,0,0,0,0,0,1,0,0,1,0,0,0
4/1/1962,ZAF,199,South Africa,1962,0,1,1,0,0,0,0,0,0,1,0,0,1,0,0,0
7/1/1962,ZAF,199,South Africa,1962,0,1,1,0,0,0,0,0,0,1,0,0,1,0,0,0
10/1/1962,ZAF,199,South Africa,1962,0,1,1,0,0,0,0,0,0,1,0,0,1,0,0,0
1/1/1963,ZAF,199,South Africa,1963,0,1,1,0,0,0,0,0,0,1,0,0,1,0,0,0
4/1/1963,ZAF,199,South Africa,1963,0,1,1,0,0,0,0,0,0,1,0,0,1,0,0,0
7/1/1963,ZAF,199,South Africa,1963,0,1,1,0,0,0,0,0,0,1,0,0,1,0,0,0
10/1/1963,ZAF,199,South Africa,1963,0,1,1,0,0,0,0,0,0,1,0,0,1,0,0,0
1/1/1964,ZAF,199,South Africa,1964,0,1,1,0,0,0,0,0,0,1,0,0,1,0,0,0
4/1/1964,ZAF,199,South Africa,1964,0,1,1,0,0,0,0,0,0,1,0,0,1,0,0,0
7/1/1964,ZAF,199,South Africa,1964,0,1,1,0,0,0,0,0,0,1,0,0,1,0,0,0
10/1/1964,ZAF,199,South Africa,1964,0,1,1,0,0,0,0,0,0,1,0,0,1,0,0,0
1/1/1965,ZAF,199,South Africa,1965,0,1,1,0,0,0,0,0,0,1,0,0,1,0,0,0
4/1/1965,ZAF,199,South Africa,1965,0,1,1,0,0,0,0,0,0,1,0,0,1,0,0,0
7/1/1965,ZAF,199,South Africa,1965,0,1,1,0,0,0,0,0,0,1,0,0,1,0,0,0
10/1/1965,ZAF,199,South Africa,1965,0,1,1,0,0,0,0,0,0,1,0,0,1,0,0,0
1/1/1966,ZAF,199,South Africa,1966,0,1,1,0,0,0,0,0,0,1,0,0,1,0,0,0
4/1/1966,ZAF,199,South Africa,1966,0,1,1,0,0,0,0,0,0,1,0,0,1,0,0,0
7/1/1966,ZAF,199,South Africa,1966,0,1,1,0,0,0,0,0,0,1,0,0,1,0,0,0
10/1/1966,ZAF,199,South Africa,1966,0,1,1,0,0,0,0,0,0,1,0,0,1,0,0,0
1/1/1967,ZAF,199,South Africa,1967,0,1,1,0,0,0,0,0,0,1,0,0,1,0,0,0
4/1/1967,ZAF,199,South Africa,1967,0,1,1,0,0,0,0,0,0,1,0,0,1,0,0,0
7/1/1967,ZAF,199,South Africa,1967,0,1,1,0,0,0,0,0,0,1,0,0,1,0,0,0
10/1/1967,ZAF,199,South Africa,1967,0,1,1,0,0,0,0,0,0,1,0,0,1,0,0,0
1/1/1968,ZAF,199,South Africa,1968,0,1,1,0,0,0,0,0,0,1,0,0,1,0,0,0
4/1/1968,ZAF,199,South Africa,1968,0,1,1,0,0,0,0,0,0,1,0,0,1,0,0,0
7/1/1968,ZAF,199,South Africa,1968,0,1,1,0,0,0,0,0,0,1,0,0,1,0,0,0
10/1/1968,ZAF,199,South Africa,1968,0,1,1,0,0,0,0,0,0,1,0,0,1,0,0,0
1/1/1969,ZAF,199,South Africa,1969,0,1,1,0,0,0,0,0,0,1,0,0,1,0,0,0
4/1/1969,ZAF,199,South Africa,1969,0,1,1,0,0,0,0,0,0,1,0,0,1,0,0,0
7/1/1969,ZAF,199,South Africa,1969,0,1,1,0,0,0,0,0,0,1,0,0,1,0,0,0
10/1/1969,ZAF,199,South Africa,1969,0,1,1,0,0,0,0,0,0,1,0,0,1,0,0,0
1/1/1970,ZAF,199,South Africa,1970,0,1,1,0,0,0,0,0,0,1,0,0,1,0,0,0
4/1/1970,ZAF,199,South Africa,1970,0,1,1,0,0,0,0,0,0,1,0,0,1,0,0,0
7/1/1970,ZAF,199,South Africa,1970,0,1,1,0,0,0,0,0,0,1,0,0,1,0,0,0
10/1/1970,ZAF,199,South Africa,1970,0,1,1,0,0,0,0,0,0,1,0,0,1,0,0,0
1/1/1971,ZAF,199,South Africa,1971,0,1,1,0,0,0,0,0,0,1,0,0,1,0,0,0
4/1/1971,ZAF,199,South Africa,1971,0,1,1,0,0,0,0,0,0,1,0,0,1,0,0,0
7/1/1971,ZAF,199,South Africa,1971,0,1,1,0,0,0,0,0,0,1,0,0,1,0,0,0
10/1/1971,ZAF,199,South Africa,1971,0,1,1,0,0,0,0,0,0,1,0,0,1,0,0,0
1/1/1972,ZAF,199,South Africa,1972,0,1,1,0,0,0,0,0,0,1,0,0,1,0,0,0
4/1/1972,ZAF,199,South Africa,1972,0,1,1,0,0,0,0,0,0,1,0,0,1,0,0,0
7/1/1972,ZAF,199,South Africa,1972,0,1,1,0,0,0,0,0,0,1,0,0,1,0,0,0
10/1/1972,ZAF,199,South Africa,1972,0,1,1,0,0,0,0,0,0,1,0,0,1,0,0,0
1/1/1973,ZAF,199,South Africa,1973,0,1,1,0,0,0,0,0,0,1,0,0,1,0,0,0
4/1/1973,ZAF,199,South Africa,1973,0,1,1,0,0,0,0,0,0,1,0,0,1,0,0,0
7/1/1973,ZAF,199,South Africa,1973,0,1,1,0,0,0,0,0,0,1,0,0,1,0,0,0
10/1/1973,ZAF,199,South Africa,1973,0,1,1,0,0,0,0,0,0,1,0,0,1,0,0,0
1/1/1974,ZAF,199,South Africa,1974,0,1,1,0,0,0,0,0,0,1,0,0,1,0,0,0
4/1/1974,ZAF,199,South Africa,1974,0,1,1,0,0,0,0,0,0,1,0,0,1,0,0,0
7/1/1974,ZAF,199,South Africa,1974,0,1,1,0,0,0,0,0,0,1,0,0,1,0,0,0
10/1/1974,ZAF,199,South Africa,1974,0,1,1,0,0,0,0,0,0,1,0,0,1,0,0,0
1/1/1975,ZAF,199,South Africa,1975,0,1,1,0,0,0,0,0,0,1,0,0,1,0,0,0
4/1/1975,ZAF,199,South Africa,1975,0,1,1,0,0,0,0,0,0,1,0,0,1,0,0,0
7/1/1975,ZAF,199,South Africa,1975,0,1,1,0,0,0,0,0,0,1,0,0,1,0,0,0
10/1/1975,ZAF,199,South Africa,1975,0,1,1,0,0,0,0,0,0,1,0,0,1,0,0,0
1/1/1976,ZAF,199,South Africa,1976,0,1,1,0,0,0,0,0,0,1,0,0,1,0,0,0
4/1/1976,ZAF,199,South Africa,1976,0,1,1,0,0,0,0,0,0,1,0,0,1,0,0,0
7/1/1976,ZAF,199,South Africa,1976,0,1,1,0,0,0,0,0,0,1,0,0,1,0,0,0
10/1/1976,ZAF,199,South Africa,1976,0,1,1,0,0,0,0,0,0,1,0,0,1,0,0,0
1/1/1977,ZAF,199,South Africa,1977,0,1,1,0,0,0,0,0,0,1,0,0,1,0,0,0
4/1/1977,ZAF,199,South Africa,1977,0,1,1,0,0,0,0,0,0,1,0,0,1,0,0,0
7/1/1977,ZAF,199,South Africa,1977,0,1,1,0,0,0,0,0,0,1,0,0,1,0,0,0
10/1/1977,ZAF,199,South Africa,1977,0,1,1,0,0,0,0,0,0,1,0,0,1,0,0,0
1/1/1978,ZAF,199,South Africa,1978,0,1,1,0,0,0,0,0,0,1,0,0,1,0,0,0
4/1/1978,ZAF,199,South Africa,1978,0,1,1,0,0,0,0,0,0,1,0,0,1,0,0,0
7/1/1978,ZAF,199,South Africa,1978,0,1,1,0,0,0,0,0,0,1,0,0,1,0,0,0
10/1/1978,ZAF,199,South Africa,1978,0,1,1,0,0,0,0,0,0,1,0,0,1,0,0,0
1/1/1979,ZAF,199,South Africa,1979,0,1,1,0,0,0,0,0,0,1,0,0,1,0,0,0
4/1/1979,ZAF,199,South Africa,1979,0,1,1,0,0,0,0,0,0,1,0,0,1,0,0,0
7/1/1979,ZAF,199,South Africa,1979,0,1,1,0,0,0,0,0,0,1,0,0,1,0,0,0
10/1/1979,ZAF,199,South Africa,1979,0,1,1,0,0,0,0,0,0,1,0,0,1,0,0,0
1/1/1980,ZAF,199,South Africa,1980,0,1,1,0,0,0,0,0,0,1,0,0,1,0,0,0
4/1/1980,ZAF,199,South Africa,1980,0,1,1,0,0,0,0,0,0,1,0,0,1,0,0,0
7/1/1980,ZAF,199,South Africa,1980,0,1,1,0,0,0,0,0,0,1,0,0,1,0,0,0
10/1/1980,ZAF,199,South Africa,1980,0,1,1,0,0,0,0,0,0,1,0,0,1,0,0,0
1/1/1981,ZAF,199,South Africa,1981,0,1,1,0,0,0,0,0,0,1,0,0,1,0,0,0
4/1/1981,ZAF,199,South Africa,1981,0,1,1,0,0,0,0,0,0,1,0,0,1,0,0,0
7/1/1981,ZAF,199,South Africa,1981,0,1,1,0,0,0,0,0,0,1,0,0,1,0,0,0
10/1/1981,ZAF,199,South Africa,1981,0,1,1,0,0,0,0,0,0,1,0,0,1,0,0,0
1/1/1982,ZAF,199,South Africa,1982,0,1,1,0,0,0,0,0,0,1,0,0,1,0,0,0
4/1/1982,ZAF,199,South Africa,1982,0,1,1,0,0,0,0,0,0,1,0,0,1,0,0,0
7/1/1982,ZAF,199,South Africa,1982,0,1,1,0,0,0,0,0,0,1,0,0,1,0,0,0
10/1/1982,ZAF,199,South Africa,1982,0,1,1,0,0,0,0,0,0,1,0,0,1,0,0,0
1/1/1983,ZAF,199,South Africa,1983,0,1,1,0,0,0,0,0,0,1,0,0,1,0,0,0
4/1/1983,ZAF,199,South Africa,1983,0,1,1,0,0,0,0,0,0,1,0,0,1,0,0,0
7/1/1983,ZAF,199,South Africa,1983,0,1,1,0,0,0,0,0,0,1,0,0,1,0,0,0
10/1/1983,ZAF,199,South Africa,1983,0,1,1,0,0,0,0,0,0,1,0,0,1,0,0,0
1/1/1984,ZAF,199,South Africa,1984,0,1,1,0,0,0,0,0,0,1,0,0,1,0,0,0
4/1/1984,ZAF,199,South Africa,1984,0,1,1,0,0,0,0,0,0,1,0,0,1,0,0,0
7/1/1984,ZAF,199,South Africa,1984,0,1,1,0,0,0,0,0,0,1,0,0,1,0,0,0
10/1/1984,ZAF,199,South Africa,1984,0,1,1,0,0,0,0,0,0,1,0,0,1,0,0,0
1/1/1985,ZAF,199,South Africa,1985,0,1,1,0,0,0,0,0,0,1,0,0,1,0,0,0
4/1/1985,ZAF,199,South Africa,1985,0,1,1,0,0,0,0,0,0,1,0,0,1,0,0,0
7/1/1985,ZAF,199,South Africa,1985,0,1,1,0,0,0,0,0,0,1,0,0,1,0,0,0
10/1/1985,ZAF,199,South Africa,1985,0,1,1,0,0,0,0,0,0,1,0,0,1,0,0,0
1/1/1986,ZAF,199,South Africa,1986,0,1,1,0,0,0,0,0,0,1,0,0,1,0,0,0
4/1/1986,ZAF,199,South Africa,1986,0,1,1,0,0,0,0,0,0,1,0,0,1,0,0,0
7/1/1986,ZAF,199,South Africa,1986,0,1,1,0,0,0,0,0,0,1,0,0,1,0,0,0
10/1/1986,ZAF,199,South Africa,1986,0,1,1,0,0,0,0,0,0,1,0,0,1,0,0,0
1/1/1987,ZAF,199,South Africa,1987,0,1,1,0,0,0,0,0,0,1,0,0,1,0,0,0
4/1/1987,ZAF,199,South Africa,1987,0,1,1,0,0,0,0,0,0,1,0,0,1,0,0,0
7/1/1987,ZAF,199,South Africa,1987,0,1,1,0,0,0,0,0,0,1,0,0,1,0,0,0
10/1/1987,ZAF,199,South Africa,1987,0,1,1,0,0,0,0,0,0,1,0,0,1,0,0,0
1/1/1988,ZAF,199,South Africa,1988,0,1,1,0,0,0,0,0,0,1,0,0,1,0,0,0
4/1/1988,ZAF,199,South Africa,1988,0,1,1,0,0,0,0,0,0,1,0,0,1,0,0,0
7/1/1988,ZAF,199,South Africa,1988,0,1,1,0,0,0,0,0,0,1,0,0,1,0,0,0
10/1/1988,ZAF,199,South Africa,1988,0,1,1,0,0,0,0,0,0,1,0,0,1,0,0,0
1/1/1989,ZAF,199,South Africa,1989,0,1,1,0,0,0,0,0,0,1,0,0,1,0,0,0
4/1/1989,ZAF,199,South Africa,1989,0,1,1,0,0,0,0,0,0,1,0,0,1,0,0,0
7/1/1989,ZAF,199,South Africa,1989,0,1,1,0,0,0,0,0,0,1,0,0,1,0,0,0
10/1/1989,ZAF,199,South Africa,1989,0,1,1,0,0,0,0,0,0,1,0,0,1,0,0,0
1/1/1990,ZAF,199,South Africa,1990,0,1,1,0,0,0,0,0,0,1,0,0,1,0,0,0
4/1/1990,ZAF,199,South Africa,1990,0,1,1,0,0,0,0,0,0,1,0,0,1,0,0,0
7/1/1990,ZAF,199,South Africa,1990,0,1,1,0,0,0,0,0,0,1,0,0,1,0,0,0
10/1/1990,ZAF,199,South Africa,1990,0,1,1,0,0,0,0,0,0,1,0,0,1,0,0,0
1/1/1991,ZAF,199,South Africa,1991,0,1,1,0,0,0,0,0,0,1,0,0,1,0,0,0
4/1/1991,ZAF,199,South Africa,1991,0,1,1,0,0,0,0,0,0,1,0,0,1,0,0,0
7/1/1991,ZAF,199,South Africa,1991,0,1,1,0,0,0,0,0,0,1,0,0,1,0,0,0
10/1/1991,ZAF,199,South Africa,1991,0,1,1,0,0,0,0,0,0,1,0,0,1,0,0,0
1/1/1992,ZAF,199,South Africa,1992,0,1,1,0,0,0,0,0,0,1,0,0,1,0,0,0
4/1/1992,ZAF,199,South Africa,1992,0,1,1,0,0,0,0,0,0,1,0,0,1,0,0,0
7/1/1992,ZAF,199,South Africa,1992,0,1,1,0,0,0,0,0,0,1,0,0,1,0,0,0
10/1/1992,ZAF,199,South Africa,1992,0,1,1,0,0,0,0,0,0,1,0,0,1,0,0,0
1/1/1993,ZAF,199,South Africa,1993,0,1,1,0,0,0,0,0,0,1,0,0,1,0,0,0
4/1/1993,ZAF,199,South Africa,1993,0,1,1,0,0,0,0,0,0,1,0,0,1,0,0,0
7/1/1993,ZAF,199,South Africa,1993,0,1,1,0,0,0,0,0,0,1,0,0,1,0,0,0
10/1/1993,ZAF,199,South Africa,1993,0,1,1,0,0,0,0,0,0,1,0,0,1,0,0,0
1/1/1994,ZAF,199,South Africa,1994,0,1,1,0,0,0,0,0,0,1,0,0,1,0,0,0
4/1/1994,ZAF,199,South Africa,1994,0,1,1,0,0,0,0,0,0,1,0,0,1,0,0,0
7/1/1994,ZAF,199,South Africa,1994,0,1,1,0,0,0,0,0,0,1,0,0,1,0,0,0
10/1/1994,ZAF,199,South Africa,1994,0,1,1,0,0,0,0,0,0,1,0,0,1,0,0,0
1/1/1995,ZAF,199,South Africa,1995,0,1,1,0,0,0,0,0,0,1,0,0,1,0,0,0
4/1/1995,ZAF,199,South Africa,1995,0,1,1,0,0,0,0,0,0,1,0,0,1,0,0,0
7/1/1995,ZAF,199,South Africa,1995,0,1,1,0,0,0,0,0,0,1,0,0,1,0,0,0
10/1/1995,ZAF,199,South Africa,1995,0,1,1,0,0,0,0,0,0,1,0,0,1,0,0,0
1/1/1996,ZAF,199,South Africa,1996,0,1,1,0,0,0,0,0,0,1,0,0,1,0,0,0
4/1/1996,ZAF,199,South Africa,1996,0,1,1,0,0,0,0,0,0,1,0,0,1,0,0,0
7/1/1996,ZAF,199,South Africa,1996,0,1,1,0,0,0,0,0,0,1,0,0,1,0,0,0
10/1/1996,ZAF,199,South Africa,1996,0,1,1,0,0,0,0,0,0,1,0,0,1,0,0,0
1/1/1997,ZAF,199,South Africa,1997,0,1,1,0,0,0,0,0,0,1,0,0,1,0,0,0
4/1/1997,ZAF,199,South Africa,1997,0,1,1,0,0,0,0,0,0,1,0,0,1,0,0,0
7/1/1997,ZAF,199,South Africa,1997,0,1,1,0,0,0,0,0,0,1,0,0,1,0,0,0
10/1/1997,ZAF,199,South Africa,1997,0,1,1,0,0,0,0,0,0,1,0,0,1,0,0,0
1/1/1998,ZAF,199,South Africa,1998,0,1,1,0,0,0,0,0,0,1,0,0,1,0,0,0
4/1/1998,ZAF,199,South Africa,1998,0,1,1,0,0,0,0,0,0,1,0,0,1,0,0,0
7/1/1998,ZAF,199,South Africa,1998,0,1,1,0,0,0,0,0,0,1,0,0,1,0,0,0
10/1/1998,ZAF,199,South Africa,1998,0,1,1,0,0,0,0,0,0,1,0,0,1,0,0,0
1/1/1999,ZAF,199,South Africa,1999,0,1,1,0,0,0,0,0,0,1,0,0,1,0,0,0
4/1/1999,ZAF,199,South Africa,1999,0,1,1,0,0,0,0,0,0,1,0,0,1,0,0,0
7/1/1999,ZAF,199,South Africa,1999,0,1,1,0,0,0,0,0,0,1,0,0,1,0,0,0
10/1/1999,ZAF,199,South Africa,1999,0,1,1,0,0,0,0,0,0,1,0,0,1,0,0,0
1/1/2000,ZAF,199,South Africa,2000,0,1,1,0,0,0,0,0,0,1,0,0,1,0,0,0
4/1/2000,ZAF,199,South Africa,2000,0,1,1,0,0,0,0,0,0,1,0,0,1,0,0,0
7/1/2000,ZAF,199,South Africa,2000,0,1,1,0,0,0,0,0,0,1,0,0,1,0,0,0
10/1/2000,ZAF,199,South Africa,2000,0,1,1,0,0,0,0,0,0,1,0,0,1,0,0,0
1/1/2001,ZAF,199,South Africa,2001,0,1,1,0,0,0,0,0,0,1,0,0,1,0,0,0
4/1/2001,ZAF,199,South Africa,2001,0,1,1,0,0,0,0,0,0,1,0,0,1,0,0,0
7/1/2001,ZAF,199,South Africa,2001,0,1,1,0,0,0,0,0,0,1,0,0,1,0,0,0
10/1/2001,ZAF,199,South Africa,2001,0,1,1,0,0,0,0,0,0,1,0,0,1,0,0,0
1/1/2002,ZAF,199,South Africa,2002,0,1,1,0,0,0,0,0,0,1,0,0,1,0,0,0
4/1/2002,ZAF,199,South Africa,2002,0,1,1,0,0,0,0,0,0,1,0,0,1,0,0,0
7/1/2002,ZAF,199,South Africa,2002,0,1,1,0,0,0,0,0,0,1,0,0,1,0,0,0
10/1/2002,ZAF,199,South Africa,2002,0,1,1,0,0,0,0,0,0,1,0,0,1,0,0,0
1/1/2003,ZAF,199,South Africa,2003,0,1,1,0,0,0,0,0,0,1,0,0,1,0,0,0
4/1/2003,ZAF,199,South Africa,2003,0,1,1,0,0,0,0,0,0,1,0,0,1,0,0,0
7/1/2003,ZAF,199,South Africa,2003,0,1,1,0,0,0,0,0,0,1,0,0,1,0,0,0
10/1/2003,ZAF,199,South Africa,2003,0,1,1,0,0,0,0,0,0,1,0,0,1,0,0,0
1/1/2004,ZAF,199,South Africa,2004,0,1,1,0,0,0,0,0,0,1,0,0,1,0,0,0
4/1/2004,ZAF,199,South Africa,2004,0,1,1,0,0,0,0,0,0,1,0,0,1,0,0,0
7/1/2004,ZAF,199,South Africa,2004,0,1,1,0,0,0,0,0,0,1,0,0,1,0,0,0
10/1/2004,ZAF,199,South Africa,2004,0,1,1,0,0,0,0,0,0,1,0,0,1,0,0,0
1/1/2005,ZAF,199,South Africa,2005,0,1,1,0,0,0,0,0,0,1,0,0,1,0,0,0
4/1/2005,ZAF,199,South Africa,2005,0,1,1,0,0,0,0,0,0,1,0,0,1,0,0,0
7/1/2005,ZAF,199,South Africa,2005,0,1,1,0,0,0,0,0,0,1,0,0,1,0,0,0
10/1/2005,ZAF,199,South Africa,2005,0,1,1,0,0,0,0,0,0,1,0,0,1,0,0,0
1/1/2006,ZAF,199,South Africa,2006,0,1,1,0,0,0,0,0,0,1,0,0,1,0,0,0
4/1/2006,ZAF,199,South Africa,2006,0,1,1,0,0,0,0,0,0,1,0,0,1,0,0,0
7/1/2006,ZAF,199,South Africa,2006,0,1,1,0,0,0,0,0,0,1,0,0,1,0,0,0
10/1/2006,ZAF,199,South Africa,2006,0,1,1,0,0,0,0,0,0,1,0,0,1,0,0,0
1/1/2007,ZAF,199,South Africa,2007,0,1,1,0,0,0,0,0,0,1,0,0,1,0,0,0
4/1/2007,ZAF,199,South Africa,2007,0,1,1,0,0,0,0,0,0,1,0,0,1,0,0,0
7/1/2007,ZAF,199,South Africa,2007,0,1,1,0,0,0,0,0,0,1,0,0,1,0,0,0
10/1/2007,ZAF,199,South Africa,2007,0,1,1,0,0,0,0,0,0,1,0,0,1,0,0,0
1/1/2008,ZAF,199,South Africa,2008,0,1,1,0,0,0,0,0,0,1,0,0,1,0,0,0
4/1/2008,ZAF,199,South Africa,2008,0,1,1,0,0,0,0,0,0,1,0,0,1,0,0,0
7/1/2008,ZAF,199,South Africa,2008,0,1,1,0,0,0,0,0,0,1,0,0,1,0,0,0
10/1/2008,ZAF,199,South Africa,2008,0,1,1,0,0,0,0,0,0,1,0,0,1,0,0,0
1/1/2009,ZAF,199,South Africa,2009,0,1,1,0,0,0,0,0,0,1,0,0,1,0,0,0
4/1/2009,ZAF,199,South Africa,2009,0,1,1,0,0,0,0,0,0,1,0,0,1,0,0,0
7/1/2009,ZAF,199,South Africa,2009,0,1,1,0,0,0,0,0,0,1,0,0,1,0,0,0
10/1/2009,ZAF,199,South Africa,2009,0,1,1,0,0,0,0,0,0,1,0,0,1,0,0,0
1/1/2010,ZAF,199,South Africa,2010,0,1,1,0,0,0,0,0,0,1,0,0,1,0,0,0
4/1/2010,ZAF,199,South Africa,2010,0,1,1,0,0,0,0,0,0,1,0,0,1,0,0,0
7/1/2010,ZAF,199,South Africa,2010,0,1,1,0,0,0,0,0,0,1,0,0,1,0,0,0
10/1/2010,ZAF,199,South Africa,2010,0,1,1,0,0,0,0,0,0,1,0,0,1,0,0,0
1/1/2011,ZAF,199,South Africa,2011,0,1,1,0,0,0,0,0,0,1,0,0,1,0,0,0
4/1/2011,ZAF,199,South Africa,2011,0,1,1,0,0,0,0,0,0,1,0,0,1,0,0,0
7/1/2011,ZAF,199,South Africa,2011,0,1,1,0,0,0,0,0,0,1,0,0,1,0,0,0
10/1/2011,ZAF,199,South Africa,2011,0,1,1,0,0,0,0,0,0,1,0,0,1,0,0,0
1/1/2012,ZAF,199,South Africa,2012,0,1,1,0,0,0,0,0,0,1,0,0,1,0,0,0
4/1/2012,ZAF,199,South Africa,2012,0,1,1,0,0,0,0,0,0,1,0,0,1,0,0,0
7/1/2012,ZAF,199,South Africa,2012,0,1,1,0,0,0,0,0,0,1,0,0,1,0,0,0
10/1/2012,ZAF,199,South Africa,2012,0,1,1,0,0,0,0,0,0,1,0,0,1,0,0,0
1/1/2013,ZAF,199,South Africa,2013,0,1,1,0,0,0,0,0,0,1,0,0,1,0,0,0
4/1/2013,ZAF,199,South Africa,2013,0,1,1,0,0,0,0,0,0,1,0,0,1,0,0,0
7/1/2013,ZAF,199,South Africa,2013,0,1,1,0,0,0,0,0,0,1,0,0,1,0,0,0
10/1/2013,ZAF,199,South Africa,2013,0,1,1,0,0,0,0,0,0,1,0,0,1,0,0,0
1/1/2014,ZAF,199,South Africa,2014,0,1,1,0,0,0,0,0,0,1,0,0,1,0,0,0
4/1/2014,ZAF,199,South Africa,2014,0,1,1,0,0,0,0,0,0,1,0,0,1,0,0,0
7/1/2014,ZAF,199,South Africa,2014,0,1,1,0,0,0,0,0,0,1,0,0,1,0,0,0
10/1/2014,ZAF,199,South Africa,2014,0,1,1,0,0,0,0,0,0,1,0,0,1,0,0,0
1/1/2015,ZAF,199,South Africa,2015,0,1,1,0,0,0,0,0,0,1,0,0,1,0,0,0
4/1/2015,ZAF,199,South Africa,2015,0,1,1,0,0,0,0,0,0,1,0,0,1,0,0,0
7/1/2015,ZAF,199,South Africa,2015,0,1,1,0,0,0,0,0,0,1,0,0,1,0,0,0
10/1/2015,ZAF,199,South Africa,2015,0,1,1,0,0,0,0,0,0,1,0,0,1,0,0,0
1/1/2016,ZAF,199,South Africa,2016,0,1,1,0,0,0,0,0,0,1,0,0,1,0,0,0
4/1/2016,ZAF,199,South Africa,2016,0,1,1,0,0,0,0,0,0,1,0,0,1,0,0,0
7/1/2016,ZAF,199,South Africa,2016,0,1,1,0,0,0,0,0,0,1,0,0,1,0,0,0
10/1/2016,ZAF,199,South Africa,2016,0,1,1,0,0,0,0,0,0,1,0,0,1,0,0,0
1/1/2017,ZAF,199,South Africa,2017,0,1,1,0,0,0,0,0,0,1,0,0,1,0,0,0
4/1/2017,ZAF,199,South Africa,2017,0,1,1,0,0,0,0,0,0,1,0,0,1,0,0,0
7/1/2017,ZAF,199,South Africa,2017,0,1,1,0,0,0,0,0,0,1,0,0,1,0,0,0
10/1/2017,ZAF,199,South Africa,2017,0,1,1,0,0,0,0,0,0,1,0,0,1,0,0,0
1/1/2018,ZAF,199,South Africa,2018,0,1,1,0,0,0,0,0,0,1,0,0,1,0,0,0
4/1/2018,ZAF,199,South Africa,2018,0,1,1,0,0,0,0,0,0,1,0,0,1,0,0,0
7/1/2018,ZAF,199,South Africa,2018,0,1,1,0,0,0,0,0,0,1,0,0,1,0,0,0
10/1/2018,ZAF,199,South Africa,2018,0,1,1,0,0,0,0,0,0,1,0,0,1,0,0,0
1/1/2019,ZAF,199,South Africa,2019,0,1,1,0,0,0,0,0,0,1,0,0,1,0,0,0
4/1/2019,ZAF,199,South Africa,2019,0,1,1,0,0,0,0,0,0,1,0,0,1,0,0,0
7/1/2019,ZAF,199,South Africa,2019,0,1,1,0,0,0,0,0,0,1,0,0,1,0,0,0
10/1/2019,ZAF,199,South Africa,2019,0,1,1,0,0,0,0,0,0,1,0,0,1,0,0,0
1/1/2020,ZAF,199,South Africa,2020,0,1,1,0,0,0,0,0,0,1,0,0,1,0,0,0
4/1/2020,ZAF,199,South Africa,2020,0,1,1,0,0,0,0,0,0,1,0,0,1,0,0,0
7/1/2020,ZAF,199,South Africa,2020,0,1,1,0,0,0,0,0,0,1,0,0,1,0,0,0
10/1/2020,ZAF,199,South Africa,2020,0,1,1,0,0,0,0,0,0,1,0,0,1,0,0,0
1/1/2021,ZAF,199,South Africa,2021,0,1,1,0,0,0,0,0,0,1,0,0,1,0,0,0
4/1/2021,ZAF,199,South Africa,2021,0,1,1,0,0,0,0,0,0,1,0,0,1,0,0,0
7/1/2021,ZAF,199,South Africa,2021,0,1,1,0,0,0,0,0,0,1,0,0,1,0,0,0
10/1/2021,ZAF,199,South Africa,2021,0,1,1,0,0,0,0,0,0,1,0,0,1,0,0,0
1/1/2022,ZAF,199,South Africa,2022,0,1,1,0,0,0,0,0,0,1,0,0,1,0,0,0
4/1/2022,ZAF,199,South Africa,2022,0,1,1,0,0,0,0,0,0,1,0,0,1,0,0,0
7/1/2022,ZAF,199,South Africa,2022,0,1,1,0,0,0,0,0,0,1,0,0,1,0,0,0
10/1/2022,ZAF,199,South Africa,2022,0,1,1,0,0,0,0,0,0,1,0,0,1,0,0,0
1/1/2023,ZAF,199,South Africa,2023,0,1,1,0,0,0,0,0,0,1,0,0,1,0,0,0
4/1/2023,ZAF,199,South Africa,2023,0,1,1,0,0,0,0,0,0,1,0,0,1,0,0,0
7/1/2023,ZAF,199,South Africa,2023,0,1,1,0,0,0,0,0,0,1,0,0,1,0,0,0
10/1/2023,ZAF,199,South Africa,2023,0,1,1,0,0,0,0,0,0,1,0,0,1,0,0,0
1/1/2024,ZAF,199,South Africa,2024,0,1,1,0,0,0,0,0,0,1,0,0,1,0,0,0
4/1/2024,ZAF,199,South Africa,2024,0,1,1,0,0,0,0,0,0,1,0,0,1,0,0,0
7/1/2024,ZAF,199,South Africa,2024,0,1,1,0,0,0,0,0,0,1,0,0,1,0,0,0
10/1/2024,ZAF,199,South Africa,2024,0,1,1,0,0,0,0,0,0,1,0,0,1,0,0,0
1/1/1985,ARG,213,Argentina,1985,0,1,1,0,0,0,0,0,0,0,1,0,0,0,0,0
4/1/1985,ARG,213,Argentina,1985,0,1,1,0,0,0,0,0,0,0,1,0,0,0,0,0
7/1/1985,ARG,213,Argentina,1985,0,1,1,0,0,0,0,0,0,0,1,0,0,0,0,0
10/1/1985,ARG,213,Argentina,1985,0,1,1,0,0,0,0,0,0,0,1,0,0,0,0,0
1/1/1986,ARG,213,Argentina,1986,0,1,1,0,0,0,0,0,0,0,1,0,0,0,0,0
4/1/1986,ARG,213,Argentina,1986,0,1,1,0,0,0,0,0,0,0,1,0,0,0,0,0
7/1/1986,ARG,213,Argentina,1986,0,1,1,0,0,0,0,0,0,0,1,0,0,0,0,0
10/1/1986,ARG,213,Argentina,1986,0,1,1,0,0,0,0,0,0,0,1,0,0,0,0,0
1/1/1987,ARG,213,Argentina,1987,0,1,1,0,0,0,0,0,0,0,1,0,0,0,0,0
4/1/1987,ARG,213,Argentina,1987,0,1,1,0,0,0,0,0,0,0,1,0,0,0,0,0
7/1/1987,ARG,213,Argentina,1987,0,1,1,0,0,0,0,0,0,0,1,0,0,0,0,0
10/1/1987,ARG,213,Argentina,1987,0,1,1,0,0,0,0,0,0,0,1,0,0,0,0,0
1/1/1988,ARG,213,Argentina,1988,0,1,1,0,0,0,0,0,0,0,1,0,0,0,0,0
4/1/1988,ARG,213,Argentina,1988,0,1,1,0,0,0,0,0,0,0,1,0,0,0,0,0
7/1/1988,ARG,213,Argentina,1988,0,1,1,0,0,0,0,0,0,0,1,0,0,0,0,0
10/1/1988,ARG,213,Argentina,1988,0,1,1,0,0,0,0,0,0,0,1,0,0,0,0,0
1/1/1989,ARG,213,Argentina,1989,0,1,1,0,0,0,0,0,0,0,1,0,0,0,0,0
4/1/1989,ARG,213,Argentina,1989,0,1,1,0,0,0,0,0,0,0,1,0,0,0,0,0
7/1/1989,ARG,213,Argentina,1989,0,1,1,0,0,0,0,0,0,0,1,0,0,0,0,0
10/1/1989,ARG,213,Argentina,1989,0,1,1,0,0,0,0,0,0,0,1,0,0,0,0,0
1/1/1990,ARG,213,Argentina,1990,0,1,1,0,0,0,0,0,0,0,1,0,0,0,0,0
4/1/1990,ARG,213,Argentina,1990,0,1,1,0,0,0,0,0,0,0,1,0,0,0,0,0
7/1/1990,ARG,213,Argentina,1990,0,1,1,0,0,0,0,0,0,0,1,0,0,0,0,0
10/1/1990,ARG,213,Argentina,1990,0,1,1,0,0,0,0,0,0,0,1,0,0,0,0,0
1/1/1991,ARG,213,Argentina,1991,0,1,1,0,0,0,0,0,0,0,1,0,0,0,0,0
4/1/1991,ARG,213,Argentina,1991,0,1,1,0,0,0,0,0,0,0,1,0,0,0,0,0
7/1/1991,ARG,213,Argentina,1991,0,1,1,0,0,0,0,0,0,0,1,0,0,0,0,0
10/1/1991,ARG,213,Argentina,1991,0,1,1,0,0,0,0,0,0,0,1,0,0,0,0,0
1/1/1992,ARG,213,Argentina,1992,0,1,1,0,0,0,0,0,0,0,1,0,0,0,0,0
4/1/1992,ARG,213,Argentina,1992,0,1,1,0,0,0,0,0,0,0,1,0,0,0,0,0
7/1/1992,ARG,213,Argentina,1992,0,1,1,0,0,0,0,0,0,0,1,0,0,0,0,0
10/1/1992,ARG,213,Argentina,1992,0,1,1,0,0,0,0,0,0,0,1,0,0,0,0,0
1/1/1993,ARG,213,Argentina,1993,0,1,1,0,0,0,0,0,0,0,1,0,0,0,0,0
4/1/1993,ARG,213,Argentina,1993,0,1,1,0,0,0,0,0,0,0,1,0,0,0,0,0
7/1/1993,ARG,213,Argentina,1993,0,1,1,0,0,0,0,0,0,0,1,0,0,0,0,0
10/1/1993,ARG,213,Argentina,1993,0,1,1,0,0,0,0,0,0,0,1,0,0,0,0,0
1/1/1994,ARG,213,Argentina,1994,0,1,1,0,0,0,0,0,0,0,1,0,0,0,0,0
4/1/1994,ARG,213,Argentina,1994,0,1,1,0,0,0,0,0,0,0,1,0,0,0,0,0
7/1/1994,ARG,213,Argentina,1994,0,1,1,0,0,0,0,0,0,0,1,0,0,0,0,0
10/1/1994,ARG,213,Argentina,1994,0,1,1,0,0,0,0,0,0,0,1,0,0,0,0,0
1/1/1995,ARG,213,Argentina,1995,0,1,1,0,0,0,0,0,0,0,1,0,0,0,0,0
4/1/1995,ARG,213,Argentina,1995,0,1,1,0,0,0,0,0,0,0,1,0,0,0,0,0
7/1/1995,ARG,213,Argentina,1995,0,1,1,0,0,0,0,0,0,0,1,0,0,0,0,0
10/1/1995,ARG,213,Argentina,1995,0,1,1,0,0,0,0,0,0,0,1,0,0,0,0,0
1/1/1996,ARG,213,Argentina,1996,0,1,1,0,0,0,0,0,0,0,1,0,0,0,0,0
4/1/1996,ARG,213,Argentina,1996,0,1,1,0,0,0,0,0,0,0,1,0,0,0,0,0
7/1/1996,ARG,213,Argentina,1996,0,1,1,0,0,0,0,0,0,0,1,0,0,0,0,0
10/1/1996,ARG,213,Argentina,1996,0,1,1,0,0,0,0,0,0,0,1,0,0,0,0,0
1/1/1997,ARG,213,Argentina,1997,0,1,1,0,0,0,0,0,0,0,1,0,0,0,0,0
4/1/1997,ARG,213,Argentina,1997,0,1,1,0,0,0,0,0,0,0,1,0,0,0,0,0
7/1/1997,ARG,213,Argentina,1997,0,1,1,0,0,0,0,0,0,0,1,0,0,0,0,0
10/1/1997,ARG,213,Argentina,1997,0,1,1,0,0,0,0,0,0,0,1,0,0,0,0,0
1/1/1998,ARG,213,Argentina,1998,0,1,1,0,0,0,0,0,0,0,1,0,0,0,0,0
4/1/1998,ARG,213,Argentina,1998,0,1,1,0,0,0,0,0,0,0,1,0,0,0,0,0
7/1/1998,ARG,213,Argentina,1998,0,1,1,0,0,0,0,0,0,0,1,0,0,0,0,0
10/1/1998,ARG,213,Argentina,1998,0,1,1,0,0,0,0,0,0,0,1,0,0,0,0,0
1/1/1999,ARG,213,Argentina,1999,0,1,1,0,0,0,0,0,0,0,1,0,0,0,0,0
4/1/1999,ARG,213,Argentina,1999,0,1,1,0,0,0,0,0,0,0,1,0,0,0,0,0
7/1/1999,ARG,213,Argentina,1999,0,1,1,0,0,0,0,0,0,0,1,0,0,0,0,0
10/1/1999,ARG,213,Argentina,1999,0,1,1,0,0,0,0,0,0,0,1,0,0,0,0,0
1/1/2000,ARG,213,Argentina,2000,0,1,1,0,0,0,0,0,0,0,1,0,0,0,0,0
4/1/2000,ARG,213,Argentina,2000,0,1,1,0,0,0,0,0,0,0,1,0,0,0,0,0
7/1/2000,ARG,213,Argentina,2000,0,1,1,0,0,0,0,0,0,0,1,0,0,0,0,0
10/1/2000,ARG,213,Argentina,2000,0,1,1,0,0,0,0,0,0,0,1,0,0,0,0,0
1/1/2001,ARG,213,Argentina,2001,0,1,1,0,0,0,0,0,0,0,1,0,0,0,0,0
4/1/2001,ARG,213,Argentina,2001,0,1,1,0,0,0,0,0,0,0,1,0,0,0,0,0
7/1/2001,ARG,213,Argentina,2001,0,1,1,0,0,0,0,0,0,0,1,0,0,0,0,0
10/1/2001,ARG,213,Argentina,2001,0,1,1,0,0,0,0,0,0,0,1,0,0,0,0,0
1/1/2002,ARG,213,Argentina,2002,0,1,1,0,0,0,0,0,0,0,1,0,0,0,0,0
4/1/2002,ARG,213,Argentina,2002,0,1,1,0,0,0,0,0,0,0,1,0,0,0,0,0
7/1/2002,ARG,213,Argentina,2002,0,1,1,0,0,0,0,0,0,0,1,0,0,0,0,0
10/1/2002,ARG,213,Argentina,2002,0,1,1,0,0,0,0,0,0,0,1,0,0,0,0,0
1/1/2003,ARG,213,Argentina,2003,0,1,1,0,0,0,0,0,0,0,1,0,0,0,0,0
4/1/2003,ARG,213,Argentina,2003,0,1,1,0,0,0,0,0,0,0,1,0,0,0,0,0
7/1/2003,ARG,213,Argentina,2003,0,1,1,0,0,0,0,0,0,0,1,0,0,0,0,0
10/1/2003,ARG,213,Argentina,2003,0,1,1,0,0,0,0,0,0,0,1,0,0,0,0,0
1/1/2004,ARG,213,Argentina,2004,0,1,1,0,0,0,0,0,0,0,1,0,0,0,0,0
4/1/2004,ARG,213,Argentina,2004,0,1,1,0,0,0,0,0,0,0,1,0,0,0,0,0
7/1/2004,ARG,213,Argentina,2004,0,1,1,0,0,0,0,0,0,0,1,0,0,0,0,0
10/1/2004,ARG,213,Argentina,2004,0,1,1,0,0,0,0,0,0,0,1,0,0,0,0,0
1/1/2005,ARG,213,Argentina,2005,0,1,1,0,0,0,0,0,0,0,1,0,0,0,0,0
4/1/2005,ARG,213,Argentina,2005,0,1,1,0,0,0,0,0,0,0,1,0,0,0,0,0
7/1/2005,ARG,213,Argentina,2005,0,1,1,0,0,0,0,0,0,0,1,0,0,0,0,0
10/1/2005,ARG,213,Argentina,2005,0,1,1,0,0,0,0,0,0,0,1,0,0,0,0,0
1/1/2006,ARG,213,Argentina,2006,0,1,1,0,0,0,0,0,0,0,1,0,0,0,0,0
4/1/2006,ARG,213,Argentina,2006,0,1,1,0,0,0,0,0,0,0,1,0,0,0,0,0
7/1/2006,ARG,213,Argentina,2006,0,1,1,0,0,0,0,0,0,0,1,0,0,0,0,0
10/1/2006,ARG,213,Argentina,2006,0,1,1,0,0,0,0,0,0,0,1,0,0,0,0,0
1/1/2007,ARG,213,Argentina,2007,0,1,1,0,0,0,0,0,0,0,1,0,0,0,0,0
4/1/2007,ARG,213,Argentina,2007,0,1,1,0,0,0,0,0,0,0,1,0,0,0,0,0
7/1/2007,ARG,213,Argentina,2007,0,1,1,0,0,0,0,0,0,0,1,0,0,0,0,0
10/1/2007,ARG,213,Argentina,2007,0,1,1,0,0,0,0,0,0,0,1,0,0,0,0,0
1/1/2008,ARG,213,Argentina,2008,0,1,1,0,0,0,0,0,0,0,1,0,0,0,0,0
4/1/2008,ARG,213,Argentina,2008,0,1,1,0,0,0,0,0,0,0,1,0,0,0,0,0
7/1/2008,ARG,213,Argentina,2008,0,1,1,0,0,0,0,0,0,0,1,0,0,0,0,0
10/1/2008,ARG,213,Argentina,2008,0,1,1,0,0,0,0,0,0,0,1,0,0,0,0,0
1/1/2009,ARG,213,Argentina,2009,0,1,1,0,0,0,0,0,0,0,1,0,0,0,0,0
4/1/2009,ARG,213,Argentina,2009,0,1,1,0,0,0,0,0,0,0,1,0,0,0,0,0
7/1/2009,ARG,213,Argentina,2009,0,1,1,0,0,0,0,0,0,0,1,0,0,0,0,0
10/1/2009,ARG,213,Argentina,2009,0,1,1,0,0,0,0,0,0,0,1,0,0,0,0,0
1/1/2010,ARG,213,Argentina,2010,0,1,1,0,0,0,0,0,0,0,1,0,0,0,0,0
4/1/2010,ARG,213,Argentina,2010,0,1,1,0,0,0,0,0,0,0,1,0,0,0,0,0
7/1/2010,ARG,213,Argentina,2010,0,1,1,0,0,0,0,0,0,0,1,0,0,0,0,0
10/1/2010,ARG,213,Argentina,2010,0,1,1,0,0,0,0,0,0,0,1,0,0,0,0,0
1/1/2011,ARG,213,Argentina,2011,0,1,1,0,0,0,0,0,0,0,1,0,0,0,0,0
4/1/2011,ARG,213,Argentina,2011,0,1,1,0,0,0,0,0,0,0,1,0,0,0,0,0
7/1/2011,ARG,213,Argentina,2011,0,1,1,0,0,0,0,0,0,0,1,0,0,0,0,0
10/1/2011,ARG,213,Argentina,2011,0,1,1,0,0,0,0,0,0,0,1,0,0,0,0,0
1/1/2012,ARG,213,Argentina,2012,0,1,1,0,0,0,0,0,0,0,1,0,0,0,0,0
4/1/2012,ARG,213,Argentina,2012,0,1,1,0,0,0,0,0,0,0,1,0,0,0,0,0
7/1/2012,ARG,213,Argentina,2012,0,1,1,0,0,0,0,0,0,0,1,0,0,0,0,0
10/1/2012,ARG,213,Argentina,2012,0,1,1,0,0,0,0,0,0,0,1,0,0,0,0,0
1/1/2013,ARG,213,Argentina,2013,0,1,1,0,0,0,0,0,0,0,1,0,0,0,0,0
4/1/2013,ARG,213,Argentina,2013,0,1,1,0,0,0,0,0,0,0,1,0,0,0,0,0
7/1/2013,ARG,213,Argentina,2013,0,1,1,0,0,0,0,0,0,0,1,0,0,0,0,0
10/1/2013,ARG,213,Argentina,2013,0,1,1,0,0,0,0,0,0,0,1,0,0,0,0,0
1/1/2014,ARG,213,Argentina,2014,0,1,1,0,0,0,0,0,0,0,1,0,0,0,0,0
4/1/2014,ARG,213,Argentina,2014,0,1,1,0,0,0,0,0,0,0,1,0,0,0,0,0
7/1/2014,ARG,213,Argentina,2014,0,1,1,0,0,0,0,0,0,0,1,0,0,0,0,0
10/1/2014,ARG,213,Argentina,2014,0,1,1,0,0,0,0,0,0,0,1,0,0,0,0,0
1/1/2015,ARG,213,Argentina,2015,0,1,1,0,0,0,0,0,0,0,1,0,0,0,0,0
4/1/2015,ARG,213,Argentina,2015,0,1,1,0,0,0,0,0,0,0,1,0,0,0,0,0
7/1/2015,ARG,213,Argentina,2015,0,1,1,0,0,0,0,0,0,0,1,0,0,0,0,0
10/1/2015,ARG,213,Argentina,2015,0,1,1,0,0,0,0,0,0,0,1,0,0,0,0,0
1/1/2016,ARG,213,Argentina,2016,0,1,1,0,0,0,0,0,0,0,1,0,0,0,0,0
4/1/2016,ARG,213,Argentina,2016,0,1,1,0,0,0,0,0,0,0,1,0,0,0,0,0
7/1/2016,ARG,213,Argentina,2016,0,1,1,0,0,0,0,0,0,0,1,0,0,0,0,0
10/1/2016,ARG,213,Argentina,2016,0,1,1,0,0,0,0,0,0,0,1,0,0,0,0,0
1/1/2017,ARG,213,Argentina,2017,0,1,1,0,0,0,0,0,0,0,1,0,0,0,0,0
4/1/2017,ARG,213,Argentina,2017,0,1,1,0,0,0,0,0,0,0,1,0,0,0,0,0
7/1/2017,ARG,213,Argentina,2017,0,1,1,0,0,0,0,0,0,0,1,0,0,0,0,0
10/1/2017,ARG,213,Argentina,2017,0,1,1,0,0,0,0,0,0,0,1,0,0,0,0,0
1/1/2018,ARG,213,Argentina,2018,0,1,1,0,0,0,0,0,0,0,1,0,0,0,0,0
4/1/2018,ARG,213,Argentina,2018,0,1,1,0,0,0,0,0,0,0,1,0,0,0,0,0
7/1/2018,ARG,213,Argentina,2018,0,1,1,0,0,0,0,0,0,0,1,0,0,0,0,0
10/1/2018,ARG,213,Argentina,2018,0,1,1,0,0,0,0,0,0,0,1,0,0,0,0,0
1/1/2019,ARG,213,Argentina,2019,0,1,1,0,0,0,0,0,0,0,1,0,0,0,0,0
4/1/2019,ARG,213,Argentina,2019,0,1,1,0,0,0,0,0,0,0,1,0,0,0,0,0
7/1/2019,ARG,213,Argentina,2019,0,1,1,0,0,0,0,0,0,0,1,0,0,0,0,0
10/1/2019,ARG,213,Argentina,2019,0,1,1,0,0,0,0,0,0,0,1,0,0,0,0,0
1/1/2020,ARG,213,Argentina,2020,0,1,1,0,0,0,0,0,0,0,1,0,0,0,0,0
4/1/2020,ARG,213,Argentina,2020,0,1,1,0,0,0,0,0,0,0,1,0,0,0,0,0
7/1/2020,ARG,213,Argentina,2020,0,1,1,0,0,0,0,0,0,0,1,0,0,0,0,0
10/1/2020,ARG,213,Argentina,2020,0,1,1,0,0,0,0,0,0,0,1,0,0,0,0,0
1/1/2021,ARG,213,Argentina,2021,0,1,1,0,0,0,0,0,0,0,1,0,0,0,0,0
4/1/2021,ARG,213,Argentina,2021,0,1,1,0,0,0,0,0,0,0,1,0,0,0,0,0
7/1/2021,ARG,213,Argentina,2021,0,1,1,0,0,0,0,0,0,0,1,0,0,0,0,0
10/1/2021,ARG,213,Argentina,2021,0,1,1,0,0,0,0,0,0,0,1,0,0,0,0,0
1/1/2022,ARG,213,Argentina,2022,0,1,1,0,0,0,0,0,0,0,1,0,0,0,0,0
4/1/2022,ARG,213,Argentina,2022,0,1,1,0,0,0,0,0,0,0,1,0,0,0,0,0
7/1/2022,ARG,213,Argentina,2022,0,1,1,0,0,0,0,0,0,0,1,0,0,0,0,0
10/1/2022,ARG,213,Argentina,2022,0,1,1,0,0,0,0,0,0,0,1,0,0,0,0,0
1/1/2023,ARG,213,Argentina,2023,0,1,1,0,0,0,0,0,0,0,1,0,0,0,0,0
4/1/2023,ARG,213,Argentina,2023,0,1,1,0,0,0,0,0,0,0,1,0,0,0,0,0
7/1/2023,ARG,213,Argentina,2023,0,1,1,0,0,0,0,0,0,0,1,0,0,0,0,0
10/1/2023,ARG,213,Argentina,2023,0,1,1,0,0,0,0,0,0,0,1,0,0,0,0,0
1/1/2024,ARG,213,Argentina,2024,0,1,1,0,0,0,0,0,0,0,1,0,0,0,0,0
4/1/2024,ARG,213,Argentina,2024,0,1,1,0,0,0,0,0,0,0,1,0,0,0,0,0
7/1/2024,ARG,213,Argentina,2024,0,1,1,0,0,0,0,0,0,0,1,0,0,0,0,0
10/1/2024,ARG,213,Argentina,2024,0,1,1,0,0,0,0,0,0,0,1,0,0,0,0,0
1/1/1985,BOL,218,Bolivia,1985,0,1,0,0,0,0,0,0,0,0,1,0,0,0,0,0
4/1/1985,BOL,218,Bolivia,1985,0,1,0,0,0,0,0,0,0,0,1,0,0,0,0,0
7/1/1985,BOL,218,Bolivia,1985,0,1,0,0,0,0,0,0,0,0,1,0,0,0,0,0
10/1/1985,BOL,218,Bolivia,1985,0,1,0,0,0,0,0,0,0,0,1,0,0,0,0,0
1/1/1986,BOL,218,Bolivia,1986,0,1,0,0,0,0,0,0,0,0,1,0,0,0,0,0
4/1/1986,BOL,218,Bolivia,1986,0,1,0,0,0,0,0,0,0,0,1,0,0,0,0,0
7/1/1986,BOL,218,Bolivia,1986,0,1,0,0,0,0,0,0,0,0,1,0,0,0,0,0
10/1/1986,BOL,218,Bolivia,1986,0,1,0,0,0,0,0,0,0,0,1,0,0,0,0,0
1/1/1987,BOL,218,Bolivia,1987,0,1,0,0,0,0,0,0,0,0,1,0,0,0,0,0
4/1/1987,BOL,218,Bolivia,1987,0,1,0,0,0,0,0,0,0,0,1,0,0,0,0,0
7/1/1987,BOL,218,Bolivia,1987,0,1,0,0,0,0,0,0,0,0,1,0,0,0,0,0
10/1/1987,BOL,218,Bolivia,1987,0,1,0,0,0,0,0,0,0,0,1,0,0,0,0,0
1/1/1988,BOL,218,Bolivia,1988,0,1,0,0,0,0,0,0,0,0,1,0,0,0,0,0
4/1/1988,BOL,218,Bolivia,1988,0,1,0,0,0,0,0,0,0,0,1,0,0,0,0,0
7/1/1988,BOL,218,Bolivia,1988,0,1,0,0,0,0,0,0,0,0,1,0,0,0,0,0
10/1/1988,BOL,218,Bolivia,1988,0,1,0,0,0,0,0,0,0,0,1,0,0,0,0,0
1/1/1989,BOL,218,Bolivia,1989,0,1,0,0,0,0,0,0,0,0,1,0,0,0,0,0
4/1/1989,BOL,218,Bolivia,1989,0,1,0,0,0,0,0,0,0,0,1,0,0,0,0,0
7/1/1989,BOL,218,Bolivia,1989,0,1,0,0,0,0,0,0,0,0,1,0,0,0,0,0
10/1/1989,BOL,218,Bolivia,1989,0,1,0,0,0,0,0,0,0,0,1,0,0,0,0,0
1/1/1990,BOL,218,Bolivia,1990,0,1,0,0,0,0,0,0,0,0,1,0,0,0,0,0
4/1/1990,BOL,218,Bolivia,1990,0,1,0,0,0,0,0,0,0,0,1,0,0,0,0,0
7/1/1990,BOL,218,Bolivia,1990,0,1,0,0,0,0,0,0,0,0,1,0,0,0,0,0
10/1/1990,BOL,218,Bolivia,1990,0,1,0,0,0,0,0,0,0,0,1,0,0,0,0,0
1/1/1991,BOL,218,Bolivia,1991,0,1,0,0,0,0,0,0,0,0,1,0,0,0,0,0
4/1/1991,BOL,218,Bolivia,1991,0,1,0,0,0,0,0,0,0,0,1,0,0,0,0,0
7/1/1991,BOL,218,Bolivia,1991,0,1,0,0,0,0,0,0,0,0,1,0,0,0,0,0
10/1/1991,BOL,218,Bolivia,1991,0,1,0,0,0,0,0,0,0,0,1,0,0,0,0,0
1/1/1992,BOL,218,Bolivia,1992,0,1,0,0,0,0,0,0,0,0,1,0,0,0,0,0
4/1/1992,BOL,218,Bolivia,1992,0,1,0,0,0,0,0,0,0,0,1,0,0,0,0,0
7/1/1992,BOL,218,Bolivia,1992,0,1,0,0,0,0,0,0,0,0,1,0,0,0,0,0
10/1/1992,BOL,218,Bolivia,1992,0,1,0,0,0,0,0,0,0,0,1,0,0,0,0,0
1/1/1993,BOL,218,Bolivia,1993,0,1,0,0,0,0,0,0,0,0,1,0,0,0,0,0
4/1/1993,BOL,218,Bolivia,1993,0,1,0,0,0,0,0,0,0,0,1,0,0,0,0,0
7/1/1993,BOL,218,Bolivia,1993,0,1,0,0,0,0,0,0,0,0,1,0,0,0,0,0
10/1/1993,BOL,218,Bolivia,1993,0,1,0,0,0,0,0,0,0,0,1,0,0,0,0,0
1/1/1994,BOL,218,Bolivia,1994,0,1,0,0,0,0,0,0,0,0,1,0,0,0,0,0
4/1/1994,BOL,218,Bolivia,1994,0,1,0,0,0,0,0,0,0,0,1,0,0,0,0,0
7/1/1994,BOL,218,Bolivia,1994,0,1,0,0,0,0,0,0,0,0,1,0,0,0,0,0
10/1/1994,BOL,218,Bolivia,1994,0,1,0,0,0,0,0,0,0,0,1,0,0,0,0,0
1/1/1995,BOL,218,Bolivia,1995,0,1,0,0,0,0,0,0,0,0,1,0,0,0,0,0
4/1/1995,BOL,218,Bolivia,1995,0,1,0,0,0,0,0,0,0,0,1,0,0,0,0,0
7/1/1995,BOL,218,Bolivia,1995,0,1,0,0,0,0,0,0,0,0,1,0,0,0,0,0
10/1/1995,BOL,218,Bolivia,1995,0,1,0,0,0,0,0,0,0,0,1,0,0,0,0,0
1/1/1996,BOL,218,Bolivia,1996,0,1,0,0,0,0,0,0,0,0,1,0,0,0,0,0
4/1/1996,BOL,218,Bolivia,1996,0,1,0,0,0,0,0,0,0,0,1,0,0,0,0,0
7/1/1996,BOL,218,Bolivia,1996,0,1,0,0,0,0,0,0,0,0,1,0,0,0,0,0
10/1/1996,BOL,218,Bolivia,1996,0,1,0,0,0,0,0,0,0,0,1,0,0,0,0,0
1/1/1997,BOL,218,Bolivia,1997,0,1,0,0,0,0,0,0,0,0,1,0,0,0,0,0
4/1/1997,BOL,218,Bolivia,1997,0,1,0,0,0,0,0,0,0,0,1,0,0,0,0,0
7/1/1997,BOL,218,Bolivia,1997,0,1,0,0,0,0,0,0,0,0,1,0,0,0,0,0
10/1/1997,BOL,218,Bolivia,1997,0,1,0,0,0,0,0,0,0,0,1,0,0,0,0,0
1/1/1998,BOL,218,Bolivia,1998,0,1,0,0,0,0,0,0,0,0,1,0,0,0,0,0
4/1/1998,BOL,218,Bolivia,1998,0,1,0,0,0,0,0,0,0,0,1,0,0,0,0,0
7/1/1998,BOL,218,Bolivia,1998,0,1,0,0,0,0,0,0,0,0,1,0,0,0,0,0
10/1/1998,BOL,218,Bolivia,1998,0,1,0,0,0,0,0,0,0,0,1,0,0,0,0,0
1/1/1999,BOL,218,Bolivia,1999,0,1,0,0,0,0,0,0,0,0,1,0,0,0,0,0
4/1/1999,BOL,218,Bolivia,1999,0,1,0,0,0,0,0,0,0,0,1,0,0,0,0,0
7/1/1999,BOL,218,Bolivia,1999,0,1,0,0,0,0,0,0,0,0,1,0,0,0,0,0
10/1/1999,BOL,218,Bolivia,1999,0,1,0,0,0,0,0,0,0,0,1,0,0,0,0,0
1/1/2000,BOL,218,Bolivia,2000,0,1,0,0,0,0,0,0,0,0,1,0,0,0,0,0
4/1/2000,BOL,218,Bolivia,2000,0,1,0,0,0,0,0,0,0,0,1,0,0,0,0,0
7/1/2000,BOL,218,Bolivia,2000,0,1,0,0,0,0,0,0,0,0,1,0,0,0,0,0
10/1/2000,BOL,218,Bolivia,2000,0,1,0,0,0,0,0,0,0,0,1,0,0,0,0,0
1/1/2001,BOL,218,Bolivia,2001,0,1,0,0,0,0,0,0,0,0,1,0,0,0,0,0
4/1/2001,BOL,218,Bolivia,2001,0,1,0,0,0,0,0,0,0,0,1,0,0,0,0,0
7/1/2001,BOL,218,Bolivia,2001,0,1,0,0,0,0,0,0,0,0,1,0,0,0,0,0
10/1/2001,BOL,218,Bolivia,2001,0,1,0,0,0,0,0,0,0,0,1,0,0,0,0,0
1/1/2002,BOL,218,Bolivia,2002,0,1,0,0,0,0,0,0,0,0,1,0,0,0,0,0
4/1/2002,BOL,218,Bolivia,2002,0,1,0,0,0,0,0,0,0,0,1,0,0,0,0,0
7/1/2002,BOL,218,Bolivia,2002,0,1,0,0,0,0,0,0,0,0,1,0,0,0,0,0
10/1/2002,BOL,218,Bolivia,2002,0,1,0,0,0,0,0,0,0,0,1,0,0,0,0,0
1/1/2003,BOL,218,Bolivia,2003,0,1,0,0,0,0,0,0,0,0,1,0,0,0,0,0
4/1/2003,BOL,218,Bolivia,2003,0,1,0,0,0,0,0,0,0,0,1,0,0,0,0,0
7/1/2003,BOL,218,Bolivia,2003,0,1,0,0,0,0,0,0,0,0,1,0,0,0,0,0
10/1/2003,BOL,218,Bolivia,2003,0,1,0,0,0,0,0,0,0,0,1,0,0,0,0,0
1/1/2004,BOL,218,Bolivia,2004,0,1,0,0,0,0,0,0,0,0,1,0,0,0,0,0
4/1/2004,BOL,218,Bolivia,2004,0,1,0,0,0,0,0,0,0,0,1,0,0,0,0,0
7/1/2004,BOL,218,Bolivia,2004,0,1,0,0,0,0,0,0,0,0,1,0,0,0,0,0
10/1/2004,BOL,218,Bolivia,2004,0,1,0,0,0,0,0,0,0,0,1,0,0,0,0,0
1/1/2005,BOL,218,Bolivia,2005,0,1,0,0,0,0,0,0,0,0,1,0,0,0,0,0
4/1/2005,BOL,218,Bolivia,2005,0,1,0,0,0,0,0,0,0,0,1,0,0,0,0,0
7/1/2005,BOL,218,Bolivia,2005,0,1,0,0,0,0,0,0,0,0,1,0,0,0,0,0
10/1/2005,BOL,218,Bolivia,2005,0,1,0,0,0,0,0,0,0,0,1,0,0,0,0,0
1/1/2006,BOL,218,Bolivia,2006,0,1,0,0,0,0,0,0,0,0,1,0,0,0,0,0
4/1/2006,BOL,218,Bolivia,2006,0,1,0,0,0,0,0,0,0,0,1,0,0,0,0,0
7/1/2006,BOL,218,Bolivia,2006,0,1,0,0,0,0,0,0,0,0,1,0,0,0,0,0
10/1/2006,BOL,218,Bolivia,2006,0,1,0,0,0,0,0,0,0,0,1,0,0,0,0,0
1/1/2007,BOL,218,Bolivia,2007,0,1,0,0,0,0,0,0,0,0,1,0,0,0,0,0
4/1/2007,BOL,218,Bolivia,2007,0,1,0,0,0,0,0,0,0,0,1,0,0,0,0,0
7/1/2007,BOL,218,Bolivia,2007,0,1,0,0,0,0,0,0,0,0,1,0,0,0,0,0
10/1/2007,BOL,218,Bolivia,2007,0,1,0,0,0,0,0,0,0,0,1,0,0,0,0,0
1/1/2008,BOL,218,Bolivia,2008,0,1,0,0,0,0,0,0,0,0,1,0,0,0,0,0
4/1/2008,BOL,218,Bolivia,2008,0,1,0,0,0,0,0,0,0,0,1,0,0,0,0,0
7/1/2008,BOL,218,Bolivia,2008,0,1,0,0,0,0,0,0,0,0,1,0,0,0,0,0
10/1/2008,BOL,218,Bolivia,2008,0,1,0,0,0,0,0,0,0,0,1,0,0,0,0,0
1/1/2009,BOL,218,Bolivia,2009,0,1,0,0,0,0,0,0,0,0,1,0,0,0,0,0
4/1/2009,BOL,218,Bolivia,2009,0,1,0,0,0,0,0,0,0,0,1,0,0,0,0,0
7/1/2009,BOL,218,Bolivia,2009,0,1,0,0,0,0,0,0,0,0,1,0,0,0,0,0
10/1/2009,BOL,218,Bolivia,2009,0,1,0,0,0,0,0,0,0,0,1,0,0,0,0,0
1/1/2010,BOL,218,Bolivia,2010,0,1,0,0,0,0,0,0,0,0,1,0,0,0,0,0
4/1/2010,BOL,218,Bolivia,2010,0,1,0,0,0,0,0,0,0,0,1,0,0,0,0,0
7/1/2010,BOL,218,Bolivia,2010,0,1,0,0,0,0,0,0,0,0,1,0,0,0,0,0
10/1/2010,BOL,218,Bolivia,2010,0,1,0,0,0,0,0,0,0,0,1,0,0,0,0,0
1/1/2011,BOL,218,Bolivia,2011,0,1,0,0,0,0,0,0,0,0,1,0,0,0,0,0
4/1/2011,BOL,218,Bolivia,2011,0,1,0,0,0,0,0,0,0,0,1,0,0,0,0,0
7/1/2011,BOL,218,Bolivia,2011,0,1,0,0,0,0,0,0,0,0,1,0,0,0,0,0
10/1/2011,BOL,218,Bolivia,2011,0,1,0,0,0,0,0,0,0,0,1,0,0,0,0,0
1/1/2012,BOL,218,Bolivia,2012,0,1,0,0,0,0,0,0,0,0,1,0,0,0,0,0
4/1/2012,BOL,218,Bolivia,2012,0,1,0,0,0,0,0,0,0,0,1,0,0,0,0,0
7/1/2012,BOL,218,Bolivia,2012,0,1,0,0,0,0,0,0,0,0,1,0,0,0,0,0
10/1/2012,BOL,218,Bolivia,2012,0,1,0,0,0,0,0,0,0,0,1,0,0,0,0,0
1/1/2013,BOL,218,Bolivia,2013,0,1,0,0,0,0,0,0,0,0,1,0,0,0,0,0
4/1/2013,BOL,218,Bolivia,2013,0,1,0,0,0,0,0,0,0,0,1,0,0,0,0,0
7/1/2013,BOL,218,Bolivia,2013,0,1,0,0,0,0,0,0,0,0,1,0,0,0,0,0
10/1/2013,BOL,218,Bolivia,2013,0,1,0,0,0,0,0,0,0,0,1,0,0,0,0,0
1/1/2014,BOL,218,Bolivia,2014,0,1,0,0,0,0,0,0,0,0,1,0,0,0,0,0
4/1/2014,BOL,218,Bolivia,2014,0,1,0,0,0,0,0,0,0,0,1,0,0,0,0,0
7/1/2014,BOL,218,Bolivia,2014,0,1,0,0,0,0,0,0,0,0,1,0,0,0,0,0
10/1/2014,BOL,218,Bolivia,2014,0,1,0,0,0,0,0,0,0,0,1,0,0,0,0,0
1/1/2015,BOL,218,Bolivia,2015,0,1,0,0,0,0,0,0,0,0,1,0,0,0,0,0
4/1/2015,BOL,218,Bolivia,2015,0,1,0,0,0,0,0,0,0,0,1,0,0,0,0,0
7/1/2015,BOL,218,Bolivia,2015,0,1,0,0,0,0,0,0,0,0,1,0,0,0,0,0
10/1/2015,BOL,218,Bolivia,2015,0,1,0,0,0,0,0,0,0,0,1,0,0,0,0,0
1/1/2016,BOL,218,Bolivia,2016,0,1,0,0,0,0,0,0,0,0,1,0,0,0,0,0
4/1/2016,BOL,218,Bolivia,2016,0,1,0,0,0,0,0,0,0,0,1,0,0,0,0,0
7/1/2016,BOL,218,Bolivia,2016,0,1,0,0,0,0,0,0,0,0,1,0,0,0,0,0
10/1/2016,BOL,218,Bolivia,2016,0,1,0,0,0,0,0,0,0,0,1,0,0,0,0,0
1/1/2017,BOL,218,Bolivia,2017,0,1,0,0,0,0,0,0,0,0,1,0,0,0,0,0
4/1/2017,BOL,218,Bolivia,2017,0,1,0,0,0,0,0,0,0,0,1,0,0,0,0,0
7/1/2017,BOL,218,Bolivia,2017,0,1,0,0,0,0,0,0,0,0,1,0,0,0,0,0
10/1/2017,BOL,218,Bolivia,2017,0,1,0,0,0,0,0,0,0,0,1,0,0,0,0,0
1/1/2018,BOL,218,Bolivia,2018,0,1,0,0,0,0,0,0,0,0,1,0,0,0,0,0
4/1/2018,BOL,218,Bolivia,2018,0,1,0,0,0,0,0,0,0,0,1,0,0,0,0,0
7/1/2018,BOL,218,Bolivia,2018,0,1,0,0,0,0,0,0,0,0,1,0,0,0,0,0
10/1/2018,BOL,218,Bolivia,2018,0,1,0,0,0,0,0,0,0,0,1,0,0,0,0,0
1/1/2019,BOL,218,Bolivia,2019,0,1,0,0,0,0,0,0,0,0,1,0,0,0,0,0
4/1/2019,BOL,218,Bolivia,2019,0,1,0,0,0,0,0,0,0,0,1,0,0,0,0,0
7/1/2019,BOL,218,Bolivia,2019,0,1,0,0,0,0,0,0,0,0,1,0,0,0,0,0
10/1/2019,BOL,218,Bolivia,2019,0,1,0,0,0,0,0,0,0,0,1,0,0,0,0,0
1/1/1978,BRA,223,Brazil,1978,0,1,1,0,0,0,0,0,0,0,1,0,1,0,0,0
4/1/1978,BRA,223,Brazil,1978,0,1,1,0,0,0,0,0,0,0,1,0,1,0,0,0
7/1/1978,BRA,223,Brazil,1978,0,1,1,0,0,0,0,0,0,0,1,0,1,0,0,0
10/1/1978,BRA,223,Brazil,1978,0,1,1,0,0,0,0,0,0,0,1,0,1,0,0,0
1/1/1979,BRA,223,Brazil,1979,0,1,1,0,0,0,0,0,0,0,1,0,1,0,0,0
4/1/1979,BRA,223,Brazil,1979,0,1,1,0,0,0,0,0,0,0,1,0,1,0,0,0
7/1/1979,BRA,223,Brazil,1979,0,1,1,0,0,0,0,0,0,0,1,0,1,0,0,0
10/1/1979,BRA,223,Brazil,1979,0,1,1,0,0,0,0,0,0,0,1,0,1,0,0,0
1/1/1980,BRA,223,Brazil,1980,0,1,1,0,0,0,0,0,0,0,1,0,1,0,0,0
4/1/1980,BRA,223,Brazil,1980,0,1,1,0,0,0,0,0,0,0,1,0,1,0,0,0
7/1/1980,BRA,223,Brazil,1980,0,1,1,0,0,0,0,0,0,0,1,0,1,0,0,0
10/1/1980,BRA,223,Brazil,1980,0,1,1,0,0,0,0,0,0,0,1,0,1,0,0,0
1/1/1981,BRA,223,Brazil,1981,0,1,1,0,0,0,0,0,0,0,1,0,1,0,0,0
4/1/1981,BRA,223,Brazil,1981,0,1,1,0,0,0,0,0,0,0,1,0,1,0,0,0
7/1/1981,BRA,223,Brazil,1981,0,1,1,0,0,0,0,0,0,0,1,0,1,0,0,0
10/1/1981,BRA,223,Brazil,1981,0,1,1,0,0,0,0,0,0,0,1,0,1,0,0,0
1/1/1982,BRA,223,Brazil,1982,0,1,1,0,0,0,0,0,0,0,1,0,1,0,0,0
4/1/1982,BRA,223,Brazil,1982,0,1,1,0,0,0,0,0,0,0,1,0,1,0,0,0
7/1/1982,BRA,223,Brazil,1982,0,1,1,0,0,0,0,0,0,0,1,0,1,0,0,0
10/1/1982,BRA,223,Brazil,1982,0,1,1,0,0,0,0,0,0,0,1,0,1,0,0,0
1/1/1983,BRA,223,Brazil,1983,0,1,1,0,0,0,0,0,0,0,1,0,1,0,0,0
4/1/1983,BRA,223,Brazil,1983,0,1,1,0,0,0,0,0,0,0,1,0,1,0,0,0
7/1/1983,BRA,223,Brazil,1983,0,1,1,0,0,0,0,0,0,0,1,0,1,0,0,0
10/1/1983,BRA,223,Brazil,1983,0,1,1,0,0,0,0,0,0,0,1,0,1,0,0,0
1/1/1984,BRA,223,Brazil,1984,0,1,1,0,0,0,0,0,0,0,1,0,1,0,0,0
4/1/1984,BRA,223,Brazil,1984,0,1,1,0,0,0,0,0,0,0,1,0,1,0,0,0
7/1/1984,BRA,223,Brazil,1984,0,1,1,0,0,0,0,0,0,0,1,0,1,0,0,0
10/1/1984,BRA,223,Brazil,1984,0,1,1,0,0,0,0,0,0,0,1,0,1,0,0,0
1/1/1985,BRA,223,Brazil,1985,0,1,1,0,0,0,0,0,0,0,1,0,1,0,0,0
4/1/1985,BRA,223,Brazil,1985,0,1,1,0,0,0,0,0,0,0,1,0,1,0,0,0
7/1/1985,BRA,223,Brazil,1985,0,1,1,0,0,0,0,0,0,0,1,0,1,0,0,0
10/1/1985,BRA,223,Brazil,1985,0,1,1,0,0,0,0,0,0,0,1,0,1,0,0,0
1/1/1986,BRA,223,Brazil,1986,0,1,1,0,0,0,0,0,0,0,1,0,1,0,0,0
4/1/1986,BRA,223,Brazil,1986,0,1,1,0,0,0,0,0,0,0,1,0,1,0,0,0
7/1/1986,BRA,223,Brazil,1986,0,1,1,0,0,0,0,0,0,0,1,0,1,0,0,0
10/1/1986,BRA,223,Brazil,1986,0,1,1,0,0,0,0,0,0,0,1,0,1,0,0,0
1/1/1987,BRA,223,Brazil,1987,0,1,1,0,0,0,0,0,0,0,1,0,1,0,0,0
4/1/1987,BRA,223,Brazil,1987,0,1,1,0,0,0,0,0,0,0,1,0,1,0,0,0
7/1/1987,BRA,223,Brazil,1987,0,1,1,0,0,0,0,0,0,0,1,0,1,0,0,0
10/1/1987,BRA,223,Brazil,1987,0,1,1,0,0,0,0,0,0,0,1,0,1,0,0,0
1/1/1988,BRA,223,Brazil,1988,0,1,1,0,0,0,0,0,0,0,1,0,1,0,0,0
4/1/1988,BRA,223,Brazil,1988,0,1,1,0,0,0,0,0,0,0,1,0,1,0,0,0
7/1/1988,BRA,223,Brazil,1988,0,1,1,0,0,0,0,0,0,0,1,0,1,0,0,0
10/1/1988,BRA,223,Brazil,1988,0,1,1,0,0,0,0,0,0,0,1,0,1,0,0,0
1/1/1989,BRA,223,Brazil,1989,0,1,1,0,0,0,0,0,0,0,1,0,1,0,0,0
4/1/1989,BRA,223,Brazil,1989,0,1,1,0,0,0,0,0,0,0,1,0,1,0,0,0
7/1/1989,BRA,223,Brazil,1989,0,1,1,0,0,0,0,0,0,0,1,0,1,0,0,0
10/1/1989,BRA,223,Brazil,1989,0,1,1,0,0,0,0,0,0,0,1,0,1,0,0,0
1/1/1990,BRA,223,Brazil,1990,0,1,1,0,0,0,0,0,0,0,1,0,1,0,0,0
4/1/1990,BRA,223,Brazil,1990,0,1,1,0,0,0,0,0,0,0,1,0,1,0,0,0
7/1/1990,BRA,223,Brazil,1990,0,1,1,0,0,0,0,0,0,0,1,0,1,0,0,0
10/1/1990,BRA,223,Brazil,1990,0,1,1,0,0,0,0,0,0,0,1,0,1,0,0,0
1/1/1991,BRA,223,Brazil,1991,0,1,1,0,0,0,0,0,0,0,1,0,1,0,0,0
4/1/1991,BRA,223,Brazil,1991,0,1,1,0,0,0,0,0,0,0,1,0,1,0,0,0
7/1/1991,BRA,223,Brazil,1991,0,1,1,0,0,0,0,0,0,0,1,0,1,0,0,0
10/1/1991,BRA,223,Brazil,1991,0,1,1,0,0,0,0,0,0,0,1,0,1,0,0,0
1/1/1992,BRA,223,Brazil,1992,0,1,1,0,0,0,0,0,0,0,1,0,1,0,0,0
4/1/1992,BRA,223,Brazil,1992,0,1,1,0,0,0,0,0,0,0,1,0,1,0,0,0
7/1/1992,BRA,223,Brazil,1992,0,1,1,0,0,0,0,0,0,0,1,0,1,0,0,0
10/1/1992,BRA,223,Brazil,1992,0,1,1,0,0,0,0,0,0,0,1,0,1,0,0,0
1/1/1993,BRA,223,Brazil,1993,0,1,1,0,0,0,0,0,0,0,1,0,1,0,0,0
4/1/1993,BRA,223,Brazil,1993,0,1,1,0,0,0,0,0,0,0,1,0,1,0,0,0
7/1/1993,BRA,223,Brazil,1993,0,1,1,0,0,0,0,0,0,0,1,0,1,0,0,0
10/1/1993,BRA,223,Brazil,1993,0,1,1,0,0,0,0,0,0,0,1,0,1,0,0,0
1/1/1994,BRA,223,Brazil,1994,0,1,1,0,0,0,0,0,0,0,1,0,1,0,0,0
4/1/1994,BRA,223,Brazil,1994,0,1,1,0,0,0,0,0,0,0,1,0,1,0,0,0
7/1/1994,BRA,223,Brazil,1994,0,1,1,0,0,0,0,0,0,0,1,0,1,0,0,0
10/1/1994,BRA,223,Brazil,1994,0,1,1,0,0,0,0,0,0,0,1,0,1,0,0,0
1/1/1995,BRA,223,Brazil,1995,0,1,1,0,0,0,0,0,0,0,1,0,1,0,0,0
4/1/1995,BRA,223,Brazil,1995,0,1,1,0,0,0,0,0,0,0,1,0,1,0,0,0
7/1/1995,BRA,223,Brazil,1995,0,1,1,0,0,0,0,0,0,0,1,0,1,0,0,0
10/1/1995,BRA,223,Brazil,1995,0,1,1,0,0,0,0,0,0,0,1,0,1,0,0,0
1/1/1996,BRA,223,Brazil,1996,0,1,1,0,0,0,0,0,0,0,1,0,1,0,0,0
4/1/1996,BRA,223,Brazil,1996,0,1,1,0,0,0,0,0,0,0,1,0,1,0,0,0
7/1/1996,BRA,223,Brazil,1996,0,1,1,0,0,0,0,0,0,0,1,0,1,0,0,0
10/1/1996,BRA,223,Brazil,1996,0,1,1,0,0,0,0,0,0,0,1,0,1,0,0,0
1/1/1997,BRA,223,Brazil,1997,0,1,1,0,0,0,0,0,0,0,1,0,1,0,0,0
4/1/1997,BRA,223,Brazil,1997,0,1,1,0,0,0,0,0,0,0,1,0,1,0,0,0
7/1/1997,BRA,223,Brazil,1997,0,1,1,0,0,0,0,0,0,0,1,0,1,0,0,0
10/1/1997,BRA,223,Brazil,1997,0,1,1,0,0,0,0,0,0,0,1,0,1,0,0,0
1/1/1998,BRA,223,Brazil,1998,0,1,1,0,0,0,0,0,0,0,1,0,1,0,0,0
4/1/1998,BRA,223,Brazil,1998,0,1,1,0,0,0,0,0,0,0,1,0,1,0,0,0
7/1/1998,BRA,223,Brazil,1998,0,1,1,0,0,0,0,0,0,0,1,0,1,0,0,0
10/1/1998,BRA,223,Brazil,1998,0,1,1,0,0,0,0,0,0,0,1,0,1,0,0,0
1/1/1999,BRA,223,Brazil,1999,0,1,1,0,0,0,0,0,0,0,1,0,1,0,0,0
4/1/1999,BRA,223,Brazil,1999,0,1,1,0,0,0,0,0,0,0,1,0,1,0,0,0
7/1/1999,BRA,223,Brazil,1999,0,1,1,0,0,0,0,0,0,0,1,0,1,0,0,0
10/1/1999,BRA,223,Brazil,1999,0,1,1,0,0,0,0,0,0,0,1,0,1,0,0,0
1/1/2000,BRA,223,Brazil,2000,0,1,1,0,0,0,0,0,0,0,1,0,1,0,0,0
4/1/2000,BRA,223,Brazil,2000,0,1,1,0,0,0,0,0,0,0,1,0,1,0,0,0
7/1/2000,BRA,223,Brazil,2000,0,1,1,0,0,0,0,0,0,0,1,0,1,0,0,0
10/1/2000,BRA,223,Brazil,2000,0,1,1,0,0,0,0,0,0,0,1,0,1,0,0,0
1/1/2001,BRA,223,Brazil,2001,0,1,1,0,0,0,0,0,0,0,1,0,1,0,0,0
4/1/2001,BRA,223,Brazil,2001,0,1,1,0,0,0,0,0,0,0,1,0,1,0,0,0
7/1/2001,BRA,223,Brazil,2001,0,1,1,0,0,0,0,0,0,0,1,0,1,0,0,0
10/1/2001,BRA,223,Brazil,2001,0,1,1,0,0,0,0,0,0,0,1,0,1,0,0,0
1/1/2002,BRA,223,Brazil,2002,0,1,1,0,0,0,0,0,0,0,1,0,1,0,0,0
4/1/2002,BRA,223,Brazil,2002,0,1,1,0,0,0,0,0,0,0,1,0,1,0,0,0
7/1/2002,BRA,223,Brazil,2002,0,1,1,0,0,0,0,0,0,0,1,0,1,0,0,0
10/1/2002,BRA,223,Brazil,2002,0,1,1,0,0,0,0,0,0,0,1,0,1,0,0,0
1/1/2003,BRA,223,Brazil,2003,0,1,1,0,0,0,0,0,0,0,1,0,1,0,0,0
4/1/2003,BRA,223,Brazil,2003,0,1,1,0,0,0,0,0,0,0,1,0,1,0,0,0
7/1/2003,BRA,223,Brazil,2003,0,1,1,0,0,0,0,0,0,0,1,0,1,0,0,0
10/1/2003,BRA,223,Brazil,2003,0,1,1,0,0,0,0,0,0,0,1,0,1,0,0,0
1/1/2004,BRA,223,Brazil,2004,0,1,1,0,0,0,0,0,0,0,1,0,1,0,0,0
4/1/2004,BRA,223,Brazil,2004,0,1,1,0,0,0,0,0,0,0,1,0,1,0,0,0
7/1/2004,BRA,223,Brazil,2004,0,1,1,0,0,0,0,0,0,0,1,0,1,0,0,0
10/1/2004,BRA,223,Brazil,2004,0,1,1,0,0,0,0,0,0,0,1,0,1,0,0,0
1/1/2005,BRA,223,Brazil,2005,0,1,1,0,0,0,0,0,0,0,1,0,1,0,0,0
4/1/2005,BRA,223,Brazil,2005,0,1,1,0,0,0,0,0,0,0,1,0,1,0,0,0
7/1/2005,BRA,223,Brazil,2005,0,1,1,0,0,0,0,0,0,0,1,0,1,0,0,0
10/1/2005,BRA,223,Brazil,2005,0,1,1,0,0,0,0,0,0,0,1,0,1,0,0,0
1/1/2006,BRA,223,Brazil,2006,0,1,1,0,0,0,0,0,0,0,1,0,1,0,0,0
4/1/2006,BRA,223,Brazil,2006,0,1,1,0,0,0,0,0,0,0,1,0,1,0,0,0
7/1/2006,BRA,223,Brazil,2006,0,1,1,0,0,0,0,0,0,0,1,0,1,0,0,0
10/1/2006,BRA,223,Brazil,2006,0,1,1,0,0,0,0,0,0,0,1,0,1,0,0,0
1/1/2007,BRA,223,Brazil,2007,0,1,1,0,0,0,0,0,0,0,1,0,1,0,0,0
4/1/2007,BRA,223,Brazil,2007,0,1,1,0,0,0,0,0,0,0,1,0,1,0,0,0
7/1/2007,BRA,223,Brazil,2007,0,1,1,0,0,0,0,0,0,0,1,0,1,0,0,0
10/1/2007,BRA,223,Brazil,2007,0,1,1,0,0,0,0,0,0,0,1,0,1,0,0,0
1/1/2008,BRA,223,Brazil,2008,0,1,1,0,0,0,0,0,0,0,1,0,1,0,0,0
4/1/2008,BRA,223,Brazil,2008,0,1,1,0,0,0,0,0,0,0,1,0,1,0,0,0
7/1/2008,BRA,223,Brazil,2008,0,1,1,0,0,0,0,0,0,0,1,0,1,0,0,0
10/1/2008,BRA,223,Brazil,2008,0,1,1,0,0,0,0,0,0,0,1,0,1,0,0,0
1/1/2009,BRA,223,Brazil,2009,0,1,1,0,0,0,0,0,0,0,1,0,1,0,0,0
4/1/2009,BRA,223,Brazil,2009,0,1,1,0,0,0,0,0,0,0,1,0,1,0,0,0
7/1/2009,BRA,223,Brazil,2009,0,1,1,0,0,0,0,0,0,0,1,0,1,0,0,0
10/1/2009,BRA,223,Brazil,2009,0,1,1,0,0,0,0,0,0,0,1,0,1,0,0,0
1/1/2010,BRA,223,Brazil,2010,0,1,1,0,0,0,0,0,0,0,1,0,1,0,0,0
4/1/2010,BRA,223,Brazil,2010,0,1,1,0,0,0,0,0,0,0,1,0,1,0,0,0
7/1/2010,BRA,223,Brazil,2010,0,1,1,0,0,0,0,0,0,0,1,0,1,0,0,0
10/1/2010,BRA,223,Brazil,2010,0,1,1,0,0,0,0,0,0,0,1,0,1,0,0,0
1/1/2011,BRA,223,Brazil,2011,0,1,1,0,0,0,0,0,0,0,1,0,1,0,0,0
4/1/2011,BRA,223,Brazil,2011,0,1,1,0,0,0,0,0,0,0,1,0,1,0,0,0
7/1/2011,BRA,223,Brazil,2011,0,1,1,0,0,0,0,0,0,0,1,0,1,0,0,0
10/1/2011,BRA,223,Brazil,2011,0,1,1,0,0,0,0,0,0,0,1,0,1,0,0,0
1/1/2012,BRA,223,Brazil,2012,0,1,1,0,0,0,0,0,0,0,1,0,1,0,0,0
4/1/2012,BRA,223,Brazil,2012,0,1,1,0,0,0,0,0,0,0,1,0,1,0,0,0
7/1/2012,BRA,223,Brazil,2012,0,1,1,0,0,0,0,0,0,0,1,0,1,0,0,0
10/1/2012,BRA,223,Brazil,2012,0,1,1,0,0,0,0,0,0,0,1,0,1,0,0,0
1/1/2013,BRA,223,Brazil,2013,0,1,1,0,0,0,0,0,0,0,1,0,1,0,0,0
4/1/2013,BRA,223,Brazil,2013,0,1,1,0,0,0,0,0,0,0,1,0,1,0,0,0
7/1/2013,BRA,223,Brazil,2013,0,1,1,0,0,0,0,0,0,0,1,0,1,0,0,0
10/1/2013,BRA,223,Brazil,2013,0,1,1,0,0,0,0,0,0,0,1,0,1,0,0,0
1/1/2014,BRA,223,Brazil,2014,0,1,1,0,0,0,0,0,0,0,1,0,1,0,0,0
4/1/2014,BRA,223,Brazil,2014,0,1,1,0,0,0,0,0,0,0,1,0,1,0,0,0
7/1/2014,BRA,223,Brazil,2014,0,1,1,0,0,0,0,0,0,0,1,0,1,0,0,0
10/1/2014,BRA,223,Brazil,2014,0,1,1,0,0,0,0,0,0,0,1,0,1,0,0,0
1/1/2015,BRA,223,Brazil,2015,0,1,1,0,0,0,0,0,0,0,1,0,1,0,0,0
4/1/2015,BRA,223,Brazil,2015,0,1,1,0,0,0,0,0,0,0,1,0,1,0,0,0
7/1/2015,BRA,223,Brazil,2015,0,1,1,0,0,0,0,0,0,0,1,0,1,0,0,0
10/1/2015,BRA,223,Brazil,2015,0,1,1,0,0,0,0,0,0,0,1,0,1,0,0,0
1/1/2016,BRA,223,Brazil,2016,0,1,1,0,0,0,0,0,0,0,1,0,1,0,0,0
4/1/2016,BRA,223,Brazil,2016,0,1,1,0,0,0,0,0,0,0,1,0,1,0,0,0
7/1/2016,BRA,223,Brazil,2016,0,1,1,0,0,0,0,0,0,0,1,0,1,0,0,0
10/1/2016,BRA,223,Brazil,2016,0,1,1,0,0,0,0,0,0,0,1,0,1,0,0,0
1/1/2017,BRA,223,Brazil,2017,0,1,1,0,0,0,0,0,0,0,1,0,1,0,0,0
4/1/2017,BRA,223,Brazil,2017,0,1,1,0,0,0,0,0,0,0,1,0,1,0,0,0
7/1/2017,BRA,223,Brazil,2017,0,1,1,0,0,0,0,0,0,0,1,0,1,0,0,0
10/1/2017,BRA,223,Brazil,2017,0,1,1,0,0,0,0,0,0,0,1,0,1,0,0,0
1/1/2018,BRA,223,Brazil,2018,0,1,1,0,0,0,0,0,0,0,1,0,1,0,0,0
4/1/2018,BRA,223,Brazil,2018,0,1,1,0,0,0,0,0,0,0,1,0,1,0,0,0
7/1/2018,BRA,223,Brazil,2018,0,1,1,0,0,0,0,0,0,0,1,0,1,0,0,0
10/1/2018,BRA,223,Brazil,2018,0,1,1,0,0,0,0,0,0,0,1,0,1,0,0,0
1/1/2019,BRA,223,Brazil,2019,0,1,1,0,0,0,0,0,0,0,1,0,1,0,0,0
4/1/2019,BRA,223,Brazil,2019,0,1,1,0,0,0,0,0,0,0,1,0,1,0,0,0
7/1/2019,BRA,223,Brazil,2019,0,1,1,0,0,0,0,0,0,0,1,0,1,0,0,0
10/1/2019,BRA,223,Brazil,2019,0,1,1,0,0,0,0,0,0,0,1,0,1,0,0,0
1/1/2020,BRA,223,Brazil,2020,0,1,1,0,0,0,0,0,0,0,1,0,1,0,0,0
4/1/2020,BRA,223,Brazil,2020,0,1,1,0,0,0,0,0,0,0,1,0,1,0,0,0
7/1/2020,BRA,223,Brazil,2020,0,1,1,0,0,0,0,0,0,0,1,0,1,0,0,0
10/1/2020,BRA,223,Brazil,2020,0,1,1,0,0,0,0,0,0,0,1,0,1,0,0,0
1/1/2021,BRA,223,Brazil,2021,0,1,1,0,0,0,0,0,0,0,1,0,1,0,0,0
4/1/2021,BRA,223,Brazil,2021,0,1,1,0,0,0,0,0,0,0,1,0,1,0,0,0
7/1/2021,BRA,223,Brazil,2021,0,1,1,0,0,0,0,0,0,0,1,0,1,0,0,0
10/1/2021,BRA,223,Brazil,2021,0,1,1,0,0,0,0,0,0,0,1,0,1,0,0,0
1/1/2022,BRA,223,Brazil,2022,0,1,1,0,0,0,0,0,0,0,1,0,1,0,0,0
4/1/2022,BRA,223,Brazil,2022,0,1,1,0,0,0,0,0,0,0,1,0,1,0,0,0
7/1/2022,BRA,223,Brazil,2022,0,1,1,0,0,0,0,0,0,0,1,0,1,0,0,0
10/1/2022,BRA,223,Brazil,2022,0,1,1,0,0,0,0,0,0,0,1,0,1,0,0,0
1/1/2023,BRA,223,Brazil,2023,0,1,1,0,0,0,0,0,0,0,1,0,1,0,0,0
4/1/2023,BRA,223,Brazil,2023,0,1,1,0,0,0,0,0,0,0,1,0,1,0,0,0
7/1/2023,BRA,223,Brazil,2023,0,1,1,0,0,0,0,0,0,0,1,0,1,0,0,0
10/1/2023,BRA,223,Brazil,2023,0,1,1,0,0,0,0,0,0,0,1,0,1,0,0,0
1/1/2024,BRA,223,Brazil,2024,0,1,1,0,0,0,0,0,0,0,1,0,1,0,0,0
4/1/2024,BRA,223,Brazil,2024,0,1,1,0,0,0,0,0,0,0,1,0,1,0,0,0
7/1/2024,BRA,223,Brazil,2024,0,1,1,0,0,0,0,0,0,0,1,0,1,0,0,0
10/1/2024,BRA,223,Brazil,2024,0,1,1,0,0,0,0,0,0,0,1,0,1,0,0,0
1/1/1991,CHL,228,Chile,1991,0,1,1,0,0,0,0,0,0,0,1,0,1,0,0,0
4/1/1991,CHL,228,Chile,1991,0,1,1,0,0,0,0,0,0,0,1,0,1,0,0,0
7/1/1991,CHL,228,Chile,1991,0,1,1,0,0,0,0,0,0,0,1,0,1,0,0,0
10/1/1991,CHL,228,Chile,1991,0,1,1,0,0,0,0,0,0,0,1,0,1,0,0,0
1/1/1992,CHL,228,Chile,1992,0,1,1,0,0,0,0,0,0,0,1,0,1,0,0,0
4/1/1992,CHL,228,Chile,1992,0,1,1,0,0,0,0,0,0,0,1,0,1,0,0,0
7/1/1992,CHL,228,Chile,1992,0,1,1,0,0,0,0,0,0,0,1,0,1,0,0,0
10/1/1992,CHL,228,Chile,1992,0,1,1,0,0,0,0,0,0,0,1,0,1,0,0,0
1/1/1993,CHL,228,Chile,1993,0,1,1,0,0,0,0,0,0,0,1,0,1,0,0,0
4/1/1993,CHL,228,Chile,1993,0,1,1,0,0,0,0,0,0,0,1,0,1,0,0,0
7/1/1993,CHL,228,Chile,1993,0,1,1,0,0,0,0,0,0,0,1,0,1,0,0,0
10/1/1993,CHL,228,Chile,1993,0,1,1,0,0,0,0,0,0,0,1,0,1,0,0,0
1/1/1994,CHL,228,Chile,1994,0,1,1,0,0,0,0,0,0,0,1,0,1,0,0,0
4/1/1994,CHL,228,Chile,1994,0,1,1,0,0,0,0,0,0,0,1,0,1,0,0,0
7/1/1994,CHL,228,Chile,1994,0,1,1,0,0,0,0,0,0,0,1,0,1,0,0,0
10/1/1994,CHL,228,Chile,1994,0,1,1,0,0,0,0,0,0,0,1,0,1,0,0,0
1/1/1995,CHL,228,Chile,1995,0,1,1,0,0,0,0,0,0,0,1,0,1,0,0,0
4/1/1995,CHL,228,Chile,1995,0,1,1,0,0,0,0,0,0,0,1,0,1,0,0,0
7/1/1995,CHL,228,Chile,1995,0,1,1,0,0,0,0,0,0,0,1,0,1,0,0,0
10/1/1995,CHL,228,Chile,1995,0,1,1,0,0,0,0,0,0,0,1,0,1,0,0,0
1/1/1996,CHL,228,Chile,1996,0,1,1,0,0,0,0,0,0,0,1,0,1,0,0,0
4/1/1996,CHL,228,Chile,1996,0,1,1,0,0,0,0,0,0,0,1,0,1,0,0,0
7/1/1996,CHL,228,Chile,1996,0,1,1,0,0,0,0,0,0,0,1,0,1,0,0,0
10/1/1996,CHL,228,Chile,1996,0,1,1,0,0,0,0,0,0,0,1,0,1,0,0,0
1/1/1997,CHL,228,Chile,1997,0,1,1,0,0,0,0,0,0,0,1,0,1,0,0,0
4/1/1997,CHL,228,Chile,1997,0,1,1,0,0,0,0,0,0,0,1,0,1,0,0,0
7/1/1997,CHL,228,Chile,1997,0,1,1,0,0,0,0,0,0,0,1,0,1,0,0,0
10/1/1997,CHL,228,Chile,1997,0,1,1,0,0,0,0,0,0,0,1,0,1,0,0,0
1/1/1998,CHL,228,Chile,1998,0,1,1,0,0,0,0,0,0,0,1,0,1,0,0,0
4/1/1998,CHL,228,Chile,1998,0,1,1,0,0,0,0,0,0,0,1,0,1,0,0,0
7/1/1998,CHL,228,Chile,1998,0,1,1,0,0,0,0,0,0,0,1,0,1,0,0,0
10/1/1998,CHL,228,Chile,1998,0,1,1,0,0,0,0,0,0,0,1,0,1,0,0,0
1/1/1999,CHL,228,Chile,1999,0,1,1,0,0,0,0,0,0,0,1,0,1,0,0,0
4/1/1999,CHL,228,Chile,1999,0,1,1,0,0,0,0,0,0,0,1,0,1,0,0,0
7/1/1999,CHL,228,Chile,1999,0,1,1,0,0,0,0,0,0,0,1,0,1,0,0,0
10/1/1999,CHL,228,Chile,1999,0,1,1,0,0,0,0,0,0,0,1,0,1,0,0,0
1/1/2000,CHL,228,Chile,2000,0,1,1,0,0,0,0,0,0,0,1,0,1,0,0,0
4/1/2000,CHL,228,Chile,2000,0,1,1,0,0,0,0,0,0,0,1,0,1,0,0,0
7/1/2000,CHL,228,Chile,2000,0,1,1,0,0,0,0,0,0,0,1,0,1,0,0,0
10/1/2000,CHL,228,Chile,2000,0,1,1,0,0,0,0,0,0,0,1,0,1,0,0,0
1/1/2001,CHL,228,Chile,2001,0,1,1,0,0,0,0,0,0,0,1,0,1,0,0,0
4/1/2001,CHL,228,Chile,2001,0,1,1,0,0,0,0,0,0,0,1,0,1,0,0,0
7/1/2001,CHL,228,Chile,2001,0,1,1,0,0,0,0,0,0,0,1,0,1,0,0,0
10/1/2001,CHL,228,Chile,2001,0,1,1,0,0,0,0,0,0,0,1,0,1,0,0,0
1/1/2002,CHL,228,Chile,2002,0,1,1,0,0,0,0,0,0,0,1,0,1,0,0,0
4/1/2002,CHL,228,Chile,2002,0,1,1,0,0,0,0,0,0,0,1,0,1,0,0,0
7/1/2002,CHL,228,Chile,2002,0,1,1,0,0,0,0,0,0,0,1,0,1,0,0,0
10/1/2002,CHL,228,Chile,2002,0,1,1,0,0,0,0,0,0,0,1,0,1,0,0,0
1/1/2003,CHL,228,Chile,2003,0,1,1,0,0,0,0,0,0,0,1,0,1,0,0,0
4/1/2003,CHL,228,Chile,2003,0,1,1,0,0,0,0,0,0,0,1,0,1,0,0,0
7/1/2003,CHL,228,Chile,2003,0,1,1,0,0,0,0,0,0,0,1,0,1,0,0,0
10/1/2003,CHL,228,Chile,2003,0,1,1,0,0,0,0,0,0,0,1,0,1,0,0,0
1/1/2004,CHL,228,Chile,2004,0,1,1,0,0,0,0,0,0,0,1,0,1,0,0,0
4/1/2004,CHL,228,Chile,2004,0,1,1,0,0,0,0,0,0,0,1,0,1,0,0,0
7/1/2004,CHL,228,Chile,2004,0,1,1,0,0,0,0,0,0,0,1,0,1,0,0,0
10/1/2004,CHL,228,Chile,2004,0,1,1,0,0,0,0,0,0,0,1,0,1,0,0,0
1/1/2005,CHL,228,Chile,2005,0,1,1,0,0,0,0,0,0,0,1,0,1,0,0,0
4/1/2005,CHL,228,Chile,2005,0,1,1,0,0,0,0,0,0,0,1,0,1,0,0,0
7/1/2005,CHL,228,Chile,2005,0,1,1,0,0,0,0,0,0,0,1,0,1,0,0,0
10/1/2005,CHL,228,Chile,2005,0,1,1,0,0,0,0,0,0,0,1,0,1,0,0,0
1/1/2006,CHL,228,Chile,2006,0,1,1,0,0,0,0,0,0,0,1,0,1,0,0,0
4/1/2006,CHL,228,Chile,2006,0,1,1,0,0,0,0,0,0,0,1,0,1,0,0,0
7/1/2006,CHL,228,Chile,2006,0,1,1,0,0,0,0,0,0,0,1,0,1,0,0,0
10/1/2006,CHL,228,Chile,2006,0,1,1,0,0,0,0,0,0,0,1,0,1,0,0,0
1/1/2007,CHL,228,Chile,2007,0,1,1,0,0,0,0,0,0,0,1,0,1,0,0,0
4/1/2007,CHL,228,Chile,2007,0,1,1,0,0,0,0,0,0,0,1,0,1,0,0,0
7/1/2007,CHL,228,Chile,2007,0,1,1,0,0,0,0,0,0,0,1,0,1,0,0,0
10/1/2007,CHL,228,Chile,2007,0,1,1,0,0,0,0,0,0,0,1,0,1,0,0,0
1/1/2008,CHL,228,Chile,2008,0,1,1,0,0,0,0,0,0,0,1,0,1,0,0,0
4/1/2008,CHL,228,Chile,2008,0,1,1,0,0,0,0,0,0,0,1,0,1,0,0,0
7/1/2008,CHL,228,Chile,2008,0,1,1,0,0,0,0,0,0,0,1,0,1,0,0,0
10/1/2008,CHL,228,Chile,2008,0,1,1,0,0,0,0,0,0,0,1,0,1,0,0,0
1/1/2009,CHL,228,Chile,2009,0,1,1,0,0,0,0,0,0,0,1,0,1,0,0,0
4/1/2009,CHL,228,Chile,2009,0,1,1,0,0,0,0,0,0,0,1,0,1,0,0,0
7/1/2009,CHL,228,Chile,2009,0,1,1,0,0,0,0,0,0,0,1,0,1,0,0,0
10/1/2009,CHL,228,Chile,2009,0,1,1,0,0,0,0,0,0,0,1,0,1,0,0,0
1/1/2010,CHL,228,Chile,2010,0,1,1,0,0,0,0,0,0,0,1,0,1,0,0,0
4/1/2010,CHL,228,Chile,2010,0,1,1,0,0,0,0,0,0,0,1,0,1,0,0,0
7/1/2010,CHL,228,Chile,2010,0,1,1,0,0,0,0,0,0,0,1,0,1,0,0,0
10/1/2010,CHL,228,Chile,2010,0,1,1,0,0,0,0,0,0,0,1,0,1,0,0,0
1/1/2011,CHL,228,Chile,2011,0,1,1,0,0,0,0,0,0,0,1,0,1,0,0,0
4/1/2011,CHL,228,Chile,2011,0,1,1,0,0,0,0,0,0,0,1,0,1,0,0,0
7/1/2011,CHL,228,Chile,2011,0,1,1,0,0,0,0,0,0,0,1,0,1,0,0,0
10/1/2011,CHL,228,Chile,2011,0,1,1,0,0,0,0,0,0,0,1,0,1,0,0,0
1/1/2012,CHL,228,Chile,2012,0,1,1,0,0,0,0,0,0,0,1,0,1,0,0,0
4/1/2012,CHL,228,Chile,2012,0,1,1,0,0,0,0,0,0,0,1,0,1,0,0,0
7/1/2012,CHL,228,Chile,2012,0,1,1,0,0,0,0,0,0,0,1,0,1,0,0,0
10/1/2012,CHL,228,Chile,2012,0,1,1,0,0,0,0,0,0,0,1,0,1,0,0,0
1/1/2013,CHL,228,Chile,2013,0,1,1,0,0,0,0,0,0,0,1,0,1,0,0,0
4/1/2013,CHL,228,Chile,2013,0,1,1,0,0,0,0,0,0,0,1,0,1,0,0,0
7/1/2013,CHL,228,Chile,2013,0,1,1,0,0,0,0,0,0,0,1,0,1,0,0,0
10/1/2013,CHL,228,Chile,2013,0,1,1,0,0,0,0,0,0,0,1,0,1,0,0,0
1/1/2014,CHL,228,Chile,2014,0,1,1,0,0,0,0,0,0,0,1,0,1,0,0,0
4/1/2014,CHL,228,Chile,2014,0,1,1,0,0,0,0,0,0,0,1,0,1,0,0,0
7/1/2014,CHL,228,Chile,2014,0,1,1,0,0,0,0,0,0,0,1,0,1,0,0,0
10/1/2014,CHL,228,Chile,2014,0,1,1,0,0,0,0,0,0,0,1,0,1,0,0,0
1/1/2015,CHL,228,Chile,2015,0,1,1,0,0,0,0,0,0,0,1,0,1,0,0,0
4/1/2015,CHL,228,Chile,2015,0,1,1,0,0,0,0,0,0,0,1,0,1,0,0,0
7/1/2015,CHL,228,Chile,2015,0,1,1,0,0,0,0,0,0,0,1,0,1,0,0,0
10/1/2015,CHL,228,Chile,2015,0,1,1,0,0,0,0,0,0,0,1,0,1,0,0,0
1/1/2016,CHL,228,Chile,2016,0,1,1,0,0,0,0,0,0,0,1,0,1,0,0,0
4/1/2016,CHL,228,Chile,2016,0,1,1,0,0,0,0,0,0,0,1,0,1,0,0,0
7/1/2016,CHL,228,Chile,2016,0,1,1,0,0,0,0,0,0,0,1,0,1,0,0,0
10/1/2016,CHL,228,Chile,2016,0,1,1,0,0,0,0,0,0,0,1,0,1,0,0,0
1/1/2017,CHL,228,Chile,2017,0,1,1,0,0,0,0,0,0,0,1,0,1,0,0,0
4/1/2017,CHL,228,Chile,2017,0,1,1,0,0,0,0,0,0,0,1,0,1,0,0,0
7/1/2017,CHL,228,Chile,2017,0,1,1,0,0,0,0,0,0,0,1,0,1,0,0,0
10/1/2017,CHL,228,Chile,2017,0,1,1,0,0,0,0,0,0,0,1,0,1,0,0,0
1/1/2018,CHL,228,Chile,2018,0,1,1,0,0,0,0,0,0,0,1,0,1,0,0,0
4/1/2018,CHL,228,Chile,2018,0,1,1,0,0,0,0,0,0,0,1,0,1,0,0,0
7/1/2018,CHL,228,Chile,2018,0,1,1,0,0,0,0,0,0,0,1,0,1,0,0,0
10/1/2018,CHL,228,Chile,2018,0,1,1,0,0,0,0,0,0,0,1,0,1,0,0,0
1/1/2019,CHL,228,Chile,2019,0,1,1,0,0,0,0,0,0,0,1,0,1,0,0,0
4/1/2019,CHL,228,Chile,2019,0,1,1,0,0,0,0,0,0,0,1,0,1,0,0,0
7/1/2019,CHL,228,Chile,2019,0,1,1,0,0,0,0,0,0,0,1,0,1,0,0,0
10/1/2019,CHL,228,Chile,2019,0,1,1,0,0,0,0,0,0,0,1,0,1,0,0,0
1/1/2020,CHL,228,Chile,2020,0,1,1,0,0,0,0,0,0,0,1,0,1,0,0,0
4/1/2020,CHL,228,Chile,2020,0,1,1,0,0,0,0,0,0,0,1,0,1,0,0,0
7/1/2020,CHL,228,Chile,2020,0,1,1,0,0,0,0,0,0,0,1,0,1,0,0,0
10/1/2020,CHL,228,Chile,2020,0,1,1,0,0,0,0,0,0,0,1,0,1,0,0,0
1/1/2021,CHL,228,Chile,2021,0,1,1,0,0,0,0,0,0,0,1,0,1,0,0,0
4/1/2021,CHL,228,Chile,2021,0,1,1,0,0,0,0,0,0,0,1,0,1,0,0,0
7/1/2021,CHL,228,Chile,2021,0,1,1,0,0,0,0,0,0,0,1,0,1,0,0,0
10/1/2021,CHL,228,Chile,2021,0,1,1,0,0,0,0,0,0,0,1,0,1,0,0,0
1/1/2022,CHL,228,Chile,2022,0,1,1,0,0,0,0,0,0,0,1,0,1,0,0,0
4/1/2022,CHL,228,Chile,2022,0,1,1,0,0,0,0,0,0,0,1,0,1,0,0,0
7/1/2022,CHL,228,Chile,2022,0,1,1,0,0,0,0,0,0,0,1,0,1,0,0,0
10/1/2022,CHL,228,Chile,2022,0,1,1,0,0,0,0,0,0,0,1,0,1,0,0,0
1/1/2023,CHL,228,Chile,2023,0,1,1,0,0,0,0,0,0,0,1,0,1,0,0,0
4/1/2023,CHL,228,Chile,2023,0,1,1,0,0,0,0,0,0,0,1,0,1,0,0,0
7/1/2023,CHL,228,Chile,2023,0,1,1,0,0,0,0,0,0,0,1,0,1,0,0,0
10/1/2023,CHL,228,Chile,2023,0,1,1,0,0,0,0,0,0,0,1,0,1,0,0,0
1/1/2024,CHL,228,Chile,2024,0,1,1,0,0,0,0,0,0,0,1,0,1,0,0,0
4/1/2024,CHL,228,Chile,2024,0,1,1,0,0,0,0,0,0,0,1,0,1,0,0,0
7/1/2024,CHL,228,Chile,2024,0,1,1,0,0,0,0,0,0,0,1,0,1,0,0,0
10/1/2024,CHL,228,Chile,2024,0,1,1,0,0,0,0,0,0,0,1,0,1,0,0,0
1/1/1996,COL,233,Colombia,1996,0,1,1,0,0,0,0,0,0,0,1,0,1,0,0,0
4/1/1996,COL,233,Colombia,1996,0,1,1,0,0,0,0,0,0,0,1,0,1,0,0,0
7/1/1996,COL,233,Colombia,1996,0,1,1,0,0,0,0,0,0,0,1,0,1,0,0,0
10/1/1996,COL,233,Colombia,1996,0,1,1,0,0,0,0,0,0,0,1,0,1,0,0,0
1/1/1997,COL,233,Colombia,1997,0,1,1,0,0,0,0,0,0,0,1,0,1,0,0,0
4/1/1997,COL,233,Colombia,1997,0,1,1,0,0,0,0,0,0,0,1,0,1,0,0,0
7/1/1997,COL,233,Colombia,1997,0,1,1,0,0,0,0,0,0,0,1,0,1,0,0,0
10/1/1997,COL,233,Colombia,1997,0,1,1,0,0,0,0,0,0,0,1,0,1,0,0,0
1/1/1998,COL,233,Colombia,1998,0,1,1,0,0,0,0,0,0,0,1,0,1,0,0,0
4/1/1998,COL,233,Colombia,1998,0,1,1,0,0,0,0,0,0,0,1,0,1,0,0,0
7/1/1998,COL,233,Colombia,1998,0,1,1,0,0,0,0,0,0,0,1,0,1,0,0,0
10/1/1998,COL,233,Colombia,1998,0,1,1,0,0,0,0,0,0,0,1,0,1,0,0,0
1/1/1999,COL,233,Colombia,1999,0,1,1,0,0,0,0,0,0,0,1,0,1,0,0,0
4/1/1999,COL,233,Colombia,1999,0,1,1,0,0,0,0,0,0,0,1,0,1,0,0,0
7/1/1999,COL,233,Colombia,1999,0,1,1,0,0,0,0,0,0,0,1,0,1,0,0,0
10/1/1999,COL,233,Colombia,1999,0,1,1,0,0,0,0,0,0,0,1,0,1,0,0,0
1/1/2000,COL,233,Colombia,2000,0,1,1,0,0,0,0,0,0,0,1,0,1,0,0,0
4/1/2000,COL,233,Colombia,2000,0,1,1,0,0,0,0,0,0,0,1,0,1,0,0,0
7/1/2000,COL,233,Colombia,2000,0,1,1,0,0,0,0,0,0,0,1,0,1,0,0,0
10/1/2000,COL,233,Colombia,2000,0,1,1,0,0,0,0,0,0,0,1,0,1,0,0,0
1/1/2001,COL,233,Colombia,2001,0,1,1,0,0,0,0,0,0,0,1,0,1,0,0,0
4/1/2001,COL,233,Colombia,2001,0,1,1,0,0,0,0,0,0,0,1,0,1,0,0,0
7/1/2001,COL,233,Colombia,2001,0,1,1,0,0,0,0,0,0,0,1,0,1,0,0,0
10/1/2001,COL,233,Colombia,2001,0,1,1,0,0,0,0,0,0,0,1,0,1,0,0,0
1/1/2002,COL,233,Colombia,2002,0,1,1,0,0,0,0,0,0,0,1,0,1,0,0,0
4/1/2002,COL,233,Colombia,2002,0,1,1,0,0,0,0,0,0,0,1,0,1,0,0,0
7/1/2002,COL,233,Colombia,2002,0,1,1,0,0,0,0,0,0,0,1,0,1,0,0,0
10/1/2002,COL,233,Colombia,2002,0,1,1,0,0,0,0,0,0,0,1,0,1,0,0,0
1/1/2003,COL,233,Colombia,2003,0,1,1,0,0,0,0,0,0,0,1,0,1,0,0,0
4/1/2003,COL,233,Colombia,2003,0,1,1,0,0,0,0,0,0,0,1,0,1,0,0,0
7/1/2003,COL,233,Colombia,2003,0,1,1,0,0,0,0,0,0,0,1,0,1,0,0,0
10/1/2003,COL,233,Colombia,2003,0,1,1,0,0,0,0,0,0,0,1,0,1,0,0,0
1/1/2004,COL,233,Colombia,2004,0,1,1,0,0,0,0,0,0,0,1,0,1,0,0,0
4/1/2004,COL,233,Colombia,2004,0,1,1,0,0,0,0,0,0,0,1,0,1,0,0,0
7/1/2004,COL,233,Colombia,2004,0,1,1,0,0,0,0,0,0,0,1,0,1,0,0,0
10/1/2004,COL,233,Colombia,2004,0,1,1,0,0,0,0,0,0,0,1,0,1,0,0,0
1/1/2005,COL,233,Colombia,2005,0,1,1,0,0,0,0,0,0,0,1,0,1,0,0,0
4/1/2005,COL,233,Colombia,2005,0,1,1,0,0,0,0,0,0,0,1,0,1,0,0,0
7/1/2005,COL,233,Colombia,2005,0,1,1,0,0,0,0,0,0,0,1,0,1,0,0,0
10/1/2005,COL,233,Colombia,2005,0,1,1,0,0,0,0,0,0,0,1,0,1,0,0,0
1/1/2006,COL,233,Colombia,2006,0,1,1,0,0,0,0,0,0,0,1,0,1,0,0,0
4/1/2006,COL,233,Colombia,2006,0,1,1,0,0,0,0,0,0,0,1,0,1,0,0,0
7/1/2006,COL,233,Colombia,2006,0,1,1,0,0,0,0,0,0,0,1,0,1,0,0,0
10/1/2006,COL,233,Colombia,2006,0,1,1,0,0,0,0,0,0,0,1,0,1,0,0,0
1/1/2007,COL,233,Colombia,2007,0,1,1,0,0,0,0,0,0,0,1,0,1,0,0,0
4/1/2007,COL,233,Colombia,2007,0,1,1,0,0,0,0,0,0,0,1,0,1,0,0,0
7/1/2007,COL,233,Colombia,2007,0,1,1,0,0,0,0,0,0,0,1,0,1,0,0,0
10/1/2007,COL,233,Colombia,2007,0,1,1,0,0,0,0,0,0,0,1,0,1,0,0,0
1/1/2008,COL,233,Colombia,2008,0,1,1,0,0,0,0,0,0,0,1,0,1,0,0,0
4/1/2008,COL,233,Colombia,2008,0,1,1,0,0,0,0,0,0,0,1,0,1,0,0,0
7/1/2008,COL,233,Colombia,2008,0,1,1,0,0,0,0,0,0,0,1,0,1,0,0,0
10/1/2008,COL,233,Colombia,2008,0,1,1,0,0,0,0,0,0,0,1,0,1,0,0,0
1/1/2009,COL,233,Colombia,2009,0,1,1,0,0,0,0,0,0,0,1,0,1,0,0,0
4/1/2009,COL,233,Colombia,2009,0,1,1,0,0,0,0,0,0,0,1,0,1,0,0,0
7/1/2009,COL,233,Colombia,2009,0,1,1,0,0,0,0,0,0,0,1,0,1,0,0,0
10/1/2009,COL,233,Colombia,2009,0,1,1,0,0,0,0,0,0,0,1,0,1,0,0,0
1/1/2010,COL,233,Colombia,2010,0,1,1,0,0,0,0,0,0,0,1,0,1,0,0,0
4/1/2010,COL,233,Colombia,2010,0,1,1,0,0,0,0,0,0,0,1,0,1,0,0,0
7/1/2010,COL,233,Colombia,2010,0,1,1,0,0,0,0,0,0,0,1,0,1,0,0,0
10/1/2010,COL,233,Colombia,2010,0,1,1,0,0,0,0,0,0,0,1,0,1,0,0,0
1/1/2011,COL,233,Colombia,2011,0,1,1,0,0,0,0,0,0,0,1,0,1,0,0,0
4/1/2011,COL,233,Colombia,2011,0,1,1,0,0,0,0,0,0,0,1,0,1,0,0,0
7/1/2011,COL,233,Colombia,2011,0,1,1,0,0,0,0,0,0,0,1,0,1,0,0,0
10/1/2011,COL,233,Colombia,2011,0,1,1,0,0,0,0,0,0,0,1,0,1,0,0,0
1/1/2012,COL,233,Colombia,2012,0,1,1,0,0,0,0,0,0,0,1,0,1,0,0,0
4/1/2012,COL,233,Colombia,2012,0,1,1,0,0,0,0,0,0,0,1,0,1,0,0,0
7/1/2012,COL,233,Colombia,2012,0,1,1,0,0,0,0,0,0,0,1,0,1,0,0,0
10/1/2012,COL,233,Colombia,2012,0,1,1,0,0,0,0,0,0,0,1,0,1,0,0,0
1/1/2013,COL,233,Colombia,2013,0,1,1,0,0,0,0,0,0,0,1,0,1,0,0,0
4/1/2013,COL,233,Colombia,2013,0,1,1,0,0,0,0,0,0,0,1,0,1,0,0,0
7/1/2013,COL,233,Colombia,2013,0,1,1,0,0,0,0,0,0,0,1,0,1,0,0,0
10/1/2013,COL,233,Colombia,2013,0,1,1,0,0,0,0,0,0,0,1,0,1,0,0,0
1/1/2014,COL,233,Colombia,2014,0,1,1,0,0,0,0,0,0,0,1,0,1,0,0,0
4/1/2014,COL,233,Colombia,2014,0,1,1,0,0,0,0,0,0,0,1,0,1,0,0,0
7/1/2014,COL,233,Colombia,2014,0,1,1,0,0,0,0,0,0,0,1,0,1,0,0,0
10/1/2014,COL,233,Colombia,2014,0,1,1,0,0,0,0,0,0,0,1,0,1,0,0,0
1/1/2015,COL,233,Colombia,2015,0,1,1,0,0,0,0,0,0,0,1,0,1,0,0,0
4/1/2015,COL,233,Colombia,2015,0,1,1,0,0,0,0,0,0,0,1,0,1,0,0,0
7/1/2015,COL,233,Colombia,2015,0,1,1,0,0,0,0,0,0,0,1,0,1,0,0,0
10/1/2015,COL,233,Colombia,2015,0,1,1,0,0,0,0,0,0,0,1,0,1,0,0,0
1/1/2016,COL,233,Colombia,2016,0,1,1,0,0,0,0,0,0,0,1,0,1,0,0,0
4/1/2016,COL,233,Colombia,2016,0,1,1,0,0,0,0,0,0,0,1,0,1,0,0,0
7/1/2016,COL,233,Colombia,2016,0,1,1,0,0,0,0,0,0,0,1,0,1,0,0,0
10/1/2016,COL,233,Colombia,2016,0,1,1,0,0,0,0,0,0,0,1,0,1,0,0,0
1/1/2017,COL,233,Colombia,2017,0,1,1,0,0,0,0,0,0,0,1,0,1,0,0,0
4/1/2017,COL,233,Colombia,2017,0,1,1,0,0,0,0,0,0,0,1,0,1,0,0,0
7/1/2017,COL,233,Colombia,2017,0,1,1,0,0,0,0,0,0,0,1,0,1,0,0,0
10/1/2017,COL,233,Colombia,2017,0,1,1,0,0,0,0,0,0,0,1,0,1,0,0,0
1/1/2018,COL,233,Colombia,2018,0,1,1,0,0,0,0,0,0,0,1,0,1,0,0,0
4/1/2018,COL,233,Colombia,2018,0,1,1,0,0,0,0,0,0,0,1,0,1,0,0,0
7/1/2018,COL,233,Colombia,2018,0,1,1,0,0,0,0,0,0,0,1,0,1,0,0,0
10/1/2018,COL,233,Colombia,2018,0,1,1,0,0,0,0,0,0,0,1,0,1,0,0,0
1/1/2019,COL,233,Colombia,2019,0,1,1,0,0,0,0,0,0,0,1,0,1,0,0,0
4/1/2019,COL,233,Colombia,2019,0,1,1,0,0,0,0,0,0,0,1,0,1,0,0,0
7/1/2019,COL,233,Colombia,2019,0,1,1,0,0,0,0,0,0,0,1,0,1,0,0,0
10/1/2019,COL,233,Colombia,2019,0,1,1,0,0,0,0,0,0,0,1,0,1,0,0,0
1/1/2020,COL,233,Colombia,2020,0,1,1,0,0,0,0,0,0,0,1,0,1,0,0,0
4/1/2020,COL,233,Colombia,2020,0,1,1,0,0,0,0,0,0,0,1,0,1,0,0,0
7/1/2020,COL,233,Colombia,2020,0,1,1,0,0,0,0,0,0,0,1,0,1,0,0,0
10/1/2020,COL,233,Colombia,2020,0,1,1,0,0,0,0,0,0,0,1,0,1,0,0,0
1/1/2021,COL,233,Colombia,2021,0,1,1,0,0,0,0,0,0,0,1,0,1,0,0,0
4/1/2021,COL,233,Colombia,2021,0,1,1,0,0,0,0,0,0,0,1,0,1,0,0,0
7/1/2021,COL,233,Colombia,2021,0,1,1,0,0,0,0,0,0,0,1,0,1,0,0,0
10/1/2021,COL,233,Colombia,2021,0,1,1,0,0,0,0,0,0,0,1,0,1,0,0,0
1/1/2022,COL,233,Colombia,2022,0,1,1,0,0,0,0,0,0,0,1,0,1,0,0,0
4/1/2022,COL,233,Colombia,2022,0,1,1,0,0,0,0,0,0,0,1,0,1,0,0,0
7/1/2022,COL,233,Colombia,2022,0,1,1,0,0,0,0,0,0,0,1,0,1,0,0,0
10/1/2022,COL,233,Colombia,2022,0,1,1,0,0,0,0,0,0,0,1,0,1,0,0,0
1/1/2023,COL,233,Colombia,2023,0,1,1,0,0,0,0,0,0,0,1,0,1,0,0,0
4/1/2023,COL,233,Colombia,2023,0,1,1,0,0,0,0,0,0,0,1,0,1,0,0,0
7/1/2023,COL,233,Colombia,2023,0,1,1,0,0,0,0,0,0,0,1,0,1,0,0,0
10/1/2023,COL,233,Colombia,2023,0,1,1,0,0,0,0,0,0,0,1,0,1,0,0,0
1/1/2024,COL,233,Colombia,2024,0,1,1,0,0,0,0,0,0,0,1,0,1,0,0,0
4/1/2024,COL,233,Colombia,2024,0,1,1,0,0,0,0,0,0,0,1,0,1,0,0,0
7/1/2024,COL,233,Colombia,2024,0,1,1,0,0,0,0,0,0,0,1,0,1,0,0,0
10/1/2024,COL,233,Colombia,2024,0,1,1,0,0,0,0,0,0,0,1,0,1,0,0,0
1/1/1999,CRI,238,Costa Rica,1999,0,1,0,0,0,0,0,0,0,0,1,0,0,0,0,0
4/1/1999,CRI,238,Costa Rica,1999,0,1,0,0,0,0,0,0,0,0,1,0,0,0,0,0
7/1/1999,CRI,238,Costa Rica,1999,0,1,0,0,0,0,0,0,0,0,1,0,0,0,0,0
10/1/1999,CRI,238,Costa Rica,1999,0,1,0,0,0,0,0,0,0,0,1,0,0,0,0,0
1/1/2000,CRI,238,Costa Rica,2000,0,1,0,0,0,0,0,0,0,0,1,0,0,0,0,0
4/1/2000,CRI,238,Costa Rica,2000,0,1,0,0,0,0,0,0,0,0,1,0,0,0,0,0
7/1/2000,CRI,238,Costa Rica,2000,0,1,0,0,0,0,0,0,0,0,1,0,0,0,0,0
10/1/2000,CRI,238,Costa Rica,2000,0,1,0,0,0,0,0,0,0,0,1,0,0,0,0,0
1/1/2001,CRI,238,Costa Rica,2001,0,1,0,0,0,0,0,0,0,0,1,0,0,0,0,0
4/1/2001,CRI,238,Costa Rica,2001,0,1,0,0,0,0,0,0,0,0,1,0,0,0,0,0
7/1/2001,CRI,238,Costa Rica,2001,0,1,0,0,0,0,0,0,0,0,1,0,0,0,0,0
10/1/2001,CRI,238,Costa Rica,2001,0,1,0,0,0,0,0,0,0,0,1,0,0,0,0,0
1/1/2002,CRI,238,Costa Rica,2002,0,1,0,0,0,0,0,0,0,0,1,0,0,0,0,0
4/1/2002,CRI,238,Costa Rica,2002,0,1,0,0,0,0,0,0,0,0,1,0,0,0,0,0
7/1/2002,CRI,238,Costa Rica,2002,0,1,0,0,0,0,0,0,0,0,1,0,0,0,0,0
10/1/2002,CRI,238,Costa Rica,2002,0,1,0,0,0,0,0,0,0,0,1,0,0,0,0,0
1/1/2003,CRI,238,Costa Rica,2003,0,1,0,0,0,0,0,0,0,0,1,0,0,0,0,0
4/1/2003,CRI,238,Costa Rica,2003,0,1,0,0,0,0,0,0,0,0,1,0,0,0,0,0
7/1/2003,CRI,238,Costa Rica,2003,0,1,0,0,0,0,0,0,0,0,1,0,0,0,0,0
10/1/2003,CRI,238,Costa Rica,2003,0,1,0,0,0,0,0,0,0,0,1,0,0,0,0,0
1/1/2004,CRI,238,Costa Rica,2004,0,1,0,0,0,0,0,0,0,0,1,0,0,0,0,0
4/1/2004,CRI,238,Costa Rica,2004,0,1,0,0,0,0,0,0,0,0,1,0,0,0,0,0
7/1/2004,CRI,238,Costa Rica,2004,0,1,0,0,0,0,0,0,0,0,1,0,0,0,0,0
10/1/2004,CRI,238,Costa Rica,2004,0,1,0,0,0,0,0,0,0,0,1,0,0,0,0,0
1/1/2005,CRI,238,Costa Rica,2005,0,1,0,0,0,0,0,0,0,0,1,0,0,0,0,0
4/1/2005,CRI,238,Costa Rica,2005,0,1,0,0,0,0,0,0,0,0,1,0,0,0,0,0
7/1/2005,CRI,238,Costa Rica,2005,0,1,0,0,0,0,0,0,0,0,1,0,0,0,0,0
10/1/2005,CRI,238,Costa Rica,2005,0,1,0,0,0,0,0,0,0,0,1,0,0,0,0,0
1/1/2006,CRI,238,Costa Rica,2006,0,1,0,0,0,0,0,0,0,0,1,0,0,0,0,0
4/1/2006,CRI,238,Costa Rica,2006,0,1,0,0,0,0,0,0,0,0,1,0,0,0,0,0
7/1/2006,CRI,238,Costa Rica,2006,0,1,0,0,0,0,0,0,0,0,1,0,0,0,0,0
10/1/2006,CRI,238,Costa Rica,2006,0,1,0,0,0,0,0,0,0,0,1,0,0,0,0,0
1/1/2007,CRI,238,Costa Rica,2007,0,1,0,0,0,0,0,0,0,0,1,0,0,0,0,0
4/1/2007,CRI,238,Costa Rica,2007,0,1,0,0,0,0,0,0,0,0,1,0,0,0,0,0
7/1/2007,CRI,238,Costa Rica,2007,0,1,0,0,0,0,0,0,0,0,1,0,0,0,0,0
10/1/2007,CRI,238,Costa Rica,2007,0,1,0,0,0,0,0,0,0,0,1,0,0,0,0,0
1/1/2008,CRI,238,Costa Rica,2008,0,1,0,0,0,0,0,0,0,0,1,0,0,0,0,0
4/1/2008,CRI,238,Costa Rica,2008,0,1,0,0,0,0,0,0,0,0,1,0,0,0,0,0
7/1/2008,CRI,238,Costa Rica,2008,0,1,0,0,0,0,0,0,0,0,1,0,0,0,0,0
10/1/2008,CRI,238,Costa Rica,2008,0,1,0,0,0,0,0,0,0,0,1,0,0,0,0,0
1/1/2009,CRI,238,Costa Rica,2009,0,1,0,0,0,0,0,0,0,0,1,0,0,0,0,0
4/1/2009,CRI,238,Costa Rica,2009,0,1,0,0,0,0,0,0,0,0,1,0,0,0,0,0
7/1/2009,CRI,238,Costa Rica,2009,0,1,0,0,0,0,0,0,0,0,1,0,0,0,0,0
10/1/2009,CRI,238,Costa Rica,2009,0,1,0,0,0,0,0,0,0,0,1,0,0,0,0,0
1/1/2010,CRI,238,Costa Rica,2010,0,1,0,0,0,0,0,0,0,0,1,0,0,0,0,0
4/1/2010,CRI,238,Costa Rica,2010,0,1,0,0,0,0,0,0,0,0,1,0,0,0,0,0
7/1/2010,CRI,238,Costa Rica,2010,0,1,0,0,0,0,0,0,0,0,1,0,0,0,0,0
10/1/2010,CRI,238,Costa Rica,2010,0,1,0,0,0,0,0,0,0,0,1,0,0,0,0,0
1/1/2011,CRI,238,Costa Rica,2011,0,1,0,0,0,0,0,0,0,0,1,0,0,0,0,0
4/1/2011,CRI,238,Costa Rica,2011,0,1,0,0,0,0,0,0,0,0,1,0,0,0,0,0
7/1/2011,CRI,238,Costa Rica,2011,0,1,0,0,0,0,0,0,0,0,1,0,0,0,0,0
10/1/2011,CRI,238,Costa Rica,2011,0,1,0,0,0,0,0,0,0,0,1,0,0,0,0,0
1/1/2012,CRI,238,Costa Rica,2012,0,1,0,0,0,0,0,0,0,0,1,0,0,0,0,0
4/1/2012,CRI,238,Costa Rica,2012,0,1,0,0,0,0,0,0,0,0,1,0,0,0,0,0
7/1/2012,CRI,238,Costa Rica,2012,0,1,0,0,0,0,0,0,0,0,1,0,0,0,0,0
10/1/2012,CRI,238,Costa Rica,2012,0,1,0,0,0,0,0,0,0,0,1,0,0,0,0,0
1/1/2013,CRI,238,Costa Rica,2013,0,1,0,0,0,0,0,0,0,0,1,0,0,0,0,0
4/1/2013,CRI,238,Costa Rica,2013,0,1,0,0,0,0,0,0,0,0,1,0,0,0,0,0
7/1/2013,CRI,238,Costa Rica,2013,0,1,0,0,0,0,0,0,0,0,1,0,0,0,0,0
10/1/2013,CRI,238,Costa Rica,2013,0,1,0,0,0,0,0,0,0,0,1,0,0,0,0,0
1/1/2014,CRI,238,Costa Rica,2014,0,1,0,0,0,0,0,0,0,0,1,0,0,0,0,0
4/1/2014,CRI,238,Costa Rica,2014,0,1,0,0,0,0,0,0,0,0,1,0,0,0,0,0
7/1/2014,CRI,238,Costa Rica,2014,0,1,0,0,0,0,0,0,0,0,1,0,0,0,0,0
10/1/2014,CRI,238,Costa Rica,2014,0,1,0,0,0,0,0,0,0,0,1,0,0,0,0,0
1/1/2015,CRI,238,Costa Rica,2015,0,1,0,0,0,0,0,0,0,0,1,0,0,0,0,0
4/1/2015,CRI,238,Costa Rica,2015,0,1,0,0,0,0,0,0,0,0,1,0,0,0,0,0
7/1/2015,CRI,238,Costa Rica,2015,0,1,0,0,0,0,0,0,0,0,1,0,0,0,0,0
10/1/2015,CRI,238,Costa Rica,2015,0,1,0,0,0,0,0,0,0,0,1,0,0,0,0,0
1/1/2016,CRI,238,Costa Rica,2016,0,1,0,0,0,0,0,0,0,0,1,0,0,0,0,0
4/1/2016,CRI,238,Costa Rica,2016,0,1,0,0,0,0,0,0,0,0,1,0,0,0,0,0
7/1/2016,CRI,238,Costa Rica,2016,0,1,0,0,0,0,0,0,0,0,1,0,0,0,0,0
10/1/2016,CRI,238,Costa Rica,2016,0,1,0,0,0,0,0,0,0,0,1,0,0,0,0,0
1/1/2017,CRI,238,Costa Rica,2017,0,1,0,0,0,0,0,0,0,0,1,0,0,0,0,0
4/1/2017,CRI,238,Costa Rica,2017,0,1,0,0,0,0,0,0,0,0,1,0,0,0,0,0
7/1/2017,CRI,238,Costa Rica,2017,0,1,0,0,0,0,0,0,0,0,1,0,0,0,0,0
10/1/2017,CRI,238,Costa Rica,2017,0,1,0,0,0,0,0,0,0,0,1,0,0,0,0,0
1/1/2018,CRI,238,Costa Rica,2018,0,1,0,0,0,0,0,0,0,0,1,0,0,0,0,0
4/1/2018,CRI,238,Costa Rica,2018,0,1,0,0,0,0,0,0,0,0,1,0,0,0,0,0
7/1/2018,CRI,238,Costa Rica,2018,0,1,0,0,0,0,0,0,0,0,1,0,0,0,0,0
10/1/2018,CRI,238,Costa Rica,2018,0,1,0,0,0,0,0,0,0,0,1,0,0,0,0,0
1/1/2019,CRI,238,Costa Rica,2019,0,1,0,0,0,0,0,0,0,0,1,0,0,0,0,0
4/1/2019,CRI,238,Costa Rica,2019,0,1,0,0,0,0,0,0,0,0,1,0,0,0,0,0
7/1/2019,CRI,238,Costa Rica,2019,0,1,0,0,0,0,0,0,0,0,1,0,0,0,0,0
10/1/2019,CRI,238,Costa Rica,2019,0,1,0,0,0,0,0,0,0,0,1,0,0,0,0,0
1/1/2020,CRI,238,Costa Rica,2020,0,1,0,0,0,0,0,0,0,0,1,0,0,0,0,0
4/1/2020,CRI,238,Costa Rica,2020,0,1,0,0,0,0,0,0,0,0,1,0,0,0,0,0
7/1/2020,CRI,238,Costa Rica,2020,0,1,0,0,0,0,0,0,0,0,1,0,0,0,0,0
10/1/2020,CRI,238,Costa Rica,2020,0,1,0,0,0,0,0,0,0,0,1,0,0,0,0,0
1/1/2021,CRI,238,Costa Rica,2021,0,1,0,0,0,0,0,0,0,0,1,0,0,0,0,0
4/1/2021,CRI,238,Costa Rica,2021,0,1,0,0,0,0,0,0,0,0,1,0,0,0,0,0
7/1/2021,CRI,238,Costa Rica,2021,0,1,0,0,0,0,0,0,0,0,1,0,0,0,0,0
10/1/2021,CRI,238,Costa Rica,2021,0,1,0,0,0,0,0,0,0,0,1,0,0,0,0,0
1/1/2022,CRI,238,Costa Rica,2022,0,1,0,0,0,0,0,0,0,0,1,0,0,0,0,0
4/1/2022,CRI,238,Costa Rica,2022,0,1,0,0,0,0,0,0,0,0,1,0,0,0,0,0
7/1/2022,CRI,238,Costa Rica,2022,0,1,0,0,0,0,0,0,0,0,1,0,0,0,0,0
10/1/2022,CRI,238,Costa Rica,2022,0,1,0,0,0,0,0,0,0,0,1,0,0,0,0,0
1/1/2023,CRI,238,Costa Rica,2023,0,1,0,0,0,0,0,0,0,0,1,0,0,0,0,0
4/1/2023,CRI,238,Costa Rica,2023,0,1,0,0,0,0,0,0,0,0,1,0,0,0,0,0
7/1/2023,CRI,238,Costa Rica,2023,0,1,0,0,0,0,0,0,0,0,1,0,0,0,0,0
10/1/2023,CRI,238,Costa Rica,2023,0,1,0,0,0,0,0,0,0,0,1,0,0,0,0,0
1/1/2024,CRI,238,Costa Rica,2024,0,1,0,0,0,0,0,0,0,0,1,0,0,0,0,0
4/1/2024,CRI,238,Costa Rica,2024,0,1,0,0,0,0,0,0,0,0,1,0,0,0,0,0
7/1/2024,CRI,238,Costa Rica,2024,0,1,0,0,0,0,0,0,0,0,1,0,0,0,0,0
10/1/2024,CRI,238,Costa Rica,2024,0,1,0,0,0,0,0,0,0,0,1,0,0,0,0,0
1/1/1999,SLV,253,El Salvador,1999,0,1,0,0,0,0,0,0,0,0,1,0,0,0,0,0
4/1/1999,SLV,253,El Salvador,1999,0,1,0,0,0,0,0,0,0,0,1,0,0,0,0,0
7/1/1999,SLV,253,El Salvador,1999,0,1,0,0,0,0,0,0,0,0,1,0,0,0,0,0
10/1/1999,SLV,253,El Salvador,1999,0,1,0,0,0,0,0,0,0,0,1,0,0,0,0,0
1/1/2000,SLV,253,El Salvador,2000,0,1,0,0,0,0,0,0,0,0,1,0,0,0,0,0
4/1/2000,SLV,253,El Salvador,2000,0,1,0,0,0,0,0,0,0,0,1,0,0,0,0,0
7/1/2000,SLV,253,El Salvador,2000,0,1,0,0,0,0,0,0,0,0,1,0,0,0,0,0
10/1/2000,SLV,253,El Salvador,2000,0,1,0,0,0,0,0,0,0,0,1,0,0,0,0,0
1/1/2001,SLV,253,El Salvador,2001,0,1,0,0,0,0,0,0,0,0,1,0,0,0,0,0
4/1/2001,SLV,253,El Salvador,2001,0,1,0,0,0,0,0,0,0,0,1,0,0,0,0,0
7/1/2001,SLV,253,El Salvador,2001,0,1,0,0,0,0,0,0,0,0,1,0,0,0,0,0
10/1/2001,SLV,253,El Salvador,2001,0,1,0,0,0,0,0,0,0,0,1,0,0,0,0,0
1/1/2002,SLV,253,El Salvador,2002,0,1,0,0,0,0,0,0,0,0,1,0,0,0,0,0
4/1/2002,SLV,253,El Salvador,2002,0,1,0,0,0,0,0,0,0,0,1,0,0,0,0,0
7/1/2002,SLV,253,El Salvador,2002,0,1,0,0,0,0,0,0,0,0,1,0,0,0,0,0
10/1/2002,SLV,253,El Salvador,2002,0,1,0,0,0,0,0,0,0,0,1,0,0,0,0,0
1/1/2003,SLV,253,El Salvador,2003,0,1,0,0,0,0,0,0,0,0,1,0,0,0,0,0
4/1/2003,SLV,253,El Salvador,2003,0,1,0,0,0,0,0,0,0,0,1,0,0,0,0,0
7/1/2003,SLV,253,El Salvador,2003,0,1,0,0,0,0,0,0,0,0,1,0,0,0,0,0
10/1/2003,SLV,253,El Salvador,2003,0,1,0,0,0,0,0,0,0,0,1,0,0,0,0,0
1/1/2004,SLV,253,El Salvador,2004,0,1,0,0,0,0,0,0,0,0,1,0,0,0,0,0
4/1/2004,SLV,253,El Salvador,2004,0,1,0,0,0,0,0,0,0,0,1,0,0,0,0,0
7/1/2004,SLV,253,El Salvador,2004,0,1,0,0,0,0,0,0,0,0,1,0,0,0,0,0
10/1/2004,SLV,253,El Salvador,2004,0,1,0,0,0,0,0,0,0,0,1,0,0,0,0,0
1/1/2005,SLV,253,El Salvador,2005,0,1,0,0,0,0,0,0,0,0,1,0,0,0,0,0
4/1/2005,SLV,253,El Salvador,2005,0,1,0,0,0,0,0,0,0,0,1,0,0,0,0,0
7/1/2005,SLV,253,El Salvador,2005,0,1,0,0,0,0,0,0,0,0,1,0,0,0,0,0
10/1/2005,SLV,253,El Salvador,2005,0,1,0,0,0,0,0,0,0,0,1,0,0,0,0,0
1/1/2006,SLV,253,El Salvador,2006,0,1,0,0,0,0,0,0,0,0,1,0,0,0,0,0
4/1/2006,SLV,253,El Salvador,2006,0,1,0,0,0,0,0,0,0,0,1,0,0,0,0,0
7/1/2006,SLV,253,El Salvador,2006,0,1,0,0,0,0,0,0,0,0,1,0,0,0,0,0
10/1/2006,SLV,253,El Salvador,2006,0,1,0,0,0,0,0,0,0,0,1,0,0,0,0,0
1/1/2007,SLV,253,El Salvador,2007,0,1,0,0,0,0,0,0,0,0,1,0,0,0,0,0
4/1/2007,SLV,253,El Salvador,2007,0,1,0,0,0,0,0,0,0,0,1,0,0,0,0,0
7/1/2007,SLV,253,El Salvador,2007,0,1,0,0,0,0,0,0,0,0,1,0,0,0,0,0
10/1/2007,SLV,253,El Salvador,2007,0,1,0,0,0,0,0,0,0,0,1,0,0,0,0,0
1/1/2008,SLV,253,El Salvador,2008,0,1,0,0,0,0,0,0,0,0,1,0,0,0,0,0
4/1/2008,SLV,253,El Salvador,2008,0,1,0,0,0,0,0,0,0,0,1,0,0,0,0,0
7/1/2008,SLV,253,El Salvador,2008,0,1,0,0,0,0,0,0,0,0,1,0,0,0,0,0
10/1/2008,SLV,253,El Salvador,2008,0,1,0,0,0,0,0,0,0,0,1,0,0,0,0,0
1/1/2009,SLV,253,El Salvador,2009,0,1,0,0,0,0,0,0,0,0,1,0,0,0,0,0
4/1/2009,SLV,253,El Salvador,2009,0,1,0,0,0,0,0,0,0,0,1,0,0,0,0,0
7/1/2009,SLV,253,El Salvador,2009,0,1,0,0,0,0,0,0,0,0,1,0,0,0,0,0
10/1/2009,SLV,253,El Salvador,2009,0,1,0,0,0,0,0,0,0,0,1,0,0,0,0,0
1/1/2010,SLV,253,El Salvador,2010,0,1,0,0,0,0,0,0,0,0,1,0,0,0,0,0
4/1/2010,SLV,253,El Salvador,2010,0,1,0,0,0,0,0,0,0,0,1,0,0,0,0,0
7/1/2010,SLV,253,El Salvador,2010,0,1,0,0,0,0,0,0,0,0,1,0,0,0,0,0
10/1/2010,SLV,253,El Salvador,2010,0,1,0,0,0,0,0,0,0,0,1,0,0,0,0,0
1/1/2011,SLV,253,El Salvador,2011,0,1,0,0,0,0,0,0,0,0,1,0,0,0,0,0
4/1/2011,SLV,253,El Salvador,2011,0,1,0,0,0,0,0,0,0,0,1,0,0,0,0,0
7/1/2011,SLV,253,El Salvador,2011,0,1,0,0,0,0,0,0,0,0,1,0,0,0,0,0
10/1/2011,SLV,253,El Salvador,2011,0,1,0,0,0,0,0,0,0,0,1,0,0,0,0,0
1/1/2012,SLV,253,El Salvador,2012,0,1,0,0,0,0,0,0,0,0,1,0,0,0,0,0
4/1/2012,SLV,253,El Salvador,2012,0,1,0,0,0,0,0,0,0,0,1,0,0,0,0,0
7/1/2012,SLV,253,El Salvador,2012,0,1,0,0,0,0,0,0,0,0,1,0,0,0,0,0
10/1/2012,SLV,253,El Salvador,2012,0,1,0,0,0,0,0,0,0,0,1,0,0,0,0,0
1/1/2013,SLV,253,El Salvador,2013,0,1,0,0,0,0,0,0,0,0,1,0,0,0,0,0
4/1/2013,SLV,253,El Salvador,2013,0,1,0,0,0,0,0,0,0,0,1,0,0,0,0,0
7/1/2013,SLV,253,El Salvador,2013,0,1,0,0,0,0,0,0,0,0,1,0,0,0,0,0
10/1/2013,SLV,253,El Salvador,2013,0,1,0,0,0,0,0,0,0,0,1,0,0,0,0,0
1/1/2014,SLV,253,El Salvador,2014,0,1,0,0,0,0,0,0,0,0,1,0,0,0,0,0
4/1/2014,SLV,253,El Salvador,2014,0,1,0,0,0,0,0,0,0,0,1,0,0,0,0,0
7/1/2014,SLV,253,El Salvador,2014,0,1,0,0,0,0,0,0,0,0,1,0,0,0,0,0
10/1/2014,SLV,253,El Salvador,2014,0,1,0,0,0,0,0,0,0,0,1,0,0,0,0,0
1/1/2015,SLV,253,El Salvador,2015,0,1,0,0,0,0,0,0,0,0,1,0,0,0,0,0
4/1/2015,SLV,253,El Salvador,2015,0,1,0,0,0,0,0,0,0,0,1,0,0,0,0,0
7/1/2015,SLV,253,El Salvador,2015,0,1,0,0,0,0,0,0,0,0,1,0,0,0,0,0
10/1/2015,SLV,253,El Salvador,2015,0,1,0,0,0,0,0,0,0,0,1,0,0,0,0,0
1/1/2016,SLV,253,El Salvador,2016,0,1,0,0,0,0,0,0,0,0,1,0,0,0,0,0
4/1/2016,SLV,253,El Salvador,2016,0,1,0,0,0,0,0,0,0,0,1,0,0,0,0,0
7/1/2016,SLV,253,El Salvador,2016,0,1,0,0,0,0,0,0,0,0,1,0,0,0,0,0
10/1/2016,SLV,253,El Salvador,2016,0,1,0,0,0,0,0,0,0,0,1,0,0,0,0,0
1/1/2017,SLV,253,El Salvador,2017,0,1,0,0,0,0,0,0,0,0,1,0,0,0,0,0
4/1/2017,SLV,253,El Salvador,2017,0,1,0,0,0,0,0,0,0,0,1,0,0,0,0,0
7/1/2017,SLV,253,El Salvador,2017,0,1,0,0,0,0,0,0,0,0,1,0,0,0,0,0
10/1/2017,SLV,253,El Salvador,2017,0,1,0,0,0,0,0,0,0,0,1,0,0,0,0,0
1/1/2018,SLV,253,El Salvador,2018,0,1,0,0,0,0,0,0,0,0,1,0,0,0,0,0
4/1/2018,SLV,253,El Salvador,2018,0,1,0,0,0,0,0,0,0,0,1,0,0,0,0,0
7/1/2018,SLV,253,El Salvador,2018,0,1,0,0,0,0,0,0,0,0,1,0,0,0,0,0
10/1/2018,SLV,253,El Salvador,2018,0,1,0,0,0,0,0,0,0,0,1,0,0,0,0,0
1/1/2019,SLV,253,El Salvador,2019,0,1,0,0,0,0,0,0,0,0,1,0,0,0,0,0
4/1/2019,SLV,253,El Salvador,2019,0,1,0,0,0,0,0,0,0,0,1,0,0,0,0,0
7/1/2019,SLV,253,El Salvador,2019,0,1,0,0,0,0,0,0,0,0,1,0,0,0,0,0
10/1/2019,SLV,253,El Salvador,2019,0,1,0,0,0,0,0,0,0,0,1,0,0,0,0,0
1/1/2020,SLV,253,El Salvador,2020,0,1,0,0,0,0,0,0,0,0,1,0,0,0,0,0
1/1/1977,GTM,258,Guatemala,1977,0,1,0,0,0,0,0,0,0,0,1,0,0,0,0,0
4/1/1977,GTM,258,Guatemala,1977,0,1,0,0,0,0,0,0,0,0,1,0,0,0,0,0
7/1/1977,GTM,258,Guatemala,1977,0,1,0,0,0,0,0,0,0,0,1,0,0,0,0,0
10/1/1977,GTM,258,Guatemala,1977,0,1,0,0,0,0,0,0,0,0,1,0,0,0,0,0
1/1/1978,GTM,258,Guatemala,1978,0,1,0,0,0,0,0,0,0,0,1,0,0,0,0,0
4/1/1978,GTM,258,Guatemala,1978,0,1,0,0,0,0,0,0,0,0,1,0,0,0,0,0
7/1/1978,GTM,258,Guatemala,1978,0,1,0,0,0,0,0,0,0,0,1,0,0,0,0,0
10/1/1978,GTM,258,Guatemala,1978,0,1,0,0,0,0,0,0,0,0,1,0,0,0,0,0
1/1/1979,GTM,258,Guatemala,1979,0,1,0,0,0,0,0,0,0,0,1,0,0,0,0,0
4/1/1979,GTM,258,Guatemala,1979,0,1,0,0,0,0,0,0,0,0,1,0,0,0,0,0
7/1/1979,GTM,258,Guatemala,1979,0,1,0,0,0,0,0,0,0,0,1,0,0,0,0,0
10/1/1979,GTM,258,Guatemala,1979,0,1,0,0,0,0,0,0,0,0,1,0,0,0,0,0
1/1/1980,GTM,258,Guatemala,1980,0,1,0,0,0,0,0,0,0,0,1,0,0,0,0,0
4/1/1980,GTM,258,Guatemala,1980,0,1,0,0,0,0,0,0,0,0,1,0,0,0,0,0
7/1/1980,GTM,258,Guatemala,1980,0,1,0,0,0,0,0,0,0,0,1,0,0,0,0,0
10/1/1980,GTM,258,Guatemala,1980,0,1,0,0,0,0,0,0,0,0,1,0,0,0,0,0
1/1/1981,GTM,258,Guatemala,1981,0,1,0,0,0,0,0,0,0,0,1,0,0,0,0,0
4/1/1981,GTM,258,Guatemala,1981,0,1,0,0,0,0,0,0,0,0,1,0,0,0,0,0
7/1/1981,GTM,258,Guatemala,1981,0,1,0,0,0,0,0,0,0,0,1,0,0,0,0,0
10/1/1981,GTM,258,Guatemala,1981,0,1,0,0,0,0,0,0,0,0,1,0,0,0,0,0
1/1/1982,GTM,258,Guatemala,1982,0,1,0,0,0,0,0,0,0,0,1,0,0,0,0,0
4/1/1982,GTM,258,Guatemala,1982,0,1,0,0,0,0,0,0,0,0,1,0,0,0,0,0
7/1/1982,GTM,258,Guatemala,1982,0,1,0,0,0,0,0,0,0,0,1,0,0,0,0,0
10/1/1982,GTM,258,Guatemala,1982,0,1,0,0,0,0,0,0,0,0,1,0,0,0,0,0
1/1/1983,GTM,258,Guatemala,1983,0,1,0,0,0,0,0,0,0,0,1,0,0,0,0,0
4/1/1983,GTM,258,Guatemala,1983,0,1,0,0,0,0,0,0,0,0,1,0,0,0,0,0
7/1/1983,GTM,258,Guatemala,1983,0,1,0,0,0,0,0,0,0,0,1,0,0,0,0,0
10/1/1983,GTM,258,Guatemala,1983,0,1,0,0,0,0,0,0,0,0,1,0,0,0,0,0
1/1/1984,GTM,258,Guatemala,1984,0,1,0,0,0,0,0,0,0,0,1,0,0,0,0,0
4/1/1984,GTM,258,Guatemala,1984,0,1,0,0,0,0,0,0,0,0,1,0,0,0,0,0
7/1/1984,GTM,258,Guatemala,1984,0,1,0,0,0,0,0,0,0,0,1,0,0,0,0,0
10/1/1984,GTM,258,Guatemala,1984,0,1,0,0,0,0,0,0,0,0,1,0,0,0,0,0
1/1/1985,GTM,258,Guatemala,1985,0,1,0,0,0,0,0,0,0,0,1,0,0,0,0,0
4/1/1985,GTM,258,Guatemala,1985,0,1,0,0,0,0,0,0,0,0,1,0,0,0,0,0
7/1/1985,GTM,258,Guatemala,1985,0,1,0,0,0,0,0,0,0,0,1,0,0,0,0,0
10/1/1985,GTM,258,Guatemala,1985,0,1,0,0,0,0,0,0,0,0,1,0,0,0,0,0
1/1/1986,GTM,258,Guatemala,1986,0,1,0,0,0,0,0,0,0,0,1,0,0,0,0,0
4/1/1986,GTM,258,Guatemala,1986,0,1,0,0,0,0,0,0,0,0,1,0,0,0,0,0
7/1/1986,GTM,258,Guatemala,1986,0,1,0,0,0,0,0,0,0,0,1,0,0,0,0,0
10/1/1986,GTM,258,Guatemala,1986,0,1,0,0,0,0,0,0,0,0,1,0,0,0,0,0
1/1/1987,GTM,258,Guatemala,1987,0,1,0,0,0,0,0,0,0,0,1,0,0,0,0,0
4/1/1987,GTM,258,Guatemala,1987,0,1,0,0,0,0,0,0,0,0,1,0,0,0,0,0
7/1/1987,GTM,258,Guatemala,1987,0,1,0,0,0,0,0,0,0,0,1,0,0,0,0,0
10/1/1987,GTM,258,Guatemala,1987,0,1,0,0,0,0,0,0,0,0,1,0,0,0,0,0
1/1/1988,GTM,258,Guatemala,1988,0,1,0,0,0,0,0,0,0,0,1,0,0,0,0,0
4/1/1988,GTM,258,Guatemala,1988,0,1,0,0,0,0,0,0,0,0,1,0,0,0,0,0
7/1/1988,GTM,258,Guatemala,1988,0,1,0,0,0,0,0,0,0,0,1,0,0,0,0,0
10/1/1988,GTM,258,Guatemala,1988,0,1,0,0,0,0,0,0,0,0,1,0,0,0,0,0
1/1/1989,GTM,258,Guatemala,1989,0,1,0,0,0,0,0,0,0,0,1,0,0,0,0,0
4/1/1989,GTM,258,Guatemala,1989,0,1,0,0,0,0,0,0,0,0,1,0,0,0,0,0
7/1/1989,GTM,258,Guatemala,1989,0,1,0,0,0,0,0,0,0,0,1,0,0,0,0,0
10/1/1989,GTM,258,Guatemala,1989,0,1,0,0,0,0,0,0,0,0,1,0,0,0,0,0
1/1/1990,GTM,258,Guatemala,1990,0,1,0,0,0,0,0,0,0,0,1,0,0,0,0,0
4/1/1990,GTM,258,Guatemala,1990,0,1,0,0,0,0,0,0,0,0,1,0,0,0,0,0
7/1/1990,GTM,258,Guatemala,1990,0,1,0,0,0,0,0,0,0,0,1,0,0,0,0,0
10/1/1990,GTM,258,Guatemala,1990,0,1,0,0,0,0,0,0,0,0,1,0,0,0,0,0
1/1/1991,GTM,258,Guatemala,1991,0,1,0,0,0,0,0,0,0,0,1,0,0,0,0,0
4/1/1991,GTM,258,Guatemala,1991,0,1,0,0,0,0,0,0,0,0,1,0,0,0,0,0
7/1/1991,GTM,258,Guatemala,1991,0,1,0,0,0,0,0,0,0,0,1,0,0,0,0,0
10/1/1991,GTM,258,Guatemala,1991,0,1,0,0,0,0,0,0,0,0,1,0,0,0,0,0
1/1/1992,GTM,258,Guatemala,1992,0,1,0,0,0,0,0,0,0,0,1,0,0,0,0,0
4/1/1992,GTM,258,Guatemala,1992,0,1,0,0,0,0,0,0,0,0,1,0,0,0,0,0
7/1/1992,GTM,258,Guatemala,1992,0,1,0,0,0,0,0,0,0,0,1,0,0,0,0,0
10/1/1992,GTM,258,Guatemala,1992,0,1,0,0,0,0,0,0,0,0,1,0,0,0,0,0
1/1/1993,GTM,258,Guatemala,1993,0,1,0,0,0,0,0,0,0,0,1,0,0,0,0,0
4/1/1993,GTM,258,Guatemala,1993,0,1,0,0,0,0,0,0,0,0,1,0,0,0,0,0
7/1/1993,GTM,258,Guatemala,1993,0,1,0,0,0,0,0,0,0,0,1,0,0,0,0,0
10/1/1993,GTM,258,Guatemala,1993,0,1,0,0,0,0,0,0,0,0,1,0,0,0,0,0
1/1/1994,GTM,258,Guatemala,1994,0,1,0,0,0,0,0,0,0,0,1,0,0,0,0,0
4/1/1994,GTM,258,Guatemala,1994,0,1,0,0,0,0,0,0,0,0,1,0,0,0,0,0
7/1/1994,GTM,258,Guatemala,1994,0,1,0,0,0,0,0,0,0,0,1,0,0,0,0,0
10/1/1994,GTM,258,Guatemala,1994,0,1,0,0,0,0,0,0,0,0,1,0,0,0,0,0
1/1/1995,GTM,258,Guatemala,1995,0,1,0,0,0,0,0,0,0,0,1,0,0,0,0,0
4/1/1995,GTM,258,Guatemala,1995,0,1,0,0,0,0,0,0,0,0,1,0,0,0,0,0
7/1/1995,GTM,258,Guatemala,1995,0,1,0,0,0,0,0,0,0,0,1,0,0,0,0,0
10/1/1995,GTM,258,Guatemala,1995,0,1,0,0,0,0,0,0,0,0,1,0,0,0,0,0
1/1/1996,GTM,258,Guatemala,1996,0,1,0,0,0,0,0,0,0,0,1,0,0,0,0,0
4/1/1996,GTM,258,Guatemala,1996,0,1,0,0,0,0,0,0,0,0,1,0,0,0,0,0
7/1/1996,GTM,258,Guatemala,1996,0,1,0,0,0,0,0,0,0,0,1,0,0,0,0,0
10/1/1996,GTM,258,Guatemala,1996,0,1,0,0,0,0,0,0,0,0,1,0,0,0,0,0
1/1/1997,GTM,258,Guatemala,1997,0,1,0,0,0,0,0,0,0,0,1,0,0,0,0,0
4/1/1997,GTM,258,Guatemala,1997,0,1,0,0,0,0,0,0,0,0,1,0,0,0,0,0
7/1/1997,GTM,258,Guatemala,1997,0,1,0,0,0,0,0,0,0,0,1,0,0,0,0,0
10/1/1997,GTM,258,Guatemala,1997,0,1,0,0,0,0,0,0,0,0,1,0,0,0,0,0
1/1/1998,GTM,258,Guatemala,1998,0,1,0,0,0,0,0,0,0,0,1,0,0,0,0,0
4/1/1998,GTM,258,Guatemala,1998,0,1,0,0,0,0,0,0,0,0,1,0,0,0,0,0
7/1/1998,GTM,258,Guatemala,1998,0,1,0,0,0,0,0,0,0,0,1,0,0,0,0,0
10/1/1998,GTM,258,Guatemala,1998,0,1,0,0,0,0,0,0,0,0,1,0,0,0,0,0
1/1/1999,GTM,258,Guatemala,1999,0,1,0,0,0,0,0,0,0,0,1,0,0,0,0,0
4/1/1999,GTM,258,Guatemala,1999,0,1,0,0,0,0,0,0,0,0,1,0,0,0,0,0
7/1/1999,GTM,258,Guatemala,1999,0,1,0,0,0,0,0,0,0,0,1,0,0,0,0,0
10/1/1999,GTM,258,Guatemala,1999,0,1,0,0,0,0,0,0,0,0,1,0,0,0,0,0
1/1/2000,GTM,258,Guatemala,2000,0,1,0,0,0,0,0,0,0,0,1,0,0,0,0,0
4/1/2000,GTM,258,Guatemala,2000,0,1,0,0,0,0,0,0,0,0,1,0,0,0,0,0
7/1/2000,GTM,258,Guatemala,2000,0,1,0,0,0,0,0,0,0,0,1,0,0,0,0,0
10/1/2000,GTM,258,Guatemala,2000,0,1,0,0,0,0,0,0,0,0,1,0,0,0,0,0
1/1/2001,GTM,258,Guatemala,2001,0,1,0,0,0,0,0,0,0,0,1,0,0,0,0,0
4/1/2001,GTM,258,Guatemala,2001,0,1,0,0,0,0,0,0,0,0,1,0,0,0,0,0
7/1/2001,GTM,258,Guatemala,2001,0,1,0,0,0,0,0,0,0,0,1,0,0,0,0,0
10/1/2001,GTM,258,Guatemala,2001,0,1,0,0,0,0,0,0,0,0,1,0,0,0,0,0
1/1/2002,GTM,258,Guatemala,2002,0,1,0,0,0,0,0,0,0,0,1,0,0,0,0,0
4/1/2002,GTM,258,Guatemala,2002,0,1,0,0,0,0,0,0,0,0,1,0,0,0,0,0
7/1/2002,GTM,258,Guatemala,2002,0,1,0,0,0,0,0,0,0,0,1,0,0,0,0,0
10/1/2002,GTM,258,Guatemala,2002,0,1,0,0,0,0,0,0,0,0,1,0,0,0,0,0
1/1/2003,GTM,258,Guatemala,2003,0,1,0,0,0,0,0,0,0,0,1,0,0,0,0,0
4/1/2003,GTM,258,Guatemala,2003,0,1,0,0,0,0,0,0,0,0,1,0,0,0,0,0
7/1/2003,GTM,258,Guatemala,2003,0,1,0,0,0,0,0,0,0,0,1,0,0,0,0,0
10/1/2003,GTM,258,Guatemala,2003,0,1,0,0,0,0,0,0,0,0,1,0,0,0,0,0
1/1/2004,GTM,258,Guatemala,2004,0,1,0,0,0,0,0,0,0,0,1,0,0,0,0,0
4/1/2004,GTM,258,Guatemala,2004,0,1,0,0,0,0,0,0,0,0,1,0,0,0,0,0
7/1/2004,GTM,258,Guatemala,2004,0,1,0,0,0,0,0,0,0,0,1,0,0,0,0,0
10/1/2004,GTM,258,Guatemala,2004,0,1,0,0,0,0,0,0,0,0,1,0,0,0,0,0
1/1/2005,GTM,258,Guatemala,2005,0,1,0,0,0,0,0,0,0,0,1,0,0,0,0,0
4/1/2005,GTM,258,Guatemala,2005,0,1,0,0,0,0,0,0,0,0,1,0,0,0,0,0
7/1/2005,GTM,258,Guatemala,2005,0,1,0,0,0,0,0,0,0,0,1,0,0,0,0,0
10/1/2005,GTM,258,Guatemala,2005,0,1,0,0,0,0,0,0,0,0,1,0,0,0,0,0
1/1/2006,GTM,258,Guatemala,2006,0,1,0,0,0,0,0,0,0,0,1,0,0,0,0,0
4/1/2006,GTM,258,Guatemala,2006,0,1,0,0,0,0,0,0,0,0,1,0,0,0,0,0
7/1/2006,GTM,258,Guatemala,2006,0,1,0,0,0,0,0,0,0,0,1,0,0,0,0,0
10/1/2006,GTM,258,Guatemala,2006,0,1,0,0,0,0,0,0,0,0,1,0,0,0,0,0
1/1/2007,GTM,258,Guatemala,2007,0,1,0,0,0,0,0,0,0,0,1,0,0,0,0,0
4/1/2007,GTM,258,Guatemala,2007,0,1,0,0,0,0,0,0,0,0,1,0,0,0,0,0
7/1/2007,GTM,258,Guatemala,2007,0,1,0,0,0,0,0,0,0,0,1,0,0,0,0,0
10/1/2007,GTM,258,Guatemala,2007,0,1,0,0,0,0,0,0,0,0,1,0,0,0,0,0
1/1/2008,GTM,258,Guatemala,2008,0,1,0,0,0,0,0,0,0,0,1,0,0,0,0,0
4/1/2008,GTM,258,Guatemala,2008,0,1,0,0,0,0,0,0,0,0,1,0,0,0,0,0
7/1/2008,GTM,258,Guatemala,2008,0,1,0,0,0,0,0,0,0,0,1,0,0,0,0,0
10/1/2008,GTM,258,Guatemala,2008,0,1,0,0,0,0,0,0,0,0,1,0,0,0,0,0
1/1/2009,GTM,258,Guatemala,2009,0,1,0,0,0,0,0,0,0,0,1,0,0,0,0,0
4/1/2009,GTM,258,Guatemala,2009,0,1,0,0,0,0,0,0,0,0,1,0,0,0,0,0
7/1/2009,GTM,258,Guatemala,2009,0,1,0,0,0,0,0,0,0,0,1,0,0,0,0,0
10/1/2009,GTM,258,Guatemala,2009,0,1,0,0,0,0,0,0,0,0,1,0,0,0,0,0
1/1/2010,GTM,258,Guatemala,2010,0,1,0,0,0,0,0,0,0,0,1,0,0,0,0,0
4/1/2010,GTM,258,Guatemala,2010,0,1,0,0,0,0,0,0,0,0,1,0,0,0,0,0
7/1/2010,GTM,258,Guatemala,2010,0,1,0,0,0,0,0,0,0,0,1,0,0,0,0,0
10/1/2010,GTM,258,Guatemala,2010,0,1,0,0,0,0,0,0,0,0,1,0,0,0,0,0
1/1/2011,GTM,258,Guatemala,2011,0,1,0,0,0,0,0,0,0,0,1,0,0,0,0,0
4/1/2011,GTM,258,Guatemala,2011,0,1,0,0,0,0,0,0,0,0,1,0,0,0,0,0
7/1/2011,GTM,258,Guatemala,2011,0,1,0,0,0,0,0,0,0,0,1,0,0,0,0,0
10/1/2011,GTM,258,Guatemala,2011,0,1,0,0,0,0,0,0,0,0,1,0,0,0,0,0
1/1/2012,GTM,258,Guatemala,2012,0,1,0,0,0,0,0,0,0,0,1,0,0,0,0,0
4/1/2012,GTM,258,Guatemala,2012,0,1,0,0,0,0,0,0,0,0,1,0,0,0,0,0
7/1/2012,GTM,258,Guatemala,2012,0,1,0,0,0,0,0,0,0,0,1,0,0,0,0,0
10/1/2012,GTM,258,Guatemala,2012,0,1,0,0,0,0,0,0,0,0,1,0,0,0,0,0
1/1/2013,GTM,258,Guatemala,2013,0,1,0,0,0,0,0,0,0,0,1,0,0,0,0,0
4/1/2013,GTM,258,Guatemala,2013,0,1,0,0,0,0,0,0,0,0,1,0,0,0,0,0
7/1/2013,GTM,258,Guatemala,2013,0,1,0,0,0,0,0,0,0,0,1,0,0,0,0,0
10/1/2013,GTM,258,Guatemala,2013,0,1,0,0,0,0,0,0,0,0,1,0,0,0,0,0
1/1/2014,GTM,258,Guatemala,2014,0,1,0,0,0,0,0,0,0,0,1,0,0,0,0,0
4/1/2014,GTM,258,Guatemala,2014,0,1,0,0,0,0,0,0,0,0,1,0,0,0,0,0
7/1/2014,GTM,258,Guatemala,2014,0,1,0,0,0,0,0,0,0,0,1,0,0,0,0,0
10/1/2014,GTM,258,Guatemala,2014,0,1,0,0,0,0,0,0,0,0,1,0,0,0,0,0
1/1/2015,GTM,258,Guatemala,2015,0,1,0,0,0,0,0,0,0,0,1,0,0,0,0,0
4/1/2015,GTM,258,Guatemala,2015,0,1,0,0,0,0,0,0,0,0,1,0,0,0,0,0
7/1/2015,GTM,258,Guatemala,2015,0,1,0,0,0,0,0,0,0,0,1,0,0,0,0,0
10/1/2015,GTM,258,Guatemala,2015,0,1,0,0,0,0,0,0,0,0,1,0,0,0,0,0
1/1/2016,GTM,258,Guatemala,2016,0,1,0,0,0,0,0,0,0,0,1,0,0,0,0,0
4/1/2016,GTM,258,Guatemala,2016,0,1,0,0,0,0,0,0,0,0,1,0,0,0,0,0
7/1/2016,GTM,258,Guatemala,2016,0,1,0,0,0,0,0,0,0,0,1,0,0,0,0,0
10/1/2016,GTM,258,Guatemala,2016,0,1,0,0,0,0,0,0,0,0,1,0,0,0,0,0
1/1/2017,GTM,258,Guatemala,2017,0,1,0,0,0,0,0,0,0,0,1,0,0,0,0,0
4/1/2017,GTM,258,Guatemala,2017,0,1,0,0,0,0,0,0,0,0,1,0,0,0,0,0
7/1/2017,GTM,258,Guatemala,2017,0,1,0,0,0,0,0,0,0,0,1,0,0,0,0,0
10/1/2017,GTM,258,Guatemala,2017,0,1,0,0,0,0,0,0,0,0,1,0,0,0,0,0
1/1/2018,GTM,258,Guatemala,2018,0,1,0,0,0,0,0,0,0,0,1,0,0,0,0,0
4/1/2018,GTM,258,Guatemala,2018,0,1,0,0,0,0,0,0,0,0,1,0,0,0,0,0
7/1/2018,GTM,258,Guatemala,2018,0,1,0,0,0,0,0,0,0,0,1,0,0,0,0,0
10/1/2018,GTM,258,Guatemala,2018,0,1,0,0,0,0,0,0,0,0,1,0,0,0,0,0
1/1/2019,GTM,258,Guatemala,2019,0,1,0,0,0,0,0,0,0,0,1,0,0,0,0,0
4/1/2019,GTM,258,Guatemala,2019,0,1,0,0,0,0,0,0,0,0,1,0,0,0,0,0
7/1/2019,GTM,258,Guatemala,2019,0,1,0,0,0,0,0,0,0,0,1,0,0,0,0,0
10/1/2019,GTM,258,Guatemala,2019,0,1,0,0,0,0,0,0,0,0,1,0,0,0,0,0
1/1/2020,GTM,258,Guatemala,2020,0,1,0,0,0,0,0,0,0,0,1,0,0,0,0,0
1/1/1979,MEX,273,Mexico,1979,0,1,1,0,0,0,0,0,0,0,1,0,1,0,0,0
4/1/1979,MEX,273,Mexico,1979,0,1,1,0,0,0,0,0,0,0,1,0,1,0,0,0
7/1/1979,MEX,273,Mexico,1979,0,1,1,0,0,0,0,0,0,0,1,0,1,0,0,0
10/1/1979,MEX,273,Mexico,1979,0,1,1,0,0,0,0,0,0,0,1,0,1,0,0,0
1/1/1980,MEX,273,Mexico,1980,0,1,1,0,0,0,0,0,0,0,1,0,1,0,0,0
4/1/1980,MEX,273,Mexico,1980,0,1,1,0,0,0,0,0,0,0,1,0,1,0,0,0
7/1/1980,MEX,273,Mexico,1980,0,1,1,0,0,0,0,0,0,0,1,0,1,0,0,0
10/1/1980,MEX,273,Mexico,1980,0,1,1,0,0,0,0,0,0,0,1,0,1,0,0,0
1/1/1981,MEX,273,Mexico,1981,0,1,1,0,0,0,0,0,0,0,1,0,1,0,0,0
4/1/1981,MEX,273,Mexico,1981,0,1,1,0,0,0,0,0,0,0,1,0,1,0,0,0
7/1/1981,MEX,273,Mexico,1981,0,1,1,0,0,0,0,0,0,0,1,0,1,0,0,0
10/1/1981,MEX,273,Mexico,1981,0,1,1,0,0,0,0,0,0,0,1,0,1,0,0,0
1/1/1982,MEX,273,Mexico,1982,0,1,1,0,0,0,0,0,0,0,1,0,1,0,0,0
4/1/1982,MEX,273,Mexico,1982,0,1,1,0,0,0,0,0,0,0,1,0,1,0,0,0
7/1/1982,MEX,273,Mexico,1982,0,1,1,0,0,0,0,0,0,0,1,0,1,0,0,0
10/1/1982,MEX,273,Mexico,1982,0,1,1,0,0,0,0,0,0,0,1,0,1,0,0,0
1/1/1983,MEX,273,Mexico,1983,0,1,1,0,0,0,0,0,0,0,1,0,1,0,0,0
4/1/1983,MEX,273,Mexico,1983,0,1,1,0,0,0,0,0,0,0,1,0,1,0,0,0
7/1/1983,MEX,273,Mexico,1983,0,1,1,0,0,0,0,0,0,0,1,0,1,0,0,0
10/1/1983,MEX,273,Mexico,1983,0,1,1,0,0,0,0,0,0,0,1,0,1,0,0,0
1/1/1984,MEX,273,Mexico,1984,0,1,1,0,0,0,0,0,0,0,1,0,1,0,0,0
4/1/1984,MEX,273,Mexico,1984,0,1,1,0,0,0,0,0,0,0,1,0,1,0,0,0
7/1/1984,MEX,273,Mexico,1984,0,1,1,0,0,0,0,0,0,0,1,0,1,0,0,0
10/1/1984,MEX,273,Mexico,1984,0,1,1,0,0,0,0,0,0,0,1,0,1,0,0,0
1/1/1985,MEX,273,Mexico,1985,0,1,1,0,0,0,0,0,0,0,1,0,1,0,0,0
4/1/1985,MEX,273,Mexico,1985,0,1,1,0,0,0,0,0,0,0,1,0,1,0,0,0
7/1/1985,MEX,273,Mexico,1985,0,1,1,0,0,0,0,0,0,0,1,0,1,0,0,0
10/1/1985,MEX,273,Mexico,1985,0,1,1,0,0,0,0,0,0,0,1,0,1,0,0,0
1/1/1986,MEX,273,Mexico,1986,0,1,1,0,0,0,0,0,0,0,1,0,1,0,0,0
4/1/1986,MEX,273,Mexico,1986,0,1,1,0,0,0,0,0,0,0,1,0,1,0,0,0
7/1/1986,MEX,273,Mexico,1986,0,1,1,0,0,0,0,0,0,0,1,0,1,0,0,0
10/1/1986,MEX,273,Mexico,1986,0,1,1,0,0,0,0,0,0,0,1,0,1,0,0,0
1/1/1987,MEX,273,Mexico,1987,0,1,1,0,0,0,0,0,0,0,1,0,1,0,0,0
4/1/1987,MEX,273,Mexico,1987,0,1,1,0,0,0,0,0,0,0,1,0,1,0,0,0
7/1/1987,MEX,273,Mexico,1987,0,1,1,0,0,0,0,0,0,0,1,0,1,0,0,0
10/1/1987,MEX,273,Mexico,1987,0,1,1,0,0,0,0,0,0,0,1,0,1,0,0,0
1/1/1988,MEX,273,Mexico,1988,0,1,1,0,0,0,0,0,0,0,1,0,1,0,0,0
4/1/1988,MEX,273,Mexico,1988,0,1,1,0,0,0,0,0,0,0,1,0,1,0,0,0
7/1/1988,MEX,273,Mexico,1988,0,1,1,0,0,0,0,0,0,0,1,0,1,0,0,0
10/1/1988,MEX,273,Mexico,1988,0,1,1,0,0,0,0,0,0,0,1,0,1,0,0,0
1/1/1989,MEX,273,Mexico,1989,0,1,1,0,0,0,0,0,0,0,1,0,1,0,0,0
4/1/1989,MEX,273,Mexico,1989,0,1,1,0,0,0,0,0,0,0,1,0,1,0,0,0
7/1/1989,MEX,273,Mexico,1989,0,1,1,0,0,0,0,0,0,0,1,0,1,0,0,0
10/1/1989,MEX,273,Mexico,1989,0,1,1,0,0,0,0,0,0,0,1,0,1,0,0,0
1/1/1990,MEX,273,Mexico,1990,0,1,1,0,0,0,0,0,0,0,1,0,1,0,0,0
4/1/1990,MEX,273,Mexico,1990,0,1,1,0,0,0,0,0,0,0,1,0,1,0,0,0
7/1/1990,MEX,273,Mexico,1990,0,1,1,0,0,0,0,0,0,0,1,0,1,0,0,0
10/1/1990,MEX,273,Mexico,1990,0,1,1,0,0,0,0,0,0,0,1,0,1,0,0,0
1/1/1991,MEX,273,Mexico,1991,0,1,1,0,0,0,0,0,0,0,1,0,1,0,0,0
4/1/1991,MEX,273,Mexico,1991,0,1,1,0,0,0,0,0,0,0,1,0,1,0,0,0
7/1/1991,MEX,273,Mexico,1991,0,1,1,0,0,0,0,0,0,0,1,0,1,0,0,0
10/1/1991,MEX,273,Mexico,1991,0,1,1,0,0,0,0,0,0,0,1,0,1,0,0,0
1/1/1992,MEX,273,Mexico,1992,0,1,1,0,0,0,0,0,0,0,1,0,1,0,0,0
4/1/1992,MEX,273,Mexico,1992,0,1,1,0,0,0,0,0,0,0,1,0,1,0,0,0
7/1/1992,MEX,273,Mexico,1992,0,1,1,0,0,0,0,0,0,0,1,0,1,0,0,0
10/1/1992,MEX,273,Mexico,1992,0,1,1,0,0,0,0,0,0,0,1,0,1,0,0,0
1/1/1993,MEX,273,Mexico,1993,0,1,1,0,0,0,0,0,0,0,1,0,1,0,0,0
4/1/1993,MEX,273,Mexico,1993,0,1,1,0,0,0,0,0,0,0,1,0,1,0,0,0
7/1/1993,MEX,273,Mexico,1993,0,1,1,0,0,0,0,0,0,0,1,0,1,0,0,0
10/1/1993,MEX,273,Mexico,1993,0,1,1,0,0,0,0,0,0,0,1,0,1,0,0,0
1/1/1994,MEX,273,Mexico,1994,0,1,1,0,0,0,0,0,0,0,1,0,1,0,0,0
4/1/1994,MEX,273,Mexico,1994,0,1,1,0,0,0,0,0,0,0,1,0,1,0,0,0
7/1/1994,MEX,273,Mexico,1994,0,1,1,0,0,0,0,0,0,0,1,0,1,0,0,0
10/1/1994,MEX,273,Mexico,1994,0,1,1,0,0,0,0,0,0,0,1,0,1,0,0,0
1/1/1995,MEX,273,Mexico,1995,0,1,1,0,0,0,0,0,0,0,1,0,1,0,0,0
4/1/1995,MEX,273,Mexico,1995,0,1,1,0,0,0,0,0,0,0,1,0,1,0,0,0
7/1/1995,MEX,273,Mexico,1995,0,1,1,0,0,0,0,0,0,0,1,0,1,0,0,0
10/1/1995,MEX,273,Mexico,1995,0,1,1,0,0,0,0,0,0,0,1,0,1,0,0,0
1/1/1996,MEX,273,Mexico,1996,0,1,1,0,0,0,0,0,0,0,1,0,1,0,0,0
4/1/1996,MEX,273,Mexico,1996,0,1,1,0,0,0,0,0,0,0,1,0,1,0,0,0
7/1/1996,MEX,273,Mexico,1996,0,1,1,0,0,0,0,0,0,0,1,0,1,0,0,0
10/1/1996,MEX,273,Mexico,1996,0,1,1,0,0,0,0,0,0,0,1,0,1,0,0,0
1/1/1997,MEX,273,Mexico,1997,0,1,1,0,0,0,0,0,0,0,1,0,1,0,0,0
4/1/1997,MEX,273,Mexico,1997,0,1,1,0,0,0,0,0,0,0,1,0,1,0,0,0
7/1/1997,MEX,273,Mexico,1997,0,1,1,0,0,0,0,0,0,0,1,0,1,0,0,0
10/1/1997,MEX,273,Mexico,1997,0,1,1,0,0,0,0,0,0,0,1,0,1,0,0,0
1/1/1998,MEX,273,Mexico,1998,0,1,1,0,0,0,0,0,0,0,1,0,1,0,0,0
4/1/1998,MEX,273,Mexico,1998,0,1,1,0,0,0,0,0,0,0,1,0,1,0,0,0
7/1/1998,MEX,273,Mexico,1998,0,1,1,0,0,0,0,0,0,0,1,0,1,0,0,0
10/1/1998,MEX,273,Mexico,1998,0,1,1,0,0,0,0,0,0,0,1,0,1,0,0,0
1/1/1999,MEX,273,Mexico,1999,0,1,1,0,0,0,0,0,0,0,1,0,1,0,0,0
4/1/1999,MEX,273,Mexico,1999,0,1,1,0,0,0,0,0,0,0,1,0,1,0,0,0
7/1/1999,MEX,273,Mexico,1999,0,1,1,0,0,0,0,0,0,0,1,0,1,0,0,0
10/1/1999,MEX,273,Mexico,1999,0,1,1,0,0,0,0,0,0,0,1,0,1,0,0,0
1/1/2000,MEX,273,Mexico,2000,0,1,1,0,0,0,0,0,0,0,1,0,1,0,0,0
4/1/2000,MEX,273,Mexico,2000,0,1,1,0,0,0,0,0,0,0,1,0,1,0,0,0
7/1/2000,MEX,273,Mexico,2000,0,1,1,0,0,0,0,0,0,0,1,0,1,0,0,0
10/1/2000,MEX,273,Mexico,2000,0,1,1,0,0,0,0,0,0,0,1,0,1,0,0,0
1/1/2001,MEX,273,Mexico,2001,0,1,1,0,0,0,0,0,0,0,1,0,1,0,0,0
4/1/2001,MEX,273,Mexico,2001,0,1,1,0,0,0,0,0,0,0,1,0,1,0,0,0
7/1/2001,MEX,273,Mexico,2001,0,1,1,0,0,0,0,0,0,0,1,0,1,0,0,0
10/1/2001,MEX,273,Mexico,2001,0,1,1,0,0,0,0,0,0,0,1,0,1,0,0,0
1/1/2002,MEX,273,Mexico,2002,0,1,1,0,0,0,0,0,0,0,1,0,1,0,0,0
4/1/2002,MEX,273,Mexico,2002,0,1,1,0,0,0,0,0,0,0,1,0,1,0,0,0
7/1/2002,MEX,273,Mexico,2002,0,1,1,0,0,0,0,0,0,0,1,0,1,0,0,0
10/1/2002,MEX,273,Mexico,2002,0,1,1,0,0,0,0,0,0,0,1,0,1,0,0,0
1/1/2003,MEX,273,Mexico,2003,0,1,1,0,0,0,0,0,0,0,1,0,1,0,0,0
4/1/2003,MEX,273,Mexico,2003,0,1,1,0,0,0,0,0,0,0,1,0,1,0,0,0
7/1/2003,MEX,273,Mexico,2003,0,1,1,0,0,0,0,0,0,0,1,0,1,0,0,0
10/1/2003,MEX,273,Mexico,2003,0,1,1,0,0,0,0,0,0,0,1,0,1,0,0,0
1/1/2004,MEX,273,Mexico,2004,0,1,1,0,0,0,0,0,0,0,1,0,1,0,0,0
4/1/2004,MEX,273,Mexico,2004,0,1,1,0,0,0,0,0,0,0,1,0,1,0,0,0
7/1/2004,MEX,273,Mexico,2004,0,1,1,0,0,0,0,0,0,0,1,0,1,0,0,0
10/1/2004,MEX,273,Mexico,2004,0,1,1,0,0,0,0,0,0,0,1,0,1,0,0,0
1/1/2005,MEX,273,Mexico,2005,0,1,1,0,0,0,0,0,0,0,1,0,1,0,0,0
4/1/2005,MEX,273,Mexico,2005,0,1,1,0,0,0,0,0,0,0,1,0,1,0,0,0
7/1/2005,MEX,273,Mexico,2005,0,1,1,0,0,0,0,0,0,0,1,0,1,0,0,0
10/1/2005,MEX,273,Mexico,2005,0,1,1,0,0,0,0,0,0,0,1,0,1,0,0,0
1/1/2006,MEX,273,Mexico,2006,0,1,1,0,0,0,0,0,0,0,1,0,1,0,0,0
4/1/2006,MEX,273,Mexico,2006,0,1,1,0,0,0,0,0,0,0,1,0,1,0,0,0
7/1/2006,MEX,273,Mexico,2006,0,1,1,0,0,0,0,0,0,0,1,0,1,0,0,0
10/1/2006,MEX,273,Mexico,2006,0,1,1,0,0,0,0,0,0,0,1,0,1,0,0,0
1/1/2007,MEX,273,Mexico,2007,0,1,1,0,0,0,0,0,0,0,1,0,1,0,0,0
4/1/2007,MEX,273,Mexico,2007,0,1,1,0,0,0,0,0,0,0,1,0,1,0,0,0
7/1/2007,MEX,273,Mexico,2007,0,1,1,0,0,0,0,0,0,0,1,0,1,0,0,0
10/1/2007,MEX,273,Mexico,2007,0,1,1,0,0,0,0,0,0,0,1,0,1,0,0,0
1/1/2008,MEX,273,Mexico,2008,0,1,1,0,0,0,0,0,0,0,1,0,1,0,0,0
4/1/2008,MEX,273,Mexico,2008,0,1,1,0,0,0,0,0,0,0,1,0,1,0,0,0
7/1/2008,MEX,273,Mexico,2008,0,1,1,0,0,0,0,0,0,0,1,0,1,0,0,0
10/1/2008,MEX,273,Mexico,2008,0,1,1,0,0,0,0,0,0,0,1,0,1,0,0,0
1/1/2009,MEX,273,Mexico,2009,0,1,1,0,0,0,0,0,0,0,1,0,1,0,0,0
4/1/2009,MEX,273,Mexico,2009,0,1,1,0,0,0,0,0,0,0,1,0,1,0,0,0
7/1/2009,MEX,273,Mexico,2009,0,1,1,0,0,0,0,0,0,0,1,0,1,0,0,0
10/1/2009,MEX,273,Mexico,2009,0,1,1,0,0,0,0,0,0,0,1,0,1,0,0,0
1/1/2010,MEX,273,Mexico,2010,0,1,1,0,0,0,0,0,0,0,1,0,1,0,0,0
4/1/2010,MEX,273,Mexico,2010,0,1,1,0,0,0,0,0,0,0,1,0,1,0,0,0
7/1/2010,MEX,273,Mexico,2010,0,1,1,0,0,0,0,0,0,0,1,0,1,0,0,0
10/1/2010,MEX,273,Mexico,2010,0,1,1,0,0,0,0,0,0,0,1,0,1,0,0,0
1/1/2011,MEX,273,Mexico,2011,0,1,1,0,0,0,0,0,0,0,1,0,1,0,0,0
4/1/2011,MEX,273,Mexico,2011,0,1,1,0,0,0,0,0,0,0,1,0,1,0,0,0
7/1/2011,MEX,273,Mexico,2011,0,1,1,0,0,0,0,0,0,0,1,0,1,0,0,0
10/1/2011,MEX,273,Mexico,2011,0,1,1,0,0,0,0,0,0,0,1,0,1,0,0,0
1/1/2012,MEX,273,Mexico,2012,0,1,1,0,0,0,0,0,0,0,1,0,1,0,0,0
4/1/2012,MEX,273,Mexico,2012,0,1,1,0,0,0,0,0,0,0,1,0,1,0,0,0
7/1/2012,MEX,273,Mexico,2012,0,1,1,0,0,0,0,0,0,0,1,0,1,0,0,0
10/1/2012,MEX,273,Mexico,2012,0,1,1,0,0,0,0,0,0,0,1,0,1,0,0,0
1/1/2013,MEX,273,Mexico,2013,0,1,1,0,0,0,0,0,0,0,1,0,1,0,0,0
4/1/2013,MEX,273,Mexico,2013,0,1,1,0,0,0,0,0,0,0,1,0,1,0,0,0
7/1/2013,MEX,273,Mexico,2013,0,1,1,0,0,0,0,0,0,0,1,0,1,0,0,0
10/1/2013,MEX,273,Mexico,2013,0,1,1,0,0,0,0,0,0,0,1,0,1,0,0,0
1/1/2014,MEX,273,Mexico,2014,0,1,1,0,0,0,0,0,0,0,1,0,1,0,0,0
4/1/2014,MEX,273,Mexico,2014,0,1,1,0,0,0,0,0,0,0,1,0,1,0,0,0
7/1/2014,MEX,273,Mexico,2014,0,1,1,0,0,0,0,0,0,0,1,0,1,0,0,0
10/1/2014,MEX,273,Mexico,2014,0,1,1,0,0,0,0,0,0,0,1,0,1,0,0,0
1/1/2015,MEX,273,Mexico,2015,0,1,1,0,0,0,0,0,0,0,1,0,1,0,0,0
4/1/2015,MEX,273,Mexico,2015,0,1,1,0,0,0,0,0,0,0,1,0,1,0,0,0
7/1/2015,MEX,273,Mexico,2015,0,1,1,0,0,0,0,0,0,0,1,0,1,0,0,0
10/1/2015,MEX,273,Mexico,2015,0,1,1,0,0,0,0,0,0,0,1,0,1,0,0,0
1/1/2016,MEX,273,Mexico,2016,0,1,1,0,0,0,0,0,0,0,1,0,1,0,0,0
4/1/2016,MEX,273,Mexico,2016,0,1,1,0,0,0,0,0,0,0,1,0,1,0,0,0
7/1/2016,MEX,273,Mexico,2016,0,1,1,0,0,0,0,0,0,0,1,0,1,0,0,0
10/1/2016,MEX,273,Mexico,2016,0,1,1,0,0,0,0,0,0,0,1,0,1,0,0,0
1/1/2017,MEX,273,Mexico,2017,0,1,1,0,0,0,0,0,0,0,1,0,1,0,0,0
4/1/2017,MEX,273,Mexico,2017,0,1,1,0,0,0,0,0,0,0,1,0,1,0,0,0
7/1/2017,MEX,273,Mexico,2017,0,1,1,0,0,0,0,0,0,0,1,0,1,0,0,0
10/1/2017,MEX,273,Mexico,2017,0,1,1,0,0,0,0,0,0,0,1,0,1,0,0,0
1/1/2018,MEX,273,Mexico,2018,0,1,1,0,0,0,0,0,0,0,1,0,1,0,0,0
4/1/2018,MEX,273,Mexico,2018,0,1,1,0,0,0,0,0,0,0,1,0,1,0,0,0
7/1/2018,MEX,273,Mexico,2018,0,1,1,0,0,0,0,0,0,0,1,0,1,0,0,0
10/1/2018,MEX,273,Mexico,2018,0,1,1,0,0,0,0,0,0,0,1,0,1,0,0,0
1/1/2019,MEX,273,Mexico,2019,0,1,1,0,0,0,0,0,0,0,1,0,1,0,0,0
4/1/2019,MEX,273,Mexico,2019,0,1,1,0,0,0,0,0,0,0,1,0,1,0,0,0
7/1/2019,MEX,273,Mexico,2019,0,1,1,0,0,0,0,0,0,0,1,0,1,0,0,0
10/1/2019,MEX,273,Mexico,2019,0,1,1,0,0,0,0,0,0,0,1,0,1,0,0,0
1/1/2020,MEX,273,Mexico,2020,0,1,1,0,0,0,0,0,0,0,1,0,1,0,0,0
4/1/2020,MEX,273,Mexico,2020,0,1,1,0,0,0,0,0,0,0,1,0,1,0,0,0
7/1/2020,MEX,273,Mexico,2020,0,1,1,0,0,0,0,0,0,0,1,0,1,0,0,0
10/1/2020,MEX,273,Mexico,2020,0,1,1,0,0,0,0,0,0,0,1,0,1,0,0,0
1/1/2021,MEX,273,Mexico,2021,0,1,1,0,0,0,0,0,0,0,1,0,1,0,0,0
4/1/2021,MEX,273,Mexico,2021,0,1,1,0,0,0,0,0,0,0,1,0,1,0,0,0
7/1/2021,MEX,273,Mexico,2021,0,1,1,0,0,0,0,0,0,0,1,0,1,0,0,0
10/1/2021,MEX,273,Mexico,2021,0,1,1,0,0,0,0,0,0,0,1,0,1,0,0,0
1/1/2022,MEX,273,Mexico,2022,0,1,1,0,0,0,0,0,0,0,1,0,1,0,0,0
4/1/2022,MEX,273,Mexico,2022,0,1,1,0,0,0,0,0,0,0,1,0,1,0,0,0
7/1/2022,MEX,273,Mexico,2022,0,1,1,0,0,0,0,0,0,0,1,0,1,0,0,0
10/1/2022,MEX,273,Mexico,2022,0,1,1,0,0,0,0,0,0,0,1,0,1,0,0,0
1/1/2023,MEX,273,Mexico,2023,0,1,1,0,0,0,0,0,0,0,1,0,1,0,0,0
4/1/2023,MEX,273,Mexico,2023,0,1,1,0,0,0,0,0,0,0,1,0,1,0,0,0
7/1/2023,MEX,273,Mexico,2023,0,1,1,0,0,0,0,0,0,0,1,0,1,0,0,0
10/1/2023,MEX,273,Mexico,2023,0,1,1,0,0,0,0,0,0,0,1,0,1,0,0,0
1/1/2024,MEX,273,Mexico,2024,0,1,1,0,0,0,0,0,0,0,1,0,1,0,0,0
4/1/2024,MEX,273,Mexico,2024,0,1,1,0,0,0,0,0,0,0,1,0,1,0,0,0
7/1/2024,MEX,273,Mexico,2024,0,1,1,0,0,0,0,0,0,0,1,0,1,0,0,0
10/1/2024,MEX,273,Mexico,2024,0,1,1,0,0,0,0,0,0,0,1,0,1,0,0,0
1/1/2000,PRY,288,Paraguay,2000,0,1,0,0,0,0,0,0,0,0,1,0,0,0,0,0
4/1/2000,PRY,288,Paraguay,2000,0,1,0,0,0,0,0,0,0,0,1,0,0,0,0,0
7/1/2000,PRY,288,Paraguay,2000,0,1,0,0,0,0,0,0,0,0,1,0,0,0,0,0
10/1/2000,PRY,288,Paraguay,2000,0,1,0,0,0,0,0,0,0,0,1,0,0,0,0,0
1/1/2001,PRY,288,Paraguay,2001,0,1,0,0,0,0,0,0,0,0,1,0,0,0,0,0
4/1/2001,PRY,288,Paraguay,2001,0,1,0,0,0,0,0,0,0,0,1,0,0,0,0,0
7/1/2001,PRY,288,Paraguay,2001,0,1,0,0,0,0,0,0,0,0,1,0,0,0,0,0
10/1/2001,PRY,288,Paraguay,2001,0,1,0,0,0,0,0,0,0,0,1,0,0,0,0,0
1/1/2002,PRY,288,Paraguay,2002,0,1,0,0,0,0,0,0,0,0,1,0,0,0,0,0
4/1/2002,PRY,288,Paraguay,2002,0,1,0,0,0,0,0,0,0,0,1,0,0,0,0,0
7/1/2002,PRY,288,Paraguay,2002,0,1,0,0,0,0,0,0,0,0,1,0,0,0,0,0
10/1/2002,PRY,288,Paraguay,2002,0,1,0,0,0,0,0,0,0,0,1,0,0,0,0,0
1/1/2003,PRY,288,Paraguay,2003,0,1,0,0,0,0,0,0,0,0,1,0,0,0,0,0
4/1/2003,PRY,288,Paraguay,2003,0,1,0,0,0,0,0,0,0,0,1,0,0,0,0,0
7/1/2003,PRY,288,Paraguay,2003,0,1,0,0,0,0,0,0,0,0,1,0,0,0,0,0
10/1/2003,PRY,288,Paraguay,2003,0,1,0,0,0,0,0,0,0,0,1,0,0,0,0,0
1/1/2004,PRY,288,Paraguay,2004,0,1,0,0,0,0,0,0,0,0,1,0,0,0,0,0
4/1/2004,PRY,288,Paraguay,2004,0,1,0,0,0,0,0,0,0,0,1,0,0,0,0,0
7/1/2004,PRY,288,Paraguay,2004,0,1,0,0,0,0,0,0,0,0,1,0,0,0,0,0
10/1/2004,PRY,288,Paraguay,2004,0,1,0,0,0,0,0,0,0,0,1,0,0,0,0,0
1/1/2005,PRY,288,Paraguay,2005,0,1,0,0,0,0,0,0,0,0,1,0,0,0,0,0
4/1/2005,PRY,288,Paraguay,2005,0,1,0,0,0,0,0,0,0,0,1,0,0,0,0,0
7/1/2005,PRY,288,Paraguay,2005,0,1,0,0,0,0,0,0,0,0,1,0,0,0,0,0
10/1/2005,PRY,288,Paraguay,2005,0,1,0,0,0,0,0,0,0,0,1,0,0,0,0,0
1/1/2006,PRY,288,Paraguay,2006,0,1,0,0,0,0,0,0,0,0,1,0,0,0,0,0
4/1/2006,PRY,288,Paraguay,2006,0,1,0,0,0,0,0,0,0,0,1,0,0,0,0,0
7/1/2006,PRY,288,Paraguay,2006,0,1,0,0,0,0,0,0,0,0,1,0,0,0,0,0
10/1/2006,PRY,288,Paraguay,2006,0,1,0,0,0,0,0,0,0,0,1,0,0,0,0,0
1/1/2007,PRY,288,Paraguay,2007,0,1,0,0,0,0,0,0,0,0,1,0,0,0,0,0
4/1/2007,PRY,288,Paraguay,2007,0,1,0,0,0,0,0,0,0,0,1,0,0,0,0,0
7/1/2007,PRY,288,Paraguay,2007,0,1,0,0,0,0,0,0,0,0,1,0,0,0,0,0
10/1/2007,PRY,288,Paraguay,2007,0,1,0,0,0,0,0,0,0,0,1,0,0,0,0,0
1/1/2008,PRY,288,Paraguay,2008,0,1,0,0,0,0,0,0,0,0,1,0,0,0,0,0
4/1/2008,PRY,288,Paraguay,2008,0,1,0,0,0,0,0,0,0,0,1,0,0,0,0,0
7/1/2008,PRY,288,Paraguay,2008,0,1,0,0,0,0,0,0,0,0,1,0,0,0,0,0
10/1/2008,PRY,288,Paraguay,2008,0,1,0,0,0,0,0,0,0,0,1,0,0,0,0,0
1/1/2009,PRY,288,Paraguay,2009,0,1,0,0,0,0,0,0,0,0,1,0,0,0,0,0
4/1/2009,PRY,288,Paraguay,2009,0,1,0,0,0,0,0,0,0,0,1,0,0,0,0,0
7/1/2009,PRY,288,Paraguay,2009,0,1,0,0,0,0,0,0,0,0,1,0,0,0,0,0
10/1/2009,PRY,288,Paraguay,2009,0,1,0,0,0,0,0,0,0,0,1,0,0,0,0,0
1/1/2010,PRY,288,Paraguay,2010,0,1,0,0,0,0,0,0,0,0,1,0,0,0,0,0
4/1/2010,PRY,288,Paraguay,2010,0,1,0,0,0,0,0,0,0,0,1,0,0,0,0,0
7/1/2010,PRY,288,Paraguay,2010,0,1,0,0,0,0,0,0,0,0,1,0,0,0,0,0
10/1/2010,PRY,288,Paraguay,2010,0,1,0,0,0,0,0,0,0,0,1,0,0,0,0,0
1/1/2011,PRY,288,Paraguay,2011,0,1,0,0,0,0,0,0,0,0,1,0,0,0,0,0
4/1/2011,PRY,288,Paraguay,2011,0,1,0,0,0,0,0,0,0,0,1,0,0,0,0,0
7/1/2011,PRY,288,Paraguay,2011,0,1,0,0,0,0,0,0,0,0,1,0,0,0,0,0
10/1/2011,PRY,288,Paraguay,2011,0,1,0,0,0,0,0,0,0,0,1,0,0,0,0,0
1/1/2012,PRY,288,Paraguay,2012,0,1,0,0,0,0,0,0,0,0,1,0,0,0,0,0
4/1/2012,PRY,288,Paraguay,2012,0,1,0,0,0,0,0,0,0,0,1,0,0,0,0,0
7/1/2012,PRY,288,Paraguay,2012,0,1,0,0,0,0,0,0,0,0,1,0,0,0,0,0
10/1/2012,PRY,288,Paraguay,2012,0,1,0,0,0,0,0,0,0,0,1,0,0,0,0,0
1/1/2013,PRY,288,Paraguay,2013,0,1,0,0,0,0,0,0,0,0,1,0,0,0,0,0
4/1/2013,PRY,288,Paraguay,2013,0,1,0,0,0,0,0,0,0,0,1,0,0,0,0,0
7/1/2013,PRY,288,Paraguay,2013,0,1,0,0,0,0,0,0,0,0,1,0,0,0,0,0
10/1/2013,PRY,288,Paraguay,2013,0,1,0,0,0,0,0,0,0,0,1,0,0,0,0,0
1/1/2014,PRY,288,Paraguay,2014,0,1,0,0,0,0,0,0,0,0,1,0,0,0,0,0
4/1/2014,PRY,288,Paraguay,2014,0,1,0,0,0,0,0,0,0,0,1,0,0,0,0,0
7/1/2014,PRY,288,Paraguay,2014,0,1,0,0,0,0,0,0,0,0,1,0,0,0,0,0
10/1/2014,PRY,288,Paraguay,2014,0,1,0,0,0,0,0,0,0,0,1,0,0,0,0,0
1/1/2015,PRY,288,Paraguay,2015,0,1,0,0,0,0,0,0,0,0,1,0,0,0,0,0
4/1/2015,PRY,288,Paraguay,2015,0,1,0,0,0,0,0,0,0,0,1,0,0,0,0,0
7/1/2015,PRY,288,Paraguay,2015,0,1,0,0,0,0,0,0,0,0,1,0,0,0,0,0
10/1/2015,PRY,288,Paraguay,2015,0,1,0,0,0,0,0,0,0,0,1,0,0,0,0,0
1/1/2016,PRY,288,Paraguay,2016,0,1,0,0,0,0,0,0,0,0,1,0,0,0,0,0
4/1/2016,PRY,288,Paraguay,2016,0,1,0,0,0,0,0,0,0,0,1,0,0,0,0,0
7/1/2016,PRY,288,Paraguay,2016,0,1,0,0,0,0,0,0,0,0,1,0,0,0,0,0
10/1/2016,PRY,288,Paraguay,2016,0,1,0,0,0,0,0,0,0,0,1,0,0,0,0,0
1/1/2017,PRY,288,Paraguay,2017,0,1,0,0,0,0,0,0,0,0,1,0,0,0,0,0
4/1/2017,PRY,288,Paraguay,2017,0,1,0,0,0,0,0,0,0,0,1,0,0,0,0,0
7/1/2017,PRY,288,Paraguay,2017,0,1,0,0,0,0,0,0,0,0,1,0,0,0,0,0
10/1/2017,PRY,288,Paraguay,2017,0,1,0,0,0,0,0,0,0,0,1,0,0,0,0,0
1/1/2018,PRY,288,Paraguay,2018,0,1,0,0,0,0,0,0,0,0,1,0,0,0,0,0
4/1/2018,PRY,288,Paraguay,2018,0,1,0,0,0,0,0,0,0,0,1,0,0,0,0,0
7/1/2018,PRY,288,Paraguay,2018,0,1,0,0,0,0,0,0,0,0,1,0,0,0,0,0
10/1/2018,PRY,288,Paraguay,2018,0,1,0,0,0,0,0,0,0,0,1,0,0,0,0,0
1/1/2019,PRY,288,Paraguay,2019,0,1,0,0,0,0,0,0,0,0,1,0,0,0,0,0
4/1/2019,PRY,288,Paraguay,2019,0,1,0,0,0,0,0,0,0,0,1,0,0,0,0,0
7/1/2019,PRY,288,Paraguay,2019,0,1,0,0,0,0,0,0,0,0,1,0,0,0,0,0
10/1/2019,PRY,288,Paraguay,2019,0,1,0,0,0,0,0,0,0,0,1,0,0,0,0,0
1/1/2020,PRY,288,Paraguay,2020,0,1,0,0,0,0,0,0,0,0,1,0,0,0,0,0
4/1/2020,PRY,288,Paraguay,2020,0,1,0,0,0,0,0,0,0,0,1,0,0,0,0,0
7/1/2020,PRY,288,Paraguay,2020,0,1,0,0,0,0,0,0,0,0,1,0,0,0,0,0
10/1/2020,PRY,288,Paraguay,2020,0,1,0,0,0,0,0,0,0,0,1,0,0,0,0,0
1/1/1979,PER,293,Peru,1979,0,1,1,0,0,0,0,0,0,0,1,0,1,0,0,0
4/1/1979,PER,293,Peru,1979,0,1,1,0,0,0,0,0,0,0,1,0,1,0,0,0
7/1/1979,PER,293,Peru,1979,0,1,1,0,0,0,0,0,0,0,1,0,1,0,0,0
10/1/1979,PER,293,Peru,1979,0,1,1,0,0,0,0,0,0,0,1,0,1,0,0,0
1/1/1980,PER,293,Peru,1980,0,1,1,0,0,0,0,0,0,0,1,0,1,0,0,0
4/1/1980,PER,293,Peru,1980,0,1,1,0,0,0,0,0,0,0,1,0,1,0,0,0
7/1/1980,PER,293,Peru,1980,0,1,1,0,0,0,0,0,0,0,1,0,1,0,0,0
10/1/1980,PER,293,Peru,1980,0,1,1,0,0,0,0,0,0,0,1,0,1,0,0,0
1/1/1981,PER,293,Peru,1981,0,1,1,0,0,0,0,0,0,0,1,0,1,0,0,0
4/1/1981,PER,293,Peru,1981,0,1,1,0,0,0,0,0,0,0,1,0,1,0,0,0
7/1/1981,PER,293,Peru,1981,0,1,1,0,0,0,0,0,0,0,1,0,1,0,0,0
10/1/1981,PER,293,Peru,1981,0,1,1,0,0,0,0,0,0,0,1,0,1,0,0,0
1/1/1982,PER,293,Peru,1982,0,1,1,0,0,0,0,0,0,0,1,0,1,0,0,0
4/1/1982,PER,293,Peru,1982,0,1,1,0,0,0,0,0,0,0,1,0,1,0,0,0
7/1/1982,PER,293,Peru,1982,0,1,1,0,0,0,0,0,0,0,1,0,1,0,0,0
10/1/1982,PER,293,Peru,1982,0,1,1,0,0,0,0,0,0,0,1,0,1,0,0,0
1/1/1983,PER,293,Peru,1983,0,1,1,0,0,0,0,0,0,0,1,0,1,0,0,0
4/1/1983,PER,293,Peru,1983,0,1,1,0,0,0,0,0,0,0,1,0,1,0,0,0
7/1/1983,PER,293,Peru,1983,0,1,1,0,0,0,0,0,0,0,1,0,1,0,0,0
10/1/1983,PER,293,Peru,1983,0,1,1,0,0,0,0,0,0,0,1,0,1,0,0,0
1/1/1984,PER,293,Peru,1984,0,1,1,0,0,0,0,0,0,0,1,0,1,0,0,0
4/1/1984,PER,293,Peru,1984,0,1,1,0,0,0,0,0,0,0,1,0,1,0,0,0
7/1/1984,PER,293,Peru,1984,0,1,1,0,0,0,0,0,0,0,1,0,1,0,0,0
10/1/1984,PER,293,Peru,1984,0,1,1,0,0,0,0,0,0,0,1,0,1,0,0,0
1/1/1985,PER,293,Peru,1985,0,1,1,0,0,0,0,0,0,0,1,0,1,0,0,0
4/1/1985,PER,293,Peru,1985,0,1,1,0,0,0,0,0,0,0,1,0,1,0,0,0
7/1/1985,PER,293,Peru,1985,0,1,1,0,0,0,0,0,0,0,1,0,1,0,0,0
10/1/1985,PER,293,Peru,1985,0,1,1,0,0,0,0,0,0,0,1,0,1,0,0,0
1/1/1986,PER,293,Peru,1986,0,1,1,0,0,0,0,0,0,0,1,0,1,0,0,0
4/1/1986,PER,293,Peru,1986,0,1,1,0,0,0,0,0,0,0,1,0,1,0,0,0
7/1/1986,PER,293,Peru,1986,0,1,1,0,0,0,0,0,0,0,1,0,1,0,0,0
10/1/1986,PER,293,Peru,1986,0,1,1,0,0,0,0,0,0,0,1,0,1,0,0,0
1/1/1987,PER,293,Peru,1987,0,1,1,0,0,0,0,0,0,0,1,0,1,0,0,0
4/1/1987,PER,293,Peru,1987,0,1,1,0,0,0,0,0,0,0,1,0,1,0,0,0
7/1/1987,PER,293,Peru,1987,0,1,1,0,0,0,0,0,0,0,1,0,1,0,0,0
10/1/1987,PER,293,Peru,1987,0,1,1,0,0,0,0,0,0,0,1,0,1,0,0,0
1/1/1988,PER,293,Peru,1988,0,1,1,0,0,0,0,0,0,0,1,0,1,0,0,0
4/1/1988,PER,293,Peru,1988,0,1,1,0,0,0,0,0,0,0,1,0,1,0,0,0
7/1/1988,PER,293,Peru,1988,0,1,1,0,0,0,0,0,0,0,1,0,1,0,0,0
10/1/1988,PER,293,Peru,1988,0,1,1,0,0,0,0,0,0,0,1,0,1,0,0,0
1/1/1989,PER,293,Peru,1989,0,1,1,0,0,0,0,0,0,0,1,0,1,0,0,0
4/1/1989,PER,293,Peru,1989,0,1,1,0,0,0,0,0,0,0,1,0,1,0,0,0
7/1/1989,PER,293,Peru,1989,0,1,1,0,0,0,0,0,0,0,1,0,1,0,0,0
10/1/1989,PER,293,Peru,1989,0,1,1,0,0,0,0,0,0,0,1,0,1,0,0,0
1/1/1990,PER,293,Peru,1990,0,1,1,0,0,0,0,0,0,0,1,0,1,0,0,0
4/1/1990,PER,293,Peru,1990,0,1,1,0,0,0,0,0,0,0,1,0,1,0,0,0
7/1/1990,PER,293,Peru,1990,0,1,1,0,0,0,0,0,0,0,1,0,1,0,0,0
10/1/1990,PER,293,Peru,1990,0,1,1,0,0,0,0,0,0,0,1,0,1,0,0,0
1/1/1991,PER,293,Peru,1991,0,1,1,0,0,0,0,0,0,0,1,0,1,0,0,0
4/1/1991,PER,293,Peru,1991,0,1,1,0,0,0,0,0,0,0,1,0,1,0,0,0
7/1/1991,PER,293,Peru,1991,0,1,1,0,0,0,0,0,0,0,1,0,1,0,0,0
10/1/1991,PER,293,Peru,1991,0,1,1,0,0,0,0,0,0,0,1,0,1,0,0,0
1/1/1992,PER,293,Peru,1992,0,1,1,0,0,0,0,0,0,0,1,0,1,0,0,0
4/1/1992,PER,293,Peru,1992,0,1,1,0,0,0,0,0,0,0,1,0,1,0,0,0
7/1/1992,PER,293,Peru,1992,0,1,1,0,0,0,0,0,0,0,1,0,1,0,0,0
10/1/1992,PER,293,Peru,1992,0,1,1,0,0,0,0,0,0,0,1,0,1,0,0,0
1/1/1993,PER,293,Peru,1993,0,1,1,0,0,0,0,0,0,0,1,0,1,0,0,0
4/1/1993,PER,293,Peru,1993,0,1,1,0,0,0,0,0,0,0,1,0,1,0,0,0
7/1/1993,PER,293,Peru,1993,0,1,1,0,0,0,0,0,0,0,1,0,1,0,0,0
10/1/1993,PER,293,Peru,1993,0,1,1,0,0,0,0,0,0,0,1,0,1,0,0,0
1/1/1994,PER,293,Peru,1994,0,1,1,0,0,0,0,0,0,0,1,0,1,0,0,0
4/1/1994,PER,293,Peru,1994,0,1,1,0,0,0,0,0,0,0,1,0,1,0,0,0
7/1/1994,PER,293,Peru,1994,0,1,1,0,0,0,0,0,0,0,1,0,1,0,0,0
10/1/1994,PER,293,Peru,1994,0,1,1,0,0,0,0,0,0,0,1,0,1,0,0,0
1/1/1995,PER,293,Peru,1995,0,1,1,0,0,0,0,0,0,0,1,0,1,0,0,0
4/1/1995,PER,293,Peru,1995,0,1,1,0,0,0,0,0,0,0,1,0,1,0,0,0
7/1/1995,PER,293,Peru,1995,0,1,1,0,0,0,0,0,0,0,1,0,1,0,0,0
10/1/1995,PER,293,Peru,1995,0,1,1,0,0,0,0,0,0,0,1,0,1,0,0,0
1/1/1996,PER,293,Peru,1996,0,1,1,0,0,0,0,0,0,0,1,0,1,0,0,0
4/1/1996,PER,293,Peru,1996,0,1,1,0,0,0,0,0,0,0,1,0,1,0,0,0
7/1/1996,PER,293,Peru,1996,0,1,1,0,0,0,0,0,0,0,1,0,1,0,0,0
10/1/1996,PER,293,Peru,1996,0,1,1,0,0,0,0,0,0,0,1,0,1,0,0,0
1/1/1997,PER,293,Peru,1997,0,1,1,0,0,0,0,0,0,0,1,0,1,0,0,0
4/1/1997,PER,293,Peru,1997,0,1,1,0,0,0,0,0,0,0,1,0,1,0,0,0
7/1/1997,PER,293,Peru,1997,0,1,1,0,0,0,0,0,0,0,1,0,1,0,0,0
10/1/1997,PER,293,Peru,1997,0,1,1,0,0,0,0,0,0,0,1,0,1,0,0,0
1/1/1998,PER,293,Peru,1998,0,1,1,0,0,0,0,0,0,0,1,0,1,0,0,0
4/1/1998,PER,293,Peru,1998,0,1,1,0,0,0,0,0,0,0,1,0,1,0,0,0
7/1/1998,PER,293,Peru,1998,0,1,1,0,0,0,0,0,0,0,1,0,1,0,0,0
10/1/1998,PER,293,Peru,1998,0,1,1,0,0,0,0,0,0,0,1,0,1,0,0,0
1/1/1999,PER,293,Peru,1999,0,1,1,0,0,0,0,0,0,0,1,0,1,0,0,0
4/1/1999,PER,293,Peru,1999,0,1,1,0,0,0,0,0,0,0,1,0,1,0,0,0
7/1/1999,PER,293,Peru,1999,0,1,1,0,0,0,0,0,0,0,1,0,1,0,0,0
10/1/1999,PER,293,Peru,1999,0,1,1,0,0,0,0,0,0,0,1,0,1,0,0,0
1/1/2000,PER,293,Peru,2000,0,1,1,0,0,0,0,0,0,0,1,0,1,0,0,0
4/1/2000,PER,293,Peru,2000,0,1,1,0,0,0,0,0,0,0,1,0,1,0,0,0
7/1/2000,PER,293,Peru,2000,0,1,1,0,0,0,0,0,0,0,1,0,1,0,0,0
10/1/2000,PER,293,Peru,2000,0,1,1,0,0,0,0,0,0,0,1,0,1,0,0,0
1/1/2001,PER,293,Peru,2001,0,1,1,0,0,0,0,0,0,0,1,0,1,0,0,0
4/1/2001,PER,293,Peru,2001,0,1,1,0,0,0,0,0,0,0,1,0,1,0,0,0
7/1/2001,PER,293,Peru,2001,0,1,1,0,0,0,0,0,0,0,1,0,1,0,0,0
10/1/2001,PER,293,Peru,2001,0,1,1,0,0,0,0,0,0,0,1,0,1,0,0,0
1/1/2002,PER,293,Peru,2002,0,1,1,0,0,0,0,0,0,0,1,0,1,0,0,0
4/1/2002,PER,293,Peru,2002,0,1,1,0,0,0,0,0,0,0,1,0,1,0,0,0
7/1/2002,PER,293,Peru,2002,0,1,1,0,0,0,0,0,0,0,1,0,1,0,0,0
10/1/2002,PER,293,Peru,2002,0,1,1,0,0,0,0,0,0,0,1,0,1,0,0,0
1/1/2003,PER,293,Peru,2003,0,1,1,0,0,0,0,0,0,0,1,0,1,0,0,0
4/1/2003,PER,293,Peru,2003,0,1,1,0,0,0,0,0,0,0,1,0,1,0,0,0
7/1/2003,PER,293,Peru,2003,0,1,1,0,0,0,0,0,0,0,1,0,1,0,0,0
10/1/2003,PER,293,Peru,2003,0,1,1,0,0,0,0,0,0,0,1,0,1,0,0,0
1/1/2004,PER,293,Peru,2004,0,1,1,0,0,0,0,0,0,0,1,0,1,0,0,0
4/1/2004,PER,293,Peru,2004,0,1,1,0,0,0,0,0,0,0,1,0,1,0,0,0
7/1/2004,PER,293,Peru,2004,0,1,1,0,0,0,0,0,0,0,1,0,1,0,0,0
10/1/2004,PER,293,Peru,2004,0,1,1,0,0,0,0,0,0,0,1,0,1,0,0,0
1/1/2005,PER,293,Peru,2005,0,1,1,0,0,0,0,0,0,0,1,0,1,0,0,0
4/1/2005,PER,293,Peru,2005,0,1,1,0,0,0,0,0,0,0,1,0,1,0,0,0
7/1/2005,PER,293,Peru,2005,0,1,1,0,0,0,0,0,0,0,1,0,1,0,0,0
10/1/2005,PER,293,Peru,2005,0,1,1,0,0,0,0,0,0,0,1,0,1,0,0,0
1/1/2006,PER,293,Peru,2006,0,1,1,0,0,0,0,0,0,0,1,0,1,0,0,0
4/1/2006,PER,293,Peru,2006,0,1,1,0,0,0,0,0,0,0,1,0,1,0,0,0
7/1/2006,PER,293,Peru,2006,0,1,1,0,0,0,0,0,0,0,1,0,1,0,0,0
10/1/2006,PER,293,Peru,2006,0,1,1,0,0,0,0,0,0,0,1,0,1,0,0,0
1/1/2007,PER,293,Peru,2007,0,1,1,0,0,0,0,0,0,0,1,0,1,0,0,0
4/1/2007,PER,293,Peru,2007,0,1,1,0,0,0,0,0,0,0,1,0,1,0,0,0
7/1/2007,PER,293,Peru,2007,0,1,1,0,0,0,0,0,0,0,1,0,1,0,0,0
10/1/2007,PER,293,Peru,2007,0,1,1,0,0,0,0,0,0,0,1,0,1,0,0,0
1/1/2008,PER,293,Peru,2008,0,1,1,0,0,0,0,0,0,0,1,0,1,0,0,0
4/1/2008,PER,293,Peru,2008,0,1,1,0,0,0,0,0,0,0,1,0,1,0,0,0
7/1/2008,PER,293,Peru,2008,0,1,1,0,0,0,0,0,0,0,1,0,1,0,0,0
10/1/2008,PER,293,Peru,2008,0,1,1,0,0,0,0,0,0,0,1,0,1,0,0,0
1/1/2009,PER,293,Peru,2009,0,1,1,0,0,0,0,0,0,0,1,0,1,0,0,0
4/1/2009,PER,293,Peru,2009,0,1,1,0,0,0,0,0,0,0,1,0,1,0,0,0
7/1/2009,PER,293,Peru,2009,0,1,1,0,0,0,0,0,0,0,1,0,1,0,0,0
10/1/2009,PER,293,Peru,2009,0,1,1,0,0,0,0,0,0,0,1,0,1,0,0,0
1/1/2010,PER,293,Peru,2010,0,1,1,0,0,0,0,0,0,0,1,0,1,0,0,0
4/1/2010,PER,293,Peru,2010,0,1,1,0,0,0,0,0,0,0,1,0,1,0,0,0
7/1/2010,PER,293,Peru,2010,0,1,1,0,0,0,0,0,0,0,1,0,1,0,0,0
10/1/2010,PER,293,Peru,2010,0,1,1,0,0,0,0,0,0,0,1,0,1,0,0,0
1/1/2011,PER,293,Peru,2011,0,1,1,0,0,0,0,0,0,0,1,0,1,0,0,0
4/1/2011,PER,293,Peru,2011,0,1,1,0,0,0,0,0,0,0,1,0,1,0,0,0
7/1/2011,PER,293,Peru,2011,0,1,1,0,0,0,0,0,0,0,1,0,1,0,0,0
10/1/2011,PER,293,Peru,2011,0,1,1,0,0,0,0,0,0,0,1,0,1,0,0,0
1/1/2012,PER,293,Peru,2012,0,1,1,0,0,0,0,0,0,0,1,0,1,0,0,0
4/1/2012,PER,293,Peru,2012,0,1,1,0,0,0,0,0,0,0,1,0,1,0,0,0
7/1/2012,PER,293,Peru,2012,0,1,1,0,0,0,0,0,0,0,1,0,1,0,0,0
10/1/2012,PER,293,Peru,2012,0,1,1,0,0,0,0,0,0,0,1,0,1,0,0,0
1/1/2013,PER,293,Peru,2013,0,1,1,0,0,0,0,0,0,0,1,0,1,0,0,0
4/1/2013,PER,293,Peru,2013,0,1,1,0,0,0,0,0,0,0,1,0,1,0,0,0
7/1/2013,PER,293,Peru,2013,0,1,1,0,0,0,0,0,0,0,1,0,1,0,0,0
10/1/2013,PER,293,Peru,2013,0,1,1,0,0,0,0,0,0,0,1,0,1,0,0,0
1/1/2014,PER,293,Peru,2014,0,1,1,0,0,0,0,0,0,0,1,0,1,0,0,0
4/1/2014,PER,293,Peru,2014,0,1,1,0,0,0,0,0,0,0,1,0,1,0,0,0
7/1/2014,PER,293,Peru,2014,0,1,1,0,0,0,0,0,0,0,1,0,1,0,0,0
10/1/2014,PER,293,Peru,2014,0,1,1,0,0,0,0,0,0,0,1,0,1,0,0,0
1/1/2015,PER,293,Peru,2015,0,1,1,0,0,0,0,0,0,0,1,0,1,0,0,0
4/1/2015,PER,293,Peru,2015,0,1,1,0,0,0,0,0,0,0,1,0,1,0,0,0
7/1/2015,PER,293,Peru,2015,0,1,1,0,0,0,0,0,0,0,1,0,1,0,0,0
10/1/2015,PER,293,Peru,2015,0,1,1,0,0,0,0,0,0,0,1,0,1,0,0,0
1/1/2016,PER,293,Peru,2016,0,1,1,0,0,0,0,0,0,0,1,0,1,0,0,0
4/1/2016,PER,293,Peru,2016,0,1,1,0,0,0,0,0,0,0,1,0,1,0,0,0
7/1/2016,PER,293,Peru,2016,0,1,1,0,0,0,0,0,0,0,1,0,1,0,0,0
10/1/2016,PER,293,Peru,2016,0,1,1,0,0,0,0,0,0,0,1,0,1,0,0,0
1/1/2017,PER,293,Peru,2017,0,1,1,0,0,0,0,0,0,0,1,0,1,0,0,0
4/1/2017,PER,293,Peru,2017,0,1,1,0,0,0,0,0,0,0,1,0,1,0,0,0
7/1/2017,PER,293,Peru,2017,0,1,1,0,0,0,0,0,0,0,1,0,1,0,0,0
10/1/2017,PER,293,Peru,2017,0,1,1,0,0,0,0,0,0,0,1,0,1,0,0,0
1/1/2018,PER,293,Peru,2018,0,1,1,0,0,0,0,0,0,0,1,0,1,0,0,0
4/1/2018,PER,293,Peru,2018,0,1,1,0,0,0,0,0,0,0,1,0,1,0,0,0
7/1/2018,PER,293,Peru,2018,0,1,1,0,0,0,0,0,0,0,1,0,1,0,0,0
10/1/2018,PER,293,Peru,2018,0,1,1,0,0,0,0,0,0,0,1,0,1,0,0,0
1/1/2019,PER,293,Peru,2019,0,1,1,0,0,0,0,0,0,0,1,0,1,0,0,0
4/1/2019,PER,293,Peru,2019,0,1,1,0,0,0,0,0,0,0,1,0,1,0,0,0
7/1/2019,PER,293,Peru,2019,0,1,1,0,0,0,0,0,0,0,1,0,1,0,0,0
10/1/2019,PER,293,Peru,2019,0,1,1,0,0,0,0,0,0,0,1,0,1,0,0,0
1/1/2020,PER,293,Peru,2020,0,1,1,0,0,0,0,0,0,0,1,0,1,0,0,0
1/1/1999,URY,298,Uruguay,1999,0,1,0,0,0,0,0,0,0,0,1,0,0,0,0,0
4/1/1999,URY,298,Uruguay,1999,0,1,0,0,0,0,0,0,0,0,1,0,0,0,0,0
7/1/1999,URY,298,Uruguay,1999,0,1,0,0,0,0,0,0,0,0,1,0,0,0,0,0
10/1/1999,URY,298,Uruguay,1999,0,1,0,0,0,0,0,0,0,0,1,0,0,0,0,0
1/1/2000,URY,298,Uruguay,2000,0,1,0,0,0,0,0,0,0,0,1,0,0,0,0,0
4/1/2000,URY,298,Uruguay,2000,0,1,0,0,0,0,0,0,0,0,1,0,0,0,0,0
7/1/2000,URY,298,Uruguay,2000,0,1,0,0,0,0,0,0,0,0,1,0,0,0,0,0
10/1/2000,URY,298,Uruguay,2000,0,1,0,0,0,0,0,0,0,0,1,0,0,0,0,0
1/1/2001,URY,298,Uruguay,2001,0,1,0,0,0,0,0,0,0,0,1,0,0,0,0,0
4/1/2001,URY,298,Uruguay,2001,0,1,0,0,0,0,0,0,0,0,1,0,0,0,0,0
7/1/2001,URY,298,Uruguay,2001,0,1,0,0,0,0,0,0,0,0,1,0,0,0,0,0
10/1/2001,URY,298,Uruguay,2001,0,1,0,0,0,0,0,0,0,0,1,0,0,0,0,0
1/1/2002,URY,298,Uruguay,2002,0,1,0,0,0,0,0,0,0,0,1,0,0,0,0,0
4/1/2002,URY,298,Uruguay,2002,0,1,0,0,0,0,0,0,0,0,1,0,0,0,0,0
7/1/2002,URY,298,Uruguay,2002,0,1,0,0,0,0,0,0,0,0,1,0,0,0,0,0
10/1/2002,URY,298,Uruguay,2002,0,1,0,0,0,0,0,0,0,0,1,0,0,0,0,0
1/1/2003,URY,298,Uruguay,2003,0,1,0,0,0,0,0,0,0,0,1,0,0,0,0,0
4/1/2003,URY,298,Uruguay,2003,0,1,0,0,0,0,0,0,0,0,1,0,0,0,0,0
7/1/2003,URY,298,Uruguay,2003,0,1,0,0,0,0,0,0,0,0,1,0,0,0,0,0
10/1/2003,URY,298,Uruguay,2003,0,1,0,0,0,0,0,0,0,0,1,0,0,0,0,0
1/1/2004,URY,298,Uruguay,2004,0,1,0,0,0,0,0,0,0,0,1,0,0,0,0,0
4/1/2004,URY,298,Uruguay,2004,0,1,0,0,0,0,0,0,0,0,1,0,0,0,0,0
7/1/2004,URY,298,Uruguay,2004,0,1,0,0,0,0,0,0,0,0,1,0,0,0,0,0
10/1/2004,URY,298,Uruguay,2004,0,1,0,0,0,0,0,0,0,0,1,0,0,0,0,0
1/1/2005,URY,298,Uruguay,2005,0,1,0,0,0,0,0,0,0,0,1,0,0,0,0,0
4/1/2005,URY,298,Uruguay,2005,0,1,0,0,0,0,0,0,0,0,1,0,0,0,0,0
7/1/2005,URY,298,Uruguay,2005,0,1,0,0,0,0,0,0,0,0,1,0,0,0,0,0
10/1/2005,URY,298,Uruguay,2005,0,1,0,0,0,0,0,0,0,0,1,0,0,0,0,0
1/1/2006,URY,298,Uruguay,2006,0,1,0,0,0,0,0,0,0,0,1,0,0,0,0,0
4/1/2006,URY,298,Uruguay,2006,0,1,0,0,0,0,0,0,0,0,1,0,0,0,0,0
7/1/2006,URY,298,Uruguay,2006,0,1,0,0,0,0,0,0,0,0,1,0,0,0,0,0
10/1/2006,URY,298,Uruguay,2006,0,1,0,0,0,0,0,0,0,0,1,0,0,0,0,0
1/1/2007,URY,298,Uruguay,2007,0,1,0,0,0,0,0,0,0,0,1,0,0,0,0,0
4/1/2007,URY,298,Uruguay,2007,0,1,0,0,0,0,0,0,0,0,1,0,0,0,0,0
7/1/2007,URY,298,Uruguay,2007,0,1,0,0,0,0,0,0,0,0,1,0,0,0,0,0
10/1/2007,URY,298,Uruguay,2007,0,1,0,0,0,0,0,0,0,0,1,0,0,0,0,0
1/1/2008,URY,298,Uruguay,2008,0,1,0,0,0,0,0,0,0,0,1,0,0,0,0,0
4/1/2008,URY,298,Uruguay,2008,0,1,0,0,0,0,0,0,0,0,1,0,0,0,0,0
7/1/2008,URY,298,Uruguay,2008,0,1,0,0,0,0,0,0,0,0,1,0,0,0,0,0
10/1/2008,URY,298,Uruguay,2008,0,1,0,0,0,0,0,0,0,0,1,0,0,0,0,0
1/1/2009,URY,298,Uruguay,2009,0,1,0,0,0,0,0,0,0,0,1,0,0,0,0,0
4/1/2009,URY,298,Uruguay,2009,0,1,0,0,0,0,0,0,0,0,1,0,0,0,0,0
7/1/2009,URY,298,Uruguay,2009,0,1,0,0,0,0,0,0,0,0,1,0,0,0,0,0
10/1/2009,URY,298,Uruguay,2009,0,1,0,0,0,0,0,0,0,0,1,0,0,0,0,0
1/1/2010,URY,298,Uruguay,2010,0,1,0,0,0,0,0,0,0,0,1,0,0,0,0,0
4/1/2010,URY,298,Uruguay,2010,0,1,0,0,0,0,0,0,0,0,1,0,0,0,0,0
7/1/2010,URY,298,Uruguay,2010,0,1,0,0,0,0,0,0,0,0,1,0,0,0,0,0
10/1/2010,URY,298,Uruguay,2010,0,1,0,0,0,0,0,0,0,0,1,0,0,0,0,0
1/1/2011,URY,298,Uruguay,2011,0,1,0,0,0,0,0,0,0,0,1,0,0,0,0,0
4/1/2011,URY,298,Uruguay,2011,0,1,0,0,0,0,0,0,0,0,1,0,0,0,0,0
7/1/2011,URY,298,Uruguay,2011,0,1,0,0,0,0,0,0,0,0,1,0,0,0,0,0
10/1/2011,URY,298,Uruguay,2011,0,1,0,0,0,0,0,0,0,0,1,0,0,0,0,0
1/1/2012,URY,298,Uruguay,2012,0,1,0,0,0,0,0,0,0,0,1,0,0,0,0,0
4/1/2012,URY,298,Uruguay,2012,0,1,0,0,0,0,0,0,0,0,1,0,0,0,0,0
7/1/2012,URY,298,Uruguay,2012,0,1,0,0,0,0,0,0,0,0,1,0,0,0,0,0
10/1/2012,URY,298,Uruguay,2012,0,1,0,0,0,0,0,0,0,0,1,0,0,0,0,0
1/1/2013,URY,298,Uruguay,2013,0,1,0,0,0,0,0,0,0,0,1,0,0,0,0,0
4/1/2013,URY,298,Uruguay,2013,0,1,0,0,0,0,0,0,0,0,1,0,0,0,0,0
7/1/2013,URY,298,Uruguay,2013,0,1,0,0,0,0,0,0,0,0,1,0,0,0,0,0
10/1/2013,URY,298,Uruguay,2013,0,1,0,0,0,0,0,0,0,0,1,0,0,0,0,0
1/1/2014,URY,298,Uruguay,2014,0,1,0,0,0,0,0,0,0,0,1,0,0,0,0,0
4/1/2014,URY,298,Uruguay,2014,0,1,0,0,0,0,0,0,0,0,1,0,0,0,0,0
7/1/2014,URY,298,Uruguay,2014,0,1,0,0,0,0,0,0,0,0,1,0,0,0,0,0
10/1/2014,URY,298,Uruguay,2014,0,1,0,0,0,0,0,0,0,0,1,0,0,0,0,0
1/1/2015,URY,298,Uruguay,2015,0,1,0,0,0,0,0,0,0,0,1,0,0,0,0,0
4/1/2015,URY,298,Uruguay,2015,0,1,0,0,0,0,0,0,0,0,1,0,0,0,0,0
7/1/2015,URY,298,Uruguay,2015,0,1,0,0,0,0,0,0,0,0,1,0,0,0,0,0
10/1/2015,URY,298,Uruguay,2015,0,1,0,0,0,0,0,0,0,0,1,0,0,0,0,0
1/1/2016,URY,298,Uruguay,2016,0,1,0,0,0,0,0,0,0,0,1,0,0,0,0,0
4/1/2016,URY,298,Uruguay,2016,0,1,0,0,0,0,0,0,0,0,1,0,0,0,0,0
7/1/2016,URY,298,Uruguay,2016,0,1,0,0,0,0,0,0,0,0,1,0,0,0,0,0
10/1/2016,URY,298,Uruguay,2016,0,1,0,0,0,0,0,0,0,0,1,0,0,0,0,0
1/1/2017,URY,298,Uruguay,2017,0,1,0,0,0,0,0,0,0,0,1,0,0,0,0,0
4/1/2017,URY,298,Uruguay,2017,0,1,0,0,0,0,0,0,0,0,1,0,0,0,0,0
7/1/2017,URY,298,Uruguay,2017,0,1,0,0,0,0,0,0,0,0,1,0,0,0,0,0
10/1/2017,URY,298,Uruguay,2017,0,1,0,0,0,0,0,0,0,0,1,0,0,0,0,0
1/1/2018,URY,298,Uruguay,2018,0,1,0,0,0,0,0,0,0,0,1,0,0,0,0,0
4/1/2018,URY,298,Uruguay,2018,0,1,0,0,0,0,0,0,0,0,1,0,0,0,0,0
7/1/2018,URY,298,Uruguay,2018,0,1,0,0,0,0,0,0,0,0,1,0,0,0,0,0
10/1/2018,URY,298,Uruguay,2018,0,1,0,0,0,0,0,0,0,0,1,0,0,0,0,0
1/1/2019,URY,298,Uruguay,2019,0,1,0,0,0,0,0,0,0,0,1,0,0,0,0,0
4/1/2019,URY,298,Uruguay,2019,0,1,0,0,0,0,0,0,0,0,1,0,0,0,0,0
7/1/2019,URY,298,Uruguay,2019,0,1,0,0,0,0,0,0,0,0,1,0,0,0,0,0
10/1/2019,URY,298,Uruguay,2019,0,1,0,0,0,0,0,0,0,0,1,0,0,0,0,0
1/1/2020,URY,298,Uruguay,2020,0,1,0,0,0,0,0,0,0,0,1,0,0,0,0,0
1/1/1994,VEN,299,Venezuela,1994,0,1,1,0,0,0,0,0,0,0,1,1,0,0,0,0
4/1/1994,VEN,299,Venezuela,1994,0,1,1,0,0,0,0,0,0,0,1,1,0,0,0,0
7/1/1994,VEN,299,Venezuela,1994,0,1,1,0,0,0,0,0,0,0,1,1,0,0,0,0
10/1/1994,VEN,299,Venezuela,1994,0,1,1,0,0,0,0,0,0,0,1,1,0,0,0,0
1/1/1995,VEN,299,Venezuela,1995,0,1,1,0,0,0,0,0,0,0,1,1,0,0,0,0
4/1/1995,VEN,299,Venezuela,1995,0,1,1,0,0,0,0,0,0,0,1,1,0,0,0,0
7/1/1995,VEN,299,Venezuela,1995,0,1,1,0,0,0,0,0,0,0,1,1,0,0,0,0
10/1/1995,VEN,299,Venezuela,1995,0,1,1,0,0,0,0,0,0,0,1,1,0,0,0,0
1/1/1996,VEN,299,Venezuela,1996,0,1,1,0,0,0,0,0,0,0,1,1,0,0,0,0
4/1/1996,VEN,299,Venezuela,1996,0,1,1,0,0,0,0,0,0,0,1,1,0,0,0,0
7/1/1996,VEN,299,Venezuela,1996,0,1,1,0,0,0,0,0,0,0,1,1,0,0,0,0
10/1/1996,VEN,299,Venezuela,1996,0,1,1,0,0,0,0,0,0,0,1,1,0,0,0,0
1/1/1997,VEN,299,Venezuela,1997,0,1,1,0,0,0,0,0,0,0,1,1,0,0,0,0
4/1/1997,VEN,299,Venezuela,1997,0,1,1,0,0,0,0,0,0,0,1,1,0,0,0,0
7/1/1997,VEN,299,Venezuela,1997,0,1,1,0,0,0,0,0,0,0,1,1,0,0,0,0
10/1/1997,VEN,299,Venezuela,1997,0,1,1,0,0,0,0,0,0,0,1,1,0,0,0,0
1/1/1998,VEN,299,Venezuela,1998,0,1,1,0,0,0,0,0,0,0,1,1,0,0,0,0
4/1/1998,VEN,299,Venezuela,1998,0,1,1,0,0,0,0,0,0,0,1,1,0,0,0,0
7/1/1998,VEN,299,Venezuela,1998,0,1,1,0,0,0,0,0,0,0,1,1,0,0,0,0
10/1/1998,VEN,299,Venezuela,1998,0,1,1,0,0,0,0,0,0,0,1,1,0,0,0,0
1/1/1999,VEN,299,Venezuela,1999,0,1,1,0,0,0,0,0,0,0,1,1,0,0,0,0
4/1/1999,VEN,299,Venezuela,1999,0,1,1,0,0,0,0,0,0,0,1,1,0,0,0,0
7/1/1999,VEN,299,Venezuela,1999,0,1,1,0,0,0,0,0,0,0,1,1,0,0,0,0
10/1/1999,VEN,299,Venezuela,1999,0,1,1,0,0,0,0,0,0,0,1,1,0,0,0,0
1/1/2000,VEN,299,Venezuela,2000,0,1,1,0,0,0,0,0,0,0,1,1,0,0,0,0
4/1/2000,VEN,299,Venezuela,2000,0,1,1,0,0,0,0,0,0,0,1,1,0,0,0,0
7/1/2000,VEN,299,Venezuela,2000,0,1,1,0,0,0,0,0,0,0,1,1,0,0,0,0
10/1/2000,VEN,299,Venezuela,2000,0,1,1,0,0,0,0,0,0,0,1,1,0,0,0,0
1/1/2001,VEN,299,Venezuela,2001,0,1,1,0,0,0,0,0,0,0,1,1,0,0,0,0
4/1/2001,VEN,299,Venezuela,2001,0,1,1,0,0,0,0,0,0,0,1,1,0,0,0,0
7/1/2001,VEN,299,Venezuela,2001,0,1,1,0,0,0,0,0,0,0,1,1,0,0,0,0
10/1/2001,VEN,299,Venezuela,2001,0,1,1,0,0,0,0,0,0,0,1,1,0,0,0,0
1/1/2002,VEN,299,Venezuela,2002,0,1,1,0,0,0,0,0,0,0,1,1,0,0,0,0
4/1/2002,VEN,299,Venezuela,2002,0,1,1,0,0,0,0,0,0,0,1,1,0,0,0,0
7/1/2002,VEN,299,Venezuela,2002,0,1,1,0,0,0,0,0,0,0,1,1,0,0,0,0
10/1/2002,VEN,299,Venezuela,2002,0,1,1,0,0,0,0,0,0,0,1,1,0,0,0,0
1/1/2003,VEN,299,Venezuela,2003,0,1,1,0,0,0,0,0,0,0,1,1,0,0,0,0
4/1/2003,VEN,299,Venezuela,2003,0,1,1,0,0,0,0,0,0,0,1,1,0,0,0,0
7/1/2003,VEN,299,Venezuela,2003,0,1,1,0,0,0,0,0,0,0,1,1,0,0,0,0
10/1/2003,VEN,299,Venezuela,2003,0,1,1,0,0,0,0,0,0,0,1,1,0,0,0,0
1/1/2004,VEN,299,Venezuela,2004,0,1,1,0,0,0,0,0,0,0,1,1,0,0,0,0
4/1/2004,VEN,299,Venezuela,2004,0,1,1,0,0,0,0,0,0,0,1,1,0,0,0,0
7/1/2004,VEN,299,Venezuela,2004,0,1,1,0,0,0,0,0,0,0,1,1,0,0,0,0
10/1/2004,VEN,299,Venezuela,2004,0,1,1,0,0,0,0,0,0,0,1,1,0,0,0,0
1/1/2005,VEN,299,Venezuela,2005,0,1,1,0,0,0,0,0,0,0,1,1,0,0,0,0
4/1/2005,VEN,299,Venezuela,2005,0,1,1,0,0,0,0,0,0,0,1,1,0,0,0,0
7/1/2005,VEN,299,Venezuela,2005,0,1,1,0,0,0,0,0,0,0,1,1,0,0,0,0
10/1/2005,VEN,299,Venezuela,2005,0,1,1,0,0,0,0,0,0,0,1,1,0,0,0,0
1/1/2006,VEN,299,Venezuela,2006,0,1,1,0,0,0,0,0,0,0,1,1,0,0,0,0
4/1/2006,VEN,299,Venezuela,2006,0,1,1,0,0,0,0,0,0,0,1,1,0,0,0,0
7/1/2006,VEN,299,Venezuela,2006,0,1,1,0,0,0,0,0,0,0,1,1,0,0,0,0
10/1/2006,VEN,299,Venezuela,2006,0,1,1,0,0,0,0,0,0,0,1,1,0,0,0,0
1/1/2007,VEN,299,Venezuela,2007,0,1,1,0,0,0,0,0,0,0,1,1,0,0,0,0
4/1/2007,VEN,299,Venezuela,2007,0,1,1,0,0,0,0,0,0,0,1,1,0,0,0,0
7/1/2007,VEN,299,Venezuela,2007,0,1,1,0,0,0,0,0,0,0,1,1,0,0,0,0
10/1/2007,VEN,299,Venezuela,2007,0,1,1,0,0,0,0,0,0,0,1,1,0,0,0,0
1/1/2008,VEN,299,Venezuela,2008,0,1,1,0,0,0,0,0,0,0,1,1,0,0,0,0
4/1/2008,VEN,299,Venezuela,2008,0,1,1,0,0,0,0,0,0,0,1,1,0,0,0,0
7/1/2008,VEN,299,Venezuela,2008,0,1,1,0,0,0,0,0,0,0,1,1,0,0,0,0
10/1/2008,VEN,299,Venezuela,2008,0,1,1,0,0,0,0,0,0,0,1,1,0,0,0,0
1/1/2009,VEN,299,Venezuela,2009,0,1,1,0,0,0,0,0,0,0,1,1,0,0,0,0
4/1/2009,VEN,299,Venezuela,2009,0,1,1,0,0,0,0,0,0,0,1,1,0,0,0,0
7/1/2009,VEN,299,Venezuela,2009,0,1,1,0,0,0,0,0,0,0,1,1,0,0,0,0
10/1/2009,VEN,299,Venezuela,2009,0,1,1,0,0,0,0,0,0,0,1,1,0,0,0,0
1/1/2010,VEN,299,Venezuela,2010,0,1,1,0,0,0,0,0,0,0,1,1,0,0,0,0
4/1/2010,VEN,299,Venezuela,2010,0,1,1,0,0,0,0,0,0,0,1,1,0,0,0,0
7/1/2010,VEN,299,Venezuela,2010,0,1,1,0,0,0,0,0,0,0,1,1,0,0,0,0
10/1/2010,VEN,299,Venezuela,2010,0,1,1,0,0,0,0,0,0,0,1,1,0,0,0,0
1/1/2011,VEN,299,Venezuela,2011,0,1,1,0,0,0,0,0,0,0,1,1,0,0,0,0
4/1/2011,VEN,299,Venezuela,2011,0,1,1,0,0,0,0,0,0,0,1,1,0,0,0,0
7/1/2011,VEN,299,Venezuela,2011,0,1,1,0,0,0,0,0,0,0,1,1,0,0,0,0
10/1/2011,VEN,299,Venezuela,2011,0,1,1,0,0,0,0,0,0,0,1,1,0,0,0,0
1/1/2012,VEN,299,Venezuela,2012,0,1,1,0,0,0,0,0,0,0,1,1,0,0,0,0
4/1/2012,VEN,299,Venezuela,2012,0,1,1,0,0,0,0,0,0,0,1,1,0,0,0,0
7/1/2012,VEN,299,Venezuela,2012,0,1,1,0,0,0,0,0,0,0,1,1,0,0,0,0
10/1/2012,VEN,299,Venezuela,2012,0,1,1,0,0,0,0,0,0,0,1,1,0,0,0,0
1/1/2013,VEN,299,Venezuela,2013,0,1,1,0,0,0,0,0,0,0,1,1,0,0,0,0
4/1/2013,VEN,299,Venezuela,2013,0,1,1,0,0,0,0,0,0,0,1,1,0,0,0,0
7/1/2013,VEN,299,Venezuela,2013,0,1,1,0,0,0,0,0,0,0,1,1,0,0,0,0
10/1/2013,VEN,299,Venezuela,2013,0,1,1,0,0,0,0,0,0,0,1,1,0,0,0,0
1/1/2014,VEN,299,Venezuela,2014,0,1,1,0,0,0,0,0,0,0,1,1,0,0,0,0
4/1/2014,VEN,299,Venezuela,2014,0,1,1,0,0,0,0,0,0,0,1,1,0,0,0,0
7/1/2014,VEN,299,Venezuela,2014,0,1,1,0,0,0,0,0,0,0,1,1,0,0,0,0
10/1/2014,VEN,299,Venezuela,2014,0,1,1,0,0,0,0,0,0,0,1,1,0,0,0,0
1/1/2004,CYP,423,Cyprus,2004,0,1,0,0,0,0,0,1,0,0,0,0,0,1,0,0
4/1/2004,CYP,423,Cyprus,2004,0,1,0,0,0,0,0,1,0,0,0,0,0,1,0,0
7/1/2004,CYP,423,Cyprus,2004,0,1,0,0,0,0,0,1,0,0,0,0,0,1,0,0
10/1/2004,CYP,423,Cyprus,2004,0,1,0,0,0,0,0,1,0,0,0,0,0,1,0,0
1/1/2005,CYP,423,Cyprus,2005,0,1,0,0,0,0,0,1,0,0,0,0,0,1,0,0
4/1/2005,CYP,423,Cyprus,2005,0,1,0,0,0,0,0,1,0,0,0,0,0,1,0,0
7/1/2005,CYP,423,Cyprus,2005,0,1,0,0,0,0,0,1,0,0,0,0,0,1,0,0
10/1/2005,CYP,423,Cyprus,2005,0,1,0,0,0,0,0,1,0,0,0,0,0,1,0,0
1/1/2006,CYP,423,Cyprus,2006,0,1,0,0,0,0,0,1,0,0,0,0,0,1,0,0
4/1/2006,CYP,423,Cyprus,2006,0,1,0,0,0,0,0,1,0,0,0,0,0,1,0,0
7/1/2006,CYP,423,Cyprus,2006,0,1,0,0,0,0,0,1,0,0,0,0,0,1,0,0
10/1/2006,CYP,423,Cyprus,2006,0,1,0,0,0,0,0,1,0,0,0,0,0,1,0,0
1/1/2007,CYP,423,Cyprus,2007,0,1,0,0,0,0,0,1,0,0,0,0,0,1,0,0
4/1/2007,CYP,423,Cyprus,2007,0,1,0,0,0,0,0,1,0,0,0,0,0,1,0,0
7/1/2007,CYP,423,Cyprus,2007,0,1,0,0,0,0,0,1,0,0,0,0,0,1,0,0
10/1/2007,CYP,423,Cyprus,2007,0,1,0,0,0,0,0,1,0,0,0,0,0,1,0,0
1/1/2008,CYP,423,Cyprus,2008,0,1,0,0,0,0,0,1,0,0,0,0,0,1,1,1
4/1/2008,CYP,423,Cyprus,2008,0,1,0,0,0,0,0,1,0,0,0,0,0,1,1,0
7/1/2008,CYP,423,Cyprus,2008,0,1,0,0,0,0,0,1,0,0,0,0,0,1,1,0
10/1/2008,CYP,423,Cyprus,2008,0,1,0,0,0,0,0,1,0,0,0,0,0,1,1,0
1/1/2009,CYP,423,Cyprus,2009,0,1,0,0,0,0,0,1,0,0,0,0,0,1,1,0
4/1/2009,CYP,423,Cyprus,2009,0,1,0,0,0,0,0,1,0,0,0,0,0,1,1,0
7/1/2009,CYP,423,Cyprus,2009,0,1,0,0,0,0,0,1,0,0,0,0,0,1,1,0
10/1/2009,CYP,423,Cyprus,2009,0,1,0,0,0,0,0,1,0,0,0,0,0,1,1,0
1/1/2010,CYP,423,Cyprus,2010,0,1,0,0,0,0,0,1,0,0,0,0,0,1,1,0
4/1/2010,CYP,423,Cyprus,2010,0,1,0,0,0,0,0,1,0,0,0,0,0,1,1,0
7/1/2010,CYP,423,Cyprus,2010,0,1,0,0,0,0,0,1,0,0,0,0,0,1,1,0
10/1/2010,CYP,423,Cyprus,2010,0,1,0,0,0,0,0,1,0,0,0,0,0,1,1,0
1/1/2011,CYP,423,Cyprus,2011,0,1,0,0,0,0,0,1,0,0,0,0,0,1,1,0
4/1/2011,CYP,423,Cyprus,2011,0,1,0,0,0,0,0,1,0,0,0,0,0,1,1,0
7/1/2011,CYP,423,Cyprus,2011,0,1,0,0,0,0,0,1,0,0,0,0,0,1,1,0
10/1/2011,CYP,423,Cyprus,2011,0,1,0,0,0,0,0,1,0,0,0,0,0,1,1,0
1/1/2012,CYP,423,Cyprus,2012,0,1,0,0,0,0,0,1,0,0,0,0,0,1,1,0
4/1/2012,CYP,423,Cyprus,2012,0,1,0,0,0,0,0,1,0,0,0,0,0,1,1,0
7/1/2012,CYP,423,Cyprus,2012,0,1,0,0,0,0,0,1,0,0,0,0,0,1,1,0
10/1/2012,CYP,423,Cyprus,2012,0,1,0,0,0,0,0,1,0,0,0,0,0,1,1,0
1/1/2013,CYP,423,Cyprus,2013,0,1,0,0,0,0,0,1,0,0,0,0,0,1,1,0
4/1/2013,CYP,423,Cyprus,2013,0,1,0,0,0,0,0,1,0,0,0,0,0,1,1,0
7/1/2013,CYP,423,Cyprus,2013,0,1,0,0,0,0,0,1,0,0,0,0,0,1,1,0
10/1/2013,CYP,423,Cyprus,2013,0,1,0,0,0,0,0,1,0,0,0,0,0,1,1,0
1/1/2014,CYP,423,Cyprus,2014,0,1,0,0,0,0,0,1,0,0,0,0,0,1,1,0
4/1/2014,CYP,423,Cyprus,2014,0,1,0,0,0,0,0,1,0,0,0,0,0,1,1,0
7/1/2014,CYP,423,Cyprus,2014,0,1,0,0,0,0,0,1,0,0,0,0,0,1,1,0
10/1/2014,CYP,423,Cyprus,2014,0,1,0,0,0,0,0,1,0,0,0,0,0,1,1,0
1/1/2015,CYP,423,Cyprus,2015,0,1,0,0,0,0,0,1,0,0,0,0,0,1,1,0
4/1/2015,CYP,423,Cyprus,2015,0,1,0,0,0,0,0,1,0,0,0,0,0,1,1,0
7/1/2015,CYP,423,Cyprus,2015,0,1,0,0,0,0,0,1,0,0,0,0,0,1,1,0
10/1/2015,CYP,423,Cyprus,2015,0,1,0,0,0,0,0,1,0,0,0,0,0,1,1,0
1/1/2016,CYP,423,Cyprus,2016,0,1,0,0,0,0,0,1,0,0,0,0,0,1,1,0
4/1/2016,CYP,423,Cyprus,2016,0,1,0,0,0,0,0,1,0,0,0,0,0,1,1,0
7/1/2016,CYP,423,Cyprus,2016,0,1,0,0,0,0,0,1,0,0,0,0,0,1,1,0
10/1/2016,CYP,423,Cyprus,2016,0,1,0,0,0,0,0,1,0,0,0,0,0,1,1,0
1/1/2017,CYP,423,Cyprus,2017,0,1,0,0,0,0,0,1,0,0,0,0,0,1,1,0
4/1/2017,CYP,423,Cyprus,2017,0,1,0,0,0,0,0,1,0,0,0,0,0,1,1,0
7/1/2017,CYP,423,Cyprus,2017,0,1,0,0,0,0,0,1,0,0,0,0,0,1,1,0
10/1/2017,CYP,423,Cyprus,2017,0,1,0,0,0,0,0,1,0,0,0,0,0,1,1,0
1/1/2018,CYP,423,Cyprus,2018,0,1,0,0,0,0,0,1,0,0,0,0,0,1,1,0
4/1/2018,CYP,423,Cyprus,2018,0,1,0,0,0,0,0,1,0,0,0,0,0,1,1,0
7/1/2018,CYP,423,Cyprus,2018,0,1,0,0,0,0,0,1,0,0,0,0,0,1,1,0
10/1/2018,CYP,423,Cyprus,2018,0,1,0,0,0,0,0,1,0,0,0,0,0,1,1,0
1/1/2019,CYP,423,Cyprus,2019,0,1,0,0,0,0,0,1,0,0,0,0,0,1,1,0
4/1/2019,CYP,423,Cyprus,2019,0,1,0,0,0,0,0,1,0,0,0,0,0,1,1,0
7/1/2019,CYP,423,Cyprus,2019,0,1,0,0,0,0,0,1,0,0,0,0,0,1,1,0
10/1/2019,CYP,423,Cyprus,2019,0,1,0,0,0,0,0,1,0,0,0,0,0,1,1,0
1/1/2020,CYP,423,Cyprus,2020,0,1,0,0,0,0,0,1,0,0,0,0,0,1,1,0
4/1/2020,CYP,423,Cyprus,2020,0,1,0,0,0,0,0,1,0,0,0,0,0,1,1,0
7/1/2020,CYP,423,Cyprus,2020,0,1,0,0,0,0,0,1,0,0,0,0,0,1,1,0
10/1/2020,CYP,423,Cyprus,2020,0,1,0,0,0,0,0,1,0,0,0,0,0,1,1,0
1/1/2021,CYP,423,Cyprus,2021,0,1,0,0,0,0,0,1,0,0,0,0,0,1,1,0
4/1/2021,CYP,423,Cyprus,2021,0,1,0,0,0,0,0,1,0,0,0,0,0,1,1,0
7/1/2021,CYP,423,Cyprus,2021,0,1,0,0,0,0,0,1,0,0,0,0,0,1,1,0
10/1/2021,CYP,423,Cyprus,2021,0,1,0,0,0,0,0,1,0,0,0,0,0,1,1,0
1/1/2022,CYP,423,Cyprus,2022,0,1,0,0,0,0,0,1,0,0,0,0,0,1,1,0
4/1/2022,CYP,423,Cyprus,2022,0,1,0,0,0,0,0,1,0,0,0,0,0,1,1,0
7/1/2022,CYP,423,Cyprus,2022,0,1,0,0,0,0,0,1,0,0,0,0,0,1,1,0
10/1/2022,CYP,423,Cyprus,2022,0,1,0,0,0,0,0,1,0,0,0,0,0,1,1,0
1/1/2023,CYP,423,Cyprus,2023,0,1,0,0,0,0,0,1,0,0,0,0,0,1,1,0
4/1/2023,CYP,423,Cyprus,2023,0,1,0,0,0,0,0,1,0,0,0,0,0,1,1,0
7/1/2023,CYP,423,Cyprus,2023,0,1,0,0,0,0,0,1,0,0,0,0,0,1,1,0
10/1/2023,CYP,423,Cyprus,2023,0,1,0,0,0,0,0,1,0,0,0,0,0,1,1,0
1/1/2024,CYP,423,Cyprus,2024,0,1,0,0,0,0,0,1,0,0,0,0,0,1,1,0
4/1/2024,CYP,423,Cyprus,2024,0,1,0,0,0,0,0,1,0,0,0,0,0,1,1,0
7/1/2024,CYP,423,Cyprus,2024,0,1,0,0,0,0,0,1,0,0,0,0,0,1,1,0
1/1/1972,ISR,436,Israel,1972,0,1,1,0,0,1,0,0,0,0,0,0,0,0,0,0
4/1/1972,ISR,436,Israel,1972,0,1,1,0,0,1,0,0,0,0,0,0,0,0,0,0
7/1/1972,ISR,436,Israel,1972,0,1,1,0,0,1,0,0,0,0,0,0,0,0,0,0
10/1/1972,ISR,436,Israel,1972,0,1,1,0,0,1,0,0,0,0,0,0,0,0,0,0
1/1/1973,ISR,436,Israel,1973,0,1,1,0,0,1,0,0,0,0,0,0,0,0,0,0
4/1/1973,ISR,436,Israel,1973,0,1,1,0,0,1,0,0,0,0,0,0,0,0,0,0
7/1/1973,ISR,436,Israel,1973,0,1,1,0,0,1,0,0,0,0,0,0,0,0,0,0
10/1/1973,ISR,436,Israel,1973,0,1,1,0,0,1,0,0,0,0,0,0,0,0,0,0
1/1/1974,ISR,436,Israel,1974,0,1,1,0,0,1,0,0,0,0,0,0,0,0,0,0
4/1/1974,ISR,436,Israel,1974,0,1,1,0,0,1,0,0,0,0,0,0,0,0,0,0
7/1/1974,ISR,436,Israel,1974,0,1,1,0,0,1,0,0,0,0,0,0,0,0,0,0
10/1/1974,ISR,436,Israel,1974,0,1,1,0,0,1,0,0,0,0,0,0,0,0,0,0
1/1/1975,ISR,436,Israel,1975,0,1,1,0,0,1,0,0,0,0,0,0,0,0,0,0
4/1/1975,ISR,436,Israel,1975,0,1,1,0,0,1,0,0,0,0,0,0,0,0,0,0
7/1/1975,ISR,436,Israel,1975,0,1,1,0,0,1,0,0,0,0,0,0,0,0,0,0
10/1/1975,ISR,436,Israel,1975,0,1,1,0,0,1,0,0,0,0,0,0,0,0,0,0
1/1/1976,ISR,436,Israel,1976,0,1,1,0,0,1,0,0,0,0,0,0,0,0,0,0
4/1/1976,ISR,436,Israel,1976,0,1,1,0,0,1,0,0,0,0,0,0,0,0,0,0
7/1/1976,ISR,436,Israel,1976,0,1,1,0,0,1,0,0,0,0,0,0,0,0,0,0
10/1/1976,ISR,436,Israel,1976,0,1,1,0,0,1,0,0,0,0,0,0,0,0,0,0
1/1/1977,ISR,436,Israel,1977,0,1,1,0,0,1,0,0,0,0,0,0,0,0,0,0
4/1/1977,ISR,436,Israel,1977,0,1,1,0,0,1,0,0,0,0,0,0,0,0,0,0
7/1/1977,ISR,436,Israel,1977,0,1,1,0,0,1,0,0,0,0,0,0,0,0,0,0
10/1/1977,ISR,436,Israel,1977,0,1,1,0,0,1,0,0,0,0,0,0,0,0,0,0
1/1/1978,ISR,436,Israel,1978,0,1,1,0,0,1,0,0,0,0,0,0,0,0,0,0
4/1/1978,ISR,436,Israel,1978,0,1,1,0,0,1,0,0,0,0,0,0,0,0,0,0
7/1/1978,ISR,436,Israel,1978,0,1,1,0,0,1,0,0,0,0,0,0,0,0,0,0
10/1/1978,ISR,436,Israel,1978,0,1,1,0,0,1,0,0,0,0,0,0,0,0,0,0
1/1/1979,ISR,436,Israel,1979,0,1,1,0,0,1,0,0,0,0,0,0,0,0,0,0
4/1/1979,ISR,436,Israel,1979,0,1,1,0,0,1,0,0,0,0,0,0,0,0,0,0
7/1/1979,ISR,436,Israel,1979,0,1,1,0,0,1,0,0,0,0,0,0,0,0,0,0
10/1/1979,ISR,436,Israel,1979,0,1,1,0,0,1,0,0,0,0,0,0,0,0,0,0
1/1/1980,ISR,436,Israel,1980,0,1,1,0,0,1,0,0,0,0,0,0,0,0,0,0
4/1/1980,ISR,436,Israel,1980,0,1,1,0,0,1,0,0,0,0,0,0,0,0,0,0
7/1/1980,ISR,436,Israel,1980,0,1,1,0,0,1,0,0,0,0,0,0,0,0,0,0
10/1/1980,ISR,436,Israel,1980,0,1,1,0,0,1,0,0,0,0,0,0,0,0,0,0
1/1/1981,ISR,436,Israel,1981,0,1,1,0,0,1,0,0,0,0,0,0,0,0,0,0
4/1/1981,ISR,436,Israel,1981,0,1,1,0,0,1,0,0,0,0,0,0,0,0,0,0
7/1/1981,ISR,436,Israel,1981,0,1,1,0,0,1,0,0,0,0,0,0,0,0,0,0
10/1/1981,ISR,436,Israel,1981,0,1,1,0,0,1,0,0,0,0,0,0,0,0,0,0
1/1/1982,ISR,436,Israel,1982,0,1,1,0,0,1,0,0,0,0,0,0,0,0,0,0
4/1/1982,ISR,436,Israel,1982,0,1,1,0,0,1,0,0,0,0,0,0,0,0,0,0
7/1/1982,ISR,436,Israel,1982,0,1,1,0,0,1,0,0,0,0,0,0,0,0,0,0
10/1/1982,ISR,436,Israel,1982,0,1,1,0,0,1,0,0,0,0,0,0,0,0,0,0
1/1/1983,ISR,436,Israel,1983,0,1,1,0,0,1,0,0,0,0,0,0,0,0,0,0
4/1/1983,ISR,436,Israel,1983,0,1,1,0,0,1,0,0,0,0,0,0,0,0,0,0
7/1/1983,ISR,436,Israel,1983,0,1,1,0,0,1,0,0,0,0,0,0,0,0,0,0
10/1/1983,ISR,436,Israel,1983,0,1,1,0,0,1,0,0,0,0,0,0,0,0,0,0
1/1/1984,ISR,436,Israel,1984,0,1,1,0,0,1,0,0,0,0,0,0,0,0,0,0
4/1/1984,ISR,436,Israel,1984,0,1,1,0,0,1,0,0,0,0,0,0,0,0,0,0
7/1/1984,ISR,436,Israel,1984,0,1,1,0,0,1,0,0,0,0,0,0,0,0,0,0
10/1/1984,ISR,436,Israel,1984,0,1,1,0,0,1,0,0,0,0,0,0,0,0,0,0
1/1/1985,ISR,436,Israel,1985,0,1,1,0,0,1,0,0,0,0,0,0,0,0,0,0
4/1/1985,ISR,436,Israel,1985,0,1,1,0,0,1,0,0,0,0,0,0,0,0,0,0
7/1/1985,ISR,436,Israel,1985,0,1,1,0,0,1,0,0,0,0,0,0,0,0,0,0
10/1/1985,ISR,436,Israel,1985,0,1,1,0,0,1,0,0,0,0,0,0,0,0,0,0
1/1/1986,ISR,436,Israel,1986,0,1,1,0,0,1,0,0,0,0,0,0,0,0,0,0
4/1/1986,ISR,436,Israel,1986,0,1,1,0,0,1,0,0,0,0,0,0,0,0,0,0
7/1/1986,ISR,436,Israel,1986,0,1,1,0,0,1,0,0,0,0,0,0,0,0,0,0
10/1/1986,ISR,436,Israel,1986,0,1,1,0,0,1,0,0,0,0,0,0,0,0,0,0
1/1/1987,ISR,436,Israel,1987,0,1,1,0,0,1,0,0,0,0,0,0,0,0,0,0
4/1/1987,ISR,436,Israel,1987,0,1,1,0,0,1,0,0,0,0,0,0,0,0,0,0
7/1/1987,ISR,436,Israel,1987,0,1,1,0,0,1,0,0,0,0,0,0,0,0,0,0
10/1/1987,ISR,436,Israel,1987,0,1,1,0,0,1,0,0,0,0,0,0,0,0,0,0
1/1/1988,ISR,436,Israel,1988,0,1,1,0,0,1,0,0,0,0,0,0,0,0,0,0
4/1/1988,ISR,436,Israel,1988,0,1,1,0,0,1,0,0,0,0,0,0,0,0,0,0
7/1/1988,ISR,436,Israel,1988,0,1,1,0,0,1,0,0,0,0,0,0,0,0,0,0
10/1/1988,ISR,436,Israel,1988,0,1,1,0,0,1,0,0,0,0,0,0,0,0,0,0
1/1/1989,ISR,436,Israel,1989,0,1,1,0,0,1,0,0,0,0,0,0,0,0,0,0
4/1/1989,ISR,436,Israel,1989,0,1,1,0,0,1,0,0,0,0,0,0,0,0,0,0
7/1/1989,ISR,436,Israel,1989,0,1,1,0,0,1,0,0,0,0,0,0,0,0,0,0
10/1/1989,ISR,436,Israel,1989,0,1,1,0,0,1,0,0,0,0,0,0,0,0,0,0
1/1/1990,ISR,436,Israel,1990,0,1,1,0,0,1,0,0,0,0,0,0,0,0,0,0
4/1/1990,ISR,436,Israel,1990,0,1,1,0,0,1,0,0,0,0,0,0,0,0,0,0
7/1/1990,ISR,436,Israel,1990,0,1,1,0,0,1,0,0,0,0,0,0,0,0,0,0
10/1/1990,ISR,436,Israel,1990,0,1,1,0,0,1,0,0,0,0,0,0,0,0,0,0
1/1/1991,ISR,436,Israel,1991,0,1,1,0,0,1,0,0,0,0,0,0,0,0,0,0
4/1/1991,ISR,436,Israel,1991,0,1,1,0,0,1,0,0,0,0,0,0,0,0,0,0
7/1/1991,ISR,436,Israel,1991,0,1,1,0,0,1,0,0,0,0,0,0,0,0,0,0
10/1/1991,ISR,436,Israel,1991,0,1,1,0,0,1,0,0,0,0,0,0,0,0,0,0
1/1/1992,ISR,436,Israel,1992,0,1,1,0,0,1,0,0,0,0,0,0,0,0,0,0
4/1/1992,ISR,436,Israel,1992,0,1,1,0,0,1,0,0,0,0,0,0,0,0,0,0
7/1/1992,ISR,436,Israel,1992,0,1,1,0,0,1,0,0,0,0,0,0,0,0,0,0
10/1/1992,ISR,436,Israel,1992,0,1,1,0,0,1,0,0,0,0,0,0,0,0,0,0
1/1/1993,ISR,436,Israel,1993,0,1,1,0,0,1,0,0,0,0,0,0,0,0,0,0
4/1/1993,ISR,436,Israel,1993,0,1,1,0,0,1,0,0,0,0,0,0,0,0,0,0
7/1/1993,ISR,436,Israel,1993,0,1,1,0,0,1,0,0,0,0,0,0,0,0,0,0
10/1/1993,ISR,436,Israel,1993,0,1,1,0,0,1,0,0,0,0,0,0,0,0,0,0
1/1/1994,ISR,436,Israel,1994,0,1,1,0,0,1,0,0,0,0,0,0,0,0,0,0
4/1/1994,ISR,436,Israel,1994,0,1,1,0,0,1,0,0,0,0,0,0,0,0,0,0
7/1/1994,ISR,436,Israel,1994,0,1,1,0,0,1,0,0,0,0,0,0,0,0,0,0
10/1/1994,ISR,436,Israel,1994,0,1,1,0,0,1,0,0,0,0,0,0,0,0,0,0
1/1/1995,ISR,436,Israel,1995,0,1,1,0,0,1,0,0,0,0,0,0,0,0,0,0
4/1/1995,ISR,436,Israel,1995,0,1,1,0,0,1,0,0,0,0,0,0,0,0,0,0
7/1/1995,ISR,436,Israel,1995,0,1,1,0,0,1,0,0,0,0,0,0,0,0,0,0
10/1/1995,ISR,436,Israel,1995,0,1,1,0,0,1,0,0,0,0,0,0,0,0,0,0
1/1/1996,ISR,436,Israel,1996,0,1,1,0,0,1,0,0,0,0,0,0,0,0,0,0
4/1/1996,ISR,436,Israel,1996,0,1,1,0,0,1,0,0,0,0,0,0,0,0,0,0
7/1/1996,ISR,436,Israel,1996,0,1,1,0,0,1,0,0,0,0,0,0,0,0,0,0
10/1/1996,ISR,436,Israel,1996,0,1,1,0,0,1,0,0,0,0,0,0,0,0,0,0
1/1/1997,ISR,436,Israel,1997,0,1,1,0,0,1,0,0,0,0,0,0,0,0,0,0
4/1/1997,ISR,436,Israel,1997,0,1,1,0,0,1,0,0,0,0,0,0,0,0,0,0
7/1/1997,ISR,436,Israel,1997,0,1,1,0,0,1,0,0,0,0,0,0,0,0,0,0
10/1/1997,ISR,436,Israel,1997,0,1,1,0,0,1,0,0,0,0,0,0,0,0,0,0
1/1/1998,ISR,436,Israel,1998,0,1,1,0,0,1,0,0,0,0,0,0,0,0,0,0
4/1/1998,ISR,436,Israel,1998,0,1,1,0,0,1,0,0,0,0,0,0,0,0,0,0
7/1/1998,ISR,436,Israel,1998,0,1,1,0,0,1,0,0,0,0,0,0,0,0,0,0
10/1/1998,ISR,436,Israel,1998,0,1,1,0,0,1,0,0,0,0,0,0,0,0,0,0
1/1/1999,ISR,436,Israel,1999,0,1,1,0,0,1,0,0,0,0,0,0,0,0,0,0
4/1/1999,ISR,436,Israel,1999,0,1,1,0,0,1,0,0,0,0,0,0,0,0,0,0
7/1/1999,ISR,436,Israel,1999,0,1,1,0,0,1,0,0,0,0,0,0,0,0,0,0
10/1/1999,ISR,436,Israel,1999,0,1,1,0,0,1,0,0,0,0,0,0,0,0,0,0
1/1/2000,ISR,436,Israel,2000,0,1,1,0,0,1,0,0,0,0,0,0,0,0,0,0
4/1/2000,ISR,436,Israel,2000,0,1,1,0,0,1,0,0,0,0,0,0,0,0,0,0
7/1/2000,ISR,436,Israel,2000,0,1,1,0,0,1,0,0,0,0,0,0,0,0,0,0
10/1/2000,ISR,436,Israel,2000,0,1,1,0,0,1,0,0,0,0,0,0,0,0,0,0
1/1/2001,ISR,436,Israel,2001,0,1,1,0,0,1,0,0,0,0,0,0,0,0,0,0
4/1/2001,ISR,436,Israel,2001,0,1,1,0,0,1,0,0,0,0,0,0,0,0,0,0
7/1/2001,ISR,436,Israel,2001,0,1,1,0,0,1,0,0,0,0,0,0,0,0,0,0
10/1/2001,ISR,436,Israel,2001,0,1,1,0,0,1,0,0,0,0,0,0,0,0,0,0
1/1/2002,ISR,436,Israel,2002,0,1,1,0,0,1,0,0,0,0,0,0,0,0,0,0
4/1/2002,ISR,436,Israel,2002,0,1,1,0,0,1,0,0,0,0,0,0,0,0,0,0
7/1/2002,ISR,436,Israel,2002,0,1,1,0,0,1,0,0,0,0,0,0,0,0,0,0
10/1/2002,ISR,436,Israel,2002,0,1,1,0,0,1,0,0,0,0,0,0,0,0,0,0
1/1/2003,ISR,436,Israel,2003,0,1,1,0,0,1,0,0,0,0,0,0,0,0,0,0
4/1/2003,ISR,436,Israel,2003,0,1,1,0,0,1,0,0,0,0,0,0,0,0,0,0
7/1/2003,ISR,436,Israel,2003,0,1,1,0,0,1,0,0,0,0,0,0,0,0,0,0
10/1/2003,ISR,436,Israel,2003,0,1,1,0,0,1,0,0,0,0,0,0,0,0,0,0
1/1/2004,ISR,436,Israel,2004,0,1,1,0,0,1,0,0,0,0,0,0,0,0,0,0
4/1/2004,ISR,436,Israel,2004,0,1,1,0,0,1,0,0,0,0,0,0,0,0,0,0
7/1/2004,ISR,436,Israel,2004,0,1,1,0,0,1,0,0,0,0,0,0,0,0,0,0
10/1/2004,ISR,436,Israel,2004,0,1,1,0,0,1,0,0,0,0,0,0,0,0,0,0
1/1/2005,ISR,436,Israel,2005,0,1,1,0,0,1,0,0,0,0,0,0,0,0,0,0
4/1/2005,ISR,436,Israel,2005,0,1,1,0,0,1,0,0,0,0,0,0,0,0,0,0
7/1/2005,ISR,436,Israel,2005,0,1,1,0,0,1,0,0,0,0,0,0,0,0,0,0
10/1/2005,ISR,436,Israel,2005,0,1,1,0,0,1,0,0,0,0,0,0,0,0,0,0
1/1/2006,ISR,436,Israel,2006,0,1,1,0,0,1,0,0,0,0,0,0,0,0,0,0
4/1/2006,ISR,436,Israel,2006,0,1,1,0,0,1,0,0,0,0,0,0,0,0,0,0
7/1/2006,ISR,436,Israel,2006,0,1,1,0,0,1,0,0,0,0,0,0,0,0,0,0
10/1/2006,ISR,436,Israel,2006,0,1,1,0,0,1,0,0,0,0,0,0,0,0,0,0
1/1/2007,ISR,436,Israel,2007,0,1,1,0,0,1,0,0,0,0,0,0,0,0,0,0
4/1/2007,ISR,436,Israel,2007,0,1,1,0,0,1,0,0,0,0,0,0,0,0,0,0
7/1/2007,ISR,436,Israel,2007,0,1,1,0,0,1,0,0,0,0,0,0,0,0,0,0
10/1/2007,ISR,436,Israel,2007,0,1,1,0,0,1,0,0,0,0,0,0,0,0,0,0
1/1/2008,ISR,436,Israel,2008,0,1,1,0,0,1,0,0,0,0,0,0,0,0,0,0
4/1/2008,ISR,436,Israel,2008,0,1,1,0,0,1,0,0,0,0,0,0,0,0,0,0
7/1/2008,ISR,436,Israel,2008,0,1,1,0,0,1,0,0,0,0,0,0,0,0,0,0
10/1/2008,ISR,436,Israel,2008,0,1,1,0,0,1,0,0,0,0,0,0,0,0,0,0
1/1/2009,ISR,436,Israel,2009,0,1,1,0,0,1,0,0,0,0,0,0,0,0,0,0
4/1/2009,ISR,436,Israel,2009,0,1,1,0,0,1,0,0,0,0,0,0,0,0,0,0
7/1/2009,ISR,436,Israel,2009,0,1,1,0,0,1,0,0,0,0,0,0,0,0,0,0
10/1/2009,ISR,436,Israel,2009,0,1,1,0,0,1,0,0,0,0,0,0,0,0,0,0
1/1/2010,ISR,436,Israel,2010,0,1,1,0,0,1,0,0,0,0,0,0,0,0,0,0
4/1/2010,ISR,436,Israel,2010,0,1,1,0,0,1,0,0,0,0,0,0,0,0,0,0
7/1/2010,ISR,436,Israel,2010,0,1,1,0,0,1,0,0,0,0,0,0,0,0,0,0
10/1/2010,ISR,436,Israel,2010,0,1,1,0,0,1,0,0,0,0,0,0,0,0,0,0
1/1/2011,ISR,436,Israel,2011,0,1,1,0,0,1,0,0,0,0,0,0,0,0,0,0
4/1/2011,ISR,436,Israel,2011,0,1,1,0,0,1,0,0,0,0,0,0,0,0,0,0
7/1/2011,ISR,436,Israel,2011,0,1,1,0,0,1,0,0,0,0,0,0,0,0,0,0
10/1/2011,ISR,436,Israel,2011,0,1,1,0,0,1,0,0,0,0,0,0,0,0,0,0
1/1/2012,ISR,436,Israel,2012,0,1,1,0,0,1,0,0,0,0,0,0,0,0,0,0
4/1/2012,ISR,436,Israel,2012,0,1,1,0,0,1,0,0,0,0,0,0,0,0,0,0
7/1/2012,ISR,436,Israel,2012,0,1,1,0,0,1,0,0,0,0,0,0,0,0,0,0
10/1/2012,ISR,436,Israel,2012,0,1,1,0,0,1,0,0,0,0,0,0,0,0,0,0
1/1/2013,ISR,436,Israel,2013,0,1,1,0,0,1,0,0,0,0,0,0,0,0,0,0
4/1/2013,ISR,436,Israel,2013,0,1,1,0,0,1,0,0,0,0,0,0,0,0,0,0
7/1/2013,ISR,436,Israel,2013,0,1,1,0,0,1,0,0,0,0,0,0,0,0,0,0
10/1/2013,ISR,436,Israel,2013,0,1,1,0,0,1,0,0,0,0,0,0,0,0,0,0
1/1/2014,ISR,436,Israel,2014,0,1,1,0,0,1,0,0,0,0,0,0,0,0,0,0
4/1/2014,ISR,436,Israel,2014,0,1,1,0,0,1,0,0,0,0,0,0,0,0,0,0
7/1/2014,ISR,436,Israel,2014,0,1,1,0,0,1,0,0,0,0,0,0,0,0,0,0
10/1/2014,ISR,436,Israel,2014,0,1,1,0,0,1,0,0,0,0,0,0,0,0,0,0
1/1/2015,ISR,436,Israel,2015,0,1,1,0,0,1,0,0,0,0,0,0,0,0,0,0
4/1/2015,ISR,436,Israel,2015,0,1,1,0,0,1,0,0,0,0,0,0,0,0,0,0
7/1/2015,ISR,436,Israel,2015,0,1,1,0,0,1,0,0,0,0,0,0,0,0,0,0
10/1/2015,ISR,436,Israel,2015,0,1,1,0,0,1,0,0,0,0,0,0,0,0,0,0
1/1/2016,ISR,436,Israel,2016,0,1,1,0,0,1,0,0,0,0,0,0,0,0,0,0
4/1/2016,ISR,436,Israel,2016,0,1,1,0,0,1,0,0,0,0,0,0,0,0,0,0
7/1/2016,ISR,436,Israel,2016,0,1,1,0,0,1,0,0,0,0,0,0,0,0,0,0
10/1/2016,ISR,436,Israel,2016,0,1,1,0,0,1,0,0,0,0,0,0,0,0,0,0
1/1/2017,ISR,436,Israel,2017,0,1,1,0,0,1,0,0,0,0,0,0,0,0,0,0
4/1/2017,ISR,436,Israel,2017,0,1,1,0,0,1,0,0,0,0,0,0,0,0,0,0
7/1/2017,ISR,436,Israel,2017,0,1,1,0,0,1,0,0,0,0,0,0,0,0,0,0
10/1/2017,ISR,436,Israel,2017,0,1,1,0,0,1,0,0,0,0,0,0,0,0,0,0
1/1/2018,ISR,436,Israel,2018,0,1,1,0,0,1,0,0,0,0,0,0,0,0,0,0
4/1/2018,ISR,436,Israel,2018,0,1,1,0,0,1,0,0,0,0,0,0,0,0,0,0
7/1/2018,ISR,436,Israel,2018,0,1,1,0,0,1,0,0,0,0,0,0,0,0,0,0
10/1/2018,ISR,436,Israel,2018,0,1,1,0,0,1,0,0,0,0,0,0,0,0,0,0
1/1/2019,ISR,436,Israel,2019,0,1,1,0,0,1,0,0,0,0,0,0,0,0,0,0
4/1/2019,ISR,436,Israel,2019,0,1,1,0,0,1,0,0,0,0,0,0,0,0,0,0
7/1/2019,ISR,436,Israel,2019,0,1,1,0,0,1,0,0,0,0,0,0,0,0,0,0
10/1/2019,ISR,436,Israel,2019,0,1,1,0,0,1,0,0,0,0,0,0,0,0,0,0
1/1/2020,ISR,436,Israel,2020,0,1,1,0,0,1,0,0,0,0,0,0,0,0,0,0
4/1/2020,ISR,436,Israel,2020,0,1,1,0,0,1,0,0,0,0,0,0,0,0,0,0
7/1/2020,ISR,436,Israel,2020,0,1,1,0,0,1,0,0,0,0,0,0,0,0,0,0
10/1/2020,ISR,436,Israel,2020,0,1,1,0,0,1,0,0,0,0,0,0,0,0,0,0
1/1/2021,ISR,436,Israel,2021,0,1,1,0,0,1,0,0,0,0,0,0,0,0,0,0
4/1/2021,ISR,436,Israel,2021,0,1,1,0,0,1,0,0,0,0,0,0,0,0,0,0
7/1/2021,ISR,436,Israel,2021,0,1,1,0,0,1,0,0,0,0,0,0,0,0,0,0
10/1/2021,ISR,436,Israel,2021,0,1,1,0,0,1,0,0,0,0,0,0,0,0,0,0
1/1/2022,ISR,436,Israel,2022,0,1,1,0,0,1,0,0,0,0,0,0,0,0,0,0
4/1/2022,ISR,436,Israel,2022,0,1,1,0,0,1,0,0,0,0,0,0,0,0,0,0
7/1/2022,ISR,436,Israel,2022,0,1,1,0,0,1,0,0,0,0,0,0,0,0,0,0
10/1/2022,ISR,436,Israel,2022,0,1,1,0,0,1,0,0,0,0,0,0,0,0,0,0
1/1/2023,ISR,436,Israel,2023,0,1,1,0,0,1,0,0,0,0,0,0,0,0,0,0
4/1/2023,ISR,436,Israel,2023,0,1,1,0,0,1,0,0,0,0,0,0,0,0,0,0
7/1/2023,ISR,436,Israel,2023,0,1,1,0,0,1,0,0,0,0,0,0,0,0,0,0
10/1/2023,ISR,436,Israel,2023,0,1,1,0,0,1,0,0,0,0,0,0,0,0,0,0
1/1/2024,ISR,436,Israel,2024,0,1,1,0,0,1,0,0,0,0,0,0,0,0,0,0
4/1/2024,ISR,436,Israel,2024,0,1,1,0,0,1,0,0,0,0,0,0,0,0,0,0
7/1/2024,ISR,436,Israel,2024,0,1,1,0,0,1,0,0,0,0,0,0,0,0,0,0
10/1/2024,ISR,436,Israel,2024,0,1,1,0,0,1,0,0,0,0,0,0,0,0,0,0
1/1/2006,SAU,456,Saudi Arabia,2006,0,1,0,0,0,1,0,0,0,0,0,1,0,0,0,0
4/1/2006,SAU,456,Saudi Arabia,2006,0,1,0,0,0,1,0,0,0,0,0,1,0,0,0,0
7/1/2006,SAU,456,Saudi Arabia,2006,0,1,0,0,0,1,0,0,0,0,0,1,0,0,0,0
10/1/2006,SAU,456,Saudi Arabia,2006,0,1,0,0,0,1,0,0,0,0,0,1,0,0,0,0
1/1/2007,SAU,456,Saudi Arabia,2007,0,1,0,0,0,1,0,0,0,0,0,1,0,0,0,0
4/1/2007,SAU,456,Saudi Arabia,2007,0,1,0,0,0,1,0,0,0,0,0,1,0,0,0,0
7/1/2007,SAU,456,Saudi Arabia,2007,0,1,0,0,0,1,0,0,0,0,0,1,0,0,0,0
10/1/2007,SAU,456,Saudi Arabia,2007,0,1,0,0,0,1,0,0,0,0,0,1,0,0,0,0
1/1/2008,SAU,456,Saudi Arabia,2008,0,1,0,0,0,1,0,0,0,0,0,1,0,0,0,0
4/1/2008,SAU,456,Saudi Arabia,2008,0,1,0,0,0,1,0,0,0,0,0,1,0,0,0,0
7/1/2008,SAU,456,Saudi Arabia,2008,0,1,0,0,0,1,0,0,0,0,0,1,0,0,0,0
10/1/2008,SAU,456,Saudi Arabia,2008,0,1,0,0,0,1,0,0,0,0,0,1,0,0,0,0
1/1/2009,SAU,456,Saudi Arabia,2009,0,1,0,0,0,1,0,0,0,0,0,1,0,0,0,0
4/1/2009,SAU,456,Saudi Arabia,2009,0,1,0,0,0,1,0,0,0,0,0,1,0,0,0,0
7/1/2009,SAU,456,Saudi Arabia,2009,0,1,0,0,0,1,0,0,0,0,0,1,0,0,0,0
10/1/2009,SAU,456,Saudi Arabia,2009,0,1,0,0,0,1,0,0,0,0,0,1,0,0,0,0
1/1/2010,SAU,456,Saudi Arabia,2010,0,1,0,0,0,1,0,0,0,0,0,1,0,0,0,0
4/1/2010,SAU,456,Saudi Arabia,2010,0,1,0,0,0,1,0,0,0,0,0,1,0,0,0,0
7/1/2010,SAU,456,Saudi Arabia,2010,0,1,0,0,0,1,0,0,0,0,0,1,0,0,0,0
10/1/2010,SAU,456,Saudi Arabia,2010,0,1,0,0,0,1,0,0,0,0,0,1,0,0,0,0
1/1/2011,SAU,456,Saudi Arabia,2011,0,1,0,0,0,1,0,0,0,0,0,1,0,0,0,0
4/1/2011,SAU,456,Saudi Arabia,2011,0,1,0,0,0,1,0,0,0,0,0,1,0,0,0,0
7/1/2011,SAU,456,Saudi Arabia,2011,0,1,0,0,0,1,0,0,0,0,0,1,0,0,0,0
10/1/2011,SAU,456,Saudi Arabia,2011,0,1,0,0,0,1,0,0,0,0,0,1,0,0,0,0
1/1/2012,SAU,456,Saudi Arabia,2012,0,1,0,0,0,1,0,0,0,0,0,1,0,0,0,0
4/1/2012,SAU,456,Saudi Arabia,2012,0,1,0,0,0,1,0,0,0,0,0,1,0,0,0,0
7/1/2012,SAU,456,Saudi Arabia,2012,0,1,0,0,0,1,0,0,0,0,0,1,0,0,0,0
10/1/2012,SAU,456,Saudi Arabia,2012,0,1,0,0,0,1,0,0,0,0,0,1,0,0,0,0
1/1/2013,SAU,456,Saudi Arabia,2013,0,1,0,0,0,1,0,0,0,0,0,1,0,0,0,0
4/1/2013,SAU,456,Saudi Arabia,2013,0,1,0,0,0,1,0,0,0,0,0,1,0,0,0,0
7/1/2013,SAU,456,Saudi Arabia,2013,0,1,0,0,0,1,0,0,0,0,0,1,0,0,0,0
10/1/2013,SAU,456,Saudi Arabia,2013,0,1,0,0,0,1,0,0,0,0,0,1,0,0,0,0
1/1/2014,SAU,456,Saudi Arabia,2014,0,1,0,0,0,1,0,0,0,0,0,1,0,0,0,0
4/1/2014,SAU,456,Saudi Arabia,2014,0,1,0,0,0,1,0,0,0,0,0,1,0,0,0,0
7/1/2014,SAU,456,Saudi Arabia,2014,0,1,0,0,0,1,0,0,0,0,0,1,0,0,0,0
10/1/2014,SAU,456,Saudi Arabia,2014,0,1,0,0,0,1,0,0,0,0,0,1,0,0,0,0
1/1/2015,SAU,456,Saudi Arabia,2015,0,1,0,0,0,1,0,0,0,0,0,1,0,0,0,0
4/1/2015,SAU,456,Saudi Arabia,2015,0,1,0,0,0,1,0,0,0,0,0,1,0,0,0,0
7/1/2015,SAU,456,Saudi Arabia,2015,0,1,0,0,0,1,0,0,0,0,0,1,0,0,0,0
10/1/2015,SAU,456,Saudi Arabia,2015,0,1,0,0,0,1,0,0,0,0,0,1,0,0,0,0
1/1/2016,SAU,456,Saudi Arabia,2016,0,1,0,0,0,1,0,0,0,0,0,1,0,0,0,0
4/1/2016,SAU,456,Saudi Arabia,2016,0,1,0,0,0,1,0,0,0,0,0,1,0,0,0,0
7/1/2016,SAU,456,Saudi Arabia,2016,0,1,0,0,0,1,0,0,0,0,0,1,0,0,0,0
10/1/2016,SAU,456,Saudi Arabia,2016,0,1,0,0,0,1,0,0,0,0,0,1,0,0,0,0
1/1/2017,SAU,456,Saudi Arabia,2017,0,1,0,0,0,1,0,0,0,0,0,1,0,0,0,0
4/1/2017,SAU,456,Saudi Arabia,2017,0,1,0,0,0,1,0,0,0,0,0,1,0,0,0,0
7/1/2017,SAU,456,Saudi Arabia,2017,0,1,0,0,0,1,0,0,0,0,0,1,0,0,0,0
10/1/2017,SAU,456,Saudi Arabia,2017,0,1,0,0,0,1,0,0,0,0,0,1,0,0,0,0
1/1/2018,SAU,456,Saudi Arabia,2018,0,1,0,0,0,1,0,0,0,0,0,1,0,0,0,0
4/1/2018,SAU,456,Saudi Arabia,2018,0,1,0,0,0,1,0,0,0,0,0,1,0,0,0,0
7/1/2018,SAU,456,Saudi Arabia,2018,0,1,0,0,0,1,0,0,0,0,0,1,0,0,0,0
10/1/2018,SAU,456,Saudi Arabia,2018,0,1,0,0,0,1,0,0,0,0,0,1,0,0,0,0
1/1/2019,SAU,456,Saudi Arabia,2019,0,1,0,0,0,1,0,0,0,0,0,1,0,0,0,0
4/1/2019,SAU,456,Saudi Arabia,2019,0,1,0,0,0,1,0,0,0,0,0,1,0,0,0,0
7/1/2019,SAU,456,Saudi Arabia,2019,0,1,0,0,0,1,0,0,0,0,0,1,0,0,0,0
10/1/2019,SAU,456,Saudi Arabia,2019,0,1,0,0,0,1,0,0,0,0,0,1,0,0,0,0
1/1/2020,SAU,456,Saudi Arabia,2020,0,1,0,0,0,1,0,0,0,0,0,1,0,0,0,0
4/1/2020,SAU,456,Saudi Arabia,2020,0,1,0,0,0,1,0,0,0,0,0,1,0,0,0,0
7/1/2020,SAU,456,Saudi Arabia,2020,0,1,0,0,0,1,0,0,0,0,0,1,0,0,0,0
10/1/2020,SAU,456,Saudi Arabia,2020,0,1,0,0,0,1,0,0,0,0,0,1,0,0,0,0
1/1/2021,SAU,456,Saudi Arabia,2021,0,1,0,0,0,1,0,0,0,0,0,1,0,0,0,0
4/1/2021,SAU,456,Saudi Arabia,2021,0,1,0,0,0,1,0,0,0,0,0,1,0,0,0,0
7/1/2021,SAU,456,Saudi Arabia,2021,0,1,0,0,0,1,0,0,0,0,0,1,0,0,0,0
10/1/2021,SAU,456,Saudi Arabia,2021,0,1,0,0,0,1,0,0,0,0,0,1,0,0,0,0
1/1/2022,SAU,456,Saudi Arabia,2022,0,1,0,0,0,1,0,0,0,0,0,1,0,0,0,0
4/1/2022,SAU,456,Saudi Arabia,2022,0,1,0,0,0,1,0,0,0,0,0,1,0,0,0,0
7/1/2022,SAU,456,Saudi Arabia,2022,0,1,0,0,0,1,0,0,0,0,0,1,0,0,0,0
10/1/2022,SAU,456,Saudi Arabia,2022,0,1,0,0,0,1,0,0,0,0,0,1,0,0,0,0
1/1/2023,SAU,456,Saudi Arabia,2023,0,1,0,0,0,1,0,0,0,0,0,1,0,0,0,0
4/1/2023,SAU,456,Saudi Arabia,2023,0,1,0,0,0,1,0,0,0,0,0,1,0,0,0,0
7/1/2023,SAU,456,Saudi Arabia,2023,0,1,0,0,0,1,0,0,0,0,0,1,0,0,0,0
10/1/2023,SAU,456,Saudi Arabia,2023,0,1,0,0,0,1,0,0,0,0,0,1,0,0,0,0
1/1/2024,SAU,456,Saudi Arabia,2024,0,1,0,0,0,1,0,0,0,0,0,1,0,0,0,0
4/1/2024,SAU,456,Saudi Arabia,2024,0,1,0,0,0,1,0,0,0,0,0,1,0,0,0,0
7/1/2024,SAU,456,Saudi Arabia,2024,0,1,0,0,0,1,0,0,0,0,0,1,0,0,0,0
10/1/2024,SAU,456,Saudi Arabia,2024,0,1,0,0,0,1,0,0,0,0,0,1,0,0,0,0
1/1/1994,KHM,522,Cambodia,1994,0,1,0,1,0,0,0,0,0,0,0,0,0,0,0,0
4/1/1994,KHM,522,Cambodia,1994,0,1,0,1,0,0,0,0,0,0,0,0,0,0,0,0
7/1/1994,KHM,522,Cambodia,1994,0,1,0,1,0,0,0,0,0,0,0,0,0,0,0,0
10/1/1994,KHM,522,Cambodia,1994,0,1,0,1,0,0,0,0,0,0,0,0,0,0,0,0
1/1/1995,KHM,522,Cambodia,1995,0,1,0,1,0,0,0,0,0,0,0,0,0,0,0,0
4/1/1995,KHM,522,Cambodia,1995,0,1,0,1,0,0,0,0,0,0,0,0,0,0,0,0
7/1/1995,KHM,522,Cambodia,1995,0,1,0,1,0,0,0,0,0,0,0,0,0,0,0,0
10/1/1995,KHM,522,Cambodia,1995,0,1,0,1,0,0,0,0,0,0,0,0,0,0,0,0
1/1/1996,KHM,522,Cambodia,1996,0,1,0,1,0,0,0,0,0,0,0,0,0,0,0,0
4/1/1996,KHM,522,Cambodia,1996,0,1,0,1,0,0,0,0,0,0,0,0,0,0,0,0
7/1/1996,KHM,522,Cambodia,1996,0,1,0,1,0,0,0,0,0,0,0,0,0,0,0,0
10/1/1996,KHM,522,Cambodia,1996,0,1,0,1,0,0,0,0,0,0,0,0,0,0,0,0
1/1/1997,KHM,522,Cambodia,1997,0,1,0,1,0,0,0,0,0,0,0,0,0,0,0,0
4/1/1997,KHM,522,Cambodia,1997,0,1,0,1,0,0,0,0,0,0,0,0,0,0,0,0
7/1/1997,KHM,522,Cambodia,1997,0,1,0,1,0,0,0,0,0,0,0,0,0,0,0,0
10/1/1997,KHM,522,Cambodia,1997,0,1,0,1,0,0,0,0,0,0,0,0,0,0,0,0
1/1/1998,KHM,522,Cambodia,1998,0,1,0,1,0,0,0,0,0,0,0,0,0,0,0,0
4/1/1998,KHM,522,Cambodia,1998,0,1,0,1,0,0,0,0,0,0,0,0,0,0,0,0
7/1/1998,KHM,522,Cambodia,1998,0,1,0,1,0,0,0,0,0,0,0,0,0,0,0,0
10/1/1998,KHM,522,Cambodia,1998,0,1,0,1,0,0,0,0,0,0,0,0,0,0,0,0
1/1/1999,KHM,522,Cambodia,1999,0,1,0,1,0,0,0,0,0,0,0,0,0,0,0,0
4/1/1999,KHM,522,Cambodia,1999,0,1,0,1,0,0,0,0,0,0,0,0,0,0,0,0
7/1/1999,KHM,522,Cambodia,1999,0,1,0,1,0,0,0,0,0,0,0,0,0,0,0,0
10/1/1999,KHM,522,Cambodia,1999,0,1,0,1,0,0,0,0,0,0,0,0,0,0,0,0
1/1/2000,KHM,522,Cambodia,2000,0,1,0,1,0,0,0,0,0,0,0,0,0,0,0,0
4/1/2000,KHM,522,Cambodia,2000,0,1,0,1,0,0,0,0,0,0,0,0,0,0,0,0
7/1/2000,KHM,522,Cambodia,2000,0,1,0,1,0,0,0,0,0,0,0,0,0,0,0,0
10/1/2000,KHM,522,Cambodia,2000,0,1,0,1,0,0,0,0,0,0,0,0,0,0,0,0
1/1/2001,KHM,522,Cambodia,2001,0,1,0,1,0,0,0,0,0,0,0,0,0,0,0,0
4/1/2001,KHM,522,Cambodia,2001,0,1,0,1,0,0,0,0,0,0,0,0,0,0,0,0
7/1/2001,KHM,522,Cambodia,2001,0,1,0,1,0,0,0,0,0,0,0,0,0,0,0,0
10/1/2001,KHM,522,Cambodia,2001,0,1,0,1,0,0,0,0,0,0,0,0,0,0,0,0
1/1/2002,KHM,522,Cambodia,2002,0,1,0,1,0,0,0,0,0,0,0,0,0,0,0,0
4/1/2002,KHM,522,Cambodia,2002,0,1,0,1,0,0,0,0,0,0,0,0,0,0,0,0
7/1/2002,KHM,522,Cambodia,2002,0,1,0,1,0,0,0,0,0,0,0,0,0,0,0,0
10/1/2002,KHM,522,Cambodia,2002,0,1,0,1,0,0,0,0,0,0,0,0,0,0,0,0
1/1/2003,KHM,522,Cambodia,2003,0,1,0,1,0,0,0,0,0,0,0,0,0,0,0,0
4/1/2003,KHM,522,Cambodia,2003,0,1,0,1,0,0,0,0,0,0,0,0,0,0,0,0
7/1/2003,KHM,522,Cambodia,2003,0,1,0,1,0,0,0,0,0,0,0,0,0,0,0,0
10/1/2003,KHM,522,Cambodia,2003,0,1,0,1,0,0,0,0,0,0,0,0,0,0,0,0
1/1/2004,KHM,522,Cambodia,2004,0,1,0,1,0,0,0,0,0,0,0,0,0,0,0,0
4/1/2004,KHM,522,Cambodia,2004,0,1,0,1,0,0,0,0,0,0,0,0,0,0,0,0
7/1/2004,KHM,522,Cambodia,2004,0,1,0,1,0,0,0,0,0,0,0,0,0,0,0,0
10/1/2004,KHM,522,Cambodia,2004,0,1,0,1,0,0,0,0,0,0,0,0,0,0,0,0
1/1/2005,KHM,522,Cambodia,2005,0,1,0,1,0,0,0,0,0,0,0,0,0,0,0,0
4/1/2005,KHM,522,Cambodia,2005,0,1,0,1,0,0,0,0,0,0,0,0,0,0,0,0
7/1/2005,KHM,522,Cambodia,2005,0,1,0,1,0,0,0,0,0,0,0,0,0,0,0,0
10/1/2005,KHM,522,Cambodia,2005,0,1,0,1,0,0,0,0,0,0,0,0,0,0,0,0
1/1/2006,KHM,522,Cambodia,2006,0,1,0,1,0,0,0,0,0,0,0,0,0,0,0,0
4/1/2006,KHM,522,Cambodia,2006,0,1,0,1,0,0,0,0,0,0,0,0,0,0,0,0
7/1/2006,KHM,522,Cambodia,2006,0,1,0,1,0,0,0,0,0,0,0,0,0,0,0,0
10/1/2006,KHM,522,Cambodia,2006,0,1,0,1,0,0,0,0,0,0,0,0,0,0,0,0
1/1/2007,KHM,522,Cambodia,2007,0,1,0,1,0,0,0,0,0,0,0,0,0,0,0,0
4/1/2007,KHM,522,Cambodia,2007,0,1,0,1,0,0,0,0,0,0,0,0,0,0,0,0
7/1/2007,KHM,522,Cambodia,2007,0,1,0,1,0,0,0,0,0,0,0,0,0,0,0,0
10/1/2007,KHM,522,Cambodia,2007,0,1,0,1,0,0,0,0,0,0,0,0,0,0,0,0
1/1/2008,KHM,522,Cambodia,2008,0,1,0,1,0,0,0,0,0,0,0,0,0,0,0,0
4/1/2008,KHM,522,Cambodia,2008,0,1,0,1,0,0,0,0,0,0,0,0,0,0,0,0
7/1/2008,KHM,522,Cambodia,2008,0,1,0,1,0,0,0,0,0,0,0,0,0,0,0,0
10/1/2008,KHM,522,Cambodia,2008,0,1,0,1,0,0,0,0,0,0,0,0,0,0,0,0
1/1/2009,KHM,522,Cambodia,2009,0,1,0,1,0,0,0,0,0,0,0,0,0,0,0,0
4/1/2009,KHM,522,Cambodia,2009,0,1,0,1,0,0,0,0,0,0,0,0,0,0,0,0
7/1/2009,KHM,522,Cambodia,2009,0,1,0,1,0,0,0,0,0,0,0,0,0,0,0,0
10/1/2009,KHM,522,Cambodia,2009,0,1,0,1,0,0,0,0,0,0,0,0,0,0,0,0
1/1/2010,KHM,522,Cambodia,2010,0,1,0,1,0,0,0,0,0,0,0,0,0,0,0,0
4/1/2010,KHM,522,Cambodia,2010,0,1,0,1,0,0,0,0,0,0,0,0,0,0,0,0
7/1/2010,KHM,522,Cambodia,2010,0,1,0,1,0,0,0,0,0,0,0,0,0,0,0,0
10/1/2010,KHM,522,Cambodia,2010,0,1,0,1,0,0,0,0,0,0,0,0,0,0,0,0
1/1/2011,KHM,522,Cambodia,2011,0,1,0,1,0,0,0,0,0,0,0,0,0,0,0,0
4/1/2011,KHM,522,Cambodia,2011,0,1,0,1,0,0,0,0,0,0,0,0,0,0,0,0
7/1/2011,KHM,522,Cambodia,2011,0,1,0,1,0,0,0,0,0,0,0,0,0,0,0,0
10/1/2011,KHM,522,Cambodia,2011,0,1,0,1,0,0,0,0,0,0,0,0,0,0,0,0
1/1/2012,KHM,522,Cambodia,2012,0,1,0,1,0,0,0,0,0,0,0,0,0,0,0,0
4/1/2012,KHM,522,Cambodia,2012,0,1,0,1,0,0,0,0,0,0,0,0,0,0,0,0
7/1/2012,KHM,522,Cambodia,2012,0,1,0,1,0,0,0,0,0,0,0,0,0,0,0,0
10/1/2012,KHM,522,Cambodia,2012,0,1,0,1,0,0,0,0,0,0,0,0,0,0,0,0
1/1/2013,KHM,522,Cambodia,2013,0,1,0,1,0,0,0,0,0,0,0,0,0,0,0,0
4/1/2013,KHM,522,Cambodia,2013,0,1,0,1,0,0,0,0,0,0,0,0,0,0,0,0
7/1/2013,KHM,522,Cambodia,2013,0,1,0,1,0,0,0,0,0,0,0,0,0,0,0,0
10/1/2013,KHM,522,Cambodia,2013,0,1,0,1,0,0,0,0,0,0,0,0,0,0,0,0
1/1/2014,KHM,522,Cambodia,2014,0,1,0,1,0,0,0,0,0,0,0,0,0,0,0,0
4/1/2014,KHM,522,Cambodia,2014,0,1,0,1,0,0,0,0,0,0,0,0,0,0,0,0
7/1/2014,KHM,522,Cambodia,2014,0,1,0,1,0,0,0,0,0,0,0,0,0,0,0,0
10/1/2014,KHM,522,Cambodia,2014,0,1,0,1,0,0,0,0,0,0,0,0,0,0,0,0
1/1/2015,KHM,522,Cambodia,2015,0,1,0,1,0,0,0,0,0,0,0,0,0,0,0,0
4/1/2015,KHM,522,Cambodia,2015,0,1,0,1,0,0,0,0,0,0,0,0,0,0,0,0
7/1/2015,KHM,522,Cambodia,2015,0,1,0,1,0,0,0,0,0,0,0,0,0,0,0,0
10/1/2015,KHM,522,Cambodia,2015,0,1,0,1,0,0,0,0,0,0,0,0,0,0,0,0
1/1/2016,KHM,522,Cambodia,2016,0,1,0,1,0,0,0,0,0,0,0,0,0,0,0,0
4/1/2016,KHM,522,Cambodia,2016,0,1,0,1,0,0,0,0,0,0,0,0,0,0,0,0
7/1/2016,KHM,522,Cambodia,2016,0,1,0,1,0,0,0,0,0,0,0,0,0,0,0,0
10/1/2016,KHM,522,Cambodia,2016,0,1,0,1,0,0,0,0,0,0,0,0,0,0,0,0
1/1/2017,KHM,522,Cambodia,2017,0,1,0,1,0,0,0,0,0,0,0,0,0,0,0,0
4/1/2017,KHM,522,Cambodia,2017,0,1,0,1,0,0,0,0,0,0,0,0,0,0,0,0
7/1/2017,KHM,522,Cambodia,2017,0,1,0,1,0,0,0,0,0,0,0,0,0,0,0,0
10/1/2017,KHM,522,Cambodia,2017,0,1,0,1,0,0,0,0,0,0,0,0,0,0,0,0
1/1/2018,KHM,522,Cambodia,2018,0,1,0,1,0,0,0,0,0,0,0,0,0,0,0,0
4/1/2018,KHM,522,Cambodia,2018,0,1,0,1,0,0,0,0,0,0,0,0,0,0,0,0
7/1/2018,KHM,522,Cambodia,2018,0,1,0,1,0,0,0,0,0,0,0,0,0,0,0,0
10/1/2018,KHM,522,Cambodia,2018,0,1,0,1,0,0,0,0,0,0,0,0,0,0,0,0
1/1/2019,KHM,522,Cambodia,2019,0,1,0,1,0,0,0,0,0,0,0,0,0,0,0,0
4/1/2019,KHM,522,Cambodia,2019,0,1,0,1,0,0,0,0,0,0,0,0,0,0,0,0
7/1/2019,KHM,522,Cambodia,2019,0,1,0,1,0,0,0,0,0,0,0,0,0,0,0,0
10/1/2019,KHM,522,Cambodia,2019,0,1,0,1,0,0,0,0,0,0,0,0,0,0,0,0
1/1/2020,KHM,522,Cambodia,2020,0,1,0,1,0,0,0,0,0,0,0,0,0,0,0,0
4/1/2020,KHM,522,Cambodia,2020,0,1,0,1,0,0,0,0,0,0,0,0,0,0,0,0
7/1/2020,KHM,522,Cambodia,2020,0,1,0,1,0,0,0,0,0,0,0,0,0,0,0,0
10/1/2020,KHM,522,Cambodia,2020,0,1,0,1,0,0,0,0,0,0,0,0,0,0,0,0
1/1/2021,KHM,522,Cambodia,2021,0,1,0,1,0,0,0,0,0,0,0,0,0,0,0,0
4/1/2021,KHM,522,Cambodia,2021,0,1,0,1,0,0,0,0,0,0,0,0,0,0,0,0
7/1/2021,KHM,522,Cambodia,2021,0,1,0,1,0,0,0,0,0,0,0,0,0,0,0,0
10/1/2021,KHM,522,Cambodia,2021,0,1,0,1,0,0,0,0,0,0,0,0,0,0,0,0
1/1/1977,LKA,524,Sri Lanka,1977,0,1,1,0,0,0,1,0,0,0,0,0,0,0,0,0
4/1/1977,LKA,524,Sri Lanka,1977,0,1,1,0,0,0,1,0,0,0,0,0,0,0,0,0
7/1/1977,LKA,524,Sri Lanka,1977,0,1,1,0,0,0,1,0,0,0,0,0,0,0,0,0
10/1/1977,LKA,524,Sri Lanka,1977,0,1,1,0,0,0,1,0,0,0,0,0,0,0,0,0
1/1/1978,LKA,524,Sri Lanka,1978,0,1,1,0,0,0,1,0,0,0,0,0,0,0,0,0
4/1/1978,LKA,524,Sri Lanka,1978,0,1,1,0,0,0,1,0,0,0,0,0,0,0,0,0
7/1/1978,LKA,524,Sri Lanka,1978,0,1,1,0,0,0,1,0,0,0,0,0,0,0,0,0
10/1/1978,LKA,524,Sri Lanka,1978,0,1,1,0,0,0,1,0,0,0,0,0,0,0,0,0
1/1/1979,LKA,524,Sri Lanka,1979,0,1,1,0,0,0,1,0,0,0,0,0,0,0,0,0
4/1/1979,LKA,524,Sri Lanka,1979,0,1,1,0,0,0,1,0,0,0,0,0,0,0,0,0
7/1/1979,LKA,524,Sri Lanka,1979,0,1,1,0,0,0,1,0,0,0,0,0,0,0,0,0
10/1/1979,LKA,524,Sri Lanka,1979,0,1,1,0,0,0,1,0,0,0,0,0,0,0,0,0
1/1/1980,LKA,524,Sri Lanka,1980,0,1,1,0,0,0,1,0,0,0,0,0,0,0,0,0
4/1/1980,LKA,524,Sri Lanka,1980,0,1,1,0,0,0,1,0,0,0,0,0,0,0,0,0
7/1/1980,LKA,524,Sri Lanka,1980,0,1,1,0,0,0,1,0,0,0,0,0,0,0,0,0
10/1/1980,LKA,524,Sri Lanka,1980,0,1,1,0,0,0,1,0,0,0,0,0,0,0,0,0
1/1/1981,LKA,524,Sri Lanka,1981,0,1,1,0,0,0,1,0,0,0,0,0,0,0,0,0
4/1/1981,LKA,524,Sri Lanka,1981,0,1,1,0,0,0,1,0,0,0,0,0,0,0,0,0
7/1/1981,LKA,524,Sri Lanka,1981,0,1,1,0,0,0,1,0,0,0,0,0,0,0,0,0
10/1/1981,LKA,524,Sri Lanka,1981,0,1,1,0,0,0,1,0,0,0,0,0,0,0,0,0
1/1/1982,LKA,524,Sri Lanka,1982,0,1,1,0,0,0,1,0,0,0,0,0,0,0,0,0
4/1/1982,LKA,524,Sri Lanka,1982,0,1,1,0,0,0,1,0,0,0,0,0,0,0,0,0
7/1/1982,LKA,524,Sri Lanka,1982,0,1,1,0,0,0,1,0,0,0,0,0,0,0,0,0
10/1/1982,LKA,524,Sri Lanka,1982,0,1,1,0,0,0,1,0,0,0,0,0,0,0,0,0
1/1/1983,LKA,524,Sri Lanka,1983,0,1,1,0,0,0,1,0,0,0,0,0,0,0,0,0
4/1/1983,LKA,524,Sri Lanka,1983,0,1,1,0,0,0,1,0,0,0,0,0,0,0,0,0
7/1/1983,LKA,524,Sri Lanka,1983,0,1,1,0,0,0,1,0,0,0,0,0,0,0,0,0
10/1/1983,LKA,524,Sri Lanka,1983,0,1,1,0,0,0,1,0,0,0,0,0,0,0,0,0
1/1/1984,LKA,524,Sri Lanka,1984,0,1,1,0,0,0,1,0,0,0,0,0,0,0,0,0
4/1/1984,LKA,524,Sri Lanka,1984,0,1,1,0,0,0,1,0,0,0,0,0,0,0,0,0
7/1/1984,LKA,524,Sri Lanka,1984,0,1,1,0,0,0,1,0,0,0,0,0,0,0,0,0
10/1/1984,LKA,524,Sri Lanka,1984,0,1,1,0,0,0,1,0,0,0,0,0,0,0,0,0
1/1/1985,LKA,524,Sri Lanka,1985,0,1,1,0,0,0,1,0,0,0,0,0,0,0,0,0
4/1/1985,LKA,524,Sri Lanka,1985,0,1,1,0,0,0,1,0,0,0,0,0,0,0,0,0
7/1/1985,LKA,524,Sri Lanka,1985,0,1,1,0,0,0,1,0,0,0,0,0,0,0,0,0
10/1/1985,LKA,524,Sri Lanka,1985,0,1,1,0,0,0,1,0,0,0,0,0,0,0,0,0
1/1/1986,LKA,524,Sri Lanka,1986,0,1,1,0,0,0,1,0,0,0,0,0,0,0,0,0
4/1/1986,LKA,524,Sri Lanka,1986,0,1,1,0,0,0,1,0,0,0,0,0,0,0,0,0
7/1/1986,LKA,524,Sri Lanka,1986,0,1,1,0,0,0,1,0,0,0,0,0,0,0,0,0
10/1/1986,LKA,524,Sri Lanka,1986,0,1,1,0,0,0,1,0,0,0,0,0,0,0,0,0
1/1/1987,LKA,524,Sri Lanka,1987,0,1,1,0,0,0,1,0,0,0,0,0,0,0,0,0
4/1/1987,LKA,524,Sri Lanka,1987,0,1,1,0,0,0,1,0,0,0,0,0,0,0,0,0
7/1/1987,LKA,524,Sri Lanka,1987,0,1,1,0,0,0,1,0,0,0,0,0,0,0,0,0
10/1/1987,LKA,524,Sri Lanka,1987,0,1,1,0,0,0,1,0,0,0,0,0,0,0,0,0
1/1/1988,LKA,524,Sri Lanka,1988,0,1,1,0,0,0,1,0,0,0,0,0,0,0,0,0
4/1/1988,LKA,524,Sri Lanka,1988,0,1,1,0,0,0,1,0,0,0,0,0,0,0,0,0
7/1/1988,LKA,524,Sri Lanka,1988,0,1,1,0,0,0,1,0,0,0,0,0,0,0,0,0
10/1/1988,LKA,524,Sri Lanka,1988,0,1,1,0,0,0,1,0,0,0,0,0,0,0,0,0
1/1/1989,LKA,524,Sri Lanka,1989,0,1,1,0,0,0,1,0,0,0,0,0,0,0,0,0
4/1/1989,LKA,524,Sri Lanka,1989,0,1,1,0,0,0,1,0,0,0,0,0,0,0,0,0
7/1/1989,LKA,524,Sri Lanka,1989,0,1,1,0,0,0,1,0,0,0,0,0,0,0,0,0
10/1/1989,LKA,524,Sri Lanka,1989,0,1,1,0,0,0,1,0,0,0,0,0,0,0,0,0
1/1/1990,LKA,524,Sri Lanka,1990,0,1,1,0,0,0,1,0,0,0,0,0,0,0,0,0
4/1/1990,LKA,524,Sri Lanka,1990,0,1,1,0,0,0,1,0,0,0,0,0,0,0,0,0
7/1/1990,LKA,524,Sri Lanka,1990,0,1,1,0,0,0,1,0,0,0,0,0,0,0,0,0
10/1/1990,LKA,524,Sri Lanka,1990,0,1,1,0,0,0,1,0,0,0,0,0,0,0,0,0
1/1/1991,LKA,524,Sri Lanka,1991,0,1,1,0,0,0,1,0,0,0,0,0,0,0,0,0
4/1/1991,LKA,524,Sri Lanka,1991,0,1,1,0,0,0,1,0,0,0,0,0,0,0,0,0
7/1/1991,LKA,524,Sri Lanka,1991,0,1,1,0,0,0,1,0,0,0,0,0,0,0,0,0
10/1/1991,LKA,524,Sri Lanka,1991,0,1,1,0,0,0,1,0,0,0,0,0,0,0,0,0
1/1/1992,LKA,524,Sri Lanka,1992,0,1,1,0,0,0,1,0,0,0,0,0,0,0,0,0
4/1/1992,LKA,524,Sri Lanka,1992,0,1,1,0,0,0,1,0,0,0,0,0,0,0,0,0
7/1/1992,LKA,524,Sri Lanka,1992,0,1,1,0,0,0,1,0,0,0,0,0,0,0,0,0
10/1/1992,LKA,524,Sri Lanka,1992,0,1,1,0,0,0,1,0,0,0,0,0,0,0,0,0
1/1/1993,LKA,524,Sri Lanka,1993,0,1,1,0,0,0,1,0,0,0,0,0,0,0,0,0
4/1/1993,LKA,524,Sri Lanka,1993,0,1,1,0,0,0,1,0,0,0,0,0,0,0,0,0
7/1/1993,LKA,524,Sri Lanka,1993,0,1,1,0,0,0,1,0,0,0,0,0,0,0,0,0
10/1/1993,LKA,524,Sri Lanka,1993,0,1,1,0,0,0,1,0,0,0,0,0,0,0,0,0
1/1/1994,LKA,524,Sri Lanka,1994,0,1,1,0,0,0,1,0,0,0,0,0,0,0,0,0
4/1/1994,LKA,524,Sri Lanka,1994,0,1,1,0,0,0,1,0,0,0,0,0,0,0,0,0
7/1/1994,LKA,524,Sri Lanka,1994,0,1,1,0,0,0,1,0,0,0,0,0,0,0,0,0
10/1/1994,LKA,524,Sri Lanka,1994,0,1,1,0,0,0,1,0,0,0,0,0,0,0,0,0
1/1/1995,LKA,524,Sri Lanka,1995,0,1,1,0,0,0,1,0,0,0,0,0,0,0,0,0
4/1/1995,LKA,524,Sri Lanka,1995,0,1,1,0,0,0,1,0,0,0,0,0,0,0,0,0
7/1/1995,LKA,524,Sri Lanka,1995,0,1,1,0,0,0,1,0,0,0,0,0,0,0,0,0
10/1/1995,LKA,524,Sri Lanka,1995,0,1,1,0,0,0,1,0,0,0,0,0,0,0,0,0
1/1/1996,LKA,524,Sri Lanka,1996,0,1,1,0,0,0,1,0,0,0,0,0,0,0,0,0
4/1/1996,LKA,524,Sri Lanka,1996,0,1,1,0,0,0,1,0,0,0,0,0,0,0,0,0
7/1/1996,LKA,524,Sri Lanka,1996,0,1,1,0,0,0,1,0,0,0,0,0,0,0,0,0
10/1/1996,LKA,524,Sri Lanka,1996,0,1,1,0,0,0,1,0,0,0,0,0,0,0,0,0
1/1/1997,LKA,524,Sri Lanka,1997,0,1,1,0,0,0,1,0,0,0,0,0,0,0,0,0
4/1/1997,LKA,524,Sri Lanka,1997,0,1,1,0,0,0,1,0,0,0,0,0,0,0,0,0
7/1/1997,LKA,524,Sri Lanka,1997,0,1,1,0,0,0,1,0,0,0,0,0,0,0,0,0
10/1/1997,LKA,524,Sri Lanka,1997,0,1,1,0,0,0,1,0,0,0,0,0,0,0,0,0
1/1/1998,LKA,524,Sri Lanka,1998,0,1,1,0,0,0,1,0,0,0,0,0,0,0,0,0
4/1/1998,LKA,524,Sri Lanka,1998,0,1,1,0,0,0,1,0,0,0,0,0,0,0,0,0
7/1/1998,LKA,524,Sri Lanka,1998,0,1,1,0,0,0,1,0,0,0,0,0,0,0,0,0
10/1/1998,LKA,524,Sri Lanka,1998,0,1,1,0,0,0,1,0,0,0,0,0,0,0,0,0
1/1/1999,LKA,524,Sri Lanka,1999,0,1,1,0,0,0,1,0,0,0,0,0,0,0,0,0
4/1/1999,LKA,524,Sri Lanka,1999,0,1,1,0,0,0,1,0,0,0,0,0,0,0,0,0
7/1/1999,LKA,524,Sri Lanka,1999,0,1,1,0,0,0,1,0,0,0,0,0,0,0,0,0
10/1/1999,LKA,524,Sri Lanka,1999,0,1,1,0,0,0,1,0,0,0,0,0,0,0,0,0
1/1/2000,LKA,524,Sri Lanka,2000,0,1,1,0,0,0,1,0,0,0,0,0,0,0,0,0
4/1/2000,LKA,524,Sri Lanka,2000,0,1,1,0,0,0,1,0,0,0,0,0,0,0,0,0
7/1/2000,LKA,524,Sri Lanka,2000,0,1,1,0,0,0,1,0,0,0,0,0,0,0,0,0
10/1/2000,LKA,524,Sri Lanka,2000,0,1,1,0,0,0,1,0,0,0,0,0,0,0,0,0
1/1/2001,LKA,524,Sri Lanka,2001,0,1,1,0,0,0,1,0,0,0,0,0,0,0,0,0
4/1/2001,LKA,524,Sri Lanka,2001,0,1,1,0,0,0,1,0,0,0,0,0,0,0,0,0
7/1/2001,LKA,524,Sri Lanka,2001,0,1,1,0,0,0,1,0,0,0,0,0,0,0,0,0
10/1/2001,LKA,524,Sri Lanka,2001,0,1,1,0,0,0,1,0,0,0,0,0,0,0,0,0
1/1/2002,LKA,524,Sri Lanka,2002,0,1,1,0,0,0,1,0,0,0,0,0,0,0,0,0
4/1/2002,LKA,524,Sri Lanka,2002,0,1,1,0,0,0,1,0,0,0,0,0,0,0,0,0
7/1/2002,LKA,524,Sri Lanka,2002,0,1,1,0,0,0,1,0,0,0,0,0,0,0,0,0
10/1/2002,LKA,524,Sri Lanka,2002,0,1,1,0,0,0,1,0,0,0,0,0,0,0,0,0
1/1/2003,LKA,524,Sri Lanka,2003,0,1,1,0,0,0,1,0,0,0,0,0,0,0,0,0
4/1/2003,LKA,524,Sri Lanka,2003,0,1,1,0,0,0,1,0,0,0,0,0,0,0,0,0
7/1/2003,LKA,524,Sri Lanka,2003,0,1,1,0,0,0,1,0,0,0,0,0,0,0,0,0
10/1/2003,LKA,524,Sri Lanka,2003,0,1,1,0,0,0,1,0,0,0,0,0,0,0,0,0
1/1/2004,LKA,524,Sri Lanka,2004,0,1,1,0,0,0,1,0,0,0,0,0,0,0,0,0
4/1/2004,LKA,524,Sri Lanka,2004,0,1,1,0,0,0,1,0,0,0,0,0,0,0,0,0
7/1/2004,LKA,524,Sri Lanka,2004,0,1,1,0,0,0,1,0,0,0,0,0,0,0,0,0
10/1/2004,LKA,524,Sri Lanka,2004,0,1,1,0,0,0,1,0,0,0,0,0,0,0,0,0
1/1/2005,LKA,524,Sri Lanka,2005,0,1,1,0,0,0,1,0,0,0,0,0,0,0,0,0
4/1/2005,LKA,524,Sri Lanka,2005,0,1,1,0,0,0,1,0,0,0,0,0,0,0,0,0
7/1/2005,LKA,524,Sri Lanka,2005,0,1,1,0,0,0,1,0,0,0,0,0,0,0,0,0
10/1/2005,LKA,524,Sri Lanka,2005,0,1,1,0,0,0,1,0,0,0,0,0,0,0,0,0
1/1/2006,LKA,524,Sri Lanka,2006,0,1,1,0,0,0,1,0,0,0,0,0,0,0,0,0
4/1/2006,LKA,524,Sri Lanka,2006,0,1,1,0,0,0,1,0,0,0,0,0,0,0,0,0
7/1/2006,LKA,524,Sri Lanka,2006,0,1,1,0,0,0,1,0,0,0,0,0,0,0,0,0
10/1/2006,LKA,524,Sri Lanka,2006,0,1,1,0,0,0,1,0,0,0,0,0,0,0,0,0
1/1/2007,LKA,524,Sri Lanka,2007,0,1,1,0,0,0,1,0,0,0,0,0,0,0,0,0
4/1/2007,LKA,524,Sri Lanka,2007,0,1,1,0,0,0,1,0,0,0,0,0,0,0,0,0
7/1/2007,LKA,524,Sri Lanka,2007,0,1,1,0,0,0,1,0,0,0,0,0,0,0,0,0
10/1/2007,LKA,524,Sri Lanka,2007,0,1,1,0,0,0,1,0,0,0,0,0,0,0,0,0
1/1/2008,LKA,524,Sri Lanka,2008,0,1,1,0,0,0,1,0,0,0,0,0,0,0,0,0
4/1/2008,LKA,524,Sri Lanka,2008,0,1,1,0,0,0,1,0,0,0,0,0,0,0,0,0
7/1/2008,LKA,524,Sri Lanka,2008,0,1,1,0,0,0,1,0,0,0,0,0,0,0,0,0
10/1/2008,LKA,524,Sri Lanka,2008,0,1,1,0,0,0,1,0,0,0,0,0,0,0,0,0
1/1/2009,LKA,524,Sri Lanka,2009,0,1,1,0,0,0,1,0,0,0,0,0,0,0,0,0
4/1/2009,LKA,524,Sri Lanka,2009,0,1,1,0,0,0,1,0,0,0,0,0,0,0,0,0
7/1/2009,LKA,524,Sri Lanka,2009,0,1,1,0,0,0,1,0,0,0,0,0,0,0,0,0
10/1/2009,LKA,524,Sri Lanka,2009,0,1,1,0,0,0,1,0,0,0,0,0,0,0,0,0
1/1/2010,LKA,524,Sri Lanka,2010,0,1,1,0,0,0,1,0,0,0,0,0,0,0,0,0
4/1/2010,LKA,524,Sri Lanka,2010,0,1,1,0,0,0,1,0,0,0,0,0,0,0,0,0
7/1/2010,LKA,524,Sri Lanka,2010,0,1,1,0,0,0,1,0,0,0,0,0,0,0,0,0
10/1/2010,LKA,524,Sri Lanka,2010,0,1,1,0,0,0,1,0,0,0,0,0,0,0,0,0
1/1/2011,LKA,524,Sri Lanka,2011,0,1,1,0,0,0,1,0,0,0,0,0,0,0,0,0
4/1/2011,LKA,524,Sri Lanka,2011,0,1,1,0,0,0,1,0,0,0,0,0,0,0,0,0
7/1/2011,LKA,524,Sri Lanka,2011,0,1,1,0,0,0,1,0,0,0,0,0,0,0,0,0
10/1/2011,LKA,524,Sri Lanka,2011,0,1,1,0,0,0,1,0,0,0,0,0,0,0,0,0
1/1/2012,LKA,524,Sri Lanka,2012,0,1,1,0,0,0,1,0,0,0,0,0,0,0,0,0
4/1/2012,LKA,524,Sri Lanka,2012,0,1,1,0,0,0,1,0,0,0,0,0,0,0,0,0
7/1/2012,LKA,524,Sri Lanka,2012,0,1,1,0,0,0,1,0,0,0,0,0,0,0,0,0
10/1/2012,LKA,524,Sri Lanka,2012,0,1,1,0,0,0,1,0,0,0,0,0,0,0,0,0
1/1/2013,LKA,524,Sri Lanka,2013,0,1,1,0,0,0,1,0,0,0,0,0,0,0,0,0
4/1/2013,LKA,524,Sri Lanka,2013,0,1,1,0,0,0,1,0,0,0,0,0,0,0,0,0
7/1/2013,LKA,524,Sri Lanka,2013,0,1,1,0,0,0,1,0,0,0,0,0,0,0,0,0
10/1/2013,LKA,524,Sri Lanka,2013,0,1,1,0,0,0,1,0,0,0,0,0,0,0,0,0
1/1/2014,LKA,524,Sri Lanka,2014,0,1,1,0,0,0,1,0,0,0,0,0,0,0,0,0
4/1/2014,LKA,524,Sri Lanka,2014,0,1,1,0,0,0,1,0,0,0,0,0,0,0,0,0
7/1/2014,LKA,524,Sri Lanka,2014,0,1,1,0,0,0,1,0,0,0,0,0,0,0,0,0
10/1/2014,LKA,524,Sri Lanka,2014,0,1,1,0,0,0,1,0,0,0,0,0,0,0,0,0
1/1/2015,LKA,524,Sri Lanka,2015,0,1,1,0,0,0,1,0,0,0,0,0,0,0,0,0
4/1/2015,LKA,524,Sri Lanka,2015,0,1,1,0,0,0,1,0,0,0,0,0,0,0,0,0
7/1/2015,LKA,524,Sri Lanka,2015,0,1,1,0,0,0,1,0,0,0,0,0,0,0,0,0
10/1/2015,LKA,524,Sri Lanka,2015,0,1,1,0,0,0,1,0,0,0,0,0,0,0,0,0
1/1/2016,LKA,524,Sri Lanka,2016,0,1,1,0,0,0,1,0,0,0,0,0,0,0,0,0
4/1/2016,LKA,524,Sri Lanka,2016,0,1,1,0,0,0,1,0,0,0,0,0,0,0,0,0
7/1/2016,LKA,524,Sri Lanka,2016,0,1,1,0,0,0,1,0,0,0,0,0,0,0,0,0
10/1/2016,LKA,524,Sri Lanka,2016,0,1,1,0,0,0,1,0,0,0,0,0,0,0,0,0
1/1/2017,LKA,524,Sri Lanka,2017,0,1,1,0,0,0,1,0,0,0,0,0,0,0,0,0
4/1/2017,LKA,524,Sri Lanka,2017,0,1,1,0,0,0,1,0,0,0,0,0,0,0,0,0
7/1/2017,LKA,524,Sri Lanka,2017,0,1,1,0,0,0,1,0,0,0,0,0,0,0,0,0
10/1/2017,LKA,524,Sri Lanka,2017,0,1,1,0,0,0,1,0,0,0,0,0,0,0,0,0
1/1/2018,LKA,524,Sri Lanka,2018,0,1,1,0,0,0,1,0,0,0,0,0,0,0,0,0
4/1/2018,LKA,524,Sri Lanka,2018,0,1,1,0,0,0,1,0,0,0,0,0,0,0,0,0
7/1/2018,LKA,524,Sri Lanka,2018,0,1,1,0,0,0,1,0,0,0,0,0,0,0,0,0
10/1/2018,LKA,524,Sri Lanka,2018,0,1,1,0,0,0,1,0,0,0,0,0,0,0,0,0
1/1/2019,LKA,524,Sri Lanka,2019,0,1,1,0,0,0,1,0,0,0,0,0,0,0,0,0
4/1/2019,LKA,524,Sri Lanka,2019,0,1,1,0,0,0,1,0,0,0,0,0,0,0,0,0
7/1/2019,LKA,524,Sri Lanka,2019,0,1,1,0,0,0,1,0,0,0,0,0,0,0,0,0
10/1/2019,LKA,524,Sri Lanka,2019,0,1,1,0,0,0,1,0,0,0,0,0,0,0,0,0
1/1/2020,LKA,524,Sri Lanka,2020,0,1,1,0,0,0,1,0,0,0,0,0,0,0,0,0
4/1/2020,LKA,524,Sri Lanka,2020,0,1,1,0,0,0,1,0,0,0,0,0,0,0,0,0
7/1/2020,LKA,524,Sri Lanka,2020,0,1,1,0,0,0,1,0,0,0,0,0,0,0,0,0
10/1/2020,LKA,524,Sri Lanka,2020,0,1,1,0,0,0,1,0,0,0,0,0,0,0,0,0
1/1/2021,LKA,524,Sri Lanka,2021,0,1,1,0,0,0,1,0,0,0,0,0,0,0,0,0
1/1/1981,TWA,528,Taiwan,1981,0,1,1,1,0,0,0,0,0,0,0,0,1,0,0,0
4/1/1981,TWA,528,Taiwan,1981,0,1,1,1,0,0,0,0,0,0,0,0,1,0,0,0
7/1/1981,TWA,528,Taiwan,1981,0,1,1,1,0,0,0,0,0,0,0,0,1,0,0,0
10/1/1981,TWA,528,Taiwan,1981,0,1,1,1,0,0,0,0,0,0,0,0,1,0,0,0
1/1/1982,TWA,528,Taiwan,1982,0,1,1,1,0,0,0,0,0,0,0,0,1,0,0,0
4/1/1982,TWA,528,Taiwan,1982,0,1,1,1,0,0,0,0,0,0,0,0,1,0,0,0
7/1/1982,TWA,528,Taiwan,1982,0,1,1,1,0,0,0,0,0,0,0,0,1,0,0,0
10/1/1982,TWA,528,Taiwan,1982,0,1,1,1,0,0,0,0,0,0,0,0,1,0,0,0
1/1/1983,TWA,528,Taiwan,1983,0,1,1,1,0,0,0,0,0,0,0,0,1,0,0,0
4/1/1983,TWA,528,Taiwan,1983,0,1,1,1,0,0,0,0,0,0,0,0,1,0,0,0
7/1/1983,TWA,528,Taiwan,1983,0,1,1,1,0,0,0,0,0,0,0,0,1,0,0,0
10/1/1983,TWA,528,Taiwan,1983,0,1,1,1,0,0,0,0,0,0,0,0,1,0,0,0
1/1/1984,TWA,528,Taiwan,1984,0,1,1,1,0,0,0,0,0,0,0,0,1,0,0,0
4/1/1984,TWA,528,Taiwan,1984,0,1,1,1,0,0,0,0,0,0,0,0,1,0,0,0
7/1/1984,TWA,528,Taiwan,1984,0,1,1,1,0,0,0,0,0,0,0,0,1,0,0,0
10/1/1984,TWA,528,Taiwan,1984,0,1,1,1,0,0,0,0,0,0,0,0,1,0,0,0
1/1/1985,TWA,528,Taiwan,1985,0,1,1,1,0,0,0,0,0,0,0,0,1,0,0,0
4/1/1985,TWA,528,Taiwan,1985,0,1,1,1,0,0,0,0,0,0,0,0,1,0,0,0
7/1/1985,TWA,528,Taiwan,1985,0,1,1,1,0,0,0,0,0,0,0,0,1,0,0,0
10/1/1985,TWA,528,Taiwan,1985,0,1,1,1,0,0,0,0,0,0,0,0,1,0,0,0
1/1/1986,TWA,528,Taiwan,1986,0,1,1,1,0,0,0,0,0,0,0,0,1,0,0,0
4/1/1986,TWA,528,Taiwan,1986,0,1,1,1,0,0,0,0,0,0,0,0,1,0,0,0
7/1/1986,TWA,528,Taiwan,1986,0,1,1,1,0,0,0,0,0,0,0,0,1,0,0,0
10/1/1986,TWA,528,Taiwan,1986,0,1,1,1,0,0,0,0,0,0,0,0,1,0,0,0
1/1/1987,TWA,528,Taiwan,1987,0,1,1,1,0,0,0,0,0,0,0,0,1,0,0,0
4/1/1987,TWA,528,Taiwan,1987,0,1,1,1,0,0,0,0,0,0,0,0,1,0,0,0
7/1/1987,TWA,528,Taiwan,1987,0,1,1,1,0,0,0,0,0,0,0,0,1,0,0,0
10/1/1987,TWA,528,Taiwan,1987,0,1,1,1,0,0,0,0,0,0,0,0,1,0,0,0
1/1/1988,TWA,528,Taiwan,1988,0,1,1,1,0,0,0,0,0,0,0,0,1,0,0,0
4/1/1988,TWA,528,Taiwan,1988,0,1,1,1,0,0,0,0,0,0,0,0,1,0,0,0
7/1/1988,TWA,528,Taiwan,1988,0,1,1,1,0,0,0,0,0,0,0,0,1,0,0,0
10/1/1988,TWA,528,Taiwan,1988,0,1,1,1,0,0,0,0,0,0,0,0,1,0,0,0
1/1/1989,TWA,528,Taiwan,1989,0,1,1,1,0,0,0,0,0,0,0,0,1,0,0,0
4/1/1989,TWA,528,Taiwan,1989,0,1,1,1,0,0,0,0,0,0,0,0,1,0,0,0
7/1/1989,TWA,528,Taiwan,1989,0,1,1,1,0,0,0,0,0,0,0,0,1,0,0,0
10/1/1989,TWA,528,Taiwan,1989,0,1,1,1,0,0,0,0,0,0,0,0,1,0,0,0
1/1/1990,TWA,528,Taiwan,1990,0,1,1,1,0,0,0,0,0,0,0,0,1,0,0,0
4/1/1990,TWA,528,Taiwan,1990,0,1,1,1,0,0,0,0,0,0,0,0,1,0,0,0
7/1/1990,TWA,528,Taiwan,1990,0,1,1,1,0,0,0,0,0,0,0,0,1,0,0,0
10/1/1990,TWA,528,Taiwan,1990,0,1,1,1,0,0,0,0,0,0,0,0,1,0,0,0
1/1/1991,TWA,528,Taiwan,1991,0,1,1,1,0,0,0,0,0,0,0,0,1,0,0,0
4/1/1991,TWA,528,Taiwan,1991,0,1,1,1,0,0,0,0,0,0,0,0,1,0,0,0
7/1/1991,TWA,528,Taiwan,1991,0,1,1,1,0,0,0,0,0,0,0,0,1,0,0,0
10/1/1991,TWA,528,Taiwan,1991,0,1,1,1,0,0,0,0,0,0,0,0,1,0,0,0
1/1/1992,TWA,528,Taiwan,1992,0,1,1,1,0,0,0,0,0,0,0,0,1,0,0,0
4/1/1992,TWA,528,Taiwan,1992,0,1,1,1,0,0,0,0,0,0,0,0,1,0,0,0
7/1/1992,TWA,528,Taiwan,1992,0,1,1,1,0,0,0,0,0,0,0,0,1,0,0,0
10/1/1992,TWA,528,Taiwan,1992,0,1,1,1,0,0,0,0,0,0,0,0,1,0,0,0
1/1/1993,TWA,528,Taiwan,1993,0,1,1,1,0,0,0,0,0,0,0,0,1,0,0,0
4/1/1993,TWA,528,Taiwan,1993,0,1,1,1,0,0,0,0,0,0,0,0,1,0,0,0
7/1/1993,TWA,528,Taiwan,1993,0,1,1,1,0,0,0,0,0,0,0,0,1,0,0,0
10/1/1993,TWA,528,Taiwan,1993,0,1,1,1,0,0,0,0,0,0,0,0,1,0,0,0
1/1/1994,TWA,528,Taiwan,1994,0,1,1,1,0,0,0,0,0,0,0,0,1,0,0,0
4/1/1994,TWA,528,Taiwan,1994,0,1,1,1,0,0,0,0,0,0,0,0,1,0,0,0
7/1/1994,TWA,528,Taiwan,1994,0,1,1,1,0,0,0,0,0,0,0,0,1,0,0,0
10/1/1994,TWA,528,Taiwan,1994,0,1,1,1,0,0,0,0,0,0,0,0,1,0,0,0
1/1/1995,TWA,528,Taiwan,1995,0,1,1,1,0,0,0,0,0,0,0,0,1,0,0,0
4/1/1995,TWA,528,Taiwan,1995,0,1,1,1,0,0,0,0,0,0,0,0,1,0,0,0
7/1/1995,TWA,528,Taiwan,1995,0,1,1,1,0,0,0,0,0,0,0,0,1,0,0,0
10/1/1995,TWA,528,Taiwan,1995,0,1,1,1,0,0,0,0,0,0,0,0,1,0,0,0
1/1/1996,TWA,528,Taiwan,1996,0,1,1,1,0,0,0,0,0,0,0,0,1,0,0,0
4/1/1996,TWA,528,Taiwan,1996,0,1,1,1,0,0,0,0,0,0,0,0,1,0,0,0
7/1/1996,TWA,528,Taiwan,1996,0,1,1,1,0,0,0,0,0,0,0,0,1,0,0,0
10/1/1996,TWA,528,Taiwan,1996,0,1,1,1,0,0,0,0,0,0,0,0,1,0,0,0
1/1/1997,TWA,528,Taiwan,1997,0,1,1,1,0,0,0,0,0,0,0,0,1,0,0,0
4/1/1997,TWA,528,Taiwan,1997,0,1,1,1,0,0,0,0,0,0,0,0,1,0,0,0
7/1/1997,TWA,528,Taiwan,1997,0,1,1,1,0,0,0,0,0,0,0,0,1,0,0,0
10/1/1997,TWA,528,Taiwan,1997,0,1,1,1,0,0,0,0,0,0,0,0,1,0,0,0
1/1/1998,TWA,528,Taiwan,1998,0,1,1,1,0,0,0,0,0,0,0,0,1,0,0,0
4/1/1998,TWA,528,Taiwan,1998,0,1,1,1,0,0,0,0,0,0,0,0,1,0,0,0
7/1/1998,TWA,528,Taiwan,1998,0,1,1,1,0,0,0,0,0,0,0,0,1,0,0,0
10/1/1998,TWA,528,Taiwan,1998,0,1,1,1,0,0,0,0,0,0,0,0,1,0,0,0
1/1/1999,TWA,528,Taiwan,1999,0,1,1,1,0,0,0,0,0,0,0,0,1,0,0,0
4/1/1999,TWA,528,Taiwan,1999,0,1,1,1,0,0,0,0,0,0,0,0,1,0,0,0
7/1/1999,TWA,528,Taiwan,1999,0,1,1,1,0,0,0,0,0,0,0,0,1,0,0,0
10/1/1999,TWA,528,Taiwan,1999,0,1,1,1,0,0,0,0,0,0,0,0,1,0,0,0
1/1/2000,TWA,528,Taiwan,2000,0,1,1,1,0,0,0,0,0,0,0,0,1,0,0,0
4/1/2000,TWA,528,Taiwan,2000,0,1,1,1,0,0,0,0,0,0,0,0,1,0,0,0
7/1/2000,TWA,528,Taiwan,2000,0,1,1,1,0,0,0,0,0,0,0,0,1,0,0,0
10/1/2000,TWA,528,Taiwan,2000,0,1,1,1,0,0,0,0,0,0,0,0,1,0,0,0
1/1/2001,TWA,528,Taiwan,2001,0,1,1,1,0,0,0,0,0,0,0,0,1,0,0,0
4/1/2001,TWA,528,Taiwan,2001,0,1,1,1,0,0,0,0,0,0,0,0,1,0,0,0
7/1/2001,TWA,528,Taiwan,2001,0,1,1,1,0,0,0,0,0,0,0,0,1,0,0,0
10/1/2001,TWA,528,Taiwan,2001,0,1,1,1,0,0,0,0,0,0,0,0,1,0,0,0
1/1/2002,TWA,528,Taiwan,2002,0,1,1,1,0,0,0,0,0,0,0,0,1,0,0,0
4/1/2002,TWA,528,Taiwan,2002,0,1,1,1,0,0,0,0,0,0,0,0,1,0,0,0
7/1/2002,TWA,528,Taiwan,2002,0,1,1,1,0,0,0,0,0,0,0,0,1,0,0,0
10/1/2002,TWA,528,Taiwan,2002,0,1,1,1,0,0,0,0,0,0,0,0,1,0,0,0
1/1/2003,TWA,528,Taiwan,2003,0,1,1,1,0,0,0,0,0,0,0,0,1,0,0,0
4/1/2003,TWA,528,Taiwan,2003,0,1,1,1,0,0,0,0,0,0,0,0,1,0,0,0
7/1/2003,TWA,528,Taiwan,2003,0,1,1,1,0,0,0,0,0,0,0,0,1,0,0,0
10/1/2003,TWA,528,Taiwan,2003,0,1,1,1,0,0,0,0,0,0,0,0,1,0,0,0
1/1/2004,TWA,528,Taiwan,2004,0,1,1,1,0,0,0,0,0,0,0,0,1,0,0,0
4/1/2004,TWA,528,Taiwan,2004,0,1,1,1,0,0,0,0,0,0,0,0,1,0,0,0
7/1/2004,TWA,528,Taiwan,2004,0,1,1,1,0,0,0,0,0,0,0,0,1,0,0,0
10/1/2004,TWA,528,Taiwan,2004,0,1,1,1,0,0,0,0,0,0,0,0,1,0,0,0
1/1/2005,TWA,528,Taiwan,2005,0,1,1,1,0,0,0,0,0,0,0,0,1,0,0,0
4/1/2005,TWA,528,Taiwan,2005,0,1,1,1,0,0,0,0,0,0,0,0,1,0,0,0
7/1/2005,TWA,528,Taiwan,2005,0,1,1,1,0,0,0,0,0,0,0,0,1,0,0,0
10/1/2005,TWA,528,Taiwan,2005,0,1,1,1,0,0,0,0,0,0,0,0,1,0,0,0
1/1/2006,TWA,528,Taiwan,2006,0,1,1,1,0,0,0,0,0,0,0,0,1,0,0,0
4/1/2006,TWA,528,Taiwan,2006,0,1,1,1,0,0,0,0,0,0,0,0,1,0,0,0
7/1/2006,TWA,528,Taiwan,2006,0,1,1,1,0,0,0,0,0,0,0,0,1,0,0,0
10/1/2006,TWA,528,Taiwan,2006,0,1,1,1,0,0,0,0,0,0,0,0,1,0,0,0
1/1/2007,TWA,528,Taiwan,2007,0,1,1,1,0,0,0,0,0,0,0,0,1,0,0,0
4/1/2007,TWA,528,Taiwan,2007,0,1,1,1,0,0,0,0,0,0,0,0,1,0,0,0
7/1/2007,TWA,528,Taiwan,2007,0,1,1,1,0,0,0,0,0,0,0,0,1,0,0,0
10/1/2007,TWA,528,Taiwan,2007,0,1,1,1,0,0,0,0,0,0,0,0,1,0,0,0
1/1/2008,TWA,528,Taiwan,2008,0,1,1,1,0,0,0,0,0,0,0,0,1,0,0,0
4/1/2008,TWA,528,Taiwan,2008,0,1,1,1,0,0,0,0,0,0,0,0,1,0,0,0
7/1/2008,TWA,528,Taiwan,2008,0,1,1,1,0,0,0,0,0,0,0,0,1,0,0,0
10/1/2008,TWA,528,Taiwan,2008,0,1,1,1,0,0,0,0,0,0,0,0,1,0,0,0
1/1/2009,TWA,528,Taiwan,2009,0,1,1,1,0,0,0,0,0,0,0,0,1,0,0,0
4/1/2009,TWA,528,Taiwan,2009,0,1,1,1,0,0,0,0,0,0,0,0,1,0,0,0
7/1/2009,TWA,528,Taiwan,2009,0,1,1,1,0,0,0,0,0,0,0,0,1,0,0,0
10/1/2009,TWA,528,Taiwan,2009,0,1,1,1,0,0,0,0,0,0,0,0,1,0,0,0
1/1/2010,TWA,528,Taiwan,2010,0,1,1,1,0,0,0,0,0,0,0,0,1,0,0,0
4/1/2010,TWA,528,Taiwan,2010,0,1,1,1,0,0,0,0,0,0,0,0,1,0,0,0
7/1/2010,TWA,528,Taiwan,2010,0,1,1,1,0,0,0,0,0,0,0,0,1,0,0,0
10/1/2010,TWA,528,Taiwan,2010,0,1,1,1,0,0,0,0,0,0,0,0,1,0,0,0
1/1/2011,TWA,528,Taiwan,2011,0,1,1,1,0,0,0,0,0,0,0,0,1,0,0,0
4/1/2011,TWA,528,Taiwan,2011,0,1,1,1,0,0,0,0,0,0,0,0,1,0,0,0
7/1/2011,TWA,528,Taiwan,2011,0,1,1,1,0,0,0,0,0,0,0,0,1,0,0,0
10/1/2011,TWA,528,Taiwan,2011,0,1,1,1,0,0,0,0,0,0,0,0,1,0,0,0
1/1/2012,TWA,528,Taiwan,2012,0,1,1,1,0,0,0,0,0,0,0,0,1,0,0,0
4/1/2012,TWA,528,Taiwan,2012,0,1,1,1,0,0,0,0,0,0,0,0,1,0,0,0
7/1/2012,TWA,528,Taiwan,2012,0,1,1,1,0,0,0,0,0,0,0,0,1,0,0,0
10/1/2012,TWA,528,Taiwan,2012,0,1,1,1,0,0,0,0,0,0,0,0,1,0,0,0
1/1/2013,TWA,528,Taiwan,2013,0,1,1,1,0,0,0,0,0,0,0,0,1,0,0,0
4/1/2013,TWA,528,Taiwan,2013,0,1,1,1,0,0,0,0,0,0,0,0,1,0,0,0
7/1/2013,TWA,528,Taiwan,2013,0,1,1,1,0,0,0,0,0,0,0,0,1,0,0,0
10/1/2013,TWA,528,Taiwan,2013,0,1,1,1,0,0,0,0,0,0,0,0,1,0,0,0
1/1/2014,TWA,528,Taiwan,2014,0,1,1,1,0,0,0,0,0,0,0,0,1,0,0,0
4/1/2014,TWA,528,Taiwan,2014,0,1,1,1,0,0,0,0,0,0,0,0,1,0,0,0
7/1/2014,TWA,528,Taiwan,2014,0,1,1,1,0,0,0,0,0,0,0,0,1,0,0,0
10/1/2014,TWA,528,Taiwan,2014,0,1,1,1,0,0,0,0,0,0,0,0,1,0,0,0
1/1/2015,TWA,528,Taiwan,2015,0,1,1,1,0,0,0,0,0,0,0,0,1,0,0,0
4/1/2015,TWA,528,Taiwan,2015,0,1,1,1,0,0,0,0,0,0,0,0,1,0,0,0
7/1/2015,TWA,528,Taiwan,2015,0,1,1,1,0,0,0,0,0,0,0,0,1,0,0,0
10/1/2015,TWA,528,Taiwan,2015,0,1,1,1,0,0,0,0,0,0,0,0,1,0,0,0
1/1/2016,TWA,528,Taiwan,2016,0,1,1,1,0,0,0,0,0,0,0,0,1,0,0,0
4/1/2016,TWA,528,Taiwan,2016,0,1,1,1,0,0,0,0,0,0,0,0,1,0,0,0
7/1/2016,TWA,528,Taiwan,2016,0,1,1,1,0,0,0,0,0,0,0,0,1,0,0,0
10/1/2016,TWA,528,Taiwan,2016,0,1,1,1,0,0,0,0,0,0,0,0,1,0,0,0
1/1/2017,TWA,528,Taiwan,2017,0,1,1,1,0,0,0,0,0,0,0,0,1,0,0,0
4/1/2017,TWA,528,Taiwan,2017,0,1,1,1,0,0,0,0,0,0,0,0,1,0,0,0
7/1/2017,TWA,528,Taiwan,2017,0,1,1,1,0,0,0,0,0,0,0,0,1,0,0,0
10/1/2017,TWA,528,Taiwan,2017,0,1,1,1,0,0,0,0,0,0,0,0,1,0,0,0
1/1/2018,TWA,528,Taiwan,2018,0,1,1,1,0,0,0,0,0,0,0,0,1,0,0,0
4/1/2018,TWA,528,Taiwan,2018,0,1,1,1,0,0,0,0,0,0,0,0,1,0,0,0
7/1/2018,TWA,528,Taiwan,2018,0,1,1,1,0,0,0,0,0,0,0,0,1,0,0,0
10/1/2018,TWA,528,Taiwan,2018,0,1,1,1,0,0,0,0,0,0,0,0,1,0,0,0
1/1/2019,TWA,528,Taiwan,2019,0,1,1,1,0,0,0,0,0,0,0,0,1,0,0,0
4/1/2019,TWA,528,Taiwan,2019,0,1,1,1,0,0,0,0,0,0,0,0,1,0,0,0
7/1/2019,TWA,528,Taiwan,2019,0,1,1,1,0,0,0,0,0,0,0,0,1,0,0,0
10/1/2019,TWA,528,Taiwan,2019,0,1,1,1,0,0,0,0,0,0,0,0,1,0,0,0
1/1/1999,HKG,532,Hong Kong,1999,0,1,1,1,0,0,0,0,0,0,0,0,1,1,0,0
4/1/1999,HKG,532,Hong Kong,1999,0,1,1,1,0,0,0,0,0,0,0,0,1,1,0,0
7/1/1999,HKG,532,Hong Kong,1999,0,1,1,1,0,0,0,0,0,0,0,0,1,1,0,0
10/1/1999,HKG,532,Hong Kong,1999,0,1,1,1,0,0,0,0,0,0,0,0,1,1,0,0
1/1/2000,HKG,532,Hong Kong,2000,0,1,1,1,0,0,0,0,0,0,0,0,1,1,0,0
4/1/2000,HKG,532,Hong Kong,2000,0,1,1,1,0,0,0,0,0,0,0,0,1,1,0,0
7/1/2000,HKG,532,Hong Kong,2000,0,1,1,1,0,0,0,0,0,0,0,0,1,1,0,0
10/1/2000,HKG,532,Hong Kong,2000,0,1,1,1,0,0,0,0,0,0,0,0,1,1,0,0
1/1/2001,HKG,532,Hong Kong,2001,0,1,1,1,0,0,0,0,0,0,0,0,1,1,0,0
4/1/2001,HKG,532,Hong Kong,2001,0,1,1,1,0,0,0,0,0,0,0,0,1,1,0,0
7/1/2001,HKG,532,Hong Kong,2001,0,1,1,1,0,0,0,0,0,0,0,0,1,1,0,0
10/1/2001,HKG,532,Hong Kong,2001,0,1,1,1,0,0,0,0,0,0,0,0,1,1,0,0
1/1/2002,HKG,532,Hong Kong,2002,0,1,1,1,0,0,0,0,0,0,0,0,1,1,0,0
4/1/2002,HKG,532,Hong Kong,2002,0,1,1,1,0,0,0,0,0,0,0,0,1,1,0,0
7/1/2002,HKG,532,Hong Kong,2002,0,1,1,1,0,0,0,0,0,0,0,0,1,1,0,0
10/1/2002,HKG,532,Hong Kong,2002,0,1,1,1,0,0,0,0,0,0,0,0,1,1,0,0
1/1/2003,HKG,532,Hong Kong,2003,0,1,1,1,0,0,0,0,0,0,0,0,1,1,0,0
4/1/2003,HKG,532,Hong Kong,2003,0,1,1,1,0,0,0,0,0,0,0,0,1,1,0,0
7/1/2003,HKG,532,Hong Kong,2003,0,1,1,1,0,0,0,0,0,0,0,0,1,1,0,0
10/1/2003,HKG,532,Hong Kong,2003,0,1,1,1,0,0,0,0,0,0,0,0,1,1,0,0
1/1/2004,HKG,532,Hong Kong,2004,0,1,1,1,0,0,0,0,0,0,0,0,1,1,0,0
4/1/2004,HKG,532,Hong Kong,2004,0,1,1,1,0,0,0,0,0,0,0,0,1,1,0,0
7/1/2004,HKG,532,Hong Kong,2004,0,1,1,1,0,0,0,0,0,0,0,0,1,1,0,0
10/1/2004,HKG,532,Hong Kong,2004,0,1,1,1,0,0,0,0,0,0,0,0,1,1,0,0
1/1/2005,HKG,532,Hong Kong,2005,0,1,1,1,0,0,0,0,0,0,0,0,1,1,0,0
4/1/2005,HKG,532,Hong Kong,2005,0,1,1,1,0,0,0,0,0,0,0,0,1,1,0,0
7/1/2005,HKG,532,Hong Kong,2005,0,1,1,1,0,0,0,0,0,0,0,0,1,1,0,0
10/1/2005,HKG,532,Hong Kong,2005,0,1,1,1,0,0,0,0,0,0,0,0,1,1,0,0
1/1/2006,HKG,532,Hong Kong,2006,0,1,1,1,0,0,0,0,0,0,0,0,1,1,0,0
4/1/2006,HKG,532,Hong Kong,2006,0,1,1,1,0,0,0,0,0,0,0,0,1,1,0,0
7/1/2006,HKG,532,Hong Kong,2006,0,1,1,1,0,0,0,0,0,0,0,0,1,1,0,0
10/1/2006,HKG,532,Hong Kong,2006,0,1,1,1,0,0,0,0,0,0,0,0,1,1,0,0
1/1/2007,HKG,532,Hong Kong,2007,0,1,1,1,0,0,0,0,0,0,0,0,1,1,0,0
4/1/2007,HKG,532,Hong Kong,2007,0,1,1,1,0,0,0,0,0,0,0,0,1,1,0,0
7/1/2007,HKG,532,Hong Kong,2007,0,1,1,1,0,0,0,0,0,0,0,0,1,1,0,0
10/1/2007,HKG,532,Hong Kong,2007,0,1,1,1,0,0,0,0,0,0,0,0,1,1,0,0
1/1/2008,HKG,532,Hong Kong,2008,0,1,1,1,0,0,0,0,0,0,0,0,1,1,0,0
4/1/2008,HKG,532,Hong Kong,2008,0,1,1,1,0,0,0,0,0,0,0,0,1,1,0,0
7/1/2008,HKG,532,Hong Kong,2008,0,1,1,1,0,0,0,0,0,0,0,0,1,1,0,0
10/1/2008,HKG,532,Hong Kong,2008,0,1,1,1,0,0,0,0,0,0,0,0,1,1,0,0
1/1/2009,HKG,532,Hong Kong,2009,0,1,1,1,0,0,0,0,0,0,0,0,1,1,0,0
4/1/2009,HKG,532,Hong Kong,2009,0,1,1,1,0,0,0,0,0,0,0,0,1,1,0,0
7/1/2009,HKG,532,Hong Kong,2009,0,1,1,1,0,0,0,0,0,0,0,0,1,1,0,0
10/1/2009,HKG,532,Hong Kong,2009,0,1,1,1,0,0,0,0,0,0,0,0,1,1,0,0
1/1/2010,HKG,532,Hong Kong,2010,0,1,1,1,0,0,0,0,0,0,0,0,1,1,0,0
4/1/2010,HKG,532,Hong Kong,2010,0,1,1,1,0,0,0,0,0,0,0,0,1,1,0,0
7/1/2010,HKG,532,Hong Kong,2010,0,1,1,1,0,0,0,0,0,0,0,0,1,1,0,0
10/1/2010,HKG,532,Hong Kong,2010,0,1,1,1,0,0,0,0,0,0,0,0,1,1,0,0
1/1/2011,HKG,532,Hong Kong,2011,0,1,1,1,0,0,0,0,0,0,0,0,1,1,0,0
4/1/2011,HKG,532,Hong Kong,2011,0,1,1,1,0,0,0,0,0,0,0,0,1,1,0,0
7/1/2011,HKG,532,Hong Kong,2011,0,1,1,1,0,0,0,0,0,0,0,0,1,1,0,0
10/1/2011,HKG,532,Hong Kong,2011,0,1,1,1,0,0,0,0,0,0,0,0,1,1,0,0
1/1/2012,HKG,532,Hong Kong,2012,0,1,1,1,0,0,0,0,0,0,0,0,1,1,0,0
4/1/2012,HKG,532,Hong Kong,2012,0,1,1,1,0,0,0,0,0,0,0,0,1,1,0,0
7/1/2012,HKG,532,Hong Kong,2012,0,1,1,1,0,0,0,0,0,0,0,0,1,1,0,0
10/1/2012,HKG,532,Hong Kong,2012,0,1,1,1,0,0,0,0,0,0,0,0,1,1,0,0
1/1/2013,HKG,532,Hong Kong,2013,0,1,1,1,0,0,0,0,0,0,0,0,1,1,0,0
4/1/2013,HKG,532,Hong Kong,2013,0,1,1,1,0,0,0,0,0,0,0,0,1,1,0,0
7/1/2013,HKG,532,Hong Kong,2013,0,1,1,1,0,0,0,0,0,0,0,0,1,1,0,0
10/1/2013,HKG,532,Hong Kong,2013,0,1,1,1,0,0,0,0,0,0,0,0,1,1,0,0
1/1/2014,HKG,532,Hong Kong,2014,0,1,1,1,0,0,0,0,0,0,0,0,1,1,0,0
4/1/2014,HKG,532,Hong Kong,2014,0,1,1,1,0,0,0,0,0,0,0,0,1,1,0,0
7/1/2014,HKG,532,Hong Kong,2014,0,1,1,1,0,0,0,0,0,0,0,0,1,1,0,0
10/1/2014,HKG,532,Hong Kong,2014,0,1,1,1,0,0,0,0,0,0,0,0,1,1,0,0
1/1/2015,HKG,532,Hong Kong,2015,0,1,1,1,0,0,0,0,0,0,0,0,1,1,0,0
4/1/2015,HKG,532,Hong Kong,2015,0,1,1,1,0,0,0,0,0,0,0,0,1,1,0,0
7/1/2015,HKG,532,Hong Kong,2015,0,1,1,1,0,0,0,0,0,0,0,0,1,1,0,0
10/1/2015,HKG,532,Hong Kong,2015,0,1,1,1,0,0,0,0,0,0,0,0,1,1,0,0
1/1/2016,HKG,532,Hong Kong,2016,0,1,1,1,0,0,0,0,0,0,0,0,1,1,0,0
4/1/2016,HKG,532,Hong Kong,2016,0,1,1,1,0,0,0,0,0,0,0,0,1,1,0,0
7/1/2016,HKG,532,Hong Kong,2016,0,1,1,1,0,0,0,0,0,0,0,0,1,1,0,0
10/1/2016,HKG,532,Hong Kong,2016,0,1,1,1,0,0,0,0,0,0,0,0,1,1,0,0
1/1/2017,HKG,532,Hong Kong,2017,0,1,1,1,0,0,0,0,0,0,0,0,1,1,0,0
4/1/2017,HKG,532,Hong Kong,2017,0,1,1,1,0,0,0,0,0,0,0,0,1,1,0,0
7/1/2017,HKG,532,Hong Kong,2017,0,1,1,1,0,0,0,0,0,0,0,0,1,1,0,0
10/1/2017,HKG,532,Hong Kong,2017,0,1,1,1,0,0,0,0,0,0,0,0,1,1,0,0
1/1/2018,HKG,532,Hong Kong,2018,0,1,1,1,0,0,0,0,0,0,0,0,1,1,0,0
4/1/2018,HKG,532,Hong Kong,2018,0,1,1,1,0,0,0,0,0,0,0,0,1,1,0,0
7/1/2018,HKG,532,Hong Kong,2018,0,1,1,1,0,0,0,0,0,0,0,0,1,1,0,0
10/1/2018,HKG,532,Hong Kong,2018,0,1,1,1,0,0,0,0,0,0,0,0,1,1,0,0
1/1/2019,HKG,532,Hong Kong,2019,0,1,1,1,0,0,0,0,0,0,0,0,1,1,0,0
4/1/2019,HKG,532,Hong Kong,2019,0,1,1,1,0,0,0,0,0,0,0,0,1,1,0,0
7/1/2019,HKG,532,Hong Kong,2019,0,1,1,1,0,0,0,0,0,0,0,0,1,1,0,0
10/1/2019,HKG,532,Hong Kong,2019,0,1,1,1,0,0,0,0,0,0,0,0,1,1,0,0
1/1/2020,HKG,532,Hong Kong,2020,0,1,1,1,0,0,0,0,0,0,0,0,1,1,0,0
1/1/1960,IND,534,India,1960,0,1,1,0,0,0,1,0,0,0,0,0,1,0,0,0
4/1/1960,IND,534,India,1960,0,1,1,0,0,0,1,0,0,0,0,0,1,0,0,0
7/1/1960,IND,534,India,1960,0,1,1,0,0,0,1,0,0,0,0,0,1,0,0,0
10/1/1960,IND,534,India,1960,0,1,1,0,0,0,1,0,0,0,0,0,1,0,0,0
1/1/1961,IND,534,India,1961,0,1,1,0,0,0,1,0,0,0,0,0,1,0,0,0
4/1/1961,IND,534,India,1961,0,1,1,0,0,0,1,0,0,0,0,0,1,0,0,0
7/1/1961,IND,534,India,1961,0,1,1,0,0,0,1,0,0,0,0,0,1,0,0,0
10/1/1961,IND,534,India,1961,0,1,1,0,0,0,1,0,0,0,0,0,1,0,0,0
1/1/1962,IND,534,India,1962,0,1,1,0,0,0,1,0,0,0,0,0,1,0,0,0
4/1/1962,IND,534,India,1962,0,1,1,0,0,0,1,0,0,0,0,0,1,0,0,0
7/1/1962,IND,534,India,1962,0,1,1,0,0,0,1,0,0,0,0,0,1,0,0,0
10/1/1962,IND,534,India,1962,0,1,1,0,0,0,1,0,0,0,0,0,1,0,0,0
1/1/1963,IND,534,India,1963,0,1,1,0,0,0,1,0,0,0,0,0,1,0,0,0
4/1/1963,IND,534,India,1963,0,1,1,0,0,0,1,0,0,0,0,0,1,0,0,0
7/1/1963,IND,534,India,1963,0,1,1,0,0,0,1,0,0,0,0,0,1,0,0,0
10/1/1963,IND,534,India,1963,0,1,1,0,0,0,1,0,0,0,0,0,1,0,0,0
1/1/1964,IND,534,India,1964,0,1,1,0,0,0,1,0,0,0,0,0,1,0,0,0
4/1/1964,IND,534,India,1964,0,1,1,0,0,0,1,0,0,0,0,0,1,0,0,0
7/1/1964,IND,534,India,1964,0,1,1,0,0,0,1,0,0,0,0,0,1,0,0,0
10/1/1964,IND,534,India,1964,0,1,1,0,0,0,1,0,0,0,0,0,1,0,0,0
1/1/1965,IND,534,India,1965,0,1,1,0,0,0,1,0,0,0,0,0,1,0,0,0
4/1/1965,IND,534,India,1965,0,1,1,0,0,0,1,0,0,0,0,0,1,0,0,0
7/1/1965,IND,534,India,1965,0,1,1,0,0,0,1,0,0,0,0,0,1,0,0,0
10/1/1965,IND,534,India,1965,0,1,1,0,0,0,1,0,0,0,0,0,1,0,0,0
1/1/1966,IND,534,India,1966,0,1,1,0,0,0,1,0,0,0,0,0,1,0,0,0
4/1/1966,IND,534,India,1966,0,1,1,0,0,0,1,0,0,0,0,0,1,0,0,0
7/1/1966,IND,534,India,1966,0,1,1,0,0,0,1,0,0,0,0,0,1,0,0,0
10/1/1966,IND,534,India,1966,0,1,1,0,0,0,1,0,0,0,0,0,1,0,0,0
1/1/1967,IND,534,India,1967,0,1,1,0,0,0,1,0,0,0,0,0,1,0,0,0
4/1/1967,IND,534,India,1967,0,1,1,0,0,0,1,0,0,0,0,0,1,0,0,0
7/1/1967,IND,534,India,1967,0,1,1,0,0,0,1,0,0,0,0,0,1,0,0,0
10/1/1967,IND,534,India,1967,0,1,1,0,0,0,1,0,0,0,0,0,1,0,0,0
1/1/1968,IND,534,India,1968,0,1,1,0,0,0,1,0,0,0,0,0,1,0,0,0
4/1/1968,IND,534,India,1968,0,1,1,0,0,0,1,0,0,0,0,0,1,0,0,0
7/1/1968,IND,534,India,1968,0,1,1,0,0,0,1,0,0,0,0,0,1,0,0,0
10/1/1968,IND,534,India,1968,0,1,1,0,0,0,1,0,0,0,0,0,1,0,0,0
1/1/1969,IND,534,India,1969,0,1,1,0,0,0,1,0,0,0,0,0,1,0,0,0
4/1/1969,IND,534,India,1969,0,1,1,0,0,0,1,0,0,0,0,0,1,0,0,0
7/1/1969,IND,534,India,1969,0,1,1,0,0,0,1,0,0,0,0,0,1,0,0,0
10/1/1969,IND,534,India,1969,0,1,1,0,0,0,1,0,0,0,0,0,1,0,0,0
1/1/1970,IND,534,India,1970,0,1,1,0,0,0,1,0,0,0,0,0,1,0,0,0
4/1/1970,IND,534,India,1970,0,1,1,0,0,0,1,0,0,0,0,0,1,0,0,0
7/1/1970,IND,534,India,1970,0,1,1,0,0,0,1,0,0,0,0,0,1,0,0,0
10/1/1970,IND,534,India,1970,0,1,1,0,0,0,1,0,0,0,0,0,1,0,0,0
1/1/1971,IND,534,India,1971,0,1,1,0,0,0,1,0,0,0,0,0,1,0,0,0
4/1/1971,IND,534,India,1971,0,1,1,0,0,0,1,0,0,0,0,0,1,0,0,0
7/1/1971,IND,534,India,1971,0,1,1,0,0,0,1,0,0,0,0,0,1,0,0,0
10/1/1971,IND,534,India,1971,0,1,1,0,0,0,1,0,0,0,0,0,1,0,0,0
1/1/1972,IND,534,India,1972,0,1,1,0,0,0,1,0,0,0,0,0,1,0,0,0
4/1/1972,IND,534,India,1972,0,1,1,0,0,0,1,0,0,0,0,0,1,0,0,0
7/1/1972,IND,534,India,1972,0,1,1,0,0,0,1,0,0,0,0,0,1,0,0,0
10/1/1972,IND,534,India,1972,0,1,1,0,0,0,1,0,0,0,0,0,1,0,0,0
1/1/1973,IND,534,India,1973,0,1,1,0,0,0,1,0,0,0,0,0,1,0,0,0
4/1/1973,IND,534,India,1973,0,1,1,0,0,0,1,0,0,0,0,0,1,0,0,0
7/1/1973,IND,534,India,1973,0,1,1,0,0,0,1,0,0,0,0,0,1,0,0,0
10/1/1973,IND,534,India,1973,0,1,1,0,0,0,1,0,0,0,0,0,1,0,0,0
1/1/1974,IND,534,India,1974,0,1,1,0,0,0,1,0,0,0,0,0,1,0,0,0
4/1/1974,IND,534,India,1974,0,1,1,0,0,0,1,0,0,0,0,0,1,0,0,0
7/1/1974,IND,534,India,1974,0,1,1,0,0,0,1,0,0,0,0,0,1,0,0,0
10/1/1974,IND,534,India,1974,0,1,1,0,0,0,1,0,0,0,0,0,1,0,0,0
1/1/1975,IND,534,India,1975,0,1,1,0,0,0,1,0,0,0,0,0,1,0,0,0
4/1/1975,IND,534,India,1975,0,1,1,0,0,0,1,0,0,0,0,0,1,0,0,0
7/1/1975,IND,534,India,1975,0,1,1,0,0,0,1,0,0,0,0,0,1,0,0,0
10/1/1975,IND,534,India,1975,0,1,1,0,0,0,1,0,0,0,0,0,1,0,0,0
1/1/1976,IND,534,India,1976,0,1,1,0,0,0,1,0,0,0,0,0,1,0,0,0
4/1/1976,IND,534,India,1976,0,1,1,0,0,0,1,0,0,0,0,0,1,0,0,0
7/1/1976,IND,534,India,1976,0,1,1,0,0,0,1,0,0,0,0,0,1,0,0,0
10/1/1976,IND,534,India,1976,0,1,1,0,0,0,1,0,0,0,0,0,1,0,0,0
1/1/1977,IND,534,India,1977,0,1,1,0,0,0,1,0,0,0,0,0,1,0,0,0
4/1/1977,IND,534,India,1977,0,1,1,0,0,0,1,0,0,0,0,0,1,0,0,0
7/1/1977,IND,534,India,1977,0,1,1,0,0,0,1,0,0,0,0,0,1,0,0,0
10/1/1977,IND,534,India,1977,0,1,1,0,0,0,1,0,0,0,0,0,1,0,0,0
1/1/1978,IND,534,India,1978,0,1,1,0,0,0,1,0,0,0,0,0,1,0,0,0
4/1/1978,IND,534,India,1978,0,1,1,0,0,0,1,0,0,0,0,0,1,0,0,0
7/1/1978,IND,534,India,1978,0,1,1,0,0,0,1,0,0,0,0,0,1,0,0,0
10/1/1978,IND,534,India,1978,0,1,1,0,0,0,1,0,0,0,0,0,1,0,0,0
1/1/1979,IND,534,India,1979,0,1,1,0,0,0,1,0,0,0,0,0,1,0,0,0
4/1/1979,IND,534,India,1979,0,1,1,0,0,0,1,0,0,0,0,0,1,0,0,0
7/1/1979,IND,534,India,1979,0,1,1,0,0,0,1,0,0,0,0,0,1,0,0,0
10/1/1979,IND,534,India,1979,0,1,1,0,0,0,1,0,0,0,0,0,1,0,0,0
1/1/1980,IND,534,India,1980,0,1,1,0,0,0,1,0,0,0,0,0,1,0,0,0
4/1/1980,IND,534,India,1980,0,1,1,0,0,0,1,0,0,0,0,0,1,0,0,0
7/1/1980,IND,534,India,1980,0,1,1,0,0,0,1,0,0,0,0,0,1,0,0,0
10/1/1980,IND,534,India,1980,0,1,1,0,0,0,1,0,0,0,0,0,1,0,0,0
1/1/1981,IND,534,India,1981,0,1,1,0,0,0,1,0,0,0,0,0,1,0,0,0
4/1/1981,IND,534,India,1981,0,1,1,0,0,0,1,0,0,0,0,0,1,0,0,0
7/1/1981,IND,534,India,1981,0,1,1,0,0,0,1,0,0,0,0,0,1,0,0,0
10/1/1981,IND,534,India,1981,0,1,1,0,0,0,1,0,0,0,0,0,1,0,0,0
1/1/1982,IND,534,India,1982,0,1,1,0,0,0,1,0,0,0,0,0,1,0,0,0
4/1/1982,IND,534,India,1982,0,1,1,0,0,0,1,0,0,0,0,0,1,0,0,0
7/1/1982,IND,534,India,1982,0,1,1,0,0,0,1,0,0,0,0,0,1,0,0,0
10/1/1982,IND,534,India,1982,0,1,1,0,0,0,1,0,0,0,0,0,1,0,0,0
1/1/1983,IND,534,India,1983,0,1,1,0,0,0,1,0,0,0,0,0,1,0,0,0
4/1/1983,IND,534,India,1983,0,1,1,0,0,0,1,0,0,0,0,0,1,0,0,0
7/1/1983,IND,534,India,1983,0,1,1,0,0,0,1,0,0,0,0,0,1,0,0,0
10/1/1983,IND,534,India,1983,0,1,1,0,0,0,1,0,0,0,0,0,1,0,0,0
1/1/1984,IND,534,India,1984,0,1,1,0,0,0,1,0,0,0,0,0,1,0,0,0
4/1/1984,IND,534,India,1984,0,1,1,0,0,0,1,0,0,0,0,0,1,0,0,0
7/1/1984,IND,534,India,1984,0,1,1,0,0,0,1,0,0,0,0,0,1,0,0,0
10/1/1984,IND,534,India,1984,0,1,1,0,0,0,1,0,0,0,0,0,1,0,0,0
1/1/1985,IND,534,India,1985,0,1,1,0,0,0,1,0,0,0,0,0,1,0,0,0
4/1/1985,IND,534,India,1985,0,1,1,0,0,0,1,0,0,0,0,0,1,0,0,0
7/1/1985,IND,534,India,1985,0,1,1,0,0,0,1,0,0,0,0,0,1,0,0,0
10/1/1985,IND,534,India,1985,0,1,1,0,0,0,1,0,0,0,0,0,1,0,0,0
1/1/1986,IND,534,India,1986,0,1,1,0,0,0,1,0,0,0,0,0,1,0,0,0
4/1/1986,IND,534,India,1986,0,1,1,0,0,0,1,0,0,0,0,0,1,0,0,0
7/1/1986,IND,534,India,1986,0,1,1,0,0,0,1,0,0,0,0,0,1,0,0,0
10/1/1986,IND,534,India,1986,0,1,1,0,0,0,1,0,0,0,0,0,1,0,0,0
1/1/1987,IND,534,India,1987,0,1,1,0,0,0,1,0,0,0,0,0,1,0,0,0
4/1/1987,IND,534,India,1987,0,1,1,0,0,0,1,0,0,0,0,0,1,0,0,0
7/1/1987,IND,534,India,1987,0,1,1,0,0,0,1,0,0,0,0,0,1,0,0,0
10/1/1987,IND,534,India,1987,0,1,1,0,0,0,1,0,0,0,0,0,1,0,0,0
1/1/1988,IND,534,India,1988,0,1,1,0,0,0,1,0,0,0,0,0,1,0,0,0
4/1/1988,IND,534,India,1988,0,1,1,0,0,0,1,0,0,0,0,0,1,0,0,0
7/1/1988,IND,534,India,1988,0,1,1,0,0,0,1,0,0,0,0,0,1,0,0,0
10/1/1988,IND,534,India,1988,0,1,1,0,0,0,1,0,0,0,0,0,1,0,0,0
1/1/1989,IND,534,India,1989,0,1,1,0,0,0,1,0,0,0,0,0,1,0,0,0
4/1/1989,IND,534,India,1989,0,1,1,0,0,0,1,0,0,0,0,0,1,0,0,0
7/1/1989,IND,534,India,1989,0,1,1,0,0,0,1,0,0,0,0,0,1,0,0,0
10/1/1989,IND,534,India,1989,0,1,1,0,0,0,1,0,0,0,0,0,1,0,0,0
1/1/1990,IND,534,India,1990,0,1,1,0,0,0,1,0,0,0,0,0,1,0,0,0
4/1/1990,IND,534,India,1990,0,1,1,0,0,0,1,0,0,0,0,0,1,0,0,0
7/1/1990,IND,534,India,1990,0,1,1,0,0,0,1,0,0,0,0,0,1,0,0,0
10/1/1990,IND,534,India,1990,0,1,1,0,0,0,1,0,0,0,0,0,1,0,0,0
1/1/1991,IND,534,India,1991,0,1,1,0,0,0,1,0,0,0,0,0,1,0,0,0
4/1/1991,IND,534,India,1991,0,1,1,0,0,0,1,0,0,0,0,0,1,0,0,0
7/1/1991,IND,534,India,1991,0,1,1,0,0,0,1,0,0,0,0,0,1,0,0,0
10/1/1991,IND,534,India,1991,0,1,1,0,0,0,1,0,0,0,0,0,1,0,0,0
1/1/1992,IND,534,India,1992,0,1,1,0,0,0,1,0,0,0,0,0,1,0,0,0
4/1/1992,IND,534,India,1992,0,1,1,0,0,0,1,0,0,0,0,0,1,0,0,0
7/1/1992,IND,534,India,1992,0,1,1,0,0,0,1,0,0,0,0,0,1,0,0,0
10/1/1992,IND,534,India,1992,0,1,1,0,0,0,1,0,0,0,0,0,1,0,0,0
1/1/1993,IND,534,India,1993,0,1,1,0,0,0,1,0,0,0,0,0,1,0,0,0
4/1/1993,IND,534,India,1993,0,1,1,0,0,0,1,0,0,0,0,0,1,0,0,0
7/1/1993,IND,534,India,1993,0,1,1,0,0,0,1,0,0,0,0,0,1,0,0,0
10/1/1993,IND,534,India,1993,0,1,1,0,0,0,1,0,0,0,0,0,1,0,0,0
1/1/1994,IND,534,India,1994,0,1,1,0,0,0,1,0,0,0,0,0,1,0,0,0
4/1/1994,IND,534,India,1994,0,1,1,0,0,0,1,0,0,0,0,0,1,0,0,0
7/1/1994,IND,534,India,1994,0,1,1,0,0,0,1,0,0,0,0,0,1,0,0,0
10/1/1994,IND,534,India,1994,0,1,1,0,0,0,1,0,0,0,0,0,1,0,0,0
1/1/1995,IND,534,India,1995,0,1,1,0,0,0,1,0,0,0,0,0,1,0,0,0
4/1/1995,IND,534,India,1995,0,1,1,0,0,0,1,0,0,0,0,0,1,0,0,0
7/1/1995,IND,534,India,1995,0,1,1,0,0,0,1,0,0,0,0,0,1,0,0,0
10/1/1995,IND,534,India,1995,0,1,1,0,0,0,1,0,0,0,0,0,1,0,0,0
1/1/1996,IND,534,India,1996,0,1,1,0,0,0,1,0,0,0,0,0,1,0,0,0
4/1/1996,IND,534,India,1996,0,1,1,0,0,0,1,0,0,0,0,0,1,0,0,0
7/1/1996,IND,534,India,1996,0,1,1,0,0,0,1,0,0,0,0,0,1,0,0,0
10/1/1996,IND,534,India,1996,0,1,1,0,0,0,1,0,0,0,0,0,1,0,0,0
1/1/1997,IND,534,India,1997,0,1,1,0,0,0,1,0,0,0,0,0,1,0,0,0
4/1/1997,IND,534,India,1997,0,1,1,0,0,0,1,0,0,0,0,0,1,0,0,0
7/1/1997,IND,534,India,1997,0,1,1,0,0,0,1,0,0,0,0,0,1,0,0,0
10/1/1997,IND,534,India,1997,0,1,1,0,0,0,1,0,0,0,0,0,1,0,0,0
1/1/1998,IND,534,India,1998,0,1,1,0,0,0,1,0,0,0,0,0,1,0,0,0
4/1/1998,IND,534,India,1998,0,1,1,0,0,0,1,0,0,0,0,0,1,0,0,0
7/1/1998,IND,534,India,1998,0,1,1,0,0,0,1,0,0,0,0,0,1,0,0,0
10/1/1998,IND,534,India,1998,0,1,1,0,0,0,1,0,0,0,0,0,1,0,0,0
1/1/1999,IND,534,India,1999,0,1,1,0,0,0,1,0,0,0,0,0,1,0,0,0
4/1/1999,IND,534,India,1999,0,1,1,0,0,0,1,0,0,0,0,0,1,0,0,0
7/1/1999,IND,534,India,1999,0,1,1,0,0,0,1,0,0,0,0,0,1,0,0,0
10/1/1999,IND,534,India,1999,0,1,1,0,0,0,1,0,0,0,0,0,1,0,0,0
1/1/2000,IND,534,India,2000,0,1,1,0,0,0,1,0,0,0,0,0,1,0,0,0
4/1/2000,IND,534,India,2000,0,1,1,0,0,0,1,0,0,0,0,0,1,0,0,0
7/1/2000,IND,534,India,2000,0,1,1,0,0,0,1,0,0,0,0,0,1,0,0,0
10/1/2000,IND,534,India,2000,0,1,1,0,0,0,1,0,0,0,0,0,1,0,0,0
1/1/2001,IND,534,India,2001,0,1,1,0,0,0,1,0,0,0,0,0,1,0,0,0
4/1/2001,IND,534,India,2001,0,1,1,0,0,0,1,0,0,0,0,0,1,0,0,0
7/1/2001,IND,534,India,2001,0,1,1,0,0,0,1,0,0,0,0,0,1,0,0,0
10/1/2001,IND,534,India,2001,0,1,1,0,0,0,1,0,0,0,0,0,1,0,0,0
1/1/2002,IND,534,India,2002,0,1,1,0,0,0,1,0,0,0,0,0,1,0,0,0
4/1/2002,IND,534,India,2002,0,1,1,0,0,0,1,0,0,0,0,0,1,0,0,0
7/1/2002,IND,534,India,2002,0,1,1,0,0,0,1,0,0,0,0,0,1,0,0,0
10/1/2002,IND,534,India,2002,0,1,1,0,0,0,1,0,0,0,0,0,1,0,0,0
1/1/2003,IND,534,India,2003,0,1,1,0,0,0,1,0,0,0,0,0,1,0,0,0
4/1/2003,IND,534,India,2003,0,1,1,0,0,0,1,0,0,0,0,0,1,0,0,0
7/1/2003,IND,534,India,2003,0,1,1,0,0,0,1,0,0,0,0,0,1,0,0,0
10/1/2003,IND,534,India,2003,0,1,1,0,0,0,1,0,0,0,0,0,1,0,0,0
1/1/2004,IND,534,India,2004,0,1,1,0,0,0,1,0,0,0,0,0,1,0,0,0
4/1/2004,IND,534,India,2004,0,1,1,0,0,0,1,0,0,0,0,0,1,0,0,0
7/1/2004,IND,534,India,2004,0,1,1,0,0,0,1,0,0,0,0,0,1,0,0,0
10/1/2004,IND,534,India,2004,0,1,1,0,0,0,1,0,0,0,0,0,1,0,0,0
1/1/2005,IND,534,India,2005,0,1,1,0,0,0,1,0,0,0,0,0,1,0,0,0
4/1/2005,IND,534,India,2005,0,1,1,0,0,0,1,0,0,0,0,0,1,0,0,0
7/1/2005,IND,534,India,2005,0,1,1,0,0,0,1,0,0,0,0,0,1,0,0,0
10/1/2005,IND,534,India,2005,0,1,1,0,0,0,1,0,0,0,0,0,1,0,0,0
1/1/2006,IND,534,India,2006,0,1,1,0,0,0,1,0,0,0,0,0,1,0,0,0
4/1/2006,IND,534,India,2006,0,1,1,0,0,0,1,0,0,0,0,0,1,0,0,0
7/1/2006,IND,534,India,2006,0,1,1,0,0,0,1,0,0,0,0,0,1,0,0,0
10/1/2006,IND,534,India,2006,0,1,1,0,0,0,1,0,0,0,0,0,1,0,0,0
1/1/2007,IND,534,India,2007,0,1,1,0,0,0,1,0,0,0,0,0,1,0,0,0
4/1/2007,IND,534,India,2007,0,1,1,0,0,0,1,0,0,0,0,0,1,0,0,0
7/1/2007,IND,534,India,2007,0,1,1,0,0,0,1,0,0,0,0,0,1,0,0,0
10/1/2007,IND,534,India,2007,0,1,1,0,0,0,1,0,0,0,0,0,1,0,0,0
1/1/2008,IND,534,India,2008,0,1,1,0,0,0,1,0,0,0,0,0,1,0,0,0
4/1/2008,IND,534,India,2008,0,1,1,0,0,0,1,0,0,0,0,0,1,0,0,0
7/1/2008,IND,534,India,2008,0,1,1,0,0,0,1,0,0,0,0,0,1,0,0,0
10/1/2008,IND,534,India,2008,0,1,1,0,0,0,1,0,0,0,0,0,1,0,0,0
1/1/2009,IND,534,India,2009,0,1,1,0,0,0,1,0,0,0,0,0,1,0,0,0
4/1/2009,IND,534,India,2009,0,1,1,0,0,0,1,0,0,0,0,0,1,0,0,0
7/1/2009,IND,534,India,2009,0,1,1,0,0,0,1,0,0,0,0,0,1,0,0,0
10/1/2009,IND,534,India,2009,0,1,1,0,0,0,1,0,0,0,0,0,1,0,0,0
1/1/2010,IND,534,India,2010,0,1,1,0,0,0,1,0,0,0,0,0,1,0,0,0
4/1/2010,IND,534,India,2010,0,1,1,0,0,0,1,0,0,0,0,0,1,0,0,0
7/1/2010,IND,534,India,2010,0,1,1,0,0,0,1,0,0,0,0,0,1,0,0,0
10/1/2010,IND,534,India,2010,0,1,1,0,0,0,1,0,0,0,0,0,1,0,0,0
1/1/2011,IND,534,India,2011,0,1,1,0,0,0,1,0,0,0,0,0,1,0,0,0
4/1/2011,IND,534,India,2011,0,1,1,0,0,0,1,0,0,0,0,0,1,0,0,0
7/1/2011,IND,534,India,2011,0,1,1,0,0,0,1,0,0,0,0,0,1,0,0,0
10/1/2011,IND,534,India,2011,0,1,1,0,0,0,1,0,0,0,0,0,1,0,0,0
1/1/2012,IND,534,India,2012,0,1,1,0,0,0,1,0,0,0,0,0,1,0,0,0
4/1/2012,IND,534,India,2012,0,1,1,0,0,0,1,0,0,0,0,0,1,0,0,0
7/1/2012,IND,534,India,2012,0,1,1,0,0,0,1,0,0,0,0,0,1,0,0,0
10/1/2012,IND,534,India,2012,0,1,1,0,0,0,1,0,0,0,0,0,1,0,0,0
1/1/2013,IND,534,India,2013,0,1,1,0,0,0,1,0,0,0,0,0,1,0,0,0
4/1/2013,IND,534,India,2013,0,1,1,0,0,0,1,0,0,0,0,0,1,0,0,0
7/1/2013,IND,534,India,2013,0,1,1,0,0,0,1,0,0,0,0,0,1,0,0,0
10/1/2013,IND,534,India,2013,0,1,1,0,0,0,1,0,0,0,0,0,1,0,0,0
1/1/2014,IND,534,India,2014,0,1,1,0,0,0,1,0,0,0,0,0,1,0,0,0
4/1/2014,IND,534,India,2014,0,1,1,0,0,0,1,0,0,0,0,0,1,0,0,0
7/1/2014,IND,534,India,2014,0,1,1,0,0,0,1,0,0,0,0,0,1,0,0,0
10/1/2014,IND,534,India,2014,0,1,1,0,0,0,1,0,0,0,0,0,1,0,0,0
1/1/2015,IND,534,India,2015,0,1,1,0,0,0,1,0,0,0,0,0,1,0,0,0
4/1/2015,IND,534,India,2015,0,1,1,0,0,0,1,0,0,0,0,0,1,0,0,0
7/1/2015,IND,534,India,2015,0,1,1,0,0,0,1,0,0,0,0,0,1,0,0,0
10/1/2015,IND,534,India,2015,0,1,1,0,0,0,1,0,0,0,0,0,1,0,0,0
1/1/2016,IND,534,India,2016,0,1,1,0,0,0,1,0,0,0,0,0,1,0,0,0
4/1/2016,IND,534,India,2016,0,1,1,0,0,0,1,0,0,0,0,0,1,0,0,0
7/1/2016,IND,534,India,2016,0,1,1,0,0,0,1,0,0,0,0,0,1,0,0,0
10/1/2016,IND,534,India,2016,0,1,1,0,0,0,1,0,0,0,0,0,1,0,0,0
1/1/2017,IND,534,India,2017,0,1,1,0,0,0,1,0,0,0,0,0,1,0,0,0
4/1/2017,IND,534,India,2017,0,1,1,0,0,0,1,0,0,0,0,0,1,0,0,0
7/1/2017,IND,534,India,2017,0,1,1,0,0,0,1,0,0,0,0,0,1,0,0,0
10/1/2017,IND,534,India,2017,0,1,1,0,0,0,1,0,0,0,0,0,1,0,0,0
1/1/2018,IND,534,India,2018,0,1,1,0,0,0,1,0,0,0,0,0,1,0,0,0
4/1/2018,IND,534,India,2018,0,1,1,0,0,0,1,0,0,0,0,0,1,0,0,0
7/1/2018,IND,534,India,2018,0,1,1,0,0,0,1,0,0,0,0,0,1,0,0,0
10/1/2018,IND,534,India,2018,0,1,1,0,0,0,1,0,0,0,0,0,1,0,0,0
1/1/2019,IND,534,India,2019,0,1,1,0,0,0,1,0,0,0,0,0,1,0,0,0
4/1/2019,IND,534,India,2019,0,1,1,0,0,0,1,0,0,0,0,0,1,0,0,0
7/1/2019,IND,534,India,2019,0,1,1,0,0,0,1,0,0,0,0,0,1,0,0,0
10/1/2019,IND,534,India,2019,0,1,1,0,0,0,1,0,0,0,0,0,1,0,0,0
1/1/2020,IND,534,India,2020,0,1,1,0,0,0,1,0,0,0,0,0,1,0,0,0
4/1/2020,IND,534,India,2020,0,1,1,0,0,0,1,0,0,0,0,0,1,0,0,0
7/1/2020,IND,534,India,2020,0,1,1,0,0,0,1,0,0,0,0,0,1,0,0,0
10/1/2020,IND,534,India,2020,0,1,1,0,0,0,1,0,0,0,0,0,1,0,0,0
1/1/2021,IND,534,India,2021,0,1,1,0,0,0,1,0,0,0,0,0,1,0,0,0
4/1/2021,IND,534,India,2021,0,1,1,0,0,0,1,0,0,0,0,0,1,0,0,0
7/1/2021,IND,534,India,2021,0,1,1,0,0,0,1,0,0,0,0,0,1,0,0,0
10/1/2021,IND,534,India,2021,0,1,1,0,0,0,1,0,0,0,0,0,1,0,0,0
1/1/2022,IND,534,India,2022,0,1,1,0,0,0,1,0,0,0,0,0,1,0,0,0
4/1/2022,IND,534,India,2022,0,1,1,0,0,0,1,0,0,0,0,0,1,0,0,0
7/1/2022,IND,534,India,2022,0,1,1,0,0,0,1,0,0,0,0,0,1,0,0,0
10/1/2022,IND,534,India,2022,0,1,1,0,0,0,1,0,0,0,0,0,1,0,0,0
1/1/2023,IND,534,India,2023,0,1,1,0,0,0,1,0,0,0,0,0,1,0,0,0
4/1/2023,IND,534,India,2023,0,1,1,0,0,0,1,0,0,0,0,0,1,0,0,0
7/1/2023,IND,534,India,2023,0,1,1,0,0,0,1,0,0,0,0,0,1,0,0,0
10/1/2023,IND,534,India,2023,0,1,1,0,0,0,1,0,0,0,0,0,1,0,0,0
1/1/2024,IND,534,India,2024,0,1,1,0,0,0,1,0,0,0,0,0,1,0,0,0
4/1/2024,IND,534,India,2024,0,1,1,0,0,0,1,0,0,0,0,0,1,0,0,0
7/1/2024,IND,534,India,2024,0,1,1,0,0,0,1,0,0,0,0,0,1,0,0,0
10/1/2024,IND,534,India,2024,0,1,1,0,0,0,1,0,0,0,0,0,1,0,0,0
1/1/1981,IDN,536,Indonesia,1981,0,1,1,1,0,0,0,0,0,0,0,0,1,0,0,0
4/1/1981,IDN,536,Indonesia,1981,0,1,1,1,0,0,0,0,0,0,0,0,1,0,0,0
7/1/1981,IDN,536,Indonesia,1981,0,1,1,1,0,0,0,0,0,0,0,0,1,0,0,0
10/1/1981,IDN,536,Indonesia,1981,0,1,1,1,0,0,0,0,0,0,0,0,1,0,0,0
1/1/1982,IDN,536,Indonesia,1982,0,1,1,1,0,0,0,0,0,0,0,0,1,0,0,0
4/1/1982,IDN,536,Indonesia,1982,0,1,1,1,0,0,0,0,0,0,0,0,1,0,0,0
7/1/1982,IDN,536,Indonesia,1982,0,1,1,1,0,0,0,0,0,0,0,0,1,0,0,0
10/1/1982,IDN,536,Indonesia,1982,0,1,1,1,0,0,0,0,0,0,0,0,1,0,0,0
1/1/1983,IDN,536,Indonesia,1983,0,1,1,1,0,0,0,0,0,0,0,0,1,0,0,0
4/1/1983,IDN,536,Indonesia,1983,0,1,1,1,0,0,0,0,0,0,0,0,1,0,0,0
7/1/1983,IDN,536,Indonesia,1983,0,1,1,1,0,0,0,0,0,0,0,0,1,0,0,0
10/1/1983,IDN,536,Indonesia,1983,0,1,1,1,0,0,0,0,0,0,0,0,1,0,0,0
1/1/1984,IDN,536,Indonesia,1984,0,1,1,1,0,0,0,0,0,0,0,0,1,0,0,0
4/1/1984,IDN,536,Indonesia,1984,0,1,1,1,0,0,0,0,0,0,0,0,1,0,0,0
7/1/1984,IDN,536,Indonesia,1984,0,1,1,1,0,0,0,0,0,0,0,0,1,0,0,0
10/1/1984,IDN,536,Indonesia,1984,0,1,1,1,0,0,0,0,0,0,0,0,1,0,0,0
1/1/1985,IDN,536,Indonesia,1985,0,1,1,1,0,0,0,0,0,0,0,0,1,0,0,0
4/1/1985,IDN,536,Indonesia,1985,0,1,1,1,0,0,0,0,0,0,0,0,1,0,0,0
7/1/1985,IDN,536,Indonesia,1985,0,1,1,1,0,0,0,0,0,0,0,0,1,0,0,0
10/1/1985,IDN,536,Indonesia,1985,0,1,1,1,0,0,0,0,0,0,0,0,1,0,0,0
1/1/1986,IDN,536,Indonesia,1986,0,1,1,1,0,0,0,0,0,0,0,0,1,0,0,0
4/1/1986,IDN,536,Indonesia,1986,0,1,1,1,0,0,0,0,0,0,0,0,1,0,0,0
7/1/1986,IDN,536,Indonesia,1986,0,1,1,1,0,0,0,0,0,0,0,0,1,0,0,0
10/1/1986,IDN,536,Indonesia,1986,0,1,1,1,0,0,0,0,0,0,0,0,1,0,0,0
1/1/1987,IDN,536,Indonesia,1987,0,1,1,1,0,0,0,0,0,0,0,0,1,0,0,0
4/1/1987,IDN,536,Indonesia,1987,0,1,1,1,0,0,0,0,0,0,0,0,1,0,0,0
7/1/1987,IDN,536,Indonesia,1987,0,1,1,1,0,0,0,0,0,0,0,0,1,0,0,0
10/1/1987,IDN,536,Indonesia,1987,0,1,1,1,0,0,0,0,0,0,0,0,1,0,0,0
1/1/1988,IDN,536,Indonesia,1988,0,1,1,1,0,0,0,0,0,0,0,0,1,0,0,0
4/1/1988,IDN,536,Indonesia,1988,0,1,1,1,0,0,0,0,0,0,0,0,1,0,0,0
7/1/1988,IDN,536,Indonesia,1988,0,1,1,1,0,0,0,0,0,0,0,0,1,0,0,0
10/1/1988,IDN,536,Indonesia,1988,0,1,1,1,0,0,0,0,0,0,0,0,1,0,0,0
1/1/1989,IDN,536,Indonesia,1989,0,1,1,1,0,0,0,0,0,0,0,0,1,0,0,0
4/1/1989,IDN,536,Indonesia,1989,0,1,1,1,0,0,0,0,0,0,0,0,1,0,0,0
7/1/1989,IDN,536,Indonesia,1989,0,1,1,1,0,0,0,0,0,0,0,0,1,0,0,0
10/1/1989,IDN,536,Indonesia,1989,0,1,1,1,0,0,0,0,0,0,0,0,1,0,0,0
1/1/1990,IDN,536,Indonesia,1990,0,1,1,1,0,0,0,0,0,0,0,0,1,0,0,0
4/1/1990,IDN,536,Indonesia,1990,0,1,1,1,0,0,0,0,0,0,0,0,1,0,0,0
7/1/1990,IDN,536,Indonesia,1990,0,1,1,1,0,0,0,0,0,0,0,0,1,0,0,0
10/1/1990,IDN,536,Indonesia,1990,0,1,1,1,0,0,0,0,0,0,0,0,1,0,0,0
1/1/1991,IDN,536,Indonesia,1991,0,1,1,1,0,0,0,0,0,0,0,0,1,0,0,0
4/1/1991,IDN,536,Indonesia,1991,0,1,1,1,0,0,0,0,0,0,0,0,1,0,0,0
7/1/1991,IDN,536,Indonesia,1991,0,1,1,1,0,0,0,0,0,0,0,0,1,0,0,0
10/1/1991,IDN,536,Indonesia,1991,0,1,1,1,0,0,0,0,0,0,0,0,1,0,0,0
1/1/1992,IDN,536,Indonesia,1992,0,1,1,1,0,0,0,0,0,0,0,0,1,0,0,0
4/1/1992,IDN,536,Indonesia,1992,0,1,1,1,0,0,0,0,0,0,0,0,1,0,0,0
7/1/1992,IDN,536,Indonesia,1992,0,1,1,1,0,0,0,0,0,0,0,0,1,0,0,0
10/1/1992,IDN,536,Indonesia,1992,0,1,1,1,0,0,0,0,0,0,0,0,1,0,0,0
1/1/1993,IDN,536,Indonesia,1993,0,1,1,1,0,0,0,0,0,0,0,0,1,0,0,0
4/1/1993,IDN,536,Indonesia,1993,0,1,1,1,0,0,0,0,0,0,0,0,1,0,0,0
7/1/1993,IDN,536,Indonesia,1993,0,1,1,1,0,0,0,0,0,0,0,0,1,0,0,0
10/1/1993,IDN,536,Indonesia,1993,0,1,1,1,0,0,0,0,0,0,0,0,1,0,0,0
1/1/1994,IDN,536,Indonesia,1994,0,1,1,1,0,0,0,0,0,0,0,0,1,0,0,0
4/1/1994,IDN,536,Indonesia,1994,0,1,1,1,0,0,0,0,0,0,0,0,1,0,0,0
7/1/1994,IDN,536,Indonesia,1994,0,1,1,1,0,0,0,0,0,0,0,0,1,0,0,0
10/1/1994,IDN,536,Indonesia,1994,0,1,1,1,0,0,0,0,0,0,0,0,1,0,0,0
1/1/1995,IDN,536,Indonesia,1995,0,1,1,1,0,0,0,0,0,0,0,0,1,0,0,0
4/1/1995,IDN,536,Indonesia,1995,0,1,1,1,0,0,0,0,0,0,0,0,1,0,0,0
7/1/1995,IDN,536,Indonesia,1995,0,1,1,1,0,0,0,0,0,0,0,0,1,0,0,0
10/1/1995,IDN,536,Indonesia,1995,0,1,1,1,0,0,0,0,0,0,0,0,1,0,0,0
1/1/1996,IDN,536,Indonesia,1996,0,1,1,1,0,0,0,0,0,0,0,0,1,0,0,0
4/1/1996,IDN,536,Indonesia,1996,0,1,1,1,0,0,0,0,0,0,0,0,1,0,0,0
7/1/1996,IDN,536,Indonesia,1996,0,1,1,1,0,0,0,0,0,0,0,0,1,0,0,0
10/1/1996,IDN,536,Indonesia,1996,0,1,1,1,0,0,0,0,0,0,0,0,1,0,0,0
1/1/1997,IDN,536,Indonesia,1997,0,1,1,1,0,0,0,0,0,0,0,0,1,0,0,0
4/1/1997,IDN,536,Indonesia,1997,0,1,1,1,0,0,0,0,0,0,0,0,1,0,0,0
7/1/1997,IDN,536,Indonesia,1997,0,1,1,1,0,0,0,0,0,0,0,0,1,0,0,0
10/1/1997,IDN,536,Indonesia,1997,0,1,1,1,0,0,0,0,0,0,0,0,1,0,0,0
1/1/1998,IDN,536,Indonesia,1998,0,1,1,1,0,0,0,0,0,0,0,0,1,0,0,0
4/1/1998,IDN,536,Indonesia,1998,0,1,1,1,0,0,0,0,0,0,0,0,1,0,0,0
7/1/1998,IDN,536,Indonesia,1998,0,1,1,1,0,0,0,0,0,0,0,0,1,0,0,0
10/1/1998,IDN,536,Indonesia,1998,0,1,1,1,0,0,0,0,0,0,0,0,1,0,0,0
1/1/1999,IDN,536,Indonesia,1999,0,1,1,1,0,0,0,0,0,0,0,0,1,0,0,0
4/1/1999,IDN,536,Indonesia,1999,0,1,1,1,0,0,0,0,0,0,0,0,1,0,0,0
7/1/1999,IDN,536,Indonesia,1999,0,1,1,1,0,0,0,0,0,0,0,0,1,0,0,0
10/1/1999,IDN,536,Indonesia,1999,0,1,1,1,0,0,0,0,0,0,0,0,1,0,0,0
1/1/2000,IDN,536,Indonesia,2000,0,1,1,1,0,0,0,0,0,0,0,0,1,0,0,0
4/1/2000,IDN,536,Indonesia,2000,0,1,1,1,0,0,0,0,0,0,0,0,1,0,0,0
7/1/2000,IDN,536,Indonesia,2000,0,1,1,1,0,0,0,0,0,0,0,0,1,0,0,0
10/1/2000,IDN,536,Indonesia,2000,0,1,1,1,0,0,0,0,0,0,0,0,1,0,0,0
1/1/2001,IDN,536,Indonesia,2001,0,1,1,1,0,0,0,0,0,0,0,0,1,0,0,0
4/1/2001,IDN,536,Indonesia,2001,0,1,1,1,0,0,0,0,0,0,0,0,1,0,0,0
7/1/2001,IDN,536,Indonesia,2001,0,1,1,1,0,0,0,0,0,0,0,0,1,0,0,0
10/1/2001,IDN,536,Indonesia,2001,0,1,1,1,0,0,0,0,0,0,0,0,1,0,0,0
1/1/2002,IDN,536,Indonesia,2002,0,1,1,1,0,0,0,0,0,0,0,0,1,0,0,0
4/1/2002,IDN,536,Indonesia,2002,0,1,1,1,0,0,0,0,0,0,0,0,1,0,0,0
7/1/2002,IDN,536,Indonesia,2002,0,1,1,1,0,0,0,0,0,0,0,0,1,0,0,0
10/1/2002,IDN,536,Indonesia,2002,0,1,1,1,0,0,0,0,0,0,0,0,1,0,0,0
1/1/2003,IDN,536,Indonesia,2003,0,1,1,1,0,0,0,0,0,0,0,0,1,0,0,0
4/1/2003,IDN,536,Indonesia,2003,0,1,1,1,0,0,0,0,0,0,0,0,1,0,0,0
7/1/2003,IDN,536,Indonesia,2003,0,1,1,1,0,0,0,0,0,0,0,0,1,0,0,0
10/1/2003,IDN,536,Indonesia,2003,0,1,1,1,0,0,0,0,0,0,0,0,1,0,0,0
1/1/2004,IDN,536,Indonesia,2004,0,1,1,1,0,0,0,0,0,0,0,0,1,0,0,0
4/1/2004,IDN,536,Indonesia,2004,0,1,1,1,0,0,0,0,0,0,0,0,1,0,0,0
7/1/2004,IDN,536,Indonesia,2004,0,1,1,1,0,0,0,0,0,0,0,0,1,0,0,0
10/1/2004,IDN,536,Indonesia,2004,0,1,1,1,0,0,0,0,0,0,0,0,1,0,0,0
1/1/2005,IDN,536,Indonesia,2005,0,1,1,1,0,0,0,0,0,0,0,0,1,0,0,0
4/1/2005,IDN,536,Indonesia,2005,0,1,1,1,0,0,0,0,0,0,0,0,1,0,0,0
7/1/2005,IDN,536,Indonesia,2005,0,1,1,1,0,0,0,0,0,0,0,0,1,0,0,0
10/1/2005,IDN,536,Indonesia,2005,0,1,1,1,0,0,0,0,0,0,0,0,1,0,0,0
1/1/2006,IDN,536,Indonesia,2006,0,1,1,1,0,0,0,0,0,0,0,0,1,0,0,0
4/1/2006,IDN,536,Indonesia,2006,0,1,1,1,0,0,0,0,0,0,0,0,1,0,0,0
7/1/2006,IDN,536,Indonesia,2006,0,1,1,1,0,0,0,0,0,0,0,0,1,0,0,0
10/1/2006,IDN,536,Indonesia,2006,0,1,1,1,0,0,0,0,0,0,0,0,1,0,0,0
1/1/2007,IDN,536,Indonesia,2007,0,1,1,1,0,0,0,0,0,0,0,0,1,0,0,0
4/1/2007,IDN,536,Indonesia,2007,0,1,1,1,0,0,0,0,0,0,0,0,1,0,0,0
7/1/2007,IDN,536,Indonesia,2007,0,1,1,1,0,0,0,0,0,0,0,0,1,0,0,0
10/1/2007,IDN,536,Indonesia,2007,0,1,1,1,0,0,0,0,0,0,0,0,1,0,0,0
1/1/2008,IDN,536,Indonesia,2008,0,1,1,1,0,0,0,0,0,0,0,0,1,0,0,0
4/1/2008,IDN,536,Indonesia,2008,0,1,1,1,0,0,0,0,0,0,0,0,1,0,0,0
7/1/2008,IDN,536,Indonesia,2008,0,1,1,1,0,0,0,0,0,0,0,0,1,0,0,0
10/1/2008,IDN,536,Indonesia,2008,0,1,1,1,0,0,0,0,0,0,0,0,1,0,0,0
1/1/2009,IDN,536,Indonesia,2009,0,1,1,1,0,0,0,0,0,0,0,0,1,0,0,0
4/1/2009,IDN,536,Indonesia,2009,0,1,1,1,0,0,0,0,0,0,0,0,1,0,0,0
7/1/2009,IDN,536,Indonesia,2009,0,1,1,1,0,0,0,0,0,0,0,0,1,0,0,0
10/1/2009,IDN,536,Indonesia,2009,0,1,1,1,0,0,0,0,0,0,0,0,1,0,0,0
1/1/2010,IDN,536,Indonesia,2010,0,1,1,1,0,0,0,0,0,0,0,0,1,0,0,0
4/1/2010,IDN,536,Indonesia,2010,0,1,1,1,0,0,0,0,0,0,0,0,1,0,0,0
7/1/2010,IDN,536,Indonesia,2010,0,1,1,1,0,0,0,0,0,0,0,0,1,0,0,0
10/1/2010,IDN,536,Indonesia,2010,0,1,1,1,0,0,0,0,0,0,0,0,1,0,0,0
1/1/2011,IDN,536,Indonesia,2011,0,1,1,1,0,0,0,0,0,0,0,0,1,0,0,0
4/1/2011,IDN,536,Indonesia,2011,0,1,1,1,0,0,0,0,0,0,0,0,1,0,0,0
7/1/2011,IDN,536,Indonesia,2011,0,1,1,1,0,0,0,0,0,0,0,0,1,0,0,0
10/1/2011,IDN,536,Indonesia,2011,0,1,1,1,0,0,0,0,0,0,0,0,1,0,0,0
1/1/2012,IDN,536,Indonesia,2012,0,1,1,1,0,0,0,0,0,0,0,0,1,0,0,0
4/1/2012,IDN,536,Indonesia,2012,0,1,1,1,0,0,0,0,0,0,0,0,1,0,0,0
7/1/2012,IDN,536,Indonesia,2012,0,1,1,1,0,0,0,0,0,0,0,0,1,0,0,0
10/1/2012,IDN,536,Indonesia,2012,0,1,1,1,0,0,0,0,0,0,0,0,1,0,0,0
1/1/2013,IDN,536,Indonesia,2013,0,1,1,1,0,0,0,0,0,0,0,0,1,0,0,0
4/1/2013,IDN,536,Indonesia,2013,0,1,1,1,0,0,0,0,0,0,0,0,1,0,0,0
7/1/2013,IDN,536,Indonesia,2013,0,1,1,1,0,0,0,0,0,0,0,0,1,0,0,0
10/1/2013,IDN,536,Indonesia,2013,0,1,1,1,0,0,0,0,0,0,0,0,1,0,0,0
1/1/2014,IDN,536,Indonesia,2014,0,1,1,1,0,0,0,0,0,0,0,0,1,0,0,0
4/1/2014,IDN,536,Indonesia,2014,0,1,1,1,0,0,0,0,0,0,0,0,1,0,0,0
7/1/2014,IDN,536,Indonesia,2014,0,1,1,1,0,0,0,0,0,0,0,0,1,0,0,0
10/1/2014,IDN,536,Indonesia,2014,0,1,1,1,0,0,0,0,0,0,0,0,1,0,0,0
1/1/2015,IDN,536,Indonesia,2015,0,1,1,1,0,0,0,0,0,0,0,0,1,0,0,0
4/1/2015,IDN,536,Indonesia,2015,0,1,1,1,0,0,0,0,0,0,0,0,1,0,0,0
7/1/2015,IDN,536,Indonesia,2015,0,1,1,1,0,0,0,0,0,0,0,0,1,0,0,0
10/1/2015,IDN,536,Indonesia,2015,0,1,1,1,0,0,0,0,0,0,0,0,1,0,0,0
1/1/2016,IDN,536,Indonesia,2016,0,1,1,1,0,0,0,0,0,0,0,0,1,0,0,0
4/1/2016,IDN,536,Indonesia,2016,0,1,1,1,0,0,0,0,0,0,0,0,1,0,0,0
7/1/2016,IDN,536,Indonesia,2016,0,1,1,1,0,0,0,0,0,0,0,0,1,0,0,0
10/1/2016,IDN,536,Indonesia,2016,0,1,1,1,0,0,0,0,0,0,0,0,1,0,0,0
1/1/2017,IDN,536,Indonesia,2017,0,1,1,1,0,0,0,0,0,0,0,0,1,0,0,0
4/1/2017,IDN,536,Indonesia,2017,0,1,1,1,0,0,0,0,0,0,0,0,1,0,0,0
7/1/2017,IDN,536,Indonesia,2017,0,1,1,1,0,0,0,0,0,0,0,0,1,0,0,0
10/1/2017,IDN,536,Indonesia,2017,0,1,1,1,0,0,0,0,0,0,0,0,1,0,0,0
1/1/2018,IDN,536,Indonesia,2018,0,1,1,1,0,0,0,0,0,0,0,0,1,0,0,0
4/1/2018,IDN,536,Indonesia,2018,0,1,1,1,0,0,0,0,0,0,0,0,1,0,0,0
7/1/2018,IDN,536,Indonesia,2018,0,1,1,1,0,0,0,0,0,0,0,0,1,0,0,0
10/1/2018,IDN,536,Indonesia,2018,0,1,1,1,0,0,0,0,0,0,0,0,1,0,0,0
1/1/2019,IDN,536,Indonesia,2019,0,1,1,1,0,0,0,0,0,0,0,0,1,0,0,0
4/1/2019,IDN,536,Indonesia,2019,0,1,1,1,0,0,0,0,0,0,0,0,1,0,0,0
7/1/2019,IDN,536,Indonesia,2019,0,1,1,1,0,0,0,0,0,0,0,0,1,0,0,0
10/1/2019,IDN,536,Indonesia,2019,0,1,1,1,0,0,0,0,0,0,0,0,1,0,0,0
1/1/2020,IDN,536,Indonesia,2020,0,1,1,1,0,0,0,0,0,0,0,0,1,0,0,0
4/1/2020,IDN,536,Indonesia,2020,0,1,1,1,0,0,0,0,0,0,0,0,1,0,0,0
7/1/2020,IDN,536,Indonesia,2020,0,1,1,1,0,0,0,0,0,0,0,0,1,0,0,0
10/1/2020,IDN,536,Indonesia,2020,0,1,1,1,0,0,0,0,0,0,0,0,1,0,0,0
1/1/2021,IDN,536,Indonesia,2021,0,1,1,1,0,0,0,0,0,0,0,0,1,0,0,0
4/1/2021,IDN,536,Indonesia,2021,0,1,1,1,0,0,0,0,0,0,0,0,1,0,0,0
7/1/2021,IDN,536,Indonesia,2021,0,1,1,1,0,0,0,0,0,0,0,0,1,0,0,0
10/1/2021,IDN,536,Indonesia,2021,0,1,1,1,0,0,0,0,0,0,0,0,1,0,0,0
1/1/2022,IDN,536,Indonesia,2022,0,1,1,1,0,0,0,0,0,0,0,0,1,0,0,0
4/1/2022,IDN,536,Indonesia,2022,0,1,1,1,0,0,0,0,0,0,0,0,1,0,0,0
7/1/2022,IDN,536,Indonesia,2022,0,1,1,1,0,0,0,0,0,0,0,0,1,0,0,0
10/1/2022,IDN,536,Indonesia,2022,0,1,1,1,0,0,0,0,0,0,0,0,1,0,0,0
1/1/2023,IDN,536,Indonesia,2023,0,1,1,1,0,0,0,0,0,0,0,0,1,0,0,0
4/1/2023,IDN,536,Indonesia,2023,0,1,1,1,0,0,0,0,0,0,0,0,1,0,0,0
7/1/2023,IDN,536,Indonesia,2023,0,1,1,1,0,0,0,0,0,0,0,0,1,0,0,0
10/1/2023,IDN,536,Indonesia,2023,0,1,1,1,0,0,0,0,0,0,0,0,1,0,0,0
1/1/2024,IDN,536,Indonesia,2024,0,1,1,1,0,0,0,0,0,0,0,0,1,0,0,0
4/1/2024,IDN,536,Indonesia,2024,0,1,1,1,0,0,0,0,0,0,0,0,1,0,0,0
7/1/2024,IDN,536,Indonesia,2024,0,1,1,1,0,0,0,0,0,0,0,0,1,0,0,0
10/1/2024,IDN,536,Indonesia,2024,0,1,1,1,0,0,0,0,0,0,0,0,1,0,0,0
1/1/1976,KOR,542,South Korea,1976,0,1,1,1,0,0,0,0,0,0,0,0,1,0,0,0
4/1/1976,KOR,542,South Korea,1976,0,1,1,1,0,0,0,0,0,0,0,0,1,0,0,0
7/1/1976,KOR,542,South Korea,1976,0,1,1,1,0,0,0,0,0,0,0,0,1,0,0,0
10/1/1976,KOR,542,South Korea,1976,0,1,1,1,0,0,0,0,0,0,0,0,1,0,0,0
1/1/1977,KOR,542,South Korea,1977,0,1,1,1,0,0,0,0,0,0,0,0,1,0,0,0
4/1/1977,KOR,542,South Korea,1977,0,1,1,1,0,0,0,0,0,0,0,0,1,0,0,0
7/1/1977,KOR,542,South Korea,1977,0,1,1,1,0,0,0,0,0,0,0,0,1,0,0,0
10/1/1977,KOR,542,South Korea,1977,0,1,1,1,0,0,0,0,0,0,0,0,1,0,0,0
1/1/1978,KOR,542,South Korea,1978,0,1,1,1,0,0,0,0,0,0,0,0,1,0,0,0
4/1/1978,KOR,542,South Korea,1978,0,1,1,1,0,0,0,0,0,0,0,0,1,0,0,0
7/1/1978,KOR,542,South Korea,1978,0,1,1,1,0,0,0,0,0,0,0,0,1,0,0,0
10/1/1978,KOR,542,South Korea,1978,0,1,1,1,0,0,0,0,0,0,0,0,1,0,0,0
1/1/1979,KOR,542,South Korea,1979,0,1,1,1,0,0,0,0,0,0,0,0,1,0,0,0
4/1/1979,KOR,542,South Korea,1979,0,1,1,1,0,0,0,0,0,0,0,0,1,0,0,0
7/1/1979,KOR,542,South Korea,1979,0,1,1,1,0,0,0,0,0,0,0,0,1,0,0,0
10/1/1979,KOR,542,South Korea,1979,0,1,1,1,0,0,0,0,0,0,0,0,1,0,0,0
1/1/1980,KOR,542,South Korea,1980,0,1,1,1,0,0,0,0,0,0,0,0,1,0,0,0
4/1/1980,KOR,542,South Korea,1980,0,1,1,1,0,0,0,0,0,0,0,0,1,0,0,0
7/1/1980,KOR,542,South Korea,1980,0,1,1,1,0,0,0,0,0,0,0,0,1,0,0,0
10/1/1980,KOR,542,South Korea,1980,0,1,1,1,0,0,0,0,0,0,0,0,1,0,0,0
1/1/1981,KOR,542,South Korea,1981,0,1,1,1,0,0,0,0,0,0,0,0,1,0,0,0
4/1/1981,KOR,542,South Korea,1981,0,1,1,1,0,0,0,0,0,0,0,0,1,0,0,0
7/1/1981,KOR,542,South Korea,1981,0,1,1,1,0,0,0,0,0,0,0,0,1,0,0,0
10/1/1981,KOR,542,South Korea,1981,0,1,1,1,0,0,0,0,0,0,0,0,1,0,0,0
1/1/1982,KOR,542,South Korea,1982,0,1,1,1,0,0,0,0,0,0,0,0,1,0,0,0
4/1/1982,KOR,542,South Korea,1982,0,1,1,1,0,0,0,0,0,0,0,0,1,0,0,0
7/1/1982,KOR,542,South Korea,1982,0,1,1,1,0,0,0,0,0,0,0,0,1,0,0,0
10/1/1982,KOR,542,South Korea,1982,0,1,1,1,0,0,0,0,0,0,0,0,1,0,0,0
1/1/1983,KOR,542,South Korea,1983,0,1,1,1,0,0,0,0,0,0,0,0,1,0,0,0
4/1/1983,KOR,542,South Korea,1983,0,1,1,1,0,0,0,0,0,0,0,0,1,0,0,0
7/1/1983,KOR,542,South Korea,1983,0,1,1,1,0,0,0,0,0,0,0,0,1,0,0,0
10/1/1983,KOR,542,South Korea,1983,0,1,1,1,0,0,0,0,0,0,0,0,1,0,0,0
1/1/1984,KOR,542,South Korea,1984,0,1,1,1,0,0,0,0,0,0,0,0,1,0,0,0
4/1/1984,KOR,542,South Korea,1984,0,1,1,1,0,0,0,0,0,0,0,0,1,0,0,0
7/1/1984,KOR,542,South Korea,1984,0,1,1,1,0,0,0,0,0,0,0,0,1,0,0,0
10/1/1984,KOR,542,South Korea,1984,0,1,1,1,0,0,0,0,0,0,0,0,1,0,0,0
1/1/1985,KOR,542,South Korea,1985,0,1,1,1,0,0,0,0,0,0,0,0,1,0,0,0
4/1/1985,KOR,542,South Korea,1985,0,1,1,1,0,0,0,0,0,0,0,0,1,0,0,0
7/1/1985,KOR,542,South Korea,1985,0,1,1,1,0,0,0,0,0,0,0,0,1,0,0,0
10/1/1985,KOR,542,South Korea,1985,0,1,1,1,0,0,0,0,0,0,0,0,1,0,0,0
1/1/1986,KOR,542,South Korea,1986,0,1,1,1,0,0,0,0,0,0,0,0,1,0,0,0
4/1/1986,KOR,542,South Korea,1986,0,1,1,1,0,0,0,0,0,0,0,0,1,0,0,0
7/1/1986,KOR,542,South Korea,1986,0,1,1,1,0,0,0,0,0,0,0,0,1,0,0,0
10/1/1986,KOR,542,South Korea,1986,0,1,1,1,0,0,0,0,0,0,0,0,1,0,0,0
1/1/1987,KOR,542,South Korea,1987,0,1,1,1,0,0,0,0,0,0,0,0,1,0,0,0
4/1/1987,KOR,542,South Korea,1987,0,1,1,1,0,0,0,0,0,0,0,0,1,0,0,0
7/1/1987,KOR,542,South Korea,1987,0,1,1,1,0,0,0,0,0,0,0,0,1,0,0,0
10/1/1987,KOR,542,South Korea,1987,0,1,1,1,0,0,0,0,0,0,0,0,1,0,0,0
1/1/1988,KOR,542,South Korea,1988,0,1,1,1,0,0,0,0,0,0,0,0,1,0,0,0
4/1/1988,KOR,542,South Korea,1988,0,1,1,1,0,0,0,0,0,0,0,0,1,0,0,0
7/1/1988,KOR,542,South Korea,1988,0,1,1,1,0,0,0,0,0,0,0,0,1,0,0,0
10/1/1988,KOR,542,South Korea,1988,0,1,1,1,0,0,0,0,0,0,0,0,1,0,0,0
1/1/1989,KOR,542,South Korea,1989,0,1,1,1,0,0,0,0,0,0,0,0,1,0,0,0
4/1/1989,KOR,542,South Korea,1989,0,1,1,1,0,0,0,0,0,0,0,0,1,0,0,0
7/1/1989,KOR,542,South Korea,1989,0,1,1,1,0,0,0,0,0,0,0,0,1,0,0,0
10/1/1989,KOR,542,South Korea,1989,0,1,1,1,0,0,0,0,0,0,0,0,1,0,0,0
1/1/1990,KOR,542,South Korea,1990,0,1,1,1,0,0,0,0,0,0,0,0,1,0,0,0
4/1/1990,KOR,542,South Korea,1990,0,1,1,1,0,0,0,0,0,0,0,0,1,0,0,0
7/1/1990,KOR,542,South Korea,1990,0,1,1,1,0,0,0,0,0,0,0,0,1,0,0,0
10/1/1990,KOR,542,South Korea,1990,0,1,1,1,0,0,0,0,0,0,0,0,1,0,0,0
1/1/1991,KOR,542,South Korea,1991,0,1,1,1,0,0,0,0,0,0,0,0,1,0,0,0
4/1/1991,KOR,542,South Korea,1991,0,1,1,1,0,0,0,0,0,0,0,0,1,0,0,0
7/1/1991,KOR,542,South Korea,1991,0,1,1,1,0,0,0,0,0,0,0,0,1,0,0,0
10/1/1991,KOR,542,South Korea,1991,0,1,1,1,0,0,0,0,0,0,0,0,1,0,0,0
1/1/1992,KOR,542,South Korea,1992,0,1,1,1,0,0,0,0,0,0,0,0,1,0,0,0
4/1/1992,KOR,542,South Korea,1992,0,1,1,1,0,0,0,0,0,0,0,0,1,0,0,0
7/1/1992,KOR,542,South Korea,1992,0,1,1,1,0,0,0,0,0,0,0,0,1,0,0,0
10/1/1992,KOR,542,South Korea,1992,0,1,1,1,0,0,0,0,0,0,0,0,1,0,0,0
1/1/1993,KOR,542,South Korea,1993,0,1,1,1,0,0,0,0,0,0,0,0,1,0,0,0
4/1/1993,KOR,542,South Korea,1993,0,1,1,1,0,0,0,0,0,0,0,0,1,0,0,0
7/1/1993,KOR,542,South Korea,1993,0,1,1,1,0,0,0,0,0,0,0,0,1,0,0,0
10/1/1993,KOR,542,South Korea,1993,0,1,1,1,0,0,0,0,0,0,0,0,1,0,0,0
1/1/1994,KOR,542,South Korea,1994,0,1,1,1,0,0,0,0,0,0,0,0,1,0,0,0
4/1/1994,KOR,542,South Korea,1994,0,1,1,1,0,0,0,0,0,0,0,0,1,0,0,0
7/1/1994,KOR,542,South Korea,1994,0,1,1,1,0,0,0,0,0,0,0,0,1,0,0,0
10/1/1994,KOR,542,South Korea,1994,0,1,1,1,0,0,0,0,0,0,0,0,1,0,0,0
1/1/1995,KOR,542,South Korea,1995,0,1,1,1,0,0,0,0,0,0,0,0,1,0,0,0
4/1/1995,KOR,542,South Korea,1995,0,1,1,1,0,0,0,0,0,0,0,0,1,0,0,0
7/1/1995,KOR,542,South Korea,1995,0,1,1,1,0,0,0,0,0,0,0,0,1,0,0,0
10/1/1995,KOR,542,South Korea,1995,0,1,1,1,0,0,0,0,0,0,0,0,1,0,0,0
1/1/1996,KOR,542,South Korea,1996,0,1,1,1,0,0,0,0,0,0,0,0,1,0,0,0
4/1/1996,KOR,542,South Korea,1996,0,1,1,1,0,0,0,0,0,0,0,0,1,0,0,0
7/1/1996,KOR,542,South Korea,1996,0,1,1,1,0,0,0,0,0,0,0,0,1,0,0,0
10/1/1996,KOR,542,South Korea,1996,0,1,1,1,0,0,0,0,0,0,0,0,1,0,0,0
1/1/1997,KOR,542,South Korea,1997,0,1,1,1,0,0,0,0,0,0,0,0,1,0,0,0
4/1/1997,KOR,542,South Korea,1997,0,1,1,1,0,0,0,0,0,0,0,0,1,0,0,0
7/1/1997,KOR,542,South Korea,1997,0,1,1,1,0,0,0,0,0,0,0,0,1,0,0,0
10/1/1997,KOR,542,South Korea,1997,0,1,1,1,0,0,0,0,0,0,0,0,1,0,0,0
1/1/1998,KOR,542,South Korea,1998,0,1,1,1,0,0,0,0,0,0,0,0,1,0,0,0
4/1/1998,KOR,542,South Korea,1998,0,1,1,1,0,0,0,0,0,0,0,0,1,0,0,0
7/1/1998,KOR,542,South Korea,1998,0,1,1,1,0,0,0,0,0,0,0,0,1,0,0,0
10/1/1998,KOR,542,South Korea,1998,0,1,1,1,0,0,0,0,0,0,0,0,1,0,0,0
1/1/1999,KOR,542,South Korea,1999,0,1,1,1,0,0,0,0,0,0,0,0,1,0,0,0
4/1/1999,KOR,542,South Korea,1999,0,1,1,1,0,0,0,0,0,0,0,0,1,0,0,0
7/1/1999,KOR,542,South Korea,1999,0,1,1,1,0,0,0,0,0,0,0,0,1,0,0,0
10/1/1999,KOR,542,South Korea,1999,0,1,1,1,0,0,0,0,0,0,0,0,1,0,0,0
1/1/2000,KOR,542,South Korea,2000,0,1,1,1,0,0,0,0,0,0,0,0,1,0,0,0
4/1/2000,KOR,542,South Korea,2000,0,1,1,1,0,0,0,0,0,0,0,0,1,0,0,0
7/1/2000,KOR,542,South Korea,2000,0,1,1,1,0,0,0,0,0,0,0,0,1,0,0,0
10/1/2000,KOR,542,South Korea,2000,0,1,1,1,0,0,0,0,0,0,0,0,1,0,0,0
1/1/2001,KOR,542,South Korea,2001,0,1,1,1,0,0,0,0,0,0,0,0,1,0,0,0
4/1/2001,KOR,542,South Korea,2001,0,1,1,1,0,0,0,0,0,0,0,0,1,0,0,0
7/1/2001,KOR,542,South Korea,2001,0,1,1,1,0,0,0,0,0,0,0,0,1,0,0,0
10/1/2001,KOR,542,South Korea,2001,0,1,1,1,0,0,0,0,0,0,0,0,1,0,0,0
1/1/2002,KOR,542,South Korea,2002,0,1,1,1,0,0,0,0,0,0,0,0,1,0,0,0
4/1/2002,KOR,542,South Korea,2002,0,1,1,1,0,0,0,0,0,0,0,0,1,0,0,0
7/1/2002,KOR,542,South Korea,2002,0,1,1,1,0,0,0,0,0,0,0,0,1,0,0,0
10/1/2002,KOR,542,South Korea,2002,0,1,1,1,0,0,0,0,0,0,0,0,1,0,0,0
1/1/2003,KOR,542,South Korea,2003,0,1,1,1,0,0,0,0,0,0,0,0,1,0,0,0
4/1/2003,KOR,542,South Korea,2003,0,1,1,1,0,0,0,0,0,0,0,0,1,0,0,0
7/1/2003,KOR,542,South Korea,2003,0,1,1,1,0,0,0,0,0,0,0,0,1,0,0,0
10/1/2003,KOR,542,South Korea,2003,0,1,1,1,0,0,0,0,0,0,0,0,1,0,0,0
1/1/2004,KOR,542,South Korea,2004,0,1,1,1,0,0,0,0,0,0,0,0,1,0,0,0
4/1/2004,KOR,542,South Korea,2004,0,1,1,1,0,0,0,0,0,0,0,0,1,0,0,0
7/1/2004,KOR,542,South Korea,2004,0,1,1,1,0,0,0,0,0,0,0,0,1,0,0,0
10/1/2004,KOR,542,South Korea,2004,0,1,1,1,0,0,0,0,0,0,0,0,1,0,0,0
1/1/2005,KOR,542,South Korea,2005,0,1,1,1,0,0,0,0,0,0,0,0,1,0,0,0
4/1/2005,KOR,542,South Korea,2005,0,1,1,1,0,0,0,0,0,0,0,0,1,0,0,0
7/1/2005,KOR,542,South Korea,2005,0,1,1,1,0,0,0,0,0,0,0,0,1,0,0,0
10/1/2005,KOR,542,South Korea,2005,0,1,1,1,0,0,0,0,0,0,0,0,1,0,0,0
1/1/2006,KOR,542,South Korea,2006,0,1,1,1,0,0,0,0,0,0,0,0,1,0,0,0
4/1/2006,KOR,542,South Korea,2006,0,1,1,1,0,0,0,0,0,0,0,0,1,0,0,0
7/1/2006,KOR,542,South Korea,2006,0,1,1,1,0,0,0,0,0,0,0,0,1,0,0,0
10/1/2006,KOR,542,South Korea,2006,0,1,1,1,0,0,0,0,0,0,0,0,1,0,0,0
1/1/2007,KOR,542,South Korea,2007,0,1,1,1,0,0,0,0,0,0,0,0,1,0,0,0
4/1/2007,KOR,542,South Korea,2007,0,1,1,1,0,0,0,0,0,0,0,0,1,0,0,0
7/1/2007,KOR,542,South Korea,2007,0,1,1,1,0,0,0,0,0,0,0,0,1,0,0,0
10/1/2007,KOR,542,South Korea,2007,0,1,1,1,0,0,0,0,0,0,0,0,1,0,0,0
1/1/2008,KOR,542,South Korea,2008,0,1,1,1,0,0,0,0,0,0,0,0,1,0,0,0
4/1/2008,KOR,542,South Korea,2008,0,1,1,1,0,0,0,0,0,0,0,0,1,0,0,0
7/1/2008,KOR,542,South Korea,2008,0,1,1,1,0,0,0,0,0,0,0,0,1,0,0,0
10/1/2008,KOR,542,South Korea,2008,0,1,1,1,0,0,0,0,0,0,0,0,1,0,0,0
1/1/2009,KOR,542,South Korea,2009,0,1,1,1,0,0,0,0,0,0,0,0,1,0,0,0
4/1/2009,KOR,542,South Korea,2009,0,1,1,1,0,0,0,0,0,0,0,0,1,0,0,0
7/1/2009,KOR,542,South Korea,2009,0,1,1,1,0,0,0,0,0,0,0,0,1,0,0,0
10/1/2009,KOR,542,South Korea,2009,0,1,1,1,0,0,0,0,0,0,0,0,1,0,0,0
1/1/2010,KOR,542,South Korea,2010,0,1,1,1,0,0,0,0,0,0,0,0,1,0,0,0
4/1/2010,KOR,542,South Korea,2010,0,1,1,1,0,0,0,0,0,0,0,0,1,0,0,0
7/1/2010,KOR,542,South Korea,2010,0,1,1,1,0,0,0,0,0,0,0,0,1,0,0,0
10/1/2010,KOR,542,South Korea,2010,0,1,1,1,0,0,0,0,0,0,0,0,1,0,0,0
1/1/2011,KOR,542,South Korea,2011,0,1,1,1,0,0,0,0,0,0,0,0,1,0,0,0
4/1/2011,KOR,542,South Korea,2011,0,1,1,1,0,0,0,0,0,0,0,0,1,0,0,0
7/1/2011,KOR,542,South Korea,2011,0,1,1,1,0,0,0,0,0,0,0,0,1,0,0,0
10/1/2011,KOR,542,South Korea,2011,0,1,1,1,0,0,0,0,0,0,0,0,1,0,0,0
1/1/2012,KOR,542,South Korea,2012,0,1,1,1,0,0,0,0,0,0,0,0,1,0,0,0
4/1/2012,KOR,542,South Korea,2012,0,1,1,1,0,0,0,0,0,0,0,0,1,0,0,0
7/1/2012,KOR,542,South Korea,2012,0,1,1,1,0,0,0,0,0,0,0,0,1,0,0,0
10/1/2012,KOR,542,South Korea,2012,0,1,1,1,0,0,0,0,0,0,0,0,1,0,0,0
1/1/2013,KOR,542,South Korea,2013,0,1,1,1,0,0,0,0,0,0,0,0,1,0,0,0
4/1/2013,KOR,542,South Korea,2013,0,1,1,1,0,0,0,0,0,0,0,0,1,0,0,0
7/1/2013,KOR,542,South Korea,2013,0,1,1,1,0,0,0,0,0,0,0,0,1,0,0,0
10/1/2013,KOR,542,South Korea,2013,0,1,1,1,0,0,0,0,0,0,0,0,1,0,0,0
1/1/2014,KOR,542,South Korea,2014,0,1,1,1,0,0,0,0,0,0,0,0,1,0,0,0
4/1/2014,KOR,542,South Korea,2014,0,1,1,1,0,0,0,0,0,0,0,0,1,0,0,0
7/1/2014,KOR,542,South Korea,2014,0,1,1,1,0,0,0,0,0,0,0,0,1,0,0,0
10/1/2014,KOR,542,South Korea,2014,0,1,1,1,0,0,0,0,0,0,0,0,1,0,0,0
1/1/2015,KOR,542,South Korea,2015,0,1,1,1,0,0,0,0,0,0,0,0,1,0,0,0
4/1/2015,KOR,542,South Korea,2015,0,1,1,1,0,0,0,0,0,0,0,0,1,0,0,0
7/1/2015,KOR,542,South Korea,2015,0,1,1,1,0,0,0,0,0,0,0,0,1,0,0,0
10/1/2015,KOR,542,South Korea,2015,0,1,1,1,0,0,0,0,0,0,0,0,1,0,0,0
1/1/2016,KOR,542,South Korea,2016,0,1,1,1,0,0,0,0,0,0,0,0,1,0,0,0
4/1/2016,KOR,542,South Korea,2016,0,1,1,1,0,0,0,0,0,0,0,0,1,0,0,0
7/1/2016,KOR,542,South Korea,2016,0,1,1,1,0,0,0,0,0,0,0,0,1,0,0,0
10/1/2016,KOR,542,South Korea,2016,0,1,1,1,0,0,0,0,0,0,0,0,1,0,0,0
1/1/2017,KOR,542,South Korea,2017,0,1,1,1,0,0,0,0,0,0,0,0,1,0,0,0
4/1/2017,KOR,542,South Korea,2017,0,1,1,1,0,0,0,0,0,0,0,0,1,0,0,0
7/1/2017,KOR,542,South Korea,2017,0,1,1,1,0,0,0,0,0,0,0,0,1,0,0,0
10/1/2017,KOR,542,South Korea,2017,0,1,1,1,0,0,0,0,0,0,0,0,1,0,0,0
1/1/2018,KOR,542,South Korea,2018,0,1,1,1,0,0,0,0,0,0,0,0,1,0,0,0
4/1/2018,KOR,542,South Korea,2018,0,1,1,1,0,0,0,0,0,0,0,0,1,0,0,0
7/1/2018,KOR,542,South Korea,2018,0,1,1,1,0,0,0,0,0,0,0,0,1,0,0,0
10/1/2018,KOR,542,South Korea,2018,0,1,1,1,0,0,0,0,0,0,0,0,1,0,0,0
1/1/2019,KOR,542,South Korea,2019,0,1,1,1,0,0,0,0,0,0,0,0,1,0,0,0
4/1/2019,KOR,542,South Korea,2019,0,1,1,1,0,0,0,0,0,0,0,0,1,0,0,0
7/1/2019,KOR,542,South Korea,2019,0,1,1,1,0,0,0,0,0,0,0,0,1,0,0,0
10/1/2019,KOR,542,South Korea,2019,0,1,1,1,0,0,0,0,0,0,0,0,1,0,0,0
1/1/2020,KOR,542,South Korea,2020,0,1,1,1,0,0,0,0,0,0,0,0,1,0,0,0
4/1/2020,KOR,542,South Korea,2020,0,1,1,1,0,0,0,0,0,0,0,0,1,0,0,0
7/1/2020,KOR,542,South Korea,2020,0,1,1,1,0,0,0,0,0,0,0,0,1,0,0,0
10/1/2020,KOR,542,South Korea,2020,0,1,1,1,0,0,0,0,0,0,0,0,1,0,0,0
1/1/2021,KOR,542,South Korea,2021,0,1,1,1,0,0,0,0,0,0,0,0,1,0,0,0
4/1/2021,KOR,542,South Korea,2021,0,1,1,1,0,0,0,0,0,0,0,0,1,0,0,0
7/1/2021,KOR,542,South Korea,2021,0,1,1,1,0,0,0,0,0,0,0,0,1,0,0,0
10/1/2021,KOR,542,South Korea,2021,0,1,1,1,0,0,0,0,0,0,0,0,1,0,0,0
1/1/2022,KOR,542,South Korea,2022,0,1,1,1,0,0,0,0,0,0,0,0,1,0,0,0
4/1/2022,KOR,542,South Korea,2022,0,1,1,1,0,0,0,0,0,0,0,0,1,0,0,0
7/1/2022,KOR,542,South Korea,2022,0,1,1,1,0,0,0,0,0,0,0,0,1,0,0,0
10/1/2022,KOR,542,South Korea,2022,0,1,1,1,0,0,0,0,0,0,0,0,1,0,0,0
1/1/2023,KOR,542,South Korea,2023,0,1,1,1,0,0,0,0,0,0,0,0,1,0,0,0
4/1/2023,KOR,542,South Korea,2023,0,1,1,1,0,0,0,0,0,0,0,0,1,0,0,0
7/1/2023,KOR,542,South Korea,2023,0,1,1,1,0,0,0,0,0,0,0,0,1,0,0,0
10/1/2023,KOR,542,South Korea,2023,0,1,1,1,0,0,0,0,0,0,0,0,1,0,0,0
1/1/2024,KOR,542,South Korea,2024,0,1,1,1,0,0,0,0,0,0,0,0,1,0,0,0
4/1/2024,KOR,542,South Korea,2024,0,1,1,1,0,0,0,0,0,0,0,0,1,0,0,0
7/1/2024,KOR,542,South Korea,2024,0,1,1,1,0,0,0,0,0,0,0,0,1,0,0,0
10/1/2024,KOR,542,South Korea,2024,0,1,1,1,0,0,0,0,0,0,0,0,1,0,0,0
1/1/1999,MYS,548,Malaysia,1999,0,1,1,1,0,0,0,0,0,0,0,0,1,0,0,0
4/1/1999,MYS,548,Malaysia,1999,0,1,1,1,0,0,0,0,0,0,0,0,1,0,0,0
7/1/1999,MYS,548,Malaysia,1999,0,1,1,1,0,0,0,0,0,0,0,0,1,0,0,0
10/1/1999,MYS,548,Malaysia,1999,0,1,1,1,0,0,0,0,0,0,0,0,1,0,0,0
1/1/2000,MYS,548,Malaysia,2000,0,1,1,1,0,0,0,0,0,0,0,0,1,0,0,0
4/1/2000,MYS,548,Malaysia,2000,0,1,1,1,0,0,0,0,0,0,0,0,1,0,0,0
7/1/2000,MYS,548,Malaysia,2000,0,1,1,1,0,0,0,0,0,0,0,0,1,0,0,0
10/1/2000,MYS,548,Malaysia,2000,0,1,1,1,0,0,0,0,0,0,0,0,1,0,0,0
1/1/2001,MYS,548,Malaysia,2001,0,1,1,1,0,0,0,0,0,0,0,0,1,0,0,0
4/1/2001,MYS,548,Malaysia,2001,0,1,1,1,0,0,0,0,0,0,0,0,1,0,0,0
7/1/2001,MYS,548,Malaysia,2001,0,1,1,1,0,0,0,0,0,0,0,0,1,0,0,0
10/1/2001,MYS,548,Malaysia,2001,0,1,1,1,0,0,0,0,0,0,0,0,1,0,0,0
1/1/2002,MYS,548,Malaysia,2002,0,1,1,1,0,0,0,0,0,0,0,0,1,0,0,0
4/1/2002,MYS,548,Malaysia,2002,0,1,1,1,0,0,0,0,0,0,0,0,1,0,0,0
7/1/2002,MYS,548,Malaysia,2002,0,1,1,1,0,0,0,0,0,0,0,0,1,0,0,0
10/1/2002,MYS,548,Malaysia,2002,0,1,1,1,0,0,0,0,0,0,0,0,1,0,0,0
1/1/2003,MYS,548,Malaysia,2003,0,1,1,1,0,0,0,0,0,0,0,0,1,0,0,0
4/1/2003,MYS,548,Malaysia,2003,0,1,1,1,0,0,0,0,0,0,0,0,1,0,0,0
7/1/2003,MYS,548,Malaysia,2003,0,1,1,1,0,0,0,0,0,0,0,0,1,0,0,0
10/1/2003,MYS,548,Malaysia,2003,0,1,1,1,0,0,0,0,0,0,0,0,1,0,0,0
1/1/2004,MYS,548,Malaysia,2004,0,1,1,1,0,0,0,0,0,0,0,0,1,0,0,0
4/1/2004,MYS,548,Malaysia,2004,0,1,1,1,0,0,0,0,0,0,0,0,1,0,0,0
7/1/2004,MYS,548,Malaysia,2004,0,1,1,1,0,0,0,0,0,0,0,0,1,0,0,0
10/1/2004,MYS,548,Malaysia,2004,0,1,1,1,0,0,0,0,0,0,0,0,1,0,0,0
1/1/2005,MYS,548,Malaysia,2005,0,1,1,1,0,0,0,0,0,0,0,0,1,0,0,0
4/1/2005,MYS,548,Malaysia,2005,0,1,1,1,0,0,0,0,0,0,0,0,1,0,0,0
7/1/2005,MYS,548,Malaysia,2005,0,1,1,1,0,0,0,0,0,0,0,0,1,0,0,0
10/1/2005,MYS,548,Malaysia,2005,0,1,1,1,0,0,0,0,0,0,0,0,1,0,0,0
1/1/2006,MYS,548,Malaysia,2006,0,1,1,1,0,0,0,0,0,0,0,0,1,0,0,0
4/1/2006,MYS,548,Malaysia,2006,0,1,1,1,0,0,0,0,0,0,0,0,1,0,0,0
7/1/2006,MYS,548,Malaysia,2006,0,1,1,1,0,0,0,0,0,0,0,0,1,0,0,0
10/1/2006,MYS,548,Malaysia,2006,0,1,1,1,0,0,0,0,0,0,0,0,1,0,0,0
1/1/2007,MYS,548,Malaysia,2007,0,1,1,1,0,0,0,0,0,0,0,0,1,0,0,0
4/1/2007,MYS,548,Malaysia,2007,0,1,1,1,0,0,0,0,0,0,0,0,1,0,0,0
7/1/2007,MYS,548,Malaysia,2007,0,1,1,1,0,0,0,0,0,0,0,0,1,0,0,0
10/1/2007,MYS,548,Malaysia,2007,0,1,1,1,0,0,0,0,0,0,0,0,1,0,0,0
1/1/2008,MYS,548,Malaysia,2008,0,1,1,1,0,0,0,0,0,0,0,0,1,0,0,0
4/1/2008,MYS,548,Malaysia,2008,0,1,1,1,0,0,0,0,0,0,0,0,1,0,0,0
7/1/2008,MYS,548,Malaysia,2008,0,1,1,1,0,0,0,0,0,0,0,0,1,0,0,0
10/1/2008,MYS,548,Malaysia,2008,0,1,1,1,0,0,0,0,0,0,0,0,1,0,0,0
1/1/2009,MYS,548,Malaysia,2009,0,1,1,1,0,0,0,0,0,0,0,0,1,0,0,0
4/1/2009,MYS,548,Malaysia,2009,0,1,1,1,0,0,0,0,0,0,0,0,1,0,0,0
7/1/2009,MYS,548,Malaysia,2009,0,1,1,1,0,0,0,0,0,0,0,0,1,0,0,0
10/1/2009,MYS,548,Malaysia,2009,0,1,1,1,0,0,0,0,0,0,0,0,1,0,0,0
1/1/2010,MYS,548,Malaysia,2010,0,1,1,1,0,0,0,0,0,0,0,0,1,0,0,0
4/1/2010,MYS,548,Malaysia,2010,0,1,1,1,0,0,0,0,0,0,0,0,1,0,0,0
7/1/2010,MYS,548,Malaysia,2010,0,1,1,1,0,0,0,0,0,0,0,0,1,0,0,0
10/1/2010,MYS,548,Malaysia,2010,0,1,1,1,0,0,0,0,0,0,0,0,1,0,0,0
1/1/2011,MYS,548,Malaysia,2011,0,1,1,1,0,0,0,0,0,0,0,0,1,0,0,0
4/1/2011,MYS,548,Malaysia,2011,0,1,1,1,0,0,0,0,0,0,0,0,1,0,0,0
7/1/2011,MYS,548,Malaysia,2011,0,1,1,1,0,0,0,0,0,0,0,0,1,0,0,0
10/1/2011,MYS,548,Malaysia,2011,0,1,1,1,0,0,0,0,0,0,0,0,1,0,0,0
1/1/2012,MYS,548,Malaysia,2012,0,1,1,1,0,0,0,0,0,0,0,0,1,0,0,0
4/1/2012,MYS,548,Malaysia,2012,0,1,1,1,0,0,0,0,0,0,0,0,1,0,0,0
7/1/2012,MYS,548,Malaysia,2012,0,1,1,1,0,0,0,0,0,0,0,0,1,0,0,0
10/1/2012,MYS,548,Malaysia,2012,0,1,1,1,0,0,0,0,0,0,0,0,1,0,0,0
1/1/2013,MYS,548,Malaysia,2013,0,1,1,1,0,0,0,0,0,0,0,0,1,0,0,0
4/1/2013,MYS,548,Malaysia,2013,0,1,1,1,0,0,0,0,0,0,0,0,1,0,0,0
7/1/2013,MYS,548,Malaysia,2013,0,1,1,1,0,0,0,0,0,0,0,0,1,0,0,0
10/1/2013,MYS,548,Malaysia,2013,0,1,1,1,0,0,0,0,0,0,0,0,1,0,0,0
1/1/2014,MYS,548,Malaysia,2014,0,1,1,1,0,0,0,0,0,0,0,0,1,0,0,0
4/1/2014,MYS,548,Malaysia,2014,0,1,1,1,0,0,0,0,0,0,0,0,1,0,0,0
7/1/2014,MYS,548,Malaysia,2014,0,1,1,1,0,0,0,0,0,0,0,0,1,0,0,0
10/1/2014,MYS,548,Malaysia,2014,0,1,1,1,0,0,0,0,0,0,0,0,1,0,0,0
1/1/2015,MYS,548,Malaysia,2015,0,1,1,1,0,0,0,0,0,0,0,0,1,0,0,0
4/1/2015,MYS,548,Malaysia,2015,0,1,1,1,0,0,0,0,0,0,0,0,1,0,0,0
7/1/2015,MYS,548,Malaysia,2015,0,1,1,1,0,0,0,0,0,0,0,0,1,0,0,0
10/1/2015,MYS,548,Malaysia,2015,0,1,1,1,0,0,0,0,0,0,0,0,1,0,0,0
1/1/2016,MYS,548,Malaysia,2016,0,1,1,1,0,0,0,0,0,0,0,0,1,0,0,0
4/1/2016,MYS,548,Malaysia,2016,0,1,1,1,0,0,0,0,0,0,0,0,1,0,0,0
7/1/2016,MYS,548,Malaysia,2016,0,1,1,1,0,0,0,0,0,0,0,0,1,0,0,0
10/1/2016,MYS,548,Malaysia,2016,0,1,1,1,0,0,0,0,0,0,0,0,1,0,0,0
1/1/2017,MYS,548,Malaysia,2017,0,1,1,1,0,0,0,0,0,0,0,0,1,0,0,0
4/1/2017,MYS,548,Malaysia,2017,0,1,1,1,0,0,0,0,0,0,0,0,1,0,0,0
7/1/2017,MYS,548,Malaysia,2017,0,1,1,1,0,0,0,0,0,0,0,0,1,0,0,0
10/1/2017,MYS,548,Malaysia,2017,0,1,1,1,0,0,0,0,0,0,0,0,1,0,0,0
1/1/2018,MYS,548,Malaysia,2018,0,1,1,1,0,0,0,0,0,0,0,0,1,0,0,0
4/1/2018,MYS,548,Malaysia,2018,0,1,1,1,0,0,0,0,0,0,0,0,1,0,0,0
7/1/2018,MYS,548,Malaysia,2018,0,1,1,1,0,0,0,0,0,0,0,0,1,0,0,0
10/1/2018,MYS,548,Malaysia,2018,0,1,1,1,0,0,0,0,0,0,0,0,1,0,0,0
1/1/2019,MYS,548,Malaysia,2019,0,1,1,1,0,0,0,0,0,0,0,0,1,0,0,0
4/1/2019,MYS,548,Malaysia,2019,0,1,1,1,0,0,0,0,0,0,0,0,1,0,0,0
7/1/2019,MYS,548,Malaysia,2019,0,1,1,1,0,0,0,0,0,0,0,0,1,0,0,0
10/1/2019,MYS,548,Malaysia,2019,0,1,1,1,0,0,0,0,0,0,0,0,1,0,0,0
1/1/2020,MYS,548,Malaysia,2020,0,1,1,1,0,0,0,0,0,0,0,0,1,0,0,0
4/1/1977,PHL,566,Philippines,1977,0,1,1,1,0,0,0,0,0,0,0,0,1,0,0,0
10/1/1977,PHL,566,Philippines,1977,0,1,1,1,0,0,0,0,0,0,0,0,1,0,0,0
4/1/1978,PHL,566,Philippines,1978,0,1,1,1,0,0,0,0,0,0,0,0,1,0,0,0
10/1/1978,PHL,566,Philippines,1978,0,1,1,1,0,0,0,0,0,0,0,0,1,0,0,0
4/1/1979,PHL,566,Philippines,1979,0,1,1,1,0,0,0,0,0,0,0,0,1,0,0,0
10/1/1979,PHL,566,Philippines,1979,0,1,1,1,0,0,0,0,0,0,0,0,1,0,0,0
4/1/1980,PHL,566,Philippines,1980,0,1,1,1,0,0,0,0,0,0,0,0,1,0,0,0
10/1/1980,PHL,566,Philippines,1980,0,1,1,1,0,0,0,0,0,0,0,0,1,0,0,0
1/1/1981,PHL,566,Philippines,1981,0,1,1,1,0,0,0,0,0,0,0,0,1,0,0,0
4/1/1981,PHL,566,Philippines,1981,0,1,1,1,0,0,0,0,0,0,0,0,1,0,0,0
7/1/1981,PHL,566,Philippines,1981,0,1,1,1,0,0,0,0,0,0,0,0,1,0,0,0
10/1/1981,PHL,566,Philippines,1981,0,1,1,1,0,0,0,0,0,0,0,0,1,0,0,0
1/1/1982,PHL,566,Philippines,1982,0,1,1,1,0,0,0,0,0,0,0,0,1,0,0,0
4/1/1982,PHL,566,Philippines,1982,0,1,1,1,0,0,0,0,0,0,0,0,1,0,0,0
7/1/1982,PHL,566,Philippines,1982,0,1,1,1,0,0,0,0,0,0,0,0,1,0,0,0
10/1/1982,PHL,566,Philippines,1982,0,1,1,1,0,0,0,0,0,0,0,0,1,0,0,0
1/1/1983,PHL,566,Philippines,1983,0,1,1,1,0,0,0,0,0,0,0,0,1,0,0,0
4/1/1983,PHL,566,Philippines,1983,0,1,1,1,0,0,0,0,0,0,0,0,1,0,0,0
7/1/1983,PHL,566,Philippines,1983,0,1,1,1,0,0,0,0,0,0,0,0,1,0,0,0
10/1/1983,PHL,566,Philippines,1983,0,1,1,1,0,0,0,0,0,0,0,0,1,0,0,0
1/1/1984,PHL,566,Philippines,1984,0,1,1,1,0,0,0,0,0,0,0,0,1,0,0,0
4/1/1984,PHL,566,Philippines,1984,0,1,1,1,0,0,0,0,0,0,0,0,1,0,0,0
7/1/1984,PHL,566,Philippines,1984,0,1,1,1,0,0,0,0,0,0,0,0,1,0,0,0
10/1/1984,PHL,566,Philippines,1984,0,1,1,1,0,0,0,0,0,0,0,0,1,0,0,0
1/1/1985,PHL,566,Philippines,1985,0,1,1,1,0,0,0,0,0,0,0,0,1,0,0,0
4/1/1985,PHL,566,Philippines,1985,0,1,1,1,0,0,0,0,0,0,0,0,1,0,0,0
7/1/1985,PHL,566,Philippines,1985,0,1,1,1,0,0,0,0,0,0,0,0,1,0,0,0
10/1/1985,PHL,566,Philippines,1985,0,1,1,1,0,0,0,0,0,0,0,0,1,0,0,0
1/1/1986,PHL,566,Philippines,1986,0,1,1,1,0,0,0,0,0,0,0,0,1,0,0,0
4/1/1986,PHL,566,Philippines,1986,0,1,1,1,0,0,0,0,0,0,0,0,1,0,0,0
7/1/1986,PHL,566,Philippines,1986,0,1,1,1,0,0,0,0,0,0,0,0,1,0,0,0
10/1/1986,PHL,566,Philippines,1986,0,1,1,1,0,0,0,0,0,0,0,0,1,0,0,0
1/1/1987,PHL,566,Philippines,1987,0,1,1,1,0,0,0,0,0,0,0,0,1,0,0,0
4/1/1987,PHL,566,Philippines,1987,0,1,1,1,0,0,0,0,0,0,0,0,1,0,0,0
7/1/1987,PHL,566,Philippines,1987,0,1,1,1,0,0,0,0,0,0,0,0,1,0,0,0
10/1/1987,PHL,566,Philippines,1987,0,1,1,1,0,0,0,0,0,0,0,0,1,0,0,0
1/1/1988,PHL,566,Philippines,1988,0,1,1,1,0,0,0,0,0,0,0,0,1,0,0,0
4/1/1988,PHL,566,Philippines,1988,0,1,1,1,0,0,0,0,0,0,0,0,1,0,0,0
7/1/1988,PHL,566,Philippines,1988,0,1,1,1,0,0,0,0,0,0,0,0,1,0,0,0
10/1/1988,PHL,566,Philippines,1988,0,1,1,1,0,0,0,0,0,0,0,0,1,0,0,0
1/1/1989,PHL,566,Philippines,1989,0,1,1,1,0,0,0,0,0,0,0,0,1,0,0,0
4/1/1989,PHL,566,Philippines,1989,0,1,1,1,0,0,0,0,0,0,0,0,1,0,0,0
7/1/1989,PHL,566,Philippines,1989,0,1,1,1,0,0,0,0,0,0,0,0,1,0,0,0
10/1/1989,PHL,566,Philippines,1989,0,1,1,1,0,0,0,0,0,0,0,0,1,0,0,0
1/1/1990,PHL,566,Philippines,1990,0,1,1,1,0,0,0,0,0,0,0,0,1,0,0,0
4/1/1990,PHL,566,Philippines,1990,0,1,1,1,0,0,0,0,0,0,0,0,1,0,0,0
7/1/1990,PHL,566,Philippines,1990,0,1,1,1,0,0,0,0,0,0,0,0,1,0,0,0
10/1/1990,PHL,566,Philippines,1990,0,1,1,1,0,0,0,0,0,0,0,0,1,0,0,0
1/1/1991,PHL,566,Philippines,1991,0,1,1,1,0,0,0,0,0,0,0,0,1,0,0,0
4/1/1991,PHL,566,Philippines,1991,0,1,1,1,0,0,0,0,0,0,0,0,1,0,0,0
7/1/1991,PHL,566,Philippines,1991,0,1,1,1,0,0,0,0,0,0,0,0,1,0,0,0
10/1/1991,PHL,566,Philippines,1991,0,1,1,1,0,0,0,0,0,0,0,0,1,0,0,0
1/1/1992,PHL,566,Philippines,1992,0,1,1,1,0,0,0,0,0,0,0,0,1,0,0,0
4/1/1992,PHL,566,Philippines,1992,0,1,1,1,0,0,0,0,0,0,0,0,1,0,0,0
7/1/1992,PHL,566,Philippines,1992,0,1,1,1,0,0,0,0,0,0,0,0,1,0,0,0
10/1/1992,PHL,566,Philippines,1992,0,1,1,1,0,0,0,0,0,0,0,0,1,0,0,0
1/1/1993,PHL,566,Philippines,1993,0,1,1,1,0,0,0,0,0,0,0,0,1,0,0,0
4/1/1993,PHL,566,Philippines,1993,0,1,1,1,0,0,0,0,0,0,0,0,1,0,0,0
7/1/1993,PHL,566,Philippines,1993,0,1,1,1,0,0,0,0,0,0,0,0,1,0,0,0
10/1/1993,PHL,566,Philippines,1993,0,1,1,1,0,0,0,0,0,0,0,0,1,0,0,0
1/1/1994,PHL,566,Philippines,1994,0,1,1,1,0,0,0,0,0,0,0,0,1,0,0,0
4/1/1994,PHL,566,Philippines,1994,0,1,1,1,0,0,0,0,0,0,0,0,1,0,0,0
7/1/1994,PHL,566,Philippines,1994,0,1,1,1,0,0,0,0,0,0,0,0,1,0,0,0
10/1/1994,PHL,566,Philippines,1994,0,1,1,1,0,0,0,0,0,0,0,0,1,0,0,0
1/1/1995,PHL,566,Philippines,1995,0,1,1,1,0,0,0,0,0,0,0,0,1,0,0,0
4/1/1995,PHL,566,Philippines,1995,0,1,1,1,0,0,0,0,0,0,0,0,1,0,0,0
7/1/1995,PHL,566,Philippines,1995,0,1,1,1,0,0,0,0,0,0,0,0,1,0,0,0
10/1/1995,PHL,566,Philippines,1995,0,1,1,1,0,0,0,0,0,0,0,0,1,0,0,0
1/1/1996,PHL,566,Philippines,1996,0,1,1,1,0,0,0,0,0,0,0,0,1,0,0,0
4/1/1996,PHL,566,Philippines,1996,0,1,1,1,0,0,0,0,0,0,0,0,1,0,0,0
7/1/1996,PHL,566,Philippines,1996,0,1,1,1,0,0,0,0,0,0,0,0,1,0,0,0
10/1/1996,PHL,566,Philippines,1996,0,1,1,1,0,0,0,0,0,0,0,0,1,0,0,0
1/1/1997,PHL,566,Philippines,1997,0,1,1,1,0,0,0,0,0,0,0,0,1,0,0,0
4/1/1997,PHL,566,Philippines,1997,0,1,1,1,0,0,0,0,0,0,0,0,1,0,0,0
7/1/1997,PHL,566,Philippines,1997,0,1,1,1,0,0,0,0,0,0,0,0,1,0,0,0
10/1/1997,PHL,566,Philippines,1997,0,1,1,1,0,0,0,0,0,0,0,0,1,0,0,0
1/1/1998,PHL,566,Philippines,1998,0,1,1,1,0,0,0,0,0,0,0,0,1,0,0,0
4/1/1998,PHL,566,Philippines,1998,0,1,1,1,0,0,0,0,0,0,0,0,1,0,0,0
7/1/1998,PHL,566,Philippines,1998,0,1,1,1,0,0,0,0,0,0,0,0,1,0,0,0
10/1/1998,PHL,566,Philippines,1998,0,1,1,1,0,0,0,0,0,0,0,0,1,0,0,0
1/1/1999,PHL,566,Philippines,1999,0,1,1,1,0,0,0,0,0,0,0,0,1,0,0,0
4/1/1999,PHL,566,Philippines,1999,0,1,1,1,0,0,0,0,0,0,0,0,1,0,0,0
7/1/1999,PHL,566,Philippines,1999,0,1,1,1,0,0,0,0,0,0,0,0,1,0,0,0
10/1/1999,PHL,566,Philippines,1999,0,1,1,1,0,0,0,0,0,0,0,0,1,0,0,0
1/1/2000,PHL,566,Philippines,2000,0,1,1,1,0,0,0,0,0,0,0,0,1,0,0,0
4/1/2000,PHL,566,Philippines,2000,0,1,1,1,0,0,0,0,0,0,0,0,1,0,0,0
7/1/2000,PHL,566,Philippines,2000,0,1,1,1,0,0,0,0,0,0,0,0,1,0,0,0
10/1/2000,PHL,566,Philippines,2000,0,1,1,1,0,0,0,0,0,0,0,0,1,0,0,0
1/1/2001,PHL,566,Philippines,2001,0,1,1,1,0,0,0,0,0,0,0,0,1,0,0,0
4/1/2001,PHL,566,Philippines,2001,0,1,1,1,0,0,0,0,0,0,0,0,1,0,0,0
7/1/2001,PHL,566,Philippines,2001,0,1,1,1,0,0,0,0,0,0,0,0,1,0,0,0
10/1/2001,PHL,566,Philippines,2001,0,1,1,1,0,0,0,0,0,0,0,0,1,0,0,0
1/1/2002,PHL,566,Philippines,2002,0,1,1,1,0,0,0,0,0,0,0,0,1,0,0,0
4/1/2002,PHL,566,Philippines,2002,0,1,1,1,0,0,0,0,0,0,0,0,1,0,0,0
7/1/2002,PHL,566,Philippines,2002,0,1,1,1,0,0,0,0,0,0,0,0,1,0,0,0
10/1/2002,PHL,566,Philippines,2002,0,1,1,1,0,0,0,0,0,0,0,0,1,0,0,0
1/1/2003,PHL,566,Philippines,2003,0,1,1,1,0,0,0,0,0,0,0,0,1,0,0,0
4/1/2003,PHL,566,Philippines,2003,0,1,1,1,0,0,0,0,0,0,0,0,1,0,0,0
7/1/2003,PHL,566,Philippines,2003,0,1,1,1,0,0,0,0,0,0,0,0,1,0,0,0
10/1/2003,PHL,566,Philippines,2003,0,1,1,1,0,0,0,0,0,0,0,0,1,0,0,0
1/1/2004,PHL,566,Philippines,2004,0,1,1,1,0,0,0,0,0,0,0,0,1,0,0,0
4/1/2004,PHL,566,Philippines,2004,0,1,1,1,0,0,0,0,0,0,0,0,1,0,0,0
7/1/2004,PHL,566,Philippines,2004,0,1,1,1,0,0,0,0,0,0,0,0,1,0,0,0
10/1/2004,PHL,566,Philippines,2004,0,1,1,1,0,0,0,0,0,0,0,0,1,0,0,0
1/1/2005,PHL,566,Philippines,2005,0,1,1,1,0,0,0,0,0,0,0,0,1,0,0,0
4/1/2005,PHL,566,Philippines,2005,0,1,1,1,0,0,0,0,0,0,0,0,1,0,0,0
7/1/2005,PHL,566,Philippines,2005,0,1,1,1,0,0,0,0,0,0,0,0,1,0,0,0
10/1/2005,PHL,566,Philippines,2005,0,1,1,1,0,0,0,0,0,0,0,0,1,0,0,0
1/1/2006,PHL,566,Philippines,2006,0,1,1,1,0,0,0,0,0,0,0,0,1,0,0,0
4/1/2006,PHL,566,Philippines,2006,0,1,1,1,0,0,0,0,0,0,0,0,1,0,0,0
7/1/2006,PHL,566,Philippines,2006,0,1,1,1,0,0,0,0,0,0,0,0,1,0,0,0
10/1/2006,PHL,566,Philippines,2006,0,1,1,1,0,0,0,0,0,0,0,0,1,0,0,0
1/1/2007,PHL,566,Philippines,2007,0,1,1,1,0,0,0,0,0,0,0,0,1,0,0,0
4/1/2007,PHL,566,Philippines,2007,0,1,1,1,0,0,0,0,0,0,0,0,1,0,0,0
7/1/2007,PHL,566,Philippines,2007,0,1,1,1,0,0,0,0,0,0,0,0,1,0,0,0
10/1/2007,PHL,566,Philippines,2007,0,1,1,1,0,0,0,0,0,0,0,0,1,0,0,0
1/1/2008,PHL,566,Philippines,2008,0,1,1,1,0,0,0,0,0,0,0,0,1,0,0,0
4/1/2008,PHL,566,Philippines,2008,0,1,1,1,0,0,0,0,0,0,0,0,1,0,0,0
7/1/2008,PHL,566,Philippines,2008,0,1,1,1,0,0,0,0,0,0,0,0,1,0,0,0
10/1/2008,PHL,566,Philippines,2008,0,1,1,1,0,0,0,0,0,0,0,0,1,0,0,0
1/1/2009,PHL,566,Philippines,2009,0,1,1,1,0,0,0,0,0,0,0,0,1,0,0,0
4/1/2009,PHL,566,Philippines,2009,0,1,1,1,0,0,0,0,0,0,0,0,1,0,0,0
7/1/2009,PHL,566,Philippines,2009,0,1,1,1,0,0,0,0,0,0,0,0,1,0,0,0
10/1/2009,PHL,566,Philippines,2009,0,1,1,1,0,0,0,0,0,0,0,0,1,0,0,0
1/1/2010,PHL,566,Philippines,2010,0,1,1,1,0,0,0,0,0,0,0,0,1,0,0,0
4/1/2010,PHL,566,Philippines,2010,0,1,1,1,0,0,0,0,0,0,0,0,1,0,0,0
7/1/2010,PHL,566,Philippines,2010,0,1,1,1,0,0,0,0,0,0,0,0,1,0,0,0
10/1/2010,PHL,566,Philippines,2010,0,1,1,1,0,0,0,0,0,0,0,0,1,0,0,0
1/1/2011,PHL,566,Philippines,2011,0,1,1,1,0,0,0,0,0,0,0,0,1,0,0,0
4/1/2011,PHL,566,Philippines,2011,0,1,1,1,0,0,0,0,0,0,0,0,1,0,0,0
7/1/2011,PHL,566,Philippines,2011,0,1,1,1,0,0,0,0,0,0,0,0,1,0,0,0
10/1/2011,PHL,566,Philippines,2011,0,1,1,1,0,0,0,0,0,0,0,0,1,0,0,0
1/1/2012,PHL,566,Philippines,2012,0,1,1,1,0,0,0,0,0,0,0,0,1,0,0,0
4/1/2012,PHL,566,Philippines,2012,0,1,1,1,0,0,0,0,0,0,0,0,1,0,0,0
7/1/2012,PHL,566,Philippines,2012,0,1,1,1,0,0,0,0,0,0,0,0,1,0,0,0
10/1/2012,PHL,566,Philippines,2012,0,1,1,1,0,0,0,0,0,0,0,0,1,0,0,0
1/1/2013,PHL,566,Philippines,2013,0,1,1,1,0,0,0,0,0,0,0,0,1,0,0,0
4/1/2013,PHL,566,Philippines,2013,0,1,1,1,0,0,0,0,0,0,0,0,1,0,0,0
7/1/2013,PHL,566,Philippines,2013,0,1,1,1,0,0,0,0,0,0,0,0,1,0,0,0
10/1/2013,PHL,566,Philippines,2013,0,1,1,1,0,0,0,0,0,0,0,0,1,0,0,0
1/1/2014,PHL,566,Philippines,2014,0,1,1,1,0,0,0,0,0,0,0,0,1,0,0,0
4/1/2014,PHL,566,Philippines,2014,0,1,1,1,0,0,0,0,0,0,0,0,1,0,0,0
7/1/2014,PHL,566,Philippines,2014,0,1,1,1,0,0,0,0,0,0,0,0,1,0,0,0
10/1/2014,PHL,566,Philippines,2014,0,1,1,1,0,0,0,0,0,0,0,0,1,0,0,0
1/1/2015,PHL,566,Philippines,2015,0,1,1,1,0,0,0,0,0,0,0,0,1,0,0,0
4/1/2015,PHL,566,Philippines,2015,0,1,1,1,0,0,0,0,0,0,0,0,1,0,0,0
7/1/2015,PHL,566,Philippines,2015,0,1,1,1,0,0,0,0,0,0,0,0,1,0,0,0
10/1/2015,PHL,566,Philippines,2015,0,1,1,1,0,0,0,0,0,0,0,0,1,0,0,0
1/1/2016,PHL,566,Philippines,2016,0,1,1,1,0,0,0,0,0,0,0,0,1,0,0,0
4/1/2016,PHL,566,Philippines,2016,0,1,1,1,0,0,0,0,0,0,0,0,1,0,0,0
7/1/2016,PHL,566,Philippines,2016,0,1,1,1,0,0,0,0,0,0,0,0,1,0,0,0
10/1/2016,PHL,566,Philippines,2016,0,1,1,1,0,0,0,0,0,0,0,0,1,0,0,0
1/1/2017,PHL,566,Philippines,2017,0,1,1,1,0,0,0,0,0,0,0,0,1,0,0,0
4/1/2017,PHL,566,Philippines,2017,0,1,1,1,0,0,0,0,0,0,0,0,1,0,0,0
7/1/2017,PHL,566,Philippines,2017,0,1,1,1,0,0,0,0,0,0,0,0,1,0,0,0
10/1/2017,PHL,566,Philippines,2017,0,1,1,1,0,0,0,0,0,0,0,0,1,0,0,0
1/1/2018,PHL,566,Philippines,2018,0,1,1,1,0,0,0,0,0,0,0,0,1,0,0,0
4/1/2018,PHL,566,Philippines,2018,0,1,1,1,0,0,0,0,0,0,0,0,1,0,0,0
7/1/2018,PHL,566,Philippines,2018,0,1,1,1,0,0,0,0,0,0,0,0,1,0,0,0
10/1/2018,PHL,566,Philippines,2018,0,1,1,1,0,0,0,0,0,0,0,0,1,0,0,0
1/1/2019,PHL,566,Philippines,2019,0,1,1,1,0,0,0,0,0,0,0,0,1,0,0,0
4/1/2019,PHL,566,Philippines,2019,0,1,1,1,0,0,0,0,0,0,0,0,1,0,0,0
7/1/2019,PHL,566,Philippines,2019,0,1,1,1,0,0,0,0,0,0,0,0,1,0,0,0
10/1/2019,PHL,566,Philippines,2019,0,1,1,1,0,0,0,0,0,0,0,0,1,0,0,0
1/1/2020,PHL,566,Philippines,2020,0,1,1,1,0,0,0,0,0,0,0,0,1,0,0,0
1/1/1976,THA,578,Thailand,1976,0,1,1,1,0,0,0,0,0,0,0,0,1,0,0,0
4/1/1976,THA,578,Thailand,1976,0,1,1,1,0,0,0,0,0,0,0,0,1,0,0,0
7/1/1976,THA,578,Thailand,1976,0,1,1,1,0,0,0,0,0,0,0,0,1,0,0,0
10/1/1976,THA,578,Thailand,1976,0,1,1,1,0,0,0,0,0,0,0,0,1,0,0,0
1/1/1977,THA,578,Thailand,1977,0,1,1,1,0,0,0,0,0,0,0,0,1,0,0,0
4/1/1977,THA,578,Thailand,1977,0,1,1,1,0,0,0,0,0,0,0,0,1,0,0,0
7/1/1977,THA,578,Thailand,1977,0,1,1,1,0,0,0,0,0,0,0,0,1,0,0,0
10/1/1977,THA,578,Thailand,1977,0,1,1,1,0,0,0,0,0,0,0,0,1,0,0,0
1/1/1978,THA,578,Thailand,1978,0,1,1,1,0,0,0,0,0,0,0,0,1,0,0,0
4/1/1978,THA,578,Thailand,1978,0,1,1,1,0,0,0,0,0,0,0,0,1,0,0,0
7/1/1978,THA,578,Thailand,1978,0,1,1,1,0,0,0,0,0,0,0,0,1,0,0,0
10/1/1978,THA,578,Thailand,1978,0,1,1,1,0,0,0,0,0,0,0,0,1,0,0,0
1/1/1979,THA,578,Thailand,1979,0,1,1,1,0,0,0,0,0,0,0,0,1,0,0,0
4/1/1979,THA,578,Thailand,1979,0,1,1,1,0,0,0,0,0,0,0,0,1,0,0,0
7/1/1979,THA,578,Thailand,1979,0,1,1,1,0,0,0,0,0,0,0,0,1,0,0,0
10/1/1979,THA,578,Thailand,1979,0,1,1,1,0,0,0,0,0,0,0,0,1,0,0,0
1/1/1980,THA,578,Thailand,1980,0,1,1,1,0,0,0,0,0,0,0,0,1,0,0,0
4/1/1980,THA,578,Thailand,1980,0,1,1,1,0,0,0,0,0,0,0,0,1,0,0,0
7/1/1980,THA,578,Thailand,1980,0,1,1,1,0,0,0,0,0,0,0,0,1,0,0,0
10/1/1980,THA,578,Thailand,1980,0,1,1,1,0,0,0,0,0,0,0,0,1,0,0,0
1/1/1981,THA,578,Thailand,1981,0,1,1,1,0,0,0,0,0,0,0,0,1,0,0,0
4/1/1981,THA,578,Thailand,1981,0,1,1,1,0,0,0,0,0,0,0,0,1,0,0,0
7/1/1981,THA,578,Thailand,1981,0,1,1,1,0,0,0,0,0,0,0,0,1,0,0,0
10/1/1981,THA,578,Thailand,1981,0,1,1,1,0,0,0,0,0,0,0,0,1,0,0,0
1/1/1982,THA,578,Thailand,1982,0,1,1,1,0,0,0,0,0,0,0,0,1,0,0,0
4/1/1982,THA,578,Thailand,1982,0,1,1,1,0,0,0,0,0,0,0,0,1,0,0,0
7/1/1982,THA,578,Thailand,1982,0,1,1,1,0,0,0,0,0,0,0,0,1,0,0,0
10/1/1982,THA,578,Thailand,1982,0,1,1,1,0,0,0,0,0,0,0,0,1,0,0,0
1/1/1983,THA,578,Thailand,1983,0,1,1,1,0,0,0,0,0,0,0,0,1,0,0,0
4/1/1983,THA,578,Thailand,1983,0,1,1,1,0,0,0,0,0,0,0,0,1,0,0,0
7/1/1983,THA,578,Thailand,1983,0,1,1,1,0,0,0,0,0,0,0,0,1,0,0,0
10/1/1983,THA,578,Thailand,1983,0,1,1,1,0,0,0,0,0,0,0,0,1,0,0,0
1/1/1984,THA,578,Thailand,1984,0,1,1,1,0,0,0,0,0,0,0,0,1,0,0,0
4/1/1984,THA,578,Thailand,1984,0,1,1,1,0,0,0,0,0,0,0,0,1,0,0,0
7/1/1984,THA,578,Thailand,1984,0,1,1,1,0,0,0,0,0,0,0,0,1,0,0,0
10/1/1984,THA,578,Thailand,1984,0,1,1,1,0,0,0,0,0,0,0,0,1,0,0,0
1/1/1985,THA,578,Thailand,1985,0,1,1,1,0,0,0,0,0,0,0,0,1,0,0,0
4/1/1985,THA,578,Thailand,1985,0,1,1,1,0,0,0,0,0,0,0,0,1,0,0,0
7/1/1985,THA,578,Thailand,1985,0,1,1,1,0,0,0,0,0,0,0,0,1,0,0,0
10/1/1985,THA,578,Thailand,1985,0,1,1,1,0,0,0,0,0,0,0,0,1,0,0,0
1/1/1986,THA,578,Thailand,1986,0,1,1,1,0,0,0,0,0,0,0,0,1,0,0,0
4/1/1986,THA,578,Thailand,1986,0,1,1,1,0,0,0,0,0,0,0,0,1,0,0,0
7/1/1986,THA,578,Thailand,1986,0,1,1,1,0,0,0,0,0,0,0,0,1,0,0,0
10/1/1986,THA,578,Thailand,1986,0,1,1,1,0,0,0,0,0,0,0,0,1,0,0,0
1/1/1987,THA,578,Thailand,1987,0,1,1,1,0,0,0,0,0,0,0,0,1,0,0,0
4/1/1987,THA,578,Thailand,1987,0,1,1,1,0,0,0,0,0,0,0,0,1,0,0,0
7/1/1987,THA,578,Thailand,1987,0,1,1,1,0,0,0,0,0,0,0,0,1,0,0,0
10/1/1987,THA,578,Thailand,1987,0,1,1,1,0,0,0,0,0,0,0,0,1,0,0,0
1/1/1988,THA,578,Thailand,1988,0,1,1,1,0,0,0,0,0,0,0,0,1,0,0,0
4/1/1988,THA,578,Thailand,1988,0,1,1,1,0,0,0,0,0,0,0,0,1,0,0,0
7/1/1988,THA,578,Thailand,1988,0,1,1,1,0,0,0,0,0,0,0,0,1,0,0,0
10/1/1988,THA,578,Thailand,1988,0,1,1,1,0,0,0,0,0,0,0,0,1,0,0,0
1/1/1989,THA,578,Thailand,1989,0,1,1,1,0,0,0,0,0,0,0,0,1,0,0,0
4/1/1989,THA,578,Thailand,1989,0,1,1,1,0,0,0,0,0,0,0,0,1,0,0,0
7/1/1989,THA,578,Thailand,1989,0,1,1,1,0,0,0,0,0,0,0,0,1,0,0,0
10/1/1989,THA,578,Thailand,1989,0,1,1,1,0,0,0,0,0,0,0,0,1,0,0,0
1/1/1990,THA,578,Thailand,1990,0,1,1,1,0,0,0,0,0,0,0,0,1,0,0,0
4/1/1990,THA,578,Thailand,1990,0,1,1,1,0,0,0,0,0,0,0,0,1,0,0,0
7/1/1990,THA,578,Thailand,1990,0,1,1,1,0,0,0,0,0,0,0,0,1,0,0,0
10/1/1990,THA,578,Thailand,1990,0,1,1,1,0,0,0,0,0,0,0,0,1,0,0,0
1/1/1991,THA,578,Thailand,1991,0,1,1,1,0,0,0,0,0,0,0,0,1,0,0,0
4/1/1991,THA,578,Thailand,1991,0,1,1,1,0,0,0,0,0,0,0,0,1,0,0,0
7/1/1991,THA,578,Thailand,1991,0,1,1,1,0,0,0,0,0,0,0,0,1,0,0,0
10/1/1991,THA,578,Thailand,1991,0,1,1,1,0,0,0,0,0,0,0,0,1,0,0,0
1/1/1992,THA,578,Thailand,1992,0,1,1,1,0,0,0,0,0,0,0,0,1,0,0,0
4/1/1992,THA,578,Thailand,1992,0,1,1,1,0,0,0,0,0,0,0,0,1,0,0,0
7/1/1992,THA,578,Thailand,1992,0,1,1,1,0,0,0,0,0,0,0,0,1,0,0,0
10/1/1992,THA,578,Thailand,1992,0,1,1,1,0,0,0,0,0,0,0,0,1,0,0,0
1/1/1993,THA,578,Thailand,1993,0,1,1,1,0,0,0,0,0,0,0,0,1,0,0,0
4/1/1993,THA,578,Thailand,1993,0,1,1,1,0,0,0,0,0,0,0,0,1,0,0,0
7/1/1993,THA,578,Thailand,1993,0,1,1,1,0,0,0,0,0,0,0,0,1,0,0,0
10/1/1993,THA,578,Thailand,1993,0,1,1,1,0,0,0,0,0,0,0,0,1,0,0,0
1/1/1994,THA,578,Thailand,1994,0,1,1,1,0,0,0,0,0,0,0,0,1,0,0,0
4/1/1994,THA,578,Thailand,1994,0,1,1,1,0,0,0,0,0,0,0,0,1,0,0,0
7/1/1994,THA,578,Thailand,1994,0,1,1,1,0,0,0,0,0,0,0,0,1,0,0,0
10/1/1994,THA,578,Thailand,1994,0,1,1,1,0,0,0,0,0,0,0,0,1,0,0,0
1/1/1995,THA,578,Thailand,1995,0,1,1,1,0,0,0,0,0,0,0,0,1,0,0,0
4/1/1995,THA,578,Thailand,1995,0,1,1,1,0,0,0,0,0,0,0,0,1,0,0,0
7/1/1995,THA,578,Thailand,1995,0,1,1,1,0,0,0,0,0,0,0,0,1,0,0,0
10/1/1995,THA,578,Thailand,1995,0,1,1,1,0,0,0,0,0,0,0,0,1,0,0,0
1/1/1996,THA,578,Thailand,1996,0,1,1,1,0,0,0,0,0,0,0,0,1,0,0,0
4/1/1996,THA,578,Thailand,1996,0,1,1,1,0,0,0,0,0,0,0,0,1,0,0,0
7/1/1996,THA,578,Thailand,1996,0,1,1,1,0,0,0,0,0,0,0,0,1,0,0,0
10/1/1996,THA,578,Thailand,1996,0,1,1,1,0,0,0,0,0,0,0,0,1,0,0,0
1/1/1997,THA,578,Thailand,1997,0,1,1,1,0,0,0,0,0,0,0,0,1,0,0,0
4/1/1997,THA,578,Thailand,1997,0,1,1,1,0,0,0,0,0,0,0,0,1,0,0,0
7/1/1997,THA,578,Thailand,1997,0,1,1,1,0,0,0,0,0,0,0,0,1,0,0,0
10/1/1997,THA,578,Thailand,1997,0,1,1,1,0,0,0,0,0,0,0,0,1,0,0,0
1/1/1998,THA,578,Thailand,1998,0,1,1,1,0,0,0,0,0,0,0,0,1,0,0,0
4/1/1998,THA,578,Thailand,1998,0,1,1,1,0,0,0,0,0,0,0,0,1,0,0,0
7/1/1998,THA,578,Thailand,1998,0,1,1,1,0,0,0,0,0,0,0,0,1,0,0,0
10/1/1998,THA,578,Thailand,1998,0,1,1,1,0,0,0,0,0,0,0,0,1,0,0,0
1/1/1999,THA,578,Thailand,1999,0,1,1,1,0,0,0,0,0,0,0,0,1,0,0,0
4/1/1999,THA,578,Thailand,1999,0,1,1,1,0,0,0,0,0,0,0,0,1,0,0,0
7/1/1999,THA,578,Thailand,1999,0,1,1,1,0,0,0,0,0,0,0,0,1,0,0,0
10/1/1999,THA,578,Thailand,1999,0,1,1,1,0,0,0,0,0,0,0,0,1,0,0,0
1/1/2000,THA,578,Thailand,2000,0,1,1,1,0,0,0,0,0,0,0,0,1,0,0,0
4/1/2000,THA,578,Thailand,2000,0,1,1,1,0,0,0,0,0,0,0,0,1,0,0,0
7/1/2000,THA,578,Thailand,2000,0,1,1,1,0,0,0,0,0,0,0,0,1,0,0,0
10/1/2000,THA,578,Thailand,2000,0,1,1,1,0,0,0,0,0,0,0,0,1,0,0,0
1/1/2001,THA,578,Thailand,2001,0,1,1,1,0,0,0,0,0,0,0,0,1,0,0,0
4/1/2001,THA,578,Thailand,2001,0,1,1,1,0,0,0,0,0,0,0,0,1,0,0,0
7/1/2001,THA,578,Thailand,2001,0,1,1,1,0,0,0,0,0,0,0,0,1,0,0,0
10/1/2001,THA,578,Thailand,2001,0,1,1,1,0,0,0,0,0,0,0,0,1,0,0,0
1/1/2002,THA,578,Thailand,2002,0,1,1,1,0,0,0,0,0,0,0,0,1,0,0,0
4/1/2002,THA,578,Thailand,2002,0,1,1,1,0,0,0,0,0,0,0,0,1,0,0,0
7/1/2002,THA,578,Thailand,2002,0,1,1,1,0,0,0,0,0,0,0,0,1,0,0,0
10/1/2002,THA,578,Thailand,2002,0,1,1,1,0,0,0,0,0,0,0,0,1,0,0,0
1/1/2003,THA,578,Thailand,2003,0,1,1,1,0,0,0,0,0,0,0,0,1,0,0,0
4/1/2003,THA,578,Thailand,2003,0,1,1,1,0,0,0,0,0,0,0,0,1,0,0,0
7/1/2003,THA,578,Thailand,2003,0,1,1,1,0,0,0,0,0,0,0,0,1,0,0,0
10/1/2003,THA,578,Thailand,2003,0,1,1,1,0,0,0,0,0,0,0,0,1,0,0,0
1/1/2004,THA,578,Thailand,2004,0,1,1,1,0,0,0,0,0,0,0,0,1,0,0,0
4/1/2004,THA,578,Thailand,2004,0,1,1,1,0,0,0,0,0,0,0,0,1,0,0,0
7/1/2004,THA,578,Thailand,2004,0,1,1,1,0,0,0,0,0,0,0,0,1,0,0,0
10/1/2004,THA,578,Thailand,2004,0,1,1,1,0,0,0,0,0,0,0,0,1,0,0,0
1/1/2005,THA,578,Thailand,2005,0,1,1,1,0,0,0,0,0,0,0,0,1,0,0,0
4/1/2005,THA,578,Thailand,2005,0,1,1,1,0,0,0,0,0,0,0,0,1,0,0,0
7/1/2005,THA,578,Thailand,2005,0,1,1,1,0,0,0,0,0,0,0,0,1,0,0,0
10/1/2005,THA,578,Thailand,2005,0,1,1,1,0,0,0,0,0,0,0,0,1,0,0,0
1/1/2006,THA,578,Thailand,2006,0,1,1,1,0,0,0,0,0,0,0,0,1,0,0,0
4/1/2006,THA,578,Thailand,2006,0,1,1,1,0,0,0,0,0,0,0,0,1,0,0,0
7/1/2006,THA,578,Thailand,2006,0,1,1,1,0,0,0,0,0,0,0,0,1,0,0,0
10/1/2006,THA,578,Thailand,2006,0,1,1,1,0,0,0,0,0,0,0,0,1,0,0,0
1/1/2007,THA,578,Thailand,2007,0,1,1,1,0,0,0,0,0,0,0,0,1,0,0,0
4/1/2007,THA,578,Thailand,2007,0,1,1,1,0,0,0,0,0,0,0,0,1,0,0,0
7/1/2007,THA,578,Thailand,2007,0,1,1,1,0,0,0,0,0,0,0,0,1,0,0,0
10/1/2007,THA,578,Thailand,2007,0,1,1,1,0,0,0,0,0,0,0,0,1,0,0,0
1/1/2008,THA,578,Thailand,2008,0,1,1,1,0,0,0,0,0,0,0,0,1,0,0,0
4/1/2008,THA,578,Thailand,2008,0,1,1,1,0,0,0,0,0,0,0,0,1,0,0,0
7/1/2008,THA,578,Thailand,2008,0,1,1,1,0,0,0,0,0,0,0,0,1,0,0,0
10/1/2008,THA,578,Thailand,2008,0,1,1,1,0,0,0,0,0,0,0,0,1,0,0,0
1/1/2009,THA,578,Thailand,2009,0,1,1,1,0,0,0,0,0,0,0,0,1,0,0,0
4/1/2009,THA,578,Thailand,2009,0,1,1,1,0,0,0,0,0,0,0,0,1,0,0,0
7/1/2009,THA,578,Thailand,2009,0,1,1,1,0,0,0,0,0,0,0,0,1,0,0,0
10/1/2009,THA,578,Thailand,2009,0,1,1,1,0,0,0,0,0,0,0,0,1,0,0,0
1/1/2010,THA,578,Thailand,2010,0,1,1,1,0,0,0,0,0,0,0,0,1,0,0,0
4/1/2010,THA,578,Thailand,2010,0,1,1,1,0,0,0,0,0,0,0,0,1,0,0,0
7/1/2010,THA,578,Thailand,2010,0,1,1,1,0,0,0,0,0,0,0,0,1,0,0,0
10/1/2010,THA,578,Thailand,2010,0,1,1,1,0,0,0,0,0,0,0,0,1,0,0,0
1/1/2011,THA,578,Thailand,2011,0,1,1,1,0,0,0,0,0,0,0,0,1,0,0,0
4/1/2011,THA,578,Thailand,2011,0,1,1,1,0,0,0,0,0,0,0,0,1,0,0,0
7/1/2011,THA,578,Thailand,2011,0,1,1,1,0,0,0,0,0,0,0,0,1,0,0,0
10/1/2011,THA,578,Thailand,2011,0,1,1,1,0,0,0,0,0,0,0,0,1,0,0,0
1/1/2012,THA,578,Thailand,2012,0,1,1,1,0,0,0,0,0,0,0,0,1,0,0,0
4/1/2012,THA,578,Thailand,2012,0,1,1,1,0,0,0,0,0,0,0,0,1,0,0,0
7/1/2012,THA,578,Thailand,2012,0,1,1,1,0,0,0,0,0,0,0,0,1,0,0,0
10/1/2012,THA,578,Thailand,2012,0,1,1,1,0,0,0,0,0,0,0,0,1,0,0,0
1/1/2013,THA,578,Thailand,2013,0,1,1,1,0,0,0,0,0,0,0,0,1,0,0,0
4/1/2013,THA,578,Thailand,2013,0,1,1,1,0,0,0,0,0,0,0,0,1,0,0,0
7/1/2013,THA,578,Thailand,2013,0,1,1,1,0,0,0,0,0,0,0,0,1,0,0,0
10/1/2013,THA,578,Thailand,2013,0,1,1,1,0,0,0,0,0,0,0,0,1,0,0,0
1/1/2014,THA,578,Thailand,2014,0,1,1,1,0,0,0,0,0,0,0,0,1,0,0,0
4/1/2014,THA,578,Thailand,2014,0,1,1,1,0,0,0,0,0,0,0,0,1,0,0,0
7/1/2014,THA,578,Thailand,2014,0,1,1,1,0,0,0,0,0,0,0,0,1,0,0,0
10/1/2014,THA,578,Thailand,2014,0,1,1,1,0,0,0,0,0,0,0,0,1,0,0,0
1/1/2015,THA,578,Thailand,2015,0,1,1,1,0,0,0,0,0,0,0,0,1,0,0,0
4/1/2015,THA,578,Thailand,2015,0,1,1,1,0,0,0,0,0,0,0,0,1,0,0,0
7/1/2015,THA,578,Thailand,2015,0,1,1,1,0,0,0,0,0,0,0,0,1,0,0,0
10/1/2015,THA,578,Thailand,2015,0,1,1,1,0,0,0,0,0,0,0,0,1,0,0,0
1/1/2016,THA,578,Thailand,2016,0,1,1,1,0,0,0,0,0,0,0,0,1,0,0,0
4/1/2016,THA,578,Thailand,2016,0,1,1,1,0,0,0,0,0,0,0,0,1,0,0,0
7/1/2016,THA,578,Thailand,2016,0,1,1,1,0,0,0,0,0,0,0,0,1,0,0,0
10/1/2016,THA,578,Thailand,2016,0,1,1,1,0,0,0,0,0,0,0,0,1,0,0,0
1/1/2017,THA,578,Thailand,2017,0,1,1,1,0,0,0,0,0,0,0,0,1,0,0,0
4/1/2017,THA,578,Thailand,2017,0,1,1,1,0,0,0,0,0,0,0,0,1,0,0,0
7/1/2017,THA,578,Thailand,2017,0,1,1,1,0,0,0,0,0,0,0,0,1,0,0,0
10/1/2017,THA,578,Thailand,2017,0,1,1,1,0,0,0,0,0,0,0,0,1,0,0,0
1/1/2018,THA,578,Thailand,2018,0,1,1,1,0,0,0,0,0,0,0,0,1,0,0,0
4/1/2018,THA,578,Thailand,2018,0,1,1,1,0,0,0,0,0,0,0,0,1,0,0,0
7/1/2018,THA,578,Thailand,2018,0,1,1,1,0,0,0,0,0,0,0,0,1,0,0,0
10/1/2018,THA,578,Thailand,2018,0,1,1,1,0,0,0,0,0,0,0,0,1,0,0,0
1/1/2019,THA,578,Thailand,2019,0,1,1,1,0,0,0,0,0,0,0,0,1,0,0,0
4/1/2019,THA,578,Thailand,2019,0,1,1,1,0,0,0,0,0,0,0,0,1,0,0,0
7/1/2019,THA,578,Thailand,2019,0,1,1,1,0,0,0,0,0,0,0,0,1,0,0,0
10/1/2019,THA,578,Thailand,2019,0,1,1,1,0,0,0,0,0,0,0,0,1,0,0,0
1/1/1996,VNM,582,Vietnam,1996,0,1,0,1,0,0,0,0,0,0,0,0,0,0,0,0
4/1/1996,VNM,582,Vietnam,1996,0,1,0,1,0,0,0,0,0,0,0,0,0,0,0,0
7/1/1996,VNM,582,Vietnam,1996,0,1,0,1,0,0,0,0,0,0,0,0,0,0,0,0
10/1/1996,VNM,582,Vietnam,1996,0,1,0,1,0,0,0,0,0,0,0,0,0,0,0,0
1/1/1997,VNM,582,Vietnam,1997,0,1,0,1,0,0,0,0,0,0,0,0,0,0,0,0
4/1/1997,VNM,582,Vietnam,1997,0,1,0,1,0,0,0,0,0,0,0,0,0,0,0,0
7/1/1997,VNM,582,Vietnam,1997,0,1,0,1,0,0,0,0,0,0,0,0,0,0,0,0
10/1/1997,VNM,582,Vietnam,1997,0,1,0,1,0,0,0,0,0,0,0,0,0,0,0,0
1/1/1998,VNM,582,Vietnam,1998,0,1,0,1,0,0,0,0,0,0,0,0,0,0,0,0
4/1/1998,VNM,582,Vietnam,1998,0,1,0,1,0,0,0,0,0,0,0,0,0,0,0,0
7/1/1998,VNM,582,Vietnam,1998,0,1,0,1,0,0,0,0,0,0,0,0,0,0,0,0
10/1/1998,VNM,582,Vietnam,1998,0,1,0,1,0,0,0,0,0,0,0,0,0,0,0,0
1/1/1999,VNM,582,Vietnam,1999,0,1,0,1,0,0,0,0,0,0,0,0,0,0,0,0
4/1/1999,VNM,582,Vietnam,1999,0,1,0,1,0,0,0,0,0,0,0,0,0,0,0,0
7/1/1999,VNM,582,Vietnam,1999,0,1,0,1,0,0,0,0,0,0,0,0,0,0,0,0
10/1/1999,VNM,582,Vietnam,1999,0,1,0,1,0,0,0,0,0,0,0,0,0,0,0,0
1/1/2000,VNM,582,Vietnam,2000,0,1,0,1,0,0,0,0,0,0,0,0,0,0,0,0
4/1/2000,VNM,582,Vietnam,2000,0,1,0,1,0,0,0,0,0,0,0,0,0,0,0,0
7/1/2000,VNM,582,Vietnam,2000,0,1,0,1,0,0,0,0,0,0,0,0,0,0,0,0
10/1/2000,VNM,582,Vietnam,2000,0,1,0,1,0,0,0,0,0,0,0,0,0,0,0,0
1/1/2001,VNM,582,Vietnam,2001,0,1,0,1,0,0,0,0,0,0,0,0,0,0,0,0
4/1/2001,VNM,582,Vietnam,2001,0,1,0,1,0,0,0,0,0,0,0,0,0,0,0,0
7/1/2001,VNM,582,Vietnam,2001,0,1,0,1,0,0,0,0,0,0,0,0,0,0,0,0
10/1/2001,VNM,582,Vietnam,2001,0,1,0,1,0,0,0,0,0,0,0,0,0,0,0,0
1/1/2002,VNM,582,Vietnam,2002,0,1,0,1,0,0,0,0,0,0,0,0,0,0,0,0
4/1/2002,VNM,582,Vietnam,2002,0,1,0,1,0,0,0,0,0,0,0,0,0,0,0,0
7/1/2002,VNM,582,Vietnam,2002,0,1,0,1,0,0,0,0,0,0,0,0,0,0,0,0
10/1/2002,VNM,582,Vietnam,2002,0,1,0,1,0,0,0,0,0,0,0,0,0,0,0,0
1/1/2003,VNM,582,Vietnam,2003,0,1,0,1,0,0,0,0,0,0,0,0,0,0,0,0
4/1/2003,VNM,582,Vietnam,2003,0,1,0,1,0,0,0,0,0,0,0,0,0,0,0,0
7/1/2003,VNM,582,Vietnam,2003,0,1,0,1,0,0,0,0,0,0,0,0,0,0,0,0
10/1/2003,VNM,582,Vietnam,2003,0,1,0,1,0,0,0,0,0,0,0,0,0,0,0,0
1/1/2004,VNM,582,Vietnam,2004,0,1,0,1,0,0,0,0,0,0,0,0,0,0,0,0
4/1/2004,VNM,582,Vietnam,2004,0,1,0,1,0,0,0,0,0,0,0,0,0,0,0,0
7/1/2004,VNM,582,Vietnam,2004,0,1,0,1,0,0,0,0,0,0,0,0,0,0,0,0
10/1/2004,VNM,582,Vietnam,2004,0,1,0,1,0,0,0,0,0,0,0,0,0,0,0,0
1/1/2005,VNM,582,Vietnam,2005,0,1,0,1,0,0,0,0,0,0,0,0,0,0,0,0
4/1/2005,VNM,582,Vietnam,2005,0,1,0,1,0,0,0,0,0,0,0,0,0,0,0,0
7/1/2005,VNM,582,Vietnam,2005,0,1,0,1,0,0,0,0,0,0,0,0,0,0,0,0
10/1/2005,VNM,582,Vietnam,2005,0,1,0,1,0,0,0,0,0,0,0,0,0,0,0,0
1/1/2006,VNM,582,Vietnam,2006,0,1,0,1,0,0,0,0,0,0,0,0,0,0,0,0
4/1/2006,VNM,582,Vietnam,2006,0,1,0,1,0,0,0,0,0,0,0,0,0,0,0,0
7/1/2006,VNM,582,Vietnam,2006,0,1,0,1,0,0,0,0,0,0,0,0,0,0,0,0
10/1/2006,VNM,582,Vietnam,2006,0,1,0,1,0,0,0,0,0,0,0,0,0,0,0,0
1/1/2007,VNM,582,Vietnam,2007,0,1,0,1,0,0,0,0,0,0,0,0,0,0,0,0
4/1/2007,VNM,582,Vietnam,2007,0,1,0,1,0,0,0,0,0,0,0,0,0,0,0,0
7/1/2007,VNM,582,Vietnam,2007,0,1,0,1,0,0,0,0,0,0,0,0,0,0,0,0
10/1/2007,VNM,582,Vietnam,2007,0,1,0,1,0,0,0,0,0,0,0,0,0,0,0,0
1/1/2008,VNM,582,Vietnam,2008,0,1,0,1,0,0,0,0,0,0,0,0,0,0,0,0
4/1/2008,VNM,582,Vietnam,2008,0,1,0,1,0,0,0,0,0,0,0,0,0,0,0,0
7/1/2008,VNM,582,Vietnam,2008,0,1,0,1,0,0,0,0,0,0,0,0,0,0,0,0
10/1/2008,VNM,582,Vietnam,2008,0,1,0,1,0,0,0,0,0,0,0,0,0,0,0,0
1/1/2009,VNM,582,Vietnam,2009,0,1,0,1,0,0,0,0,0,0,0,0,0,0,0,0
4/1/2009,VNM,582,Vietnam,2009,0,1,0,1,0,0,0,0,0,0,0,0,0,0,0,0
7/1/2009,VNM,582,Vietnam,2009,0,1,0,1,0,0,0,0,0,0,0,0,0,0,0,0
10/1/2009,VNM,582,Vietnam,2009,0,1,0,1,0,0,0,0,0,0,0,0,0,0,0,0
1/1/2010,VNM,582,Vietnam,2010,0,1,0,1,0,0,0,0,0,0,0,0,0,0,0,0
4/1/2010,VNM,582,Vietnam,2010,0,1,0,1,0,0,0,0,0,0,0,0,0,0,0,0
7/1/2010,VNM,582,Vietnam,2010,0,1,0,1,0,0,0,0,0,0,0,0,0,0,0,0
10/1/2010,VNM,582,Vietnam,2010,0,1,0,1,0,0,0,0,0,0,0,0,0,0,0,0
1/1/2011,VNM,582,Vietnam,2011,0,1,0,1,0,0,0,0,0,0,0,0,0,0,0,0
4/1/2011,VNM,582,Vietnam,2011,0,1,0,1,0,0,0,0,0,0,0,0,0,0,0,0
7/1/2011,VNM,582,Vietnam,2011,0,1,0,1,0,0,0,0,0,0,0,0,0,0,0,0
10/1/2011,VNM,582,Vietnam,2011,0,1,0,1,0,0,0,0,0,0,0,0,0,0,0,0
1/1/2012,VNM,582,Vietnam,2012,0,1,0,1,0,0,0,0,0,0,0,0,0,0,0,0
4/1/2012,VNM,582,Vietnam,2012,0,1,0,1,0,0,0,0,0,0,0,0,0,0,0,0
7/1/2012,VNM,582,Vietnam,2012,0,1,0,1,0,0,0,0,0,0,0,0,0,0,0,0
10/1/2012,VNM,582,Vietnam,2012,0,1,0,1,0,0,0,0,0,0,0,0,0,0,0,0
1/1/2013,VNM,582,Vietnam,2013,0,1,0,1,0,0,0,0,0,0,0,0,0,0,0,0
4/1/2013,VNM,582,Vietnam,2013,0,1,0,1,0,0,0,0,0,0,0,0,0,0,0,0
7/1/2013,VNM,582,Vietnam,2013,0,1,0,1,0,0,0,0,0,0,0,0,0,0,0,0
10/1/2013,VNM,582,Vietnam,2013,0,1,0,1,0,0,0,0,0,0,0,0,0,0,0,0
1/1/2014,VNM,582,Vietnam,2014,0,1,0,1,0,0,0,0,0,0,0,0,0,0,0,0
4/1/2014,VNM,582,Vietnam,2014,0,1,0,1,0,0,0,0,0,0,0,0,0,0,0,0
7/1/2014,VNM,582,Vietnam,2014,0,1,0,1,0,0,0,0,0,0,0,0,0,0,0,0
10/1/2014,VNM,582,Vietnam,2014,0,1,0,1,0,0,0,0,0,0,0,0,0,0,0,0
1/1/2015,VNM,582,Vietnam,2015,0,1,0,1,0,0,0,0,0,0,0,0,0,0,0,0
4/1/2015,VNM,582,Vietnam,2015,0,1,0,1,0,0,0,0,0,0,0,0,0,0,0,0
7/1/2015,VNM,582,Vietnam,2015,0,1,0,1,0,0,0,0,0,0,0,0,0,0,0,0
10/1/2015,VNM,582,Vietnam,2015,0,1,0,1,0,0,0,0,0,0,0,0,0,0,0,0
1/1/2016,VNM,582,Vietnam,2016,0,1,0,1,0,0,0,0,0,0,0,0,0,0,0,0
4/1/2016,VNM,582,Vietnam,2016,0,1,0,1,0,0,0,0,0,0,0,0,0,0,0,0
7/1/2016,VNM,582,Vietnam,2016,0,1,0,1,0,0,0,0,0,0,0,0,0,0,0,0
10/1/2016,VNM,582,Vietnam,2016,0,1,0,1,0,0,0,0,0,0,0,0,0,0,0,0
1/1/2017,VNM,582,Vietnam,2017,0,1,0,1,0,0,0,0,0,0,0,0,0,0,0,0
4/1/2017,VNM,582,Vietnam,2017,0,1,0,1,0,0,0,0,0,0,0,0,0,0,0,0
7/1/2017,VNM,582,Vietnam,2017,0,1,0,1,0,0,0,0,0,0,0,0,0,0,0,0
10/1/2017,VNM,582,Vietnam,2017,0,1,0,1,0,0,0,0,0,0,0,0,0,0,0,0
1/1/2018,VNM,582,Vietnam,2018,0,1,0,1,0,0,0,0,0,0,0,0,0,0,0,0
4/1/2018,VNM,582,Vietnam,2018,0,1,0,1,0,0,0,0,0,0,0,0,0,0,0,0
7/1/2018,VNM,582,Vietnam,2018,0,1,0,1,0,0,0,0,0,0,0,0,0,0,0,0
10/1/2018,VNM,582,Vietnam,2018,0,1,0,1,0,0,0,0,0,0,0,0,0,0,0,0
1/1/2019,VNM,582,Vietnam,2019,0,1,0,1,0,0,0,0,0,0,0,0,0,0,0,0
4/1/2019,VNM,582,Vietnam,2019,0,1,0,1,0,0,0,0,0,0,0,0,0,0,0,0
7/1/2019,VNM,582,Vietnam,2019,0,1,0,1,0,0,0,0,0,0,0,0,0,0,0,0
10/1/2019,VNM,582,Vietnam,2019,0,1,0,1,0,0,0,0,0,0,0,0,0,0,0,0
1/1/2020,VNM,582,Vietnam,2020,0,1,0,1,0,0,0,0,0,0,0,0,0,0,0,0
4/1/2020,VNM,582,Vietnam,2020,0,1,0,1,0,0,0,0,0,0,0,0,0,0,0,0
7/1/2020,VNM,582,Vietnam,2020,0,1,0,1,0,0,0,0,0,0,0,0,0,0,0,0
10/1/2020,VNM,582,Vietnam,2020,0,1,0,1,0,0,0,0,0,0,0,0,0,0,0,0
1/1/2021,VNM,582,Vietnam,2021,0,1,0,1,0,0,0,0,0,0,0,0,0,0,0,0
4/1/2021,VNM,582,Vietnam,2021,0,1,0,1,0,0,0,0,0,0,0,0,0,0,0,0
7/1/2021,VNM,582,Vietnam,2021,0,1,0,1,0,0,0,0,0,0,0,0,0,0,0,0
10/1/2021,VNM,582,Vietnam,2021,0,1,0,1,0,0,0,0,0,0,0,0,0,0,0,0
1/1/2000,MUS,684,Mauritius,2000,0,1,1,0,0,0,0,0,0,1,0,0,0,1,0,0
4/1/2000,MUS,684,Mauritius,2000,0,1,1,0,0,0,0,0,0,1,0,0,0,1,0,0
7/1/2000,MUS,684,Mauritius,2000,0,1,1,0,0,0,0,0,0,1,0,0,0,1,0,0
10/1/2000,MUS,684,Mauritius,2000,0,1,1,0,0,0,0,0,0,1,0,0,0,1,0,0
1/1/2001,MUS,684,Mauritius,2001,0,1,1,0,0,0,0,0,0,1,0,0,0,1,0,0
4/1/2001,MUS,684,Mauritius,2001,0,1,1,0,0,0,0,0,0,1,0,0,0,1,0,0
7/1/2001,MUS,684,Mauritius,2001,0,1,1,0,0,0,0,0,0,1,0,0,0,1,0,0
10/1/2001,MUS,684,Mauritius,2001,0,1,1,0,0,0,0,0,0,1,0,0,0,1,0,0
1/1/2002,MUS,684,Mauritius,2002,0,1,1,0,0,0,0,0,0,1,0,0,0,1,0,0
4/1/2002,MUS,684,Mauritius,2002,0,1,1,0,0,0,0,0,0,1,0,0,0,1,0,0
7/1/2002,MUS,684,Mauritius,2002,0,1,1,0,0,0,0,0,0,1,0,0,0,1,0,0
10/1/2002,MUS,684,Mauritius,2002,0,1,1,0,0,0,0,0,0,1,0,0,0,1,0,0
1/1/2003,MUS,684,Mauritius,2003,0,1,1,0,0,0,0,0,0,1,0,0,0,1,0,0
4/1/2003,MUS,684,Mauritius,2003,0,1,1,0,0,0,0,0,0,1,0,0,0,1,0,0
7/1/2003,MUS,684,Mauritius,2003,0,1,1,0,0,0,0,0,0,1,0,0,0,1,0,0
10/1/2003,MUS,684,Mauritius,2003,0,1,1,0,0,0,0,0,0,1,0,0,0,1,0,0
1/1/2004,MUS,684,Mauritius,2004,0,1,1,0,0,0,0,0,0,1,0,0,0,1,0,0
4/1/2004,MUS,684,Mauritius,2004,0,1,1,0,0,0,0,0,0,1,0,0,0,1,0,0
7/1/2004,MUS,684,Mauritius,2004,0,1,1,0,0,0,0,0,0,1,0,0,0,1,0,0
10/1/2004,MUS,684,Mauritius,2004,0,1,1,0,0,0,0,0,0,1,0,0,0,1,0,0
1/1/2005,MUS,684,Mauritius,2005,0,1,1,0,0,0,0,0,0,1,0,0,0,1,0,0
4/1/2005,MUS,684,Mauritius,2005,0,1,1,0,0,0,0,0,0,1,0,0,0,1,0,0
7/1/2005,MUS,684,Mauritius,2005,0,1,1,0,0,0,0,0,0,1,0,0,0,1,0,0
10/1/2005,MUS,684,Mauritius,2005,0,1,1,0,0,0,0,0,0,1,0,0,0,1,0,0
1/1/2006,MUS,684,Mauritius,2006,0,1,1,0,0,0,0,0,0,1,0,0,0,1,0,0
4/1/2006,MUS,684,Mauritius,2006,0,1,1,0,0,0,0,0,0,1,0,0,0,1,0,0
7/1/2006,MUS,684,Mauritius,2006,0,1,1,0,0,0,0,0,0,1,0,0,0,1,0,0
10/1/2006,MUS,684,Mauritius,2006,0,1,1,0,0,0,0,0,0,1,0,0,0,1,0,0
1/1/2007,MUS,684,Mauritius,2007,0,1,1,0,0,0,0,0,0,1,0,0,0,1,0,0
4/1/2007,MUS,684,Mauritius,2007,0,1,1,0,0,0,0,0,0,1,0,0,0,1,0,0
7/1/2007,MUS,684,Mauritius,2007,0,1,1,0,0,0,0,0,0,1,0,0,0,1,0,0
10/1/2007,MUS,684,Mauritius,2007,0,1,1,0,0,0,0,0,0,1,0,0,0,1,0,0
1/1/2008,MUS,684,Mauritius,2008,0,1,1,0,0,0,0,0,0,1,0,0,0,1,0,0
4/1/2008,MUS,684,Mauritius,2008,0,1,1,0,0,0,0,0,0,1,0,0,0,1,0,0
7/1/2008,MUS,684,Mauritius,2008,0,1,1,0,0,0,0,0,0,1,0,0,0,1,0,0
10/1/2008,MUS,684,Mauritius,2008,0,1,1,0,0,0,0,0,0,1,0,0,0,1,0,0
1/1/2009,MUS,684,Mauritius,2009,0,1,1,0,0,0,0,0,0,1,0,0,0,1,0,0
4/1/2009,MUS,684,Mauritius,2009,0,1,1,0,0,0,0,0,0,1,0,0,0,1,0,0
7/1/2009,MUS,684,Mauritius,2009,0,1,1,0,0,0,0,0,0,1,0,0,0,1,0,0
10/1/2009,MUS,684,Mauritius,2009,0,1,1,0,0,0,0,0,0,1,0,0,0,1,0,0
1/1/2010,MUS,684,Mauritius,2010,0,1,1,0,0,0,0,0,0,1,0,0,0,1,0,0
4/1/2010,MUS,684,Mauritius,2010,0,1,1,0,0,0,0,0,0,1,0,0,0,1,0,0
7/1/2010,MUS,684,Mauritius,2010,0,1,1,0,0,0,0,0,0,1,0,0,0,1,0,0
10/1/2010,MUS,684,Mauritius,2010,0,1,1,0,0,0,0,0,0,1,0,0,0,1,0,0
1/1/2011,MUS,684,Mauritius,2011,0,1,1,0,0,0,0,0,0,1,0,0,0,1,0,0
4/1/2011,MUS,684,Mauritius,2011,0,1,1,0,0,0,0,0,0,1,0,0,0,1,0,0
7/1/2011,MUS,684,Mauritius,2011,0,1,1,0,0,0,0,0,0,1,0,0,0,1,0,0
10/1/2011,MUS,684,Mauritius,2011,0,1,1,0,0,0,0,0,0,1,0,0,0,1,0,0
1/1/2012,MUS,684,Mauritius,2012,0,1,1,0,0,0,0,0,0,1,0,0,0,1,0,0
4/1/2012,MUS,684,Mauritius,2012,0,1,1,0,0,0,0,0,0,1,0,0,0,1,0,0
7/1/2012,MUS,684,Mauritius,2012,0,1,1,0,0,0,0,0,0,1,0,0,0,1,0,0
10/1/2012,MUS,684,Mauritius,2012,0,1,1,0,0,0,0,0,0,1,0,0,0,1,0,0
1/1/2013,MUS,684,Mauritius,2013,0,1,1,0,0,0,0,0,0,1,0,0,0,1,0,0
4/1/2013,MUS,684,Mauritius,2013,0,1,1,0,0,0,0,0,0,1,0,0,0,1,0,0
7/1/2013,MUS,684,Mauritius,2013,0,1,1,0,0,0,0,0,0,1,0,0,0,1,0,0
10/1/2013,MUS,684,Mauritius,2013,0,1,1,0,0,0,0,0,0,1,0,0,0,1,0,0
1/1/2014,MUS,684,Mauritius,2014,0,1,1,0,0,0,0,0,0,1,0,0,0,1,0,0
4/1/2014,MUS,684,Mauritius,2014,0,1,1,0,0,0,0,0,0,1,0,0,0,1,0,0
7/1/2014,MUS,684,Mauritius,2014,0,1,1,0,0,0,0,0,0,1,0,0,0,1,0,0
10/1/2014,MUS,684,Mauritius,2014,0,1,1,0,0,0,0,0,0,1,0,0,0,1,0,0
1/1/2015,MUS,684,Mauritius,2015,0,1,1,0,0,0,0,0,0,1,0,0,0,1,0,0
4/1/2015,MUS,684,Mauritius,2015,0,1,1,0,0,0,0,0,0,1,0,0,0,1,0,0
7/1/2015,MUS,684,Mauritius,2015,0,1,1,0,0,0,0,0,0,1,0,0,0,1,0,0
10/1/2015,MUS,684,Mauritius,2015,0,1,1,0,0,0,0,0,0,1,0,0,0,1,0,0
1/1/2016,MUS,684,Mauritius,2016,0,1,1,0,0,0,0,0,0,1,0,0,0,1,0,0
4/1/2016,MUS,684,Mauritius,2016,0,1,1,0,0,0,0,0,0,1,0,0,0,1,0,0
7/1/2016,MUS,684,Mauritius,2016,0,1,1,0,0,0,0,0,0,1,0,0,0,1,0,0
10/1/2016,MUS,684,Mauritius,2016,0,1,1,0,0,0,0,0,0,1,0,0,0,1,0,0
1/1/2017,MUS,684,Mauritius,2017,0,1,1,0,0,0,0,0,0,1,0,0,0,1,0,0
4/1/2017,MUS,684,Mauritius,2017,0,1,1,0,0,0,0,0,0,1,0,0,0,1,0,0
7/1/2017,MUS,684,Mauritius,2017,0,1,1,0,0,0,0,0,0,1,0,0,0,1,0,0
10/1/2017,MUS,684,Mauritius,2017,0,1,1,0,0,0,0,0,0,1,0,0,0,1,0,0
1/1/2018,MUS,684,Mauritius,2018,0,1,1,0,0,0,0,0,0,1,0,0,0,1,0,0
4/1/2018,MUS,684,Mauritius,2018,0,1,1,0,0,0,0,0,0,1,0,0,0,1,0,0
7/1/2018,MUS,684,Mauritius,2018,0,1,1,0,0,0,0,0,0,1,0,0,0,1,0,0
10/1/2018,MUS,684,Mauritius,2018,0,1,1,0,0,0,0,0,0,1,0,0,0,1,0,0
1/1/2019,MUS,684,Mauritius,2019,0,1,1,0,0,0,0,0,0,1,0,0,0,1,0,0
4/1/2019,MUS,684,Mauritius,2019,0,1,1,0,0,0,0,0,0,1,0,0,0,1,0,0
7/1/2019,MUS,684,Mauritius,2019,0,1,1,0,0,0,0,0,0,1,0,0,0,1,0,0
10/1/2019,MUS,684,Mauritius,2019,0,1,1,0,0,0,0,0,0,1,0,0,0,1,0,0
1/1/2020,MUS,684,Mauritius,2020,0,1,1,0,0,0,0,0,0,1,0,0,0,1,0,0
1/1/2010,KSV,898,898,2010,0,1,0,0,0,0,0,0,0,0,0,0,0,0,0,0
4/1/2010,KSV,898,898,2010,0,1,0,0,0,0,0,0,0,0,0,0,0,0,0,0
7/1/2010,KSV,898,898,2010,0,1,0,0,0,0,0,0,0,0,0,0,0,0,0,0
10/1/2010,KSV,898,898,2010,0,1,0,0,0,0,0,0,0,0,0,0,0,0,0,0
1/1/2011,KSV,898,898,2011,0,1,0,0,0,0,0,0,0,0,0,0,0,0,0,0
4/1/2011,KSV,898,898,2011,0,1,0,0,0,0,0,0,0,0,0,0,0,0,0,0
7/1/2011,KSV,898,898,2011,0,1,0,0,0,0,0,0,0,0,0,0,0,0,0,0
10/1/2011,KSV,898,898,2011,0,1,0,0,0,0,0,0,0,0,0,0,0,0,0,0
1/1/2012,KSV,898,898,2012,0,1,0,0,0,0,0,0,0,0,0,0,0,0,0,0
4/1/2012,KSV,898,898,2012,0,1,0,0,0,0,0,0,0,0,0,0,0,0,0,0
7/1/2012,KSV,898,898,2012,0,1,0,0,0,0,0,0,0,0,0,0,0,0,0,0
10/1/2012,KSV,898,898,2012,0,1,0,0,0,0,0,0,0,0,0,0,0,0,0,0
1/1/2013,KSV,898,898,2013,0,1,0,0,0,0,0,0,0,0,0,0,0,0,0,0
4/1/2013,KSV,898,898,2013,0,1,0,0,0,0,0,0,0,0,0,0,0,0,0,0
7/1/2013,KSV,898,898,2013,0,1,0,0,0,0,0,0,0,0,0,0,0,0,0,0
10/1/2013,KSV,898,898,2013,0,1,0,0,0,0,0,0,0,0,0,0,0,0,0,0
1/1/2014,KSV,898,898,2014,0,1,0,0,0,0,0,0,0,0,0,0,0,0,0,0
4/1/2014,KSV,898,898,2014,0,1,0,0,0,0,0,0,0,0,0,0,0,0,0,0
7/1/2014,KSV,898,898,2014,0,1,0,0,0,0,0,0,0,0,0,0,0,0,0,0
10/1/2014,KSV,898,898,2014,0,1,0,0,0,0,0,0,0,0,0,0,0,0,0,0
1/1/2015,KSV,898,898,2015,0,1,0,0,0,0,0,0,0,0,0,0,0,0,0,0
4/1/2015,KSV,898,898,2015,0,1,0,0,0,0,0,0,0,0,0,0,0,0,0,0
7/1/2015,KSV,898,898,2015,0,1,0,0,0,0,0,0,0,0,0,0,0,0,0,0
10/1/2015,KSV,898,898,2015,0,1,0,0,0,0,0,0,0,0,0,0,0,0,0,0
1/1/2016,KSV,898,898,2016,0,1,0,0,0,0,0,0,0,0,0,0,0,0,0,0
4/1/2016,KSV,898,898,2016,0,1,0,0,0,0,0,0,0,0,0,0,0,0,0,0
7/1/2016,KSV,898,898,2016,0,1,0,0,0,0,0,0,0,0,0,0,0,0,0,0
10/1/2016,KSV,898,898,2016,0,1,0,0,0,0,0,0,0,0,0,0,0,0,0,0
1/1/2017,KSV,898,898,2017,0,1,0,0,0,0,0,0,0,0,0,0,0,0,0,0
4/1/2017,KSV,898,898,2017,0,1,0,0,0,0,0,0,0,0,0,0,0,0,0,0
7/1/2017,KSV,898,898,2017,0,1,0,0,0,0,0,0,0,0,0,0,0,0,0,0
10/1/2017,KSV,898,898,2017,0,1,0,0,0,0,0,0,0,0,0,0,0,0,0,0
1/1/2018,KSV,898,898,2018,0,1,0,0,0,0,0,0,0,0,0,0,0,0,0,0
4/1/2018,KSV,898,898,2018,0,1,0,0,0,0,0,0,0,0,0,0,0,0,0,0
7/1/2018,KSV,898,898,2018,0,1,0,0,0,0,0,0,0,0,0,0,0,0,0,0
10/1/2018,KSV,898,898,2018,0,1,0,0,0,0,0,0,0,0,0,0,0,0,0,0
1/1/2019,KSV,898,898,2019,0,1,0,0,0,0,0,0,0,0,0,0,0,0,0,0
4/1/2019,KSV,898,898,2019,0,1,0,0,0,0,0,0,0,0,0,0,0,0,0,0
7/1/2019,KSV,898,898,2019,0,1,0,0,0,0,0,0,0,0,0,0,0,0,0,0
10/1/2019,KSV,898,898,2019,0,1,0,0,0,0,0,0,0,0,0,0,0,0,0,0
1/1/2020,KSV,898,898,2020,0,1,0,0,0,0,0,0,0,0,0,0,0,0,0,0
4/1/2020,KSV,898,898,2020,0,1,0,0,0,0,0,0,0,0,0,0,0,0,0,0
7/1/2020,KSV,898,898,2020,0,1,0,0,0,0,0,0,0,0,0,0,0,0,0,0
10/1/2020,KSV,898,898,2020,0,1,0,0,0,0,0,0,0,0,0,0,0,0,0,0
1/1/2021,KSV,898,898,2021,0,1,0,0,0,0,0,0,0,0,0,0,0,0,0,0
4/1/2021,KSV,898,898,2021,0,1,0,0,0,0,0,0,0,0,0,0,0,0,0,0
7/1/2021,KSV,898,898,2021,0,1,0,0,0,0,0,0,0,0,0,0,0,0,0,0
10/1/2021,KSV,898,898,2021,0,1,0,0,0,0,0,0,0,0,0,0,0,0,0,0
1/1/2022,KSV,898,898,2022,0,1,0,0,0,0,0,0,0,0,0,0,0,0,0,0
4/1/2022,KSV,898,898,2022,0,1,0,0,0,0,0,0,0,0,0,0,0,0,0,0
7/1/2022,KSV,898,898,2022,0,1,0,0,0,0,0,0,0,0,0,0,0,0,0,0
10/1/2022,KSV,898,898,2022,0,1,0,0,0,0,0,0,0,0,0,0,0,0,0,0
1/1/2023,KSV,898,898,2023,0,1,0,0,0,0,0,0,0,0,0,0,0,0,0,0
4/1/2023,KSV,898,898,2023,0,1,0,0,0,0,0,0,0,0,0,0,0,0,0,0
7/1/2023,KSV,898,898,2023,0,1,0,0,0,0,0,0,0,0,0,0,0,0,0,0
10/1/2023,KSV,898,898,2023,0,1,0,0,0,0,0,0,0,0,0,0,0,0,0,0
1/1/2024,KSV,898,898,2024,0,1,0,0,0,0,0,0,0,0,0,0,0,0,0,0
4/1/2024,KSV,898,898,2024,0,1,0,0,0,0,0,0,0,0,0,0,0,0,0,0
1/1/1994,ARM,911,Armenia,1994,0,1,0,0,1,0,0,0,0,0,0,0,0,0,0,0
4/1/1994,ARM,911,Armenia,1994,0,1,0,0,1,0,0,0,0,0,0,0,0,0,0,0
7/1/1994,ARM,911,Armenia,1994,0,1,0,0,1,0,0,0,0,0,0,0,0,0,0,0
10/1/1994,ARM,911,Armenia,1994,0,1,0,0,1,0,0,0,0,0,0,0,0,0,0,0
1/1/1995,ARM,911,Armenia,1995,0,1,0,0,1,0,0,0,0,0,0,0,0,0,0,0
4/1/1995,ARM,911,Armenia,1995,0,1,0,0,1,0,0,0,0,0,0,0,0,0,0,0
7/1/1995,ARM,911,Armenia,1995,0,1,0,0,1,0,0,0,0,0,0,0,0,0,0,0
10/1/1995,ARM,911,Armenia,1995,0,1,0,0,1,0,0,0,0,0,0,0,0,0,0,0
1/1/1996,ARM,911,Armenia,1996,0,1,0,0,1,0,0,0,0,0,0,0,0,0,0,0
4/1/1996,ARM,911,Armenia,1996,0,1,0,0,1,0,0,0,0,0,0,0,0,0,0,0
7/1/1996,ARM,911,Armenia,1996,0,1,0,0,1,0,0,0,0,0,0,0,0,0,0,0
10/1/1996,ARM,911,Armenia,1996,0,1,0,0,1,0,0,0,0,0,0,0,0,0,0,0
1/1/1997,ARM,911,Armenia,1997,0,1,0,0,1,0,0,0,0,0,0,0,0,0,0,0
4/1/1997,ARM,911,Armenia,1997,0,1,0,0,1,0,0,0,0,0,0,0,0,0,0,0
7/1/1997,ARM,911,Armenia,1997,0,1,0,0,1,0,0,0,0,0,0,0,0,0,0,0
10/1/1997,ARM,911,Armenia,1997,0,1,0,0,1,0,0,0,0,0,0,0,0,0,0,0
1/1/1998,ARM,911,Armenia,1998,0,1,0,0,1,0,0,0,0,0,0,0,0,0,0,0
4/1/1998,ARM,911,Armenia,1998,0,1,0,0,1,0,0,0,0,0,0,0,0,0,0,0
7/1/1998,ARM,911,Armenia,1998,0,1,0,0,1,0,0,0,0,0,0,0,0,0,0,0
10/1/1998,ARM,911,Armenia,1998,0,1,0,0,1,0,0,0,0,0,0,0,0,0,0,0
1/1/1999,ARM,911,Armenia,1999,0,1,0,0,1,0,0,0,0,0,0,0,0,0,0,0
4/1/1999,ARM,911,Armenia,1999,0,1,0,0,1,0,0,0,0,0,0,0,0,0,0,0
7/1/1999,ARM,911,Armenia,1999,0,1,0,0,1,0,0,0,0,0,0,0,0,0,0,0
10/1/1999,ARM,911,Armenia,1999,0,1,0,0,1,0,0,0,0,0,0,0,0,0,0,0
1/1/2000,ARM,911,Armenia,2000,0,1,0,0,1,0,0,0,0,0,0,0,0,0,0,0
4/1/2000,ARM,911,Armenia,2000,0,1,0,0,1,0,0,0,0,0,0,0,0,0,0,0
7/1/2000,ARM,911,Armenia,2000,0,1,0,0,1,0,0,0,0,0,0,0,0,0,0,0
10/1/2000,ARM,911,Armenia,2000,0,1,0,0,1,0,0,0,0,0,0,0,0,0,0,0
1/1/2001,ARM,911,Armenia,2001,0,1,0,0,1,0,0,0,0,0,0,0,0,0,0,0
4/1/2001,ARM,911,Armenia,2001,0,1,0,0,1,0,0,0,0,0,0,0,0,0,0,0
7/1/2001,ARM,911,Armenia,2001,0,1,0,0,1,0,0,0,0,0,0,0,0,0,0,0
10/1/2001,ARM,911,Armenia,2001,0,1,0,0,1,0,0,0,0,0,0,0,0,0,0,0
1/1/2002,ARM,911,Armenia,2002,0,1,0,0,1,0,0,0,0,0,0,0,0,0,0,0
4/1/2002,ARM,911,Armenia,2002,0,1,0,0,1,0,0,0,0,0,0,0,0,0,0,0
7/1/2002,ARM,911,Armenia,2002,0,1,0,0,1,0,0,0,0,0,0,0,0,0,0,0
10/1/2002,ARM,911,Armenia,2002,0,1,0,0,1,0,0,0,0,0,0,0,0,0,0,0
1/1/2003,ARM,911,Armenia,2003,0,1,0,0,1,0,0,0,0,0,0,0,0,0,0,0
4/1/2003,ARM,911,Armenia,2003,0,1,0,0,1,0,0,0,0,0,0,0,0,0,0,0
7/1/2003,ARM,911,Armenia,2003,0,1,0,0,1,0,0,0,0,0,0,0,0,0,0,0
10/1/2003,ARM,911,Armenia,2003,0,1,0,0,1,0,0,0,0,0,0,0,0,0,0,0
1/1/2004,ARM,911,Armenia,2004,0,1,0,0,1,0,0,0,0,0,0,0,0,0,0,0
4/1/2004,ARM,911,Armenia,2004,0,1,0,0,1,0,0,0,0,0,0,0,0,0,0,0
7/1/2004,ARM,911,Armenia,2004,0,1,0,0,1,0,0,0,0,0,0,0,0,0,0,0
10/1/2004,ARM,911,Armenia,2004,0,1,0,0,1,0,0,0,0,0,0,0,0,0,0,0
1/1/2005,ARM,911,Armenia,2005,0,1,0,0,1,0,0,0,0,0,0,0,0,0,0,0
4/1/2005,ARM,911,Armenia,2005,0,1,0,0,1,0,0,0,0,0,0,0,0,0,0,0
7/1/2005,ARM,911,Armenia,2005,0,1,0,0,1,0,0,0,0,0,0,0,0,0,0,0
10/1/2005,ARM,911,Armenia,2005,0,1,0,0,1,0,0,0,0,0,0,0,0,0,0,0
1/1/2006,ARM,911,Armenia,2006,0,1,0,0,1,0,0,0,0,0,0,0,0,0,0,0
4/1/2006,ARM,911,Armenia,2006,0,1,0,0,1,0,0,0,0,0,0,0,0,0,0,0
7/1/2006,ARM,911,Armenia,2006,0,1,0,0,1,0,0,0,0,0,0,0,0,0,0,0
10/1/2006,ARM,911,Armenia,2006,0,1,0,0,1,0,0,0,0,0,0,0,0,0,0,0
1/1/2007,ARM,911,Armenia,2007,0,1,0,0,1,0,0,0,0,0,0,0,0,0,0,0
4/1/2007,ARM,911,Armenia,2007,0,1,0,0,1,0,0,0,0,0,0,0,0,0,0,0
7/1/2007,ARM,911,Armenia,2007,0,1,0,0,1,0,0,0,0,0,0,0,0,0,0,0
10/1/2007,ARM,911,Armenia,2007,0,1,0,0,1,0,0,0,0,0,0,0,0,0,0,0
1/1/2008,ARM,911,Armenia,2008,0,1,0,0,1,0,0,0,0,0,0,0,0,0,0,0
4/1/2008,ARM,911,Armenia,2008,0,1,0,0,1,0,0,0,0,0,0,0,0,0,0,0
7/1/2008,ARM,911,Armenia,2008,0,1,0,0,1,0,0,0,0,0,0,0,0,0,0,0
10/1/2008,ARM,911,Armenia,2008,0,1,0,0,1,0,0,0,0,0,0,0,0,0,0,0
1/1/2009,ARM,911,Armenia,2009,0,1,0,0,1,0,0,0,0,0,0,0,0,0,0,0
4/1/2009,ARM,911,Armenia,2009,0,1,0,0,1,0,0,0,0,0,0,0,0,0,0,0
7/1/2009,ARM,911,Armenia,2009,0,1,0,0,1,0,0,0,0,0,0,0,0,0,0,0
10/1/2009,ARM,911,Armenia,2009,0,1,0,0,1,0,0,0,0,0,0,0,0,0,0,0
1/1/2010,ARM,911,Armenia,2010,0,1,0,0,1,0,0,0,0,0,0,0,0,0,0,0
4/1/2010,ARM,911,Armenia,2010,0,1,0,0,1,0,0,0,0,0,0,0,0,0,0,0
7/1/2010,ARM,911,Armenia,2010,0,1,0,0,1,0,0,0,0,0,0,0,0,0,0,0
10/1/2010,ARM,911,Armenia,2010,0,1,0,0,1,0,0,0,0,0,0,0,0,0,0,0
1/1/2011,ARM,911,Armenia,2011,0,1,0,0,1,0,0,0,0,0,0,0,0,0,0,0
4/1/2011,ARM,911,Armenia,2011,0,1,0,0,1,0,0,0,0,0,0,0,0,0,0,0
7/1/2011,ARM,911,Armenia,2011,0,1,0,0,1,0,0,0,0,0,0,0,0,0,0,0
10/1/2011,ARM,911,Armenia,2011,0,1,0,0,1,0,0,0,0,0,0,0,0,0,0,0
1/1/2012,ARM,911,Armenia,2012,0,1,0,0,1,0,0,0,0,0,0,0,0,0,0,0
4/1/2012,ARM,911,Armenia,2012,0,1,0,0,1,0,0,0,0,0,0,0,0,0,0,0
7/1/2012,ARM,911,Armenia,2012,0,1,0,0,1,0,0,0,0,0,0,0,0,0,0,0
10/1/2012,ARM,911,Armenia,2012,0,1,0,0,1,0,0,0,0,0,0,0,0,0,0,0
1/1/2013,ARM,911,Armenia,2013,0,1,0,0,1,0,0,0,0,0,0,0,0,0,0,0
4/1/2013,ARM,911,Armenia,2013,0,1,0,0,1,0,0,0,0,0,0,0,0,0,0,0
7/1/2013,ARM,911,Armenia,2013,0,1,0,0,1,0,0,0,0,0,0,0,0,0,0,0
10/1/2013,ARM,911,Armenia,2013,0,1,0,0,1,0,0,0,0,0,0,0,0,0,0,0
1/1/2014,ARM,911,Armenia,2014,0,1,0,0,1,0,0,0,0,0,0,0,0,0,0,0
4/1/2014,ARM,911,Armenia,2014,0,1,0,0,1,0,0,0,0,0,0,0,0,0,0,0
7/1/2014,ARM,911,Armenia,2014,0,1,0,0,1,0,0,0,0,0,0,0,0,0,0,0
10/1/2014,ARM,911,Armenia,2014,0,1,0,0,1,0,0,0,0,0,0,0,0,0,0,0
1/1/2015,ARM,911,Armenia,2015,0,1,0,0,1,0,0,0,0,0,0,0,0,0,0,0
4/1/2015,ARM,911,Armenia,2015,0,1,0,0,1,0,0,0,0,0,0,0,0,0,0,0
7/1/2015,ARM,911,Armenia,2015,0,1,0,0,1,0,0,0,0,0,0,0,0,0,0,0
10/1/2015,ARM,911,Armenia,2015,0,1,0,0,1,0,0,0,0,0,0,0,0,0,0,0
1/1/2016,ARM,911,Armenia,2016,0,1,0,0,1,0,0,0,0,0,0,0,0,0,0,0
4/1/2016,ARM,911,Armenia,2016,0,1,0,0,1,0,0,0,0,0,0,0,0,0,0,0
7/1/2016,ARM,911,Armenia,2016,0,1,0,0,1,0,0,0,0,0,0,0,0,0,0,0
10/1/2016,ARM,911,Armenia,2016,0,1,0,0,1,0,0,0,0,0,0,0,0,0,0,0
1/1/2017,ARM,911,Armenia,2017,0,1,0,0,1,0,0,0,0,0,0,0,0,0,0,0
4/1/2017,ARM,911,Armenia,2017,0,1,0,0,1,0,0,0,0,0,0,0,0,0,0,0
7/1/2017,ARM,911,Armenia,2017,0,1,0,0,1,0,0,0,0,0,0,0,0,0,0,0
10/1/2017,ARM,911,Armenia,2017,0,1,0,0,1,0,0,0,0,0,0,0,0,0,0,0
1/1/2018,ARM,911,Armenia,2018,0,1,0,0,1,0,0,0,0,0,0,0,0,0,0,0
4/1/2018,ARM,911,Armenia,2018,0,1,0,0,1,0,0,0,0,0,0,0,0,0,0,0
7/1/2018,ARM,911,Armenia,2018,0,1,0,0,1,0,0,0,0,0,0,0,0,0,0,0
10/1/2018,ARM,911,Armenia,2018,0,1,0,0,1,0,0,0,0,0,0,0,0,0,0,0
1/1/2019,ARM,911,Armenia,2019,0,1,0,0,1,0,0,0,0,0,0,0,0,0,0,0
4/1/2019,ARM,911,Armenia,2019,0,1,0,0,1,0,0,0,0,0,0,0,0,0,0,0
7/1/2019,ARM,911,Armenia,2019,0,1,0,0,1,0,0,0,0,0,0,0,0,0,0,0
10/1/2019,ARM,911,Armenia,2019,0,1,0,0,1,0,0,0,0,0,0,0,0,0,0,0
1/1/2020,ARM,911,Armenia,2020,0,1,0,0,1,0,0,0,0,0,0,0,0,0,0,0
4/1/2020,ARM,911,Armenia,2020,0,1,0,0,1,0,0,0,0,0,0,0,0,0,0,0
7/1/2020,ARM,911,Armenia,2020,0,1,0,0,1,0,0,0,0,0,0,0,0,0,0,0
1/1/1996,BLR,913,Belarus,1996,0,1,0,0,1,0,0,0,0,0,0,0,0,0,0,0
4/1/1996,BLR,913,Belarus,1996,0,1,0,0,1,0,0,0,0,0,0,0,0,0,0,0
7/1/1996,BLR,913,Belarus,1996,0,1,0,0,1,0,0,0,0,0,0,0,0,0,0,0
10/1/1996,BLR,913,Belarus,1996,0,1,0,0,1,0,0,0,0,0,0,0,0,0,0,0
1/1/1997,BLR,913,Belarus,1997,0,1,0,0,1,0,0,0,0,0,0,0,0,0,0,0
4/1/1997,BLR,913,Belarus,1997,0,1,0,0,1,0,0,0,0,0,0,0,0,0,0,0
7/1/1997,BLR,913,Belarus,1997,0,1,0,0,1,0,0,0,0,0,0,0,0,0,0,0
10/1/1997,BLR,913,Belarus,1997,0,1,0,0,1,0,0,0,0,0,0,0,0,0,0,0
1/1/1998,BLR,913,Belarus,1998,0,1,0,0,1,0,0,0,0,0,0,0,0,0,0,0
4/1/1998,BLR,913,Belarus,1998,0,1,0,0,1,0,0,0,0,0,0,0,0,0,0,0
7/1/1998,BLR,913,Belarus,1998,0,1,0,0,1,0,0,0,0,0,0,0,0,0,0,0
10/1/1998,BLR,913,Belarus,1998,0,1,0,0,1,0,0,0,0,0,0,0,0,0,0,0
1/1/1999,BLR,913,Belarus,1999,0,1,0,0,1,0,0,0,0,0,0,0,0,0,0,0
4/1/1999,BLR,913,Belarus,1999,0,1,0,0,1,0,0,0,0,0,0,0,0,0,0,0
7/1/1999,BLR,913,Belarus,1999,0,1,0,0,1,0,0,0,0,0,0,0,0,0,0,0
10/1/1999,BLR,913,Belarus,1999,0,1,0,0,1,0,0,0,0,0,0,0,0,0,0,0
1/1/2000,BLR,913,Belarus,2000,0,1,0,0,1,0,0,0,0,0,0,0,0,0,0,0
4/1/2000,BLR,913,Belarus,2000,0,1,0,0,1,0,0,0,0,0,0,0,0,0,0,0
7/1/2000,BLR,913,Belarus,2000,0,1,0,0,1,0,0,0,0,0,0,0,0,0,0,0
10/1/2000,BLR,913,Belarus,2000,0,1,0,0,1,0,0,0,0,0,0,0,0,0,0,0
1/1/2001,BLR,913,Belarus,2001,0,1,0,0,1,0,0,0,0,0,0,0,0,0,0,0
4/1/2001,BLR,913,Belarus,2001,0,1,0,0,1,0,0,0,0,0,0,0,0,0,0,0
7/1/2001,BLR,913,Belarus,2001,0,1,0,0,1,0,0,0,0,0,0,0,0,0,0,0
10/1/2001,BLR,913,Belarus,2001,0,1,0,0,1,0,0,0,0,0,0,0,0,0,0,0
1/1/2002,BLR,913,Belarus,2002,0,1,0,0,1,0,0,0,0,0,0,0,0,0,0,0
4/1/2002,BLR,913,Belarus,2002,0,1,0,0,1,0,0,0,0,0,0,0,0,0,0,0
7/1/2002,BLR,913,Belarus,2002,0,1,0,0,1,0,0,0,0,0,0,0,0,0,0,0
10/1/2002,BLR,913,Belarus,2002,0,1,0,0,1,0,0,0,0,0,0,0,0,0,0,0
1/1/2003,BLR,913,Belarus,2003,0,1,0,0,1,0,0,0,0,0,0,0,0,0,0,0
4/1/2003,BLR,913,Belarus,2003,0,1,0,0,1,0,0,0,0,0,0,0,0,0,0,0
7/1/2003,BLR,913,Belarus,2003,0,1,0,0,1,0,0,0,0,0,0,0,0,0,0,0
10/1/2003,BLR,913,Belarus,2003,0,1,0,0,1,0,0,0,0,0,0,0,0,0,0,0
1/1/2004,BLR,913,Belarus,2004,0,1,0,0,1,0,0,0,0,0,0,0,0,0,0,0
4/1/2004,BLR,913,Belarus,2004,0,1,0,0,1,0,0,0,0,0,0,0,0,0,0,0
7/1/2004,BLR,913,Belarus,2004,0,1,0,0,1,0,0,0,0,0,0,0,0,0,0,0
10/1/2004,BLR,913,Belarus,2004,0,1,0,0,1,0,0,0,0,0,0,0,0,0,0,0
1/1/2005,BLR,913,Belarus,2005,0,1,0,0,1,0,0,0,0,0,0,0,0,0,0,0
4/1/2005,BLR,913,Belarus,2005,0,1,0,0,1,0,0,0,0,0,0,0,0,0,0,0
7/1/2005,BLR,913,Belarus,2005,0,1,0,0,1,0,0,0,0,0,0,0,0,0,0,0
10/1/2005,BLR,913,Belarus,2005,0,1,0,0,1,0,0,0,0,0,0,0,0,0,0,0
1/1/2006,BLR,913,Belarus,2006,0,1,0,0,1,0,0,0,0,0,0,0,0,0,0,0
4/1/2006,BLR,913,Belarus,2006,0,1,0,0,1,0,0,0,0,0,0,0,0,0,0,0
7/1/2006,BLR,913,Belarus,2006,0,1,0,0,1,0,0,0,0,0,0,0,0,0,0,0
10/1/2006,BLR,913,Belarus,2006,0,1,0,0,1,0,0,0,0,0,0,0,0,0,0,0
1/1/2007,BLR,913,Belarus,2007,0,1,0,0,1,0,0,0,0,0,0,0,0,0,0,0
4/1/2007,BLR,913,Belarus,2007,0,1,0,0,1,0,0,0,0,0,0,0,0,0,0,0
7/1/2007,BLR,913,Belarus,2007,0,1,0,0,1,0,0,0,0,0,0,0,0,0,0,0
10/1/2007,BLR,913,Belarus,2007,0,1,0,0,1,0,0,0,0,0,0,0,0,0,0,0
1/1/2008,BLR,913,Belarus,2008,0,1,0,0,1,0,0,0,0,0,0,0,0,0,0,0
4/1/2008,BLR,913,Belarus,2008,0,1,0,0,1,0,0,0,0,0,0,0,0,0,0,0
7/1/2008,BLR,913,Belarus,2008,0,1,0,0,1,0,0,0,0,0,0,0,0,0,0,0
10/1/2008,BLR,913,Belarus,2008,0,1,0,0,1,0,0,0,0,0,0,0,0,0,0,0
1/1/2009,BLR,913,Belarus,2009,0,1,0,0,1,0,0,0,0,0,0,0,0,0,0,0
4/1/2009,BLR,913,Belarus,2009,0,1,0,0,1,0,0,0,0,0,0,0,0,0,0,0
7/1/2009,BLR,913,Belarus,2009,0,1,0,0,1,0,0,0,0,0,0,0,0,0,0,0
10/1/2009,BLR,913,Belarus,2009,0,1,0,0,1,0,0,0,0,0,0,0,0,0,0,0
1/1/2010,BLR,913,Belarus,2010,0,1,0,0,1,0,0,0,0,0,0,0,0,0,0,0
4/1/2010,BLR,913,Belarus,2010,0,1,0,0,1,0,0,0,0,0,0,0,0,0,0,0
7/1/2010,BLR,913,Belarus,2010,0,1,0,0,1,0,0,0,0,0,0,0,0,0,0,0
10/1/2010,BLR,913,Belarus,2010,0,1,0,0,1,0,0,0,0,0,0,0,0,0,0,0
1/1/2011,BLR,913,Belarus,2011,0,1,0,0,1,0,0,0,0,0,0,0,0,0,0,0
4/1/2011,BLR,913,Belarus,2011,0,1,0,0,1,0,0,0,0,0,0,0,0,0,0,0
7/1/2011,BLR,913,Belarus,2011,0,1,0,0,1,0,0,0,0,0,0,0,0,0,0,0
10/1/2011,BLR,913,Belarus,2011,0,1,0,0,1,0,0,0,0,0,0,0,0,0,0,0
1/1/2012,BLR,913,Belarus,2012,0,1,0,0,1,0,0,0,0,0,0,0,0,0,0,0
4/1/2012,BLR,913,Belarus,2012,0,1,0,0,1,0,0,0,0,0,0,0,0,0,0,0
7/1/2012,BLR,913,Belarus,2012,0,1,0,0,1,0,0,0,0,0,0,0,0,0,0,0
10/1/2012,BLR,913,Belarus,2012,0,1,0,0,1,0,0,0,0,0,0,0,0,0,0,0
1/1/2013,BLR,913,Belarus,2013,0,1,0,0,1,0,0,0,0,0,0,0,0,0,0,0
4/1/2013,BLR,913,Belarus,2013,0,1,0,0,1,0,0,0,0,0,0,0,0,0,0,0
7/1/2013,BLR,913,Belarus,2013,0,1,0,0,1,0,0,0,0,0,0,0,0,0,0,0
10/1/2013,BLR,913,Belarus,2013,0,1,0,0,1,0,0,0,0,0,0,0,0,0,0,0
1/1/2014,BLR,913,Belarus,2014,0,1,0,0,1,0,0,0,0,0,0,0,0,0,0,0
4/1/2014,BLR,913,Belarus,2014,0,1,0,0,1,0,0,0,0,0,0,0,0,0,0,0
7/1/2014,BLR,913,Belarus,2014,0,1,0,0,1,0,0,0,0,0,0,0,0,0,0,0
10/1/2014,BLR,913,Belarus,2014,0,1,0,0,1,0,0,0,0,0,0,0,0,0,0,0
1/1/2015,BLR,913,Belarus,2015,0,1,0,0,1,0,0,0,0,0,0,0,0,0,0,0
4/1/2015,BLR,913,Belarus,2015,0,1,0,0,1,0,0,0,0,0,0,0,0,0,0,0
7/1/2015,BLR,913,Belarus,2015,0,1,0,0,1,0,0,0,0,0,0,0,0,0,0,0
10/1/2015,BLR,913,Belarus,2015,0,1,0,0,1,0,0,0,0,0,0,0,0,0,0,0
1/1/2016,BLR,913,Belarus,2016,0,1,0,0,1,0,0,0,0,0,0,0,0,0,0,0
4/1/2016,BLR,913,Belarus,2016,0,1,0,0,1,0,0,0,0,0,0,0,0,0,0,0
7/1/2016,BLR,913,Belarus,2016,0,1,0,0,1,0,0,0,0,0,0,0,0,0,0,0
10/1/2016,BLR,913,Belarus,2016,0,1,0,0,1,0,0,0,0,0,0,0,0,0,0,0
1/1/2017,BLR,913,Belarus,2017,0,1,0,0,1,0,0,0,0,0,0,0,0,0,0,0
4/1/2017,BLR,913,Belarus,2017,0,1,0,0,1,0,0,0,0,0,0,0,0,0,0,0
7/1/2017,BLR,913,Belarus,2017,0,1,0,0,1,0,0,0,0,0,0,0,0,0,0,0
10/1/2017,BLR,913,Belarus,2017,0,1,0,0,1,0,0,0,0,0,0,0,0,0,0,0
1/1/2018,BLR,913,Belarus,2018,0,1,0,0,1,0,0,0,0,0,0,0,0,0,0,0
4/1/2018,BLR,913,Belarus,2018,0,1,0,0,1,0,0,0,0,0,0,0,0,0,0,0
7/1/2018,BLR,913,Belarus,2018,0,1,0,0,1,0,0,0,0,0,0,0,0,0,0,0
10/1/2018,BLR,913,Belarus,2018,0,1,0,0,1,0,0,0,0,0,0,0,0,0,0,0
1/1/2019,BLR,913,Belarus,2019,0,1,0,0,1,0,0,0,0,0,0,0,0,0,0,0
4/1/2019,BLR,913,Belarus,2019,0,1,0,0,1,0,0,0,0,0,0,0,0,0,0,0
7/1/2019,BLR,913,Belarus,2019,0,1,0,0,1,0,0,0,0,0,0,0,0,0,0,0
10/1/2019,BLR,913,Belarus,2019,0,1,0,0,1,0,0,0,0,0,0,0,0,0,0,0
1/1/2020,BLR,913,Belarus,2020,0,1,0,0,1,0,0,0,0,0,0,0,0,0,0,0
1/1/2015,ALB,914,Albania,2015,0,1,0,0,1,0,0,0,0,0,0,0,0,0,0,0
4/1/2015,ALB,914,Albania,2015,0,1,0,0,1,0,0,0,0,0,0,0,0,0,0,0
7/1/2015,ALB,914,Albania,2015,0,1,0,0,1,0,0,0,0,0,0,0,0,0,0,0
10/1/2015,ALB,914,Albania,2015,0,1,0,0,1,0,0,0,0,0,0,0,0,0,0,0
1/1/2016,ALB,914,Albania,2016,0,1,0,0,1,0,0,0,0,0,0,0,0,0,0,0
4/1/2016,ALB,914,Albania,2016,0,1,0,0,1,0,0,0,0,0,0,0,0,0,0,0
7/1/2016,ALB,914,Albania,2016,0,1,0,0,1,0,0,0,0,0,0,0,0,0,0,0
10/1/2016,ALB,914,Albania,2016,0,1,0,0,1,0,0,0,0,0,0,0,0,0,0,0
1/1/2017,ALB,914,Albania,2017,0,1,0,0,1,0,0,0,0,0,0,0,0,0,0,0
4/1/2017,ALB,914,Albania,2017,0,1,0,0,1,0,0,0,0,0,0,0,0,0,0,0
7/1/2017,ALB,914,Albania,2017,0,1,0,0,1,0,0,0,0,0,0,0,0,0,0,0
10/1/2017,ALB,914,Albania,2017,0,1,0,0,1,0,0,0,0,0,0,0,0,0,0,0
1/1/2018,ALB,914,Albania,2018,0,1,0,0,1,0,0,0,0,0,0,0,0,0,0,0
4/1/2018,ALB,914,Albania,2018,0,1,0,0,1,0,0,0,0,0,0,0,0,0,0,0
7/1/2018,ALB,914,Albania,2018,0,1,0,0,1,0,0,0,0,0,0,0,0,0,0,0
10/1/2018,ALB,914,Albania,2018,0,1,0,0,1,0,0,0,0,0,0,0,0,0,0,0
1/1/2019,ALB,914,Albania,2019,0,1,0,0,1,0,0,0,0,0,0,0,0,0,0,0
4/1/2019,ALB,914,Albania,2019,0,1,0,0,1,0,0,0,0,0,0,0,0,0,0,0
7/1/2019,ALB,914,Albania,2019,0,1,0,0,1,0,0,0,0,0,0,0,0,0,0,0
10/1/2019,ALB,914,Albania,2019,0,1,0,0,1,0,0,0,0,0,0,0,0,0,0,0
1/1/2020,ALB,914,Albania,2020,0,1,0,0,1,0,0,0,0,0,0,0,0,0,0,0
4/1/2020,ALB,914,Albania,2020,0,1,0,0,1,0,0,0,0,0,0,0,0,0,0,0
7/1/2020,ALB,914,Albania,2020,0,1,0,0,1,0,0,0,0,0,0,0,0,0,0,0
10/1/2020,ALB,914,Albania,2020,0,1,0,0,1,0,0,0,0,0,0,0,0,0,0,0
1/1/2021,ALB,914,Albania,2021,0,1,0,0,1,0,0,0,0,0,0,0,0,0,0,0
4/1/2021,ALB,914,Albania,2021,0,1,0,0,1,0,0,0,0,0,0,0,0,0,0,0
7/1/2021,ALB,914,Albania,2021,0,1,0,0,1,0,0,0,0,0,0,0,0,0,0,0
10/1/2021,ALB,914,Albania,2021,0,1,0,0,1,0,0,0,0,0,0,0,0,0,0,0
1/1/2022,ALB,914,Albania,2022,0,1,0,0,1,0,0,0,0,0,0,0,0,0,0,0
4/1/2022,ALB,914,Albania,2022,0,1,0,0,1,0,0,0,0,0,0,0,0,0,0,0
7/1/2022,ALB,914,Albania,2022,0,1,0,0,1,0,0,0,0,0,0,0,0,0,0,0
10/1/2022,ALB,914,Albania,2022,0,1,0,0,1,0,0,0,0,0,0,0,0,0,0,0
1/1/2023,ALB,914,Albania,2023,0,1,0,0,1,0,0,0,0,0,0,0,0,0,0,0
4/1/2023,ALB,914,Albania,2023,0,1,0,0,1,0,0,0,0,0,0,0,0,0,0,0
7/1/2023,ALB,914,Albania,2023,0,1,0,0,1,0,0,0,0,0,0,0,0,0,0,0
10/1/2023,ALB,914,Albania,2023,0,1,0,0,1,0,0,0,0,0,0,0,0,0,0,0
1/1/2024,ALB,914,Albania,2024,0,1,0,0,1,0,0,0,0,0,0,0,0,0,0,0
4/1/2024,ALB,914,Albania,2024,0,1,0,0,1,0,0,0,0,0,0,0,0,0,0,0
7/1/2024,ALB,914,Albania,2024,0,1,0,0,1,0,0,0,0,0,0,0,0,0,0,0
1/1/1997,GEO,915,Georgia,1997,0,1,0,0,1,0,0,0,0,0,0,0,0,0,0,0
4/1/1997,GEO,915,Georgia,1997,0,1,0,0,1,0,0,0,0,0,0,0,0,0,0,0
7/1/1997,GEO,915,Georgia,1997,0,1,0,0,1,0,0,0,0,0,0,0,0,0,0,0
10/1/1997,GEO,915,Georgia,1997,0,1,0,0,1,0,0,0,0,0,0,0,0,0,0,0
1/1/1998,GEO,915,Georgia,1998,0,1,0,0,1,0,0,0,0,0,0,0,0,0,0,0
4/1/1998,GEO,915,Georgia,1998,0,1,0,0,1,0,0,0,0,0,0,0,0,0,0,0
7/1/1998,GEO,915,Georgia,1998,0,1,0,0,1,0,0,0,0,0,0,0,0,0,0,0
10/1/1998,GEO,915,Georgia,1998,0,1,0,0,1,0,0,0,0,0,0,0,0,0,0,0
1/1/1999,GEO,915,Georgia,1999,0,1,0,0,1,0,0,0,0,0,0,0,0,0,0,0
4/1/1999,GEO,915,Georgia,1999,0,1,0,0,1,0,0,0,0,0,0,0,0,0,0,0
7/1/1999,GEO,915,Georgia,1999,0,1,0,0,1,0,0,0,0,0,0,0,0,0,0,0
10/1/1999,GEO,915,Georgia,1999,0,1,0,0,1,0,0,0,0,0,0,0,0,0,0,0
1/1/2000,GEO,915,Georgia,2000,0,1,0,0,1,0,0,0,0,0,0,0,0,0,0,0
4/1/2000,GEO,915,Georgia,2000,0,1,0,0,1,0,0,0,0,0,0,0,0,0,0,0
7/1/2000,GEO,915,Georgia,2000,0,1,0,0,1,0,0,0,0,0,0,0,0,0,0,0
10/1/2000,GEO,915,Georgia,2000,0,1,0,0,1,0,0,0,0,0,0,0,0,0,0,0
1/1/2001,GEO,915,Georgia,2001,0,1,0,0,1,0,0,0,0,0,0,0,0,0,0,0
4/1/2001,GEO,915,Georgia,2001,0,1,0,0,1,0,0,0,0,0,0,0,0,0,0,0
7/1/2001,GEO,915,Georgia,2001,0,1,0,0,1,0,0,0,0,0,0,0,0,0,0,0
10/1/2001,GEO,915,Georgia,2001,0,1,0,0,1,0,0,0,0,0,0,0,0,0,0,0
1/1/2002,GEO,915,Georgia,2002,0,1,0,0,1,0,0,0,0,0,0,0,0,0,0,0
4/1/2002,GEO,915,Georgia,2002,0,1,0,0,1,0,0,0,0,0,0,0,0,0,0,0
7/1/2002,GEO,915,Georgia,2002,0,1,0,0,1,0,0,0,0,0,0,0,0,0,0,0
10/1/2002,GEO,915,Georgia,2002,0,1,0,0,1,0,0,0,0,0,0,0,0,0,0,0
1/1/2003,GEO,915,Georgia,2003,0,1,0,0,1,0,0,0,0,0,0,0,0,0,0,0
4/1/2003,GEO,915,Georgia,2003,0,1,0,0,1,0,0,0,0,0,0,0,0,0,0,0
7/1/2003,GEO,915,Georgia,2003,0,1,0,0,1,0,0,0,0,0,0,0,0,0,0,0
10/1/2003,GEO,915,Georgia,2003,0,1,0,0,1,0,0,0,0,0,0,0,0,0,0,0
1/1/2004,GEO,915,Georgia,2004,0,1,0,0,1,0,0,0,0,0,0,0,0,0,0,0
4/1/2004,GEO,915,Georgia,2004,0,1,0,0,1,0,0,0,0,0,0,0,0,0,0,0
7/1/2004,GEO,915,Georgia,2004,0,1,0,0,1,0,0,0,0,0,0,0,0,0,0,0
10/1/2004,GEO,915,Georgia,2004,0,1,0,0,1,0,0,0,0,0,0,0,0,0,0,0
1/1/2005,GEO,915,Georgia,2005,0,1,0,0,1,0,0,0,0,0,0,0,0,0,0,0
4/1/2005,GEO,915,Georgia,2005,0,1,0,0,1,0,0,0,0,0,0,0,0,0,0,0
7/1/2005,GEO,915,Georgia,2005,0,1,0,0,1,0,0,0,0,0,0,0,0,0,0,0
10/1/2005,GEO,915,Georgia,2005,0,1,0,0,1,0,0,0,0,0,0,0,0,0,0,0
1/1/2006,GEO,915,Georgia,2006,0,1,0,0,1,0,0,0,0,0,0,0,0,0,0,0
4/1/2006,GEO,915,Georgia,2006,0,1,0,0,1,0,0,0,0,0,0,0,0,0,0,0
7/1/2006,GEO,915,Georgia,2006,0,1,0,0,1,0,0,0,0,0,0,0,0,0,0,0
10/1/2006,GEO,915,Georgia,2006,0,1,0,0,1,0,0,0,0,0,0,0,0,0,0,0
1/1/2007,GEO,915,Georgia,2007,0,1,0,0,1,0,0,0,0,0,0,0,0,0,0,0
4/1/2007,GEO,915,Georgia,2007,0,1,0,0,1,0,0,0,0,0,0,0,0,0,0,0
7/1/2007,GEO,915,Georgia,2007,0,1,0,0,1,0,0,0,0,0,0,0,0,0,0,0
10/1/2007,GEO,915,Georgia,2007,0,1,0,0,1,0,0,0,0,0,0,0,0,0,0,0
1/1/2008,GEO,915,Georgia,2008,0,1,0,0,1,0,0,0,0,0,0,0,0,0,0,0
4/1/2008,GEO,915,Georgia,2008,0,1,0,0,1,0,0,0,0,0,0,0,0,0,0,0
7/1/2008,GEO,915,Georgia,2008,0,1,0,0,1,0,0,0,0,0,0,0,0,0,0,0
10/1/2008,GEO,915,Georgia,2008,0,1,0,0,1,0,0,0,0,0,0,0,0,0,0,0
1/1/2009,GEO,915,Georgia,2009,0,1,0,0,1,0,0,0,0,0,0,0,0,0,0,0
4/1/2009,GEO,915,Georgia,2009,0,1,0,0,1,0,0,0,0,0,0,0,0,0,0,0
7/1/2009,GEO,915,Georgia,2009,0,1,0,0,1,0,0,0,0,0,0,0,0,0,0,0
10/1/2009,GEO,915,Georgia,2009,0,1,0,0,1,0,0,0,0,0,0,0,0,0,0,0
1/1/2010,GEO,915,Georgia,2010,0,1,0,0,1,0,0,0,0,0,0,0,0,0,0,0
4/1/2010,GEO,915,Georgia,2010,0,1,0,0,1,0,0,0,0,0,0,0,0,0,0,0
7/1/2010,GEO,915,Georgia,2010,0,1,0,0,1,0,0,0,0,0,0,0,0,0,0,0
10/1/2010,GEO,915,Georgia,2010,0,1,0,0,1,0,0,0,0,0,0,0,0,0,0,0
1/1/2011,GEO,915,Georgia,2011,0,1,0,0,1,0,0,0,0,0,0,0,0,0,0,0
4/1/2011,GEO,915,Georgia,2011,0,1,0,0,1,0,0,0,0,0,0,0,0,0,0,0
7/1/2011,GEO,915,Georgia,2011,0,1,0,0,1,0,0,0,0,0,0,0,0,0,0,0
10/1/2011,GEO,915,Georgia,2011,0,1,0,0,1,0,0,0,0,0,0,0,0,0,0,0
1/1/2012,GEO,915,Georgia,2012,0,1,0,0,1,0,0,0,0,0,0,0,0,0,0,0
4/1/2012,GEO,915,Georgia,2012,0,1,0,0,1,0,0,0,0,0,0,0,0,0,0,0
7/1/2012,GEO,915,Georgia,2012,0,1,0,0,1,0,0,0,0,0,0,0,0,0,0,0
10/1/2012,GEO,915,Georgia,2012,0,1,0,0,1,0,0,0,0,0,0,0,0,0,0,0
1/1/2013,GEO,915,Georgia,2013,0,1,0,0,1,0,0,0,0,0,0,0,0,0,0,0
4/1/2013,GEO,915,Georgia,2013,0,1,0,0,1,0,0,0,0,0,0,0,0,0,0,0
7/1/2013,GEO,915,Georgia,2013,0,1,0,0,1,0,0,0,0,0,0,0,0,0,0,0
10/1/2013,GEO,915,Georgia,2013,0,1,0,0,1,0,0,0,0,0,0,0,0,0,0,0
1/1/2014,GEO,915,Georgia,2014,0,1,0,0,1,0,0,0,0,0,0,0,0,0,0,0
4/1/2014,GEO,915,Georgia,2014,0,1,0,0,1,0,0,0,0,0,0,0,0,0,0,0
7/1/2014,GEO,915,Georgia,2014,0,1,0,0,1,0,0,0,0,0,0,0,0,0,0,0
10/1/2014,GEO,915,Georgia,2014,0,1,0,0,1,0,0,0,0,0,0,0,0,0,0,0
1/1/2015,GEO,915,Georgia,2015,0,1,0,0,1,0,0,0,0,0,0,0,0,0,0,0
4/1/2015,GEO,915,Georgia,2015,0,1,0,0,1,0,0,0,0,0,0,0,0,0,0,0
7/1/2015,GEO,915,Georgia,2015,0,1,0,0,1,0,0,0,0,0,0,0,0,0,0,0
10/1/2015,GEO,915,Georgia,2015,0,1,0,0,1,0,0,0,0,0,0,0,0,0,0,0
1/1/2016,GEO,915,Georgia,2016,0,1,0,0,1,0,0,0,0,0,0,0,0,0,0,0
4/1/2016,GEO,915,Georgia,2016,0,1,0,0,1,0,0,0,0,0,0,0,0,0,0,0
7/1/2016,GEO,915,Georgia,2016,0,1,0,0,1,0,0,0,0,0,0,0,0,0,0,0
10/1/2016,GEO,915,Georgia,2016,0,1,0,0,1,0,0,0,0,0,0,0,0,0,0,0
1/1/2017,GEO,915,Georgia,2017,0,1,0,0,1,0,0,0,0,0,0,0,0,0,0,0
4/1/2017,GEO,915,Georgia,2017,0,1,0,0,1,0,0,0,0,0,0,0,0,0,0,0
7/1/2017,GEO,915,Georgia,2017,0,1,0,0,1,0,0,0,0,0,0,0,0,0,0,0
10/1/2017,GEO,915,Georgia,2017,0,1,0,0,1,0,0,0,0,0,0,0,0,0,0,0
1/1/2018,GEO,915,Georgia,2018,0,1,0,0,1,0,0,0,0,0,0,0,0,0,0,0
4/1/2018,GEO,915,Georgia,2018,0,1,0,0,1,0,0,0,0,0,0,0,0,0,0,0
7/1/2018,GEO,915,Georgia,2018,0,1,0,0,1,0,0,0,0,0,0,0,0,0,0,0
10/1/2018,GEO,915,Georgia,2018,0,1,0,0,1,0,0,0,0,0,0,0,0,0,0,0
1/1/2019,GEO,915,Georgia,2019,0,1,0,0,1,0,0,0,0,0,0,0,0,0,0,0
4/1/2019,GEO,915,Georgia,2019,0,1,0,0,1,0,0,0,0,0,0,0,0,0,0,0
7/1/2019,GEO,915,Georgia,2019,0,1,0,0,1,0,0,0,0,0,0,0,0,0,0,0
10/1/2019,GEO,915,Georgia,2019,0,1,0,0,1,0,0,0,0,0,0,0,0,0,0,0
1/1/2020,GEO,915,Georgia,2020,0,1,0,0,1,0,0,0,0,0,0,0,0,0,0,0
1/1/1995,KAZ,916,Kazakhstan,1995,0,1,0,0,1,0,0,0,0,0,0,0,0,0,0,0
4/1/1995,KAZ,916,Kazakhstan,1995,0,1,0,0,1,0,0,0,0,0,0,0,0,0,0,0
7/1/1995,KAZ,916,Kazakhstan,1995,0,1,0,0,1,0,0,0,0,0,0,0,0,0,0,0
10/1/1995,KAZ,916,Kazakhstan,1995,0,1,0,0,1,0,0,0,0,0,0,0,0,0,0,0
1/1/1996,KAZ,916,Kazakhstan,1996,0,1,0,0,1,0,0,0,0,0,0,0,0,0,0,0
4/1/1996,KAZ,916,Kazakhstan,1996,0,1,0,0,1,0,0,0,0,0,0,0,0,0,0,0
7/1/1996,KAZ,916,Kazakhstan,1996,0,1,0,0,1,0,0,0,0,0,0,0,0,0,0,0
10/1/1996,KAZ,916,Kazakhstan,1996,0,1,0,0,1,0,0,0,0,0,0,0,0,0,0,0
1/1/1997,KAZ,916,Kazakhstan,1997,0,1,0,0,1,0,0,0,0,0,0,0,0,0,0,0
4/1/1997,KAZ,916,Kazakhstan,1997,0,1,0,0,1,0,0,0,0,0,0,0,0,0,0,0
7/1/1997,KAZ,916,Kazakhstan,1997,0,1,0,0,1,0,0,0,0,0,0,0,0,0,0,0
10/1/1997,KAZ,916,Kazakhstan,1997,0,1,0,0,1,0,0,0,0,0,0,0,0,0,0,0
1/1/1998,KAZ,916,Kazakhstan,1998,0,1,0,0,1,0,0,0,0,0,0,0,0,0,0,0
4/1/1998,KAZ,916,Kazakhstan,1998,0,1,0,0,1,0,0,0,0,0,0,0,0,0,0,0
7/1/1998,KAZ,916,Kazakhstan,1998,0,1,0,0,1,0,0,0,0,0,0,0,0,0,0,0
10/1/1998,KAZ,916,Kazakhstan,1998,0,1,0,0,1,0,0,0,0,0,0,0,0,0,0,0
1/1/1999,KAZ,916,Kazakhstan,1999,0,1,0,0,1,0,0,0,0,0,0,0,0,0,0,0
4/1/1999,KAZ,916,Kazakhstan,1999,0,1,0,0,1,0,0,0,0,0,0,0,0,0,0,0
7/1/1999,KAZ,916,Kazakhstan,1999,0,1,0,0,1,0,0,0,0,0,0,0,0,0,0,0
10/1/1999,KAZ,916,Kazakhstan,1999,0,1,0,0,1,0,0,0,0,0,0,0,0,0,0,0
1/1/2000,KAZ,916,Kazakhstan,2000,0,1,0,0,1,0,0,0,0,0,0,0,0,0,0,0
4/1/2000,KAZ,916,Kazakhstan,2000,0,1,0,0,1,0,0,0,0,0,0,0,0,0,0,0
7/1/2000,KAZ,916,Kazakhstan,2000,0,1,0,0,1,0,0,0,0,0,0,0,0,0,0,0
10/1/2000,KAZ,916,Kazakhstan,2000,0,1,0,0,1,0,0,0,0,0,0,0,0,0,0,0
1/1/2001,KAZ,916,Kazakhstan,2001,0,1,0,0,1,0,0,0,0,0,0,0,0,0,0,0
4/1/2001,KAZ,916,Kazakhstan,2001,0,1,0,0,1,0,0,0,0,0,0,0,0,0,0,0
7/1/2001,KAZ,916,Kazakhstan,2001,0,1,0,0,1,0,0,0,0,0,0,0,0,0,0,0
10/1/2001,KAZ,916,Kazakhstan,2001,0,1,0,0,1,0,0,0,0,0,0,0,0,0,0,0
1/1/2002,KAZ,916,Kazakhstan,2002,0,1,0,0,1,0,0,0,0,0,0,0,0,0,0,0
4/1/2002,KAZ,916,Kazakhstan,2002,0,1,0,0,1,0,0,0,0,0,0,0,0,0,0,0
7/1/2002,KAZ,916,Kazakhstan,2002,0,1,0,0,1,0,0,0,0,0,0,0,0,0,0,0
10/1/2002,KAZ,916,Kazakhstan,2002,0,1,0,0,1,0,0,0,0,0,0,0,0,0,0,0
1/1/2003,KAZ,916,Kazakhstan,2003,0,1,0,0,1,0,0,0,0,0,0,0,0,0,0,0
4/1/2003,KAZ,916,Kazakhstan,2003,0,1,0,0,1,0,0,0,0,0,0,0,0,0,0,0
7/1/2003,KAZ,916,Kazakhstan,2003,0,1,0,0,1,0,0,0,0,0,0,0,0,0,0,0
10/1/2003,KAZ,916,Kazakhstan,2003,0,1,0,0,1,0,0,0,0,0,0,0,0,0,0,0
1/1/2004,KAZ,916,Kazakhstan,2004,0,1,0,0,1,0,0,0,0,0,0,0,0,0,0,0
4/1/2004,KAZ,916,Kazakhstan,2004,0,1,0,0,1,0,0,0,0,0,0,0,0,0,0,0
7/1/2004,KAZ,916,Kazakhstan,2004,0,1,0,0,1,0,0,0,0,0,0,0,0,0,0,0
10/1/2004,KAZ,916,Kazakhstan,2004,0,1,0,0,1,0,0,0,0,0,0,0,0,0,0,0
1/1/2005,KAZ,916,Kazakhstan,2005,0,1,0,0,1,0,0,0,0,0,0,0,0,0,0,0
4/1/2005,KAZ,916,Kazakhstan,2005,0,1,0,0,1,0,0,0,0,0,0,0,0,0,0,0
7/1/2005,KAZ,916,Kazakhstan,2005,0,1,0,0,1,0,0,0,0,0,0,0,0,0,0,0
10/1/2005,KAZ,916,Kazakhstan,2005,0,1,0,0,1,0,0,0,0,0,0,0,0,0,0,0
1/1/2006,KAZ,916,Kazakhstan,2006,0,1,0,0,1,0,0,0,0,0,0,0,0,0,0,0
4/1/2006,KAZ,916,Kazakhstan,2006,0,1,0,0,1,0,0,0,0,0,0,0,0,0,0,0
7/1/2006,KAZ,916,Kazakhstan,2006,0,1,0,0,1,0,0,0,0,0,0,0,0,0,0,0
10/1/2006,KAZ,916,Kazakhstan,2006,0,1,0,0,1,0,0,0,0,0,0,0,0,0,0,0
1/1/2007,KAZ,916,Kazakhstan,2007,0,1,0,0,1,0,0,0,0,0,0,0,0,0,0,0
4/1/2007,KAZ,916,Kazakhstan,2007,0,1,0,0,1,0,0,0,0,0,0,0,0,0,0,0
7/1/2007,KAZ,916,Kazakhstan,2007,0,1,0,0,1,0,0,0,0,0,0,0,0,0,0,0
10/1/2007,KAZ,916,Kazakhstan,2007,0,1,0,0,1,0,0,0,0,0,0,0,0,0,0,0
1/1/2008,KAZ,916,Kazakhstan,2008,0,1,0,0,1,0,0,0,0,0,0,0,0,0,0,0
4/1/2008,KAZ,916,Kazakhstan,2008,0,1,0,0,1,0,0,0,0,0,0,0,0,0,0,0
7/1/2008,KAZ,916,Kazakhstan,2008,0,1,0,0,1,0,0,0,0,0,0,0,0,0,0,0
10/1/2008,KAZ,916,Kazakhstan,2008,0,1,0,0,1,0,0,0,0,0,0,0,0,0,0,0
1/1/2009,KAZ,916,Kazakhstan,2009,0,1,0,0,1,0,0,0,0,0,0,0,0,0,0,0
4/1/2009,KAZ,916,Kazakhstan,2009,0,1,0,0,1,0,0,0,0,0,0,0,0,0,0,0
7/1/2009,KAZ,916,Kazakhstan,2009,0,1,0,0,1,0,0,0,0,0,0,0,0,0,0,0
10/1/2009,KAZ,916,Kazakhstan,2009,0,1,0,0,1,0,0,0,0,0,0,0,0,0,0,0
1/1/2010,KAZ,916,Kazakhstan,2010,0,1,0,0,1,0,0,0,0,0,0,0,0,0,0,0
4/1/2010,KAZ,916,Kazakhstan,2010,0,1,0,0,1,0,0,0,0,0,0,0,0,0,0,0
7/1/2010,KAZ,916,Kazakhstan,2010,0,1,0,0,1,0,0,0,0,0,0,0,0,0,0,0
10/1/2010,KAZ,916,Kazakhstan,2010,0,1,0,0,1,0,0,0,0,0,0,0,0,0,0,0
1/1/2011,KAZ,916,Kazakhstan,2011,0,1,0,0,1,0,0,0,0,0,0,0,0,0,0,0
4/1/2011,KAZ,916,Kazakhstan,2011,0,1,0,0,1,0,0,0,0,0,0,0,0,0,0,0
7/1/2011,KAZ,916,Kazakhstan,2011,0,1,0,0,1,0,0,0,0,0,0,0,0,0,0,0
10/1/2011,KAZ,916,Kazakhstan,2011,0,1,0,0,1,0,0,0,0,0,0,0,0,0,0,0
1/1/2012,KAZ,916,Kazakhstan,2012,0,1,0,0,1,0,0,0,0,0,0,0,0,0,0,0
4/1/2012,KAZ,916,Kazakhstan,2012,0,1,0,0,1,0,0,0,0,0,0,0,0,0,0,0
7/1/2012,KAZ,916,Kazakhstan,2012,0,1,0,0,1,0,0,0,0,0,0,0,0,0,0,0
10/1/2012,KAZ,916,Kazakhstan,2012,0,1,0,0,1,0,0,0,0,0,0,0,0,0,0,0
1/1/2013,KAZ,916,Kazakhstan,2013,0,1,0,0,1,0,0,0,0,0,0,0,0,0,0,0
4/1/2013,KAZ,916,Kazakhstan,2013,0,1,0,0,1,0,0,0,0,0,0,0,0,0,0,0
7/1/2013,KAZ,916,Kazakhstan,2013,0,1,0,0,1,0,0,0,0,0,0,0,0,0,0,0
10/1/2013,KAZ,916,Kazakhstan,2013,0,1,0,0,1,0,0,0,0,0,0,0,0,0,0,0
1/1/2014,KAZ,916,Kazakhstan,2014,0,1,0,0,1,0,0,0,0,0,0,0,0,0,0,0
4/1/2014,KAZ,916,Kazakhstan,2014,0,1,0,0,1,0,0,0,0,0,0,0,0,0,0,0
7/1/2014,KAZ,916,Kazakhstan,2014,0,1,0,0,1,0,0,0,0,0,0,0,0,0,0,0
10/1/2014,KAZ,916,Kazakhstan,2014,0,1,0,0,1,0,0,0,0,0,0,0,0,0,0,0
1/1/2015,KAZ,916,Kazakhstan,2015,0,1,0,0,1,0,0,0,0,0,0,0,0,0,0,0
4/1/2015,KAZ,916,Kazakhstan,2015,0,1,0,0,1,0,0,0,0,0,0,0,0,0,0,0
7/1/2015,KAZ,916,Kazakhstan,2015,0,1,0,0,1,0,0,0,0,0,0,0,0,0,0,0
10/1/2015,KAZ,916,Kazakhstan,2015,0,1,0,0,1,0,0,0,0,0,0,0,0,0,0,0
1/1/2016,KAZ,916,Kazakhstan,2016,0,1,0,0,1,0,0,0,0,0,0,0,0,0,0,0
4/1/2016,KAZ,916,Kazakhstan,2016,0,1,0,0,1,0,0,0,0,0,0,0,0,0,0,0
7/1/2016,KAZ,916,Kazakhstan,2016,0,1,0,0,1,0,0,0,0,0,0,0,0,0,0,0
10/1/2016,KAZ,916,Kazakhstan,2016,0,1,0,0,1,0,0,0,0,0,0,0,0,0,0,0
1/1/2017,KAZ,916,Kazakhstan,2017,0,1,0,0,1,0,0,0,0,0,0,0,0,0,0,0
4/1/2017,KAZ,916,Kazakhstan,2017,0,1,0,0,1,0,0,0,0,0,0,0,0,0,0,0
7/1/2017,KAZ,916,Kazakhstan,2017,0,1,0,0,1,0,0,0,0,0,0,0,0,0,0,0
10/1/2017,KAZ,916,Kazakhstan,2017,0,1,0,0,1,0,0,0,0,0,0,0,0,0,0,0
1/1/2018,KAZ,916,Kazakhstan,2018,0,1,0,0,1,0,0,0,0,0,0,0,0,0,0,0
4/1/2018,KAZ,916,Kazakhstan,2018,0,1,0,0,1,0,0,0,0,0,0,0,0,0,0,0
7/1/2018,KAZ,916,Kazakhstan,2018,0,1,0,0,1,0,0,0,0,0,0,0,0,0,0,0
10/1/2018,KAZ,916,Kazakhstan,2018,0,1,0,0,1,0,0,0,0,0,0,0,0,0,0,0
1/1/2019,KAZ,916,Kazakhstan,2019,0,1,0,0,1,0,0,0,0,0,0,0,0,0,0,0
4/1/2019,KAZ,916,Kazakhstan,2019,0,1,0,0,1,0,0,0,0,0,0,0,0,0,0,0
7/1/2019,KAZ,916,Kazakhstan,2019,0,1,0,0,1,0,0,0,0,0,0,0,0,0,0,0
10/1/2019,KAZ,916,Kazakhstan,2019,0,1,0,0,1,0,0,0,0,0,0,0,0,0,0,0
1/1/2020,KAZ,916,Kazakhstan,2020,0,1,0,0,1,0,0,0,0,0,0,0,0,0,0,0
1/1/1993,KGZ,917,Kyrgyz Republic,1993,0,1,0,0,1,0,0,0,0,0,0,0,0,0,0,0
4/1/1993,KGZ,917,Kyrgyz Republic,1993,0,1,0,0,1,0,0,0,0,0,0,0,0,0,0,0
7/1/1993,KGZ,917,Kyrgyz Republic,1993,0,1,0,0,1,0,0,0,0,0,0,0,0,0,0,0
10/1/1993,KGZ,917,Kyrgyz Republic,1993,0,1,0,0,1,0,0,0,0,0,0,0,0,0,0,0
1/1/1994,KGZ,917,Kyrgyz Republic,1994,0,1,0,0,1,0,0,0,0,0,0,0,0,0,0,0
4/1/1994,KGZ,917,Kyrgyz Republic,1994,0,1,0,0,1,0,0,0,0,0,0,0,0,0,0,0
7/1/1994,KGZ,917,Kyrgyz Republic,1994,0,1,0,0,1,0,0,0,0,0,0,0,0,0,0,0
10/1/1994,KGZ,917,Kyrgyz Republic,1994,0,1,0,0,1,0,0,0,0,0,0,0,0,0,0,0
1/1/1995,KGZ,917,Kyrgyz Republic,1995,0,1,0,0,1,0,0,0,0,0,0,0,0,0,0,0
4/1/1995,KGZ,917,Kyrgyz Republic,1995,0,1,0,0,1,0,0,0,0,0,0,0,0,0,0,0
7/1/1995,KGZ,917,Kyrgyz Republic,1995,0,1,0,0,1,0,0,0,0,0,0,0,0,0,0,0
10/1/1995,KGZ,917,Kyrgyz Republic,1995,0,1,0,0,1,0,0,0,0,0,0,0,0,0,0,0
1/1/1996,KGZ,917,Kyrgyz Republic,1996,0,1,0,0,1,0,0,0,0,0,0,0,0,0,0,0
4/1/1996,KGZ,917,Kyrgyz Republic,1996,0,1,0,0,1,0,0,0,0,0,0,0,0,0,0,0
7/1/1996,KGZ,917,Kyrgyz Republic,1996,0,1,0,0,1,0,0,0,0,0,0,0,0,0,0,0
10/1/1996,KGZ,917,Kyrgyz Republic,1996,0,1,0,0,1,0,0,0,0,0,0,0,0,0,0,0
1/1/1997,KGZ,917,Kyrgyz Republic,1997,0,1,0,0,1,0,0,0,0,0,0,0,0,0,0,0
4/1/1997,KGZ,917,Kyrgyz Republic,1997,0,1,0,0,1,0,0,0,0,0,0,0,0,0,0,0
7/1/1997,KGZ,917,Kyrgyz Republic,1997,0,1,0,0,1,0,0,0,0,0,0,0,0,0,0,0
10/1/1997,KGZ,917,Kyrgyz Republic,1997,0,1,0,0,1,0,0,0,0,0,0,0,0,0,0,0
1/1/1998,KGZ,917,Kyrgyz Republic,1998,0,1,0,0,1,0,0,0,0,0,0,0,0,0,0,0
4/1/1998,KGZ,917,Kyrgyz Republic,1998,0,1,0,0,1,0,0,0,0,0,0,0,0,0,0,0
7/1/1998,KGZ,917,Kyrgyz Republic,1998,0,1,0,0,1,0,0,0,0,0,0,0,0,0,0,0
10/1/1998,KGZ,917,Kyrgyz Republic,1998,0,1,0,0,1,0,0,0,0,0,0,0,0,0,0,0
1/1/1999,KGZ,917,Kyrgyz Republic,1999,0,1,0,0,1,0,0,0,0,0,0,0,0,0,0,0
4/1/1999,KGZ,917,Kyrgyz Republic,1999,0,1,0,0,1,0,0,0,0,0,0,0,0,0,0,0
7/1/1999,KGZ,917,Kyrgyz Republic,1999,0,1,0,0,1,0,0,0,0,0,0,0,0,0,0,0
10/1/1999,KGZ,917,Kyrgyz Republic,1999,0,1,0,0,1,0,0,0,0,0,0,0,0,0,0,0
1/1/2000,KGZ,917,Kyrgyz Republic,2000,0,1,0,0,1,0,0,0,0,0,0,0,0,0,0,0
4/1/2000,KGZ,917,Kyrgyz Republic,2000,0,1,0,0,1,0,0,0,0,0,0,0,0,0,0,0
7/1/2000,KGZ,917,Kyrgyz Republic,2000,0,1,0,0,1,0,0,0,0,0,0,0,0,0,0,0
10/1/2000,KGZ,917,Kyrgyz Republic,2000,0,1,0,0,1,0,0,0,0,0,0,0,0,0,0,0
1/1/2001,KGZ,917,Kyrgyz Republic,2001,0,1,0,0,1,0,0,0,0,0,0,0,0,0,0,0
4/1/2001,KGZ,917,Kyrgyz Republic,2001,0,1,0,0,1,0,0,0,0,0,0,0,0,0,0,0
7/1/2001,KGZ,917,Kyrgyz Republic,2001,0,1,0,0,1,0,0,0,0,0,0,0,0,0,0,0
10/1/2001,KGZ,917,Kyrgyz Republic,2001,0,1,0,0,1,0,0,0,0,0,0,0,0,0,0,0
1/1/2002,KGZ,917,Kyrgyz Republic,2002,0,1,0,0,1,0,0,0,0,0,0,0,0,0,0,0
4/1/2002,KGZ,917,Kyrgyz Republic,2002,0,1,0,0,1,0,0,0,0,0,0,0,0,0,0,0
7/1/2002,KGZ,917,Kyrgyz Republic,2002,0,1,0,0,1,0,0,0,0,0,0,0,0,0,0,0
10/1/2002,KGZ,917,Kyrgyz Republic,2002,0,1,0,0,1,0,0,0,0,0,0,0,0,0,0,0
1/1/2003,KGZ,917,Kyrgyz Republic,2003,0,1,0,0,1,0,0,0,0,0,0,0,0,0,0,0
4/1/2003,KGZ,917,Kyrgyz Republic,2003,0,1,0,0,1,0,0,0,0,0,0,0,0,0,0,0
7/1/2003,KGZ,917,Kyrgyz Republic,2003,0,1,0,0,1,0,0,0,0,0,0,0,0,0,0,0
10/1/2003,KGZ,917,Kyrgyz Republic,2003,0,1,0,0,1,0,0,0,0,0,0,0,0,0,0,0
1/1/2004,KGZ,917,Kyrgyz Republic,2004,0,1,0,0,1,0,0,0,0,0,0,0,0,0,0,0
4/1/2004,KGZ,917,Kyrgyz Republic,2004,0,1,0,0,1,0,0,0,0,0,0,0,0,0,0,0
7/1/2004,KGZ,917,Kyrgyz Republic,2004,0,1,0,0,1,0,0,0,0,0,0,0,0,0,0,0
10/1/2004,KGZ,917,Kyrgyz Republic,2004,0,1,0,0,1,0,0,0,0,0,0,0,0,0,0,0
1/1/2005,KGZ,917,Kyrgyz Republic,2005,0,1,0,0,1,0,0,0,0,0,0,0,0,0,0,0
4/1/2005,KGZ,917,Kyrgyz Republic,2005,0,1,0,0,1,0,0,0,0,0,0,0,0,0,0,0
7/1/2005,KGZ,917,Kyrgyz Republic,2005,0,1,0,0,1,0,0,0,0,0,0,0,0,0,0,0
10/1/2005,KGZ,917,Kyrgyz Republic,2005,0,1,0,0,1,0,0,0,0,0,0,0,0,0,0,0
1/1/2006,KGZ,917,Kyrgyz Republic,2006,0,1,0,0,1,0,0,0,0,0,0,0,0,0,0,0
4/1/2006,KGZ,917,Kyrgyz Republic,2006,0,1,0,0,1,0,0,0,0,0,0,0,0,0,0,0
7/1/2006,KGZ,917,Kyrgyz Republic,2006,0,1,0,0,1,0,0,0,0,0,0,0,0,0,0,0
10/1/2006,KGZ,917,Kyrgyz Republic,2006,0,1,0,0,1,0,0,0,0,0,0,0,0,0,0,0
1/1/2007,KGZ,917,Kyrgyz Republic,2007,0,1,0,0,1,0,0,0,0,0,0,0,0,0,0,0
4/1/2007,KGZ,917,Kyrgyz Republic,2007,0,1,0,0,1,0,0,0,0,0,0,0,0,0,0,0
7/1/2007,KGZ,917,Kyrgyz Republic,2007,0,1,0,0,1,0,0,0,0,0,0,0,0,0,0,0
10/1/2007,KGZ,917,Kyrgyz Republic,2007,0,1,0,0,1,0,0,0,0,0,0,0,0,0,0,0
1/1/2008,KGZ,917,Kyrgyz Republic,2008,0,1,0,0,1,0,0,0,0,0,0,0,0,0,0,0
4/1/2008,KGZ,917,Kyrgyz Republic,2008,0,1,0,0,1,0,0,0,0,0,0,0,0,0,0,0
7/1/2008,KGZ,917,Kyrgyz Republic,2008,0,1,0,0,1,0,0,0,0,0,0,0,0,0,0,0
10/1/2008,KGZ,917,Kyrgyz Republic,2008,0,1,0,0,1,0,0,0,0,0,0,0,0,0,0,0
1/1/2009,KGZ,917,Kyrgyz Republic,2009,0,1,0,0,1,0,0,0,0,0,0,0,0,0,0,0
4/1/2009,KGZ,917,Kyrgyz Republic,2009,0,1,0,0,1,0,0,0,0,0,0,0,0,0,0,0
7/1/2009,KGZ,917,Kyrgyz Republic,2009,0,1,0,0,1,0,0,0,0,0,0,0,0,0,0,0
10/1/2009,KGZ,917,Kyrgyz Republic,2009,0,1,0,0,1,0,0,0,0,0,0,0,0,0,0,0
1/1/2010,KGZ,917,Kyrgyz Republic,2010,0,1,0,0,1,0,0,0,0,0,0,0,0,0,0,0
4/1/2010,KGZ,917,Kyrgyz Republic,2010,0,1,0,0,1,0,0,0,0,0,0,0,0,0,0,0
7/1/2010,KGZ,917,Kyrgyz Republic,2010,0,1,0,0,1,0,0,0,0,0,0,0,0,0,0,0
10/1/2010,KGZ,917,Kyrgyz Republic,2010,0,1,0,0,1,0,0,0,0,0,0,0,0,0,0,0
1/1/2011,KGZ,917,Kyrgyz Republic,2011,0,1,0,0,1,0,0,0,0,0,0,0,0,0,0,0
4/1/2011,KGZ,917,Kyrgyz Republic,2011,0,1,0,0,1,0,0,0,0,0,0,0,0,0,0,0
7/1/2011,KGZ,917,Kyrgyz Republic,2011,0,1,0,0,1,0,0,0,0,0,0,0,0,0,0,0
10/1/2011,KGZ,917,Kyrgyz Republic,2011,0,1,0,0,1,0,0,0,0,0,0,0,0,0,0,0
1/1/2012,KGZ,917,Kyrgyz Republic,2012,0,1,0,0,1,0,0,0,0,0,0,0,0,0,0,0
4/1/2012,KGZ,917,Kyrgyz Republic,2012,0,1,0,0,1,0,0,0,0,0,0,0,0,0,0,0
7/1/2012,KGZ,917,Kyrgyz Republic,2012,0,1,0,0,1,0,0,0,0,0,0,0,0,0,0,0
10/1/2012,KGZ,917,Kyrgyz Republic,2012,0,1,0,0,1,0,0,0,0,0,0,0,0,0,0,0
1/1/2013,KGZ,917,Kyrgyz Republic,2013,0,1,0,0,1,0,0,0,0,0,0,0,0,0,0,0
4/1/2013,KGZ,917,Kyrgyz Republic,2013,0,1,0,0,1,0,0,0,0,0,0,0,0,0,0,0
7/1/2013,KGZ,917,Kyrgyz Republic,2013,0,1,0,0,1,0,0,0,0,0,0,0,0,0,0,0
10/1/2013,KGZ,917,Kyrgyz Republic,2013,0,1,0,0,1,0,0,0,0,0,0,0,0,0,0,0
1/1/2014,KGZ,917,Kyrgyz Republic,2014,0,1,0,0,1,0,0,0,0,0,0,0,0,0,0,0
4/1/2014,KGZ,917,Kyrgyz Republic,2014,0,1,0,0,1,0,0,0,0,0,0,0,0,0,0,0
7/1/2014,KGZ,917,Kyrgyz Republic,2014,0,1,0,0,1,0,0,0,0,0,0,0,0,0,0,0
10/1/2014,KGZ,917,Kyrgyz Republic,2014,0,1,0,0,1,0,0,0,0,0,0,0,0,0,0,0
1/1/2015,KGZ,917,Kyrgyz Republic,2015,0,1,0,0,1,0,0,0,0,0,0,0,0,0,0,0
4/1/2015,KGZ,917,Kyrgyz Republic,2015,0,1,0,0,1,0,0,0,0,0,0,0,0,0,0,0
7/1/2015,KGZ,917,Kyrgyz Republic,2015,0,1,0,0,1,0,0,0,0,0,0,0,0,0,0,0
10/1/2015,KGZ,917,Kyrgyz Republic,2015,0,1,0,0,1,0,0,0,0,0,0,0,0,0,0,0
1/1/2016,KGZ,917,Kyrgyz Republic,2016,0,1,0,0,1,0,0,0,0,0,0,0,0,0,0,0
4/1/2016,KGZ,917,Kyrgyz Republic,2016,0,1,0,0,1,0,0,0,0,0,0,0,0,0,0,0
7/1/2016,KGZ,917,Kyrgyz Republic,2016,0,1,0,0,1,0,0,0,0,0,0,0,0,0,0,0
10/1/2016,KGZ,917,Kyrgyz Republic,2016,0,1,0,0,1,0,0,0,0,0,0,0,0,0,0,0
1/1/2017,KGZ,917,Kyrgyz Republic,2017,0,1,0,0,1,0,0,0,0,0,0,0,0,0,0,0
4/1/2017,KGZ,917,Kyrgyz Republic,2017,0,1,0,0,1,0,0,0,0,0,0,0,0,0,0,0
7/1/2017,KGZ,917,Kyrgyz Republic,2017,0,1,0,0,1,0,0,0,0,0,0,0,0,0,0,0
10/1/2017,KGZ,917,Kyrgyz Republic,2017,0,1,0,0,1,0,0,0,0,0,0,0,0,0,0,0
1/1/2018,KGZ,917,Kyrgyz Republic,2018,0,1,0,0,1,0,0,0,0,0,0,0,0,0,0,0
4/1/2018,KGZ,917,Kyrgyz Republic,2018,0,1,0,0,1,0,0,0,0,0,0,0,0,0,0,0
7/1/2018,KGZ,917,Kyrgyz Republic,2018,0,1,0,0,1,0,0,0,0,0,0,0,0,0,0,0
10/1/2018,KGZ,917,Kyrgyz Republic,2018,0,1,0,0,1,0,0,0,0,0,0,0,0,0,0,0
1/1/2019,KGZ,917,Kyrgyz Republic,2019,0,1,0,0,1,0,0,0,0,0,0,0,0,0,0,0
4/1/2019,KGZ,917,Kyrgyz Republic,2019,0,1,0,0,1,0,0,0,0,0,0,0,0,0,0,0
7/1/2019,KGZ,917,Kyrgyz Republic,2019,0,1,0,0,1,0,0,0,0,0,0,0,0,0,0,0
10/1/2019,KGZ,917,Kyrgyz Republic,2019,0,1,0,0,1,0,0,0,0,0,0,0,0,0,0,0
1/1/2020,KGZ,917,Kyrgyz Republic,2020,0,1,0,0,1,0,0,0,0,0,0,0,0,0,0,0
4/1/2020,KGZ,917,Kyrgyz Republic,2020,0,1,0,0,1,0,0,0,0,0,0,0,0,0,0,0
7/1/2020,KGZ,917,Kyrgyz Republic,2020,0,1,0,0,1,0,0,0,0,0,0,0,0,0,0,0
10/1/2020,KGZ,917,Kyrgyz Republic,2020,0,1,0,0,1,0,0,0,0,0,0,0,0,0,0,0
1/1/2021,KGZ,917,Kyrgyz Republic,2021,0,1,0,0,1,0,0,0,0,0,0,0,0,0,0,0
4/1/2021,KGZ,917,Kyrgyz Republic,2021,0,1,0,0,1,0,0,0,0,0,0,0,0,0,0,0
7/1/2021,KGZ,917,Kyrgyz Republic,2021,0,1,0,0,1,0,0,0,0,0,0,0,0,0,0,0
10/1/2021,KGZ,917,Kyrgyz Republic,2021,0,1,0,0,1,0,0,0,0,0,0,0,0,0,0,0
1/1/1994,BGR,918,Bulgaria,1994,0,1,1,0,1,0,0,0,0,0,0,0,0,0,0,0
4/1/1994,BGR,918,Bulgaria,1994,0,1,1,0,1,0,0,0,0,0,0,0,0,0,0,0
7/1/1994,BGR,918,Bulgaria,1994,0,1,1,0,1,0,0,0,0,0,0,0,0,0,0,0
10/1/1994,BGR,918,Bulgaria,1994,0,1,1,0,1,0,0,0,0,0,0,0,0,0,0,0
1/1/1995,BGR,918,Bulgaria,1995,0,1,1,0,1,0,0,0,0,0,0,0,0,0,0,0
4/1/1995,BGR,918,Bulgaria,1995,0,1,1,0,1,0,0,0,0,0,0,0,0,0,0,0
7/1/1995,BGR,918,Bulgaria,1995,0,1,1,0,1,0,0,0,0,0,0,0,0,0,0,0
10/1/1995,BGR,918,Bulgaria,1995,0,1,1,0,1,0,0,0,0,0,0,0,0,0,0,0
1/1/1996,BGR,918,Bulgaria,1996,0,1,1,0,1,0,0,0,0,0,0,0,0,0,0,0
4/1/1996,BGR,918,Bulgaria,1996,0,1,1,0,1,0,0,0,0,0,0,0,0,0,0,0
7/1/1996,BGR,918,Bulgaria,1996,0,1,1,0,1,0,0,0,0,0,0,0,0,0,0,0
10/1/1996,BGR,918,Bulgaria,1996,0,1,1,0,1,0,0,0,0,0,0,0,0,0,0,0
1/1/1997,BGR,918,Bulgaria,1997,0,1,1,0,1,0,0,0,0,0,0,0,0,0,0,0
4/1/1997,BGR,918,Bulgaria,1997,0,1,1,0,1,0,0,0,0,0,0,0,0,0,0,0
7/1/1997,BGR,918,Bulgaria,1997,0,1,1,0,1,0,0,0,0,0,0,0,0,0,0,0
10/1/1997,BGR,918,Bulgaria,1997,0,1,1,0,1,0,0,0,0,0,0,0,0,0,0,0
1/1/1998,BGR,918,Bulgaria,1998,0,1,1,0,1,0,0,0,0,0,0,0,0,0,0,0
4/1/1998,BGR,918,Bulgaria,1998,0,1,1,0,1,0,0,0,0,0,0,0,0,0,0,0
7/1/1998,BGR,918,Bulgaria,1998,0,1,1,0,1,0,0,0,0,0,0,0,0,0,0,0
10/1/1998,BGR,918,Bulgaria,1998,0,1,1,0,1,0,0,0,0,0,0,0,0,0,0,0
1/1/1999,BGR,918,Bulgaria,1999,0,1,1,0,1,0,0,0,0,0,0,0,0,0,0,0
4/1/1999,BGR,918,Bulgaria,1999,0,1,1,0,1,0,0,0,0,0,0,0,0,0,0,0
7/1/1999,BGR,918,Bulgaria,1999,0,1,1,0,1,0,0,0,0,0,0,0,0,0,0,0
10/1/1999,BGR,918,Bulgaria,1999,0,1,1,0,1,0,0,0,0,0,0,0,0,0,0,0
1/1/2000,BGR,918,Bulgaria,2000,0,1,1,0,1,0,0,0,0,0,0,0,0,0,0,0
4/1/2000,BGR,918,Bulgaria,2000,0,1,1,0,1,0,0,0,0,0,0,0,0,0,0,0
7/1/2000,BGR,918,Bulgaria,2000,0,1,1,0,1,0,0,0,0,0,0,0,0,0,0,0
10/1/2000,BGR,918,Bulgaria,2000,0,1,1,0,1,0,0,0,0,0,0,0,0,0,0,0
1/1/2001,BGR,918,Bulgaria,2001,0,1,1,0,1,0,0,0,0,0,0,0,0,0,0,0
4/1/2001,BGR,918,Bulgaria,2001,0,1,1,0,1,0,0,0,0,0,0,0,0,0,0,0
7/1/2001,BGR,918,Bulgaria,2001,0,1,1,0,1,0,0,0,0,0,0,0,0,0,0,0
10/1/2001,BGR,918,Bulgaria,2001,0,1,1,0,1,0,0,0,0,0,0,0,0,0,0,0
1/1/2002,BGR,918,Bulgaria,2002,0,1,1,0,1,0,0,0,0,0,0,0,0,0,0,0
4/1/2002,BGR,918,Bulgaria,2002,0,1,1,0,1,0,0,0,0,0,0,0,0,0,0,0
7/1/2002,BGR,918,Bulgaria,2002,0,1,1,0,1,0,0,0,0,0,0,0,0,0,0,0
10/1/2002,BGR,918,Bulgaria,2002,0,1,1,0,1,0,0,0,0,0,0,0,0,0,0,0
1/1/2003,BGR,918,Bulgaria,2003,0,1,1,0,1,0,0,0,0,0,0,0,0,0,0,0
4/1/2003,BGR,918,Bulgaria,2003,0,1,1,0,1,0,0,0,0,0,0,0,0,0,0,0
7/1/2003,BGR,918,Bulgaria,2003,0,1,1,0,1,0,0,0,0,0,0,0,0,0,0,0
10/1/2003,BGR,918,Bulgaria,2003,0,1,1,0,1,0,0,0,0,0,0,0,0,0,0,0
1/1/2004,BGR,918,Bulgaria,2004,0,1,1,0,1,0,0,0,0,0,0,0,0,0,0,0
4/1/2004,BGR,918,Bulgaria,2004,0,1,1,0,1,0,0,0,0,0,0,0,0,0,0,0
7/1/2004,BGR,918,Bulgaria,2004,0,1,1,0,1,0,0,0,0,0,0,0,0,0,0,0
10/1/2004,BGR,918,Bulgaria,2004,0,1,1,0,1,0,0,0,0,0,0,0,0,0,0,0
1/1/2005,BGR,918,Bulgaria,2005,0,1,1,0,1,0,0,0,0,0,0,0,0,0,0,0
4/1/2005,BGR,918,Bulgaria,2005,0,1,1,0,1,0,0,0,0,0,0,0,0,0,0,0
7/1/2005,BGR,918,Bulgaria,2005,0,1,1,0,1,0,0,0,0,0,0,0,0,0,0,0
10/1/2005,BGR,918,Bulgaria,2005,0,1,1,0,1,0,0,0,0,0,0,0,0,0,0,0
1/1/2006,BGR,918,Bulgaria,2006,0,1,1,0,1,0,0,0,0,0,0,0,0,0,0,0
4/1/2006,BGR,918,Bulgaria,2006,0,1,1,0,1,0,0,0,0,0,0,0,0,0,0,0
7/1/2006,BGR,918,Bulgaria,2006,0,1,1,0,1,0,0,0,0,0,0,0,0,0,0,0
10/1/2006,BGR,918,Bulgaria,2006,0,1,1,0,1,0,0,0,0,0,0,0,0,0,0,0
1/1/2007,BGR,918,Bulgaria,2007,0,1,1,0,1,0,0,0,0,0,0,0,0,0,0,0
4/1/2007,BGR,918,Bulgaria,2007,0,1,1,0,1,0,0,0,0,0,0,0,0,0,0,0
7/1/2007,BGR,918,Bulgaria,2007,0,1,1,0,1,0,0,0,0,0,0,0,0,0,0,0
10/1/2007,BGR,918,Bulgaria,2007,0,1,1,0,1,0,0,0,0,0,0,0,0,0,0,0
1/1/2008,BGR,918,Bulgaria,2008,0,1,1,0,1,0,0,0,0,0,0,0,0,0,0,0
4/1/2008,BGR,918,Bulgaria,2008,0,1,1,0,1,0,0,0,0,0,0,0,0,0,0,0
7/1/2008,BGR,918,Bulgaria,2008,0,1,1,0,1,0,0,0,0,0,0,0,0,0,0,0
10/1/2008,BGR,918,Bulgaria,2008,0,1,1,0,1,0,0,0,0,0,0,0,0,0,0,0
1/1/2009,BGR,918,Bulgaria,2009,0,1,1,0,1,0,0,0,0,0,0,0,0,0,0,0
4/1/2009,BGR,918,Bulgaria,2009,0,1,1,0,1,0,0,0,0,0,0,0,0,0,0,0
7/1/2009,BGR,918,Bulgaria,2009,0,1,1,0,1,0,0,0,0,0,0,0,0,0,0,0
10/1/2009,BGR,918,Bulgaria,2009,0,1,1,0,1,0,0,0,0,0,0,0,0,0,0,0
1/1/2010,BGR,918,Bulgaria,2010,0,1,1,0,1,0,0,0,0,0,0,0,0,0,0,0
4/1/2010,BGR,918,Bulgaria,2010,0,1,1,0,1,0,0,0,0,0,0,0,0,0,0,0
7/1/2010,BGR,918,Bulgaria,2010,0,1,1,0,1,0,0,0,0,0,0,0,0,0,0,0
10/1/2010,BGR,918,Bulgaria,2010,0,1,1,0,1,0,0,0,0,0,0,0,0,0,0,0
1/1/2011,BGR,918,Bulgaria,2011,0,1,1,0,1,0,0,0,0,0,0,0,0,0,0,0
4/1/2011,BGR,918,Bulgaria,2011,0,1,1,0,1,0,0,0,0,0,0,0,0,0,0,0
7/1/2011,BGR,918,Bulgaria,2011,0,1,1,0,1,0,0,0,0,0,0,0,0,0,0,0
10/1/2011,BGR,918,Bulgaria,2011,0,1,1,0,1,0,0,0,0,0,0,0,0,0,0,0
1/1/2012,BGR,918,Bulgaria,2012,0,1,1,0,1,0,0,0,0,0,0,0,0,0,0,0
4/1/2012,BGR,918,Bulgaria,2012,0,1,1,0,1,0,0,0,0,0,0,0,0,0,0,0
7/1/2012,BGR,918,Bulgaria,2012,0,1,1,0,1,0,0,0,0,0,0,0,0,0,0,0
10/1/2012,BGR,918,Bulgaria,2012,0,1,1,0,1,0,0,0,0,0,0,0,0,0,0,0
1/1/2013,BGR,918,Bulgaria,2013,0,1,1,0,1,0,0,0,0,0,0,0,0,0,0,0
4/1/2013,BGR,918,Bulgaria,2013,0,1,1,0,1,0,0,0,0,0,0,0,0,0,0,0
7/1/2013,BGR,918,Bulgaria,2013,0,1,1,0,1,0,0,0,0,0,0,0,0,0,0,0
10/1/2013,BGR,918,Bulgaria,2013,0,1,1,0,1,0,0,0,0,0,0,0,0,0,0,0
1/1/2014,BGR,918,Bulgaria,2014,0,1,1,0,1,0,0,0,0,0,0,0,0,0,0,0
4/1/2014,BGR,918,Bulgaria,2014,0,1,1,0,1,0,0,0,0,0,0,0,0,0,0,0
7/1/2014,BGR,918,Bulgaria,2014,0,1,1,0,1,0,0,0,0,0,0,0,0,0,0,0
10/1/2014,BGR,918,Bulgaria,2014,0,1,1,0,1,0,0,0,0,0,0,0,0,0,0,0
1/1/2015,BGR,918,Bulgaria,2015,0,1,1,0,1,0,0,0,0,0,0,0,0,0,0,0
4/1/2015,BGR,918,Bulgaria,2015,0,1,1,0,1,0,0,0,0,0,0,0,0,0,0,0
7/1/2015,BGR,918,Bulgaria,2015,0,1,1,0,1,0,0,0,0,0,0,0,0,0,0,0
10/1/2015,BGR,918,Bulgaria,2015,0,1,1,0,1,0,0,0,0,0,0,0,0,0,0,0
1/1/2016,BGR,918,Bulgaria,2016,0,1,1,0,1,0,0,0,0,0,0,0,0,0,0,0
4/1/2016,BGR,918,Bulgaria,2016,0,1,1,0,1,0,0,0,0,0,0,0,0,0,0,0
7/1/2016,BGR,918,Bulgaria,2016,0,1,1,0,1,0,0,0,0,0,0,0,0,0,0,0
10/1/2016,BGR,918,Bulgaria,2016,0,1,1,0,1,0,0,0,0,0,0,0,0,0,0,0
1/1/2017,BGR,918,Bulgaria,2017,0,1,1,0,1,0,0,0,0,0,0,0,0,0,0,0
4/1/2017,BGR,918,Bulgaria,2017,0,1,1,0,1,0,0,0,0,0,0,0,0,0,0,0
7/1/2017,BGR,918,Bulgaria,2017,0,1,1,0,1,0,0,0,0,0,0,0,0,0,0,0
10/1/2017,BGR,918,Bulgaria,2017,0,1,1,0,1,0,0,0,0,0,0,0,0,0,0,0
1/1/2018,BGR,918,Bulgaria,2018,0,1,1,0,1,0,0,0,0,0,0,0,0,0,0,0
4/1/2018,BGR,918,Bulgaria,2018,0,1,1,0,1,0,0,0,0,0,0,0,0,0,0,0
7/1/2018,BGR,918,Bulgaria,2018,0,1,1,0,1,0,0,0,0,0,0,0,0,0,0,0
10/1/2018,BGR,918,Bulgaria,2018,0,1,1,0,1,0,0,0,0,0,0,0,0,0,0,0
1/1/2019,BGR,918,Bulgaria,2019,0,1,1,0,1,0,0,0,0,0,0,0,0,0,0,0
4/1/2019,BGR,918,Bulgaria,2019,0,1,1,0,1,0,0,0,0,0,0,0,0,0,0,0
7/1/2019,BGR,918,Bulgaria,2019,0,1,1,0,1,0,0,0,0,0,0,0,0,0,0,0
10/1/2019,BGR,918,Bulgaria,2019,0,1,1,0,1,0,0,0,0,0,0,0,0,0,0,0
1/1/2020,BGR,918,Bulgaria,2020,0,1,1,0,1,0,0,0,0,0,0,0,0,0,0,0
4/1/2020,BGR,918,Bulgaria,2020,0,1,1,0,1,0,0,0,0,0,0,0,0,0,0,0
7/1/2020,BGR,918,Bulgaria,2020,0,1,1,0,1,0,0,0,0,0,0,0,0,0,0,0
10/1/2020,BGR,918,Bulgaria,2020,0,1,1,0,1,0,0,0,0,0,0,0,0,0,0,0
1/1/2021,BGR,918,Bulgaria,2021,0,1,1,0,1,0,0,0,0,0,0,0,0,0,0,0
4/1/2021,BGR,918,Bulgaria,2021,0,1,1,0,1,0,0,0,0,0,0,0,0,0,0,0
7/1/2021,BGR,918,Bulgaria,2021,0,1,1,0,1,0,0,0,0,0,0,0,0,0,0,0
10/1/2021,BGR,918,Bulgaria,2021,0,1,1,0,1,0,0,0,0,0,0,0,0,0,0,0
1/1/2022,BGR,918,Bulgaria,2022,0,1,1,0,1,0,0,0,0,0,0,0,0,0,0,0
4/1/2022,BGR,918,Bulgaria,2022,0,1,1,0,1,0,0,0,0,0,0,0,0,0,0,0
7/1/2022,BGR,918,Bulgaria,2022,0,1,1,0,1,0,0,0,0,0,0,0,0,0,0,0
10/1/2022,BGR,918,Bulgaria,2022,0,1,1,0,1,0,0,0,0,0,0,0,0,0,0,0
1/1/2023,BGR,918,Bulgaria,2023,0,1,1,0,1,0,0,0,0,0,0,0,0,0,0,0
4/1/2023,BGR,918,Bulgaria,2023,0,1,1,0,1,0,0,0,0,0,0,0,0,0,0,0
7/1/2023,BGR,918,Bulgaria,2023,0,1,1,0,1,0,0,0,0,0,0,0,0,0,0,0
10/1/2023,BGR,918,Bulgaria,2023,0,1,1,0,1,0,0,0,0,0,0,0,0,0,0,0
1/1/2024,BGR,918,Bulgaria,2024,0,1,1,0,1,0,0,0,0,0,0,0,0,0,0,0
4/1/2024,BGR,918,Bulgaria,2024,0,1,1,0,1,0,0,0,0,0,0,0,0,0,0,0
7/1/2024,BGR,918,Bulgaria,2024,0,1,1,0,1,0,0,0,0,0,0,0,0,0,0,0
10/1/2024,BGR,918,Bulgaria,2024,0,1,1,0,1,0,0,0,0,0,0,0,0,0,0,0
1/1/1995,MDA,921,Moldova,1995,0,1,0,0,1,0,0,0,0,0,0,0,0,0,0,0
4/1/1995,MDA,921,Moldova,1995,0,1,0,0,1,0,0,0,0,0,0,0,0,0,0,0
7/1/1995,MDA,921,Moldova,1995,0,1,0,0,1,0,0,0,0,0,0,0,0,0,0,0
10/1/1995,MDA,921,Moldova,1995,0,1,0,0,1,0,0,0,0,0,0,0,0,0,0,0
1/1/1996,MDA,921,Moldova,1996,0,1,0,0,1,0,0,0,0,0,0,0,0,0,0,0
4/1/1996,MDA,921,Moldova,1996,0,1,0,0,1,0,0,0,0,0,0,0,0,0,0,0
7/1/1996,MDA,921,Moldova,1996,0,1,0,0,1,0,0,0,0,0,0,0,0,0,0,0
10/1/1996,MDA,921,Moldova,1996,0,1,0,0,1,0,0,0,0,0,0,0,0,0,0,0
1/1/1997,MDA,921,Moldova,1997,0,1,0,0,1,0,0,0,0,0,0,0,0,0,0,0
4/1/1997,MDA,921,Moldova,1997,0,1,0,0,1,0,0,0,0,0,0,0,0,0,0,0
7/1/1997,MDA,921,Moldova,1997,0,1,0,0,1,0,0,0,0,0,0,0,0,0,0,0
10/1/1997,MDA,921,Moldova,1997,0,1,0,0,1,0,0,0,0,0,0,0,0,0,0,0
1/1/1998,MDA,921,Moldova,1998,0,1,0,0,1,0,0,0,0,0,0,0,0,0,0,0
4/1/1998,MDA,921,Moldova,1998,0,1,0,0,1,0,0,0,0,0,0,0,0,0,0,0
7/1/1998,MDA,921,Moldova,1998,0,1,0,0,1,0,0,0,0,0,0,0,0,0,0,0
10/1/1998,MDA,921,Moldova,1998,0,1,0,0,1,0,0,0,0,0,0,0,0,0,0,0
1/1/1999,MDA,921,Moldova,1999,0,1,0,0,1,0,0,0,0,0,0,0,0,0,0,0
4/1/1999,MDA,921,Moldova,1999,0,1,0,0,1,0,0,0,0,0,0,0,0,0,0,0
7/1/1999,MDA,921,Moldova,1999,0,1,0,0,1,0,0,0,0,0,0,0,0,0,0,0
10/1/1999,MDA,921,Moldova,1999,0,1,0,0,1,0,0,0,0,0,0,0,0,0,0,0
1/1/2000,MDA,921,Moldova,2000,0,1,0,0,1,0,0,0,0,0,0,0,0,0,0,0
4/1/2000,MDA,921,Moldova,2000,0,1,0,0,1,0,0,0,0,0,0,0,0,0,0,0
7/1/2000,MDA,921,Moldova,2000,0,1,0,0,1,0,0,0,0,0,0,0,0,0,0,0
10/1/2000,MDA,921,Moldova,2000,0,1,0,0,1,0,0,0,0,0,0,0,0,0,0,0
1/1/2001,MDA,921,Moldova,2001,0,1,0,0,1,0,0,0,0,0,0,0,0,0,0,0
4/1/2001,MDA,921,Moldova,2001,0,1,0,0,1,0,0,0,0,0,0,0,0,0,0,0
7/1/2001,MDA,921,Moldova,2001,0,1,0,0,1,0,0,0,0,0,0,0,0,0,0,0
10/1/2001,MDA,921,Moldova,2001,0,1,0,0,1,0,0,0,0,0,0,0,0,0,0,0
1/1/2002,MDA,921,Moldova,2002,0,1,0,0,1,0,0,0,0,0,0,0,0,0,0,0
4/1/2002,MDA,921,Moldova,2002,0,1,0,0,1,0,0,0,0,0,0,0,0,0,0,0
7/1/2002,MDA,921,Moldova,2002,0,1,0,0,1,0,0,0,0,0,0,0,0,0,0,0
10/1/2002,MDA,921,Moldova,2002,0,1,0,0,1,0,0,0,0,0,0,0,0,0,0,0
1/1/2003,MDA,921,Moldova,2003,0,1,0,0,1,0,0,0,0,0,0,0,0,0,0,0
4/1/2003,MDA,921,Moldova,2003,0,1,0,0,1,0,0,0,0,0,0,0,0,0,0,0
7/1/2003,MDA,921,Moldova,2003,0,1,0,0,1,0,0,0,0,0,0,0,0,0,0,0
10/1/2003,MDA,921,Moldova,2003,0,1,0,0,1,0,0,0,0,0,0,0,0,0,0,0
1/1/2004,MDA,921,Moldova,2004,0,1,0,0,1,0,0,0,0,0,0,0,0,0,0,0
4/1/2004,MDA,921,Moldova,2004,0,1,0,0,1,0,0,0,0,0,0,0,0,0,0,0
7/1/2004,MDA,921,Moldova,2004,0,1,0,0,1,0,0,0,0,0,0,0,0,0,0,0
10/1/2004,MDA,921,Moldova,2004,0,1,0,0,1,0,0,0,0,0,0,0,0,0,0,0
1/1/2005,MDA,921,Moldova,2005,0,1,0,0,1,0,0,0,0,0,0,0,0,0,0,0
4/1/2005,MDA,921,Moldova,2005,0,1,0,0,1,0,0,0,0,0,0,0,0,0,0,0
7/1/2005,MDA,921,Moldova,2005,0,1,0,0,1,0,0,0,0,0,0,0,0,0,0,0
10/1/2005,MDA,921,Moldova,2005,0,1,0,0,1,0,0,0,0,0,0,0,0,0,0,0
1/1/2006,MDA,921,Moldova,2006,0,1,0,0,1,0,0,0,0,0,0,0,0,0,0,0
4/1/2006,MDA,921,Moldova,2006,0,1,0,0,1,0,0,0,0,0,0,0,0,0,0,0
7/1/2006,MDA,921,Moldova,2006,0,1,0,0,1,0,0,0,0,0,0,0,0,0,0,0
10/1/2006,MDA,921,Moldova,2006,0,1,0,0,1,0,0,0,0,0,0,0,0,0,0,0
1/1/2007,MDA,921,Moldova,2007,0,1,0,0,1,0,0,0,0,0,0,0,0,0,0,0
4/1/2007,MDA,921,Moldova,2007,0,1,0,0,1,0,0,0,0,0,0,0,0,0,0,0
7/1/2007,MDA,921,Moldova,2007,0,1,0,0,1,0,0,0,0,0,0,0,0,0,0,0
10/1/2007,MDA,921,Moldova,2007,0,1,0,0,1,0,0,0,0,0,0,0,0,0,0,0
1/1/2008,MDA,921,Moldova,2008,0,1,0,0,1,0,0,0,0,0,0,0,0,0,0,0
4/1/2008,MDA,921,Moldova,2008,0,1,0,0,1,0,0,0,0,0,0,0,0,0,0,0
7/1/2008,MDA,921,Moldova,2008,0,1,0,0,1,0,0,0,0,0,0,0,0,0,0,0
10/1/2008,MDA,921,Moldova,2008,0,1,0,0,1,0,0,0,0,0,0,0,0,0,0,0
1/1/2009,MDA,921,Moldova,2009,0,1,0,0,1,0,0,0,0,0,0,0,0,0,0,0
4/1/2009,MDA,921,Moldova,2009,0,1,0,0,1,0,0,0,0,0,0,0,0,0,0,0
7/1/2009,MDA,921,Moldova,2009,0,1,0,0,1,0,0,0,0,0,0,0,0,0,0,0
10/1/2009,MDA,921,Moldova,2009,0,1,0,0,1,0,0,0,0,0,0,0,0,0,0,0
1/1/2010,MDA,921,Moldova,2010,0,1,0,0,1,0,0,0,0,0,0,0,0,0,0,0
4/1/2010,MDA,921,Moldova,2010,0,1,0,0,1,0,0,0,0,0,0,0,0,0,0,0
7/1/2010,MDA,921,Moldova,2010,0,1,0,0,1,0,0,0,0,0,0,0,0,0,0,0
10/1/2010,MDA,921,Moldova,2010,0,1,0,0,1,0,0,0,0,0,0,0,0,0,0,0
1/1/2011,MDA,921,Moldova,2011,0,1,0,0,1,0,0,0,0,0,0,0,0,0,0,0
4/1/2011,MDA,921,Moldova,2011,0,1,0,0,1,0,0,0,0,0,0,0,0,0,0,0
7/1/2011,MDA,921,Moldova,2011,0,1,0,0,1,0,0,0,0,0,0,0,0,0,0,0
10/1/2011,MDA,921,Moldova,2011,0,1,0,0,1,0,0,0,0,0,0,0,0,0,0,0
1/1/2012,MDA,921,Moldova,2012,0,1,0,0,1,0,0,0,0,0,0,0,0,0,0,0
4/1/2012,MDA,921,Moldova,2012,0,1,0,0,1,0,0,0,0,0,0,0,0,0,0,0
7/1/2012,MDA,921,Moldova,2012,0,1,0,0,1,0,0,0,0,0,0,0,0,0,0,0
10/1/2012,MDA,921,Moldova,2012,0,1,0,0,1,0,0,0,0,0,0,0,0,0,0,0
1/1/2013,MDA,921,Moldova,2013,0,1,0,0,1,0,0,0,0,0,0,0,0,0,0,0
4/1/2013,MDA,921,Moldova,2013,0,1,0,0,1,0,0,0,0,0,0,0,0,0,0,0
7/1/2013,MDA,921,Moldova,2013,0,1,0,0,1,0,0,0,0,0,0,0,0,0,0,0
10/1/2013,MDA,921,Moldova,2013,0,1,0,0,1,0,0,0,0,0,0,0,0,0,0,0
1/1/2014,MDA,921,Moldova,2014,0,1,0,0,1,0,0,0,0,0,0,0,0,0,0,0
4/1/2014,MDA,921,Moldova,2014,0,1,0,0,1,0,0,0,0,0,0,0,0,0,0,0
7/1/2014,MDA,921,Moldova,2014,0,1,0,0,1,0,0,0,0,0,0,0,0,0,0,0
10/1/2014,MDA,921,Moldova,2014,0,1,0,0,1,0,0,0,0,0,0,0,0,0,0,0
1/1/2015,MDA,921,Moldova,2015,0,1,0,0,1,0,0,0,0,0,0,0,0,0,0,0
4/1/2015,MDA,921,Moldova,2015,0,1,0,0,1,0,0,0,0,0,0,0,0,0,0,0
7/1/2015,MDA,921,Moldova,2015,0,1,0,0,1,0,0,0,0,0,0,0,0,0,0,0
10/1/2015,MDA,921,Moldova,2015,0,1,0,0,1,0,0,0,0,0,0,0,0,0,0,0
1/1/2016,MDA,921,Moldova,2016,0,1,0,0,1,0,0,0,0,0,0,0,0,0,0,0
4/1/2016,MDA,921,Moldova,2016,0,1,0,0,1,0,0,0,0,0,0,0,0,0,0,0
7/1/2016,MDA,921,Moldova,2016,0,1,0,0,1,0,0,0,0,0,0,0,0,0,0,0
10/1/2016,MDA,921,Moldova,2016,0,1,0,0,1,0,0,0,0,0,0,0,0,0,0,0
1/1/2017,MDA,921,Moldova,2017,0,1,0,0,1,0,0,0,0,0,0,0,0,0,0,0
4/1/2017,MDA,921,Moldova,2017,0,1,0,0,1,0,0,0,0,0,0,0,0,0,0,0
7/1/2017,MDA,921,Moldova,2017,0,1,0,0,1,0,0,0,0,0,0,0,0,0,0,0
10/1/2017,MDA,921,Moldova,2017,0,1,0,0,1,0,0,0,0,0,0,0,0,0,0,0
1/1/2018,MDA,921,Moldova,2018,0,1,0,0,1,0,0,0,0,0,0,0,0,0,0,0
4/1/2018,MDA,921,Moldova,2018,0,1,0,0,1,0,0,0,0,0,0,0,0,0,0,0
7/1/2018,MDA,921,Moldova,2018,0,1,0,0,1,0,0,0,0,0,0,0,0,0,0,0
10/1/2018,MDA,921,Moldova,2018,0,1,0,0,1,0,0,0,0,0,0,0,0,0,0,0
1/1/2019,MDA,921,Moldova,2019,0,1,0,0,1,0,0,0,0,0,0,0,0,0,0,0
4/1/2019,MDA,921,Moldova,2019,0,1,0,0,1,0,0,0,0,0,0,0,0,0,0,0
7/1/2019,MDA,921,Moldova,2019,0,1,0,0,1,0,0,0,0,0,0,0,0,0,0,0
10/1/2019,MDA,921,Moldova,2019,0,1,0,0,1,0,0,0,0,0,0,0,0,0,0,0
1/1/2020,MDA,921,Moldova,2020,0,1,0,0,1,0,0,0,0,0,0,0,0,0,0,0
1/1/1994,RUS,922,Russia,1994,0,1,1,0,1,0,0,0,0,0,0,0,1,0,0,0
4/1/1994,RUS,922,Russia,1994,0,1,1,0,1,0,0,0,0,0,0,0,1,0,0,0
7/1/1994,RUS,922,Russia,1994,0,1,1,0,1,0,0,0,0,0,0,0,1,0,0,0
10/1/1994,RUS,922,Russia,1994,0,1,1,0,1,0,0,0,0,0,0,0,1,0,0,0
1/1/1995,RUS,922,Russia,1995,0,1,1,0,1,0,0,0,0,0,0,0,1,0,0,0
4/1/1995,RUS,922,Russia,1995,0,1,1,0,1,0,0,0,0,0,0,0,1,0,0,0
7/1/1995,RUS,922,Russia,1995,0,1,1,0,1,0,0,0,0,0,0,0,1,0,0,0
10/1/1995,RUS,922,Russia,1995,0,1,1,0,1,0,0,0,0,0,0,0,1,0,0,0
1/1/1996,RUS,922,Russia,1996,0,1,1,0,1,0,0,0,0,0,0,0,1,0,0,0
4/1/1996,RUS,922,Russia,1996,0,1,1,0,1,0,0,0,0,0,0,0,1,0,0,0
7/1/1996,RUS,922,Russia,1996,0,1,1,0,1,0,0,0,0,0,0,0,1,0,0,0
10/1/1996,RUS,922,Russia,1996,0,1,1,0,1,0,0,0,0,0,0,0,1,0,0,0
1/1/1997,RUS,922,Russia,1997,0,1,1,0,1,0,0,0,0,0,0,0,1,0,0,0
4/1/1997,RUS,922,Russia,1997,0,1,1,0,1,0,0,0,0,0,0,0,1,0,0,0
7/1/1997,RUS,922,Russia,1997,0,1,1,0,1,0,0,0,0,0,0,0,1,0,0,0
10/1/1997,RUS,922,Russia,1997,0,1,1,0,1,0,0,0,0,0,0,0,1,0,0,0
1/1/1998,RUS,922,Russia,1998,0,1,1,0,1,0,0,0,0,0,0,0,1,0,0,0
4/1/1998,RUS,922,Russia,1998,0,1,1,0,1,0,0,0,0,0,0,0,1,0,0,0
7/1/1998,RUS,922,Russia,1998,0,1,1,0,1,0,0,0,0,0,0,0,1,0,0,0
10/1/1998,RUS,922,Russia,1998,0,1,1,0,1,0,0,0,0,0,0,0,1,0,0,0
1/1/1999,RUS,922,Russia,1999,0,1,1,0,1,0,0,0,0,0,0,0,1,0,0,0
4/1/1999,RUS,922,Russia,1999,0,1,1,0,1,0,0,0,0,0,0,0,1,0,0,0
7/1/1999,RUS,922,Russia,1999,0,1,1,0,1,0,0,0,0,0,0,0,1,0,0,0
10/1/1999,RUS,922,Russia,1999,0,1,1,0,1,0,0,0,0,0,0,0,1,0,0,0
1/1/2000,RUS,922,Russia,2000,0,1,1,0,1,0,0,0,0,0,0,0,1,0,0,0
4/1/2000,RUS,922,Russia,2000,0,1,1,0,1,0,0,0,0,0,0,0,1,0,0,0
7/1/2000,RUS,922,Russia,2000,0,1,1,0,1,0,0,0,0,0,0,0,1,0,0,0
10/1/2000,RUS,922,Russia,2000,0,1,1,0,1,0,0,0,0,0,0,0,1,0,0,0
1/1/2001,RUS,922,Russia,2001,0,1,1,0,1,0,0,0,0,0,0,0,1,0,0,0
4/1/2001,RUS,922,Russia,2001,0,1,1,0,1,0,0,0,0,0,0,0,1,0,0,0
7/1/2001,RUS,922,Russia,2001,0,1,1,0,1,0,0,0,0,0,0,0,1,0,0,0
10/1/2001,RUS,922,Russia,2001,0,1,1,0,1,0,0,0,0,0,0,0,1,0,0,0
1/1/2002,RUS,922,Russia,2002,0,1,1,0,1,0,0,0,0,0,0,0,1,0,0,0
4/1/2002,RUS,922,Russia,2002,0,1,1,0,1,0,0,0,0,0,0,0,1,0,0,0
7/1/2002,RUS,922,Russia,2002,0,1,1,0,1,0,0,0,0,0,0,0,1,0,0,0
10/1/2002,RUS,922,Russia,2002,0,1,1,0,1,0,0,0,0,0,0,0,1,0,0,0
1/1/2003,RUS,922,Russia,2003,0,1,1,0,1,0,0,0,0,0,0,0,1,0,0,0
4/1/2003,RUS,922,Russia,2003,0,1,1,0,1,0,0,0,0,0,0,0,1,0,0,0
7/1/2003,RUS,922,Russia,2003,0,1,1,0,1,0,0,0,0,0,0,0,1,0,0,0
10/1/2003,RUS,922,Russia,2003,0,1,1,0,1,0,0,0,0,0,0,0,1,0,0,0
1/1/2004,RUS,922,Russia,2004,0,1,1,0,1,0,0,0,0,0,0,0,1,0,0,0
4/1/2004,RUS,922,Russia,2004,0,1,1,0,1,0,0,0,0,0,0,0,1,0,0,0
7/1/2004,RUS,922,Russia,2004,0,1,1,0,1,0,0,0,0,0,0,0,1,0,0,0
10/1/2004,RUS,922,Russia,2004,0,1,1,0,1,0,0,0,0,0,0,0,1,0,0,0
1/1/2005,RUS,922,Russia,2005,0,1,1,0,1,0,0,0,0,0,0,0,1,0,0,0
4/1/2005,RUS,922,Russia,2005,0,1,1,0,1,0,0,0,0,0,0,0,1,0,0,0
7/1/2005,RUS,922,Russia,2005,0,1,1,0,1,0,0,0,0,0,0,0,1,0,0,0
10/1/2005,RUS,922,Russia,2005,0,1,1,0,1,0,0,0,0,0,0,0,1,0,0,0
1/1/2006,RUS,922,Russia,2006,0,1,1,0,1,0,0,0,0,0,0,0,1,0,0,0
4/1/2006,RUS,922,Russia,2006,0,1,1,0,1,0,0,0,0,0,0,0,1,0,0,0
7/1/2006,RUS,922,Russia,2006,0,1,1,0,1,0,0,0,0,0,0,0,1,0,0,0
10/1/2006,RUS,922,Russia,2006,0,1,1,0,1,0,0,0,0,0,0,0,1,0,0,0
1/1/2007,RUS,922,Russia,2007,0,1,1,0,1,0,0,0,0,0,0,0,1,0,0,0
4/1/2007,RUS,922,Russia,2007,0,1,1,0,1,0,0,0,0,0,0,0,1,0,0,0
7/1/2007,RUS,922,Russia,2007,0,1,1,0,1,0,0,0,0,0,0,0,1,0,0,0
10/1/2007,RUS,922,Russia,2007,0,1,1,0,1,0,0,0,0,0,0,0,1,0,0,0
1/1/2008,RUS,922,Russia,2008,0,1,1,0,1,0,0,0,0,0,0,0,1,0,0,0
4/1/2008,RUS,922,Russia,2008,0,1,1,0,1,0,0,0,0,0,0,0,1,0,0,0
7/1/2008,RUS,922,Russia,2008,0,1,1,0,1,0,0,0,0,0,0,0,1,0,0,0
10/1/2008,RUS,922,Russia,2008,0,1,1,0,1,0,0,0,0,0,0,0,1,0,0,0
1/1/2009,RUS,922,Russia,2009,0,1,1,0,1,0,0,0,0,0,0,0,1,0,0,0
4/1/2009,RUS,922,Russia,2009,0,1,1,0,1,0,0,0,0,0,0,0,1,0,0,0
7/1/2009,RUS,922,Russia,2009,0,1,1,0,1,0,0,0,0,0,0,0,1,0,0,0
10/1/2009,RUS,922,Russia,2009,0,1,1,0,1,0,0,0,0,0,0,0,1,0,0,0
1/1/2010,RUS,922,Russia,2010,0,1,1,0,1,0,0,0,0,0,0,0,1,0,0,0
4/1/2010,RUS,922,Russia,2010,0,1,1,0,1,0,0,0,0,0,0,0,1,0,0,0
7/1/2010,RUS,922,Russia,2010,0,1,1,0,1,0,0,0,0,0,0,0,1,0,0,0
10/1/2010,RUS,922,Russia,2010,0,1,1,0,1,0,0,0,0,0,0,0,1,0,0,0
1/1/2011,RUS,922,Russia,2011,0,1,1,0,1,0,0,0,0,0,0,0,1,0,0,0
4/1/2011,RUS,922,Russia,2011,0,1,1,0,1,0,0,0,0,0,0,0,1,0,0,0
7/1/2011,RUS,922,Russia,2011,0,1,1,0,1,0,0,0,0,0,0,0,1,0,0,0
10/1/2011,RUS,922,Russia,2011,0,1,1,0,1,0,0,0,0,0,0,0,1,0,0,0
1/1/2012,RUS,922,Russia,2012,0,1,1,0,1,0,0,0,0,0,0,0,1,0,0,0
4/1/2012,RUS,922,Russia,2012,0,1,1,0,1,0,0,0,0,0,0,0,1,0,0,0
7/1/2012,RUS,922,Russia,2012,0,1,1,0,1,0,0,0,0,0,0,0,1,0,0,0
10/1/2012,RUS,922,Russia,2012,0,1,1,0,1,0,0,0,0,0,0,0,1,0,0,0
1/1/2013,RUS,922,Russia,2013,0,1,1,0,1,0,0,0,0,0,0,0,1,0,0,0
4/1/2013,RUS,922,Russia,2013,0,1,1,0,1,0,0,0,0,0,0,0,1,0,0,0
7/1/2013,RUS,922,Russia,2013,0,1,1,0,1,0,0,0,0,0,0,0,1,0,0,0
10/1/2013,RUS,922,Russia,2013,0,1,1,0,1,0,0,0,0,0,0,0,1,0,0,0
1/1/2014,RUS,922,Russia,2014,0,1,1,0,1,0,0,0,0,0,0,0,1,0,0,0
4/1/2014,RUS,922,Russia,2014,0,1,1,0,1,0,0,0,0,0,0,0,1,0,0,0
7/1/2014,RUS,922,Russia,2014,0,1,1,0,1,0,0,0,0,0,0,0,1,0,0,0
10/1/2014,RUS,922,Russia,2014,0,1,1,0,1,0,0,0,0,0,0,0,1,0,0,0
1/1/2015,RUS,922,Russia,2015,0,1,1,0,1,0,0,0,0,0,0,0,1,0,0,0
4/1/2015,RUS,922,Russia,2015,0,1,1,0,1,0,0,0,0,0,0,0,1,0,0,0
7/1/2015,RUS,922,Russia,2015,0,1,1,0,1,0,0,0,0,0,0,0,1,0,0,0
10/1/2015,RUS,922,Russia,2015,0,1,1,0,1,0,0,0,0,0,0,0,1,0,0,0
1/1/2016,RUS,922,Russia,2016,0,1,1,0,1,0,0,0,0,0,0,0,1,0,0,0
4/1/2016,RUS,922,Russia,2016,0,1,1,0,1,0,0,0,0,0,0,0,1,0,0,0
7/1/2016,RUS,922,Russia,2016,0,1,1,0,1,0,0,0,0,0,0,0,1,0,0,0
10/1/2016,RUS,922,Russia,2016,0,1,1,0,1,0,0,0,0,0,0,0,1,0,0,0
1/1/2017,RUS,922,Russia,2017,0,1,1,0,1,0,0,0,0,0,0,0,1,0,0,0
4/1/2017,RUS,922,Russia,2017,0,1,1,0,1,0,0,0,0,0,0,0,1,0,0,0
7/1/2017,RUS,922,Russia,2017,0,1,1,0,1,0,0,0,0,0,0,0,1,0,0,0
10/1/2017,RUS,922,Russia,2017,0,1,1,0,1,0,0,0,0,0,0,0,1,0,0,0
1/1/2018,RUS,922,Russia,2018,0,1,1,0,1,0,0,0,0,0,0,0,1,0,0,0
4/1/2018,RUS,922,Russia,2018,0,1,1,0,1,0,0,0,0,0,0,0,1,0,0,0
7/1/2018,RUS,922,Russia,2018,0,1,1,0,1,0,0,0,0,0,0,0,1,0,0,0
10/1/2018,RUS,922,Russia,2018,0,1,1,0,1,0,0,0,0,0,0,0,1,0,0,0
1/1/2019,RUS,922,Russia,2019,0,1,1,0,1,0,0,0,0,0,0,0,1,0,0,0
4/1/2019,RUS,922,Russia,2019,0,1,1,0,1,0,0,0,0,0,0,0,1,0,0,0
7/1/2019,RUS,922,Russia,2019,0,1,1,0,1,0,0,0,0,0,0,0,1,0,0,0
10/1/2019,RUS,922,Russia,2019,0,1,1,0,1,0,0,0,0,0,0,0,1,0,0,0
1/1/2020,RUS,922,Russia,2020,0,1,1,0,1,0,0,0,0,0,0,0,1,0,0,0
4/1/2020,RUS,922,Russia,2020,0,1,1,0,1,0,0,0,0,0,0,0,1,0,0,0
7/1/2020,RUS,922,Russia,2020,0,1,1,0,1,0,0,0,0,0,0,0,1,0,0,0
10/1/2020,RUS,922,Russia,2020,0,1,1,0,1,0,0,0,0,0,0,0,1,0,0,0
1/1/2021,RUS,922,Russia,2021,0,1,1,0,1,0,0,0,0,0,0,0,1,0,0,0
4/1/2021,RUS,922,Russia,2021,0,1,1,0,1,0,0,0,0,0,0,0,1,0,0,0
7/1/2021,RUS,922,Russia,2021,0,1,1,0,1,0,0,0,0,0,0,0,1,0,0,0
1/1/1991,CHN,924,China,1991,0,1,1,1,0,0,0,0,0,0,0,0,1,0,0,0
4/1/1991,CHN,924,China,1991,0,1,1,1,0,0,0,0,0,0,0,0,1,0,0,0
7/1/1991,CHN,924,China,1991,0,1,1,1,0,0,0,0,0,0,0,0,1,0,0,0
10/1/1991,CHN,924,China,1991,0,1,1,1,0,0,0,0,0,0,0,0,1,0,0,0
1/1/1992,CHN,924,China,1992,0,1,1,1,0,0,0,0,0,0,0,0,1,0,0,0
4/1/1992,CHN,924,China,1992,0,1,1,1,0,0,0,0,0,0,0,0,1,0,0,0
7/1/1992,CHN,924,China,1992,0,1,1,1,0,0,0,0,0,0,0,0,1,0,0,0
10/1/1992,CHN,924,China,1992,0,1,1,1,0,0,0,0,0,0,0,0,1,0,0,0
1/1/1993,CHN,924,China,1993,0,1,1,1,0,0,0,0,0,0,0,0,1,0,0,0
4/1/1993,CHN,924,China,1993,0,1,1,1,0,0,0,0,0,0,0,0,1,0,0,0
7/1/1993,CHN,924,China,1993,0,1,1,1,0,0,0,0,0,0,0,0,1,0,0,0
10/1/1993,CHN,924,China,1993,0,1,1,1,0,0,0,0,0,0,0,0,1,0,0,0
1/1/1994,CHN,924,China,1994,0,1,1,1,0,0,0,0,0,0,0,0,1,0,0,0
4/1/1994,CHN,924,China,1994,0,1,1,1,0,0,0,0,0,0,0,0,1,0,0,0
7/1/1994,CHN,924,China,1994,0,1,1,1,0,0,0,0,0,0,0,0,1,0,0,0
10/1/1994,CHN,924,China,1994,0,1,1,1,0,0,0,0,0,0,0,0,1,0,0,0
1/1/1995,CHN,924,China,1995,0,1,1,1,0,0,0,0,0,0,0,0,1,0,0,0
4/1/1995,CHN,924,China,1995,0,1,1,1,0,0,0,0,0,0,0,0,1,0,0,0
7/1/1995,CHN,924,China,1995,0,1,1,1,0,0,0,0,0,0,0,0,1,0,0,0
10/1/1995,CHN,924,China,1995,0,1,1,1,0,0,0,0,0,0,0,0,1,0,0,0
1/1/1996,CHN,924,China,1996,0,1,1,1,0,0,0,0,0,0,0,0,1,0,0,0
4/1/1996,CHN,924,China,1996,0,1,1,1,0,0,0,0,0,0,0,0,1,0,0,0
7/1/1996,CHN,924,China,1996,0,1,1,1,0,0,0,0,0,0,0,0,1,0,0,0
10/1/1996,CHN,924,China,1996,0,1,1,1,0,0,0,0,0,0,0,0,1,0,0,0
1/1/1997,CHN,924,China,1997,0,1,1,1,0,0,0,0,0,0,0,0,1,0,0,0
4/1/1997,CHN,924,China,1997,0,1,1,1,0,0,0,0,0,0,0,0,1,0,0,0
7/1/1997,CHN,924,China,1997,0,1,1,1,0,0,0,0,0,0,0,0,1,0,0,0
10/1/1997,CHN,924,China,1997,0,1,1,1,0,0,0,0,0,0,0,0,1,0,0,0
1/1/1998,CHN,924,China,1998,0,1,1,1,0,0,0,0,0,0,0,0,1,0,0,0
4/1/1998,CHN,924,China,1998,0,1,1,1,0,0,0,0,0,0,0,0,1,0,0,0
7/1/1998,CHN,924,China,1998,0,1,1,1,0,0,0,0,0,0,0,0,1,0,0,0
10/1/1998,CHN,924,China,1998,0,1,1,1,0,0,0,0,0,0,0,0,1,0,0,0
1/1/1999,CHN,924,China,1999,0,1,1,1,0,0,0,0,0,0,0,0,1,0,0,0
4/1/1999,CHN,924,China,1999,0,1,1,1,0,0,0,0,0,0,0,0,1,0,0,0
7/1/1999,CHN,924,China,1999,0,1,1,1,0,0,0,0,0,0,0,0,1,0,0,0
10/1/1999,CHN,924,China,1999,0,1,1,1,0,0,0,0,0,0,0,0,1,0,0,0
1/1/2000,CHN,924,China,2000,0,1,1,1,0,0,0,0,0,0,0,0,1,0,0,0
4/1/2000,CHN,924,China,2000,0,1,1,1,0,0,0,0,0,0,0,0,1,0,0,0
7/1/2000,CHN,924,China,2000,0,1,1,1,0,0,0,0,0,0,0,0,1,0,0,0
10/1/2000,CHN,924,China,2000,0,1,1,1,0,0,0,0,0,0,0,0,1,0,0,0
1/1/2001,CHN,924,China,2001,0,1,1,1,0,0,0,0,0,0,0,0,1,0,0,0
4/1/2001,CHN,924,China,2001,0,1,1,1,0,0,0,0,0,0,0,0,1,0,0,0
7/1/2001,CHN,924,China,2001,0,1,1,1,0,0,0,0,0,0,0,0,1,0,0,0
10/1/2001,CHN,924,China,2001,0,1,1,1,0,0,0,0,0,0,0,0,1,0,0,0
1/1/2002,CHN,924,China,2002,0,1,1,1,0,0,0,0,0,0,0,0,1,0,0,0
4/1/2002,CHN,924,China,2002,0,1,1,1,0,0,0,0,0,0,0,0,1,0,0,0
7/1/2002,CHN,924,China,2002,0,1,1,1,0,0,0,0,0,0,0,0,1,0,0,0
10/1/2002,CHN,924,China,2002,0,1,1,1,0,0,0,0,0,0,0,0,1,0,0,0
1/1/2003,CHN,924,China,2003,0,1,1,1,0,0,0,0,0,0,0,0,1,0,0,0
4/1/2003,CHN,924,China,2003,0,1,1,1,0,0,0,0,0,0,0,0,1,0,0,0
7/1/2003,CHN,924,China,2003,0,1,1,1,0,0,0,0,0,0,0,0,1,0,0,0
10/1/2003,CHN,924,China,2003,0,1,1,1,0,0,0,0,0,0,0,0,1,0,0,0
1/1/2004,CHN,924,China,2004,0,1,1,1,0,0,0,0,0,0,0,0,1,0,0,0
4/1/2004,CHN,924,China,2004,0,1,1,1,0,0,0,0,0,0,0,0,1,0,0,0
7/1/2004,CHN,924,China,2004,0,1,1,1,0,0,0,0,0,0,0,0,1,0,0,0
10/1/2004,CHN,924,China,2004,0,1,1,1,0,0,0,0,0,0,0,0,1,0,0,0
1/1/2005,CHN,924,China,2005,0,1,1,1,0,0,0,0,0,0,0,0,1,0,0,0
4/1/2005,CHN,924,China,2005,0,1,1,1,0,0,0,0,0,0,0,0,1,0,0,0
7/1/2005,CHN,924,China,2005,0,1,1,1,0,0,0,0,0,0,0,0,1,0,0,0
10/1/2005,CHN,924,China,2005,0,1,1,1,0,0,0,0,0,0,0,0,1,0,0,0
1/1/2006,CHN,924,China,2006,0,1,1,1,0,0,0,0,0,0,0,0,1,0,0,0
4/1/2006,CHN,924,China,2006,0,1,1,1,0,0,0,0,0,0,0,0,1,0,0,0
7/1/2006,CHN,924,China,2006,0,1,1,1,0,0,0,0,0,0,0,0,1,0,0,0
10/1/2006,CHN,924,China,2006,0,1,1,1,0,0,0,0,0,0,0,0,1,0,0,0
1/1/2007,CHN,924,China,2007,0,1,1,1,0,0,0,0,0,0,0,0,1,0,0,0
4/1/2007,CHN,924,China,2007,0,1,1,1,0,0,0,0,0,0,0,0,1,0,0,0
7/1/2007,CHN,924,China,2007,0,1,1,1,0,0,0,0,0,0,0,0,1,0,0,0
10/1/2007,CHN,924,China,2007,0,1,1,1,0,0,0,0,0,0,0,0,1,0,0,0
1/1/2008,CHN,924,China,2008,0,1,1,1,0,0,0,0,0,0,0,0,1,0,0,0
4/1/2008,CHN,924,China,2008,0,1,1,1,0,0,0,0,0,0,0,0,1,0,0,0
7/1/2008,CHN,924,China,2008,0,1,1,1,0,0,0,0,0,0,0,0,1,0,0,0
10/1/2008,CHN,924,China,2008,0,1,1,1,0,0,0,0,0,0,0,0,1,0,0,0
1/1/2009,CHN,924,China,2009,0,1,1,1,0,0,0,0,0,0,0,0,1,0,0,0
4/1/2009,CHN,924,China,2009,0,1,1,1,0,0,0,0,0,0,0,0,1,0,0,0
7/1/2009,CHN,924,China,2009,0,1,1,1,0,0,0,0,0,0,0,0,1,0,0,0
10/1/2009,CHN,924,China,2009,0,1,1,1,0,0,0,0,0,0,0,0,1,0,0,0
1/1/2010,CHN,924,China,2010,0,1,1,1,0,0,0,0,0,0,0,0,1,0,0,0
4/1/2010,CHN,924,China,2010,0,1,1,1,0,0,0,0,0,0,0,0,1,0,0,0
7/1/2010,CHN,924,China,2010,0,1,1,1,0,0,0,0,0,0,0,0,1,0,0,0
10/1/2010,CHN,924,China,2010,0,1,1,1,0,0,0,0,0,0,0,0,1,0,0,0
1/1/2011,CHN,924,China,2011,0,1,1,1,0,0,0,0,0,0,0,0,1,0,0,0
4/1/2011,CHN,924,China,2011,0,1,1,1,0,0,0,0,0,0,0,0,1,0,0,0
7/1/2011,CHN,924,China,2011,0,1,1,1,0,0,0,0,0,0,0,0,1,0,0,0
10/1/2011,CHN,924,China,2011,0,1,1,1,0,0,0,0,0,0,0,0,1,0,0,0
1/1/2012,CHN,924,China,2012,0,1,1,1,0,0,0,0,0,0,0,0,1,0,0,0
4/1/2012,CHN,924,China,2012,0,1,1,1,0,0,0,0,0,0,0,0,1,0,0,0
7/1/2012,CHN,924,China,2012,0,1,1,1,0,0,0,0,0,0,0,0,1,0,0,0
10/1/2012,CHN,924,China,2012,0,1,1,1,0,0,0,0,0,0,0,0,1,0,0,0
1/1/2013,CHN,924,China,2013,0,1,1,1,0,0,0,0,0,0,0,0,1,0,0,0
4/1/2013,CHN,924,China,2013,0,1,1,1,0,0,0,0,0,0,0,0,1,0,0,0
7/1/2013,CHN,924,China,2013,0,1,1,1,0,0,0,0,0,0,0,0,1,0,0,0
10/1/2013,CHN,924,China,2013,0,1,1,1,0,0,0,0,0,0,0,0,1,0,0,0
1/1/2014,CHN,924,China,2014,0,1,1,1,0,0,0,0,0,0,0,0,1,0,0,0
4/1/2014,CHN,924,China,2014,0,1,1,1,0,0,0,0,0,0,0,0,1,0,0,0
7/1/2014,CHN,924,China,2014,0,1,1,1,0,0,0,0,0,0,0,0,1,0,0,0
10/1/2014,CHN,924,China,2014,0,1,1,1,0,0,0,0,0,0,0,0,1,0,0,0
1/1/2015,CHN,924,China,2015,0,1,1,1,0,0,0,0,0,0,0,0,1,0,0,0
4/1/2015,CHN,924,China,2015,0,1,1,1,0,0,0,0,0,0,0,0,1,0,0,0
7/1/2015,CHN,924,China,2015,0,1,1,1,0,0,0,0,0,0,0,0,1,0,0,0
10/1/2015,CHN,924,China,2015,0,1,1,1,0,0,0,0,0,0,0,0,1,0,0,0
1/1/2016,CHN,924,China,2016,0,1,1,1,0,0,0,0,0,0,0,0,1,0,0,0
4/1/2016,CHN,924,China,2016,0,1,1,1,0,0,0,0,0,0,0,0,1,0,0,0
7/1/2016,CHN,924,China,2016,0,1,1,1,0,0,0,0,0,0,0,0,1,0,0,0
10/1/2016,CHN,924,China,2016,0,1,1,1,0,0,0,0,0,0,0,0,1,0,0,0
1/1/2017,CHN,924,China,2017,0,1,1,1,0,0,0,0,0,0,0,0,1,0,0,0
4/1/2017,CHN,924,China,2017,0,1,1,1,0,0,0,0,0,0,0,0,1,0,0,0
7/1/2017,CHN,924,China,2017,0,1,1,1,0,0,0,0,0,0,0,0,1,0,0,0
10/1/2017,CHN,924,China,2017,0,1,1,1,0,0,0,0,0,0,0,0,1,0,0,0
1/1/2018,CHN,924,China,2018,0,1,1,1,0,0,0,0,0,0,0,0,1,0,0,0
4/1/2018,CHN,924,China,2018,0,1,1,1,0,0,0,0,0,0,0,0,1,0,0,0
7/1/2018,CHN,924,China,2018,0,1,1,1,0,0,0,0,0,0,0,0,1,0,0,0
10/1/2018,CHN,924,China,2018,0,1,1,1,0,0,0,0,0,0,0,0,1,0,0,0
1/1/2019,CHN,924,China,2019,0,1,1,1,0,0,0,0,0,0,0,0,1,0,0,0
4/1/2019,CHN,924,China,2019,0,1,1,1,0,0,0,0,0,0,0,0,1,0,0,0
7/1/2019,CHN,924,China,2019,0,1,1,1,0,0,0,0,0,0,0,0,1,0,0,0
10/1/2019,CHN,924,China,2019,0,1,1,1,0,0,0,0,0,0,0,0,1,0,0,0
1/1/2020,CHN,924,China,2020,0,1,1,1,0,0,0,0,0,0,0,0,1,0,0,0
4/1/2020,CHN,924,China,2020,0,1,1,1,0,0,0,0,0,0,0,0,1,0,0,0
7/1/2020,CHN,924,China,2020,0,1,1,1,0,0,0,0,0,0,0,0,1,0,0,0
10/1/2020,CHN,924,China,2020,0,1,1,1,0,0,0,0,0,0,0,0,1,0,0,0
1/1/2021,CHN,924,China,2021,0,1,1,1,0,0,0,0,0,0,0,0,1,0,0,0
4/1/2021,CHN,924,China,2021,0,1,1,1,0,0,0,0,0,0,0,0,1,0,0,0
7/1/2021,CHN,924,China,2021,0,1,1,1,0,0,0,0,0,0,0,0,1,0,0,0
10/1/2021,CHN,924,China,2021,0,1,1,1,0,0,0,0,0,0,0,0,1,0,0,0
1/1/2022,CHN,924,China,2022,0,1,1,1,0,0,0,0,0,0,0,0,1,0,0,0
4/1/2022,CHN,924,China,2022,0,1,1,1,0,0,0,0,0,0,0,0,1,0,0,0
7/1/2022,CHN,924,China,2022,0,1,1,1,0,0,0,0,0,0,0,0,1,0,0,0
10/1/2022,CHN,924,China,2022,0,1,1,1,0,0,0,0,0,0,0,0,1,0,0,0
1/1/2023,CHN,924,China,2023,0,1,1,1,0,0,0,0,0,0,0,0,1,0,0,0
4/1/2023,CHN,924,China,2023,0,1,1,1,0,0,0,0,0,0,0,0,1,0,0,0
7/1/2023,CHN,924,China,2023,0,1,1,1,0,0,0,0,0,0,0,0,1,0,0,0
10/1/2023,CHN,924,China,2023,0,1,1,1,0,0,0,0,0,0,0,0,1,0,0,0
1/1/2024,CHN,924,China,2024,0,1,1,1,0,0,0,0,0,0,0,0,1,0,0,0
4/1/2024,CHN,924,China,2024,0,1,1,1,0,0,0,0,0,0,0,0,1,0,0,0
7/1/2024,CHN,924,China,2024,0,1,1,1,0,0,0,0,0,0,0,0,1,0,0,0
10/1/2024,CHN,924,China,2024,0,1,1,1,0,0,0,0,0,0,0,0,1,0,0,0
1/1/1993,CZE,935,Czech Republic,1993,0,1,1,0,1,0,0,0,0,0,0,0,1,0,0,0
4/1/1993,CZE,935,Czech Republic,1993,0,1,1,0,1,0,0,0,0,0,0,0,1,0,0,0
7/1/1993,CZE,935,Czech Republic,1993,0,1,1,0,1,0,0,0,0,0,0,0,1,0,0,0
10/1/1993,CZE,935,Czech Republic,1993,0,1,1,0,1,0,0,0,0,0,0,0,1,0,0,0
1/1/1994,CZE,935,Czech Republic,1994,0,1,1,0,1,0,0,0,0,0,0,0,1,0,0,0
4/1/1994,CZE,935,Czech Republic,1994,0,1,1,0,1,0,0,0,0,0,0,0,1,0,0,0
7/1/1994,CZE,935,Czech Republic,1994,0,1,1,0,1,0,0,0,0,0,0,0,1,0,0,0
10/1/1994,CZE,935,Czech Republic,1994,0,1,1,0,1,0,0,0,0,0,0,0,1,0,0,0
1/1/1995,CZE,935,Czech Republic,1995,0,1,1,0,1,0,0,0,0,0,0,0,1,0,0,0
4/1/1995,CZE,935,Czech Republic,1995,0,1,1,0,1,0,0,0,0,0,0,0,1,0,0,0
7/1/1995,CZE,935,Czech Republic,1995,0,1,1,0,1,0,0,0,0,0,0,0,1,0,0,0
10/1/1995,CZE,935,Czech Republic,1995,0,1,1,0,1,0,0,0,0,0,0,0,1,0,0,0
1/1/1996,CZE,935,Czech Republic,1996,0,1,1,0,1,0,0,0,0,0,0,0,1,0,0,0
4/1/1996,CZE,935,Czech Republic,1996,0,1,1,0,1,0,0,0,0,0,0,0,1,0,0,0
7/1/1996,CZE,935,Czech Republic,1996,0,1,1,0,1,0,0,0,0,0,0,0,1,0,0,0
10/1/1996,CZE,935,Czech Republic,1996,0,1,1,0,1,0,0,0,0,0,0,0,1,0,0,0
1/1/1997,CZE,935,Czech Republic,1997,0,1,1,0,1,0,0,0,0,0,0,0,1,0,0,0
4/1/1997,CZE,935,Czech Republic,1997,0,1,1,0,1,0,0,0,0,0,0,0,1,0,0,0
7/1/1997,CZE,935,Czech Republic,1997,0,1,1,0,1,0,0,0,0,0,0,0,1,0,0,0
10/1/1997,CZE,935,Czech Republic,1997,0,1,1,0,1,0,0,0,0,0,0,0,1,0,0,0
1/1/1998,CZE,935,Czech Republic,1998,0,1,1,0,1,0,0,0,0,0,0,0,1,0,0,0
4/1/1998,CZE,935,Czech Republic,1998,0,1,1,0,1,0,0,0,0,0,0,0,1,0,0,0
7/1/1998,CZE,935,Czech Republic,1998,0,1,1,0,1,0,0,0,0,0,0,0,1,0,0,0
10/1/1998,CZE,935,Czech Republic,1998,0,1,1,0,1,0,0,0,0,0,0,0,1,0,0,0
1/1/1999,CZE,935,Czech Republic,1999,0,1,1,0,1,0,0,0,0,0,0,0,1,0,0,0
4/1/1999,CZE,935,Czech Republic,1999,0,1,1,0,1,0,0,0,0,0,0,0,1,0,0,0
7/1/1999,CZE,935,Czech Republic,1999,0,1,1,0,1,0,0,0,0,0,0,0,1,0,0,0
10/1/1999,CZE,935,Czech Republic,1999,0,1,1,0,1,0,0,0,0,0,0,0,1,0,0,0
1/1/2000,CZE,935,Czech Republic,2000,0,1,1,0,1,0,0,0,0,0,0,0,1,0,0,0
4/1/2000,CZE,935,Czech Republic,2000,0,1,1,0,1,0,0,0,0,0,0,0,1,0,0,0
7/1/2000,CZE,935,Czech Republic,2000,0,1,1,0,1,0,0,0,0,0,0,0,1,0,0,0
10/1/2000,CZE,935,Czech Republic,2000,0,1,1,0,1,0,0,0,0,0,0,0,1,0,0,0
1/1/2001,CZE,935,Czech Republic,2001,0,1,1,0,1,0,0,0,0,0,0,0,1,0,0,0
4/1/2001,CZE,935,Czech Republic,2001,0,1,1,0,1,0,0,0,0,0,0,0,1,0,0,0
7/1/2001,CZE,935,Czech Republic,2001,0,1,1,0,1,0,0,0,0,0,0,0,1,0,0,0
10/1/2001,CZE,935,Czech Republic,2001,0,1,1,0,1,0,0,0,0,0,0,0,1,0,0,0
1/1/2002,CZE,935,Czech Republic,2002,0,1,1,0,1,0,0,0,0,0,0,0,1,0,0,0
4/1/2002,CZE,935,Czech Republic,2002,0,1,1,0,1,0,0,0,0,0,0,0,1,0,0,0
7/1/2002,CZE,935,Czech Republic,2002,0,1,1,0,1,0,0,0,0,0,0,0,1,0,0,0
10/1/2002,CZE,935,Czech Republic,2002,0,1,1,0,1,0,0,0,0,0,0,0,1,0,0,0
1/1/2003,CZE,935,Czech Republic,2003,0,1,1,0,1,0,0,0,0,0,0,0,1,0,0,0
4/1/2003,CZE,935,Czech Republic,2003,0,1,1,0,1,0,0,0,0,0,0,0,1,0,0,0
7/1/2003,CZE,935,Czech Republic,2003,0,1,1,0,1,0,0,0,0,0,0,0,1,0,0,0
10/1/2003,CZE,935,Czech Republic,2003,0,1,1,0,1,0,0,0,0,0,0,0,1,0,0,0
1/1/2004,CZE,935,Czech Republic,2004,0,1,1,0,1,0,0,0,0,0,0,0,1,0,0,0
4/1/2004,CZE,935,Czech Republic,2004,0,1,1,0,1,0,0,0,0,0,0,0,1,0,0,0
7/1/2004,CZE,935,Czech Republic,2004,0,1,1,0,1,0,0,0,0,0,0,0,1,0,0,0
10/1/2004,CZE,935,Czech Republic,2004,0,1,1,0,1,0,0,0,0,0,0,0,1,0,0,0
1/1/2005,CZE,935,Czech Republic,2005,0,1,1,0,1,0,0,0,0,0,0,0,1,0,0,0
4/1/2005,CZE,935,Czech Republic,2005,0,1,1,0,1,0,0,0,0,0,0,0,1,0,0,0
7/1/2005,CZE,935,Czech Republic,2005,0,1,1,0,1,0,0,0,0,0,0,0,1,0,0,0
10/1/2005,CZE,935,Czech Republic,2005,0,1,1,0,1,0,0,0,0,0,0,0,1,0,0,0
1/1/2006,CZE,935,Czech Republic,2006,0,1,1,0,1,0,0,0,0,0,0,0,1,0,0,0
4/1/2006,CZE,935,Czech Republic,2006,0,1,1,0,1,0,0,0,0,0,0,0,1,0,0,0
7/1/2006,CZE,935,Czech Republic,2006,0,1,1,0,1,0,0,0,0,0,0,0,1,0,0,0
10/1/2006,CZE,935,Czech Republic,2006,0,1,1,0,1,0,0,0,0,0,0,0,1,0,0,0
1/1/2007,CZE,935,Czech Republic,2007,0,1,1,0,1,0,0,0,0,0,0,0,1,0,0,0
4/1/2007,CZE,935,Czech Republic,2007,0,1,1,0,1,0,0,0,0,0,0,0,1,0,0,0
7/1/2007,CZE,935,Czech Republic,2007,0,1,1,0,1,0,0,0,0,0,0,0,1,0,0,0
10/1/2007,CZE,935,Czech Republic,2007,0,1,1,0,1,0,0,0,0,0,0,0,1,0,0,0
1/1/2008,CZE,935,Czech Republic,2008,0,1,1,0,1,0,0,0,0,0,0,0,1,0,0,0
4/1/2008,CZE,935,Czech Republic,2008,0,1,1,0,1,0,0,0,0,0,0,0,1,0,0,0
7/1/2008,CZE,935,Czech Republic,2008,0,1,1,0,1,0,0,0,0,0,0,0,1,0,0,0
10/1/2008,CZE,935,Czech Republic,2008,0,1,1,0,1,0,0,0,0,0,0,0,1,0,0,0
1/1/2009,CZE,935,Czech Republic,2009,0,1,1,0,1,0,0,0,0,0,0,0,1,0,0,0
4/1/2009,CZE,935,Czech Republic,2009,0,1,1,0,1,0,0,0,0,0,0,0,1,0,0,0
7/1/2009,CZE,935,Czech Republic,2009,0,1,1,0,1,0,0,0,0,0,0,0,1,0,0,0
10/1/2009,CZE,935,Czech Republic,2009,0,1,1,0,1,0,0,0,0,0,0,0,1,0,0,0
1/1/2010,CZE,935,Czech Republic,2010,0,1,1,0,1,0,0,0,0,0,0,0,1,0,0,0
4/1/2010,CZE,935,Czech Republic,2010,0,1,1,0,1,0,0,0,0,0,0,0,1,0,0,0
7/1/2010,CZE,935,Czech Republic,2010,0,1,1,0,1,0,0,0,0,0,0,0,1,0,0,0
10/1/2010,CZE,935,Czech Republic,2010,0,1,1,0,1,0,0,0,0,0,0,0,1,0,0,0
1/1/2011,CZE,935,Czech Republic,2011,0,1,1,0,1,0,0,0,0,0,0,0,1,0,0,0
4/1/2011,CZE,935,Czech Republic,2011,0,1,1,0,1,0,0,0,0,0,0,0,1,0,0,0
7/1/2011,CZE,935,Czech Republic,2011,0,1,1,0,1,0,0,0,0,0,0,0,1,0,0,0
10/1/2011,CZE,935,Czech Republic,2011,0,1,1,0,1,0,0,0,0,0,0,0,1,0,0,0
1/1/2012,CZE,935,Czech Republic,2012,0,1,1,0,1,0,0,0,0,0,0,0,1,0,0,0
4/1/2012,CZE,935,Czech Republic,2012,0,1,1,0,1,0,0,0,0,0,0,0,1,0,0,0
7/1/2012,CZE,935,Czech Republic,2012,0,1,1,0,1,0,0,0,0,0,0,0,1,0,0,0
10/1/2012,CZE,935,Czech Republic,2012,0,1,1,0,1,0,0,0,0,0,0,0,1,0,0,0
1/1/2013,CZE,935,Czech Republic,2013,0,1,1,0,1,0,0,0,0,0,0,0,1,0,0,0
4/1/2013,CZE,935,Czech Republic,2013,0,1,1,0,1,0,0,0,0,0,0,0,1,0,0,0
7/1/2013,CZE,935,Czech Republic,2013,0,1,1,0,1,0,0,0,0,0,0,0,1,0,0,0
10/1/2013,CZE,935,Czech Republic,2013,0,1,1,0,1,0,0,0,0,0,0,0,1,0,0,0
1/1/2014,CZE,935,Czech Republic,2014,0,1,1,0,1,0,0,0,0,0,0,0,1,0,0,0
4/1/2014,CZE,935,Czech Republic,2014,0,1,1,0,1,0,0,0,0,0,0,0,1,0,0,0
7/1/2014,CZE,935,Czech Republic,2014,0,1,1,0,1,0,0,0,0,0,0,0,1,0,0,0
10/1/2014,CZE,935,Czech Republic,2014,0,1,1,0,1,0,0,0,0,0,0,0,1,0,0,0
1/1/2015,CZE,935,Czech Republic,2015,0,1,1,0,1,0,0,0,0,0,0,0,1,0,0,0
4/1/2015,CZE,935,Czech Republic,2015,0,1,1,0,1,0,0,0,0,0,0,0,1,0,0,0
7/1/2015,CZE,935,Czech Republic,2015,0,1,1,0,1,0,0,0,0,0,0,0,1,0,0,0
10/1/2015,CZE,935,Czech Republic,2015,0,1,1,0,1,0,0,0,0,0,0,0,1,0,0,0
1/1/2016,CZE,935,Czech Republic,2016,0,1,1,0,1,0,0,0,0,0,0,0,1,0,0,0
4/1/2016,CZE,935,Czech Republic,2016,0,1,1,0,1,0,0,0,0,0,0,0,1,0,0,0
7/1/2016,CZE,935,Czech Republic,2016,0,1,1,0,1,0,0,0,0,0,0,0,1,0,0,0
10/1/2016,CZE,935,Czech Republic,2016,0,1,1,0,1,0,0,0,0,0,0,0,1,0,0,0
1/1/2017,CZE,935,Czech Republic,2017,0,1,1,0,1,0,0,0,0,0,0,0,1,0,0,0
4/1/2017,CZE,935,Czech Republic,2017,0,1,1,0,1,0,0,0,0,0,0,0,1,0,0,0
7/1/2017,CZE,935,Czech Republic,2017,0,1,1,0,1,0,0,0,0,0,0,0,1,0,0,0
10/1/2017,CZE,935,Czech Republic,2017,0,1,1,0,1,0,0,0,0,0,0,0,1,0,0,0
1/1/2018,CZE,935,Czech Republic,2018,0,1,1,0,1,0,0,0,0,0,0,0,1,0,0,0
4/1/2018,CZE,935,Czech Republic,2018,0,1,1,0,1,0,0,0,0,0,0,0,1,0,0,0
7/1/2018,CZE,935,Czech Republic,2018,0,1,1,0,1,0,0,0,0,0,0,0,1,0,0,0
10/1/2018,CZE,935,Czech Republic,2018,0,1,1,0,1,0,0,0,0,0,0,0,1,0,0,0
1/1/2019,CZE,935,Czech Republic,2019,0,1,1,0,1,0,0,0,0,0,0,0,1,0,0,0
4/1/2019,CZE,935,Czech Republic,2019,0,1,1,0,1,0,0,0,0,0,0,0,1,0,0,0
7/1/2019,CZE,935,Czech Republic,2019,0,1,1,0,1,0,0,0,0,0,0,0,1,0,0,0
10/1/2019,CZE,935,Czech Republic,2019,0,1,1,0,1,0,0,0,0,0,0,0,1,0,0,0
1/1/2020,CZE,935,Czech Republic,2020,0,1,1,0,1,0,0,0,0,0,0,0,1,0,0,0
4/1/2020,CZE,935,Czech Republic,2020,0,1,1,0,1,0,0,0,0,0,0,0,1,0,0,0
7/1/2020,CZE,935,Czech Republic,2020,0,1,1,0,1,0,0,0,0,0,0,0,1,0,0,0
10/1/2020,CZE,935,Czech Republic,2020,0,1,1,0,1,0,0,0,0,0,0,0,1,0,0,0
1/1/2021,CZE,935,Czech Republic,2021,0,1,1,0,1,0,0,0,0,0,0,0,1,0,0,0
4/1/2021,CZE,935,Czech Republic,2021,0,1,1,0,1,0,0,0,0,0,0,0,1,0,0,0
7/1/2021,CZE,935,Czech Republic,2021,0,1,1,0,1,0,0,0,0,0,0,0,1,0,0,0
10/1/2021,CZE,935,Czech Republic,2021,0,1,1,0,1,0,0,0,0,0,0,0,1,0,0,0
1/1/2022,CZE,935,Czech Republic,2022,0,1,1,0,1,0,0,0,0,0,0,0,1,0,0,0
4/1/2022,CZE,935,Czech Republic,2022,0,1,1,0,1,0,0,0,0,0,0,0,1,0,0,0
7/1/2022,CZE,935,Czech Republic,2022,0,1,1,0,1,0,0,0,0,0,0,0,1,0,0,0
10/1/2022,CZE,935,Czech Republic,2022,0,1,1,0,1,0,0,0,0,0,0,0,1,0,0,0
1/1/2023,CZE,935,Czech Republic,2023,0,1,1,0,1,0,0,0,0,0,0,0,1,0,0,0
4/1/2023,CZE,935,Czech Republic,2023,0,1,1,0,1,0,0,0,0,0,0,0,1,0,0,0
7/1/2023,CZE,935,Czech Republic,2023,0,1,1,0,1,0,0,0,0,0,0,0,1,0,0,0
10/1/2023,CZE,935,Czech Republic,2023,0,1,1,0,1,0,0,0,0,0,0,0,1,0,0,0
1/1/2024,CZE,935,Czech Republic,2024,0,1,1,0,1,0,0,0,0,0,0,0,1,0,0,0
4/1/2024,CZE,935,Czech Republic,2024,0,1,1,0,1,0,0,0,0,0,0,0,1,0,0,0
7/1/2024,CZE,935,Czech Republic,2024,0,1,1,0,1,0,0,0,0,0,0,0,1,0,0,0
10/1/2024,CZE,935,Czech Republic,2024,0,1,1,0,1,0,0,0,0,0,0,0,1,0,0,0
1/1/1993,SVK,936,Slovak Republic,1993,0,1,1,0,1,0,0,0,0,0,0,0,0,0,0,0
4/1/1993,SVK,936,Slovak Republic,1993,0,1,1,0,1,0,0,0,0,0,0,0,0,0,0,0
7/1/1993,SVK,936,Slovak Republic,1993,0,1,1,0,1,0,0,0,0,0,0,0,0,0,0,0
10/1/1993,SVK,936,Slovak Republic,1993,0,1,1,0,1,0,0,0,0,0,0,0,0,0,0,0
1/1/1994,SVK,936,Slovak Republic,1994,0,1,1,0,1,0,0,0,0,0,0,0,0,0,0,0
4/1/1994,SVK,936,Slovak Republic,1994,0,1,1,0,1,0,0,0,0,0,0,0,0,0,0,0
7/1/1994,SVK,936,Slovak Republic,1994,0,1,1,0,1,0,0,0,0,0,0,0,0,0,0,0
10/1/1994,SVK,936,Slovak Republic,1994,0,1,1,0,1,0,0,0,0,0,0,0,0,0,0,0
1/1/1995,SVK,936,Slovak Republic,1995,0,1,1,0,1,0,0,0,0,0,0,0,0,0,0,0
4/1/1995,SVK,936,Slovak Republic,1995,0,1,1,0,1,0,0,0,0,0,0,0,0,0,0,0
7/1/1995,SVK,936,Slovak Republic,1995,0,1,1,0,1,0,0,0,0,0,0,0,0,0,0,0
10/1/1995,SVK,936,Slovak Republic,1995,0,1,1,0,1,0,0,0,0,0,0,0,0,0,0,0
1/1/1996,SVK,936,Slovak Republic,1996,0,1,1,0,1,0,0,0,0,0,0,0,0,0,0,0
4/1/1996,SVK,936,Slovak Republic,1996,0,1,1,0,1,0,0,0,0,0,0,0,0,0,0,0
7/1/1996,SVK,936,Slovak Republic,1996,0,1,1,0,1,0,0,0,0,0,0,0,0,0,0,0
10/1/1996,SVK,936,Slovak Republic,1996,0,1,1,0,1,0,0,0,0,0,0,0,0,0,0,0
1/1/1997,SVK,936,Slovak Republic,1997,0,1,1,0,1,0,0,0,0,0,0,0,0,0,0,0
4/1/1997,SVK,936,Slovak Republic,1997,0,1,1,0,1,0,0,0,0,0,0,0,0,0,0,0
7/1/1997,SVK,936,Slovak Republic,1997,0,1,1,0,1,0,0,0,0,0,0,0,0,0,0,0
10/1/1997,SVK,936,Slovak Republic,1997,0,1,1,0,1,0,0,0,0,0,0,0,0,0,0,0
1/1/1998,SVK,936,Slovak Republic,1998,0,1,1,0,1,0,0,0,0,0,0,0,0,0,0,0
4/1/1998,SVK,936,Slovak Republic,1998,0,1,1,0,1,0,0,0,0,0,0,0,0,0,0,0
7/1/1998,SVK,936,Slovak Republic,1998,0,1,1,0,1,0,0,0,0,0,0,0,0,0,0,0
10/1/1998,SVK,936,Slovak Republic,1998,0,1,1,0,1,0,0,0,0,0,0,0,0,0,0,0
1/1/1999,SVK,936,Slovak Republic,1999,0,1,1,0,1,0,0,0,0,0,0,0,0,0,0,0
4/1/1999,SVK,936,Slovak Republic,1999,0,1,1,0,1,0,0,0,0,0,0,0,0,0,0,0
7/1/1999,SVK,936,Slovak Republic,1999,0,1,1,0,1,0,0,0,0,0,0,0,0,0,0,0
10/1/1999,SVK,936,Slovak Republic,1999,0,1,1,0,1,0,0,0,0,0,0,0,0,0,0,0
1/1/2000,SVK,936,Slovak Republic,2000,0,1,1,0,1,0,0,0,0,0,0,0,0,0,0,0
4/1/2000,SVK,936,Slovak Republic,2000,0,1,1,0,1,0,0,0,0,0,0,0,0,0,0,0
7/1/2000,SVK,936,Slovak Republic,2000,0,1,1,0,1,0,0,0,0,0,0,0,0,0,0,0
10/1/2000,SVK,936,Slovak Republic,2000,0,1,1,0,1,0,0,0,0,0,0,0,0,0,0,0
1/1/2001,SVK,936,Slovak Republic,2001,0,1,1,0,1,0,0,0,0,0,0,0,0,0,0,0
4/1/2001,SVK,936,Slovak Republic,2001,0,1,1,0,1,0,0,0,0,0,0,0,0,0,0,0
7/1/2001,SVK,936,Slovak Republic,2001,0,1,1,0,1,0,0,0,0,0,0,0,0,0,0,0
10/1/2001,SVK,936,Slovak Republic,2001,0,1,1,0,1,0,0,0,0,0,0,0,0,0,0,0
1/1/2002,SVK,936,Slovak Republic,2002,0,1,1,0,1,0,0,0,0,0,0,0,0,0,0,0
4/1/2002,SVK,936,Slovak Republic,2002,0,1,1,0,1,0,0,0,0,0,0,0,0,0,0,0
7/1/2002,SVK,936,Slovak Republic,2002,0,1,1,0,1,0,0,0,0,0,0,0,0,0,0,0
10/1/2002,SVK,936,Slovak Republic,2002,0,1,1,0,1,0,0,0,0,0,0,0,0,0,0,0
1/1/2003,SVK,936,Slovak Republic,2003,0,1,1,0,1,0,0,0,0,0,0,0,0,0,0,0
4/1/2003,SVK,936,Slovak Republic,2003,0,1,1,0,1,0,0,0,0,0,0,0,0,0,0,0
7/1/2003,SVK,936,Slovak Republic,2003,0,1,1,0,1,0,0,0,0,0,0,0,0,0,0,0
10/1/2003,SVK,936,Slovak Republic,2003,0,1,1,0,1,0,0,0,0,0,0,0,0,0,0,0
1/1/2004,SVK,936,Slovak Republic,2004,0,1,1,0,1,0,0,0,0,0,0,0,0,0,0,0
4/1/2004,SVK,936,Slovak Republic,2004,0,1,1,0,1,0,0,0,0,0,0,0,0,0,0,0
7/1/2004,SVK,936,Slovak Republic,2004,0,1,1,0,1,0,0,0,0,0,0,0,0,0,0,0
10/1/2004,SVK,936,Slovak Republic,2004,0,1,1,0,1,0,0,0,0,0,0,0,0,0,0,0
1/1/2005,SVK,936,Slovak Republic,2005,0,1,1,0,1,0,0,0,0,0,0,0,0,0,0,0
4/1/2005,SVK,936,Slovak Republic,2005,0,1,1,0,1,0,0,0,0,0,0,0,0,0,0,0
7/1/2005,SVK,936,Slovak Republic,2005,0,1,1,0,1,0,0,0,0,0,0,0,0,0,0,0
10/1/2005,SVK,936,Slovak Republic,2005,0,1,1,0,1,0,0,0,0,0,0,0,0,0,0,0
1/1/2006,SVK,936,Slovak Republic,2006,0,1,1,0,1,0,0,0,0,0,0,0,0,0,0,0
4/1/2006,SVK,936,Slovak Republic,2006,0,1,1,0,1,0,0,0,0,0,0,0,0,0,0,0
7/1/2006,SVK,936,Slovak Republic,2006,0,1,1,0,1,0,0,0,0,0,0,0,0,0,0,0
10/1/2006,SVK,936,Slovak Republic,2006,0,1,1,0,1,0,0,0,0,0,0,0,0,0,0,0
1/1/2007,SVK,936,Slovak Republic,2007,0,1,1,0,1,0,0,0,0,0,0,0,0,0,0,0
4/1/2007,SVK,936,Slovak Republic,2007,0,1,1,0,1,0,0,0,0,0,0,0,0,0,0,0
7/1/2007,SVK,936,Slovak Republic,2007,0,1,1,0,1,0,0,0,0,0,0,0,0,0,0,0
10/1/2007,SVK,936,Slovak Republic,2007,0,1,1,0,1,0,0,0,0,0,0,0,0,0,0,0
1/1/2008,SVK,936,Slovak Republic,2008,0,1,1,0,1,0,0,0,0,0,0,0,0,0,0,0
4/1/2008,SVK,936,Slovak Republic,2008,0,1,1,0,1,0,0,0,0,0,0,0,0,0,0,0
7/1/2008,SVK,936,Slovak Republic,2008,0,1,1,0,1,0,0,0,0,0,0,0,0,0,0,0
10/1/2008,SVK,936,Slovak Republic,2008,0,1,1,0,1,0,0,0,0,0,0,0,0,0,0,0
1/1/2009,SVK,936,Slovak Republic,2009,0,1,1,0,1,0,0,0,0,0,0,0,0,0,1,1
4/1/2009,SVK,936,Slovak Republic,2009,0,1,1,0,1,0,0,0,0,0,0,0,0,0,1,0
7/1/2009,SVK,936,Slovak Republic,2009,0,1,1,0,1,0,0,0,0,0,0,0,0,0,1,0
10/1/2009,SVK,936,Slovak Republic,2009,0,1,1,0,1,0,0,0,0,0,0,0,0,0,1,0
1/1/2010,SVK,936,Slovak Republic,2010,0,1,1,0,1,0,0,0,0,0,0,0,0,0,1,0
4/1/2010,SVK,936,Slovak Republic,2010,0,1,1,0,1,0,0,0,0,0,0,0,0,0,1,0
7/1/2010,SVK,936,Slovak Republic,2010,0,1,1,0,1,0,0,0,0,0,0,0,0,0,1,0
10/1/2010,SVK,936,Slovak Republic,2010,0,1,1,0,1,0,0,0,0,0,0,0,0,0,1,0
1/1/2011,SVK,936,Slovak Republic,2011,0,1,1,0,1,0,0,0,0,0,0,0,0,0,1,0
4/1/2011,SVK,936,Slovak Republic,2011,0,1,1,0,1,0,0,0,0,0,0,0,0,0,1,0
7/1/2011,SVK,936,Slovak Republic,2011,0,1,1,0,1,0,0,0,0,0,0,0,0,0,1,0
10/1/2011,SVK,936,Slovak Republic,2011,0,1,1,0,1,0,0,0,0,0,0,0,0,0,1,0
1/1/2012,SVK,936,Slovak Republic,2012,0,1,1,0,1,0,0,0,0,0,0,0,0,0,1,0
4/1/2012,SVK,936,Slovak Republic,2012,0,1,1,0,1,0,0,0,0,0,0,0,0,0,1,0
7/1/2012,SVK,936,Slovak Republic,2012,0,1,1,0,1,0,0,0,0,0,0,0,0,0,1,0
10/1/2012,SVK,936,Slovak Republic,2012,0,1,1,0,1,0,0,0,0,0,0,0,0,0,1,0
1/1/2013,SVK,936,Slovak Republic,2013,0,1,1,0,1,0,0,0,0,0,0,0,0,0,1,0
4/1/2013,SVK,936,Slovak Republic,2013,0,1,1,0,1,0,0,0,0,0,0,0,0,0,1,0
7/1/2013,SVK,936,Slovak Republic,2013,0,1,1,0,1,0,0,0,0,0,0,0,0,0,1,0
10/1/2013,SVK,936,Slovak Republic,2013,0,1,1,0,1,0,0,0,0,0,0,0,0,0,1,0
1/1/2014,SVK,936,Slovak Republic,2014,0,1,1,0,1,0,0,0,0,0,0,0,0,0,1,0
4/1/2014,SVK,936,Slovak Republic,2014,0,1,1,0,1,0,0,0,0,0,0,0,0,0,1,0
7/1/2014,SVK,936,Slovak Republic,2014,0,1,1,0,1,0,0,0,0,0,0,0,0,0,1,0
10/1/2014,SVK,936,Slovak Republic,2014,0,1,1,0,1,0,0,0,0,0,0,0,0,0,1,0
1/1/2015,SVK,936,Slovak Republic,2015,0,1,1,0,1,0,0,0,0,0,0,0,0,0,1,0
4/1/2015,SVK,936,Slovak Republic,2015,0,1,1,0,1,0,0,0,0,0,0,0,0,0,1,0
7/1/2015,SVK,936,Slovak Republic,2015,0,1,1,0,1,0,0,0,0,0,0,0,0,0,1,0
10/1/2015,SVK,936,Slovak Republic,2015,0,1,1,0,1,0,0,0,0,0,0,0,0,0,1,0
1/1/2016,SVK,936,Slovak Republic,2016,0,1,1,0,1,0,0,0,0,0,0,0,0,0,1,0
4/1/2016,SVK,936,Slovak Republic,2016,0,1,1,0,1,0,0,0,0,0,0,0,0,0,1,0
7/1/2016,SVK,936,Slovak Republic,2016,0,1,1,0,1,0,0,0,0,0,0,0,0,0,1,0
10/1/2016,SVK,936,Slovak Republic,2016,0,1,1,0,1,0,0,0,0,0,0,0,0,0,1,0
1/1/2017,SVK,936,Slovak Republic,2017,0,1,1,0,1,0,0,0,0,0,0,0,0,0,1,0
4/1/2017,SVK,936,Slovak Republic,2017,0,1,1,0,1,0,0,0,0,0,0,0,0,0,1,0
7/1/2017,SVK,936,Slovak Republic,2017,0,1,1,0,1,0,0,0,0,0,0,0,0,0,1,0
10/1/2017,SVK,936,Slovak Republic,2017,0,1,1,0,1,0,0,0,0,0,0,0,0,0,1,0
1/1/2018,SVK,936,Slovak Republic,2018,0,1,1,0,1,0,0,0,0,0,0,0,0,0,1,0
4/1/2018,SVK,936,Slovak Republic,2018,0,1,1,0,1,0,0,0,0,0,0,0,0,0,1,0
7/1/2018,SVK,936,Slovak Republic,2018,0,1,1,0,1,0,0,0,0,0,0,0,0,0,1,0
10/1/2018,SVK,936,Slovak Republic,2018,0,1,1,0,1,0,0,0,0,0,0,0,0,0,1,0
1/1/2019,SVK,936,Slovak Republic,2019,0,1,1,0,1,0,0,0,0,0,0,0,0,0,1,0
4/1/2019,SVK,936,Slovak Republic,2019,0,1,1,0,1,0,0,0,0,0,0,0,0,0,1,0
7/1/2019,SVK,936,Slovak Republic,2019,0,1,1,0,1,0,0,0,0,0,0,0,0,0,1,0
10/1/2019,SVK,936,Slovak Republic,2019,0,1,1,0,1,0,0,0,0,0,0,0,0,0,1,0
1/1/2020,SVK,936,Slovak Republic,2020,0,1,1,0,1,0,0,0,0,0,0,0,0,0,1,0
4/1/2020,SVK,936,Slovak Republic,2020,0,1,1,0,1,0,0,0,0,0,0,0,0,0,1,0
7/1/2020,SVK,936,Slovak Republic,2020,0,1,1,0,1,0,0,0,0,0,0,0,0,0,1,0
10/1/2020,SVK,936,Slovak Republic,2020,0,1,1,0,1,0,0,0,0,0,0,0,0,0,1,0
1/1/2021,SVK,936,Slovak Republic,2021,0,1,1,0,1,0,0,0,0,0,0,0,0,0,1,0
4/1/2021,SVK,936,Slovak Republic,2021,0,1,1,0,1,0,0,0,0,0,0,0,0,0,1,0
7/1/2021,SVK,936,Slovak Republic,2021,0,1,1,0,1,0,0,0,0,0,0,0,0,0,1,0
10/1/2021,SVK,936,Slovak Republic,2021,0,1,1,0,1,0,0,0,0,0,0,0,0,0,1,0
1/1/2022,SVK,936,Slovak Republic,2022,0,1,1,0,1,0,0,0,0,0,0,0,0,0,1,0
4/1/2022,SVK,936,Slovak Republic,2022,0,1,1,0,1,0,0,0,0,0,0,0,0,0,1,0
7/1/2022,SVK,936,Slovak Republic,2022,0,1,1,0,1,0,0,0,0,0,0,0,0,0,1,0
10/1/2022,SVK,936,Slovak Republic,2022,0,1,1,0,1,0,0,0,0,0,0,0,0,0,1,0
1/1/2023,SVK,936,Slovak Republic,2023,0,1,1,0,1,0,0,0,0,0,0,0,0,0,1,0
4/1/2023,SVK,936,Slovak Republic,2023,0,1,1,0,1,0,0,0,0,0,0,0,0,0,1,0
7/1/2023,SVK,936,Slovak Republic,2023,0,1,1,0,1,0,0,0,0,0,0,0,0,0,1,0
10/1/2023,SVK,936,Slovak Republic,2023,0,1,1,0,1,0,0,0,0,0,0,0,0,0,1,0
1/1/2024,SVK,936,Slovak Republic,2024,0,1,1,0,1,0,0,0,0,0,0,0,0,0,1,0
4/1/2024,SVK,936,Slovak Republic,2024,0,1,1,0,1,0,0,0,0,0,0,0,0,0,1,0
7/1/2024,SVK,936,Slovak Republic,2024,0,1,1,0,1,0,0,0,0,0,0,0,0,0,1,0
10/1/2024,SVK,936,Slovak Republic,2024,0,1,1,0,1,0,0,0,0,0,0,0,0,0,1,0
1/1/1993,EST,939,Estonia,1993,0,1,0,0,1,0,0,0,0,0,0,0,0,0,0,0
4/1/1993,EST,939,Estonia,1993,0,1,0,0,1,0,0,0,0,0,0,0,0,0,0,0
7/1/1993,EST,939,Estonia,1993,0,1,0,0,1,0,0,0,0,0,0,0,0,0,0,0
10/1/1993,EST,939,Estonia,1993,0,1,0,0,1,0,0,0,0,0,0,0,0,0,0,0
1/1/1994,EST,939,Estonia,1994,0,1,0,0,1,0,0,0,0,0,0,0,0,0,0,0
4/1/1994,EST,939,Estonia,1994,0,1,0,0,1,0,0,0,0,0,0,0,0,0,0,0
7/1/1994,EST,939,Estonia,1994,0,1,0,0,1,0,0,0,0,0,0,0,0,0,0,0
10/1/1994,EST,939,Estonia,1994,0,1,0,0,1,0,0,0,0,0,0,0,0,0,0,0
1/1/1995,EST,939,Estonia,1995,0,1,0,0,1,0,0,0,0,0,0,0,0,0,0,0
4/1/1995,EST,939,Estonia,1995,0,1,0,0,1,0,0,0,0,0,0,0,0,0,0,0
7/1/1995,EST,939,Estonia,1995,0,1,0,0,1,0,0,0,0,0,0,0,0,0,0,0
10/1/1995,EST,939,Estonia,1995,0,1,0,0,1,0,0,0,0,0,0,0,0,0,0,0
1/1/1996,EST,939,Estonia,1996,0,1,0,0,1,0,0,0,0,0,0,0,0,0,0,0
4/1/1996,EST,939,Estonia,1996,0,1,0,0,1,0,0,0,0,0,0,0,0,0,0,0
7/1/1996,EST,939,Estonia,1996,0,1,0,0,1,0,0,0,0,0,0,0,0,0,0,0
10/1/1996,EST,939,Estonia,1996,0,1,0,0,1,0,0,0,0,0,0,0,0,0,0,0
1/1/1997,EST,939,Estonia,1997,0,1,0,0,1,0,0,0,0,0,0,0,0,0,0,0
4/1/1997,EST,939,Estonia,1997,0,1,0,0,1,0,0,0,0,0,0,0,0,0,0,0
7/1/1997,EST,939,Estonia,1997,0,1,0,0,1,0,0,0,0,0,0,0,0,0,0,0
10/1/1997,EST,939,Estonia,1997,0,1,0,0,1,0,0,0,0,0,0,0,0,0,0,0
1/1/1998,EST,939,Estonia,1998,0,1,0,0,1,0,0,0,0,0,0,0,0,0,0,0
4/1/1998,EST,939,Estonia,1998,0,1,0,0,1,0,0,0,0,0,0,0,0,0,0,0
7/1/1998,EST,939,Estonia,1998,0,1,0,0,1,0,0,0,0,0,0,0,0,0,0,0
10/1/1998,EST,939,Estonia,1998,0,1,0,0,1,0,0,0,0,0,0,0,0,0,0,0
1/1/1999,EST,939,Estonia,1999,0,1,0,0,1,0,0,0,0,0,0,0,0,0,0,0
4/1/1999,EST,939,Estonia,1999,0,1,0,0,1,0,0,0,0,0,0,0,0,0,0,0
7/1/1999,EST,939,Estonia,1999,0,1,0,0,1,0,0,0,0,0,0,0,0,0,0,0
10/1/1999,EST,939,Estonia,1999,0,1,0,0,1,0,0,0,0,0,0,0,0,0,0,0
1/1/2000,EST,939,Estonia,2000,0,1,0,0,1,0,0,0,0,0,0,0,0,0,0,0
4/1/2000,EST,939,Estonia,2000,0,1,0,0,1,0,0,0,0,0,0,0,0,0,0,0
7/1/2000,EST,939,Estonia,2000,0,1,0,0,1,0,0,0,0,0,0,0,0,0,0,0
10/1/2000,EST,939,Estonia,2000,0,1,0,0,1,0,0,0,0,0,0,0,0,0,0,0
1/1/2001,EST,939,Estonia,2001,0,1,0,0,1,0,0,0,0,0,0,0,0,0,0,0
4/1/2001,EST,939,Estonia,2001,0,1,0,0,1,0,0,0,0,0,0,0,0,0,0,0
7/1/2001,EST,939,Estonia,2001,0,1,0,0,1,0,0,0,0,0,0,0,0,0,0,0
10/1/2001,EST,939,Estonia,2001,0,1,0,0,1,0,0,0,0,0,0,0,0,0,0,0
1/1/2002,EST,939,Estonia,2002,0,1,0,0,1,0,0,0,0,0,0,0,0,0,0,0
4/1/2002,EST,939,Estonia,2002,0,1,0,0,1,0,0,0,0,0,0,0,0,0,0,0
7/1/2002,EST,939,Estonia,2002,0,1,0,0,1,0,0,0,0,0,0,0,0,0,0,0
10/1/2002,EST,939,Estonia,2002,0,1,0,0,1,0,0,0,0,0,0,0,0,0,0,0
1/1/2003,EST,939,Estonia,2003,0,1,0,0,1,0,0,0,0,0,0,0,0,0,0,0
4/1/2003,EST,939,Estonia,2003,0,1,0,0,1,0,0,0,0,0,0,0,0,0,0,0
7/1/2003,EST,939,Estonia,2003,0,1,0,0,1,0,0,0,0,0,0,0,0,0,0,0
10/1/2003,EST,939,Estonia,2003,0,1,0,0,1,0,0,0,0,0,0,0,0,0,0,0
1/1/2004,EST,939,Estonia,2004,0,1,0,0,1,0,0,0,0,0,0,0,0,0,0,0
4/1/2004,EST,939,Estonia,2004,0,1,0,0,1,0,0,0,0,0,0,0,0,0,0,0
7/1/2004,EST,939,Estonia,2004,0,1,0,0,1,0,0,0,0,0,0,0,0,0,0,0
10/1/2004,EST,939,Estonia,2004,0,1,0,0,1,0,0,0,0,0,0,0,0,0,0,0
1/1/2005,EST,939,Estonia,2005,0,1,0,0,1,0,0,0,0,0,0,0,0,0,0,0
4/1/2005,EST,939,Estonia,2005,0,1,0,0,1,0,0,0,0,0,0,0,0,0,0,0
7/1/2005,EST,939,Estonia,2005,0,1,0,0,1,0,0,0,0,0,0,0,0,0,0,0
10/1/2005,EST,939,Estonia,2005,0,1,0,0,1,0,0,0,0,0,0,0,0,0,0,0
1/1/2006,EST,939,Estonia,2006,0,1,0,0,1,0,0,0,0,0,0,0,0,0,0,0
4/1/2006,EST,939,Estonia,2006,0,1,0,0,1,0,0,0,0,0,0,0,0,0,0,0
7/1/2006,EST,939,Estonia,2006,0,1,0,0,1,0,0,0,0,0,0,0,0,0,0,0
10/1/2006,EST,939,Estonia,2006,0,1,0,0,1,0,0,0,0,0,0,0,0,0,0,0
1/1/2007,EST,939,Estonia,2007,0,1,0,0,1,0,0,0,0,0,0,0,0,0,0,0
4/1/2007,EST,939,Estonia,2007,0,1,0,0,1,0,0,0,0,0,0,0,0,0,0,0
7/1/2007,EST,939,Estonia,2007,0,1,0,0,1,0,0,0,0,0,0,0,0,0,0,0
10/1/2007,EST,939,Estonia,2007,0,1,0,0,1,0,0,0,0,0,0,0,0,0,0,0
1/1/2008,EST,939,Estonia,2008,0,1,0,0,1,0,0,0,0,0,0,0,0,0,0,0
4/1/2008,EST,939,Estonia,2008,0,1,0,0,1,0,0,0,0,0,0,0,0,0,0,0
7/1/2008,EST,939,Estonia,2008,0,1,0,0,1,0,0,0,0,0,0,0,0,0,0,0
10/1/2008,EST,939,Estonia,2008,0,1,0,0,1,0,0,0,0,0,0,0,0,0,0,0
1/1/2009,EST,939,Estonia,2009,0,1,0,0,1,0,0,0,0,0,0,0,0,0,0,0
4/1/2009,EST,939,Estonia,2009,0,1,0,0,1,0,0,0,0,0,0,0,0,0,0,0
7/1/2009,EST,939,Estonia,2009,0,1,0,0,1,0,0,0,0,0,0,0,0,0,0,0
10/1/2009,EST,939,Estonia,2009,0,1,0,0,1,0,0,0,0,0,0,0,0,0,0,0
1/1/2010,EST,939,Estonia,2010,0,1,0,0,1,0,0,0,0,0,0,0,0,0,0,0
4/1/2010,EST,939,Estonia,2010,0,1,0,0,1,0,0,0,0,0,0,0,0,0,0,0
7/1/2010,EST,939,Estonia,2010,0,1,0,0,1,0,0,0,0,0,0,0,0,0,0,0
10/1/2010,EST,939,Estonia,2010,0,1,0,0,1,0,0,0,0,0,0,0,0,0,0,0
1/1/2011,EST,939,Estonia,2011,0,1,0,0,1,0,0,0,0,0,0,0,0,0,1,1
4/1/2011,EST,939,Estonia,2011,0,1,0,0,1,0,0,0,0,0,0,0,0,0,1,0
7/1/2011,EST,939,Estonia,2011,0,1,0,0,1,0,0,0,0,0,0,0,0,0,1,0
10/1/2011,EST,939,Estonia,2011,0,1,0,0,1,0,0,0,0,0,0,0,0,0,1,0
1/1/2012,EST,939,Estonia,2012,0,1,0,0,1,0,0,0,0,0,0,0,0,0,1,0
4/1/2012,EST,939,Estonia,2012,0,1,0,0,1,0,0,0,0,0,0,0,0,0,1,0
7/1/2012,EST,939,Estonia,2012,0,1,0,0,1,0,0,0,0,0,0,0,0,0,1,0
10/1/2012,EST,939,Estonia,2012,0,1,0,0,1,0,0,0,0,0,0,0,0,0,1,0
1/1/2013,EST,939,Estonia,2013,0,1,0,0,1,0,0,0,0,0,0,0,0,0,1,0
4/1/2013,EST,939,Estonia,2013,0,1,0,0,1,0,0,0,0,0,0,0,0,0,1,0
7/1/2013,EST,939,Estonia,2013,0,1,0,0,1,0,0,0,0,0,0,0,0,0,1,0
10/1/2013,EST,939,Estonia,2013,0,1,0,0,1,0,0,0,0,0,0,0,0,0,1,0
1/1/2014,EST,939,Estonia,2014,0,1,0,0,1,0,0,0,0,0,0,0,0,0,1,0
4/1/2014,EST,939,Estonia,2014,0,1,0,0,1,0,0,0,0,0,0,0,0,0,1,0
7/1/2014,EST,939,Estonia,2014,0,1,0,0,1,0,0,0,0,0,0,0,0,0,1,0
10/1/2014,EST,939,Estonia,2014,0,1,0,0,1,0,0,0,0,0,0,0,0,0,1,0
1/1/2015,EST,939,Estonia,2015,0,1,0,0,1,0,0,0,0,0,0,0,0,0,1,0
4/1/2015,EST,939,Estonia,2015,0,1,0,0,1,0,0,0,0,0,0,0,0,0,1,0
7/1/2015,EST,939,Estonia,2015,0,1,0,0,1,0,0,0,0,0,0,0,0,0,1,0
10/1/2015,EST,939,Estonia,2015,0,1,0,0,1,0,0,0,0,0,0,0,0,0,1,0
1/1/2016,EST,939,Estonia,2016,0,1,0,0,1,0,0,0,0,0,0,0,0,0,1,0
4/1/2016,EST,939,Estonia,2016,0,1,0,0,1,0,0,0,0,0,0,0,0,0,1,0
7/1/2016,EST,939,Estonia,2016,0,1,0,0,1,0,0,0,0,0,0,0,0,0,1,0
10/1/2016,EST,939,Estonia,2016,0,1,0,0,1,0,0,0,0,0,0,0,0,0,1,0
1/1/2017,EST,939,Estonia,2017,0,1,0,0,1,0,0,0,0,0,0,0,0,0,1,0
4/1/2017,EST,939,Estonia,2017,0,1,0,0,1,0,0,0,0,0,0,0,0,0,1,0
7/1/2017,EST,939,Estonia,2017,0,1,0,0,1,0,0,0,0,0,0,0,0,0,1,0
10/1/2017,EST,939,Estonia,2017,0,1,0,0,1,0,0,0,0,0,0,0,0,0,1,0
1/1/2018,EST,939,Estonia,2018,0,1,0,0,1,0,0,0,0,0,0,0,0,0,1,0
4/1/2018,EST,939,Estonia,2018,0,1,0,0,1,0,0,0,0,0,0,0,0,0,1,0
7/1/2018,EST,939,Estonia,2018,0,1,0,0,1,0,0,0,0,0,0,0,0,0,1,0
10/1/2018,EST,939,Estonia,2018,0,1,0,0,1,0,0,0,0,0,0,0,0,0,1,0
1/1/2019,EST,939,Estonia,2019,0,1,0,0,1,0,0,0,0,0,0,0,0,0,1,0
4/1/2019,EST,939,Estonia,2019,0,1,0,0,1,0,0,0,0,0,0,0,0,0,1,0
7/1/2019,EST,939,Estonia,2019,0,1,0,0,1,0,0,0,0,0,0,0,0,0,1,0
10/1/2019,EST,939,Estonia,2019,0,1,0,0,1,0,0,0,0,0,0,0,0,0,1,0
1/1/2020,EST,939,Estonia,2020,0,1,0,0,1,0,0,0,0,0,0,0,0,0,1,0
4/1/2020,EST,939,Estonia,2020,0,1,0,0,1,0,0,0,0,0,0,0,0,0,1,0
7/1/2020,EST,939,Estonia,2020,0,1,0,0,1,0,0,0,0,0,0,0,0,0,1,0
10/1/2020,EST,939,Estonia,2020,0,1,0,0,1,0,0,0,0,0,0,0,0,0,1,0
1/1/2021,EST,939,Estonia,2021,0,1,0,0,1,0,0,0,0,0,0,0,0,0,1,0
4/1/2021,EST,939,Estonia,2021,0,1,0,0,1,0,0,0,0,0,0,0,0,0,1,0
7/1/2021,EST,939,Estonia,2021,0,1,0,0,1,0,0,0,0,0,0,0,0,0,1,0
10/1/2021,EST,939,Estonia,2021,0,1,0,0,1,0,0,0,0,0,0,0,0,0,1,0
1/1/2022,EST,939,Estonia,2022,0,1,0,0,1,0,0,0,0,0,0,0,0,0,1,0
4/1/2022,EST,939,Estonia,2022,0,1,0,0,1,0,0,0,0,0,0,0,0,0,1,0
7/1/2022,EST,939,Estonia,2022,0,1,0,0,1,0,0,0,0,0,0,0,0,0,1,0
10/1/2022,EST,939,Estonia,2022,0,1,0,0,1,0,0,0,0,0,0,0,0,0,1,0
1/1/2023,EST,939,Estonia,2023,0,1,0,0,1,0,0,0,0,0,0,0,0,0,1,0
4/1/2023,EST,939,Estonia,2023,0,1,0,0,1,0,0,0,0,0,0,0,0,0,1,0
7/1/2023,EST,939,Estonia,2023,0,1,0,0,1,0,0,0,0,0,0,0,0,0,1,0
10/1/2023,EST,939,Estonia,2023,0,1,0,0,1,0,0,0,0,0,0,0,0,0,1,0
1/1/2024,EST,939,Estonia,2024,0,1,0,0,1,0,0,0,0,0,0,0,0,0,1,0
4/1/2024,EST,939,Estonia,2024,0,1,0,0,1,0,0,0,0,0,0,0,0,0,1,0
7/1/2024,EST,939,Estonia,2024,0,1,0,0,1,0,0,0,0,0,0,0,0,0,1,0
10/1/2024,EST,939,Estonia,2024,0,1,0,0,1,0,0,0,0,0,0,0,0,0,1,0
1/1/1993,LVA,941,Latvia,1993,0,1,0,0,1,0,0,0,0,0,0,0,0,0,0,0
4/1/1993,LVA,941,Latvia,1993,0,1,0,0,1,0,0,0,0,0,0,0,0,0,0,0
7/1/1993,LVA,941,Latvia,1993,0,1,0,0,1,0,0,0,0,0,0,0,0,0,0,0
10/1/1993,LVA,941,Latvia,1993,0,1,0,0,1,0,0,0,0,0,0,0,0,0,0,0
1/1/1994,LVA,941,Latvia,1994,0,1,0,0,1,0,0,0,0,0,0,0,0,0,0,0
4/1/1994,LVA,941,Latvia,1994,0,1,0,0,1,0,0,0,0,0,0,0,0,0,0,0
7/1/1994,LVA,941,Latvia,1994,0,1,0,0,1,0,0,0,0,0,0,0,0,0,0,0
10/1/1994,LVA,941,Latvia,1994,0,1,0,0,1,0,0,0,0,0,0,0,0,0,0,0
1/1/1995,LVA,941,Latvia,1995,0,1,0,0,1,0,0,0,0,0,0,0,0,0,0,0
4/1/1995,LVA,941,Latvia,1995,0,1,0,0,1,0,0,0,0,0,0,0,0,0,0,0
7/1/1995,LVA,941,Latvia,1995,0,1,0,0,1,0,0,0,0,0,0,0,0,0,0,0
10/1/1995,LVA,941,Latvia,1995,0,1,0,0,1,0,0,0,0,0,0,0,0,0,0,0
1/1/1996,LVA,941,Latvia,1996,0,1,0,0,1,0,0,0,0,0,0,0,0,0,0,0
4/1/1996,LVA,941,Latvia,1996,0,1,0,0,1,0,0,0,0,0,0,0,0,0,0,0
7/1/1996,LVA,941,Latvia,1996,0,1,0,0,1,0,0,0,0,0,0,0,0,0,0,0
10/1/1996,LVA,941,Latvia,1996,0,1,0,0,1,0,0,0,0,0,0,0,0,0,0,0
1/1/1997,LVA,941,Latvia,1997,0,1,0,0,1,0,0,0,0,0,0,0,0,0,0,0
4/1/1997,LVA,941,Latvia,1997,0,1,0,0,1,0,0,0,0,0,0,0,0,0,0,0
7/1/1997,LVA,941,Latvia,1997,0,1,0,0,1,0,0,0,0,0,0,0,0,0,0,0
10/1/1997,LVA,941,Latvia,1997,0,1,0,0,1,0,0,0,0,0,0,0,0,0,0,0
1/1/1998,LVA,941,Latvia,1998,0,1,0,0,1,0,0,0,0,0,0,0,0,0,0,0
4/1/1998,LVA,941,Latvia,1998,0,1,0,0,1,0,0,0,0,0,0,0,0,0,0,0
7/1/1998,LVA,941,Latvia,1998,0,1,0,0,1,0,0,0,0,0,0,0,0,0,0,0
10/1/1998,LVA,941,Latvia,1998,0,1,0,0,1,0,0,0,0,0,0,0,0,0,0,0
1/1/1999,LVA,941,Latvia,1999,0,1,0,0,1,0,0,0,0,0,0,0,0,0,0,0
4/1/1999,LVA,941,Latvia,1999,0,1,0,0,1,0,0,0,0,0,0,0,0,0,0,0
7/1/1999,LVA,941,Latvia,1999,0,1,0,0,1,0,0,0,0,0,0,0,0,0,0,0
10/1/1999,LVA,941,Latvia,1999,0,1,0,0,1,0,0,0,0,0,0,0,0,0,0,0
1/1/2000,LVA,941,Latvia,2000,0,1,0,0,1,0,0,0,0,0,0,0,0,0,0,0
4/1/2000,LVA,941,Latvia,2000,0,1,0,0,1,0,0,0,0,0,0,0,0,0,0,0
7/1/2000,LVA,941,Latvia,2000,0,1,0,0,1,0,0,0,0,0,0,0,0,0,0,0
10/1/2000,LVA,941,Latvia,2000,0,1,0,0,1,0,0,0,0,0,0,0,0,0,0,0
1/1/2001,LVA,941,Latvia,2001,0,1,0,0,1,0,0,0,0,0,0,0,0,0,0,0
4/1/2001,LVA,941,Latvia,2001,0,1,0,0,1,0,0,0,0,0,0,0,0,0,0,0
7/1/2001,LVA,941,Latvia,2001,0,1,0,0,1,0,0,0,0,0,0,0,0,0,0,0
10/1/2001,LVA,941,Latvia,2001,0,1,0,0,1,0,0,0,0,0,0,0,0,0,0,0
1/1/2002,LVA,941,Latvia,2002,0,1,0,0,1,0,0,0,0,0,0,0,0,0,0,0
4/1/2002,LVA,941,Latvia,2002,0,1,0,0,1,0,0,0,0,0,0,0,0,0,0,0
7/1/2002,LVA,941,Latvia,2002,0,1,0,0,1,0,0,0,0,0,0,0,0,0,0,0
10/1/2002,LVA,941,Latvia,2002,0,1,0,0,1,0,0,0,0,0,0,0,0,0,0,0
1/1/2003,LVA,941,Latvia,2003,0,1,0,0,1,0,0,0,0,0,0,0,0,0,0,0
4/1/2003,LVA,941,Latvia,2003,0,1,0,0,1,0,0,0,0,0,0,0,0,0,0,0
7/1/2003,LVA,941,Latvia,2003,0,1,0,0,1,0,0,0,0,0,0,0,0,0,0,0
10/1/2003,LVA,941,Latvia,2003,0,1,0,0,1,0,0,0,0,0,0,0,0,0,0,0
1/1/2004,LVA,941,Latvia,2004,0,1,0,0,1,0,0,0,0,0,0,0,0,0,0,0
4/1/2004,LVA,941,Latvia,2004,0,1,0,0,1,0,0,0,0,0,0,0,0,0,0,0
7/1/2004,LVA,941,Latvia,2004,0,1,0,0,1,0,0,0,0,0,0,0,0,0,0,0
10/1/2004,LVA,941,Latvia,2004,0,1,0,0,1,0,0,0,0,0,0,0,0,0,0,0
1/1/2005,LVA,941,Latvia,2005,0,1,0,0,1,0,0,0,0,0,0,0,0,0,0,0
4/1/2005,LVA,941,Latvia,2005,0,1,0,0,1,0,0,0,0,0,0,0,0,0,0,0
7/1/2005,LVA,941,Latvia,2005,0,1,0,0,1,0,0,0,0,0,0,0,0,0,0,0
10/1/2005,LVA,941,Latvia,2005,0,1,0,0,1,0,0,0,0,0,0,0,0,0,0,0
1/1/2006,LVA,941,Latvia,2006,0,1,0,0,1,0,0,0,0,0,0,0,0,0,0,0
4/1/2006,LVA,941,Latvia,2006,0,1,0,0,1,0,0,0,0,0,0,0,0,0,0,0
7/1/2006,LVA,941,Latvia,2006,0,1,0,0,1,0,0,0,0,0,0,0,0,0,0,0
10/1/2006,LVA,941,Latvia,2006,0,1,0,0,1,0,0,0,0,0,0,0,0,0,0,0
1/1/2007,LVA,941,Latvia,2007,0,1,0,0,1,0,0,0,0,0,0,0,0,0,0,0
4/1/2007,LVA,941,Latvia,2007,0,1,0,0,1,0,0,0,0,0,0,0,0,0,0,0
7/1/2007,LVA,941,Latvia,2007,0,1,0,0,1,0,0,0,0,0,0,0,0,0,0,0
10/1/2007,LVA,941,Latvia,2007,0,1,0,0,1,0,0,0,0,0,0,0,0,0,0,0
1/1/2008,LVA,941,Latvia,2008,0,1,0,0,1,0,0,0,0,0,0,0,0,0,0,0
4/1/2008,LVA,941,Latvia,2008,0,1,0,0,1,0,0,0,0,0,0,0,0,0,0,0
7/1/2008,LVA,941,Latvia,2008,0,1,0,0,1,0,0,0,0,0,0,0,0,0,0,0
10/1/2008,LVA,941,Latvia,2008,0,1,0,0,1,0,0,0,0,0,0,0,0,0,0,0
1/1/2009,LVA,941,Latvia,2009,0,1,0,0,1,0,0,0,0,0,0,0,0,0,0,0
4/1/2009,LVA,941,Latvia,2009,0,1,0,0,1,0,0,0,0,0,0,0,0,0,0,0
7/1/2009,LVA,941,Latvia,2009,0,1,0,0,1,0,0,0,0,0,0,0,0,0,0,0
10/1/2009,LVA,941,Latvia,2009,0,1,0,0,1,0,0,0,0,0,0,0,0,0,0,0
1/1/2010,LVA,941,Latvia,2010,0,1,0,0,1,0,0,0,0,0,0,0,0,0,0,0
4/1/2010,LVA,941,Latvia,2010,0,1,0,0,1,0,0,0,0,0,0,0,0,0,0,0
7/1/2010,LVA,941,Latvia,2010,0,1,0,0,1,0,0,0,0,0,0,0,0,0,0,0
10/1/2010,LVA,941,Latvia,2010,0,1,0,0,1,0,0,0,0,0,0,0,0,0,0,0
1/1/2011,LVA,941,Latvia,2011,0,1,0,0,1,0,0,0,0,0,0,0,0,0,0,0
4/1/2011,LVA,941,Latvia,2011,0,1,0,0,1,0,0,0,0,0,0,0,0,0,0,0
7/1/2011,LVA,941,Latvia,2011,0,1,0,0,1,0,0,0,0,0,0,0,0,0,0,0
10/1/2011,LVA,941,Latvia,2011,0,1,0,0,1,0,0,0,0,0,0,0,0,0,0,0
1/1/2012,LVA,941,Latvia,2012,0,1,0,0,1,0,0,0,0,0,0,0,0,0,0,0
4/1/2012,LVA,941,Latvia,2012,0,1,0,0,1,0,0,0,0,0,0,0,0,0,0,0
7/1/2012,LVA,941,Latvia,2012,0,1,0,0,1,0,0,0,0,0,0,0,0,0,0,0
10/1/2012,LVA,941,Latvia,2012,0,1,0,0,1,0,0,0,0,0,0,0,0,0,0,0
1/1/2013,LVA,941,Latvia,2013,0,1,0,0,1,0,0,0,0,0,0,0,0,0,0,0
4/1/2013,LVA,941,Latvia,2013,0,1,0,0,1,0,0,0,0,0,0,0,0,0,0,0
7/1/2013,LVA,941,Latvia,2013,0,1,0,0,1,0,0,0,0,0,0,0,0,0,0,0
10/1/2013,LVA,941,Latvia,2013,0,1,0,0,1,0,0,0,0,0,0,0,0,0,0,0
1/1/2014,LVA,941,Latvia,2014,0,1,0,0,1,0,0,0,0,0,0,0,0,0,1,1
4/1/2014,LVA,941,Latvia,2014,0,1,0,0,1,0,0,0,0,0,0,0,0,0,1,0
7/1/2014,LVA,941,Latvia,2014,0,1,0,0,1,0,0,0,0,0,0,0,0,0,1,0
10/1/2014,LVA,941,Latvia,2014,0,1,0,0,1,0,0,0,0,0,0,0,0,0,1,0
1/1/2015,LVA,941,Latvia,2015,0,1,0,0,1,0,0,0,0,0,0,0,0,0,1,0
4/1/2015,LVA,941,Latvia,2015,0,1,0,0,1,0,0,0,0,0,0,0,0,0,1,0
7/1/2015,LVA,941,Latvia,2015,0,1,0,0,1,0,0,0,0,0,0,0,0,0,1,0
10/1/2015,LVA,941,Latvia,2015,0,1,0,0,1,0,0,0,0,0,0,0,0,0,1,0
1/1/2016,LVA,941,Latvia,2016,0,1,0,0,1,0,0,0,0,0,0,0,0,0,1,0
4/1/2016,LVA,941,Latvia,2016,0,1,0,0,1,0,0,0,0,0,0,0,0,0,1,0
7/1/2016,LVA,941,Latvia,2016,0,1,0,0,1,0,0,0,0,0,0,0,0,0,1,0
10/1/2016,LVA,941,Latvia,2016,0,1,0,0,1,0,0,0,0,0,0,0,0,0,1,0
1/1/2017,LVA,941,Latvia,2017,0,1,0,0,1,0,0,0,0,0,0,0,0,0,1,0
4/1/2017,LVA,941,Latvia,2017,0,1,0,0,1,0,0,0,0,0,0,0,0,0,1,0
7/1/2017,LVA,941,Latvia,2017,0,1,0,0,1,0,0,0,0,0,0,0,0,0,1,0
10/1/2017,LVA,941,Latvia,2017,0,1,0,0,1,0,0,0,0,0,0,0,0,0,1,0
1/1/2018,LVA,941,Latvia,2018,0,1,0,0,1,0,0,0,0,0,0,0,0,0,1,0
4/1/2018,LVA,941,Latvia,2018,0,1,0,0,1,0,0,0,0,0,0,0,0,0,1,0
7/1/2018,LVA,941,Latvia,2018,0,1,0,0,1,0,0,0,0,0,0,0,0,0,1,0
10/1/2018,LVA,941,Latvia,2018,0,1,0,0,1,0,0,0,0,0,0,0,0,0,1,0
1/1/2019,LVA,941,Latvia,2019,0,1,0,0,1,0,0,0,0,0,0,0,0,0,1,0
4/1/2019,LVA,941,Latvia,2019,0,1,0,0,1,0,0,0,0,0,0,0,0,0,1,0
7/1/2019,LVA,941,Latvia,2019,0,1,0,0,1,0,0,0,0,0,0,0,0,0,1,0
10/1/2019,LVA,941,Latvia,2019,0,1,0,0,1,0,0,0,0,0,0,0,0,0,1,0
1/1/2020,LVA,941,Latvia,2020,0,1,0,0,1,0,0,0,0,0,0,0,0,0,1,0
4/1/2020,LVA,941,Latvia,2020,0,1,0,0,1,0,0,0,0,0,0,0,0,0,1,0
7/1/2020,LVA,941,Latvia,2020,0,1,0,0,1,0,0,0,0,0,0,0,0,0,1,0
10/1/2020,LVA,941,Latvia,2020,0,1,0,0,1,0,0,0,0,0,0,0,0,0,1,0
1/1/2021,LVA,941,Latvia,2021,0,1,0,0,1,0,0,0,0,0,0,0,0,0,1,0
4/1/2021,LVA,941,Latvia,2021,0,1,0,0,1,0,0,0,0,0,0,0,0,0,1,0
7/1/2021,LVA,941,Latvia,2021,0,1,0,0,1,0,0,0,0,0,0,0,0,0,1,0
10/1/2021,LVA,941,Latvia,2021,0,1,0,0,1,0,0,0,0,0,0,0,0,0,1,0
1/1/2022,LVA,941,Latvia,2022,0,1,0,0,1,0,0,0,0,0,0,0,0,0,1,0
4/1/2022,LVA,941,Latvia,2022,0,1,0,0,1,0,0,0,0,0,0,0,0,0,1,0
7/1/2022,LVA,941,Latvia,2022,0,1,0,0,1,0,0,0,0,0,0,0,0,0,1,0
10/1/2022,LVA,941,Latvia,2022,0,1,0,0,1,0,0,0,0,0,0,0,0,0,1,0
1/1/2023,LVA,941,Latvia,2023,0,1,0,0,1,0,0,0,0,0,0,0,0,0,1,0
4/1/2023,LVA,941,Latvia,2023,0,1,0,0,1,0,0,0,0,0,0,0,0,0,1,0
7/1/2023,LVA,941,Latvia,2023,0,1,0,0,1,0,0,0,0,0,0,0,0,0,1,0
10/1/2023,LVA,941,Latvia,2023,0,1,0,0,1,0,0,0,0,0,0,0,0,0,1,0
1/1/2024,LVA,941,Latvia,2024,0,1,0,0,1,0,0,0,0,0,0,0,0,0,1,0
4/1/2024,LVA,941,Latvia,2024,0,1,0,0,1,0,0,0,0,0,0,0,0,0,1,0
7/1/2024,LVA,941,Latvia,2024,0,1,0,0,1,0,0,0,0,0,0,0,0,0,1,0
10/1/2024,LVA,941,Latvia,2024,0,1,0,0,1,0,0,0,0,0,0,0,0,0,1,0
1/1/2013,MNE,943,Montenegro,2013,0,1,0,0,0,0,0,0,0,0,0,0,0,0,0,0
4/1/2013,MNE,943,Montenegro,2013,0,1,0,0,0,0,0,0,0,0,0,0,0,0,0,0
7/1/2013,MNE,943,Montenegro,2013,0,1,0,0,0,0,0,0,0,0,0,0,0,0,0,0
10/1/2013,MNE,943,Montenegro,2013,0,1,0,0,0,0,0,0,0,0,0,0,0,0,0,0
1/1/2014,MNE,943,Montenegro,2014,0,1,0,0,0,0,0,0,0,0,0,0,0,0,0,0
4/1/2014,MNE,943,Montenegro,2014,0,1,0,0,0,0,0,0,0,0,0,0,0,0,0,0
7/1/2014,MNE,943,Montenegro,2014,0,1,0,0,0,0,0,0,0,0,0,0,0,0,0,0
10/1/2014,MNE,943,Montenegro,2014,0,1,0,0,0,0,0,0,0,0,0,0,0,0,0,0
1/1/2015,MNE,943,Montenegro,2015,0,1,0,0,0,0,0,0,0,0,0,0,0,0,0,0
4/1/2015,MNE,943,Montenegro,2015,0,1,0,0,0,0,0,0,0,0,0,0,0,0,0,0
7/1/2015,MNE,943,Montenegro,2015,0,1,0,0,0,0,0,0,0,0,0,0,0,0,0,0
10/1/2015,MNE,943,Montenegro,2015,0,1,0,0,0,0,0,0,0,0,0,0,0,0,0,0
1/1/2016,MNE,943,Montenegro,2016,0,1,0,0,0,0,0,0,0,0,0,0,0,0,0,0
4/1/2016,MNE,943,Montenegro,2016,0,1,0,0,0,0,0,0,0,0,0,0,0,0,0,0
7/1/2016,MNE,943,Montenegro,2016,0,1,0,0,0,0,0,0,0,0,0,0,0,0,0,0
10/1/2016,MNE,943,Montenegro,2016,0,1,0,0,0,0,0,0,0,0,0,0,0,0,0,0
1/1/2017,MNE,943,Montenegro,2017,0,1,0,0,0,0,0,0,0,0,0,0,0,0,0,0
4/1/2017,MNE,943,Montenegro,2017,0,1,0,0,0,0,0,0,0,0,0,0,0,0,0,0
7/1/2017,MNE,943,Montenegro,2017,0,1,0,0,0,0,0,0,0,0,0,0,0,0,0,0
10/1/2017,MNE,943,Montenegro,2017,0,1,0,0,0,0,0,0,0,0,0,0,0,0,0,0
1/1/2018,MNE,943,Montenegro,2018,0,1,0,0,0,0,0,0,0,0,0,0,0,0,0,0
4/1/2018,MNE,943,Montenegro,2018,0,1,0,0,0,0,0,0,0,0,0,0,0,0,0,0
7/1/2018,MNE,943,Montenegro,2018,0,1,0,0,0,0,0,0,0,0,0,0,0,0,0,0
10/1/2018,MNE,943,Montenegro,2018,0,1,0,0,0,0,0,0,0,0,0,0,0,0,0,0
1/1/2019,MNE,943,Montenegro,2019,0,1,0,0,0,0,0,0,0,0,0,0,0,0,0,0
4/1/2019,MNE,943,Montenegro,2019,0,1,0,0,0,0,0,0,0,0,0,0,0,0,0,0
7/1/2019,MNE,943,Montenegro,2019,0,1,0,0,0,0,0,0,0,0,0,0,0,0,0,0
10/1/2019,MNE,943,Montenegro,2019,0,1,0,0,0,0,0,0,0,0,0,0,0,0,0,0
1/1/2020,MNE,943,Montenegro,2020,0,1,0,0,0,0,0,0,0,0,0,0,0,0,0,0
4/1/2020,MNE,943,Montenegro,2020,0,1,0,0,0,0,0,0,0,0,0,0,0,0,0,0
7/1/2020,MNE,943,Montenegro,2020,0,1,0,0,0,0,0,0,0,0,0,0,0,0,0,0
10/1/2020,MNE,943,Montenegro,2020,0,1,0,0,0,0,0,0,0,0,0,0,0,0,0,0
1/1/2021,MNE,943,Montenegro,2021,0,1,0,0,0,0,0,0,0,0,0,0,0,0,0,0
4/1/2021,MNE,943,Montenegro,2021,0,1,0,0,0,0,0,0,0,0,0,0,0,0,0,0
7/1/2021,MNE,943,Montenegro,2021,0,1,0,0,0,0,0,0,0,0,0,0,0,0,0,0
10/1/2021,MNE,943,Montenegro,2021,0,1,0,0,0,0,0,0,0,0,0,0,0,0,0,0
1/1/2022,MNE,943,Montenegro,2022,0,1,0,0,0,0,0,0,0,0,0,0,0,0,0,0
4/1/2022,MNE,943,Montenegro,2022,0,1,0,0,0,0,0,0,0,0,0,0,0,0,0,0
7/1/2022,MNE,943,Montenegro,2022,0,1,0,0,0,0,0,0,0,0,0,0,0,0,0,0
10/1/2022,MNE,943,Montenegro,2022,0,1,0,0,0,0,0,0,0,0,0,0,0,0,0,0
1/1/2023,MNE,943,Montenegro,2023,0,1,0,0,0,0,0,0,0,0,0,0,0,0,0,0
4/1/2023,MNE,943,Montenegro,2023,0,1,0,0,0,0,0,0,0,0,0,0,0,0,0,0
7/1/2023,MNE,943,Montenegro,2023,0,1,0,0,0,0,0,0,0,0,0,0,0,0,0,0
10/1/2023,MNE,943,Montenegro,2023,0,1,0,0,0,0,0,0,0,0,0,0,0,0,0,0
1/1/2024,MNE,943,Montenegro,2024,0,1,0,0,0,0,0,0,0,0,0,0,0,0,0,0
4/1/2024,MNE,943,Montenegro,2024,0,1,0,0,0,0,0,0,0,0,0,0,0,0,0,0
7/1/2024,MNE,943,Montenegro,2024,0,1,0,0,0,0,0,0,0,0,0,0,0,0,0,0
10/1/1989,HUN,944,Hungary,1989,0,1,1,0,1,0,0,0,0,0,0,0,1,0,0,0
1/1/1990,HUN,944,Hungary,1990,0,1,1,0,1,0,0,0,0,0,0,0,1,0,0,0
4/1/1990,HUN,944,Hungary,1990,0,1,1,0,1,0,0,0,0,0,0,0,1,0,0,0
7/1/1990,HUN,944,Hungary,1990,0,1,1,0,1,0,0,0,0,0,0,0,1,0,0,0
10/1/1990,HUN,944,Hungary,1990,0,1,1,0,1,0,0,0,0,0,0,0,1,0,0,0
1/1/1991,HUN,944,Hungary,1991,0,1,1,0,1,0,0,0,0,0,0,0,1,0,0,0
4/1/1991,HUN,944,Hungary,1991,0,1,1,0,1,0,0,0,0,0,0,0,1,0,0,0
7/1/1991,HUN,944,Hungary,1991,0,1,1,0,1,0,0,0,0,0,0,0,1,0,0,0
10/1/1991,HUN,944,Hungary,1991,0,1,1,0,1,0,0,0,0,0,0,0,1,0,0,0
1/1/1992,HUN,944,Hungary,1992,0,1,1,0,1,0,0,0,0,0,0,0,1,0,0,0
4/1/1992,HUN,944,Hungary,1992,0,1,1,0,1,0,0,0,0,0,0,0,1,0,0,0
7/1/1992,HUN,944,Hungary,1992,0,1,1,0,1,0,0,0,0,0,0,0,1,0,0,0
10/1/1992,HUN,944,Hungary,1992,0,1,1,0,1,0,0,0,0,0,0,0,1,0,0,0
1/1/1993,HUN,944,Hungary,1993,0,1,1,0,1,0,0,0,0,0,0,0,1,0,0,0
4/1/1993,HUN,944,Hungary,1993,0,1,1,0,1,0,0,0,0,0,0,0,1,0,0,0
7/1/1993,HUN,944,Hungary,1993,0,1,1,0,1,0,0,0,0,0,0,0,1,0,0,0
10/1/1993,HUN,944,Hungary,1993,0,1,1,0,1,0,0,0,0,0,0,0,1,0,0,0
1/1/1994,HUN,944,Hungary,1994,0,1,1,0,1,0,0,0,0,0,0,0,1,0,0,0
4/1/1994,HUN,944,Hungary,1994,0,1,1,0,1,0,0,0,0,0,0,0,1,0,0,0
7/1/1994,HUN,944,Hungary,1994,0,1,1,0,1,0,0,0,0,0,0,0,1,0,0,0
10/1/1994,HUN,944,Hungary,1994,0,1,1,0,1,0,0,0,0,0,0,0,1,0,0,0
1/1/1995,HUN,944,Hungary,1995,0,1,1,0,1,0,0,0,0,0,0,0,1,0,0,0
4/1/1995,HUN,944,Hungary,1995,0,1,1,0,1,0,0,0,0,0,0,0,1,0,0,0
7/1/1995,HUN,944,Hungary,1995,0,1,1,0,1,0,0,0,0,0,0,0,1,0,0,0
10/1/1995,HUN,944,Hungary,1995,0,1,1,0,1,0,0,0,0,0,0,0,1,0,0,0
1/1/1996,HUN,944,Hungary,1996,0,1,1,0,1,0,0,0,0,0,0,0,1,0,0,0
4/1/1996,HUN,944,Hungary,1996,0,1,1,0,1,0,0,0,0,0,0,0,1,0,0,0
7/1/1996,HUN,944,Hungary,1996,0,1,1,0,1,0,0,0,0,0,0,0,1,0,0,0
10/1/1996,HUN,944,Hungary,1996,0,1,1,0,1,0,0,0,0,0,0,0,1,0,0,0
1/1/1997,HUN,944,Hungary,1997,0,1,1,0,1,0,0,0,0,0,0,0,1,0,0,0
4/1/1997,HUN,944,Hungary,1997,0,1,1,0,1,0,0,0,0,0,0,0,1,0,0,0
7/1/1997,HUN,944,Hungary,1997,0,1,1,0,1,0,0,0,0,0,0,0,1,0,0,0
10/1/1997,HUN,944,Hungary,1997,0,1,1,0,1,0,0,0,0,0,0,0,1,0,0,0
1/1/1998,HUN,944,Hungary,1998,0,1,1,0,1,0,0,0,0,0,0,0,1,0,0,0
4/1/1998,HUN,944,Hungary,1998,0,1,1,0,1,0,0,0,0,0,0,0,1,0,0,0
7/1/1998,HUN,944,Hungary,1998,0,1,1,0,1,0,0,0,0,0,0,0,1,0,0,0
10/1/1998,HUN,944,Hungary,1998,0,1,1,0,1,0,0,0,0,0,0,0,1,0,0,0
1/1/1999,HUN,944,Hungary,1999,0,1,1,0,1,0,0,0,0,0,0,0,1,0,0,0
4/1/1999,HUN,944,Hungary,1999,0,1,1,0,1,0,0,0,0,0,0,0,1,0,0,0
7/1/1999,HUN,944,Hungary,1999,0,1,1,0,1,0,0,0,0,0,0,0,1,0,0,0
10/1/1999,HUN,944,Hungary,1999,0,1,1,0,1,0,0,0,0,0,0,0,1,0,0,0
1/1/2000,HUN,944,Hungary,2000,0,1,1,0,1,0,0,0,0,0,0,0,1,0,0,0
4/1/2000,HUN,944,Hungary,2000,0,1,1,0,1,0,0,0,0,0,0,0,1,0,0,0
7/1/2000,HUN,944,Hungary,2000,0,1,1,0,1,0,0,0,0,0,0,0,1,0,0,0
10/1/2000,HUN,944,Hungary,2000,0,1,1,0,1,0,0,0,0,0,0,0,1,0,0,0
1/1/2001,HUN,944,Hungary,2001,0,1,1,0,1,0,0,0,0,0,0,0,1,0,0,0
4/1/2001,HUN,944,Hungary,2001,0,1,1,0,1,0,0,0,0,0,0,0,1,0,0,0
7/1/2001,HUN,944,Hungary,2001,0,1,1,0,1,0,0,0,0,0,0,0,1,0,0,0
10/1/2001,HUN,944,Hungary,2001,0,1,1,0,1,0,0,0,0,0,0,0,1,0,0,0
1/1/2002,HUN,944,Hungary,2002,0,1,1,0,1,0,0,0,0,0,0,0,1,0,0,0
4/1/2002,HUN,944,Hungary,2002,0,1,1,0,1,0,0,0,0,0,0,0,1,0,0,0
7/1/2002,HUN,944,Hungary,2002,0,1,1,0,1,0,0,0,0,0,0,0,1,0,0,0
10/1/2002,HUN,944,Hungary,2002,0,1,1,0,1,0,0,0,0,0,0,0,1,0,0,0
1/1/2003,HUN,944,Hungary,2003,0,1,1,0,1,0,0,0,0,0,0,0,1,0,0,0
4/1/2003,HUN,944,Hungary,2003,0,1,1,0,1,0,0,0,0,0,0,0,1,0,0,0
7/1/2003,HUN,944,Hungary,2003,0,1,1,0,1,0,0,0,0,0,0,0,1,0,0,0
10/1/2003,HUN,944,Hungary,2003,0,1,1,0,1,0,0,0,0,0,0,0,1,0,0,0
1/1/2004,HUN,944,Hungary,2004,0,1,1,0,1,0,0,0,0,0,0,0,1,0,0,0
4/1/2004,HUN,944,Hungary,2004,0,1,1,0,1,0,0,0,0,0,0,0,1,0,0,0
7/1/2004,HUN,944,Hungary,2004,0,1,1,0,1,0,0,0,0,0,0,0,1,0,0,0
10/1/2004,HUN,944,Hungary,2004,0,1,1,0,1,0,0,0,0,0,0,0,1,0,0,0
1/1/2005,HUN,944,Hungary,2005,0,1,1,0,1,0,0,0,0,0,0,0,1,0,0,0
4/1/2005,HUN,944,Hungary,2005,0,1,1,0,1,0,0,0,0,0,0,0,1,0,0,0
7/1/2005,HUN,944,Hungary,2005,0,1,1,0,1,0,0,0,0,0,0,0,1,0,0,0
10/1/2005,HUN,944,Hungary,2005,0,1,1,0,1,0,0,0,0,0,0,0,1,0,0,0
1/1/2006,HUN,944,Hungary,2006,0,1,1,0,1,0,0,0,0,0,0,0,1,0,0,0
4/1/2006,HUN,944,Hungary,2006,0,1,1,0,1,0,0,0,0,0,0,0,1,0,0,0
7/1/2006,HUN,944,Hungary,2006,0,1,1,0,1,0,0,0,0,0,0,0,1,0,0,0
10/1/2006,HUN,944,Hungary,2006,0,1,1,0,1,0,0,0,0,0,0,0,1,0,0,0
1/1/2007,HUN,944,Hungary,2007,0,1,1,0,1,0,0,0,0,0,0,0,1,0,0,0
4/1/2007,HUN,944,Hungary,2007,0,1,1,0,1,0,0,0,0,0,0,0,1,0,0,0
7/1/2007,HUN,944,Hungary,2007,0,1,1,0,1,0,0,0,0,0,0,0,1,0,0,0
10/1/2007,HUN,944,Hungary,2007,0,1,1,0,1,0,0,0,0,0,0,0,1,0,0,0
1/1/2008,HUN,944,Hungary,2008,0,1,1,0,1,0,0,0,0,0,0,0,1,0,0,0
4/1/2008,HUN,944,Hungary,2008,0,1,1,0,1,0,0,0,0,0,0,0,1,0,0,0
7/1/2008,HUN,944,Hungary,2008,0,1,1,0,1,0,0,0,0,0,0,0,1,0,0,0
10/1/2008,HUN,944,Hungary,2008,0,1,1,0,1,0,0,0,0,0,0,0,1,0,0,0
1/1/2009,HUN,944,Hungary,2009,0,1,1,0,1,0,0,0,0,0,0,0,1,0,0,0
4/1/2009,HUN,944,Hungary,2009,0,1,1,0,1,0,0,0,0,0,0,0,1,0,0,0
7/1/2009,HUN,944,Hungary,2009,0,1,1,0,1,0,0,0,0,0,0,0,1,0,0,0
10/1/2009,HUN,944,Hungary,2009,0,1,1,0,1,0,0,0,0,0,0,0,1,0,0,0
1/1/2010,HUN,944,Hungary,2010,0,1,1,0,1,0,0,0,0,0,0,0,1,0,0,0
4/1/2010,HUN,944,Hungary,2010,0,1,1,0,1,0,0,0,0,0,0,0,1,0,0,0
7/1/2010,HUN,944,Hungary,2010,0,1,1,0,1,0,0,0,0,0,0,0,1,0,0,0
10/1/2010,HUN,944,Hungary,2010,0,1,1,0,1,0,0,0,0,0,0,0,1,0,0,0
1/1/2011,HUN,944,Hungary,2011,0,1,1,0,1,0,0,0,0,0,0,0,1,0,0,0
4/1/2011,HUN,944,Hungary,2011,0,1,1,0,1,0,0,0,0,0,0,0,1,0,0,0
7/1/2011,HUN,944,Hungary,2011,0,1,1,0,1,0,0,0,0,0,0,0,1,0,0,0
10/1/2011,HUN,944,Hungary,2011,0,1,1,0,1,0,0,0,0,0,0,0,1,0,0,0
1/1/2012,HUN,944,Hungary,2012,0,1,1,0,1,0,0,0,0,0,0,0,1,0,0,0
4/1/2012,HUN,944,Hungary,2012,0,1,1,0,1,0,0,0,0,0,0,0,1,0,0,0
7/1/2012,HUN,944,Hungary,2012,0,1,1,0,1,0,0,0,0,0,0,0,1,0,0,0
10/1/2012,HUN,944,Hungary,2012,0,1,1,0,1,0,0,0,0,0,0,0,1,0,0,0
1/1/2013,HUN,944,Hungary,2013,0,1,1,0,1,0,0,0,0,0,0,0,1,0,0,0
4/1/2013,HUN,944,Hungary,2013,0,1,1,0,1,0,0,0,0,0,0,0,1,0,0,0
7/1/2013,HUN,944,Hungary,2013,0,1,1,0,1,0,0,0,0,0,0,0,1,0,0,0
10/1/2013,HUN,944,Hungary,2013,0,1,1,0,1,0,0,0,0,0,0,0,1,0,0,0
1/1/2014,HUN,944,Hungary,2014,0,1,1,0,1,0,0,0,0,0,0,0,1,0,0,0
4/1/2014,HUN,944,Hungary,2014,0,1,1,0,1,0,0,0,0,0,0,0,1,0,0,0
7/1/2014,HUN,944,Hungary,2014,0,1,1,0,1,0,0,0,0,0,0,0,1,0,0,0
10/1/2014,HUN,944,Hungary,2014,0,1,1,0,1,0,0,0,0,0,0,0,1,0,0,0
1/1/2015,HUN,944,Hungary,2015,0,1,1,0,1,0,0,0,0,0,0,0,1,0,0,0
4/1/2015,HUN,944,Hungary,2015,0,1,1,0,1,0,0,0,0,0,0,0,1,0,0,0
7/1/2015,HUN,944,Hungary,2015,0,1,1,0,1,0,0,0,0,0,0,0,1,0,0,0
10/1/2015,HUN,944,Hungary,2015,0,1,1,0,1,0,0,0,0,0,0,0,1,0,0,0
1/1/2016,HUN,944,Hungary,2016,0,1,1,0,1,0,0,0,0,0,0,0,1,0,0,0
4/1/2016,HUN,944,Hungary,2016,0,1,1,0,1,0,0,0,0,0,0,0,1,0,0,0
7/1/2016,HUN,944,Hungary,2016,0,1,1,0,1,0,0,0,0,0,0,0,1,0,0,0
10/1/2016,HUN,944,Hungary,2016,0,1,1,0,1,0,0,0,0,0,0,0,1,0,0,0
1/1/2017,HUN,944,Hungary,2017,0,1,1,0,1,0,0,0,0,0,0,0,1,0,0,0
4/1/2017,HUN,944,Hungary,2017,0,1,1,0,1,0,0,0,0,0,0,0,1,0,0,0
7/1/2017,HUN,944,Hungary,2017,0,1,1,0,1,0,0,0,0,0,0,0,1,0,0,0
10/1/2017,HUN,944,Hungary,2017,0,1,1,0,1,0,0,0,0,0,0,0,1,0,0,0
1/1/2018,HUN,944,Hungary,2018,0,1,1,0,1,0,0,0,0,0,0,0,1,0,0,0
4/1/2018,HUN,944,Hungary,2018,0,1,1,0,1,0,0,0,0,0,0,0,1,0,0,0
7/1/2018,HUN,944,Hungary,2018,0,1,1,0,1,0,0,0,0,0,0,0,1,0,0,0
10/1/2018,HUN,944,Hungary,2018,0,1,1,0,1,0,0,0,0,0,0,0,1,0,0,0
1/1/2019,HUN,944,Hungary,2019,0,1,1,0,1,0,0,0,0,0,0,0,1,0,0,0
4/1/2019,HUN,944,Hungary,2019,0,1,1,0,1,0,0,0,0,0,0,0,1,0,0,0
7/1/2019,HUN,944,Hungary,2019,0,1,1,0,1,0,0,0,0,0,0,0,1,0,0,0
10/1/2019,HUN,944,Hungary,2019,0,1,1,0,1,0,0,0,0,0,0,0,1,0,0,0
1/1/2020,HUN,944,Hungary,2020,0,1,1,0,1,0,0,0,0,0,0,0,1,0,0,0
4/1/2020,HUN,944,Hungary,2020,0,1,1,0,1,0,0,0,0,0,0,0,1,0,0,0
7/1/2020,HUN,944,Hungary,2020,0,1,1,0,1,0,0,0,0,0,0,0,1,0,0,0
10/1/2020,HUN,944,Hungary,2020,0,1,1,0,1,0,0,0,0,0,0,0,1,0,0,0
1/1/2021,HUN,944,Hungary,2021,0,1,1,0,1,0,0,0,0,0,0,0,1,0,0,0
4/1/2021,HUN,944,Hungary,2021,0,1,1,0,1,0,0,0,0,0,0,0,1,0,0,0
7/1/2021,HUN,944,Hungary,2021,0,1,1,0,1,0,0,0,0,0,0,0,1,0,0,0
10/1/2021,HUN,944,Hungary,2021,0,1,1,0,1,0,0,0,0,0,0,0,1,0,0,0
1/1/2022,HUN,944,Hungary,2022,0,1,1,0,1,0,0,0,0,0,0,0,1,0,0,0
4/1/2022,HUN,944,Hungary,2022,0,1,1,0,1,0,0,0,0,0,0,0,1,0,0,0
7/1/2022,HUN,944,Hungary,2022,0,1,1,0,1,0,0,0,0,0,0,0,1,0,0,0
10/1/2022,HUN,944,Hungary,2022,0,1,1,0,1,0,0,0,0,0,0,0,1,0,0,0
1/1/2023,HUN,944,Hungary,2023,0,1,1,0,1,0,0,0,0,0,0,0,1,0,0,0
4/1/2023,HUN,944,Hungary,2023,0,1,1,0,1,0,0,0,0,0,0,0,1,0,0,0
7/1/2023,HUN,944,Hungary,2023,0,1,1,0,1,0,0,0,0,0,0,0,1,0,0,0
10/1/2023,HUN,944,Hungary,2023,0,1,1,0,1,0,0,0,0,0,0,0,1,0,0,0
1/1/2024,HUN,944,Hungary,2024,0,1,1,0,1,0,0,0,0,0,0,0,1,0,0,0
4/1/2024,HUN,944,Hungary,2024,0,1,1,0,1,0,0,0,0,0,0,0,1,0,0,0
7/1/2024,HUN,944,Hungary,2024,0,1,1,0,1,0,0,0,0,0,0,0,1,0,0,0
10/1/2024,HUN,944,Hungary,2024,0,1,1,0,1,0,0,0,0,0,0,0,1,0,0,0
1/1/1993,LTU,946,Lithuania,1993,0,1,1,0,1,0,0,0,0,0,0,0,0,0,0,0
4/1/1993,LTU,946,Lithuania,1993,0,1,1,0,1,0,0,0,0,0,0,0,0,0,0,0
7/1/1993,LTU,946,Lithuania,1993,0,1,1,0,1,0,0,0,0,0,0,0,0,0,0,0
10/1/1993,LTU,946,Lithuania,1993,0,1,1,0,1,0,0,0,0,0,0,0,0,0,0,0
1/1/1994,LTU,946,Lithuania,1994,0,1,1,0,1,0,0,0,0,0,0,0,0,0,0,0
4/1/1994,LTU,946,Lithuania,1994,0,1,1,0,1,0,0,0,0,0,0,0,0,0,0,0
7/1/1994,LTU,946,Lithuania,1994,0,1,1,0,1,0,0,0,0,0,0,0,0,0,0,0
10/1/1994,LTU,946,Lithuania,1994,0,1,1,0,1,0,0,0,0,0,0,0,0,0,0,0
1/1/1995,LTU,946,Lithuania,1995,0,1,1,0,1,0,0,0,0,0,0,0,0,0,0,0
4/1/1995,LTU,946,Lithuania,1995,0,1,1,0,1,0,0,0,0,0,0,0,0,0,0,0
7/1/1995,LTU,946,Lithuania,1995,0,1,1,0,1,0,0,0,0,0,0,0,0,0,0,0
10/1/1995,LTU,946,Lithuania,1995,0,1,1,0,1,0,0,0,0,0,0,0,0,0,0,0
1/1/1996,LTU,946,Lithuania,1996,0,1,1,0,1,0,0,0,0,0,0,0,0,0,0,0
4/1/1996,LTU,946,Lithuania,1996,0,1,1,0,1,0,0,0,0,0,0,0,0,0,0,0
7/1/1996,LTU,946,Lithuania,1996,0,1,1,0,1,0,0,0,0,0,0,0,0,0,0,0
10/1/1996,LTU,946,Lithuania,1996,0,1,1,0,1,0,0,0,0,0,0,0,0,0,0,0
1/1/1997,LTU,946,Lithuania,1997,0,1,1,0,1,0,0,0,0,0,0,0,0,0,0,0
4/1/1997,LTU,946,Lithuania,1997,0,1,1,0,1,0,0,0,0,0,0,0,0,0,0,0
7/1/1997,LTU,946,Lithuania,1997,0,1,1,0,1,0,0,0,0,0,0,0,0,0,0,0
10/1/1997,LTU,946,Lithuania,1997,0,1,1,0,1,0,0,0,0,0,0,0,0,0,0,0
1/1/1998,LTU,946,Lithuania,1998,0,1,1,0,1,0,0,0,0,0,0,0,0,0,0,0
4/1/1998,LTU,946,Lithuania,1998,0,1,1,0,1,0,0,0,0,0,0,0,0,0,0,0
7/1/1998,LTU,946,Lithuania,1998,0,1,1,0,1,0,0,0,0,0,0,0,0,0,0,0
10/1/1998,LTU,946,Lithuania,1998,0,1,1,0,1,0,0,0,0,0,0,0,0,0,0,0
1/1/1999,LTU,946,Lithuania,1999,0,1,1,0,1,0,0,0,0,0,0,0,0,0,0,0
4/1/1999,LTU,946,Lithuania,1999,0,1,1,0,1,0,0,0,0,0,0,0,0,0,0,0
7/1/1999,LTU,946,Lithuania,1999,0,1,1,0,1,0,0,0,0,0,0,0,0,0,0,0
10/1/1999,LTU,946,Lithuania,1999,0,1,1,0,1,0,0,0,0,0,0,0,0,0,0,0
1/1/2000,LTU,946,Lithuania,2000,0,1,1,0,1,0,0,0,0,0,0,0,0,0,0,0
4/1/2000,LTU,946,Lithuania,2000,0,1,1,0,1,0,0,0,0,0,0,0,0,0,0,0
7/1/2000,LTU,946,Lithuania,2000,0,1,1,0,1,0,0,0,0,0,0,0,0,0,0,0
10/1/2000,LTU,946,Lithuania,2000,0,1,1,0,1,0,0,0,0,0,0,0,0,0,0,0
1/1/2001,LTU,946,Lithuania,2001,0,1,1,0,1,0,0,0,0,0,0,0,0,0,0,0
4/1/2001,LTU,946,Lithuania,2001,0,1,1,0,1,0,0,0,0,0,0,0,0,0,0,0
7/1/2001,LTU,946,Lithuania,2001,0,1,1,0,1,0,0,0,0,0,0,0,0,0,0,0
10/1/2001,LTU,946,Lithuania,2001,0,1,1,0,1,0,0,0,0,0,0,0,0,0,0,0
1/1/2002,LTU,946,Lithuania,2002,0,1,1,0,1,0,0,0,0,0,0,0,0,0,0,0
4/1/2002,LTU,946,Lithuania,2002,0,1,1,0,1,0,0,0,0,0,0,0,0,0,0,0
7/1/2002,LTU,946,Lithuania,2002,0,1,1,0,1,0,0,0,0,0,0,0,0,0,0,0
10/1/2002,LTU,946,Lithuania,2002,0,1,1,0,1,0,0,0,0,0,0,0,0,0,0,0
1/1/2003,LTU,946,Lithuania,2003,0,1,1,0,1,0,0,0,0,0,0,0,0,0,0,0
4/1/2003,LTU,946,Lithuania,2003,0,1,1,0,1,0,0,0,0,0,0,0,0,0,0,0
7/1/2003,LTU,946,Lithuania,2003,0,1,1,0,1,0,0,0,0,0,0,0,0,0,0,0
10/1/2003,LTU,946,Lithuania,2003,0,1,1,0,1,0,0,0,0,0,0,0,0,0,0,0
1/1/2004,LTU,946,Lithuania,2004,0,1,1,0,1,0,0,0,0,0,0,0,0,0,0,0
4/1/2004,LTU,946,Lithuania,2004,0,1,1,0,1,0,0,0,0,0,0,0,0,0,0,0
7/1/2004,LTU,946,Lithuania,2004,0,1,1,0,1,0,0,0,0,0,0,0,0,0,0,0
10/1/2004,LTU,946,Lithuania,2004,0,1,1,0,1,0,0,0,0,0,0,0,0,0,0,0
1/1/2005,LTU,946,Lithuania,2005,0,1,1,0,1,0,0,0,0,0,0,0,0,0,0,0
4/1/2005,LTU,946,Lithuania,2005,0,1,1,0,1,0,0,0,0,0,0,0,0,0,0,0
7/1/2005,LTU,946,Lithuania,2005,0,1,1,0,1,0,0,0,0,0,0,0,0,0,0,0
10/1/2005,LTU,946,Lithuania,2005,0,1,1,0,1,0,0,0,0,0,0,0,0,0,0,0
1/1/2006,LTU,946,Lithuania,2006,0,1,1,0,1,0,0,0,0,0,0,0,0,0,0,0
4/1/2006,LTU,946,Lithuania,2006,0,1,1,0,1,0,0,0,0,0,0,0,0,0,0,0
7/1/2006,LTU,946,Lithuania,2006,0,1,1,0,1,0,0,0,0,0,0,0,0,0,0,0
10/1/2006,LTU,946,Lithuania,2006,0,1,1,0,1,0,0,0,0,0,0,0,0,0,0,0
1/1/2007,LTU,946,Lithuania,2007,0,1,1,0,1,0,0,0,0,0,0,0,0,0,0,0
4/1/2007,LTU,946,Lithuania,2007,0,1,1,0,1,0,0,0,0,0,0,0,0,0,0,0
7/1/2007,LTU,946,Lithuania,2007,0,1,1,0,1,0,0,0,0,0,0,0,0,0,0,0
10/1/2007,LTU,946,Lithuania,2007,0,1,1,0,1,0,0,0,0,0,0,0,0,0,0,0
1/1/2008,LTU,946,Lithuania,2008,0,1,1,0,1,0,0,0,0,0,0,0,0,0,0,0
4/1/2008,LTU,946,Lithuania,2008,0,1,1,0,1,0,0,0,0,0,0,0,0,0,0,0
7/1/2008,LTU,946,Lithuania,2008,0,1,1,0,1,0,0,0,0,0,0,0,0,0,0,0
10/1/2008,LTU,946,Lithuania,2008,0,1,1,0,1,0,0,0,0,0,0,0,0,0,0,0
1/1/2009,LTU,946,Lithuania,2009,0,1,1,0,1,0,0,0,0,0,0,0,0,0,0,0
4/1/2009,LTU,946,Lithuania,2009,0,1,1,0,1,0,0,0,0,0,0,0,0,0,0,0
7/1/2009,LTU,946,Lithuania,2009,0,1,1,0,1,0,0,0,0,0,0,0,0,0,0,0
10/1/2009,LTU,946,Lithuania,2009,0,1,1,0,1,0,0,0,0,0,0,0,0,0,0,0
1/1/2010,LTU,946,Lithuania,2010,0,1,1,0,1,0,0,0,0,0,0,0,0,0,0,0
4/1/2010,LTU,946,Lithuania,2010,0,1,1,0,1,0,0,0,0,0,0,0,0,0,0,0
7/1/2010,LTU,946,Lithuania,2010,0,1,1,0,1,0,0,0,0,0,0,0,0,0,0,0
10/1/2010,LTU,946,Lithuania,2010,0,1,1,0,1,0,0,0,0,0,0,0,0,0,0,0
1/1/2011,LTU,946,Lithuania,2011,0,1,1,0,1,0,0,0,0,0,0,0,0,0,0,0
4/1/2011,LTU,946,Lithuania,2011,0,1,1,0,1,0,0,0,0,0,0,0,0,0,0,0
7/1/2011,LTU,946,Lithuania,2011,0,1,1,0,1,0,0,0,0,0,0,0,0,0,0,0
10/1/2011,LTU,946,Lithuania,2011,0,1,1,0,1,0,0,0,0,0,0,0,0,0,0,0
1/1/2012,LTU,946,Lithuania,2012,0,1,1,0,1,0,0,0,0,0,0,0,0,0,0,0
4/1/2012,LTU,946,Lithuania,2012,0,1,1,0,1,0,0,0,0,0,0,0,0,0,0,0
7/1/2012,LTU,946,Lithuania,2012,0,1,1,0,1,0,0,0,0,0,0,0,0,0,0,0
10/1/2012,LTU,946,Lithuania,2012,0,1,1,0,1,0,0,0,0,0,0,0,0,0,0,0
1/1/2013,LTU,946,Lithuania,2013,0,1,1,0,1,0,0,0,0,0,0,0,0,0,0,0
4/1/2013,LTU,946,Lithuania,2013,0,1,1,0,1,0,0,0,0,0,0,0,0,0,0,0
7/1/2013,LTU,946,Lithuania,2013,0,1,1,0,1,0,0,0,0,0,0,0,0,0,0,0
10/1/2013,LTU,946,Lithuania,2013,0,1,1,0,1,0,0,0,0,0,0,0,0,0,0,0
1/1/2014,LTU,946,Lithuania,2014,0,1,1,0,1,0,0,0,0,0,0,0,0,0,0,0
4/1/2014,LTU,946,Lithuania,2014,0,1,1,0,1,0,0,0,0,0,0,0,0,0,0,0
7/1/2014,LTU,946,Lithuania,2014,0,1,1,0,1,0,0,0,0,0,0,0,0,0,0,0
10/1/2014,LTU,946,Lithuania,2014,0,1,1,0,1,0,0,0,0,0,0,0,0,0,0,0
1/1/2015,LTU,946,Lithuania,2015,0,1,1,0,1,0,0,0,0,0,0,0,0,0,1,1
4/1/2015,LTU,946,Lithuania,2015,0,1,1,0,1,0,0,0,0,0,0,0,0,0,1,0
7/1/2015,LTU,946,Lithuania,2015,0,1,1,0,1,0,0,0,0,0,0,0,0,0,1,0
10/1/2015,LTU,946,Lithuania,2015,0,1,1,0,1,0,0,0,0,0,0,0,0,0,1,0
1/1/2016,LTU,946,Lithuania,2016,0,1,1,0,1,0,0,0,0,0,0,0,0,0,1,0
4/1/2016,LTU,946,Lithuania,2016,0,1,1,0,1,0,0,0,0,0,0,0,0,0,1,0
7/1/2016,LTU,946,Lithuania,2016,0,1,1,0,1,0,0,0,0,0,0,0,0,0,1,0
10/1/2016,LTU,946,Lithuania,2016,0,1,1,0,1,0,0,0,0,0,0,0,0,0,1,0
1/1/2017,LTU,946,Lithuania,2017,0,1,1,0,1,0,0,0,0,0,0,0,0,0,1,0
4/1/2017,LTU,946,Lithuania,2017,0,1,1,0,1,0,0,0,0,0,0,0,0,0,1,0
7/1/2017,LTU,946,Lithuania,2017,0,1,1,0,1,0,0,0,0,0,0,0,0,0,1,0
10/1/2017,LTU,946,Lithuania,2017,0,1,1,0,1,0,0,0,0,0,0,0,0,0,1,0
1/1/2018,LTU,946,Lithuania,2018,0,1,1,0,1,0,0,0,0,0,0,0,0,0,1,0
4/1/2018,LTU,946,Lithuania,2018,0,1,1,0,1,0,0,0,0,0,0,0,0,0,1,0
7/1/2018,LTU,946,Lithuania,2018,0,1,1,0,1,0,0,0,0,0,0,0,0,0,1,0
10/1/2018,LTU,946,Lithuania,2018,0,1,1,0,1,0,0,0,0,0,0,0,0,0,1,0
1/1/2019,LTU,946,Lithuania,2019,0,1,1,0,1,0,0,0,0,0,0,0,0,0,1,0
4/1/2019,LTU,946,Lithuania,2019,0,1,1,0,1,0,0,0,0,0,0,0,0,0,1,0
7/1/2019,LTU,946,Lithuania,2019,0,1,1,0,1,0,0,0,0,0,0,0,0,0,1,0
10/1/2019,LTU,946,Lithuania,2019,0,1,1,0,1,0,0,0,0,0,0,0,0,0,1,0
1/1/2020,LTU,946,Lithuania,2020,0,1,1,0,1,0,0,0,0,0,0,0,0,0,1,0
4/1/2020,LTU,946,Lithuania,2020,0,1,1,0,1,0,0,0,0,0,0,0,0,0,1,0
7/1/2020,LTU,946,Lithuania,2020,0,1,1,0,1,0,0,0,0,0,0,0,0,0,1,0
10/1/2020,LTU,946,Lithuania,2020,0,1,1,0,1,0,0,0,0,0,0,0,0,0,1,0
1/1/2021,LTU,946,Lithuania,2021,0,1,1,0,1,0,0,0,0,0,0,0,0,0,1,0
4/1/2021,LTU,946,Lithuania,2021,0,1,1,0,1,0,0,0,0,0,0,0,0,0,1,0
7/1/2021,LTU,946,Lithuania,2021,0,1,1,0,1,0,0,0,0,0,0,0,0,0,1,0
10/1/2021,LTU,946,Lithuania,2021,0,1,1,0,1,0,0,0,0,0,0,0,0,0,1,0
1/1/2022,LTU,946,Lithuania,2022,0,1,1,0,1,0,0,0,0,0,0,0,0,0,1,0
4/1/2022,LTU,946,Lithuania,2022,0,1,1,0,1,0,0,0,0,0,0,0,0,0,1,0
7/1/2022,LTU,946,Lithuania,2022,0,1,1,0,1,0,0,0,0,0,0,0,0,0,1,0
10/1/2022,LTU,946,Lithuania,2022,0,1,1,0,1,0,0,0,0,0,0,0,0,0,1,0
1/1/2023,LTU,946,Lithuania,2023,0,1,1,0,1,0,0,0,0,0,0,0,0,0,1,0
4/1/2023,LTU,946,Lithuania,2023,0,1,1,0,1,0,0,0,0,0,0,0,0,0,1,0
7/1/2023,LTU,946,Lithuania,2023,0,1,1,0,1,0,0,0,0,0,0,0,0,0,1,0
10/1/2023,LTU,946,Lithuania,2023,0,1,1,0,1,0,0,0,0,0,0,0,0,0,1,0
1/1/2024,LTU,946,Lithuania,2024,0,1,1,0,1,0,0,0,0,0,0,0,0,0,1,0
4/1/2024,LTU,946,Lithuania,2024,0,1,1,0,1,0,0,0,0,0,0,0,0,0,1,0
7/1/2024,LTU,946,Lithuania,2024,0,1,1,0,1,0,0,0,0,0,0,0,0,0,1,0
10/1/2024,LTU,946,Lithuania,2024,0,1,1,0,1,0,0,0,0,0,0,0,0,0,1,0
10/1/1994,HRV,960,Croatia,1994,0,1,0,0,1,0,0,0,0,0,0,0,0,0,0,0
1/1/1995,HRV,960,Croatia,1995,0,1,0,0,1,0,0,0,0,0,0,0,0,0,0,0
4/1/1995,HRV,960,Croatia,1995,0,1,0,0,1,0,0,0,0,0,0,0,0,0,0,0
7/1/1995,HRV,960,Croatia,1995,0,1,0,0,1,0,0,0,0,0,0,0,0,0,0,0
10/1/1995,HRV,960,Croatia,1995,0,1,0,0,1,0,0,0,0,0,0,0,0,0,0,0
1/1/1996,HRV,960,Croatia,1996,0,1,0,0,1,0,0,0,0,0,0,0,0,0,0,0
4/1/1996,HRV,960,Croatia,1996,0,1,0,0,1,0,0,0,0,0,0,0,0,0,0,0
7/1/1996,HRV,960,Croatia,1996,0,1,0,0,1,0,0,0,0,0,0,0,0,0,0,0
10/1/1996,HRV,960,Croatia,1996,0,1,0,0,1,0,0,0,0,0,0,0,0,0,0,0
1/1/1997,HRV,960,Croatia,1997,0,1,0,0,1,0,0,0,0,0,0,0,0,0,0,0
4/1/1997,HRV,960,Croatia,1997,0,1,0,0,1,0,0,0,0,0,0,0,0,0,0,0
7/1/1997,HRV,960,Croatia,1997,0,1,0,0,1,0,0,0,0,0,0,0,0,0,0,0
10/1/1997,HRV,960,Croatia,1997,0,1,0,0,1,0,0,0,0,0,0,0,0,0,0,0
1/1/1998,HRV,960,Croatia,1998,0,1,0,0,1,0,0,0,0,0,0,0,0,0,0,0
4/1/1998,HRV,960,Croatia,1998,0,1,0,0,1,0,0,0,0,0,0,0,0,0,0,0
7/1/1998,HRV,960,Croatia,1998,0,1,0,0,1,0,0,0,0,0,0,0,0,0,0,0
10/1/1998,HRV,960,Croatia,1998,0,1,0,0,1,0,0,0,0,0,0,0,0,0,0,0
1/1/1999,HRV,960,Croatia,1999,0,1,0,0,1,0,0,0,0,0,0,0,0,0,0,0
4/1/1999,HRV,960,Croatia,1999,0,1,0,0,1,0,0,0,0,0,0,0,0,0,0,0
7/1/1999,HRV,960,Croatia,1999,0,1,0,0,1,0,0,0,0,0,0,0,0,0,0,0
10/1/1999,HRV,960,Croatia,1999,0,1,0,0,1,0,0,0,0,0,0,0,0,0,0,0
1/1/2000,HRV,960,Croatia,2000,0,1,0,0,1,0,0,0,0,0,0,0,0,0,0,0
4/1/2000,HRV,960,Croatia,2000,0,1,0,0,1,0,0,0,0,0,0,0,0,0,0,0
7/1/2000,HRV,960,Croatia,2000,0,1,0,0,1,0,0,0,0,0,0,0,0,0,0,0
10/1/2000,HRV,960,Croatia,2000,0,1,0,0,1,0,0,0,0,0,0,0,0,0,0,0
1/1/2001,HRV,960,Croatia,2001,0,1,0,0,1,0,0,0,0,0,0,0,0,0,0,0
4/1/2001,HRV,960,Croatia,2001,0,1,0,0,1,0,0,0,0,0,0,0,0,0,0,0
7/1/2001,HRV,960,Croatia,2001,0,1,0,0,1,0,0,0,0,0,0,0,0,0,0,0
10/1/2001,HRV,960,Croatia,2001,0,1,0,0,1,0,0,0,0,0,0,0,0,0,0,0
1/1/2002,HRV,960,Croatia,2002,0,1,0,0,1,0,0,0,0,0,0,0,0,0,0,0
4/1/2002,HRV,960,Croatia,2002,0,1,0,0,1,0,0,0,0,0,0,0,0,0,0,0
7/1/2002,HRV,960,Croatia,2002,0,1,0,0,1,0,0,0,0,0,0,0,0,0,0,0
10/1/2002,HRV,960,Croatia,2002,0,1,0,0,1,0,0,0,0,0,0,0,0,0,0,0
1/1/2003,HRV,960,Croatia,2003,0,1,0,0,1,0,0,0,0,0,0,0,0,0,0,0
4/1/2003,HRV,960,Croatia,2003,0,1,0,0,1,0,0,0,0,0,0,0,0,0,0,0
7/1/2003,HRV,960,Croatia,2003,0,1,0,0,1,0,0,0,0,0,0,0,0,0,0,0
10/1/2003,HRV,960,Croatia,2003,0,1,0,0,1,0,0,0,0,0,0,0,0,0,0,0
1/1/2004,HRV,960,Croatia,2004,0,1,0,0,1,0,0,0,0,0,0,0,0,0,0,0
4/1/2004,HRV,960,Croatia,2004,0,1,0,0,1,0,0,0,0,0,0,0,0,0,0,0
7/1/2004,HRV,960,Croatia,2004,0,1,0,0,1,0,0,0,0,0,0,0,0,0,0,0
10/1/2004,HRV,960,Croatia,2004,0,1,0,0,1,0,0,0,0,0,0,0,0,0,0,0
1/1/2005,HRV,960,Croatia,2005,0,1,0,0,1,0,0,0,0,0,0,0,0,0,0,0
4/1/2005,HRV,960,Croatia,2005,0,1,0,0,1,0,0,0,0,0,0,0,0,0,0,0
7/1/2005,HRV,960,Croatia,2005,0,1,0,0,1,0,0,0,0,0,0,0,0,0,0,0
10/1/2005,HRV,960,Croatia,2005,0,1,0,0,1,0,0,0,0,0,0,0,0,0,0,0
1/1/2006,HRV,960,Croatia,2006,0,1,0,0,1,0,0,0,0,0,0,0,0,0,0,0
4/1/2006,HRV,960,Croatia,2006,0,1,0,0,1,0,0,0,0,0,0,0,0,0,0,0
7/1/2006,HRV,960,Croatia,2006,0,1,0,0,1,0,0,0,0,0,0,0,0,0,0,0
10/1/2006,HRV,960,Croatia,2006,0,1,0,0,1,0,0,0,0,0,0,0,0,0,0,0
1/1/2007,HRV,960,Croatia,2007,0,1,0,0,1,0,0,0,0,0,0,0,0,0,0,0
4/1/2007,HRV,960,Croatia,2007,0,1,0,0,1,0,0,0,0,0,0,0,0,0,0,0
7/1/2007,HRV,960,Croatia,2007,0,1,0,0,1,0,0,0,0,0,0,0,0,0,0,0
10/1/2007,HRV,960,Croatia,2007,0,1,0,0,1,0,0,0,0,0,0,0,0,0,0,0
1/1/2008,HRV,960,Croatia,2008,0,1,0,0,1,0,0,0,0,0,0,0,0,0,0,0
4/1/2008,HRV,960,Croatia,2008,0,1,0,0,1,0,0,0,0,0,0,0,0,0,0,0
7/1/2008,HRV,960,Croatia,2008,0,1,0,0,1,0,0,0,0,0,0,0,0,0,0,0
10/1/2008,HRV,960,Croatia,2008,0,1,0,0,1,0,0,0,0,0,0,0,0,0,0,0
1/1/2009,HRV,960,Croatia,2009,0,1,0,0,1,0,0,0,0,0,0,0,0,0,0,0
4/1/2009,HRV,960,Croatia,2009,0,1,0,0,1,0,0,0,0,0,0,0,0,0,0,0
7/1/2009,HRV,960,Croatia,2009,0,1,0,0,1,0,0,0,0,0,0,0,0,0,0,0
10/1/2009,HRV,960,Croatia,2009,0,1,0,0,1,0,0,0,0,0,0,0,0,0,0,0
1/1/2010,HRV,960,Croatia,2010,0,1,0,0,1,0,0,0,0,0,0,0,0,0,0,0
4/1/2010,HRV,960,Croatia,2010,0,1,0,0,1,0,0,0,0,0,0,0,0,0,0,0
7/1/2010,HRV,960,Croatia,2010,0,1,0,0,1,0,0,0,0,0,0,0,0,0,0,0
10/1/2010,HRV,960,Croatia,2010,0,1,0,0,1,0,0,0,0,0,0,0,0,0,0,0
1/1/2011,HRV,960,Croatia,2011,0,1,0,0,1,0,0,0,0,0,0,0,0,0,0,0
4/1/2011,HRV,960,Croatia,2011,0,1,0,0,1,0,0,0,0,0,0,0,0,0,0,0
7/1/2011,HRV,960,Croatia,2011,0,1,0,0,1,0,0,0,0,0,0,0,0,0,0,0
10/1/2011,HRV,960,Croatia,2011,0,1,0,0,1,0,0,0,0,0,0,0,0,0,0,0
1/1/2012,HRV,960,Croatia,2012,0,1,0,0,1,0,0,0,0,0,0,0,0,0,0,0
4/1/2012,HRV,960,Croatia,2012,0,1,0,0,1,0,0,0,0,0,0,0,0,0,0,0
7/1/2012,HRV,960,Croatia,2012,0,1,0,0,1,0,0,0,0,0,0,0,0,0,0,0
10/1/2012,HRV,960,Croatia,2012,0,1,0,0,1,0,0,0,0,0,0,0,0,0,0,0
1/1/2013,HRV,960,Croatia,2013,0,1,0,0,1,0,0,0,0,0,0,0,0,0,0,0
4/1/2013,HRV,960,Croatia,2013,0,1,0,0,1,0,0,0,0,0,0,0,0,0,0,0
7/1/2013,HRV,960,Croatia,2013,0,1,0,0,1,0,0,0,0,0,0,0,0,0,0,0
10/1/2013,HRV,960,Croatia,2013,0,1,0,0,1,0,0,0,0,0,0,0,0,0,0,0
1/1/2014,HRV,960,Croatia,2014,0,1,0,0,1,0,0,0,0,0,0,0,0,0,0,0
4/1/2014,HRV,960,Croatia,2014,0,1,0,0,1,0,0,0,0,0,0,0,0,0,0,0
7/1/2014,HRV,960,Croatia,2014,0,1,0,0,1,0,0,0,0,0,0,0,0,0,0,0
10/1/2014,HRV,960,Croatia,2014,0,1,0,0,1,0,0,0,0,0,0,0,0,0,0,0
1/1/2015,HRV,960,Croatia,2015,0,1,0,0,1,0,0,0,0,0,0,0,0,0,0,0
4/1/2015,HRV,960,Croatia,2015,0,1,0,0,1,0,0,0,0,0,0,0,0,0,0,0
7/1/2015,HRV,960,Croatia,2015,0,1,0,0,1,0,0,0,0,0,0,0,0,0,0,0
10/1/2015,HRV,960,Croatia,2015,0,1,0,0,1,0,0,0,0,0,0,0,0,0,0,0
1/1/2016,HRV,960,Croatia,2016,0,1,0,0,1,0,0,0,0,0,0,0,0,0,0,0
4/1/2016,HRV,960,Croatia,2016,0,1,0,0,1,0,0,0,0,0,0,0,0,0,0,0
7/1/2016,HRV,960,Croatia,2016,0,1,0,0,1,0,0,0,0,0,0,0,0,0,0,0
10/1/2016,HRV,960,Croatia,2016,0,1,0,0,1,0,0,0,0,0,0,0,0,0,0,0
1/1/2017,HRV,960,Croatia,2017,0,1,0,0,1,0,0,0,0,0,0,0,0,0,0,0
4/1/2017,HRV,960,Croatia,2017,0,1,0,0,1,0,0,0,0,0,0,0,0,0,0,0
7/1/2017,HRV,960,Croatia,2017,0,1,0,0,1,0,0,0,0,0,0,0,0,0,0,0
10/1/2017,HRV,960,Croatia,2017,0,1,0,0,1,0,0,0,0,0,0,0,0,0,0,0
1/1/2018,HRV,960,Croatia,2018,0,1,0,0,1,0,0,0,0,0,0,0,0,0,0,0
4/1/2018,HRV,960,Croatia,2018,0,1,0,0,1,0,0,0,0,0,0,0,0,0,0,0
7/1/2018,HRV,960,Croatia,2018,0,1,0,0,1,0,0,0,0,0,0,0,0,0,0,0
10/1/2018,HRV,960,Croatia,2018,0,1,0,0,1,0,0,0,0,0,0,0,0,0,0,0
1/1/2019,HRV,960,Croatia,2019,0,1,0,0,1,0,0,0,0,0,0,0,0,0,0,0
4/1/2019,HRV,960,Croatia,2019,0,1,0,0,1,0,0,0,0,0,0,0,0,0,0,0
7/1/2019,HRV,960,Croatia,2019,0,1,0,0,1,0,0,0,0,0,0,0,0,0,0,0
10/1/2019,HRV,960,Croatia,2019,0,1,0,0,1,0,0,0,0,0,0,0,0,0,0,0
1/1/2020,HRV,960,Croatia,2020,0,1,0,0,1,0,0,0,0,0,0,0,0,0,0,0
4/1/2020,HRV,960,Croatia,2020,0,1,0,0,1,0,0,0,0,0,0,0,0,0,0,0
7/1/2020,HRV,960,Croatia,2020,0,1,0,0,1,0,0,0,0,0,0,0,0,0,0,0
10/1/2020,HRV,960,Croatia,2020,0,1,0,0,1,0,0,0,0,0,0,0,0,0,0,0
1/1/2021,HRV,960,Croatia,2021,0,1,0,0,1,0,0,0,0,0,0,0,0,0,0,0
4/1/2021,HRV,960,Croatia,2021,0,1,0,0,1,0,0,0,0,0,0,0,0,0,0,0
7/1/2021,HRV,960,Croatia,2021,0,1,0,0,1,0,0,0,0,0,0,0,0,0,0,0
10/1/2021,HRV,960,Croatia,2021,0,1,0,0,1,0,0,0,0,0,0,0,0,0,0,0
1/1/2022,HRV,960,Croatia,2022,0,1,0,0,1,0,0,0,0,0,0,0,0,0,0,0
4/1/2022,HRV,960,Croatia,2022,0,1,0,0,1,0,0,0,0,0,0,0,0,0,0,0
7/1/2022,HRV,960,Croatia,2022,0,1,0,0,1,0,0,0,0,0,0,0,0,0,0,0
10/1/2022,HRV,960,Croatia,2022,0,1,0,0,1,0,0,0,0,0,0,0,0,0,0,0
1/1/2023,HRV,960,Croatia,2023,0,1,0,0,1,0,0,0,0,0,0,0,0,0,0,0
4/1/2023,HRV,960,Croatia,2023,0,1,0,0,1,0,0,0,0,0,0,0,0,0,0,0
7/1/2023,HRV,960,Croatia,2023,0,1,0,0,1,0,0,0,0,0,0,0,0,0,0,0
10/1/2023,HRV,960,Croatia,2023,0,1,0,0,1,0,0,0,0,0,0,0,0,0,0,0
1/1/2024,HRV,960,Croatia,2024,0,1,0,0,1,0,0,0,0,0,0,0,0,0,0,0
4/1/2024,HRV,960,Croatia,2024,0,1,0,0,1,0,0,0,0,0,0,0,0,0,0,0
7/1/2024,HRV,960,Croatia,2024,0,1,0,0,1,0,0,0,0,0,0,0,0,0,0,0
1/1/1995,SVN,961,Slovenia,1995,0,1,1,0,1,0,0,0,0,0,0,0,0,0,0,0
4/1/1995,SVN,961,Slovenia,1995,0,1,1,0,1,0,0,0,0,0,0,0,0,0,0,0
7/1/1995,SVN,961,Slovenia,1995,0,1,1,0,1,0,0,0,0,0,0,0,0,0,0,0
10/1/1995,SVN,961,Slovenia,1995,0,1,1,0,1,0,0,0,0,0,0,0,0,0,0,0
1/1/1996,SVN,961,Slovenia,1996,0,1,1,0,1,0,0,0,0,0,0,0,0,0,0,0
4/1/1996,SVN,961,Slovenia,1996,0,1,1,0,1,0,0,0,0,0,0,0,0,0,0,0
7/1/1996,SVN,961,Slovenia,1996,0,1,1,0,1,0,0,0,0,0,0,0,0,0,0,0
10/1/1996,SVN,961,Slovenia,1996,0,1,1,0,1,0,0,0,0,0,0,0,0,0,0,0
1/1/1997,SVN,961,Slovenia,1997,0,1,1,0,1,0,0,0,0,0,0,0,0,0,0,0
4/1/1997,SVN,961,Slovenia,1997,0,1,1,0,1,0,0,0,0,0,0,0,0,0,0,0
7/1/1997,SVN,961,Slovenia,1997,0,1,1,0,1,0,0,0,0,0,0,0,0,0,0,0
10/1/1997,SVN,961,Slovenia,1997,0,1,1,0,1,0,0,0,0,0,0,0,0,0,0,0
1/1/1998,SVN,961,Slovenia,1998,0,1,1,0,1,0,0,0,0,0,0,0,0,0,0,0
4/1/1998,SVN,961,Slovenia,1998,0,1,1,0,1,0,0,0,0,0,0,0,0,0,0,0
7/1/1998,SVN,961,Slovenia,1998,0,1,1,0,1,0,0,0,0,0,0,0,0,0,0,0
10/1/1998,SVN,961,Slovenia,1998,0,1,1,0,1,0,0,0,0,0,0,0,0,0,0,0
1/1/1999,SVN,961,Slovenia,1999,0,1,1,0,1,0,0,0,0,0,0,0,0,0,0,0
4/1/1999,SVN,961,Slovenia,1999,0,1,1,0,1,0,0,0,0,0,0,0,0,0,0,0
7/1/1999,SVN,961,Slovenia,1999,0,1,1,0,1,0,0,0,0,0,0,0,0,0,0,0
10/1/1999,SVN,961,Slovenia,1999,0,1,1,0,1,0,0,0,0,0,0,0,0,0,0,0
1/1/2000,SVN,961,Slovenia,2000,0,1,1,0,1,0,0,0,0,0,0,0,0,0,0,0
4/1/2000,SVN,961,Slovenia,2000,0,1,1,0,1,0,0,0,0,0,0,0,0,0,0,0
7/1/2000,SVN,961,Slovenia,2000,0,1,1,0,1,0,0,0,0,0,0,0,0,0,0,0
10/1/2000,SVN,961,Slovenia,2000,0,1,1,0,1,0,0,0,0,0,0,0,0,0,0,0
1/1/2001,SVN,961,Slovenia,2001,0,1,1,0,1,0,0,0,0,0,0,0,0,0,0,0
4/1/2001,SVN,961,Slovenia,2001,0,1,1,0,1,0,0,0,0,0,0,0,0,0,0,0
7/1/2001,SVN,961,Slovenia,2001,0,1,1,0,1,0,0,0,0,0,0,0,0,0,0,0
10/1/2001,SVN,961,Slovenia,2001,0,1,1,0,1,0,0,0,0,0,0,0,0,0,0,0
1/1/2002,SVN,961,Slovenia,2002,0,1,1,0,1,0,0,0,0,0,0,0,0,0,0,0
4/1/2002,SVN,961,Slovenia,2002,0,1,1,0,1,0,0,0,0,0,0,0,0,0,0,0
7/1/2002,SVN,961,Slovenia,2002,0,1,1,0,1,0,0,0,0,0,0,0,0,0,0,0
10/1/2002,SVN,961,Slovenia,2002,0,1,1,0,1,0,0,0,0,0,0,0,0,0,0,0
1/1/2003,SVN,961,Slovenia,2003,0,1,1,0,1,0,0,0,0,0,0,0,0,0,0,0
4/1/2003,SVN,961,Slovenia,2003,0,1,1,0,1,0,0,0,0,0,0,0,0,0,0,0
7/1/2003,SVN,961,Slovenia,2003,0,1,1,0,1,0,0,0,0,0,0,0,0,0,0,0
10/1/2003,SVN,961,Slovenia,2003,0,1,1,0,1,0,0,0,0,0,0,0,0,0,0,0
1/1/2004,SVN,961,Slovenia,2004,0,1,1,0,1,0,0,0,0,0,0,0,0,0,0,0
4/1/2004,SVN,961,Slovenia,2004,0,1,1,0,1,0,0,0,0,0,0,0,0,0,0,0
7/1/2004,SVN,961,Slovenia,2004,0,1,1,0,1,0,0,0,0,0,0,0,0,0,0,0
10/1/2004,SVN,961,Slovenia,2004,0,1,1,0,1,0,0,0,0,0,0,0,0,0,0,0
1/1/2005,SVN,961,Slovenia,2005,0,1,1,0,1,0,0,0,0,0,0,0,0,0,0,0
4/1/2005,SVN,961,Slovenia,2005,0,1,1,0,1,0,0,0,0,0,0,0,0,0,0,0
7/1/2005,SVN,961,Slovenia,2005,0,1,1,0,1,0,0,0,0,0,0,0,0,0,0,0
10/1/2005,SVN,961,Slovenia,2005,0,1,1,0,1,0,0,0,0,0,0,0,0,0,0,0
1/1/2006,SVN,961,Slovenia,2006,0,1,1,0,1,0,0,0,0,0,0,0,0,0,0,0
4/1/2006,SVN,961,Slovenia,2006,0,1,1,0,1,0,0,0,0,0,0,0,0,0,0,0
7/1/2006,SVN,961,Slovenia,2006,0,1,1,0,1,0,0,0,0,0,0,0,0,0,0,0
10/1/2006,SVN,961,Slovenia,2006,0,1,1,0,1,0,0,0,0,0,0,0,0,0,0,0
1/1/2007,SVN,961,Slovenia,2007,0,1,1,0,1,0,0,0,0,0,0,0,0,0,1,1
4/1/2007,SVN,961,Slovenia,2007,0,1,1,0,1,0,0,0,0,0,0,0,0,0,1,0
7/1/2007,SVN,961,Slovenia,2007,0,1,1,0,1,0,0,0,0,0,0,0,0,0,1,0
10/1/2007,SVN,961,Slovenia,2007,0,1,1,0,1,0,0,0,0,0,0,0,0,0,1,0
1/1/2008,SVN,961,Slovenia,2008,0,1,1,0,1,0,0,0,0,0,0,0,0,0,1,0
4/1/2008,SVN,961,Slovenia,2008,0,1,1,0,1,0,0,0,0,0,0,0,0,0,1,0
7/1/2008,SVN,961,Slovenia,2008,0,1,1,0,1,0,0,0,0,0,0,0,0,0,1,0
10/1/2008,SVN,961,Slovenia,2008,0,1,1,0,1,0,0,0,0,0,0,0,0,0,1,0
1/1/2009,SVN,961,Slovenia,2009,0,1,1,0,1,0,0,0,0,0,0,0,0,0,1,0
4/1/2009,SVN,961,Slovenia,2009,0,1,1,0,1,0,0,0,0,0,0,0,0,0,1,0
7/1/2009,SVN,961,Slovenia,2009,0,1,1,0,1,0,0,0,0,0,0,0,0,0,1,0
10/1/2009,SVN,961,Slovenia,2009,0,1,1,0,1,0,0,0,0,0,0,0,0,0,1,0
1/1/2010,SVN,961,Slovenia,2010,0,1,1,0,1,0,0,0,0,0,0,0,0,0,1,0
4/1/2010,SVN,961,Slovenia,2010,0,1,1,0,1,0,0,0,0,0,0,0,0,0,1,0
7/1/2010,SVN,961,Slovenia,2010,0,1,1,0,1,0,0,0,0,0,0,0,0,0,1,0
10/1/2010,SVN,961,Slovenia,2010,0,1,1,0,1,0,0,0,0,0,0,0,0,0,1,0
1/1/2011,SVN,961,Slovenia,2011,0,1,1,0,1,0,0,0,0,0,0,0,0,0,1,0
4/1/2011,SVN,961,Slovenia,2011,0,1,1,0,1,0,0,0,0,0,0,0,0,0,1,0
7/1/2011,SVN,961,Slovenia,2011,0,1,1,0,1,0,0,0,0,0,0,0,0,0,1,0
10/1/2011,SVN,961,Slovenia,2011,0,1,1,0,1,0,0,0,0,0,0,0,0,0,1,0
1/1/2012,SVN,961,Slovenia,2012,0,1,1,0,1,0,0,0,0,0,0,0,0,0,1,0
4/1/2012,SVN,961,Slovenia,2012,0,1,1,0,1,0,0,0,0,0,0,0,0,0,1,0
7/1/2012,SVN,961,Slovenia,2012,0,1,1,0,1,0,0,0,0,0,0,0,0,0,1,0
10/1/2012,SVN,961,Slovenia,2012,0,1,1,0,1,0,0,0,0,0,0,0,0,0,1,0
1/1/2013,SVN,961,Slovenia,2013,0,1,1,0,1,0,0,0,0,0,0,0,0,0,1,0
4/1/2013,SVN,961,Slovenia,2013,0,1,1,0,1,0,0,0,0,0,0,0,0,0,1,0
7/1/2013,SVN,961,Slovenia,2013,0,1,1,0,1,0,0,0,0,0,0,0,0,0,1,0
10/1/2013,SVN,961,Slovenia,2013,0,1,1,0,1,0,0,0,0,0,0,0,0,0,1,0
1/1/2014,SVN,961,Slovenia,2014,0,1,1,0,1,0,0,0,0,0,0,0,0,0,1,0
4/1/2014,SVN,961,Slovenia,2014,0,1,1,0,1,0,0,0,0,0,0,0,0,0,1,0
7/1/2014,SVN,961,Slovenia,2014,0,1,1,0,1,0,0,0,0,0,0,0,0,0,1,0
10/1/2014,SVN,961,Slovenia,2014,0,1,1,0,1,0,0,0,0,0,0,0,0,0,1,0
1/1/2015,SVN,961,Slovenia,2015,0,1,1,0,1,0,0,0,0,0,0,0,0,0,1,0
4/1/2015,SVN,961,Slovenia,2015,0,1,1,0,1,0,0,0,0,0,0,0,0,0,1,0
7/1/2015,SVN,961,Slovenia,2015,0,1,1,0,1,0,0,0,0,0,0,0,0,0,1,0
10/1/2015,SVN,961,Slovenia,2015,0,1,1,0,1,0,0,0,0,0,0,0,0,0,1,0
1/1/2016,SVN,961,Slovenia,2016,0,1,1,0,1,0,0,0,0,0,0,0,0,0,1,0
4/1/2016,SVN,961,Slovenia,2016,0,1,1,0,1,0,0,0,0,0,0,0,0,0,1,0
7/1/2016,SVN,961,Slovenia,2016,0,1,1,0,1,0,0,0,0,0,0,0,0,0,1,0
10/1/2016,SVN,961,Slovenia,2016,0,1,1,0,1,0,0,0,0,0,0,0,0,0,1,0
1/1/2017,SVN,961,Slovenia,2017,0,1,1,0,1,0,0,0,0,0,0,0,0,0,1,0
4/1/2017,SVN,961,Slovenia,2017,0,1,1,0,1,0,0,0,0,0,0,0,0,0,1,0
7/1/2017,SVN,961,Slovenia,2017,0,1,1,0,1,0,0,0,0,0,0,0,0,0,1,0
10/1/2017,SVN,961,Slovenia,2017,0,1,1,0,1,0,0,0,0,0,0,0,0,0,1,0
1/1/2018,SVN,961,Slovenia,2018,0,1,1,0,1,0,0,0,0,0,0,0,0,0,1,0
4/1/2018,SVN,961,Slovenia,2018,0,1,1,0,1,0,0,0,0,0,0,0,0,0,1,0
7/1/2018,SVN,961,Slovenia,2018,0,1,1,0,1,0,0,0,0,0,0,0,0,0,1,0
10/1/2018,SVN,961,Slovenia,2018,0,1,1,0,1,0,0,0,0,0,0,0,0,0,1,0
1/1/2019,SVN,961,Slovenia,2019,0,1,1,0,1,0,0,0,0,0,0,0,0,0,1,0
4/1/2019,SVN,961,Slovenia,2019,0,1,1,0,1,0,0,0,0,0,0,0,0,0,1,0
7/1/2019,SVN,961,Slovenia,2019,0,1,1,0,1,0,0,0,0,0,0,0,0,0,1,0
10/1/2019,SVN,961,Slovenia,2019,0,1,1,0,1,0,0,0,0,0,0,0,0,0,1,0
1/1/2020,SVN,961,Slovenia,2020,0,1,1,0,1,0,0,0,0,0,0,0,0,0,1,0
4/1/2020,SVN,961,Slovenia,2020,0,1,1,0,1,0,0,0,0,0,0,0,0,0,1,0
7/1/2020,SVN,961,Slovenia,2020,0,1,1,0,1,0,0,0,0,0,0,0,0,0,1,0
10/1/2020,SVN,961,Slovenia,2020,0,1,1,0,1,0,0,0,0,0,0,0,0,0,1,0
1/1/2021,SVN,961,Slovenia,2021,0,1,1,0,1,0,0,0,0,0,0,0,0,0,1,0
4/1/2021,SVN,961,Slovenia,2021,0,1,1,0,1,0,0,0,0,0,0,0,0,0,1,0
7/1/2021,SVN,961,Slovenia,2021,0,1,1,0,1,0,0,0,0,0,0,0,0,0,1,0
10/1/2021,SVN,961,Slovenia,2021,0,1,1,0,1,0,0,0,0,0,0,0,0,0,1,0
1/1/2022,SVN,961,Slovenia,2022,0,1,1,0,1,0,0,0,0,0,0,0,0,0,1,0
4/1/2022,SVN,961,Slovenia,2022,0,1,1,0,1,0,0,0,0,0,0,0,0,0,1,0
7/1/2022,SVN,961,Slovenia,2022,0,1,1,0,1,0,0,0,0,0,0,0,0,0,1,0
10/1/2022,SVN,961,Slovenia,2022,0,1,1,0,1,0,0,0,0,0,0,0,0,0,1,0
1/1/2023,SVN,961,Slovenia,2023,0,1,1,0,1,0,0,0,0,0,0,0,0,0,1,0
4/1/2023,SVN,961,Slovenia,2023,0,1,1,0,1,0,0,0,0,0,0,0,0,0,1,0
7/1/2023,SVN,961,Slovenia,2023,0,1,1,0,1,0,0,0,0,0,0,0,0,0,1,0
10/1/2023,SVN,961,Slovenia,2023,0,1,1,0,1,0,0,0,0,0,0,0,0,0,1,0
1/1/2024,SVN,961,Slovenia,2024,0,1,1,0,1,0,0,0,0,0,0,0,0,0,1,0
4/1/2024,SVN,961,Slovenia,2024,0,1,1,0,1,0,0,0,0,0,0,0,0,0,1,0
7/1/2024,SVN,961,Slovenia,2024,0,1,1,0,1,0,0,0,0,0,0,0,0,0,1,0
10/1/2024,SVN,961,Slovenia,2024,0,1,1,0,1,0,0,0,0,0,0,0,0,0,1,0
1/1/2011,MKD,962,Macedonia,2011,0,1,0,0,1,0,0,0,0,0,0,0,0,0,0,0
4/1/2011,MKD,962,Macedonia,2011,0,1,0,0,1,0,0,0,0,0,0,0,0,0,0,0
7/1/2011,MKD,962,Macedonia,2011,0,1,0,0,1,0,0,0,0,0,0,0,0,0,0,0
10/1/2011,MKD,962,Macedonia,2011,0,1,0,0,1,0,0,0,0,0,0,0,0,0,0,0
1/1/2012,MKD,962,Macedonia,2012,0,1,0,0,1,0,0,0,0,0,0,0,0,0,0,0
4/1/2012,MKD,962,Macedonia,2012,0,1,0,0,1,0,0,0,0,0,0,0,0,0,0,0
7/1/2012,MKD,962,Macedonia,2012,0,1,0,0,1,0,0,0,0,0,0,0,0,0,0,0
10/1/2012,MKD,962,Macedonia,2012,0,1,0,0,1,0,0,0,0,0,0,0,0,0,0,0
1/1/2013,MKD,962,Macedonia,2013,0,1,0,0,1,0,0,0,0,0,0,0,0,0,0,0
4/1/2013,MKD,962,Macedonia,2013,0,1,0,0,1,0,0,0,0,0,0,0,0,0,0,0
7/1/2013,MKD,962,Macedonia,2013,0,1,0,0,1,0,0,0,0,0,0,0,0,0,0,0
10/1/2013,MKD,962,Macedonia,2013,0,1,0,0,1,0,0,0,0,0,0,0,0,0,0,0
1/1/2014,MKD,962,Macedonia,2014,0,1,0,0,1,0,0,0,0,0,0,0,0,0,0,0
4/1/2014,MKD,962,Macedonia,2014,0,1,0,0,1,0,0,0,0,0,0,0,0,0,0,0
7/1/2014,MKD,962,Macedonia,2014,0,1,0,0,1,0,0,0,0,0,0,0,0,0,0,0
10/1/2014,MKD,962,Macedonia,2014,0,1,0,0,1,0,0,0,0,0,0,0,0,0,0,0
1/1/2015,MKD,962,Macedonia,2015,0,1,0,0,1,0,0,0,0,0,0,0,0,0,0,0
4/1/2015,MKD,962,Macedonia,2015,0,1,0,0,1,0,0,0,0,0,0,0,0,0,0,0
7/1/2015,MKD,962,Macedonia,2015,0,1,0,0,1,0,0,0,0,0,0,0,0,0,0,0
10/1/2015,MKD,962,Macedonia,2015,0,1,0,0,1,0,0,0,0,0,0,0,0,0,0,0
1/1/2016,MKD,962,Macedonia,2016,0,1,0,0,1,0,0,0,0,0,0,0,0,0,0,0
4/1/2016,MKD,962,Macedonia,2016,0,1,0,0,1,0,0,0,0,0,0,0,0,0,0,0
7/1/2016,MKD,962,Macedonia,2016,0,1,0,0,1,0,0,0,0,0,0,0,0,0,0,0
10/1/2016,MKD,962,Macedonia,2016,0,1,0,0,1,0,0,0,0,0,0,0,0,0,0,0
1/1/2017,MKD,962,Macedonia,2017,0,1,0,0,1,0,0,0,0,0,0,0,0,0,0,0
4/1/2017,MKD,962,Macedonia,2017,0,1,0,0,1,0,0,0,0,0,0,0,0,0,0,0
7/1/2017,MKD,962,Macedonia,2017,0,1,0,0,1,0,0,0,0,0,0,0,0,0,0,0
10/1/2017,MKD,962,Macedonia,2017,0,1,0,0,1,0,0,0,0,0,0,0,0,0,0,0
1/1/2018,MKD,962,Macedonia,2018,0,1,0,0,1,0,0,0,0,0,0,0,0,0,0,0
4/1/2018,MKD,962,Macedonia,2018,0,1,0,0,1,0,0,0,0,0,0,0,0,0,0,0
7/1/2018,MKD,962,Macedonia,2018,0,1,0,0,1,0,0,0,0,0,0,0,0,0,0,0
10/1/2018,MKD,962,Macedonia,2018,0,1,0,0,1,0,0,0,0,0,0,0,0,0,0,0
1/1/2019,MKD,962,Macedonia,2019,0,1,0,0,1,0,0,0,0,0,0,0,0,0,0,0
4/1/2019,MKD,962,Macedonia,2019,0,1,0,0,1,0,0,0,0,0,0,0,0,0,0,0
7/1/2019,MKD,962,Macedonia,2019,0,1,0,0,1,0,0,0,0,0,0,0,0,0,0,0
10/1/2019,MKD,962,Macedonia,2019,0,1,0,0,1,0,0,0,0,0,0,0,0,0,0,0
1/1/2020,MKD,962,Macedonia,2020,0,1,0,0,1,0,0,0,0,0,0,0,0,0,0,0
4/1/2020,MKD,962,Macedonia,2020,0,1,0,0,1,0,0,0,0,0,0,0,0,0,0,0
7/1/2020,MKD,962,Macedonia,2020,0,1,0,0,1,0,0,0,0,0,0,0,0,0,0,0
10/1/2020,MKD,962,Macedonia,2020,0,1,0,0,1,0,0,0,0,0,0,0,0,0,0,0
1/1/2021,MKD,962,Macedonia,2021,0,1,0,0,1,0,0,0,0,0,0,0,0,0,0,0
4/1/2021,MKD,962,Macedonia,2021,0,1,0,0,1,0,0,0,0,0,0,0,0,0,0,0
7/1/2021,MKD,962,Macedonia,2021,0,1,0,0,1,0,0,0,0,0,0,0,0,0,0,0
10/1/2021,MKD,962,Macedonia,2021,0,1,0,0,1,0,0,0,0,0,0,0,0,0,0,0
1/1/2022,MKD,962,Macedonia,2022,0,1,0,0,1,0,0,0,0,0,0,0,0,0,0,0
4/1/2022,MKD,962,Macedonia,2022,0,1,0,0,1,0,0,0,0,0,0,0,0,0,0,0
7/1/2022,MKD,962,Macedonia,2022,0,1,0,0,1,0,0,0,0,0,0,0,0,0,0,0
10/1/2022,MKD,962,Macedonia,2022,0,1,0,0,1,0,0,0,0,0,0,0,0,0,0,0
1/1/2023,MKD,962,Macedonia,2023,0,1,0,0,1,0,0,0,0,0,0,0,0,0,0,0
4/1/2023,MKD,962,Macedonia,2023,0,1,0,0,1,0,0,0,0,0,0,0,0,0,0,0
7/1/2023,MKD,962,Macedonia,2023,0,1,0,0,1,0,0,0,0,0,0,0,0,0,0,0
10/1/2023,MKD,962,Macedonia,2023,0,1,0,0,1,0,0,0,0,0,0,0,0,0,0,0
1/1/2024,MKD,962,Macedonia,2024,0,1,0,0,1,0,0,0,0,0,0,0,0,0,0,0
4/1/2024,MKD,962,Macedonia,2024,0,1,0,0,1,0,0,0,0,0,0,0,0,0,0,0
7/1/2024,MKD,962,Macedonia,2024,0,1,0,0,1,0,0,0,0,0,0,0,0,0,0,0
1/1/2010,BIH,963,Bosnia and Herzegovina,2010,0,1,0,0,1,0,0,0,0,0,0,0,0,0,0,0
4/1/2010,BIH,963,Bosnia and Herzegovina,2010,0,1,0,0,1,0,0,0,0,0,0,0,0,0,0,0
7/1/2010,BIH,963,Bosnia and Herzegovina,2010,0,1,0,0,1,0,0,0,0,0,0,0,0,0,0,0
10/1/2010,BIH,963,Bosnia and Herzegovina,2010,0,1,0,0,1,0,0,0,0,0,0,0,0,0,0,0
1/1/2011,BIH,963,Bosnia and Herzegovina,2011,0,1,0,0,1,0,0,0,0,0,0,0,0,0,0,0
4/1/2011,BIH,963,Bosnia and Herzegovina,2011,0,1,0,0,1,0,0,0,0,0,0,0,0,0,0,0
7/1/2011,BIH,963,Bosnia and Herzegovina,2011,0,1,0,0,1,0,0,0,0,0,0,0,0,0,0,0
10/1/2011,BIH,963,Bosnia and Herzegovina,2011,0,1,0,0,1,0,0,0,0,0,0,0,0,0,0,0
1/1/2012,BIH,963,Bosnia and Herzegovina,2012,0,1,0,0,1,0,0,0,0,0,0,0,0,0,0,0
4/1/2012,BIH,963,Bosnia and Herzegovina,2012,0,1,0,0,1,0,0,0,0,0,0,0,0,0,0,0
7/1/2012,BIH,963,Bosnia and Herzegovina,2012,0,1,0,0,1,0,0,0,0,0,0,0,0,0,0,0
10/1/2012,BIH,963,Bosnia and Herzegovina,2012,0,1,0,0,1,0,0,0,0,0,0,0,0,0,0,0
1/1/2013,BIH,963,Bosnia and Herzegovina,2013,0,1,0,0,1,0,0,0,0,0,0,0,0,0,0,0
4/1/2013,BIH,963,Bosnia and Herzegovina,2013,0,1,0,0,1,0,0,0,0,0,0,0,0,0,0,0
7/1/2013,BIH,963,Bosnia and Herzegovina,2013,0,1,0,0,1,0,0,0,0,0,0,0,0,0,0,0
10/1/2013,BIH,963,Bosnia and Herzegovina,2013,0,1,0,0,1,0,0,0,0,0,0,0,0,0,0,0
1/1/2014,BIH,963,Bosnia and Herzegovina,2014,0,1,0,0,1,0,0,0,0,0,0,0,0,0,0,0
4/1/2014,BIH,963,Bosnia and Herzegovina,2014,0,1,0,0,1,0,0,0,0,0,0,0,0,0,0,0
7/1/2014,BIH,963,Bosnia and Herzegovina,2014,0,1,0,0,1,0,0,0,0,0,0,0,0,0,0,0
10/1/2014,BIH,963,Bosnia and Herzegovina,2014,0,1,0,0,1,0,0,0,0,0,0,0,0,0,0,0
1/1/2015,BIH,963,Bosnia and Herzegovina,2015,0,1,0,0,1,0,0,0,0,0,0,0,0,0,0,0
4/1/2015,BIH,963,Bosnia and Herzegovina,2015,0,1,0,0,1,0,0,0,0,0,0,0,0,0,0,0
7/1/2015,BIH,963,Bosnia and Herzegovina,2015,0,1,0,0,1,0,0,0,0,0,0,0,0,0,0,0
10/1/2015,BIH,963,Bosnia and Herzegovina,2015,0,1,0,0,1,0,0,0,0,0,0,0,0,0,0,0
1/1/2016,BIH,963,Bosnia and Herzegovina,2016,0,1,0,0,1,0,0,0,0,0,0,0,0,0,0,0
4/1/2016,BIH,963,Bosnia and Herzegovina,2016,0,1,0,0,1,0,0,0,0,0,0,0,0,0,0,0
7/1/2016,BIH,963,Bosnia and Herzegovina,2016,0,1,0,0,1,0,0,0,0,0,0,0,0,0,0,0
10/1/2016,BIH,963,Bosnia and Herzegovina,2016,0,1,0,0,1,0,0,0,0,0,0,0,0,0,0,0
1/1/2017,BIH,963,Bosnia and Herzegovina,2017,0,1,0,0,1,0,0,0,0,0,0,0,0,0,0,0
4/1/2017,BIH,963,Bosnia and Herzegovina,2017,0,1,0,0,1,0,0,0,0,0,0,0,0,0,0,0
7/1/2017,BIH,963,Bosnia and Herzegovina,2017,0,1,0,0,1,0,0,0,0,0,0,0,0,0,0,0
10/1/2017,BIH,963,Bosnia and Herzegovina,2017,0,1,0,0,1,0,0,0,0,0,0,0,0,0,0,0
1/1/2018,BIH,963,Bosnia and Herzegovina,2018,0,1,0,0,1,0,0,0,0,0,0,0,0,0,0,0
4/1/2018,BIH,963,Bosnia and Herzegovina,2018,0,1,0,0,1,0,0,0,0,0,0,0,0,0,0,0
7/1/2018,BIH,963,Bosnia and Herzegovina,2018,0,1,0,0,1,0,0,0,0,0,0,0,0,0,0,0
10/1/2018,BIH,963,Bosnia and Herzegovina,2018,0,1,0,0,1,0,0,0,0,0,0,0,0,0,0,0
1/1/2019,BIH,963,Bosnia and Herzegovina,2019,0,1,0,0,1,0,0,0,0,0,0,0,0,0,0,0
4/1/2019,BIH,963,Bosnia and Herzegovina,2019,0,1,0,0,1,0,0,0,0,0,0,0,0,0,0,0
7/1/2019,BIH,963,Bosnia and Herzegovina,2019,0,1,0,0,1,0,0,0,0,0,0,0,0,0,0,0
10/1/2019,BIH,963,Bosnia and Herzegovina,2019,0,1,0,0,1,0,0,0,0,0,0,0,0,0,0,0
1/1/2020,BIH,963,Bosnia and Herzegovina,2020,0,1,0,0,1,0,0,0,0,0,0,0,0,0,0,0
4/1/2020,BIH,963,Bosnia and Herzegovina,2020,0,1,0,0,1,0,0,0,0,0,0,0,0,0,0,0
7/1/2020,BIH,963,Bosnia and Herzegovina,2020,0,1,0,0,1,0,0,0,0,0,0,0,0,0,0,0
10/1/2020,BIH,963,Bosnia and Herzegovina,2020,0,1,0,0,1,0,0,0,0,0,0,0,0,0,0,0
1/1/2021,BIH,963,Bosnia and Herzegovina,2021,0,1,0,0,1,0,0,0,0,0,0,0,0,0,0,0
4/1/2021,BIH,963,Bosnia and Herzegovina,2021,0,1,0,0,1,0,0,0,0,0,0,0,0,0,0,0
7/1/2021,BIH,963,Bosnia and Herzegovina,2021,0,1,0,0,1,0,0,0,0,0,0,0,0,0,0,0
10/1/2021,BIH,963,Bosnia and Herzegovina,2021,0,1,0,0,1,0,0,0,0,0,0,0,0,0,0,0
1/1/2022,BIH,963,Bosnia and Herzegovina,2022,0,1,0,0,1,0,0,0,0,0,0,0,0,0,0,0
4/1/2022,BIH,963,Bosnia and Herzegovina,2022,0,1,0,0,1,0,0,0,0,0,0,0,0,0,0,0
7/1/2022,BIH,963,Bosnia and Herzegovina,2022,0,1,0,0,1,0,0,0,0,0,0,0,0,0,0,0
10/1/2022,BIH,963,Bosnia and Herzegovina,2022,0,1,0,0,1,0,0,0,0,0,0,0,0,0,0,0
1/1/2023,BIH,963,Bosnia and Herzegovina,2023,0,1,0,0,1,0,0,0,0,0,0,0,0,0,0,0
4/1/2023,BIH,963,Bosnia and Herzegovina,2023,0,1,0,0,1,0,0,0,0,0,0,0,0,0,0,0
7/1/2023,BIH,963,Bosnia and Herzegovina,2023,0,1,0,0,1,0,0,0,0,0,0,0,0,0,0,0
10/1/2023,BIH,963,Bosnia and Herzegovina,2023,0,1,0,0,1,0,0,0,0,0,0,0,0,0,0,0
1/1/2024,BIH,963,Bosnia and Herzegovina,2024,0,1,0,0,1,0,0,0,0,0,0,0,0,0,0,0
4/1/2024,BIH,963,Bosnia and Herzegovina,2024,0,1,0,0,1,0,0,0,0,0,0,0,0,0,0,0
1/1/1985,POL,964,Poland,1985,0,1,1,0,1,0,0,0,0,0,0,0,1,0,0,0
4/1/1985,POL,964,Poland,1985,0,1,1,0,1,0,0,0,0,0,0,0,1,0,0,0
7/1/1985,POL,964,Poland,1985,0,1,1,0,1,0,0,0,0,0,0,0,1,0,0,0
10/1/1985,POL,964,Poland,1985,0,1,1,0,1,0,0,0,0,0,0,0,1,0,0,0
1/1/1986,POL,964,Poland,1986,0,1,1,0,1,0,0,0,0,0,0,0,1,0,0,0
4/1/1986,POL,964,Poland,1986,0,1,1,0,1,0,0,0,0,0,0,0,1,0,0,0
7/1/1986,POL,964,Poland,1986,0,1,1,0,1,0,0,0,0,0,0,0,1,0,0,0
10/1/1986,POL,964,Poland,1986,0,1,1,0,1,0,0,0,0,0,0,0,1,0,0,0
1/1/1987,POL,964,Poland,1987,0,1,1,0,1,0,0,0,0,0,0,0,1,0,0,0
4/1/1987,POL,964,Poland,1987,0,1,1,0,1,0,0,0,0,0,0,0,1,0,0,0
7/1/1987,POL,964,Poland,1987,0,1,1,0,1,0,0,0,0,0,0,0,1,0,0,0
10/1/1987,POL,964,Poland,1987,0,1,1,0,1,0,0,0,0,0,0,0,1,0,0,0
1/1/1988,POL,964,Poland,1988,0,1,1,0,1,0,0,0,0,0,0,0,1,0,0,0
4/1/1988,POL,964,Poland,1988,0,1,1,0,1,0,0,0,0,0,0,0,1,0,0,0
7/1/1988,POL,964,Poland,1988,0,1,1,0,1,0,0,0,0,0,0,0,1,0,0,0
10/1/1988,POL,964,Poland,1988,0,1,1,0,1,0,0,0,0,0,0,0,1,0,0,0
1/1/1989,POL,964,Poland,1989,0,1,1,0,1,0,0,0,0,0,0,0,1,0,0,0
4/1/1989,POL,964,Poland,1989,0,1,1,0,1,0,0,0,0,0,0,0,1,0,0,0
7/1/1989,POL,964,Poland,1989,0,1,1,0,1,0,0,0,0,0,0,0,1,0,0,0
10/1/1989,POL,964,Poland,1989,0,1,1,0,1,0,0,0,0,0,0,0,1,0,0,0
1/1/1990,POL,964,Poland,1990,0,1,1,0,1,0,0,0,0,0,0,0,1,0,0,0
4/1/1990,POL,964,Poland,1990,0,1,1,0,1,0,0,0,0,0,0,0,1,0,0,0
7/1/1990,POL,964,Poland,1990,0,1,1,0,1,0,0,0,0,0,0,0,1,0,0,0
10/1/1990,POL,964,Poland,1990,0,1,1,0,1,0,0,0,0,0,0,0,1,0,0,0
1/1/1991,POL,964,Poland,1991,0,1,1,0,1,0,0,0,0,0,0,0,1,0,0,0
4/1/1991,POL,964,Poland,1991,0,1,1,0,1,0,0,0,0,0,0,0,1,0,0,0
7/1/1991,POL,964,Poland,1991,0,1,1,0,1,0,0,0,0,0,0,0,1,0,0,0
10/1/1991,POL,964,Poland,1991,0,1,1,0,1,0,0,0,0,0,0,0,1,0,0,0
1/1/1992,POL,964,Poland,1992,0,1,1,0,1,0,0,0,0,0,0,0,1,0,0,0
4/1/1992,POL,964,Poland,1992,0,1,1,0,1,0,0,0,0,0,0,0,1,0,0,0
7/1/1992,POL,964,Poland,1992,0,1,1,0,1,0,0,0,0,0,0,0,1,0,0,0
10/1/1992,POL,964,Poland,1992,0,1,1,0,1,0,0,0,0,0,0,0,1,0,0,0
1/1/1993,POL,964,Poland,1993,0,1,1,0,1,0,0,0,0,0,0,0,1,0,0,0
4/1/1993,POL,964,Poland,1993,0,1,1,0,1,0,0,0,0,0,0,0,1,0,0,0
7/1/1993,POL,964,Poland,1993,0,1,1,0,1,0,0,0,0,0,0,0,1,0,0,0
10/1/1993,POL,964,Poland,1993,0,1,1,0,1,0,0,0,0,0,0,0,1,0,0,0
1/1/1994,POL,964,Poland,1994,0,1,1,0,1,0,0,0,0,0,0,0,1,0,0,0
4/1/1994,POL,964,Poland,1994,0,1,1,0,1,0,0,0,0,0,0,0,1,0,0,0
7/1/1994,POL,964,Poland,1994,0,1,1,0,1,0,0,0,0,0,0,0,1,0,0,0
10/1/1994,POL,964,Poland,1994,0,1,1,0,1,0,0,0,0,0,0,0,1,0,0,0
1/1/1995,POL,964,Poland,1995,0,1,1,0,1,0,0,0,0,0,0,0,1,0,0,0
4/1/1995,POL,964,Poland,1995,0,1,1,0,1,0,0,0,0,0,0,0,1,0,0,0
7/1/1995,POL,964,Poland,1995,0,1,1,0,1,0,0,0,0,0,0,0,1,0,0,0
10/1/1995,POL,964,Poland,1995,0,1,1,0,1,0,0,0,0,0,0,0,1,0,0,0
1/1/1996,POL,964,Poland,1996,0,1,1,0,1,0,0,0,0,0,0,0,1,0,0,0
4/1/1996,POL,964,Poland,1996,0,1,1,0,1,0,0,0,0,0,0,0,1,0,0,0
7/1/1996,POL,964,Poland,1996,0,1,1,0,1,0,0,0,0,0,0,0,1,0,0,0
10/1/1996,POL,964,Poland,1996,0,1,1,0,1,0,0,0,0,0,0,0,1,0,0,0
1/1/1997,POL,964,Poland,1997,0,1,1,0,1,0,0,0,0,0,0,0,1,0,0,0
4/1/1997,POL,964,Poland,1997,0,1,1,0,1,0,0,0,0,0,0,0,1,0,0,0
7/1/1997,POL,964,Poland,1997,0,1,1,0,1,0,0,0,0,0,0,0,1,0,0,0
10/1/1997,POL,964,Poland,1997,0,1,1,0,1,0,0,0,0,0,0,0,1,0,0,0
1/1/1998,POL,964,Poland,1998,0,1,1,0,1,0,0,0,0,0,0,0,1,0,0,0
4/1/1998,POL,964,Poland,1998,0,1,1,0,1,0,0,0,0,0,0,0,1,0,0,0
7/1/1998,POL,964,Poland,1998,0,1,1,0,1,0,0,0,0,0,0,0,1,0,0,0
10/1/1998,POL,964,Poland,1998,0,1,1,0,1,0,0,0,0,0,0,0,1,0,0,0
1/1/1999,POL,964,Poland,1999,0,1,1,0,1,0,0,0,0,0,0,0,1,0,0,0
4/1/1999,POL,964,Poland,1999,0,1,1,0,1,0,0,0,0,0,0,0,1,0,0,0
7/1/1999,POL,964,Poland,1999,0,1,1,0,1,0,0,0,0,0,0,0,1,0,0,0
10/1/1999,POL,964,Poland,1999,0,1,1,0,1,0,0,0,0,0,0,0,1,0,0,0
1/1/2000,POL,964,Poland,2000,0,1,1,0,1,0,0,0,0,0,0,0,1,0,0,0
4/1/2000,POL,964,Poland,2000,0,1,1,0,1,0,0,0,0,0,0,0,1,0,0,0
7/1/2000,POL,964,Poland,2000,0,1,1,0,1,0,0,0,0,0,0,0,1,0,0,0
10/1/2000,POL,964,Poland,2000,0,1,1,0,1,0,0,0,0,0,0,0,1,0,0,0
1/1/2001,POL,964,Poland,2001,0,1,1,0,1,0,0,0,0,0,0,0,1,0,0,0
4/1/2001,POL,964,Poland,2001,0,1,1,0,1,0,0,0,0,0,0,0,1,0,0,0
7/1/2001,POL,964,Poland,2001,0,1,1,0,1,0,0,0,0,0,0,0,1,0,0,0
10/1/2001,POL,964,Poland,2001,0,1,1,0,1,0,0,0,0,0,0,0,1,0,0,0
1/1/2002,POL,964,Poland,2002,0,1,1,0,1,0,0,0,0,0,0,0,1,0,0,0
4/1/2002,POL,964,Poland,2002,0,1,1,0,1,0,0,0,0,0,0,0,1,0,0,0
7/1/2002,POL,964,Poland,2002,0,1,1,0,1,0,0,0,0,0,0,0,1,0,0,0
10/1/2002,POL,964,Poland,2002,0,1,1,0,1,0,0,0,0,0,0,0,1,0,0,0
1/1/2003,POL,964,Poland,2003,0,1,1,0,1,0,0,0,0,0,0,0,1,0,0,0
4/1/2003,POL,964,Poland,2003,0,1,1,0,1,0,0,0,0,0,0,0,1,0,0,0
7/1/2003,POL,964,Poland,2003,0,1,1,0,1,0,0,0,0,0,0,0,1,0,0,0
10/1/2003,POL,964,Poland,2003,0,1,1,0,1,0,0,0,0,0,0,0,1,0,0,0
1/1/2004,POL,964,Poland,2004,0,1,1,0,1,0,0,0,0,0,0,0,1,0,0,0
4/1/2004,POL,964,Poland,2004,0,1,1,0,1,0,0,0,0,0,0,0,1,0,0,0
7/1/2004,POL,964,Poland,2004,0,1,1,0,1,0,0,0,0,0,0,0,1,0,0,0
10/1/2004,POL,964,Poland,2004,0,1,1,0,1,0,0,0,0,0,0,0,1,0,0,0
1/1/2005,POL,964,Poland,2005,0,1,1,0,1,0,0,0,0,0,0,0,1,0,0,0
4/1/2005,POL,964,Poland,2005,0,1,1,0,1,0,0,0,0,0,0,0,1,0,0,0
7/1/2005,POL,964,Poland,2005,0,1,1,0,1,0,0,0,0,0,0,0,1,0,0,0
10/1/2005,POL,964,Poland,2005,0,1,1,0,1,0,0,0,0,0,0,0,1,0,0,0
1/1/2006,POL,964,Poland,2006,0,1,1,0,1,0,0,0,0,0,0,0,1,0,0,0
4/1/2006,POL,964,Poland,2006,0,1,1,0,1,0,0,0,0,0,0,0,1,0,0,0
7/1/2006,POL,964,Poland,2006,0,1,1,0,1,0,0,0,0,0,0,0,1,0,0,0
10/1/2006,POL,964,Poland,2006,0,1,1,0,1,0,0,0,0,0,0,0,1,0,0,0
1/1/2007,POL,964,Poland,2007,0,1,1,0,1,0,0,0,0,0,0,0,1,0,0,0
4/1/2007,POL,964,Poland,2007,0,1,1,0,1,0,0,0,0,0,0,0,1,0,0,0
7/1/2007,POL,964,Poland,2007,0,1,1,0,1,0,0,0,0,0,0,0,1,0,0,0
10/1/2007,POL,964,Poland,2007,0,1,1,0,1,0,0,0,0,0,0,0,1,0,0,0
1/1/2008,POL,964,Poland,2008,0,1,1,0,1,0,0,0,0,0,0,0,1,0,0,0
4/1/2008,POL,964,Poland,2008,0,1,1,0,1,0,0,0,0,0,0,0,1,0,0,0
7/1/2008,POL,964,Poland,2008,0,1,1,0,1,0,0,0,0,0,0,0,1,0,0,0
10/1/2008,POL,964,Poland,2008,0,1,1,0,1,0,0,0,0,0,0,0,1,0,0,0
1/1/2009,POL,964,Poland,2009,0,1,1,0,1,0,0,0,0,0,0,0,1,0,0,0
4/1/2009,POL,964,Poland,2009,0,1,1,0,1,0,0,0,0,0,0,0,1,0,0,0
7/1/2009,POL,964,Poland,2009,0,1,1,0,1,0,0,0,0,0,0,0,1,0,0,0
10/1/2009,POL,964,Poland,2009,0,1,1,0,1,0,0,0,0,0,0,0,1,0,0,0
1/1/2010,POL,964,Poland,2010,0,1,1,0,1,0,0,0,0,0,0,0,1,0,0,0
4/1/2010,POL,964,Poland,2010,0,1,1,0,1,0,0,0,0,0,0,0,1,0,0,0
7/1/2010,POL,964,Poland,2010,0,1,1,0,1,0,0,0,0,0,0,0,1,0,0,0
10/1/2010,POL,964,Poland,2010,0,1,1,0,1,0,0,0,0,0,0,0,1,0,0,0
1/1/2011,POL,964,Poland,2011,0,1,1,0,1,0,0,0,0,0,0,0,1,0,0,0
4/1/2011,POL,964,Poland,2011,0,1,1,0,1,0,0,0,0,0,0,0,1,0,0,0
7/1/2011,POL,964,Poland,2011,0,1,1,0,1,0,0,0,0,0,0,0,1,0,0,0
10/1/2011,POL,964,Poland,2011,0,1,1,0,1,0,0,0,0,0,0,0,1,0,0,0
1/1/2012,POL,964,Poland,2012,0,1,1,0,1,0,0,0,0,0,0,0,1,0,0,0
4/1/2012,POL,964,Poland,2012,0,1,1,0,1,0,0,0,0,0,0,0,1,0,0,0
7/1/2012,POL,964,Poland,2012,0,1,1,0,1,0,0,0,0,0,0,0,1,0,0,0
10/1/2012,POL,964,Poland,2012,0,1,1,0,1,0,0,0,0,0,0,0,1,0,0,0
1/1/2013,POL,964,Poland,2013,0,1,1,0,1,0,0,0,0,0,0,0,1,0,0,0
4/1/2013,POL,964,Poland,2013,0,1,1,0,1,0,0,0,0,0,0,0,1,0,0,0
7/1/2013,POL,964,Poland,2013,0,1,1,0,1,0,0,0,0,0,0,0,1,0,0,0
10/1/2013,POL,964,Poland,2013,0,1,1,0,1,0,0,0,0,0,0,0,1,0,0,0
1/1/2014,POL,964,Poland,2014,0,1,1,0,1,0,0,0,0,0,0,0,1,0,0,0
4/1/2014,POL,964,Poland,2014,0,1,1,0,1,0,0,0,0,0,0,0,1,0,0,0
7/1/2014,POL,964,Poland,2014,0,1,1,0,1,0,0,0,0,0,0,0,1,0,0,0
10/1/2014,POL,964,Poland,2014,0,1,1,0,1,0,0,0,0,0,0,0,1,0,0,0
1/1/2015,POL,964,Poland,2015,0,1,1,0,1,0,0,0,0,0,0,0,1,0,0,0
4/1/2015,POL,964,Poland,2015,0,1,1,0,1,0,0,0,0,0,0,0,1,0,0,0
7/1/2015,POL,964,Poland,2015,0,1,1,0,1,0,0,0,0,0,0,0,1,0,0,0
10/1/2015,POL,964,Poland,2015,0,1,1,0,1,0,0,0,0,0,0,0,1,0,0,0
1/1/2016,POL,964,Poland,2016,0,1,1,0,1,0,0,0,0,0,0,0,1,0,0,0
4/1/2016,POL,964,Poland,2016,0,1,1,0,1,0,0,0,0,0,0,0,1,0,0,0
7/1/2016,POL,964,Poland,2016,0,1,1,0,1,0,0,0,0,0,0,0,1,0,0,0
10/1/2016,POL,964,Poland,2016,0,1,1,0,1,0,0,0,0,0,0,0,1,0,0,0
1/1/2017,POL,964,Poland,2017,0,1,1,0,1,0,0,0,0,0,0,0,1,0,0,0
4/1/2017,POL,964,Poland,2017,0,1,1,0,1,0,0,0,0,0,0,0,1,0,0,0
7/1/2017,POL,964,Poland,2017,0,1,1,0,1,0,0,0,0,0,0,0,1,0,0,0
10/1/2017,POL,964,Poland,2017,0,1,1,0,1,0,0,0,0,0,0,0,1,0,0,0
1/1/2018,POL,964,Poland,2018,0,1,1,0,1,0,0,0,0,0,0,0,1,0,0,0
4/1/2018,POL,964,Poland,2018,0,1,1,0,1,0,0,0,0,0,0,0,1,0,0,0
7/1/2018,POL,964,Poland,2018,0,1,1,0,1,0,0,0,0,0,0,0,1,0,0,0
10/1/2018,POL,964,Poland,2018,0,1,1,0,1,0,0,0,0,0,0,0,1,0,0,0
1/1/2019,POL,964,Poland,2019,0,1,1,0,1,0,0,0,0,0,0,0,1,0,0,0
4/1/2019,POL,964,Poland,2019,0,1,1,0,1,0,0,0,0,0,0,0,1,0,0,0
7/1/2019,POL,964,Poland,2019,0,1,1,0,1,0,0,0,0,0,0,0,1,0,0,0
10/1/2019,POL,964,Poland,2019,0,1,1,0,1,0,0,0,0,0,0,0,1,0,0,0
1/1/2020,POL,964,Poland,2020,0,1,1,0,1,0,0,0,0,0,0,0,1,0,0,0
4/1/2020,POL,964,Poland,2020,0,1,1,0,1,0,0,0,0,0,0,0,1,0,0,0
7/1/2020,POL,964,Poland,2020,0,1,1,0,1,0,0,0,0,0,0,0,1,0,0,0
10/1/2020,POL,964,Poland,2020,0,1,1,0,1,0,0,0,0,0,0,0,1,0,0,0
1/1/2021,POL,964,Poland,2021,0,1,1,0,1,0,0,0,0,0,0,0,1,0,0,0
4/1/2021,POL,964,Poland,2021,0,1,1,0,1,0,0,0,0,0,0,0,1,0,0,0
7/1/2021,POL,964,Poland,2021,0,1,1,0,1,0,0,0,0,0,0,0,1,0,0,0
10/1/2021,POL,964,Poland,2021,0,1,1,0,1,0,0,0,0,0,0,0,1,0,0,0
1/1/2022,POL,964,Poland,2022,0,1,1,0,1,0,0,0,0,0,0,0,1,0,0,0
4/1/2022,POL,964,Poland,2022,0,1,1,0,1,0,0,0,0,0,0,0,1,0,0,0
7/1/2022,POL,964,Poland,2022,0,1,1,0,1,0,0,0,0,0,0,0,1,0,0,0
10/1/2022,POL,964,Poland,2022,0,1,1,0,1,0,0,0,0,0,0,0,1,0,0,0
1/1/2023,POL,964,Poland,2023,0,1,1,0,1,0,0,0,0,0,0,0,1,0,0,0
4/1/2023,POL,964,Poland,2023,0,1,1,0,1,0,0,0,0,0,0,0,1,0,0,0
7/1/2023,POL,964,Poland,2023,0,1,1,0,1,0,0,0,0,0,0,0,1,0,0,0
10/1/2023,POL,964,Poland,2023,0,1,1,0,1,0,0,0,0,0,0,0,1,0,0,0
1/1/2024,POL,964,Poland,2024,0,1,1,0,1,0,0,0,0,0,0,0,1,0,0,0
4/1/2024,POL,964,Poland,2024,0,1,1,0,1,0,0,0,0,0,0,0,1,0,0,0
7/1/2024,POL,964,Poland,2024,0,1,1,0,1,0,0,0,0,0,0,0,1,0,0,0
10/1/2024,POL,964,Poland,2024,0,1,1,0,1,0,0,0,0,0,0,0,1,0,0,0
1/1/1991,ROM,968,Romania,1991,0,1,0,0,1,0,0,0,0,0,0,0,0,0,0,0
4/1/1991,ROM,968,Romania,1991,0,1,0,0,1,0,0,0,0,0,0,0,0,0,0,0
7/1/1991,ROM,968,Romania,1991,0,1,0,0,1,0,0,0,0,0,0,0,0,0,0,0
10/1/1991,ROM,968,Romania,1991,0,1,0,0,1,0,0,0,0,0,0,0,0,0,0,0
1/1/1992,ROM,968,Romania,1992,0,1,0,0,1,0,0,0,0,0,0,0,0,0,0,0
4/1/1992,ROM,968,Romania,1992,0,1,0,0,1,0,0,0,0,0,0,0,0,0,0,0
7/1/1992,ROM,968,Romania,1992,0,1,0,0,1,0,0,0,0,0,0,0,0,0,0,0
10/1/1992,ROM,968,Romania,1992,0,1,0,0,1,0,0,0,0,0,0,0,0,0,0,0
1/1/1993,ROM,968,Romania,1993,0,1,0,0,1,0,0,0,0,0,0,0,0,0,0,0
4/1/1993,ROM,968,Romania,1993,0,1,0,0,1,0,0,0,0,0,0,0,0,0,0,0
7/1/1993,ROM,968,Romania,1993,0,1,0,0,1,0,0,0,0,0,0,0,0,0,0,0
10/1/1993,ROM,968,Romania,1993,0,1,0,0,1,0,0,0,0,0,0,0,0,0,0,0
1/1/1994,ROM,968,Romania,1994,0,1,0,0,1,0,0,0,0,0,0,0,0,0,0,0
4/1/1994,ROM,968,Romania,1994,0,1,0,0,1,0,0,0,0,0,0,0,0,0,0,0
7/1/1994,ROM,968,Romania,1994,0,1,0,0,1,0,0,0,0,0,0,0,0,0,0,0
10/1/1994,ROM,968,Romania,1994,0,1,0,0,1,0,0,0,0,0,0,0,0,0,0,0
1/1/1995,ROM,968,Romania,1995,0,1,0,0,1,0,0,0,0,0,0,0,0,0,0,0
4/1/1995,ROM,968,Romania,1995,0,1,0,0,1,0,0,0,0,0,0,0,0,0,0,0
7/1/1995,ROM,968,Romania,1995,0,1,0,0,1,0,0,0,0,0,0,0,0,0,0,0
10/1/1995,ROM,968,Romania,1995,0,1,0,0,1,0,0,0,0,0,0,0,0,0,0,0
1/1/1996,ROM,968,Romania,1996,0,1,0,0,1,0,0,0,0,0,0,0,0,0,0,0
4/1/1996,ROM,968,Romania,1996,0,1,0,0,1,0,0,0,0,0,0,0,0,0,0,0
7/1/1996,ROM,968,Romania,1996,0,1,0,0,1,0,0,0,0,0,0,0,0,0,0,0
10/1/1996,ROM,968,Romania,1996,0,1,0,0,1,0,0,0,0,0,0,0,0,0,0,0
1/1/1997,ROM,968,Romania,1997,0,1,0,0,1,0,0,0,0,0,0,0,0,0,0,0
4/1/1997,ROM,968,Romania,1997,0,1,0,0,1,0,0,0,0,0,0,0,0,0,0,0
7/1/1997,ROM,968,Romania,1997,0,1,0,0,1,0,0,0,0,0,0,0,0,0,0,0
10/1/1997,ROM,968,Romania,1997,0,1,0,0,1,0,0,0,0,0,0,0,0,0,0,0
1/1/1998,ROM,968,Romania,1998,0,1,0,0,1,0,0,0,0,0,0,0,0,0,0,0
4/1/1998,ROM,968,Romania,1998,0,1,0,0,1,0,0,0,0,0,0,0,0,0,0,0
7/1/1998,ROM,968,Romania,1998,0,1,0,0,1,0,0,0,0,0,0,0,0,0,0,0
10/1/1998,ROM,968,Romania,1998,0,1,0,0,1,0,0,0,0,0,0,0,0,0,0,0
1/1/1999,ROM,968,Romania,1999,0,1,0,0,1,0,0,0,0,0,0,0,0,0,0,0
4/1/1999,ROM,968,Romania,1999,0,1,0,0,1,0,0,0,0,0,0,0,0,0,0,0
7/1/1999,ROM,968,Romania,1999,0,1,0,0,1,0,0,0,0,0,0,0,0,0,0,0
10/1/1999,ROM,968,Romania,1999,0,1,0,0,1,0,0,0,0,0,0,0,0,0,0,0
1/1/2000,ROM,968,Romania,2000,0,1,0,0,1,0,0,0,0,0,0,0,0,0,0,0
4/1/2000,ROM,968,Romania,2000,0,1,0,0,1,0,0,0,0,0,0,0,0,0,0,0
7/1/2000,ROM,968,Romania,2000,0,1,0,0,1,0,0,0,0,0,0,0,0,0,0,0
10/1/2000,ROM,968,Romania,2000,0,1,0,0,1,0,0,0,0,0,0,0,0,0,0,0
1/1/2001,ROM,968,Romania,2001,0,1,0,0,1,0,0,0,0,0,0,0,0,0,0,0
4/1/2001,ROM,968,Romania,2001,0,1,0,0,1,0,0,0,0,0,0,0,0,0,0,0
7/1/2001,ROM,968,Romania,2001,0,1,0,0,1,0,0,0,0,0,0,0,0,0,0,0
10/1/2001,ROM,968,Romania,2001,0,1,0,0,1,0,0,0,0,0,0,0,0,0,0,0
1/1/2002,ROM,968,Romania,2002,0,1,0,0,1,0,0,0,0,0,0,0,0,0,0,0
4/1/2002,ROM,968,Romania,2002,0,1,0,0,1,0,0,0,0,0,0,0,0,0,0,0
7/1/2002,ROM,968,Romania,2002,0,1,0,0,1,0,0,0,0,0,0,0,0,0,0,0
10/1/2002,ROM,968,Romania,2002,0,1,0,0,1,0,0,0,0,0,0,0,0,0,0,0
1/1/2003,ROM,968,Romania,2003,0,1,0,0,1,0,0,0,0,0,0,0,0,0,0,0
4/1/2003,ROM,968,Romania,2003,0,1,0,0,1,0,0,0,0,0,0,0,0,0,0,0
7/1/2003,ROM,968,Romania,2003,0,1,0,0,1,0,0,0,0,0,0,0,0,0,0,0
10/1/2003,ROM,968,Romania,2003,0,1,0,0,1,0,0,0,0,0,0,0,0,0,0,0
1/1/2004,ROM,968,Romania,2004,0,1,0,0,1,0,0,0,0,0,0,0,0,0,0,0
4/1/2004,ROM,968,Romania,2004,0,1,0,0,1,0,0,0,0,0,0,0,0,0,0,0
7/1/2004,ROM,968,Romania,2004,0,1,0,0,1,0,0,0,0,0,0,0,0,0,0,0
10/1/2004,ROM,968,Romania,2004,0,1,0,0,1,0,0,0,0,0,0,0,0,0,0,0
1/1/2005,ROM,968,Romania,2005,0,1,0,0,1,0,0,0,0,0,0,0,0,0,0,0
4/1/2005,ROM,968,Romania,2005,0,1,0,0,1,0,0,0,0,0,0,0,0,0,0,0
7/1/2005,ROM,968,Romania,2005,0,1,0,0,1,0,0,0,0,0,0,0,0,0,0,0
10/1/2005,ROM,968,Romania,2005,0,1,0,0,1,0,0,0,0,0,0,0,0,0,0,0
1/1/2006,ROM,968,Romania,2006,0,1,0,0,1,0,0,0,0,0,0,0,0,0,0,0
4/1/2006,ROM,968,Romania,2006,0,1,0,0,1,0,0,0,0,0,0,0,0,0,0,0
7/1/2006,ROM,968,Romania,2006,0,1,0,0,1,0,0,0,0,0,0,0,0,0,0,0
10/1/2006,ROM,968,Romania,2006,0,1,0,0,1,0,0,0,0,0,0,0,0,0,0,0
1/1/2007,ROM,968,Romania,2007,0,1,0,0,1,0,0,0,0,0,0,0,0,0,0,0
4/1/2007,ROM,968,Romania,2007,0,1,0,0,1,0,0,0,0,0,0,0,0,0,0,0
7/1/2007,ROM,968,Romania,2007,0,1,0,0,1,0,0,0,0,0,0,0,0,0,0,0
10/1/2007,ROM,968,Romania,2007,0,1,0,0,1,0,0,0,0,0,0,0,0,0,0,0
1/1/2008,ROM,968,Romania,2008,0,1,0,0,1,0,0,0,0,0,0,0,0,0,0,0
4/1/2008,ROM,968,Romania,2008,0,1,0,0,1,0,0,0,0,0,0,0,0,0,0,0
7/1/2008,ROM,968,Romania,2008,0,1,0,0,1,0,0,0,0,0,0,0,0,0,0,0
10/1/2008,ROM,968,Romania,2008,0,1,0,0,1,0,0,0,0,0,0,0,0,0,0,0
1/1/2009,ROM,968,Romania,2009,0,1,0,0,1,0,0,0,0,0,0,0,0,0,0,0
4/1/2009,ROM,968,Romania,2009,0,1,0,0,1,0,0,0,0,0,0,0,0,0,0,0
7/1/2009,ROM,968,Romania,2009,0,1,0,0,1,0,0,0,0,0,0,0,0,0,0,0
10/1/2009,ROM,968,Romania,2009,0,1,0,0,1,0,0,0,0,0,0,0,0,0,0,0
1/1/2010,ROM,968,Romania,2010,0,1,0,0,1,0,0,0,0,0,0,0,0,0,0,0
4/1/2010,ROM,968,Romania,2010,0,1,0,0,1,0,0,0,0,0,0,0,0,0,0,0
7/1/2010,ROM,968,Romania,2010,0,1,0,0,1,0,0,0,0,0,0,0,0,0,0,0
10/1/2010,ROM,968,Romania,2010,0,1,0,0,1,0,0,0,0,0,0,0,0,0,0,0
1/1/2011,ROM,968,Romania,2011,0,1,0,0,1,0,0,0,0,0,0,0,0,0,0,0
4/1/2011,ROM,968,Romania,2011,0,1,0,0,1,0,0,0,0,0,0,0,0,0,0,0
7/1/2011,ROM,968,Romania,2011,0,1,0,0,1,0,0,0,0,0,0,0,0,0,0,0
10/1/2011,ROM,968,Romania,2011,0,1,0,0,1,0,0,0,0,0,0,0,0,0,0,0
1/1/2012,ROM,968,Romania,2012,0,1,0,0,1,0,0,0,0,0,0,0,0,0,0,0
4/1/2012,ROM,968,Romania,2012,0,1,0,0,1,0,0,0,0,0,0,0,0,0,0,0
7/1/2012,ROM,968,Romania,2012,0,1,0,0,1,0,0,0,0,0,0,0,0,0,0,0
10/1/2012,ROM,968,Romania,2012,0,1,0,0,1,0,0,0,0,0,0,0,0,0,0,0
1/1/2013,ROM,968,Romania,2013,0,1,0,0,1,0,0,0,0,0,0,0,0,0,0,0
4/1/2013,ROM,968,Romania,2013,0,1,0,0,1,0,0,0,0,0,0,0,0,0,0,0
7/1/2013,ROM,968,Romania,2013,0,1,0,0,1,0,0,0,0,0,0,0,0,0,0,0
10/1/2013,ROM,968,Romania,2013,0,1,0,0,1,0,0,0,0,0,0,0,0,0,0,0
1/1/2014,ROM,968,Romania,2014,0,1,0,0,1,0,0,0,0,0,0,0,0,0,0,0
4/1/2014,ROM,968,Romania,2014,0,1,0,0,1,0,0,0,0,0,0,0,0,0,0,0
7/1/2014,ROM,968,Romania,2014,0,1,0,0,1,0,0,0,0,0,0,0,0,0,0,0
10/1/2014,ROM,968,Romania,2014,0,1,0,0,1,0,0,0,0,0,0,0,0,0,0,0
1/1/2015,ROM,968,Romania,2015,0,1,0,0,1,0,0,0,0,0,0,0,0,0,0,0
4/1/2015,ROM,968,Romania,2015,0,1,0,0,1,0,0,0,0,0,0,0,0,0,0,0
7/1/2015,ROM,968,Romania,2015,0,1,0,0,1,0,0,0,0,0,0,0,0,0,0,0
10/1/2015,ROM,968,Romania,2015,0,1,0,0,1,0,0,0,0,0,0,0,0,0,0,0
1/1/2016,ROM,968,Romania,2016,0,1,0,0,1,0,0,0,0,0,0,0,0,0,0,0
4/1/2016,ROM,968,Romania,2016,0,1,0,0,1,0,0,0,0,0,0,0,0,0,0,0
7/1/2016,ROM,968,Romania,2016,0,1,0,0,1,0,0,0,0,0,0,0,0,0,0,0
10/1/2016,ROM,968,Romania,2016,0,1,0,0,1,0,0,0,0,0,0,0,0,0,0,0
1/1/2017,ROM,968,Romania,2017,0,1,0,0,1,0,0,0,0,0,0,0,0,0,0,0
4/1/2017,ROM,968,Romania,2017,0,1,0,0,1,0,0,0,0,0,0,0,0,0,0,0
7/1/2017,ROM,968,Romania,2017,0,1,0,0,1,0,0,0,0,0,0,0,0,0,0,0
10/1/2017,ROM,968,Romania,2017,0,1,0,0,1,0,0,0,0,0,0,0,0,0,0,0
1/1/2018,ROM,968,Romania,2018,0,1,0,0,1,0,0,0,0,0,0,0,0,0,0,0
4/1/2018,ROM,968,Romania,2018,0,1,0,0,1,0,0,0,0,0,0,0,0,0,0,0
7/1/2018,ROM,968,Romania,2018,0,1,0,0,1,0,0,0,0,0,0,0,0,0,0,0
10/1/2018,ROM,968,Romania,2018,0,1,0,0,1,0,0,0,0,0,0,0,0,0,0,0
1/1/2019,ROM,968,Romania,2019,0,1,0,0,1,0,0,0,0,0,0,0,0,0,0,0
4/1/2019,ROM,968,Romania,2019,0,1,0,0,1,0,0,0,0,0,0,0,0,0,0,0
7/1/2019,ROM,968,Romania,2019,0,1,0,0,1,0,0,0,0,0,0,0,0,0,0,0
10/1/2019,ROM,968,Romania,2019,0,1,0,0,1,0,0,0,0,0,0,0,0,0,0,0
1/1/2020,ROM,968,Romania,2020,0,1,0,0,1,0,0,0,0,0,0,0,0,0,0,0
4/1/2020,ROM,968,Romania,2020,0,1,0,0,1,0,0,0,0,0,0,0,0,0,0,0
7/1/2020,ROM,968,Romania,2020,0,1,0,0,1,0,0,0,0,0,0,0,0,0,0,0
10/1/2020,ROM,968,Romania,2020,0,1,0,0,1,0,0,0,0,0,0,0,0,0,0,0
1/1/2021,ROM,968,Romania,2021,0,1,0,0,1,0,0,0,0,0,0,0,0,0,0,0
4/1/2021,ROM,968,Romania,2021,0,1,0,0,1,0,0,0,0,0,0,0,0,0,0,0
7/1/2021,ROM,968,Romania,2021,0,1,0,0,1,0,0,0,0,0,0,0,0,0,0,0
10/1/2021,ROM,968,Romania,2021,0,1,0,0,1,0,0,0,0,0,0,0,0,0,0,0
1/1/2022,ROM,968,Romania,2022,0,1,0,0,1,0,0,0,0,0,0,0,0,0,0,0
4/1/2022,ROM,968,Romania,2022,0,1,0,0,1,0,0,0,0,0,0,0,0,0,0,0
7/1/2022,ROM,968,Romania,2022,0,1,0,0,1,0,0,0,0,0,0,0,0,0,0,0
10/1/2022,ROM,968,Romania,2022,0,1,0,0,1,0,0,0,0,0,0,0,0,0,0,0
1/1/2023,ROM,968,Romania,2023,0,1,0,0,1,0,0,0,0,0,0,0,0,0,0,0
4/1/2023,ROM,968,Romania,2023,0,1,0,0,1,0,0,0,0,0,0,0,0,0,0,0
7/1/2023,ROM,968,Romania,2023,0,1,0,0,1,0,0,0,0,0,0,0,0,0,0,0
10/1/2023,ROM,968,Romania,2023,0,1,0,0,1,0,0,0,0,0,0,0,0,0,0,0
1/1/2024,ROM,968,Romania,2024,0,1,0,0,1,0,0,0,0,0,0,0,0,0,0,0
4/1/2024,ROM,968,Romania,2024,0,1,0,0,1,0,0,0,0,0,0,0,0,0,0,0
7/1/2024,ROM,968,Romania,2024,0,1,0,0,1,0,0,0,0,0,0,0,0,0,0,0
10/1/2024,ROM,968,Romania,2024,0,1,0,0,1,0,0,0,0,0,0,0,0,0,0,0
